pH,TN,TOC,Temp,Rain,EVI,FCOVER,LAI,LST,NDVI,CC,BD,GPAM,WS,FER,PES,MO,CO,VE,FR,FERA,PESA,TSA,WA,CA,VEGA,IRR_W,AGR_W,UR,GAO,PR,SR,TR,GDP,UI,RI,UR_W,RU_W,IND_W,LIF_W,POP_TOT,pH_shap,TN_shap,TOC_shap,Temp_shap,Rain_shap,EVI_shap,FCOVER_shap,LAI_shap,LST_shap,NDVI_shap,CC_shap,BD_shap,GPAM_shap,WS_shap,FER_shap,PES_shap,MO_shap,CO_shap,VE_shap,FR_shap,FERA_shap,PESA_shap,TSA_shap,WA_shap,CA_shap,VEGA_shap,IRR_W_shap,AGR_W_shap,UR_shap,GAO_shap,PR_shap,SR_shap,TR_shap,GDP_shap,UI_shap,RI_shap,UR_W_shap,RU_W_shap,IND_W_shap,LIF_W_shap,POP_TOT_shap,base_value
6.15,0.2126568435834,2.075193026483,28.6,69.7,0.5422480702400208,0.0557925328612327,1.799999952316284,34.95000076293945,0.092973805963993,287.2151489257813,132.8357696533203,126.195,0.9478,45899.0,1702.0,58.722,16.8508,16.87,882.0,223.4017181377917,8.284052468910467,205.455,93.926,30.942,16.87,33.16205965449566,1.7174502122943875,39.64,605389.0,14.2,42.9,42.8,42227.0,38884.0,17032.0,18.34775726355647,14.769191834162667,14.769191834162667,0.4028414498141264,119.4,0.23753220962706623,0.44408666036941513,0.19901222162124835,-0.895557766194659,-0.33918787836959424,0.10411293756963784,-1.1995759804126491,-0.002601766096319199,-1.1019675528061537,-1.3238861492842455,0.06525829068647789,-0.07138510936732086,0.05328866827697095,-0.3925512508270512,-0.061043252807681046,-0.3047740778894583,-0.013182688806314236,-0.23235477867529508,0.1760874664407118,0.09601799202006989,-0.38375258755943337,-0.487463200268128,0.09271649318704567,-0.00804642240274315,-0.2093451172033618,0.05101937132820981,-0.008558697220959107,-0.3361433696145785,-0.11984521733144371,0.051206592706737775,0.02448086050556671,-0.057021919113765605,-0.0005875975157877041,-0.2365567189374469,-0.7135755453836152,-0.021299257239027296,0.23474650083488183,-0.23196976574560071,-0.226157279409008,1.0444369777452691,-0.9522488568501427,12.358301271633763
6.13,0.1132376351737,1.085110961347,28.8,116.8,0.6129671335220337,0.1863466501235962,1.799999952316284,32.68000030517578,0.1990773230791092,329.3404541015625,131.0,49.512,0.336,36853.0,138.0,15.7684,11.0015,13.688,535.0,582.73904587214,2.1821286823421517,63.241,25.634,18.924,13.688,10.207596868462485,1.431208510245323,64.28,314899.0,7.9,22.3,69.8,42653.0,44208.0,19416.0,15.289797719630393,12.30765986180222,12.30765986180222,0.1473591078066914,99.5,0.14171782161686622,-0.2289926624680658,-0.36814513341268285,-0.721705044548247,-0.1931964874403992,0.08953465046794633,-0.5484175250881758,0.023719813127395573,-0.7764082775084199,-0.7201859154102337,-0.2843731825655246,-0.057023104716912666,-0.10256857050101446,-0.06527745802703115,0.013337539176926741,-0.041003648128820326,-0.1819130780695999,-0.17795079504271896,0.18908636872277693,0.14050749292686618,-0.14227809937472824,-0.047967899223371635,-0.1122282086597683,-0.1371378933213909,-0.1779445550804427,0.24322982832492732,-0.17204419373536825,0.32199539769669094,0.03202420686645968,-0.7316323764525152,-0.23533523040901314,-1.454797618629583,-1.5051156818433375,-0.1668673043182239,-0.9224759103462636,-0.12145546764230968,0.1304720637165545,-0.07242870260774892,0.11552127475767053,0.5895034075416743,-0.29402102282536063,12.358301271633765
6.3,0.06546488257556,0.5245143915534,28.8,115.2,0.4257345795631409,0.0,2.0,33.77999877929688,0.0467522889375686,270.0374450683594,130.0,60.6455,0.7705,18738.0,201.0,20.6519,13.225,6.148,775.0,236.6058463286824,2.5380390176147487,79.195,32.652,23.515,6.148,12.782698470895246,0.7724210753786316,47.21,209885.0,11.2,48.7,31.3,49780.0,37342.0,15884.0,8.251880779338212,6.642425473153561,6.642425473153561,0.2421040892193308,53.7,0.5383063098264742,-2.4097897713366474,-1.5629505521515075,-0.418176403079624,-0.14275719028555614,0.04915056818740952,-1.113432696196378,0.033729020695910585,-0.6539421574758268,-0.7096864711682747,0.33585276173467465,0.06027700793428085,-0.17714184114485435,-0.23598682055128337,-0.3126856366388523,0.008223978971145832,-0.06218053027393474,-0.2604099591973031,-0.10136408366289647,0.10793485281477211,-0.045837612899921866,0.19262224907801542,-0.12127930032114491,-0.02922625789661863,-0.2932157649590678,-0.09116398972690054,-0.11620550273681847,0.0259647133249223,0.016623754126162682,-0.6129339938919758,-0.02014761997491384,0.24619039503145043,-0.17394147974258053,0.030762646030082608,-0.3913951622658769,-0.17360005841251355,-0.4659738285452446,0.31903245561085364,0.3517996970173866,0.6998395494305174,-0.03297880927028648,12.358301271633763
6.525,0.1198617483758,1.10340131925,28.6,210.4,0.4101231396198273,0.0063340114429593,1.5,32.63999938964844,0.0291978325694799,255.9736328125,128.0220336914063,142.4267,0.98,46210.0,1116.0,70.9324,18.6665,13.388,492.0,207.0155004031897,4.999552011468507,223.22,96.741,33.206,13.388,36.02947095994996,1.9691703020360272,44.56,503654.0,12.3,40.9,46.8,38937.0,39286.0,17168.0,21.03691766650654,16.933855628952,16.933855628952,0.4061223048327138,136.9,0.8084560028126426,0.03188781145292811,-0.27618500763216897,-0.7105984131821933,-0.17565866331080424,0.2769626906375608,-1.357116190195544,0.13890604272342885,-0.9029125483856721,-1.142878406060039,1.1155675617832852,0.17323232237866196,0.12461531212402595,-0.12151347681311919,0.05469525056050658,0.03343914150547748,0.10050943572695152,-0.09718921933873965,0.21736103989549482,0.23198214491875002,-0.052417401157693076,0.3097730489634006,0.11329337438604122,0.008209496176168804,-0.061654157826513956,0.1648534364274612,0.2700591921683991,-0.25669981962432337,-0.023301033375663877,0.1279562022047215,0.23554870011159923,0.06053391624178824,-0.025714631477425327,-0.07978331169536375,-0.2564414285408793,0.028828046449424456,0.5525333869954456,-0.39586248166922694,-0.48275736175630285,1.1447426186149505,-0.8845482176354095,12.358301271633763
5.76,0.2009681707521,2.305766517037,27.6,218.7,0.4322603642940521,0.3183337450027466,1.899999976158142,32.65000152587891,0.3046669960021973,264.5146484375,130.0,94.75,0.975,80886.0,573.0,36.035,30.6179,13.697,2339.8,503.33227546810537,3.5656280919222656,160.701,59.489,57.403,13.697,44.04493523854282,0.7705005543685988,37.51,683165.0,24.81513784080998,29.71825110917296,45.46661105001707,37563.0,37438.88,16936.21,15.717915646179634,15.449625511761106,15.449625511761106,1.4422353381379165,70.17,-0.012218902692866221,0.3773641200899827,0.18299334981288098,-0.5212560971695354,-0.05546006038292658,0.15895385489481692,-0.5092279325330757,-0.14171536311390046,-1.7433534982533934,-0.37090454316192994,0.5442004108166155,-0.2505958129517563,0.018038844142342247,-0.03883093882516375,0.2811347347122081,0.10912773107726854,0.037914794479160165,-0.027565528828791337,0.14032904695452494,0.013780445819746431,0.0207179889927606,0.3280194000865728,0.13898757820967544,0.09814385776960277,0.17044381623008195,0.11301534411463703,0.20926093419918512,0.06678974619280582,-0.03450284343183041,0.45842124662816247,-0.10745359488248878,-0.6190921031408559,0.26410829645812717,-0.22433588828401727,0.3405127836784325,-0.05343101464124844,0.11509732122772338,-0.16085910879985713,-0.4322955201382575,0.5251934430878041,0.16998722962895205,12.358301271633763
6.78,0.2519742817932,2.374731592573,28.6,210.4,0.351541668176651,0.1127407252788544,0.699999988079071,34.59999847412109,0.1397272646427155,366.6012268066406,129.0,142.4267,0.98,46210.0,1116.0,70.9324,18.6665,13.388,492.0,207.0155004031897,4.999552011468507,223.22,96.741,33.206,13.388,36.02947095994996,1.9691703020360272,44.56,503654.0,12.3,40.9,46.8,38937.0,39286.0,17168.0,21.03691766650654,16.933855628952,16.933855628952,0.4061223048327138,136.9,0.20464648266963162,0.8393505694308016,0.1562287035220724,-0.9989023449291056,-0.40242970339330464,0.24911136343822374,-0.7150861862019703,0.015497258795838928,-1.2583695086623996,-0.8453817922529986,-0.06564543707454858,0.05490652467246493,0.2758023494887398,-0.16332946693048492,-0.014384914379050281,0.06792836483686819,0.1752439573987242,-0.14487685543334808,0.18104918494242672,0.16960821815643445,-0.037367834706813374,0.2868851898277207,0.11662549834399168,0.1093120566429604,-0.09465936269976427,0.13135635427541992,0.28612656875082126,-0.3295079801770329,0.0878439865571865,0.19519855110301002,0.14743913479406992,0.16355510919202554,0.0855605053720568,-0.18917046267882456,-0.8064028905235293,-0.10602250321583757,0.6528957517130797,-0.49952204353426555,-0.2726087564382902,1.010009948290372,-1.0195615870776498,12.358301271633762
6.725,0.1294402405123,1.624522525286,27.5,221.9,0.5033127665519714,0.146291509270668,1.899999976158142,32.04999923706055,0.1670332103967667,227.2692108154297,129.4583129882813,41.8,0.9984,37631.0,382.0,12.2266,9.8512,4.991,6472.866666666667,481.9852705731668,4.89273134806276,78.075,30.563,28.728,4.991,21.398798506227283,0.8755846807233554,35.03,369846.0,16.504901960784316,31.65686274509804,51.83823529411765,26213.0,35691.1,13158.53,16.539135979595088,17.556710821702243,17.556710821702243,1.1884593356762363,77.55,0.1244645280150007,-0.11537741090513205,0.05204394561197617,-0.14202335231047566,-0.09774817989987922,0.1030364924727208,-0.6117674447027511,0.010739501159012043,-0.5629117549013105,-0.7932736168637354,-0.47846499399673337,-0.04004149609564214,-0.2692042267753872,-0.28029433866113407,-0.10593998409126894,0.014730132126887617,-0.3170168817088826,-0.15975117496696858,-0.3246170636173206,-0.6817164152958014,-0.10212436888535838,0.10211206861616483,-0.30827235717177087,-0.04839308611422216,-0.09948629085926357,-0.5275583312081341,-0.1474286617667255,-0.04523470176525665,-0.5461406026770103,-1.220214608794399,-0.22339900839907534,-0.7978647635780552,-0.4184388885966775,-1.417054464294221,0.04278838303619248,-0.5634876387234203,0.008513691870573908,-0.8388557816716345,-0.5961539072080734,0.11752339282942313,-0.011588681433054304,12.358301271633763
6.425000000000001,0.1688504759075,2.142072891536,27.4,289.5,0.467218428850174,0.4532169699668884,2.099999904632568,34.4900016784668,0.4125735759735107,256.8768005371094,130.0,6.34,0.062,5772.0,77.0,1.413,0.9294,2.684,76.2,654.421768707483,8.73015873015873,8.82,2.541,2.176,2.684,2.417385883124235,0.1122410186812435,81.11,43475.0,1.100962322622737,39.02707551786005,59.87196215951721,72144.0,42390.12,23847.44,16.617634982053918,2.250591120086632,2.250591120086632,1.7613416385502103,33.95,0.8898223018987849,0.46969970446022735,0.3320148375232869,-0.06583518929592909,-0.05235361319801116,0.26074345482455336,0.18494692208193175,0.09177389438156869,-0.6225418492900384,0.08177261061442447,0.9464398218680494,0.01582805766382167,-0.0028290266333501255,0.5995587253650979,-0.6949283861777902,0.06469962170060357,-0.15197583803535122,-0.2637036376204242,-0.5591681397797122,0.2633363013844468,0.8102857412632392,0.28827194118276206,-0.45197054372320505,0.05917649970152642,-0.29775936211069637,-0.5656715443668151,-0.8374349176036358,-0.08695156242117748,0.7187678038806076,-0.9961844438380983,-0.5518545098037339,0.16387940681236737,-0.34019340985056234,1.25635736101706,-0.6124019251348708,0.0030355283855153883,0.10765254631891026,0.7315192269931207,0.5817548269276095,0.37815781164652096,0.10499352479226061,12.358301271633763
6.22,0.1396255252606,1.262405959324,27.7,421.2,0.3442819714546204,0.0872379466891288,1.700000047683716,32.13000106811523,0.1197903603315353,227.1785125732422,127.3537368774414,113.44,6.47,113005.25,3048.97,56.37,31.11,33.02,4048.8,632.6927383685123,17.070544762331334,178.61,74.6,52.48,33.02,11.832260392384752,1.0136065476243834,41.19,962714.0,23.22925734100645,37.059541398199215,39.71120126079434,40450.0,30441.0,14677.0,7.420621787035737,5.286083690348805,5.286083690348805,0.6079000575173069,68.94,0.23883564022249856,0.10361948802046313,-0.08104305124199714,-0.026863260653028354,-0.162220159808702,0.201790509260365,-1.0255843381742256,0.10249914844449008,-0.7742071998929329,-0.8913136046403918,0.37570911309503047,0.15777811249983734,0.07652822569578266,0.06166899601821877,0.2519479790874766,-0.448406438894188,0.04391622375077442,0.11820027553577488,0.022682228203987798,-0.40562481616650037,-0.026528818142785553,-0.6988042623041947,0.07523610452902159,0.002058343915614621,0.08432247442838696,0.12703529546763473,-0.137320570387355,-0.014570503386862685,-0.12881955992681218,1.1865064782967691,-0.22317961601935185,0.11787130243317516,0.5293660179893611,-0.07935305740213283,0.23700181850095126,-0.2903883275141688,-0.6527783954886875,0.25277716692861985,0.4417799410992717,1.3151118670714055,0.2121780612659466,12.358301271633765
6.619999999999999,0.2002033955486,2.107310365125,28.0,453.1,0.4859171807765961,0.4767714738845825,1.399999976158142,34.45000076293945,0.4314171671867371,294.759033203125,128.2308044433594,121.17,1.24,111887.0,1972.8,69.36,49.35,35.98,2447.2,484.1916219491085,8.537303098494027,231.08,91.11,77.42,35.98,15.308206323678789,1.4921568515595265,37.51,1010017.0,18.514367546917764,44.48838459533429,36.99724785774794,40876.0,30965.0,14316.0,9.36200276864403,7.781782798224389,7.781782798224389,1.0236131895309892,95.51,0.7503201043328226,0.6945872433040087,0.5069553965435069,-0.8574030498410288,-0.3623687117600509,0.45681296577485025,0.13111577575225594,0.001977540903245275,-1.1561761441239928,0.06698004496306398,-0.19187520913784484,0.39087490970172095,0.030544204162263295,0.15567469761449906,0.3728306412246114,-0.18524228933572542,0.4376677823496102,0.7766641318524834,0.8640115391195606,0.06552963209695466,0.1724871221820284,-0.2432276300712045,0.2967939274498974,0.37155067493606997,0.832742465709265,0.6224935045108531,0.314178885279881,0.02583957766366411,-0.01801975538860486,1.521506909434195,-0.07181299016862115,0.4653334109083335,1.3619071303843946,-0.049009528528883704,0.02551950600794421,0.05837862476065473,-0.5753162613693065,0.6918347721599328,0.8151833356764234,1.5042912529594694,0.09939582142219765,12.358301271633763
6.83,0.2154186366291,2.091032440366,27.8,233.8,0.2987442910671234,0.2722972631454468,4.400000095367432,30.80999946594238,0.2678378224372864,255.4473724365234,130.0,107.34,6.28,66001.9,1675.31,49.3,18.28,27.37,612.65,435.2825957923893,11.048671107300668,151.63,65.22,31.43,27.37,10.04493389674318,0.8095851014325984,41.74,774172.0,21.96364940618549,42.590832655196046,35.44551793861847,49137.0,30324.0,14574.0,6.059303494414041,4.22208657852724,4.22208657852724,0.6829462442173873,55.57,0.6652129739215472,0.8791403459875182,0.4235285055094347,-0.0504117496578235,-0.0566008016289401,0.38699782723332027,-0.5725700712123659,0.2716482868811047,-0.6029268093906094,-0.4110323288329196,1.3626437491103154,-0.1745504805139606,0.3027971797758693,0.29496433143317874,0.1915930366394285,-0.20551281685820033,0.06312930473117369,-0.19780439996541474,-0.03689202334904307,0.27567254910827366,0.07780496149374387,-0.40854166455008895,0.208925583317381,0.4783005725594787,-0.11382974817072371,-0.09778475366326085,0.14497082285024465,0.11538413164122725,0.14092872660937816,0.8848686430059418,-0.23463505960081635,0.457562127026857,0.47651237619658654,-0.021201688699950132,0.6392646388392721,-0.08032894064480696,-1.1460588079223473,0.5202702054904066,0.578586361256835,1.749006645238187,0.08249999337960807,12.358301271633765
7.0,0.1451085078067,1.316145153978,27.7,447.3,0.4844832122325897,0.2686246037483215,3.0,31.1299991607666,0.2648997008800507,294.9383544921875,129.0,107.39,3.73,96920.32,2066.12,58.97,40.44,27.91,610.38,465.7391638635272,9.928495915425277,208.1,77.67,61.57,27.91,13.785865223981112,1.7056792964710272,34.96,786132.0,20.47490893033877,43.41481379464505,36.11027727501618,31295.0,29723.0,15547.0,9.581485948260582,8.895328795155292,8.895328795155292,0.8326497317534427,104.89,-1.1475519880393708,0.05324791350236313,-0.17479658594940548,-0.29775083229668303,-0.41031697026193714,0.23081789074581352,-0.5029414997154308,-0.06161061344781804,-0.8265456651227437,-0.5639267506472423,-0.9552735904305955,-0.03515407236786509,0.028411029725312325,-0.01741075220743375,0.2607133335421045,-0.24598401981361953,-0.05792155746932052,0.12651432504414184,0.2509733711464209,0.15464585198680036,0.023716644553811655,-0.3639426161767941,0.013916943355854508,-0.045576753929966,0.05385979278963271,0.15513039007088816,-0.2522178493344687,-0.14929499679983702,-0.3469586253339562,0.3169731159157158,-0.16762708541050064,-0.30344176963650105,0.8156151538731455,-0.6604126899583065,-0.08726893276387522,-0.14554567116305753,-0.6549460271611084,0.5368132794644275,0.40837645488200974,0.8927017637102814,-0.6843031680802727,12.358301271633763
6.675,0.0339474408782,0.3884056913313,27.4,361.9,0.3381420075893402,0.3199940025806427,1.299999952316284,34.56000137329102,0.3059951961040497,242.6983489990234,130.4543762207031,63.2664,0.9452,27886.0,444.3569145845439,12.4604,9.594,4.24,5126.7,578.0679933665008,9.211378826379432,48.24,20.1,16.14,4.24,19.43094720323031,0.6227563491270615,69.0,193368.9479159194,3.5451066319090208,42.50639508474981,53.94849828334116,69659.0,40079.96,28518.51,16.15424853850087,8.892486399593126,8.892486399593126,7.63752247452101,120.4,0.320207467700828,-2.3840267366025882,-0.9378869017379862,-0.06354511821623869,-0.039240130004091676,0.020733627980695557,-0.16103382188201418,-0.08817337796326674,-0.5829414722738723,-0.09176619122810226,0.18680707925364257,-0.023903654956737092,-0.07092974987136662,-0.12689410204772275,-0.1895576877286251,0.028568675892065437,-0.11194712852979409,-0.19227591280038395,-0.39318214074141,-0.5253819245176458,-0.059211054983039794,-0.024738003447870083,-0.13160917419562415,-0.04547107783094326,-0.026195419061895348,-0.2569422206156608,-0.08335874404636416,-0.009981933437695203,-0.1245041538979829,-0.29244639485686524,-0.49528404290918315,-0.10766694551039142,-0.15484086001168576,0.011804137449835328,-0.6064779709548989,-0.053841248593018455,-0.05670407218103921,0.06830457690848417,0.12421712326066413,-3.777830377054192,-0.328537125896253,12.358301271633765
5.555,0.2521590479137,2.278178500774,3.8,17.0,0.2121531069278717,0.277606874704361,0.449999988079071,8.529999732971191,0.2535617649555206,287.2151489257813,132.8357696533203,126.195,0.9478,45899.0,1702.0,58.722,16.8508,16.87,882.0,223.4017181377917,8.284052468910467,205.455,93.926,30.942,16.87,33.16205965449566,1.7174502122943875,39.64,605389.0,14.2,42.9,42.8,42227.0,38884.0,17032.0,18.34775726355647,14.769191834162667,14.769191834162667,0.4028414498141264,119.4,0.5794509093227567,1.6199274894551419,0.3962895242542475,0.592961430796401,0.5031627528579422,0.5821573960672128,-0.09579543640983139,0.5145286070194538,0.6922275622156544,-0.01214883771916971,0.8156497156447329,0.024092886784667183,0.12327157542494567,-0.3828521871493768,-0.016262728059118253,-0.9034000932523764,0.04503698500263953,-0.22395361917943615,0.20086763560258167,0.1389155225042602,-0.1612103849915326,-0.5644629798508605,0.09784999029550923,0.07692621275966054,-0.150779097005432,-0.0288368294123796,0.13005901868260464,-0.679580397461011,-0.004095465655205022,0.29636564847048524,0.40408012659518483,0.16796924061744903,0.18041245787795837,-0.09317769467119907,-0.47885421866003336,0.018189002571779245,0.48947662965401895,-0.2027076598301091,-0.08337925773717074,1.9185770260612454,-0.46801226017037784,12.358301271633763
5.0600000000000005,0.1566062594814,1.649161457892,4.3,26.0,0.2916558682918549,0.5421540141105652,0.699999988079071,8.550000190734863,0.4837231934070587,329.3404541015625,131.0,49.512,0.336,36853.0,138.0,15.7684,11.0015,13.688,535.0,582.73904587214,2.1821286823421517,63.241,25.634,18.924,13.688,10.207596868462485,1.431208510245323,64.28,314899.0,7.9,22.3,69.8,42653.0,44208.0,19416.0,15.289797719630393,12.30765986180222,12.30765986180222,0.1473591078066914,99.5,0.06819460468115057,0.12413265084964091,0.10642520285235142,0.19684324105868803,-0.18803893675390826,0.15856118388718077,0.11765935330545292,-0.09659586786589491,0.2510433927519918,0.013818792308753972,-0.1490376550556259,-0.04213245946934078,-0.19089824428980826,-0.2521150123264844,-0.0052070602312675645,-0.010190399669141037,-0.2037605829823386,-0.3268656991715561,0.235303996846566,0.014130086837557601,-0.03383550284159853,0.05795264033777133,-0.17669259701370388,-0.13357049638891452,-0.3152726039205413,0.36636891468162996,-0.19616473195312714,0.6514013862388254,0.08036299550634585,-0.6190811410982756,-0.07846549186085428,-1.9529843468854444,-2.008259539809024,-0.2442846568316066,-1.152578677193139,-0.0789054909411322,0.05182668465653525,0.1198165372601087,0.0073123140613955044,0.8605207493621044,-0.2469696255623454,12.358301271633765
6.365,0.1147868051168,1.183626584146,4.3,26.0,0.1972007304430008,0.290416955947876,0.5,6.380000114440918,0.2823335528373718,270.0374450683594,130.0,60.6455,0.7705,18738.0,201.0,20.6519,13.225,6.148,775.0,236.6058463286824,2.5380390176147487,79.195,32.652,23.515,6.148,12.782698470895246,0.7724210753786316,47.21,209885.0,11.2,48.7,31.3,49780.0,37342.0,15884.0,8.251880779338212,6.642425473153561,6.642425473153561,0.2421040892193308,53.7,0.9270430764856809,-0.09196275842590514,0.09037271894036276,0.1549769433343605,-0.16664255132577077,-0.7551992772613519,-0.4595220514245675,-0.0011769746268428527,-0.1452905478982335,-0.35616142376859744,0.5766131185002038,-0.04524656218920361,-0.3366689435713098,-0.45826651753060615,-0.8947292099482277,-0.10837765149336602,-0.11596146204589812,-0.3702056058770937,-0.05286577481530549,0.1561698305997207,-0.2685747106723729,0.3335398781928444,-0.22749664823485224,-0.3138803889515338,-0.22499321081296322,-0.09457665419100854,-0.23049288958596895,0.10593647474520089,0.05506687323240859,-1.5314866717062154,0.4372056982003454,0.42145303706812703,-0.1284741721273114,-0.0062974090470058934,-0.4594727563985941,-0.19127540646399788,-0.7368536988155673,0.6140282369732343,0.5427408485354573,1.309940283258577,0.01854476124672777,12.358301271633765
6.425,0.1813929308748,1.649603096967,3.9,17.0,0.1429540812969208,0.2226490825414658,0.4000000059604645,7.519999980926514,0.2120927721261978,255.9736328125,128.0220336914063,142.4267,0.98,46210.0,1116.0,70.9324,18.6665,13.388,492.0,207.0155004031897,4.999552011468507,223.22,96.741,33.206,13.388,36.02947095994996,1.9691703020360272,44.56,503654.0,12.3,40.9,46.8,38937.0,39286.0,17168.0,21.03691766650654,16.933855628952,16.933855628952,0.4061223048327138,136.9,0.9973464036174174,0.6061695572092971,0.18459382889951984,0.20574527189727743,0.33045143597969245,-3.415385324641447,-0.4605602600947252,0.3251422536490105,0.352521341342301,-0.5804068196968352,1.056202199468301,0.22949979840774745,0.24201176140789968,-0.08961052542266194,0.04671948736178703,0.017084973663760456,0.13806841796194425,-0.07285282097845713,0.14695224988145492,0.12860631012630686,-0.03816497852761295,0.38000369021020775,0.06589403638944002,-6.083511737379569e-05,-0.04176441997455408,0.17945087782318528,0.3492528926147422,-0.3073096714565177,0.15303444288459933,-0.11823201666311212,0.4626569469665171,-0.012032195728926812,0.17090522253924675,-0.02848956537589875,-0.2947155335232054,0.10752221899915648,0.24825088005588172,-0.5487262693471159,-0.3825627964713976,1.3041559548926238,-1.0801401974909342,12.358301271633762
5.615,0.141255779268,1.572929672943,3.0,27.0,0.2011622041463852,0.3816510736942291,0.6000000238418579,7.210000038146973,0.3553208410739899,264.5146484375,130.0,94.75,0.975,80886.0,573.0,36.035,30.6179,13.697,2339.8,503.33227546810537,3.5656280919222656,160.701,59.489,57.403,13.697,44.04493523854282,0.7705005543685988,37.51,683165.0,24.81513784080998,29.71825110917296,45.46661105001707,37563.0,37438.88,16936.21,15.717915646179634,15.449625511761106,15.449625511761106,1.4422353381379165,70.17,0.0887424525093281,0.07663556076326812,0.23779639099656555,0.5166075830613294,0.2626968979903399,0.0863815163291215,-0.1809329710619232,0.20523250253118266,0.5773104380637553,0.12909519937614133,0.9369551531205507,-0.2190429277085264,0.17028481250212998,0.2715348921075493,0.33944573213600177,0.16414835619253587,0.13659392245284563,0.21144694729467917,0.12988972112557104,0.026370738506520535,0.15289280125743435,0.49725204308292287,0.08844784449544685,0.08831768990238142,0.3317623988480247,0.26243777309045074,1.0821985403235457,0.14696910804077104,0.020786860642404204,0.5553003388638823,0.8108882737091628,-0.5607214253985066,0.43404834925610264,-0.24520311508308357,1.1240674230236871,-0.001955079397738757,0.47589266947164593,-0.07685077060855743,-0.3398207230813604,1.074269535639633,0.34435175712773214,12.358301271633765
6.775,0.1495452637953,1.482051013111,3.9,17.0,0.3169166743755341,0.3141359686851501,0.6499999761581421,8.210000038146973,0.3013087809085846,366.6012268066406,129.0,142.4267,0.98,46210.0,1116.0,70.9324,18.6665,13.388,492.0,207.0155004031897,4.999552011468507,223.22,96.741,33.206,13.388,36.02947095994996,1.9691703020360272,44.56,503654.0,12.3,40.9,46.8,38937.0,39286.0,17168.0,21.03691766650654,16.933855628952,16.933855628952,0.4061223048327138,136.9,0.6568116801862248,0.2830644191630342,0.23474664989880503,0.40953402338924655,0.5917957219950362,0.4241864664460014,-0.4018925048768643,0.13009208892296487,0.4256613330429313,-0.317617340739341,0.25161177846612565,0.20996621773018567,0.4471811292801357,-0.11659091793479555,-0.03845063274705218,0.168137583139079,0.09122323926580966,-0.02203536206784899,0.3098517462197137,0.14561028903344195,0.21010314995472582,0.457642849065083,0.19690679121245544,0.13407682020189782,-0.13669478230378918,0.1695395346455252,0.15192075276965275,-0.25330977140567673,0.06977691958680084,-0.018881352264631834,0.36060099754048563,0.18439670669352978,0.2813009919257274,-0.1106169130165487,-0.36477768764760193,0.046131569564110464,0.871924597350877,-0.5394824428906361,-0.35686295708857196,1.6421678001852982,-0.7685859734808272,12.358301271633763
6.89,0.17364974024,2.296341613553,2.7,19.0,0.1220132410526276,0.2162890136241913,0.2000000029802322,8.630000114440918,0.2230312079191208,227.2692108154297,129.4583129882813,41.8,0.9984,37631.0,382.0,12.2266,9.8512,4.991,6472.866666666667,481.9852705731668,4.89273134806276,78.075,30.563,28.728,4.991,21.398798506227283,0.8755846807233554,35.03,369846.0,16.504901960784316,31.65686274509804,51.83823529411765,26213.0,35691.1,13158.53,16.539135979595088,17.556710821702243,17.556710821702243,1.1884593356762363,77.55,-0.32831818154528875,0.09754224392211475,0.07087522120446997,-0.059295836009474336,0.05975723502726116,-3.345928540680392,-0.26344328700296926,-0.6256191738977147,0.20942921571701387,-0.3625044564771857,-0.44390138275739943,-0.041920356727781376,-0.21614977453824583,-0.1915239827890457,-0.023044727485386874,-0.07101769329479571,-0.167688314970145,-0.09188257214219213,-0.2521022835906168,-0.48826058966565905,-0.14915824673684772,0.11583706200813952,-0.08942342789284634,-0.07533451228251885,-0.11860293910929463,-0.31498515563692,-0.12423050090504299,-0.038105997684367086,-0.40425618998495977,-0.9530962127487156,-0.44542988867333994,-0.6830441976945334,-0.2510277325250826,-0.7106820388936143,-0.12755131207523326,-0.4748127158451993,-0.15455163692775595,-0.42196077135021953,-0.5126827097906884,0.019751042885970405,0.09879422051329688,12.358301271633763
6.880000000000001,0.1336814520919,1.696561208858,4.3,25.0,0.3824531137943268,0.5343990325927734,0.5,8.850000381469727,0.4775192141532898,256.8768005371094,130.0,6.34,0.062,5772.0,77.0,1.413,0.9294,2.684,76.2,654.421768707483,8.73015873015873,8.82,2.541,2.176,2.684,2.417385883124235,0.1122410186812435,81.11,43475.0,1.100962322622737,39.02707551786005,59.87196215951721,72144.0,42390.12,23847.44,16.617634982053918,2.250591120086632,2.250591120086632,1.7613416385502103,33.95,-0.13669088073264915,0.06401840104242829,0.11976484284894989,0.09636891585469469,0.06804901692560276,0.23708428698729525,0.17264398758777236,-0.005780979432293387,0.3509023417424348,0.07372150748203359,0.673187817696984,0.036303127029451064,-0.30446193491286166,-0.004610032616459925,-0.6879876238445854,0.04329789030727423,-0.3455465395635862,-0.46632699892316176,-0.6452582839134127,0.875433453112989,0.5718183730755638,0.15653160228066584,-0.5612517572374938,-0.18029238492885355,-0.29536247273483146,-0.378496010797108,-0.5279996789902178,0.1634128515082631,0.45897859483159414,-0.9120535699625427,-0.3331439561825048,0.250487130449015,-0.4767030506758169,0.27123948361513317,-0.3259216405224084,0.23869824162394082,0.095384568953727,0.7383784499417038,0.5158898904144141,0.09177906688551969,0.013298329563113645,12.358301271633765
6.6850000000000005,0.2234949169228,2.132437712,3.1,16.0,0.1741376221179962,0.2516548931598663,0.449999988079071,7.449999809265137,0.2513239085674286,227.1785125732422,127.3537368774414,113.44,6.47,113005.25,3048.97,56.37,31.11,33.02,4048.8,632.6927383685123,17.070544762331334,178.61,74.6,52.48,33.02,11.832260392384752,1.0136065476243834,41.19,962714.0,23.22925734100645,37.059541398199215,39.71120126079434,40450.0,30441.0,14677.0,7.420621787035737,5.286083690348805,5.286083690348805,0.6079000575173069,68.94,0.8122995203501578,1.082474670029492,0.42222445734133346,0.3589535126232251,0.3913271356012113,-0.2844049883322317,-0.29799963443418137,0.4344575837126472,0.48527219757094375,-0.12911092279919822,0.1042674451184807,0.23698256289932548,0.0206547905345027,0.39565769714867155,0.2552882003070764,-0.32981743577972084,0.15296912831990328,0.03441335739329077,0.3685587236803422,-0.2825548544222256,0.044793801706230894,-1.069088875677845,0.09658166775390997,0.030433775385722377,-0.07369694672348397,0.2804502867889185,-0.13123271792500354,0.025981043209094928,-0.21015563999581252,1.66024800271105,-0.5600088112425557,0.1388872140069036,1.3226513644671545,-0.3041171114107506,1.274286282170231,-0.13243935267036844,-0.9152656175570714,0.8894632297617441,0.4616790743898285,1.9669688076829812,0.0898518402640572,12.358301271633765
6.92,0.1449557844545,1.523612043563,3.3,9.0,0.3074502944946289,0.5247359275817871,0.5,7.190000057220459,0.4697887301445007,294.759033203125,128.2308044433594,121.17,1.24,111887.0,1972.8,69.36,49.35,35.98,2447.2,484.1916219491085,8.537303098494027,231.08,91.11,77.42,35.98,15.308206323678789,1.4921568515595265,37.51,1010017.0,18.514367546917764,44.48838459533429,36.99724785774794,40876.0,30965.0,14316.0,9.36200276864403,7.781782798224389,7.781782798224389,1.0236131895309892,95.51,-0.4652722079275546,0.480921203661798,0.30109253840163036,0.3047953911380536,0.43007154051682894,0.6509463255241846,0.18551914573377917,0.30861715689270275,0.5674203651335059,0.3984076247441175,0.21968030864457808,0.3780561451881028,0.09348328843166831,0.43635924262465925,0.8317693630406994,0.25381720479191,0.04946812952683614,1.2934352400898859,0.4894735702236776,0.12173715830623877,0.13222653732922618,-0.0012084817889389161,0.41626594380552273,0.22574445056472245,0.9548667157544144,0.6165476401897724,0.24342200965200358,0.3593727961043087,-0.3460325837204028,1.3977798326199338,-0.0748273551689822,0.4013044963616103,0.6929539613858472,-0.027346444194419117,1.1777502479910231,-0.03750983716255559,-0.16958799615154962,0.6922878852048336,0.9918572527545804,2.1958278135884606,0.10894815034984602,12.358301271633765
7.035,0.1555494286073,1.451284014927,3.0,9.0,0.2613529860973358,0.3172178268432617,0.5,7.230000019073486,0.3037742674350739,255.4473724365234,130.0,107.34,6.28,66001.9,1675.31,49.3,18.28,27.37,612.65,435.2825957923893,11.048671107300668,151.63,65.22,31.43,27.37,10.04493389674318,0.8095851014325984,41.74,774172.0,21.96364940618549,42.590832655196046,35.44551793861847,49137.0,30324.0,14574.0,6.059303494414041,4.22208657852724,4.22208657852724,0.6829462442173873,55.57,-1.6474761341926143,0.21080088686191592,0.08430689658240349,0.08414507415607009,0.11157458627168164,0.2735567011803635,-0.4914187909756751,0.021460197823426192,0.21339650917197295,-0.3226940014787714,0.599856888753956,-0.2971196057644348,0.026301576643804392,-0.3395210115528952,0.1109367983078003,-0.08847456420897053,0.08762392215264973,-0.15036453598214536,0.29348600876516046,0.032671076959624866,-0.0965892322531207,-0.4566989819895846,0.09834435931145613,0.03364792837392135,-0.25493108234399786,0.20552949526021225,-0.2757881983304675,0.06394348365433238,-0.002269510173102951,1.3019685878757277,-0.47712087605585024,0.22804164502961802,-0.10726582613387443,0.11335507922743988,0.4059963075043556,-0.3754685476050243,-1.2235340545649116,0.25326633229159584,0.5601204130062969,1.3948164258828726,-0.09159860429950702,12.358301271633765
7.07,0.1704014639463,1.572112131902,2.9,21.0,0.3485862910747528,0.4600082337856293,0.6499999761581421,7.610000133514404,0.41800656914711,294.9383544921875,129.0,107.39,3.73,96920.32,2066.12,58.97,40.44,27.91,610.38,465.7391638635272,9.928495915425277,208.1,77.67,61.57,27.91,13.785865223981112,1.7056792964710272,34.96,786132.0,20.47490893033877,43.41481379464505,36.11027727501618,31295.0,29723.0,15547.0,9.581485948260582,8.895328795155292,8.895328795155292,0.8326497317534427,104.89,-1.925822126200434,0.5500483652541804,0.09294328548359825,0.23250339350956217,-0.10915766328094693,0.21876474562961423,0.04945610264102074,0.16479682355504713,0.37023609649550115,0.06804789667492132,-0.6576318799341591,0.04748207626311932,0.11586145626015106,0.037081824088625925,0.1405270415838369,-0.3982981518956746,0.018418135172158106,0.13579068697818317,0.34679297499583406,0.11719825660200112,-0.01852650066138602,-0.37890907202504137,0.057756226915078056,0.027174317236497547,0.13194456611964878,0.3030838779752411,-0.23508273218764364,-0.13661040855709117,-0.7293796482038539,0.7997778528997351,0.1285882673953521,0.15321531963825383,0.7266023838471126,-0.8135224292329353,0.30966203580162316,-0.16122059455474766,-1.075599170582181,0.21378770623630924,0.2629177144683655,1.6276625293231042,-0.5128657770096884,12.358301271633762
7.015000000000001,0.07736614263897,0.9251703495411,3.0,14.0,0.1248723119497299,0.2005982398986816,0.2000000029802322,7.369999885559082,0.2104785889387131,242.6983489990234,130.4543762207031,63.2664,0.9452,27886.0,444.3569145845439,12.4604,9.594,4.24,5126.7,578.0679933665008,9.211378826379432,48.24,20.1,16.14,4.24,19.43094720323031,0.6227563491270615,69.0,193368.9479159194,3.5451066319090208,42.50639508474981,53.94849828334116,69659.0,40079.96,28518.51,16.15424853850087,8.892486399593126,8.892486399593126,7.63752247452101,120.4,-0.5884440213826723,-0.5881346790790462,-0.295461055397146,0.04245249589382907,0.053471583628811103,-2.3140234585895247,-0.28310052229052624,-0.5114515370984029,0.12144950590418885,-0.3726896847761725,0.0966017731718221,-0.0750168153584394,-0.07650211933720293,-0.18668689863923194,-0.07971545863179362,0.011052503618502497,-0.12258758678905778,-0.15211348157651347,-0.31041389627318755,-0.28221716416198545,-0.04295124110405302,-0.11610610771664824,-0.18363216956569386,-0.10761228737939384,-0.16304441976798056,-0.34606952189144136,-0.05223910229913323,-0.02544906974605328,-0.19666647834921913,-0.2680009513652147,-0.6951287589578681,-0.23998896999706174,-0.19722977976576953,0.0013047476473376969,-0.3857155057566713,-0.17015944729045573,-0.0006649894408069975,0.16620474514547,0.05853310042509006,-2.888064424932086,-0.4159642625371846,12.358301271633763
6.32,0.1405047339064,1.54002453671,19.1,28.0,0.6302679777145386,0.765863835811615,1.700000047683716,25.14999961853027,0.662691056728363,287.2151489257813,132.8357696533203,126.195,0.9478,45899.0,1702.0,58.722,16.8508,16.87,882.0,223.4017181377917,8.284052468910467,205.455,93.926,30.942,16.87,33.16205965449566,1.7174502122943875,39.64,605389.0,14.2,42.9,42.8,42227.0,38884.0,17032.0,18.34775726355647,14.769191834162667,14.769191834162667,0.4028414498141264,119.4,0.9369692617806584,0.06221868698283665,0.1812470491652919,-0.018289159942520932,-0.2036913081490357,0.8119582532449439,0.8679641144675448,0.22588662449420363,0.8455141215650296,0.8479722222254614,0.8063843147579107,-0.1631870733153685,-0.06791111540656629,-0.5760522031700664,-0.008878195664265546,-0.7527851604825143,-0.1597404995665325,-0.33703225301527445,0.06804335920372188,0.03802055318425864,-0.15410877537723092,-0.5215431147808225,0.09257052616917665,-0.15443541828190188,-0.2507833928374062,0.10942148118118118,-0.030532731643495865,-0.3655736703394455,-0.12031029414270404,-0.003849064475199171,-0.2015673108318691,0.14485547430021306,0.13685727647932078,-0.42564832601674657,-0.9038983167134464,-0.06594281844126797,0.45504655787384296,-0.24741563532487568,-0.19077422044838407,1.5781909960278149,-0.6114295852975782,12.358301271633763
6.665,0.2242042461774,3.310778092327,20.0,15.0,0.543432354927063,0.7203001976013184,1.700000047683716,25.68000030517578,0.6262401342391968,329.3404541015625,131.0,49.512,0.336,36853.0,138.0,15.7684,11.0015,13.688,535.0,582.73904587214,2.1821286823421517,63.241,25.634,18.924,13.688,10.207596868462485,1.431208510245323,64.28,314899.0,7.9,22.3,69.8,42653.0,44208.0,19416.0,15.289797719630393,12.30765986180222,12.30765986180222,0.1473591078066914,99.5,0.7854302259085468,0.7116849751302775,0.6189052694946667,-0.23915928337934553,0.6036367846199453,0.442586129212508,0.7749986976023574,0.12170149017689469,0.2636681083136252,0.9069840815948256,0.24708199590613966,0.013524388016651642,-0.23987549506632636,-0.17315940839670038,-0.11757202107190386,-0.031942625761358125,-0.348101024277663,-0.4052417475143267,0.542606860133492,0.20812257132240664,0.10632766063046868,0.0446138674710251,-0.20210605410891902,-0.1607232163643634,-0.4764079906912025,0.5529038098414791,-0.2081640954163321,1.1196085908840046,0.30365870043860016,-0.7188630974638004,0.25416720374003626,-2.478701914188599,-2.127939973620528,-0.23306983020680394,-1.1322877686872264,0.023721442656711833,0.18212608411319878,0.1616358685292257,-0.0488063935067015,1.4234967890132229,-0.23675458689942275,12.358301271633765
6.355,0.1134605722313,1.226288784831,20.0,15.0,0.5981937646865845,0.7840847373008728,1.5,25.61000061035156,0.6772677898406982,270.0374450683594,130.0,60.6455,0.7705,18738.0,201.0,20.6519,13.225,6.148,775.0,236.6058463286824,2.5380390176147487,79.195,32.652,23.515,6.148,12.782698470895246,0.7724210753786316,47.21,209885.0,11.2,48.7,31.3,49780.0,37342.0,15884.0,8.251880779338212,6.642425473153561,6.642425473153561,0.2421040892193308,53.7,1.6741641692827063,0.10981363746803534,-0.028162037249605643,-0.2672733582498619,0.47857319721963504,0.49579302947128673,1.061849394835799,0.108599605875828,0.4293762783513377,0.6781345935742452,1.0455367851959794,0.06093260741825487,-0.4643285059597508,-0.5417857891721133,-0.6518583301363775,-0.1146680948445508,-0.031077820561667524,-0.8229606701724639,-0.04145490186773371,0.08678070882704107,-0.13910990780064955,0.4511060053627071,-0.29092942699342106,-0.26652415587921013,-0.819342272672666,-0.033845658540120414,-0.30267407336716,0.12038060970320104,0.05218870006293197,-1.526306588497527,1.0949513860712126,0.5327307187750466,-0.0682876697047526,0.08558701564787485,-0.150276671818982,-0.1309416457242268,-0.8351885222074694,0.651579234679187,0.8756831671899404,2.0882935444218207,-0.2739145699366452,12.358301271633765
6.505000000000001,0.1717842430621,1.454843827059,19.0,16.0,0.5307262539863586,0.6367385983467102,2.400000095367432,24.40999984741211,0.5593908429145813,255.9736328125,128.0220336914063,142.4267,0.98,46210.0,1116.0,70.9324,18.6665,13.388,492.0,207.0155004031897,4.999552011468507,223.22,96.741,33.206,13.388,36.02947095994996,1.9691703020360272,44.56,503654.0,12.3,40.9,46.8,38937.0,39286.0,17168.0,21.03691766650654,16.933855628952,16.933855628952,0.4061223048327138,136.9,1.289525403440135,0.6475540193656695,0.08184893503678954,0.31887127472299565,0.5239439218501923,0.4946908763350648,0.36692866942986174,0.056197098597289864,0.9071538076331033,0.23175132753176783,1.3831478978825442,0.2396461643327982,0.47718800280136636,-0.1734499000980622,-0.0573952837665536,0.043288356912354255,0.1859457544044294,-0.2432864737117756,0.19435191941008526,0.23581546615991167,0.11252913353248555,0.5296154251862083,0.1933114787777616,0.13794861903845415,-0.1386417323410103,0.33773205855059496,-0.18376815145205652,-0.5815378645091709,-0.00045329357980043267,0.2274844496971684,0.2679929007542525,0.05847181320028557,0.044799959952772785,-0.02741812366519003,-0.4211087535503329,0.09799353486086633,0.8594426663943873,-0.7268230588033404,-0.7260655523213054,1.5396672028678227,-0.91480934825116,12.358301271633763
6.9,0.2105869040306,2.424899113622,18.7,33.0,0.7407733201980591,1.0,3.900000095367432,22.69000053405762,0.903842031955719,264.5146484375,130.0,94.75,0.975,80886.0,573.0,36.035,30.6179,13.697,2339.8,503.33227546810537,3.5656280919222656,160.701,59.489,57.403,13.697,44.04493523854282,0.7705005543685988,37.51,683165.0,24.81513784080998,29.71825110917296,45.46661105001707,37563.0,37438.88,16936.21,15.717915646179634,15.449625511761106,15.449625511761106,1.4422353381379165,70.17,-0.40307358553205946,0.8123275459006342,0.3700483219642681,0.4606521618391519,0.4973537372098719,0.39739230596619296,0.7033820406747865,0.3364976641975537,1.2173674065476756,1.005552146908866,0.9218161704247886,-0.19523137967211177,0.07389221568218012,0.10620388272711345,0.2787697730883471,0.3358181954120664,0.1375656055605116,0.13114157914204272,0.19637991788539302,0.05109323647186148,0.1866700717995077,0.8020973914885735,0.1102944464924372,0.21013356058036572,0.39937748891801245,0.25362174721420966,1.174606244790071,0.1959468126610012,-0.06555275361819642,0.6602675999459583,0.1636368800481991,-1.0013932875582137,0.38966285399506156,-0.43323656878550354,0.7832295232851321,-0.05014434876139129,0.6627136038208824,0.015340130108245198,-0.0948566868724751,1.260487539006619,0.4158388025225124,12.358301271633763
6.91,0.3244494786224,3.620502949044,19.0,16.0,0.5620102882385254,0.6935369372367859,1.600000023841858,24.03000068664551,0.6048295497894287,366.6012268066406,129.0,142.4267,0.98,46210.0,1116.0,70.9324,18.6665,13.388,492.0,207.0155004031897,4.999552011468507,223.22,96.741,33.206,13.388,36.02947095994996,1.9691703020360272,44.56,503654.0,12.3,40.9,46.8,38937.0,39286.0,17168.0,21.03691766650654,16.933855628952,16.933855628952,0.4061223048327138,136.9,-0.5645376298216754,3.5491775236969474,0.9453202200876719,0.42874673636739224,0.9457088458164892,1.1310641394460188,1.129802317699752,0.28932460539986327,1.2345978200366758,1.2607866132396885,0.7253917043158425,0.3044346226133894,0.7217907497783477,0.029028368160982126,-0.055588172158654046,0.40773836061980023,0.14443611243972398,-0.19762714772417503,0.5846881018719766,0.33028073491504006,0.015090079731598186,0.7843991781197878,0.27177300668264426,0.18796098993681065,-0.18622377445144642,0.4098223874808844,0.5106758167087055,-0.3649851581843797,0.11306235898616428,0.1986526799383325,0.7504259063785383,0.3173195481794188,0.2433907919272301,-0.007394062303769526,-0.31345455783720916,0.10433274250207465,1.1282516707379373,-0.3163058554870341,-0.3649790935511481,1.8392473384902448,-0.7447101788818525,12.358301271633765
7.3,0.08830742099776,0.9563473484437,19.3,7.0,0.4589750170707703,0.6835933923721313,1.100000023841858,26.98999977111816,0.5968747138977051,227.2692108154297,129.4583129882813,41.8,0.9984,37631.0,382.0,12.2266,9.8512,4.991,6472.866666666667,481.9852705731668,4.89273134806276,78.075,30.563,28.728,4.991,21.398798506227283,0.8755846807233554,35.03,369846.0,16.504901960784316,31.65686274509804,51.83823529411765,26213.0,35691.1,13158.53,16.539135979595088,17.556710821702243,17.556710821702243,1.1884593356762363,77.55,-2.6491924500756734,-0.6052439627385232,-0.3895031375818272,-0.01319777117560215,-0.07629945363222723,0.03408657715193205,0.24840037943822887,-0.14940023438101055,-0.19542127535569453,0.25404831656559695,-0.4293006179811365,-0.0038101215808014678,-0.33319771010765037,-0.20229975470230788,-0.11561107095359131,0.01167654184602151,-0.14551221323075045,-0.30874740556810165,-0.3158358331133653,-0.5217958957087002,-0.17364379577648023,0.16879409568928208,-0.04355825474196854,-0.12215080904213406,-0.21577359368826313,-0.4790427427851138,-0.16979720456498723,0.04579109500937647,-0.6367920498553464,-0.9593903722604239,-0.16859377006265266,-1.159592822720976,-0.9103787358255396,-1.13583148368262,0.11767978477342256,-0.5950193051769853,0.5254431343340437,-0.8204309476388563,-0.6717690663609407,0.7255927454626213,0.23566961989633162,12.358301271633765
6.885,0.08938325883726,0.9556439068384,20.0,29.0,0.676328182220459,0.9666127562522888,2.599999904632568,23.77000045776367,0.827003538608551,256.8768005371094,130.0,6.34,0.062,5772.0,77.0,1.413,0.9294,2.684,76.2,654.421768707483,8.73015873015873,8.82,2.541,2.176,2.684,2.417385883124235,0.1122410186812435,81.11,43475.0,1.100962322622737,39.02707551786005,59.87196215951721,72144.0,42390.12,23847.44,16.617634982053918,2.250591120086632,2.250591120086632,1.7613416385502103,33.95,-0.22357031113935433,-0.5401450806426494,-0.39981282668616464,-0.10624982730870143,-0.0016337870856546848,0.21101919647740316,0.3290791043342233,0.20742136748131065,0.31445658787990766,0.3619695417379905,0.7808098289733958,-0.0025923754453013315,-0.28352645981641006,-0.1151167343418742,-0.7255704766119145,0.17626571619118261,-0.3372858030617399,-0.32421159329534377,-0.7260432767059807,0.3855799824173101,0.7945555078178872,0.26361220785515604,-0.6675960141907576,-0.05021634742080242,-0.4003733259571334,-0.7084059897092567,-0.7263721819100754,-0.3830547076598594,0.22824523269389538,-0.6961861537833526,-0.5570416919318841,0.24098207151065784,-0.5773509127055463,0.44892017370433995,-0.4769555422660338,0.05391602000339387,0.2515746354183943,0.3628415545901682,0.5079053567497686,0.1426679006217718,-0.08268822336500185,12.358301271633762
6.335,0.2632378178348,2.549147377755,18.4,25.0,0.3566314578056335,0.5036435127258301,1.799999952316284,23.96999931335449,0.4529148042201996,227.1785125732422,127.3537368774414,113.44,6.47,113005.25,3048.97,56.37,31.11,33.02,4048.8,632.6927383685123,17.070544762331334,178.61,74.6,52.48,33.02,11.832260392384752,1.0136065476243834,41.19,962714.0,23.22925734100645,37.059541398199215,39.71120126079434,40450.0,30441.0,14677.0,7.420621787035737,5.286083690348805,5.286083690348805,0.6079000575173069,68.94,0.478422936173929,0.9351610541957754,0.06574556694853273,0.2264496833191303,-0.22102049930448184,0.20478864693856305,0.05016038728507244,-0.10699906057397435,0.7881301263113158,-0.04230918308658168,-0.09002406318544942,0.19420705360480905,0.07893559969212216,0.4604218785498391,0.0644580798638339,-0.6052494663367592,0.012442353978194523,-0.03956376636740725,0.07926571330320915,-0.5094222355407246,-0.13571279379207266,-1.035796260467311,0.045817698761746385,-0.04475591899644771,-0.19650130362483628,0.10358060114030465,-0.07209498990800878,-0.0882814123500002,-0.15719687301286323,1.3209640254964679,-0.3898473423402445,0.2181446605585912,0.5597449716223615,-0.09480974136264364,0.4923297444122035,-0.13085870299879465,-1.208597412749272,0.7369310031610653,0.20512162772174017,2.1324246067685837,0.12169890682787221,12.358301271633765
6.465,0.1521214355077,1.557262009841,18.9,10.0,0.591846227645874,0.8813539743423462,1.799999952316284,26.13999938964844,0.7550832033157349,294.759033203125,128.2308044433594,121.17,1.24,111887.0,1972.8,69.36,49.35,35.98,2447.2,484.1916219491085,8.537303098494027,231.08,91.11,77.42,35.98,15.308206323678789,1.4921568515595265,37.51,1010017.0,18.514367546917764,44.48838459533429,36.99724785774794,40876.0,30965.0,14316.0,9.36200276864403,7.781782798224389,7.781782798224389,1.0236131895309892,95.51,1.405038285086962,0.5609424789611087,0.4348227687540849,0.8536605233339478,0.5443850471697683,1.1522538975640526,1.5110687615251874,0.12886866774632363,-0.16345277443207307,1.4448077382004936,0.39181403980593926,0.7772986505999399,0.12592667918176467,0.4184302198134331,0.29739744304755744,-0.3096289675956698,0.5685434468862792,1.5172981286263454,0.10975051425550693,0.22503133480825652,0.26277404669228516,-0.13501821204809814,0.3177813313418845,0.04646686449296326,1.0089560902754593,1.7352240138210497,0.01302683589883665,0.1534454231323097,-0.08827587319242254,2.0351213930305176,0.1822989597450387,0.9862095454958316,1.1880831154362321,0.27987991607793666,0.9239735743094349,-0.25381943039618965,-0.6764457398011254,1.0275322843681394,0.7885306469137555,2.834947550947889,0.1744987855038298,12.358301271633765
6.775,0.2288318748659,2.309665035609,18.9,5.0,0.5791773200035095,0.874875009059906,3.700000047683716,24.38999938964844,0.7499000430107117,255.4473724365234,130.0,107.34,6.28,66001.9,1675.31,49.3,18.28,27.37,612.65,435.2825957923893,11.048671107300668,151.63,65.22,31.43,27.37,10.04493389674318,0.8095851014325984,41.74,774172.0,21.96364940618549,42.590832655196046,35.44551793861847,49137.0,30324.0,14574.0,6.059303494414041,4.22208657852724,4.22208657852724,0.6829462442173873,55.57,1.0639088137562254,0.981319929577637,0.45530037272187246,0.44079216623778805,0.040667601221321625,0.6300320318337999,0.9917798443379274,0.6365094549971427,0.8539253069347578,0.8431285683644618,1.4922855493264866,-0.12411504321763737,0.06040288394817317,0.2071734871408196,0.07741868995111378,-0.19196931446573448,0.17372970851732564,-0.29705097882788545,0.13410511348484722,0.04907368731372008,-0.05087514051837797,-0.5341218728849036,0.09048706340226786,0.13245753413765549,-0.27090738863665614,-0.04455509007448777,-0.11023976287197401,0.0918777314930123,-0.1580693833890301,1.529292546233797,-0.36134242026130314,0.5402555273826675,0.32874256428147514,-0.03249968038699066,0.6674872345168397,-0.20172008454476206,-1.768757522232246,0.961562970957964,0.44084774600300297,2.1423607189316463,-0.06105045849893539,12.358301271633765
6.99,0.1358321727385,1.052298407994,18.0,8.0,0.689206063747406,0.9442567825317384,3.700000047683716,23.38999938964844,0.8054053783416748,294.9383544921875,129.0,107.39,3.73,96920.32,2066.12,58.97,40.44,27.91,610.38,465.7391638635272,9.928495915425277,208.1,77.67,61.57,27.91,13.785865223981112,1.7056792964710272,34.96,786132.0,20.47490893033877,43.41481379464505,36.11027727501618,31295.0,29723.0,15547.0,9.581485948260582,8.895328795155292,8.895328795155292,0.8326497317534427,104.89,-2.1530197873885872,-0.13902079229800077,-0.49329343288683764,0.29643651043290137,0.2994464279257689,0.3111081945189895,0.4868320806759174,0.036721659062596945,0.6457238187057631,0.6704065487544838,-0.8519920764549874,0.08314312304884337,0.03239085270533493,0.0323955431688705,0.18456679893446273,-0.3564478029088607,0.018509939552524113,0.16850424514056392,0.36453581236826643,0.1522622759444896,-0.04578869447121381,-0.5343853225687918,0.12300126268096401,0.011137585473261083,0.1162817449919616,0.27084515625428845,-0.35363699091764983,-0.008533316065858646,-0.7463781786058882,0.7268967710034652,0.39674117208546184,0.13874852703158505,0.8214234901504277,-0.6547259283216423,0.11936077824163786,-0.21894233129510732,-0.8905126550271004,0.41176494663808794,0.39593029664304763,1.5518473043909016,-0.43187206796373095,12.358301271633765
6.515000000000001,0.04013846537348,0.404672904159,19.5,13.0,0.3012502193450928,0.3733408749103546,0.6000000238418579,30.04999923706055,0.3486726880073547,242.6983489990234,130.4543762207031,63.2664,0.9452,27886.0,444.3569145845439,12.4604,9.594,4.24,5126.7,578.0679933665008,9.211378826379432,48.24,20.1,16.14,4.24,19.43094720323031,0.6227563491270615,69.0,193368.9479159194,3.5451066319090208,42.50639508474981,53.94849828334116,69659.0,40079.96,28518.51,16.15424853850087,8.892486399593126,8.892486399593126,7.63752247452101,120.4,0.4297961125756431,-2.885735968550287,-0.9653871670911145,-0.139906812505237,0.0878592805851434,0.05497883919461156,-0.11861831435602634,-0.006195293794390072,-0.2130728242081861,-0.08091397893373949,0.023037775071682087,0.004703393809510413,-0.09992082466501095,-0.13480305459438988,-0.11591496239923475,-0.03311969547475449,-0.08325894064369936,-0.03869144165389532,-0.3877288565862649,-0.4277336341705746,-0.11086214735766735,-0.11575089976739196,-0.15875828977164763,-0.07994843212369136,-0.023339483391095067,-0.472037936772939,-0.08215540153492788,-0.04444947990456294,0.10551859344898536,-0.46146282392839044,-0.8453671975435398,-0.2693434561775321,-0.3577159647566402,-0.01953756831077084,-0.16602888892008114,0.024132780466199932,-0.050830912957089115,0.18981548095914477,0.13301872543303242,-3.544476581707434,-0.2753169822906563,12.358301271633762
6.345,0.187590280695,1.564037081138,28.8,115.2,0.5304648280143738,0.1642918586730957,1.299999952316284,30.82999992370605,0.1783933937549591,334.9280090332031,131.3819274902344,60.6455,0.7705,18738.0,201.0,20.6519,13.225,6.148,775.0,236.6058463286824,2.5380390176147487,79.195,32.652,23.515,6.148,12.782698470895246,0.7724210753786316,47.21,209885.0,11.2,48.7,31.3,49780.0,37342.0,15884.0,8.251880779338212,6.642425473153561,6.642425473153561,0.2421040892193308,53.7,0.6492673521755413,0.28162527802732873,0.07219135643917696,-0.9477149921510258,-0.30268007602219127,0.1338683246010451,-0.6506402575957072,-0.13447839341125944,-0.6884303288726664,-0.8994835773936684,-0.22869125366102402,-0.06303207104625567,-0.27421158648943494,-0.20501354703801566,-0.4323038275221846,0.10938503617768285,-0.12088070889703155,-0.39852880123319134,-0.18380403578506885,0.09233520131925199,-0.2593916488400281,0.2223024994838243,-0.17630302204982815,-0.09816541724746834,-0.6425219847011611,-0.013813320035434526,-0.15910477000536663,-0.04338035973473916,-0.08272062815393655,-1.2209270982848173,0.24386127169427355,0.39600339339018825,-0.010261459619155625,0.024047613106041643,-0.4285397793598917,-0.2773008500306487,-0.8785112310626945,0.48840001922390824,0.6223855349169642,1.4014610251661248,-0.01206428552704845,12.358301271633762
6.59,0.2220461019333,2.274343786502,27.9,436.4,0.4671959280967712,0.1034901142120361,1.700000047683716,32.81999969482422,0.1327920854091644,260.926025390625,103.5349197387695,102.75,4.78,82098.0,1049.0,61.06,47.59,26.67,1144.0,402.7768238237748,5.1464455673845855,203.83,80.46,75.07,26.67,13.502993313811004,1.3571426592267275,41.38,826658.0,19.61414974691788,40.554352669645,39.83149758343712,37647.0,31064.0,14954.0,10.01000072751194,7.077667062460118,7.077667062460118,0.8315029869915178,92.59,0.9056692135901256,1.0800715392375901,0.5178719374891942,0.1738600675264439,-0.4229454599558918,0.6081489079011672,-0.8658599838015428,0.15260191709272375,-1.0487431242823955,-0.8022118887594929,1.7511895881793682,0.7818713758571499,0.13589346272210565,0.12194218995513273,0.20384390001825592,0.1743019505915154,0.14480542097272897,0.5042954386531058,0.07669965703913695,0.10876332218805389,0.1580374842986605,0.23151403419374064,0.23291598685427287,0.17107515464209522,0.4819003348596574,0.16719777977879277,0.2579542008164797,-0.11807956579031265,0.057506849679202755,1.2318508303373432,0.6499646581730248,0.3521546139294858,1.1055668149283544,0.03807173717555538,0.5874071308569468,-0.03420586872682222,-0.7968553307591629,0.5806521215511573,0.31273315360975246,2.026816785830289,0.03271508695358468,12.358301271633765
6.68,0.262267499631,2.120456046221,28.3,331.5,0.4058118462562561,0.1438602954149246,1.0,34.59000015258789,0.1650882363319397,325.0343017578125,121.6630172729492,62.8682,0.7473,30465.0,544.0,23.7417,15.1611,8.037,883.0,391.6363496124131,6.993276684364113,77.789,31.907,28.226,8.037,12.555758966506351,0.9191379276851872,47.4,302484.0,8.8,57.3,33.9,63896.0,41068.0,18414.0,9.819277128486252,7.904115227830772,7.904115227830772,0.4381657992565056,63.9,0.8192740622986653,1.3230593492435045,0.48236551436505587,-0.39261559561214415,-0.2518136246131431,0.44093554230484355,-0.9908383995896187,-0.05671413001818948,-0.9339040934560979,-0.7308666567901098,0.3284866610441182,1.0577774500048929,0.11339950839833753,-0.010232039034772026,-0.037852658806793414,0.4418590156820514,0.18946664026591975,-0.002284336377758711,0.19538527584225993,0.24127405913138986,-0.04789538183908378,0.21448985976210708,0.04046620672044243,0.057257300983205583,-0.11963220986576584,0.025393478947674703,-0.12839775966551156,0.3941498873222197,0.13816887557810364,-0.23999114958713422,1.3639693326286284,1.1411179133460825,0.5911398876882148,0.2981707412404755,-1.394820033334825,0.09963336779319532,-0.32260983147836314,0.3848158226645688,0.4071542299749605,1.3819883784030722,0.17520587830033177,12.358301271633763
7.08,0.1073563743704,1.491912923371,27.5,221.9,0.5748522281646729,0.199037492275238,4.300000190734863,28.63999938964844,0.2092299908399582,142.1536865234375,121.3395462036133,41.8,0.9984,37631.0,382.0,12.2266,9.8512,4.991,6472.866666666667,481.9852705731668,4.89273134806276,78.075,30.563,28.728,4.991,21.398798506227283,0.8755846807233554,35.03,369846.0,16.504901960784316,31.65686274509804,51.83823529411765,26213.0,35691.1,13158.53,16.539135979595088,17.556710821702243,17.556710821702243,1.1884593356762363,77.55,-0.8101359833923287,-0.42514639923950176,0.03416059034732611,-0.1419992147072425,-0.036993330643841756,0.1523632884867249,-0.3423401910255022,0.04795622168105521,-0.2877459688890356,-0.5041340695033535,-1.6278235121300888,-0.2430603005533003,-0.4615191372485196,-0.19200731326670628,-0.07119013758066677,0.08376226225148625,-0.22592982148044682,-0.13571215289979788,-0.5932609666483576,-0.7234727027994124,0.004600399561143165,0.09040361257407097,-0.20655583548955656,0.05384019925266145,-0.004932465125048709,-0.3972154480258432,-0.086203231617831,0.09305196215794366,-0.5126949959584319,-1.0235832214365301,-0.10423346976207615,-0.8482676459532978,-0.47597762415994377,-1.272699952130159,0.1820877824638839,-0.6014243743374722,0.35712480360957777,-0.4295834515078932,-1.022195101856804,0.22175898734923175,0.13624252763087616,12.358301271633762
6.65,0.126125325302,1.313179613021,27.5,221.9,0.5431041121482849,0.358176589012146,2.0,32.54000091552734,0.3365412950515747,232.277587890625,129.3061218261719,41.8,0.9984,37631.0,382.0,12.2266,9.8512,4.991,6472.866666666667,481.9852705731668,4.89273134806276,78.075,30.563,28.728,4.991,21.398798506227283,0.8755846807233554,35.03,369846.0,16.504901960784316,31.65686274509804,51.83823529411765,26213.0,35691.1,13158.53,16.539135979595088,17.556710821702243,17.556710821702243,1.1884593356762363,77.55,0.38049682576360233,-0.07343326105910443,-0.04137742543262329,-0.13442533662683917,-0.05586988738525487,0.108819768152757,-0.13763152025352546,0.06629011197220562,-0.6725916403627341,-0.17938762216119306,-0.6075570524843633,0.04474474297992596,-0.3755710735355859,-0.16457495238941947,-0.0001778319181547546,0.13399946350125655,-0.18964765739972742,-0.3020405705857752,-0.40251736408083644,-0.7775890819261259,-0.014585699897204485,0.09192199935461098,-0.31579055782885196,-0.28076934550973837,-0.09922883990719548,-0.4817702006241682,-0.1056497668925314,0.1084848898529478,-0.6010392594589601,-0.9165707254942448,-1.0400347154597875,-1.1756883677445484,-1.1648387828320783,-0.9264053055446898,0.17957654615592514,-0.5936440626140559,-0.2215166814015153,-0.870557725646066,-0.845059465133874,0.6148254382540599,-0.157662274952546,12.358301271633763
6.565,0.06248309925259,0.8169352225608,25.8,149.9,0.2579099237918854,0.2387939095497131,0.699999988079071,35.20999908447266,0.2410351186990738,55.81299209594727,28.23225402832031,156.26,3.7,71109.0,604.0,25.5392,19.687,6.87,4046.0666666666666,639.9701205079514,5.435907589570977,111.113,48.363,43.95,6.87,30.453854606755456,0.8473062281162614,50.12,299186.0,8.188156481532047,41.53969380882165,50.2721497096463,56528.0,34807.04,22100.67,29.449202691670408,16.989687864542002,16.989687864542002,4.19935794066213,97.31,0.2617224762377289,-3.0140113058568265,-0.5187651604438961,-0.2429998837527013,-0.07201237489012179,0.06216622424557285,-0.26049661116957434,-0.10176414413741308,-0.5331104060440918,-0.33699559420398656,-1.37309220343582,-0.17828802645416172,-0.05469675832857068,0.06550385873153891,0.08821619490997983,0.047941324926380535,-0.030279724145113818,-0.06768279756387703,-0.08935229028799796,-0.17997596495402726,0.01774446093156092,0.0847160900006535,0.033556889752120456,0.023537903394423087,-0.03605899798030648,-0.09116192348738865,0.06314307288916189,-0.004013090463332629,0.13953690971697258,-0.24752027150168984,-0.377365511614525,-0.048248061585191626,-0.36378523078722114,-0.039464883888688386,-0.36242346579826584,-0.0399409954254098,0.4693792593519497,-0.37617776373916395,-0.3714347863706764,-3.0354709008848513,-0.10003752345674231,12.358301271633765
6.245,0.1588374700712,1.276391951719,28.1,472.3,0.315296471118927,0.3112873136997223,2.599999904632568,31.51000022888184,0.2990298569202423,255.4457244873047,128.9045104980469,47.0,1.3107136824324324,36372.0,288.0,18.2749,8.0877,7.75,507.0,653.2327586206897,5.172413793103448,55.68,23.55,11.03,7.75,12.063693803924313,0.472838893581081,63.26,168105.0,10.1,30.6,59.3,59606.0,41956.5,25127.5,34.79581925675675,15.15646114864865,15.15646114864865,0.5191153820594531,50.55,0.5952218971832388,0.21068767512724698,-0.07862619623239168,-0.49622703976867716,-0.3481019445044123,0.1354749485722584,-0.4579255350270081,0.0404743698146531,-0.6515036187324365,-0.3280380617632744,0.766178603959993,0.011839170368573848,-0.10042788892909311,0.08274661006952828,-0.2009569697944297,0.011651630999075291,-0.17940810003588128,0.05768648098688985,-0.09543691602273004,0.2815114407249754,0.5936858451497182,0.12865067392765087,-0.31110950487960554,-0.2067561054044472,-0.27917278127535056,-0.2522248564463793,-0.340514677082774,-0.2404132295407543,1.1932978555350664,-1.1601989966438218,0.3989185465283112,-0.12530836874573711,-0.37890841274566434,0.5315205510657117,-0.9244002752813026,0.21721423678019222,0.8712804023717252,-0.09552628913309857,-0.1754871008232517,0.48434782461585396,-0.506684530693764,12.358301271633765
6.515000000000001,0.06897301535367,0.6676463154617,27.7,447.3,0.7420581579208374,0.3893652856349945,2.599999904632568,30.68000030517578,0.3614922165870667,222.1938934326172,129.6773071289063,107.39,3.73,96920.32,2066.12,58.97,40.44,27.91,610.38,465.7391638635272,9.928495915425277,208.1,77.67,61.57,27.91,13.785865223981112,1.7056792964710272,34.96,786132.0,20.47490893033877,43.41481379464505,36.11027727501618,31295.0,29723.0,15547.0,9.581485948260582,8.895328795155292,8.895328795155292,0.8326497317534427,104.89,0.8548016811818867,-1.1573215743091623,-1.2208687265440463,-0.22957928582370216,-0.12673892615184168,0.6058758000609229,-0.116433865341667,0.13623055549704635,-0.4455136783128639,-0.006250106491360707,0.46957172202115166,0.10715664579429562,0.04445070534528613,0.11577117930963683,0.23549391012777754,-0.13456567318133103,-0.003718246956990893,0.10676501245898584,0.1521505854672076,0.22407401960875029,0.07162945272496546,-0.1675505230375618,0.11770485029225537,0.02129348120469632,0.013177310913926377,0.37555664391567256,-0.10577531817085051,-0.021235140256600744,-0.5342600384428305,0.6549840099419049,0.5973969313210107,0.16946268713086207,0.9808592159366941,-0.5444812441237757,0.0016396441101123038,0.007420363523755673,-0.6512793798574189,0.6059944765797517,0.5198109822843846,1.7751210125410593,-0.44098175156872355,12.358301271633763
6.66,0.1829329069306,1.759549358588,27.7,434.4,0.4098489880561829,0.2989175021648407,2.0,30.52000045776367,0.2891339957714081,288.1651306152344,129.0,92.75,1.5386300675675677,45158.0,696.0,33.0483,14.6795,31.74,196.0,387.35632183908046,5.970149253731344,116.58,42.49,20.02,31.74,25.258358901966528,0.555059543918919,52.85,465622.0,12.3,44.1,43.6,67794.0,41956.5,22104.5,40.84636824324324,17.791976351351355,17.791976351351355,0.9989242570341496,59.34,0.5290742865485121,0.2937883296526865,0.16506230564464394,-0.35018694918538285,-0.4292311956531298,0.11839765488236613,-0.4803118022093018,0.08013685455848574,-0.7483436641052931,-0.4846615928656164,-0.1448252511469376,-0.048327958798454564,0.003844817225003553,-0.019753915170357184,-0.02087264594244857,0.051598473694064374,-0.015203744313120252,-0.2351449626111702,-0.2272486271067423,0.09479393737900958,-0.21857307886266883,0.08812533343570277,0.061725718139105025,-0.048058508672698265,-0.34623757083567136,-0.2189407125305282,0.05968457619622488,0.1122137597866808,0.07430130609582886,-0.45499770046181603,-0.16957470643552286,0.005166153987104331,-0.020749227052461183,0.028785854884509538,-1.3423507276272917,-0.07325706896770308,0.19143787407580906,-0.5324041629359137,-0.5102320218452953,0.1917218215552099,0.10645514181242555,12.358301271633765
7.02,0.216094553184,2.214483648776,25.8,149.9,0.4290626347064972,0.1921222656965256,2.200000047683716,32.20000076293945,0.2036978155374527,244.8415679931641,129.0,156.26,3.7,71109.0,604.0,25.5392,19.687,6.87,4046.0666666666666,639.9701205079514,5.435907589570977,111.113,48.363,43.95,6.87,30.453854606755456,0.8473062281162614,50.12,299186.0,8.188156481532047,41.53969380882165,50.2721497096463,56528.0,34807.04,22100.67,29.449202691670408,16.989687864542002,16.989687864542002,4.19935794066213,97.31,-0.8591963361497248,0.37085652773591954,0.1775365462771117,-0.3416263231752461,-0.15312780265424977,0.06279319073242932,-0.41568253151052453,0.046086854161881664,-0.7342487095243692,-0.7973121177994599,0.460011058809415,-0.03947631380462898,0.10365435592573032,0.1932372916318241,0.05165454318094217,0.050400270491444576,0.0063150790797153284,0.0061050386197626,-0.07211749433681724,-0.14289166425753164,-0.48844887316721136,0.18617074836606207,0.028075264317596105,0.049862184358198114,-0.0773679588199863,-0.07331569716065633,0.010377024284055144,-0.03704208620536187,0.14274686906203193,-0.420512285189572,-0.6265445008385703,-0.12870008073565467,-0.15607390159928103,-0.08400450417028187,-0.5131481505687597,-0.24114104065836636,1.1988767099732545,-0.6019836554137799,-0.6820795325085056,-4.609261207782399,-0.01837068639834542,12.358301271633763
6.85,0.2044854036256,4.393743349293,27.4,161.7,0.4772187471389771,0.1235397160053253,1.799999952316284,34.18999862670898,0.1388000845909119,243.8013305664063,129.2899780273438,90.0226,0.7435,42621.0,380.0,29.4862,26.9367,6.0698,1695.8666666666666,337.6107982224757,3.0100678849520373,126.243,48.203,43.513,6.0698,23.893469695255813,0.8922933064271592,52.67,391262.0,5.5,42.2,52.3,87708.0,38644.0,23300.0,29.21013066820637,20.030529177502824,20.030529177502824,4.456108026187788,110.8,0.23448092771252302,0.3270541382254854,0.640092523164789,-0.06045676759639618,-0.08954952616018223,0.33046228272647404,-0.7383991435799472,0.10740506292077996,-0.7377888885834277,-0.671716327306258,0.6416195430266044,0.02970853731180952,0.03695649872073681,-0.25744183157864525,0.006010651260282958,0.11781846088044383,0.006380967743650823,-0.05818890890845622,-0.09736111908640377,0.008818735652854256,-0.14982868154022264,0.29723841456629735,0.11895416177426225,0.0597132414816736,-0.04241018188256884,-0.2197375248348822,-0.007147765606770847,0.04702586768922538,-0.07150735664187369,-0.3821123932196448,-0.4127645340863184,-0.17496896802074594,-0.42970806135191175,0.003866645371181532,-0.4616320054260879,0.04945489587925326,1.0521779346176858,-0.7547467823161037,-1.5941253224949221,-4.462744574439832,-0.49343237095329834,12.358301271633765
7.109999999999999,0.2359938898278,2.381356845608,27.3,416.7,0.2698071599006653,0.1796951144933701,1.0,34.31999969482422,0.1937560886144638,249.9428100585938,131.9918212890625,94.5485,2.1563,46537.0,680.0,35.5076,21.2759,9.55653,702.0666666666667,383.5888559182328,5.60501153972964,121.32,51.283,28.768,9.556533333333334,22.96171465687948,0.7568755271663641,40.05,477450.0,5.7139813203593866,53.40210944990944,40.88390922973117,54771.0,36208.0,22771.0,14.874310622850874,16.990620933097066,16.990620933097066,2.7751741163370838,74.2,-1.0703191166826895,0.8274356424062507,0.2480137911163088,-0.07113812380944202,-0.13329554432976498,0.24346971505268566,-0.5607208430354154,-0.13208680723336252,-0.7522641714346788,-0.6525084345682345,0.7978448610937584,0.17249315928802286,-0.058096214830572666,-0.10659863799733345,0.0921406948472218,0.19406629615854643,0.07946614596779981,-0.012936297176619224,-0.023741057925219744,0.1476754606187257,-0.056802065557875,0.23866963621706416,0.04570121938171123,0.06721085317402482,-0.04994854491712367,-0.1887745403344002,0.014000261836113248,-0.057419980500661515,-0.035753232926580315,0.07608263086224916,-0.37859896448144864,2.011002278151316,1.083866373004449,0.24478611838844153,1.046006466232414,0.2409955627683582,0.29607924906580113,-0.566817387073045,-0.3894053831823176,-1.9459527782349682,0.35740037301470634,12.358301271633765
6.815,0.1722557157185,1.662176009124,27.8,233.8,0.3344251811504364,0.4704570770263672,1.600000023841858,31.17000007629395,0.4263656735420227,243.0920715332031,129.7129364013672,107.34,6.28,66001.9,1675.31,49.3,18.28,27.37,612.65,435.2825957923893,11.048671107300668,151.63,65.22,31.43,27.37,10.04493389674318,0.8095851014325984,41.74,774172.0,21.96364940618549,42.590832655196046,35.44551793861847,49137.0,30324.0,14574.0,6.059303494414041,4.22208657852724,4.22208657852724,0.6829462442173873,55.57,0.8632179061068072,0.5465752461819436,0.10697679702866185,-0.08932965731030817,-0.009305169616459738,0.20290393127812786,0.14335976589474017,-0.04728567442650163,-0.6816014564449772,0.05217812792544733,1.0790154072209792,-0.0770659757717449,0.11693811216435313,0.16637328339238655,0.17332190369418932,-0.2070305642740462,0.2880234950888017,-0.05862101783564396,0.08022509671131746,0.1521307615634083,0.24048601178291631,-0.33859710286917616,0.007388430606962555,0.3021134365665679,-0.21793307706186762,0.039846028998961135,0.06042232649165132,0.07996328238158974,0.003586051292615059,0.7480000455983625,-0.09877799061660768,0.3316553429677567,0.4877532425991509,-0.03270860294980057,0.663336086569254,-0.045412401033443274,-0.9749214352324976,0.46932368887277587,0.37322312034105165,1.6413996588836028,0.4153623989537607,12.358301271633763
6.445,0.1367118254852,1.298144584647,4.3,26.0,0.2148696184158325,0.4087094664573669,0.4000000059604645,7.809999942779541,0.376967579126358,334.9280090332031,131.3819274902344,60.6455,0.7705,18738.0,201.0,20.6519,13.225,6.148,775.0,236.6058463286824,2.5380390176147487,79.195,32.652,23.515,6.148,12.782698470895246,0.7724210753786316,47.21,209885.0,11.2,48.7,31.3,49780.0,37342.0,15884.0,8.251880779338212,6.642425473153561,6.642425473153561,0.2421040892193308,53.7,0.8955559919991535,-0.15921207520477396,-0.024282182079247667,0.14292361445175264,-0.1691995429714558,-0.019166693530647816,-0.24676754890688954,0.24625333560162913,0.08021267049433593,-0.11107958235110645,-0.08569131824416536,-0.01557274275825741,-0.534791987917382,-0.40239346559420003,-0.6792526708739581,-0.015602381857386716,-0.043463076186912954,-0.6535677123028322,-0.08276134550553278,0.12543044804139303,-0.1551867290109216,0.19233067366982692,-0.3225261661915188,-0.07037522002907808,-0.6426854323673189,-0.11934801902181702,-0.21545978407471997,0.06445039514159127,0.25291273928494684,-1.1551285379324663,0.6753224785362865,0.8587767118958651,-0.08193710630707662,-0.11338246876027698,-0.6361311444666576,-0.3264927840430316,-0.9789911467803295,0.6923451071823868,0.6067814450935953,1.2273189742691306,-0.5314431981392044,12.358301271633762
5.985,0.1680037495316,1.757371613585,3.0,22.0,0.2996407449245453,0.4820165932178497,0.6000000238418579,9.25,0.4356132745742798,260.926025390625,103.5349197387695,102.75,4.78,82098.0,1049.0,61.06,47.59,26.67,1144.0,402.7768238237748,5.1464455673845855,203.83,80.46,75.07,26.67,13.502993313811004,1.3571426592267275,41.38,826658.0,19.61414974691788,40.554352669645,39.83149758343712,37647.0,31064.0,14954.0,10.01000072751194,7.077667062460118,7.077667062460118,0.8315029869915178,92.59,0.5972060688151629,0.7150371854109681,0.38185686087174187,0.49838374405724933,-0.121573808026743,0.515788981684913,0.2043217521912791,0.033666641291060895,1.049742385151668,0.10568181601101075,1.758063269796218,0.3284161703544046,0.09809429676820598,-0.1040915233754059,0.12749970010575526,0.16998583133892664,0.2308649232677542,0.6945589003237905,-0.0965227881848052,0.01850752057752943,0.12935004602709807,0.3717522624065726,0.25506010215226427,0.28529721653325685,0.6296623741241425,0.007433907026523023,-0.0934092927120876,0.11791901301420937,0.01747515923706248,1.359208633386847,0.6687404811463283,0.14704161922077366,1.1025426852598066,-0.2722280950472548,0.8510473925174534,-0.17240270907599475,-1.1402861750375266,0.6986258707863716,0.7131309250849163,2.1923269772509246,0.34582913425823864,12.358301271633763
6.65,0.1552940102061,1.245185176499,3.1,22.0,0.2493519634008408,0.2066291272640228,0.550000011920929,7.429999828338623,0.2153033018112183,325.0343017578125,121.6630172729492,62.8682,0.7473,30465.0,544.0,23.7417,15.1611,8.037,883.0,391.6363496124131,6.993276684364113,77.789,31.907,28.226,8.037,12.555758966506351,0.9191379276851872,47.4,302484.0,8.8,57.3,33.9,63896.0,41068.0,18414.0,9.819277128486252,7.904115227830772,7.904115227830772,0.4381657992565056,63.9,1.4269893011752808,0.35723371096852885,-0.07028582801365084,0.27126805912424085,-0.13161242682174082,0.48997219164509803,-0.39679470083654045,0.2519122295896153,0.3897717517192059,-0.5059351246040847,0.6191985083505274,1.0007342401982493,0.11098828858173586,0.029524576373447076,-0.05585779623471102,0.4274274702978862,0.17820694585373134,0.08829478890667082,0.02880691500201264,0.3182126306432462,-0.09674623869722347,0.271907098485679,0.0894866340528726,0.16963595025493192,-0.038406535445505284,0.18980634732724497,-0.12889594054138578,0.39570880955632276,0.3673045808437445,-0.7640099014150447,0.7912726694099409,3.772197867269599,0.8643627711244757,0.19062903948701448,-2.006305658732104,0.09996709384385809,-0.82950301380785,0.3604640220235593,0.5027691455612141,1.4199192114446577,0.14276998040990488,12.358301271633763
6.99,0.1059911845053,1.263483969206,2.7,19.0,0.1251616626977921,0.1729066520929337,0.300000011920929,4.829999923706055,0.1883253157138824,142.1536865234375,121.3395462036133,41.8,0.9984,37631.0,382.0,12.2266,9.8512,4.991,6472.866666666667,481.9852705731668,4.89273134806276,78.075,30.563,28.728,4.991,21.398798506227283,0.8755846807233554,35.03,369846.0,16.504901960784316,31.65686274509804,51.83823529411765,26213.0,35691.1,13158.53,16.539135979595088,17.556710821702243,17.556710821702243,1.1884593356762363,77.55,-0.7665933744891199,-0.24624392390887495,-0.07811705283812014,-0.062068703578483146,0.036560800705788425,-2.488487752849431,-0.3055180623141443,-0.26961057818078804,-0.2364377481620653,-0.44152642856071217,-1.052314468695575,-0.19487987103870305,-0.11244585867399169,-0.1848488888221176,-0.0570959450356091,0.06288076395762156,-0.03507769305898379,-0.06831516554004395,-0.37547696934613306,-0.4124157170480605,-0.14595514601277487,0.09997668660766228,-0.0185522675952643,-0.007165543242127949,-0.11951622844381664,-0.24184297243608724,-0.0343135815743768,-0.061696983418492723,-0.4209888059120888,-0.866238039469324,-0.23940392104869934,-0.5316752289717029,-0.6118781359649913,-0.5475088972860175,-0.47158207847395744,-0.24741453591803028,0.18320595927963387,-0.6167744602681426,-0.39764841392691846,0.21934621873329732,0.010912180460424956,12.358301271633763
7.15,0.2125038355892,2.335936137249,2.7,19.0,0.1458965837955475,0.2414888739585876,0.25,8.65999984741211,0.2431910932064056,232.277587890625,129.3061218261719,41.8,0.9984,37631.0,382.0,12.2266,9.8512,4.991,6472.866666666667,481.9852705731668,4.89273134806276,78.075,30.563,28.728,4.991,21.398798506227283,0.8755846807233554,35.03,369846.0,16.504901960784316,31.65686274509804,51.83823529411765,26213.0,35691.1,13158.53,16.539135979595088,17.556710821702243,17.556710821702243,1.1884593356762363,77.55,-1.687263636444652,0.2589342459414794,0.10821791797252388,-0.05419035063464647,0.05031908070565866,-1.3432454824808557,-0.21843443269001597,-0.4625012718284809,0.1950816874160907,-0.2777945543116545,-0.4859494284071651,-0.009932874160539437,-0.2799751033240113,-0.3339608904363324,-0.05527470614867495,-0.1743151729472521,-0.09585035163647411,-0.14691138150970154,-0.4150371133600754,-0.6901819360180528,-0.10988869011477796,0.07879126370792243,-0.11433193117620126,-0.019341463763182017,-0.09767792175435763,-0.3686535452618422,-0.07691591183419315,0.05511254921137606,-0.4424639265750048,-0.9456054479953178,-0.1488374819544619,-0.9329312202715231,-0.6137233727600081,-1.3052538647728795,0.12880704860202827,-0.5086681943050687,0.18327324112266283,-1.004045835268589,-0.7162132939769368,0.6932514530266017,0.07113660203590193,12.358301271633765
6.785,0.1153866267697,1.123266199194,3.8,6.0,0.1045826151967049,0.1064843088388443,0.2000000029802322,8.489999771118164,0.1351874470710754,55.81299209594727,28.23225402832031,156.26,3.7,71109.0,604.0,25.5392,19.687,6.87,4046.0666666666666,639.9701205079514,5.435907589570977,111.113,48.363,43.95,6.87,30.453854606755456,0.8473062281162614,50.12,299186.0,8.188156481532047,41.53969380882165,50.2721497096463,56528.0,34807.04,22100.67,29.449202691670408,16.989687864542002,16.989687864542002,4.19935794066213,97.31,0.062115537591410176,-0.12403724563501596,-0.3282841571826562,0.08371463760040017,-0.05150492865119679,-3.1694444423338104,-0.611166990795814,-0.5746196572333535,0.15612113913761813,-0.6257864267314937,-1.354949711128637,-0.07178261030063736,-0.11085803473097873,-0.0026784519396623094,0.07546036250941873,0.0773090278904951,-0.02579849557746298,-0.006025095889904732,-0.2036408205789099,-0.19377912267060934,-0.1591521152734654,0.12435718841063252,0.04086408419223553,-0.008286017235110696,0.05107658745297642,-0.12577983090290787,0.09613615208692189,0.055846540059387086,0.04713909353515302,-0.6737570098511189,-0.4417457360250863,-0.3110539264867591,-0.11578969893920321,-0.007312594490585318,-0.21362274678709428,-0.028498487725408084,0.7537220508127334,-0.45393004809896637,-0.4665148670675241,-2.470540870409628,-0.05460730744975073,12.358301271633765
6.615,0.2498670891447,2.540322618316,3.9,31.0,0.2856614589691162,0.474615067243576,0.5,9.329999923706056,0.4296920597553253,255.4457244873047,128.9045104980469,47.0,1.3107136824324324,36372.0,288.0,18.2749,8.0877,7.75,507.0,653.2327586206897,5.172413793103448,55.68,23.55,11.03,7.75,12.063693803924313,0.472838893581081,63.26,168105.0,10.1,30.6,59.3,59606.0,41956.5,25127.5,34.79581925675675,15.15646114864865,15.15646114864865,0.5191153820594531,50.55,0.9405623795470607,0.7027827957423322,0.24532523817758944,0.10504286797993394,-0.055954154123259846,0.15215784308679722,0.15585844610090352,-0.023044773288562286,0.48280583607529404,-0.0061082718627814,0.8000282322981594,0.049400654743838666,-0.15165799091762633,-0.06252137175395085,-0.1002120260129707,-0.17094586614827736,-0.35043842039939394,-0.2611889845124938,-0.2667722866963467,0.2839082546856011,0.5111887622269565,0.14672708119837585,-0.6332167251024048,-0.5435215730061385,0.15418362651696796,-0.0855586641338902,-0.23516398719630813,-0.4592920887192,0.6351390345608521,-1.4159493099026694,0.24571285725192937,-0.4447321162286451,-0.3271746593009824,0.5620491769949723,-0.7098419711558742,0.7438988317979166,1.0091484454952042,0.8278331200343617,-0.269507032246256,0.33973202810095815,0.3194131894725676,12.358301271633763
6.77,0.05802006594736,0.5796685970171,2.9,21.0,0.3063189685344696,0.4518246054649353,0.4000000059604645,6.610000133514404,0.4114596843719482,222.1938934326172,129.6773071289063,107.39,3.73,96920.32,2066.12,58.97,40.44,27.91,610.38,465.7391638635272,9.928495915425277,208.1,77.67,61.57,27.91,13.785865223981112,1.7056792964710272,34.96,786132.0,20.47490893033877,43.41481379464505,36.11027727501618,31295.0,29723.0,15547.0,9.581485948260582,8.895328795155292,8.895328795155292,0.8326497317534427,104.89,0.4237731912087228,-5.4498196378614745,-1.7794270106893213,0.26236013697804456,-0.04329896903200529,0.23233010581316357,0.1334913405815942,0.2661450203358276,0.4448600238803791,0.11840960337170518,0.14006243344463135,0.2187532301053184,0.05938483387175223,0.09407341329386824,0.23044269669052894,-0.07285967004662448,0.05706491372278207,-0.07777581062690316,0.39465063718083554,0.2285421694694306,0.15852752033483633,-0.17389960502112065,0.1741925695722084,0.024269228467676946,-0.009627508698450526,0.5445381939783778,-0.03399950931457788,0.1089445954293043,-0.2640156797275495,0.3025049091949361,0.09048554098065364,0.19177519965740597,0.5029999055547361,-0.17515697301877156,0.22969213101082744,0.09280403571135354,-0.3957475124533352,0.3695201798088505,0.5586328598938931,1.241811754654089,-0.06123112833275268,12.358301271633763
6.915,0.1489192472501,1.309372686006,2.6,25.0,0.2328783720731735,0.3379221558570862,0.449999988079071,9.550000190734863,0.32033771276474,288.1651306152344,129.0,92.75,1.5386300675675677,45158.0,696.0,33.0483,14.6795,31.74,196.0,387.35632183908046,5.970149253731344,116.58,42.49,20.02,31.74,25.258358901966528,0.555059543918919,52.85,465622.0,12.3,44.1,43.6,67794.0,41956.5,22104.5,40.84636824324324,17.791976351351355,17.791976351351355,0.9989242570341496,59.34,-0.5901417811446806,0.1490667078224587,-0.13349580655707957,-0.11199479374025256,-0.09454326131743225,0.21175210857327698,-0.5188906253214371,0.06764135053451192,0.44839470731121933,-0.37412114491292997,0.1081412892536507,-0.02961437796410434,0.10468138053611324,-0.10879414306632855,0.00892003513870406,0.11551561744181149,0.04023832944843253,-0.1591329910433105,-0.029646949503927544,0.06875178166404868,-0.2330244780988037,0.09674685037385267,0.060932137023351686,-0.01763360830497825,-0.33422081600511117,-0.08693103894741842,-0.17738115799622908,-0.06425109455183449,0.16631928362823953,-0.4470859432850212,-0.23335516356262861,-0.37203986447779774,-0.024059675872751967,-0.0139710150149203,-1.686174443218837,0.041087054335614846,0.2940747193759589,-0.680125346027071,-0.6065848759915191,0.5047751984678888,0.0981870576590067,12.358301271633765
6.705,0.2523850853452,2.438119775099,3.8,6.0,0.2356555312871933,0.3786807954311371,0.300000011920929,8.529999732971191,0.3529446423053741,244.8415679931641,129.0,156.26,3.7,71109.0,604.0,25.5392,19.687,6.87,4046.0666666666666,639.9701205079514,5.435907589570977,111.113,48.363,43.95,6.87,30.453854606755456,0.8473062281162614,50.12,299186.0,8.188156481532047,41.53969380882165,50.2721497096463,56528.0,34807.04,22100.67,29.449202691670408,16.989687864542002,16.989687864542002,4.19935794066213,97.31,0.25246809892303035,0.7700499040172532,0.2451667492939125,0.19157638456792406,0.09296179346988705,0.06064843936214115,-0.22047490523187077,-0.5555984555420298,0.3100731001521914,-0.1245808336365191,0.5934681362590299,-0.008508350931719347,0.1428000223614921,0.25166623977068825,0.13649383523125477,0.11322312927891291,0.029529738939374568,-0.18700239345047445,-0.026950920485639147,-0.14772532999910426,-0.2904045758962663,0.27234405103850473,0.01533874185165566,0.011396413074727349,-0.06390121926578025,-0.06449087862958991,-0.07284255835140081,0.05843676484861645,-0.10325885885151243,-0.6478361609598412,-0.24060994832080987,-0.16085260492378708,-0.11460843429958878,-0.1623828892683389,-0.9186317835367296,-0.06334528979959801,1.891378422561356,-0.44708898514336654,-1.229088778410504,-5.4578788798828555,0.007015315712478228,12.358301271633763
6.83,0.1606819690298,2.347291146801,3.4,7.0,0.1968807429075241,0.4173991978168488,0.4000000059604645,7.550000190734863,0.383919358253479,243.8013305664063,129.2899780273438,90.0226,0.7435,42621.0,380.0,29.4862,26.9367,6.0698,1695.8666666666666,337.6107982224757,3.0100678849520373,126.243,48.203,43.513,6.0698,23.893469695255813,0.8922933064271592,52.67,391262.0,5.5,42.2,52.3,87708.0,38644.0,23300.0,29.21013066820637,20.030529177502824,20.030529177502824,4.456108026187788,110.8,0.23210929335387154,0.09933910906755006,0.12009460916978938,0.0827381595813959,0.04177769137162657,-0.6338912603121861,-0.09371394711653747,0.026238045340169786,0.1421564986973315,-0.09550960778636937,0.3526026077697928,0.017658357025487088,0.040548547439353246,-0.33761690843823594,-0.019869097493240246,0.09349124813684213,0.06385217105906549,0.02932009889720359,-0.186979297635522,-0.06339832983574645,-0.14540442681634994,0.030212457698593116,0.11983820843818294,0.08159157640283843,-0.008774798685989812,-0.2471436336505374,-0.1419124329324746,0.06489851497997179,0.44845507723456346,-0.38849953982020585,-0.33487026419088567,-0.42238761522840784,-1.512684331130864,0.006090062020050913,0.045567535933665394,-0.10889121937374291,0.5918684817143108,-1.5986799622048664,-1.3320512517368683,-4.5013289991554855,-0.7119816208884234,12.358301271633763
6.869999999999999,0.1145043187526,1.247618436804,2.5,13.0,0.1359676569700241,0.2386392802000046,0.2000000029802322,7.710000038146973,0.2409114241600037,249.9428100585938,131.9918212890625,94.5485,2.1563,46537.0,680.0,35.5076,21.2759,9.55653,702.0666666666667,383.5888559182328,5.60501153972964,121.32,51.283,28.768,9.556533333333334,22.96171465687948,0.7568755271663641,40.05,477450.0,5.7139813203593866,53.40210944990944,40.88390922973117,54771.0,36208.0,22771.0,14.874310622850874,16.990620933097066,16.990620933097066,2.7751741163370838,74.2,-0.055950952968010004,-0.11830986853038901,-0.021555151511143917,-0.1294470873468833,0.1632577546047854,-2.6339872278511707,-0.39423725522140285,-1.1233104089948764,0.13954614198427873,-0.4483196381961598,0.6288082368112898,-0.0032726679330932207,0.07204531912750929,0.022821522311588256,0.04282341956445649,0.18618756562781313,0.06719958737630256,-0.04100645473676708,0.026969352272811647,0.17845886382124485,-0.03970160777549977,0.12881586290186633,0.0858134918758003,0.11170024119950817,-0.20388811726913345,-0.0036452457612280074,0.06792515448361014,0.08648105139674167,-0.10826760690910457,0.13872194416046202,-0.5041792679779297,0.8789976243126997,0.8093342261955373,0.24755092709251084,0.7454363804063062,0.13109379390173462,0.48851485135016065,-0.5283098716858766,-0.44234497019179764,-1.6926568345671231,0.4925776259177846,12.358301271633765
6.825,0.1765552201383,1.925569515421,3.0,9.0,0.3023658096790314,0.4583475291728973,0.6000000238418579,7.800000190734863,0.4166780114173889,243.0920715332031,129.7129364013672,107.34,6.28,66001.9,1675.31,49.3,18.28,27.37,612.65,435.2825957923893,11.048671107300668,151.63,65.22,31.43,27.37,10.04493389674318,0.8095851014325984,41.74,774172.0,21.96364940618549,42.590832655196046,35.44551793861847,49137.0,30324.0,14574.0,6.059303494414041,4.22208657852724,4.22208657852724,0.6829462442173873,55.57,0.8098205862524127,0.7220431673622935,0.2731181869517408,0.2193109892945865,0.21316498598728875,0.5259961387836039,0.2646707107758394,0.1462933188829759,0.20418026523736024,0.08037426811921271,0.8828406125026732,0.05419862422469146,0.08969867360004728,-0.017483337151209533,0.15876905879545564,-0.3084338056635298,0.16694011176448997,-0.16897926760756735,0.016144623359612087,0.14303351039993592,0.03504108582458487,-0.45467771776492194,0.08250261319994608,0.11238792053221625,-0.20476006738929145,-0.04418684533511463,-0.027817676131606905,0.08390367940652894,-0.06844937662574131,1.4720348813587425,-0.4794804807414053,0.43428024277355837,0.3835002486787669,-0.0870776884232695,0.8890533914829498,-0.009888316627853685,-1.5373055268908498,0.5245372499784057,0.3083090761959559,1.7792625272715579,-0.05069836258230328,12.358301271633765
6.359999999999999,0.3182215058186,3.183907364943,20.0,15.0,0.6330850720405579,0.9256718158721924,1.5,23.90999984741211,0.790537416934967,334.9280090332031,131.3819274902344,60.6455,0.7705,18738.0,201.0,20.6519,13.225,6.148,775.0,236.6058463286824,2.5380390176147487,79.195,32.652,23.515,6.148,12.782698470895246,0.7724210753786316,47.21,209885.0,11.2,48.7,31.3,49780.0,37342.0,15884.0,8.251880779338212,6.642425473153561,6.642425473153561,0.2421040892193308,53.7,1.0017755940793807,1.483077192315225,0.43462228859043933,-0.21465153715325033,0.5473868835579663,0.3306736869814988,0.7949003778427799,0.10703241916761996,0.6943852192963104,0.7347633471610219,0.3484538020198353,0.1075817090458376,-0.6153456458968585,-0.4529714081493004,-0.9912609397458011,0.05332016654080155,-0.42187715104771534,-0.5345951374333003,-0.5070104204464005,0.14275606778743674,-0.2379846720786906,0.27427016869538984,-0.14473971784500952,-0.45680974684023884,-0.3340372722865754,-0.15778931465479107,-0.2699515096297926,-0.010502651207838479,0.13896382243757074,-0.8368013920518936,0.8953696195879747,1.2560765790413162,0.3379539790819109,-0.030915070751221203,0.1121565466612459,-0.2370635557851549,-1.1860349542491773,0.7088113521788854,1.2493604651490964,1.3708207063474365,-0.5886997817726773,12.358301271633763
6.625,0.09037240693334,0.9771361460098,18.1,31.0,0.5859137177467346,0.7720003128051758,2.700000047683716,23.25,0.6676002144813538,260.926025390625,103.5349197387695,102.75,4.78,82098.0,1049.0,61.06,47.59,26.67,1144.0,402.7768238237748,5.1464455673845855,203.83,80.46,75.07,26.67,13.502993313811004,1.3571426592267275,41.38,826658.0,19.61414974691788,40.554352669645,39.83149758343712,37647.0,31064.0,14954.0,10.01000072751194,7.077667062460118,7.077667062460118,0.8315029869915178,92.59,1.2101813692099777,-0.4816457213973542,-0.481249772338647,0.45671676288089974,0.10815369149642207,1.1167919814157068,1.2970243712398921,0.7300240213506295,1.0384803499253257,1.2861045227294499,1.8384088225431083,0.268485867180064,0.13208534353589055,-0.6666493809198926,0.38004999026378766,0.05293304698761769,0.2761366236274673,0.6654386609166564,-0.055319388346014055,0.08453302078049996,0.24737597082303905,0.43919535880929406,0.19661033211049692,0.24697941612593924,0.9237981133120506,0.030049494160875916,-0.080916940777366,-0.053460061023969274,-0.044651950201256195,1.9603055882162235,0.48825445417067553,0.3927144353718563,0.9782485668482009,-0.276157094611633,1.4863972157967273,-0.3519596274723608,-0.972841447938448,0.4925762220331739,0.34892743895418005,2.326516206734656,-0.024975513346071992,12.358301271633763
6.82,0.2751994788049,3.039642289716,18.6,19.0,0.4976628124713898,0.4495828747749329,1.5,25.32999992370605,0.4096662998199463,325.0343017578125,121.6630172729492,62.8682,0.7473,30465.0,544.0,23.7417,15.1611,8.037,883.0,391.6363496124131,6.993276684364113,77.789,31.907,28.226,8.037,12.555758966506351,0.9191379276851872,47.4,302484.0,8.8,57.3,33.9,63896.0,41068.0,18414.0,9.819277128486252,7.904115227830772,7.904115227830772,0.4381657992565056,63.9,0.839654046286021,1.6517761428016622,0.631402194137321,0.42881549219071075,0.701585815096176,0.7753842327275985,0.2454946066254212,0.10134418443075137,1.1359461584277943,0.33819374586244805,1.0541912612527113,1.0418074221973908,0.040794129701086014,0.002702558150253035,-0.09004844453442518,0.6925027026058048,0.38293122047300815,0.2423674819714242,0.3732805032039945,0.3544442985713707,0.19043690019398637,0.5418335026069839,0.12832598093452333,0.18378395953316864,0.13949755436589184,0.19827288196431736,-0.04260531228106723,0.39703430507813553,0.09762962360495964,-0.2688247855252723,1.6118914796748356,1.644133439339574,0.6492278541514671,0.5887097307341037,-0.9097764069932538,0.3187201135062095,-0.5844628116702657,0.553159284904762,0.6528178138149864,2.019309720763808,-0.0251035798011164,12.358301271633762
6.975,0.3333314348394,4.644973571393,19.3,7.0,0.3762629628181458,0.6235977411270142,1.299999952316284,21.02000045776367,0.5488781929016113,142.1536865234375,121.3395462036133,41.8,0.9984,37631.0,382.0,12.2266,9.8512,4.991,6472.866666666667,481.9852705731668,4.89273134806276,78.075,30.563,28.728,4.991,21.398798506227283,0.8755846807233554,35.03,369846.0,16.504901960784316,31.65686274509804,51.83823529411765,26213.0,35691.1,13158.53,16.539135979595088,17.556710821702243,17.556710821702243,1.1884593356762363,77.55,-0.6470599258705579,0.5903792142037959,0.3514665039922719,0.032478169269856805,0.06018395246566879,0.08531225642227676,0.18184883960488607,-0.04423998083278594,0.41459487304466486,0.14926486792383772,-1.954523903361282,-0.23944530041579792,-0.44602586067416916,-0.23204769947176618,-0.04590174218982327,-0.2374206957283239,-0.3607816605682328,-0.14785525931099544,-0.3608719305660464,-0.8710256497518577,-0.13530561823151724,-0.05734347649857835,-0.18937579262986512,-0.19557809315610922,-0.06578191793490813,-0.5169888384771318,-0.05311481815747964,-0.05010347476913209,-0.8413017079320336,-1.1733285286961956,0.034809870954521725,-0.7431645478940511,-0.8670358753293911,-1.825976641537488,-0.046228523096296915,-0.5958111503510783,0.5256554367047408,-0.8637970820743689,-0.919254853997186,0.31934314162637395,-0.2666850134695598,12.358301271633765
6.805,0.1534663517208,1.867697387561,19.3,7.0,0.4930704534053802,0.8993932604789734,1.100000023841858,24.70999908447266,0.7695146203041077,232.277587890625,129.3061218261719,41.8,0.9984,37631.0,382.0,12.2266,9.8512,4.991,6472.866666666667,481.9852705731668,4.89273134806276,78.075,30.563,28.728,4.991,21.398798506227283,0.8755846807233554,35.03,369846.0,16.504901960784316,31.65686274509804,51.83823529411765,26213.0,35691.1,13158.53,16.539135979595088,17.556710821702243,17.556710821702243,1.1884593356762363,77.55,0.08970520859405633,0.10930155765942205,0.12961195991638888,0.025469542635476544,-0.00940868503059139,0.1523493556823279,0.3230201972254073,-0.1793961461465119,0.3146102116339038,0.46224592889675514,-0.8857347061061304,-0.049505220378236854,-0.5215706849442662,-0.3043116377747767,-0.1445149869661837,0.03389594046319803,-0.1721758433184731,-0.4839196932240371,-0.5503884919480543,-1.077281139568958,-0.0989745454574632,0.13204497184523697,-0.4525189294148655,0.0015824551303276941,-0.2450910170870522,-0.7048078524692452,-0.131839666936897,0.11081089944802795,-0.5047590023241736,-1.735707190534999,-0.7960843377960378,-1.458921450849702,-0.6493671428081692,-1.322671463092395,0.002633862493773028,-0.5890103859284941,-0.18528899313470504,-0.8898066264001203,-0.9658938620701272,0.7401531277090464,0.15153909098582416,12.358301271633765
6.77,0.1042940155616,1.036290954491,19.5,15.0,0.2182116806507111,0.2789719700813293,0.6000000238418579,27.09000015258789,0.2731775641441345,55.81299209594727,28.23225402832031,156.26,3.7,71109.0,604.0,25.5392,19.687,6.87,4046.0666666666666,639.9701205079514,5.435907589570977,111.113,48.363,43.95,6.87,30.453854606755456,0.8473062281162614,50.12,299186.0,8.188156481532047,41.53969380882165,50.2721497096463,56528.0,34807.04,22100.67,29.449202691670408,16.989687864542002,16.989687864542002,4.19935794066213,97.31,0.07058393282813176,-0.42108851536970854,-0.37856680827007816,-0.25447475408912895,0.12636449086318022,-0.026334475351131686,-0.34190809734923006,-0.06556506885918556,-0.28721595104942294,-0.3489229524579925,-2.0083893072897494,-0.17158793259102312,0.007638747110776205,0.04338880785745147,0.041992618512733726,0.061568292452357176,-0.006847997535651555,-0.05564275269145519,-0.22972515582330022,-0.2785521743166787,0.010351742642644176,0.12164839063661366,0.007624408745639762,0.022267061838834794,-0.16710548807213318,-0.11913018437716792,0.0329011201090151,0.03404139684018472,-0.00777744495216474,-0.4537795031536347,-0.44596860117020265,-0.07838592881402494,-0.17495693260609965,0.0480845355398028,-0.8120084238241563,0.04967999633591783,0.9558567804482662,-0.6676577652510104,-0.5138358144075026,-3.799593382570288,-0.17167672934916642,12.358301271633763
6.44,0.148192055009,1.388260746381,19.9,15.0,0.7444897890090942,1.0,4.5,23.97999954223633,0.8817965388298035,255.4457244873047,128.9045104980469,47.0,1.3107136824324324,36372.0,288.0,18.2749,8.0877,7.75,507.0,653.2327586206897,5.172413793103448,55.68,23.55,11.03,7.75,12.063693803924313,0.472838893581081,63.26,168105.0,10.1,30.6,59.3,59606.0,41956.5,25127.5,34.79581925675675,15.15646114864865,15.15646114864865,0.5191153820594531,50.55,1.1513576199266662,0.32059200066523763,0.10871449224875122,-0.05282863344522829,0.38936002268654457,0.39041584141958996,0.7973852071403843,0.3265051416449092,0.6622036603568588,0.6431642901726423,1.038487399250896,0.0969425978061147,0.1358486663065901,0.05807320476233491,-0.275586576656153,-0.09352862821887697,-0.1387481395858464,-0.749133990625996,0.06192076313635786,0.41830203009702566,1.3188015307510719,0.2721580644282731,-0.29337076066407525,-0.36806628197042596,0.19338681566887791,-0.33631530329843023,0.11443187781685508,-0.4057597082892024,1.03697756211286,-1.1783134231262093,0.057334939450047605,-0.08959320938085764,-0.5124487463568127,0.44501493954526544,-0.31248610169253355,1.0134321971646554,1.4816008889580567,0.00617009392681848,0.49138470358712844,0.891127131310225,-0.08524708455747347,12.358301271633762
6.45,0.0752823382127,0.720559062291,18.0,8.0,0.4623614847660065,0.6657237410545349,1.399999976158142,25.68000030517578,0.5825790166854858,222.1938934326172,129.6773071289063,107.39,3.73,96920.32,2066.12,58.97,40.44,27.91,610.38,465.7391638635272,9.928495915425277,208.1,77.67,61.57,27.91,13.785865223981112,1.7056792964710272,34.96,786132.0,20.47490893033877,43.41481379464505,36.11027727501618,31295.0,29723.0,15547.0,9.581485948260582,8.895328795155292,8.895328795155292,0.8326497317534427,104.89,0.7781280332591739,-1.106238814952397,-0.975027760446196,0.22766448010196708,0.3732195203855307,0.3388846931571805,0.26495324006629306,-0.2607578637948602,0.1300362993475955,0.40729215991335094,-0.2594754919369728,0.08952161228588003,-0.03732672941657267,-0.08671144562683786,0.21234898448698747,0.09249490143228245,0.14540361961785,0.10365582174066483,0.45189828523152703,0.390037759069176,0.032950937977306825,-0.11639103317327182,0.1439090125260488,0.10515989208658356,0.05758354760773088,0.39361228684537103,-0.09322961425330556,-0.03225306351869691,-0.6132560429717085,1.0805472735466537,0.31407291005549176,0.11026547600824488,1.6235007893865399,-0.7669275178944637,-0.32396085631642785,-0.024153279162284196,-1.0118061087814365,0.5182357993454413,0.749135799991873,1.8593855901485135,-0.4301516344265557,12.358301271633763
6.745,0.165993909789,1.364430915429,18.0,4.0,0.5297542214393616,0.7643019556999207,2.700000047683716,25.06999969482422,0.6614415645599365,288.1651306152344,129.0,92.75,1.5386300675675677,45158.0,696.0,33.0483,14.6795,31.74,196.0,387.35632183908046,5.970149253731344,116.58,42.49,20.02,31.74,25.258358901966528,0.555059543918919,52.85,465622.0,12.3,44.1,43.6,67794.0,41956.5,22104.5,40.84636824324324,17.791976351351355,17.791976351351355,0.9989242570341496,59.34,0.6801836295593491,0.4561265265599788,0.12651609261573768,0.34843018081404004,0.07869649100730736,0.5347101370646313,0.9461276226658093,0.35192806454546544,0.8050128838535899,0.9507223249944334,0.3694694206255438,0.02863684877197666,-0.05035147829296053,-0.1570125517867392,0.028368644972109374,0.151004176686508,-0.05470542812984425,-0.2854816282428157,-0.3611946721801605,0.12638939516830128,-0.06935640139237369,0.17063613985588835,0.0594769873355907,-0.08193321250763264,-0.4881027654167358,-0.23457581368960864,-0.20740534068683866,0.1590183283296819,-0.0591961436384989,-0.45073725446669605,-0.17668706881018922,-0.03788808451685025,-0.17597708810803456,-0.03206957710366757,-1.640776823146297,0.30591690678484557,0.6566277512681964,-0.8739522807530777,-1.0344480102075397,0.5299342423919491,-0.09001405557416353,12.358301271633765
7.25,0.1407529893279,1.80535505914,19.5,15.0,0.5652166604995728,0.7583724856376648,1.899999976158142,25.53000068664551,0.6566979885101318,244.8415679931641,129.0,156.26,3.7,71109.0,604.0,25.5392,19.687,6.87,4046.0666666666666,639.9701205079514,5.435907589570977,111.113,48.363,43.95,6.87,30.453854606755456,0.8473062281162614,50.12,299186.0,8.188156481532047,41.53969380882165,50.2721497096463,56528.0,34807.04,22100.67,29.449202691670408,16.989687864542002,16.989687864542002,4.19935794066213,97.31,-2.7879604611803828,-0.05894176404056221,0.12422461186429597,-0.14078409870333508,0.15069461154366323,0.48516229986093506,0.6005941276706855,0.05068407196594812,0.297941822240378,0.7382246882011798,0.46216030819447557,0.018472035812818716,0.04836866979438611,0.2511099690228605,0.11951098702510166,0.20307038875842495,0.0572363348864667,0.01580138422021941,-0.1430508749695981,-0.16178329609047246,-0.10380960847200309,0.2211494503743776,0.03921676400396312,0.016650013056444757,-0.03236695592590836,-0.2334566404438887,0.17737036947071305,0.03811088537472714,-0.06867240868428344,-0.5816119409663594,-0.4649309295862301,-0.20945301798395977,-0.27419444837908596,-0.014793331176811622,-0.757650609493088,-0.03279268357827644,1.0639171487999353,-0.4010560293913475,-0.49193888206945374,-4.697645667399169,-0.26243655824296325,12.358301271633765
7.19,0.1593194119943,2.625257472965,19.4,17.0,0.513699471950531,0.785018801689148,1.899999976158142,25.96999931335449,0.6780150532722473,243.8013305664063,129.2899780273438,90.0226,0.7435,42621.0,380.0,29.4862,26.9367,6.0698,1695.8666666666666,337.6107982224757,3.0100678849520373,126.243,48.203,43.513,6.0698,23.893469695255813,0.8922933064271592,52.67,391262.0,5.5,42.2,52.3,87708.0,38644.0,23300.0,29.21013066820637,20.030529177502824,20.030529177502824,4.456108026187788,110.8,-2.9368012320113555,0.0696551914984837,0.13610050042468444,-0.28154521365913865,0.11202308414628097,0.33020710768210493,0.42834873711015914,0.04271360602147547,-0.28879459814419045,0.4374720608753558,0.2681664143529878,-0.04972412263283221,0.05624687987868667,-0.3146096881763752,-0.014538883779750359,0.13091975661363706,-0.018070319409067115,-0.14558498777579773,-0.20726623966769056,-0.06577314573596278,-0.13606628997413805,0.29910595874919543,0.06055848602280569,0.06411570554665862,-0.07651293374934616,-0.3459324397497569,-0.11888563757601935,0.09223973316675525,-0.14787479694281574,-0.6708887017811644,-0.5083975695662161,0.0788806536017519,-0.6036246850066967,0.09141857082478773,0.04098831372102537,-0.025680910432766473,0.8675754589582305,-1.443449152410263,-1.739407776121639,-3.781463077688905,-0.4687170070635563,12.358301271633763
7.12,0.1467348950418,1.467844401516,18.2,18.0,0.6687385439872742,0.8945724964141846,2.299999952316284,26.07999992370605,0.7656580209732056,249.9428100585938,131.9918212890625,94.5485,2.1563,46537.0,680.0,35.5076,21.2759,9.55653,702.0666666666667,383.5888559182328,5.60501153972964,121.32,51.283,28.768,9.556533333333334,22.96171465687948,0.7568755271663641,40.05,477450.0,5.7139813203593866,53.40210944990944,40.88390922973117,54771.0,36208.0,22771.0,14.874310622850874,16.990620933097066,16.990620933097066,2.7751741163370838,74.2,-2.757295068839813,0.029621314038929498,0.0699891471253804,0.12660304393363245,0.22057543192648343,0.2877402811717895,0.5015117551924748,-0.05876658691644073,-0.5949767908485769,0.5501844706349064,0.5222321044008463,0.017987573271449914,0.02577941810461315,-0.01932660140547345,0.03598665296766956,0.27519379821623696,0.06183645417545813,-0.009234516978689896,-0.0008987163403507322,0.16199657113294444,-0.12601867679375744,0.1958957519617285,0.008436267115111251,0.10727092188654996,-0.21540758809942084,0.04040914007657322,0.07230819363684941,0.06565249629129861,0.019593075317204667,-0.01356746799537841,-0.09212241002346173,1.3851317366592764,1.117872056512797,0.5088298125043519,-0.13057825889509478,0.35013169164904334,0.23305046898343948,-0.2218477941435136,-0.7899800891456626,-1.576711275109692,0.5201889519457193,12.358301271633763
7.225,0.1234688595027,1.205059814803,18.9,5.0,0.56145840883255,0.8666871786117554,2.599999904632568,24.04999923706055,0.7433497309684753,243.0920715332031,129.7129364013672,107.34,6.28,66001.9,1675.31,49.3,18.28,27.37,612.65,435.2825957923893,11.048671107300668,151.63,65.22,31.43,27.37,10.04493389674318,0.8095851014325984,41.74,774172.0,21.96364940618549,42.590832655196046,35.44551793861847,49137.0,30324.0,14574.0,6.059303494414041,4.22208657852724,4.22208657852724,0.6829462442173873,55.57,-3.8214862398066995,-0.15827544366922078,-0.05198704284244782,0.2003427823678671,-0.0803476696584114,0.4352433977570602,0.6065926113120622,0.11962800906238824,0.5478855398543055,0.7545807085632074,0.5300364580749034,0.04588718328314837,0.10444702485271606,-0.03810533737962496,0.059147053885278,-0.22133117608201522,0.13217674601558035,-0.13687309931584712,-0.03132945480938276,0.037141369503437494,-0.11816733188752544,-0.4933785115298644,0.08689517691942261,0.04235656257636644,-0.1887605272274598,0.16578830848858792,-0.2617032675253946,0.021110345571925704,0.010100630191390772,0.8443778595482531,-0.586247945655642,0.26975475863335036,-0.34672357287012573,-0.10296812691783819,0.8784729091283939,-0.3431131142970181,-1.355815055812375,0.5697666697542102,0.6203931059866591,1.0731440031552077,-0.16988814345712813,12.358301271633763
6.265000000000001,0.08511240689968,0.790420141245,28.6,69.7,0.3084035217761993,0.0,1.100000023841858,32.20999908447266,0.0408003255724906,295.7795104980469,133.0,126.195,0.9478,45899.0,1702.0,58.722,16.8508,16.87,882.0,223.4017181377917,8.284052468910467,205.455,93.926,30.942,16.87,33.16205965449566,1.7174502122943875,39.64,605389.0,14.2,42.9,42.8,42227.0,38884.0,17032.0,18.34775726355647,14.769191834162667,14.769191834162667,0.4028414498141264,119.4,0.10407024619767562,-0.71983626742364,-0.6563097145997753,-0.640563841119799,-0.11988670341849332,0.17574457908611138,-1.087451642806796,-0.10167247596712692,-0.7364310513635669,-0.9645883933482349,-0.7159793051144132,-0.8594871974862567,0.08437333426477538,-0.2497753351595956,-0.03474616097145763,-0.2349668984992738,0.03115651851207431,-0.2403601482256982,-0.0651376103513694,0.04755302918658103,-0.18974941066573112,-0.07897616108577184,0.07944454800278422,0.03001452450177537,-0.08671087199751819,0.0009373937481556016,-0.0738328919042474,-0.501669664203237,-0.19682795625115027,0.08415436594112231,-0.23104126264846422,-0.18286522994819332,0.00012289329317975253,-0.02518008812736583,-0.6262551395164774,-0.16402103501900156,0.1770440143044714,-0.12111768618034828,-0.1572264708581628,0.7343829152876911,-1.050189881306776,12.358301271633763
6.44,0.1202515832103,1.380655427559,27.0,407.6,0.5278112292289734,0.6881611943244934,2.400000095367432,31.95000076293945,0.6005289554595947,260.6069030761719,129.9587097167969,146.82,2.55,54240.0,1270.57,40.6824,30.2805,30.43,8784.0,217.9459876481201,5.105376724300736,248.869,82.267,71.105,30.43,21.438604752014506,1.7255172022880916,45.35,732077.0,19.4,31.7,48.9,35573.0,35134.0,17406.0,18.86276651066043,10.95257410296412,10.95257410296412,1.971747299884448,117.01,0.8534329990282714,0.25897915323009607,0.24865498372964115,-0.3698462188671721,-0.6928037594118615,0.3292531796230406,0.9317764791853502,0.35542986343636523,-1.276589813172835,1.1726785431384126,1.8179483766022635,0.24295172692373082,-0.14443568946665528,-0.3506239801804287,-0.00015717039955746395,0.035658638887862804,-0.052283398215380604,0.02482826848890311,0.05672120396239203,-0.7100520201796429,-0.2573881040006712,0.17060382874038074,0.03170915003412356,0.023469751645574338,0.032736209877173884,0.18396341460545562,-0.39041596117643174,-0.17029686227379223,0.34604695286508785,0.6923444176713397,-0.035903596289695194,-0.9436400031216401,0.03175932763861292,-0.25455287441113805,0.382511648599867,0.15852059476511796,1.5068643468167926,0.16591219604700833,0.20349789695352216,-0.5509154464062171,-0.4527898100337591,12.358301271633763
6.375,0.226203811064,2.268647150833,28.0,354.1,0.3739136755466461,0.5626747012138367,1.200000047683716,33.47000122070312,0.5001397728919983,370.5200500488281,132.7790679931641,78.86,1.51,42101.0,1310.02,57.39,30.39,23.13,2283.8,239.6050310170167,7.455580217403678,175.70999999999998,75.89,47.08,23.13,11.640145980325425,1.1288686636714582,52.2,686334.0,16.06716086336319,29.95130135865117,53.98150854710848,36106.0,32559.0,16815.0,12.881572327495135,5.887189901806822,5.887189901806822,0.6001059414337037,94.45,0.5424177760035969,0.5965890354141047,0.29948409491985023,-0.9858897358512341,-0.6775376504278241,0.17199114437853233,-0.0605701212048085,-0.11363647907059171,-1.4590197322919887,-0.10648542726108756,-0.04118545885855104,-0.0474024540930101,-0.039144771827351064,-0.0992492557171687,-0.09561256709621964,0.02589839441913903,0.09997310691232109,0.06327132517458045,0.1893431633269332,-0.07321056911879038,-0.5494444133480213,-0.016215238987318397,0.07036505802355901,0.00908263591123526,-0.06339888017690527,0.11017437160920436,-0.2948135006000417,0.026148689735728148,0.23951636520082994,0.23725997939396182,-0.2119647599642621,-0.4441104846795228,-0.37397907215044857,-0.3974726431631967,-0.14190139460630777,-0.19735099267879322,-0.38549653420648705,0.37176474068929566,0.6457618102039836,1.858030481007905,-0.1698995860781579,12.358301271633763
6.45,0.1214945252553,1.579837550425,27.0,407.6,0.50328129529953,0.6838319897651672,1.600000023841858,30.72999954223633,0.5970655679702759,303.3760986328125,130.0,146.82,2.55,54240.0,1270.57,40.6824,30.2805,30.43,8784.0,217.9459876481201,5.105376724300736,248.869,82.267,71.105,30.43,21.438604752014506,1.7255172022880916,45.35,732077.0,19.4,31.7,48.9,35573.0,35134.0,17406.0,18.86276651066043,10.95257410296412,10.95257410296412,1.971747299884448,117.01,0.3105430783407046,-0.11004624259805462,0.11402020055100108,-0.5676386208448391,-0.7499338690738768,0.2156246186429581,0.4908476504562163,-0.03870380688936459,-1.181745503467152,0.45490653632173256,-1.4028756390762978,-0.2550906593818086,-0.10267044627374866,-0.11522857110172817,-0.13255408988005946,0.04821341035813598,-0.10079321750138288,0.04715890616071139,-0.20574927508963503,-1.0345791279358723,-0.29846809654359924,0.10860896478951387,0.02682052947579172,-0.03406942427860926,-0.0382289445808921,-0.357118447075048,-0.08100214093766733,-0.21439386716927888,-0.08527851929838766,0.6372997796411835,-1.0061127020800107,-1.0947396314004343,-0.1966331640499365,-0.20376030316358676,-0.16525268221126477,0.04777271609227888,0.9641147263702204,0.09056242581895309,-0.00401301663414233,-0.40319545498196324,-0.5944449121774363,12.358301271633763
6.67,0.3496345721093,3.285947327853,28.4,307.4,0.5771974921226501,0.2246352732181549,1.5,32.88999938964844,0.2297082245349884,274.3808898925781,127.9325256347656,97.05,1.21,106381.0,2590.42,55.63,35.38,21.39,6084.07,610.4028000918064,14.863552903373884,174.27999999999997,73.07,53.35,21.39,11.545413701275482,1.3286396630675812,42.31,858592.0,16.673582357043852,41.11565010222189,42.21076754073426,42877.0,31410.0,15449.0,10.182451797210655,6.929020407132105,6.929020407132105,0.954641587443107,92.11,0.5249265150080176,1.0346069799610274,0.43546108877105844,-1.2573103501005256,-0.4756410472044683,0.18530472706905207,-0.5774599427450267,-0.0007476645928683467,-1.381333600544191,-0.7350112412391635,-0.12985791929816992,0.0272883106415119,-0.12984986743966406,-0.15692841356640494,0.024864014721050303,-0.5194924381485859,0.024397607544177562,0.05985211796228692,0.10388558394513166,-0.6312137512411017,-0.2176297271111435,-1.642175139192539,0.07897578648190932,0.04489837636293825,-0.00860405816183755,0.07465347165886708,-0.10648439531733755,-0.06899534093856581,-0.2920692991747151,0.37300955434868494,-0.30041710722648324,-0.1895398336884552,0.37916879840702405,-0.18752574803008684,-0.6659745128902211,-0.14524950403865788,-0.6659347905344006,0.3486427761092947,0.40824696425930496,1.1395665676014026,-0.16637916289916221,12.358301271633763
6.404999999999999,0.1673749854038,1.586555336748,27.9,436.4,0.3305558562278748,0.1889648139476776,2.200000047683716,32.59000015258789,0.2011718451976776,190.2931976318359,129.0,102.75,4.78,82098.0,1049.0,61.06,47.59,26.67,1144.0,402.7768238237748,5.1464455673845855,203.83,80.46,75.07,26.67,13.502993313811004,1.3571426592267275,41.38,826658.0,19.61414974691788,40.554352669645,39.83149758343712,37647.0,31064.0,14954.0,10.01000072751194,7.077667062460118,7.077667062460118,0.8315029869915178,92.59,0.5398951258326372,0.3064081215108893,0.13724410816124788,-0.2711664659453357,-0.3063013890018933,0.29258589096205156,-0.5824403233735265,-0.07749777614283933,-1.3147008941206162,-0.8513201210931917,-0.7349243517725664,-0.050934064277140166,0.06605807683564462,-0.002090194263672185,0.11727120537277143,0.10664836279853211,0.16499181666105533,0.34046077617477977,-0.06586959905701899,0.04046149172979711,0.06492880075090657,0.16706415356512685,0.10577818167964059,0.08953088166084755,0.2837694036529599,-0.025926875641251474,-0.07901087471401154,0.049376623649656816,0.02342269444031538,1.0524201465591017,0.36361265330875653,0.31945641124261187,0.6303650600206474,-0.3145715844519723,-0.005356675087006139,-0.15577495344194872,-0.4913033554678232,0.45257855001273867,0.23273731364894604,1.5259449271604224,-0.2595648736898277,12.358301271633762
6.7,0.0676377974555,0.9316349549353,27.5,221.9,0.6179741621017456,0.1523949801921844,2.799999952316284,29.75,0.1719159781932831,158.2906188964844,116.0,41.8,0.9984,37631.0,382.0,12.2266,9.8512,4.991,6472.866666666667,481.9852705731668,4.89273134806276,78.075,30.563,28.728,4.991,21.398798506227283,0.8755846807233554,35.03,369846.0,16.504901960784316,31.65686274509804,51.83823529411765,26213.0,35691.1,13158.53,16.539135979595088,17.556710821702243,17.556710821702243,1.1884593356762363,77.55,0.016638210029345013,-1.9755540493798316,-0.31534575890610933,-0.1177672421163788,-0.06879180398393134,0.07661107548412095,-0.530974651000034,0.07728900139683854,-0.2559950262525653,-0.541619269075937,-1.5092773159638526,-0.36033371618089816,-0.18448221911593485,-0.20576434180700962,-0.02439529766048681,0.07624874150763071,-0.2250657446655133,-0.24041371801724684,-0.30878621491038055,-0.5164127716271542,-0.21220183199652476,0.01626302313276982,-0.04825893063385552,-0.1611016307776405,-0.0480205045454834,-0.3645828341149047,-0.0020533214817110707,0.023214789028176197,-0.43323544182521617,-0.7317650534078198,-0.05196331563809936,-0.9169786022590493,-0.4132245198337539,-0.7167813663681867,0.34566877807516105,-0.3824893923838944,0.24118805062812784,-0.7081304152695024,-0.7290870372724397,-0.04600920048936591,0.1212887042776769,12.358301271633765
6.805,0.1268252958939,1.320664001366,27.3,172.8,0.4161115288734436,0.2807495594024658,0.800000011920929,35.4900016784668,0.2745996415615082,284.4898376464844,130.9375762939453,46.39,1.9696,37903.0,493.0,18.997,12.4084,9.119,1097.6666666666667,438.5652299681805,5.704367949088805,86.425,31.048,20.027,9.119,23.6873667742644,0.5198347645921357,40.86,412043.0,11.40105756416319,43.837324276686296,44.76161815915051,46146.0,36086.43,16572.17,12.426995927713286,10.42342201495799,10.42342201495799,1.8765437977532649,50.36,0.40010462959013576,-0.04637384079457433,-0.08356765296105702,-0.23441054885976179,-0.1357494905416412,0.2127659298442556,-0.48234546509542975,-0.07785850155437697,-1.1872813653138565,-0.4647346778681918,0.057587615699444226,-0.11691931089230552,-0.04248225696913958,-0.04351012323315421,0.10687826710464776,0.24251444098896177,0.09062595220660212,-0.08380954297547816,0.0107719611857644,0.09883604036500467,-0.09199439705047441,0.27683124763265304,0.08169021468264089,0.07200529987182962,-0.15929478501430774,0.04281813115556835,0.029851663278105105,0.01985121010623973,-0.2611197129098622,-0.35205985520366206,0.27690512161969044,0.3458189624562816,0.2271460303896248,-0.16273047470629884,0.6595990896823455,-0.2905945059023219,-0.4157325788233926,0.30311031664840615,0.3579011590428712,0.1607847094166206,0.22339535999909113,12.358301271633762
7.12,0.1738742953797,2.067589227543,27.4,161.7,0.3403342366218567,0.1695738881826401,1.200000047683716,34.47000122070312,0.1841316670179367,232.0772094726563,132.0273895263672,90.0226,0.7435,42621.0,380.0,29.4862,26.9367,6.0698,1695.8666666666666,337.6107982224757,3.0100678849520373,126.243,48.203,43.513,6.0698,23.893469695255813,0.8922933064271592,52.67,391262.0,5.5,42.2,52.3,87708.0,38644.0,23300.0,29.21013066820637,20.030529177502824,20.030529177502824,4.456108026187788,110.8,-1.1042724536966027,0.14883950180579583,0.15101973166363278,-0.06510795811756344,-0.08337152565008081,0.019071918203176608,-0.42315698170723554,-0.1359040138476736,-0.5882554351781378,-0.6473380750150909,-0.695592297641555,-0.05687043796283853,-0.01015400211554949,-0.1839460275887541,-0.10659179819758492,0.06277533527461072,-0.002877040341710676,-0.0426744178673347,-0.07323297061311011,0.0023853854895779327,-0.22970411809577587,-0.014139321056492682,0.05450344713658217,0.034349449454039914,-0.03746146179984433,-0.20078281383703125,-0.19090891050678915,0.041627580196039515,0.331297382132688,-0.3465974433948813,-0.7378725740943243,-0.1213182463180092,-0.4702758316896141,0.23011378088854337,0.3284126233603141,-0.029413533006962977,0.3143623251272818,-1.3130129685415517,-1.341261820532873,-3.686742353000176,-0.37943877129803205,12.358301271633763
7.115,0.1365566168923,1.569686265859,27.7,289.9,0.6096546649932861,0.1284908801317215,2.900000095367432,32.18999862670898,0.1527927070856094,219.2985229492188,131.0,86.2176,3.9735,25523.0,815.0,31.1163,21.4397,6.37807,471.8666666666667,209.2032032524324,6.680273112515471,122.001,42.695,30.889,6.378066666666666,23.090604598202717,0.495701072671828,46.74,578032.0,13.2,34.4,52.4,70896.0,35317.0,22722.0,12.79694947845151,11.127680470035047,11.127680470035047,1.418914034866713,54.7,-1.0131621265479132,-0.017180318018604018,0.1011931502951029,-0.0936508330783808,-0.12767555604252992,0.2247168968952208,-0.8545666137821426,0.2118593445135677,-0.7849135968179302,-0.8683868483439056,-0.4147704775042143,-0.18234146678261073,0.1733961844206584,0.3395514824651323,-0.04754529598391347,0.11789512543213165,0.06505146068504941,0.029605188366953472,-0.03744761428397939,0.15992745705899405,-0.2260898055554522,-0.01142855797590229,0.07344091875762164,0.07797719920630468,-0.08862031398554578,0.02497441215147944,0.10672698495942738,0.1271474393539068,0.09412681542270078,0.2706206515741106,0.45963338629473266,-0.37801777539927195,-0.1124434765408453,0.15627479027514846,0.3928973874708508,0.0909670165575478,-0.21224528651770558,0.3671033768819763,0.09869773460634113,0.6160697861364594,-0.20088522237359804,12.358301271633765
7.24,0.07033861606964,0.7803418654608,27.3,430.2,0.6268255710601807,0.7635214924812317,2.799999952316284,31.32999992370605,0.6608172059059143,289.1892700195313,131.0277252197266,102.81,1.7645,47925.0,843.0,43.5255,20.1416,18.38,35348.0,294.8686396357596,5.186734756660309,162.53,65.61,36.45,18.38,34.437046921982514,1.6325084864460302,44.34,791032.0,14.2,49.0,36.8,60352.0,33354.0,19580.0,15.09150601532647,12.226414519989854,12.226414519989854,1.982933986704912,73.72,-3.4122607558126936,-0.4814113271052906,-0.6150702761224786,-0.12415199900863534,-0.04008798515084785,0.8919537795423987,1.4189622425174846,0.6002656696141405,-0.8677893239014111,1.1611051378285824,0.6331031160189805,0.2113582776333677,0.14125009945162748,0.15526368760473833,0.028353155777082712,0.23795032828115228,0.11377827589521179,-0.06567322253785313,0.4243175423686296,-0.692679484913714,-0.15404423213978422,0.6472972878818636,0.11295349007761117,-0.0664028590325257,0.024451295807412565,0.6908272835583876,0.7575741081001772,-0.011054660451985665,0.06163251321076565,0.2677104708624607,0.674627327091755,0.7043967869611137,0.9531951743814456,0.3422350464080112,0.2954664734118957,-0.007035957384487886,0.18368310221581416,0.44029063774840665,0.25057802494731146,0.6507683978944824,0.510799360047885,12.358301271633763
6.835,0.0723150022842,0.8170048577893,27.3,533.4,0.478956401348114,0.4987780153751373,1.399999976158142,35.33000183105469,0.4490224123001099,242.5231170654297,133.0,69.61883,3.1667,31295.0,362.9812608948286,7.9764,10.4369,25.54,1008.69,431.0012394986916,4.999053310767506,72.61,11.98,17.16,25.54,29.247120158096035,0.4441104259190304,62.5,205105.42621421916,6.613355601948504,25.327743910925538,68.05890048712597,63992.0,36649.66,25491.99,8.611711314748359,6.341558665661586,6.341558665661586,2.4926882667224866,70.9,0.5184172465116011,-0.49726998676381856,-0.4203856675833799,0.08119066435653188,0.06761502919271911,0.5310298822833189,0.38403306369327345,0.15669361822016836,-0.6677423044973342,0.1838490742416834,0.7650421967243884,-0.011899927454146178,0.200875822262056,0.4105182234683287,0.09464594889186222,-0.011946660147115354,-0.17295572224022013,0.028138254810457914,1.1847942741453872,0.24625940985281783,0.14557653725949557,0.21761075048117018,0.26027336248596056,0.009083013376967633,0.6813591614787143,1.0343643503330575,0.4306306521149144,0.2786057959493727,0.4501946638349899,-0.27852390418746015,0.7593639132196964,0.9550204363619743,-0.6161556447220847,1.0693928561901433,0.5269262184527285,0.5063134023231334,-0.2362526883971344,0.33533830879857396,0.6571420424589557,-0.5660276541254653,0.8071932987041542,12.358301271633763
5.945,0.1522563317346,1.886986682136,3.8,17.0,0.1956540644168854,0.034642856568098,0.5,7.21999979019165,0.0600076392292976,295.7795104980469,133.0,126.195,0.9478,45899.0,1702.0,58.722,16.8508,16.87,882.0,223.4017181377917,8.284052468910467,205.455,93.926,30.942,16.87,33.16205965449566,1.7174502122943875,39.64,605389.0,14.2,42.9,42.8,42227.0,38884.0,17032.0,18.34775726355647,14.769191834162667,14.769191834162667,0.4028414498141264,119.4,0.07369106878281384,0.06591771404611084,0.14378917603103947,0.17830508983365598,0.21096796324708975,-0.895614809954837,-1.4012071946448643,0.13887677204721668,0.02433138531243902,-1.4342798844200868,-0.5961841014447359,-1.1811917417174176,-0.023196528930029808,-0.38850487859459343,-0.012954508320801361,-0.31719052009413207,-0.08754815107958909,-0.3107899339110509,0.1270185200451157,0.09031193094115782,-0.2996981446698596,-0.2242440127554818,0.1028603079208273,-0.0935659641809065,-0.14450270613628144,0.039648286386043306,-0.2262464626090943,-0.4495928480712624,-0.17761611846778966,0.35647288362436286,-0.41298988901099504,-0.07591291368349233,0.0576507773241961,-0.20296959360042513,-1.0075187622959751,-0.1509795160318245,-0.05871411380295699,-0.08324250443001158,-0.3182754433099429,1.2281951463558745,-0.6333357516330148,12.358301271633762
6.4,0.1632344812459,1.467862611626,2.7,28.0,0.2166171818971634,0.1004345864057541,0.4000000059604645,9.220000267028809,0.1303476691246033,260.6069030761719,129.9587097167969,146.82,2.55,54240.0,1270.57,40.6824,30.2805,30.43,8784.0,217.9459876481201,5.105376724300736,248.869,82.267,71.105,30.43,21.438604752014506,1.7255172022880916,45.35,732077.0,19.4,31.7,48.9,35573.0,35134.0,17406.0,18.86276651066043,10.95257410296412,10.95257410296412,1.971747299884448,117.01,0.8879809609739259,0.5213391928006114,0.21838144783299684,0.1266594313301114,0.03340467855373216,0.3823970537685371,-1.5642168216185859,0.5988682594090569,1.3876954175052487,-1.3013590045893892,1.756594120484051,0.25317117472316975,0.26500691860473385,-0.05143581418641493,0.0059332856100449876,-0.018194698911245588,0.06394881388404998,0.02650237706291647,0.03533752092649974,-0.8800600354705755,0.19093939412424307,0.3206273890888512,0.20230982468730993,0.030256581708677583,0.10791190692814127,0.2438552962722349,-0.12258098739177543,-0.02806094186221486,0.1081990326904368,2.01835007987939,-0.34955481644197556,-0.8809400802559956,0.384763542356128,-0.510747685644365,1.2411458747486137,0.17177426025894937,1.4885757551689558,0.2726666017485601,0.2015584438851572,-0.04692450635186152,0.0448788632885182,12.358301271633763
6.1,0.2302912650946,2.440129807002,3.3,21.0,0.3015008866786957,0.4831761121749878,0.699999988079071,8.09000015258789,0.4365409016609192,370.5200500488281,132.7790679931641,78.86,1.51,42101.0,1310.02,57.39,30.39,23.13,2283.8,239.6050310170167,7.455580217403678,175.70999999999998,75.89,47.08,23.13,11.640145980325425,1.1288686636714582,52.2,686334.0,16.06716086336319,29.95130135865117,53.98150854710848,36106.0,32559.0,16815.0,12.881572327495135,5.887189901806822,5.887189901806822,0.6001059414337037,94.45,0.3871883318778928,0.7523449546320212,0.4135136412119513,0.4927292860267973,-0.10069251223693243,0.3703386379025518,0.11498743943165628,-0.04533564259362451,0.6183380566173787,-0.13570761597661388,0.24444836572660864,-0.02335070608373435,-0.10968777329377903,0.02518824284216444,-0.06276315886092017,-0.00043248305694095396,0.08599761606253198,-0.11909991114148182,0.17807105673408477,-0.07297810716151269,-0.24249394368263832,0.10295279408967935,0.09377488132701532,0.04444952027657001,-0.0926399572018924,0.18985434445425473,-0.345544728104972,0.044422592434483356,0.2542523114434531,0.9755072820587264,0.1753763410124066,-0.4711060616837404,0.10639843233163597,-0.30673846736233035,0.60154892696044,-0.1596166661397692,-0.3800587940975058,0.4718550522943625,0.6354648258433514,2.4554659747939334,-0.00795253309390113,12.358301271633765
6.220000000000001,0.07622649824215,0.7090772672491,2.7,28.0,0.130614772439003,0.1433392316102982,0.300000011920929,8.729999542236328,0.164671391248703,303.3760986328125,130.0,146.82,2.55,54240.0,1270.57,40.6824,30.2805,30.43,8784.0,217.9459876481201,5.105376724300736,248.869,82.267,71.105,30.43,21.438604752014506,1.7255172022880916,45.35,732077.0,19.4,31.7,48.9,35573.0,35134.0,17406.0,18.86276651066043,10.95257410296412,10.95257410296412,1.971747299884448,117.01,0.11025778245529157,-0.8474295271512355,-1.0556528881254974,0.01712919265978574,-0.04616885374466273,-3.8752951237745603,-0.7584345236100104,-0.4062171112744122,0.18133388501627112,-0.8291232370505419,-0.6189114044228752,-0.1692580623015719,0.04072391087842114,-0.2294010451897789,-0.027036370411372523,0.01292619552461921,-0.007266421851413444,-0.05002926684259138,0.07146681547453555,-0.7190883694033513,-0.19313787488079612,0.04366223720532227,0.017817943904550604,0.05498935301900432,0.03510841081935823,-0.006148095297937602,-0.03286127436203223,-0.20807774390980896,-0.009573712562785977,0.1648398648548315,-0.5413752765131358,-0.6874349578918998,-0.058520281588167945,-0.09621663781404195,-0.15272836156847072,-0.06869413856911771,0.518392082135292,0.08534702013171258,0.03092429707291977,-0.41108531618851113,-0.03711119077846333,12.358301271633765
6.565,0.2264315865326,2.033548315905,3.6,21.0,0.3838760256767273,0.5992656350135803,0.75,6.25,0.5294125080108643,274.3808898925781,127.9325256347656,97.05,1.21,106381.0,2590.42,55.63,35.38,21.39,6084.07,610.4028000918064,14.863552903373884,174.27999999999997,73.07,53.35,21.39,11.545413701275482,1.3286396630675812,42.31,858592.0,16.673582357043852,41.11565010222189,42.21076754073426,42877.0,31410.0,15449.0,10.182451797210655,6.929020407132105,6.929020407132105,0.954641587443107,92.11,0.7572065859440591,0.536686369339849,0.22785205529644914,0.25634953412614214,-0.09103643924612559,0.2823946497543138,0.11358158433498551,-0.06274398216814865,0.0011825291924485448,-0.09437705172386653,-0.10950156462590128,0.056189787544116264,-0.0764451072907062,-0.1761129397221414,0.16759469501050792,-0.5557640121634594,0.003634996282953088,0.11525272311136565,0.13429540512690488,-0.46782461677070747,-0.27183641570838857,-2.2157553818529325,0.022099598032712404,0.00631962855933003,-0.0417817267883868,-0.048353739720200885,0.02810481508879666,-0.24493835112628007,-0.09870711063231985,0.8326189527584225,-0.08592580658997306,-0.15059584832443237,0.23738547345146901,-0.3494563963397043,-0.19015892970654447,-0.17406637879127165,-0.9575598324909107,0.4944464562599924,0.5406395018364346,1.420282725049575,-0.3929516876800781,12.358301271633763
6.555,0.2860426071757,5.111696182713,3.0,22.0,0.289913684129715,0.3692471086978912,0.6000000238418579,9.050000190734863,0.3453976809978485,190.2931976318359,129.0,102.75,4.78,82098.0,1049.0,61.06,47.59,26.67,1144.0,402.7768238237748,5.1464455673845855,203.83,80.46,75.07,26.67,13.502993313811004,1.3571426592267275,41.38,826658.0,19.61414974691788,40.554352669645,39.83149758343712,37647.0,31064.0,14954.0,10.01000072751194,7.077667062460118,7.077667062460118,0.8315029869915178,92.59,0.8019572081370162,1.000923204120362,0.4169682936898608,0.324747993854412,-0.03933694925150041,0.39059479138542735,-0.19536977459348095,0.04118675993283031,0.7497142439711434,-0.3491735260127071,-1.3873989636295203,0.06840013013817166,0.10165745508877795,-0.292801196596671,0.2411008484125127,0.01130137791711198,0.13017514754407053,0.4007710360434437,0.07857883451366139,0.09074016020458082,0.008794771695143458,0.21919336577914716,0.13776101782791464,0.14479756290285017,0.46076748057436695,-0.07230970278095583,-0.1634835517544547,-0.15913839025012586,-0.060976221482900016,1.238767412510477,0.46669339730793896,0.17464583090701527,0.6178032765658293,0.09058781336005195,0.11542372016548397,-0.05026663535188236,-0.6622780262772072,0.5533878858731128,0.34760459634719937,1.7119231288749706,-0.041345450879395486,12.358301271633763
6.89,0.2674164585093,3.37908423967,2.7,19.0,0.1469908207654953,0.2672204375267029,0.5,8.3100004196167,0.2637763321399689,158.2906188964844,116.0,41.8,0.9984,37631.0,382.0,12.2266,9.8512,4.991,6472.866666666667,481.9852705731668,4.89273134806276,78.075,30.563,28.728,4.991,21.398798506227283,0.8755846807233554,35.03,369846.0,16.504901960784316,31.65686274509804,51.83823529411765,26213.0,35691.1,13158.53,16.539135979595088,17.556710821702243,17.556710821702243,1.1884593356762363,77.55,-0.3397728263651794,0.4278839849800989,0.20248881383634534,-0.10869934830664273,0.08002741544277152,-1.7250524166317167,-0.225524276872049,-0.07911218648363057,0.161760133574655,-0.14896119279595144,-1.5523398469988408,-0.2417820235901581,-0.2963463401828324,-0.13716726013558514,-0.020951222486088345,0.05017392432032389,-0.19264464707579468,-0.1344525607900118,-0.3978217585215429,-0.686243559064431,-0.06949612750003721,0.12135607480444872,-0.05632527122631228,-0.0005726830513124818,-0.10977375911271166,-0.7254113432240569,-0.11333884700427153,0.07231558464337437,-0.7754259821220634,-1.015206167610544,-0.5228765926119155,-0.6269520071965823,-0.5786687419767168,-1.1152570439748586,-0.05836942895017753,-0.5507778851924462,0.6622465886986116,-0.6397475785291168,-0.9075183282792615,0.31534663219864395,-0.284747447838975,12.358301271633763
6.744999999999999,0.190567550905,2.302765231833,4.4,15.0,0.3107393682003021,0.2610255777835846,0.300000011920929,10.78999996185303,0.2588204741477966,284.4898376464844,130.9375762939453,46.39,1.9696,37903.0,493.0,18.997,12.4084,9.119,1097.6666666666667,438.5652299681805,5.704367949088805,86.425,31.048,20.027,9.119,23.6873667742644,0.5198347645921357,40.86,412043.0,11.40105756416319,43.837324276686296,44.76161815915051,46146.0,36086.43,16572.17,12.426995927713286,10.42342201495799,10.42342201495799,1.8765437977532649,50.36,0.7974109104986608,0.6798208984754665,0.2668561905154501,0.3195776828177184,0.4079566853470742,0.5207891632469823,-0.3617315515530016,-0.36215751303295596,0.8228922870869811,-0.3540841948342354,0.3858231867654984,-0.061474599163607056,-0.1136938440833039,0.03611000961921418,0.10589621629010433,0.31993109654509855,0.07404233996909904,-0.24512500455092154,0.30754142201020224,0.10526441132723703,-0.08105970996146183,0.27823258302024234,0.20249555388853194,0.06860427008194907,-0.20572188203642292,0.33856042928875807,0.18332588346432122,0.037834430366956585,-0.17684346943788962,-0.3539948443049294,1.0646043837071322,0.5501879890229607,0.3552517501089166,-0.11526427669879998,0.3389186657038549,-0.11153080965618312,0.01752352180389183,0.32156328769515713,0.49697555866184323,0.33579113023536555,-0.03793554016798062,12.358301271633765
6.85,0.07623938666431,0.9117736874711,3.4,7.0,0.1214609667658806,0.1533065140247345,0.300000011920929,8.59000015258789,0.1726452112197876,232.0772094726563,132.0273895263672,90.0226,0.7435,42621.0,380.0,29.4862,26.9367,6.0698,1695.8666666666666,337.6107982224757,3.0100678849520373,126.243,48.203,43.513,6.0698,23.893469695255813,0.8922933064271592,52.67,391262.0,5.5,42.2,52.3,87708.0,38644.0,23300.0,29.21013066820637,20.030529177502824,20.030529177502824,4.456108026187788,110.8,-0.026792222429507063,-0.667195696651483,-0.4207551019569768,0.03733979269529028,0.0039010625848167474,-2.8918958657091114,-0.5312925786772985,-0.4204155514768701,0.1232252513981877,-0.492826893386316,-0.47407360618151057,-0.08023063246082986,0.02665904137088848,-0.18680393429861977,0.0005962183823773846,0.014055953005457098,-0.018061211973057545,-0.06931519711111116,-0.10799408336289369,0.010455359923728322,-0.09391225199337122,0.04741390607780299,0.07362599014637707,0.001911573595463521,0.03606048140597646,-0.23956973069330342,0.05651814052524438,-0.025160807314192707,-0.18735439023064973,-0.16997761112614795,-0.2308780406557355,-0.16893808122186538,-0.5204090922054171,0.1429208203680006,-0.018763194824138536,-0.10548182839649949,0.38801741967747067,-0.7181359147439457,-0.5436851299874064,-3.2171236115335407,-0.2990008945918425,12.358301271633763
7.02,0.06714716584645,0.6007905580112,2.5,11.0,0.2684709429740906,0.325076162815094,0.5,7.570000171661377,0.3100609183311462,219.2985229492188,131.0,86.2176,3.9735,25523.0,815.0,31.1163,21.4397,6.37807,471.8666666666667,209.2032032524324,6.680273112515471,122.001,42.695,30.889,6.378066666666666,23.090604598202717,0.495701072671828,46.74,578032.0,13.2,34.4,52.4,70896.0,35317.0,22722.0,12.79694947845151,11.127680470035047,11.127680470035047,1.418914034866713,54.7,-0.9789560772829811,-2.8558675739311656,-2.3887350021289677,-0.058173164931985134,0.13396289820040289,0.13034239834326852,-0.37573715354938825,-0.0676402680284655,0.26304653639487263,-0.24105998586047608,-0.3539481623866341,-0.025563277026566317,0.04907562746126807,0.2569723637581671,-0.1266067748134938,0.10471230707906838,0.12412086701942293,0.013017968921907949,-0.1443730617960021,0.08989478913680012,-0.07756801214783286,0.08632257911016665,0.08515319753651418,0.10204546689007055,-0.13131864961089393,-0.06723003795286979,-0.039722257476856836,-0.00042123144281584296,0.07915179371811831,0.12229538946353476,0.14060200450765262,-0.6764258539219096,-0.5015851611894312,0.311776619186172,0.39285495496828693,0.13761421901113224,-0.14557699858471054,0.27755523713914804,-0.023012671521990564,0.5140817669229717,-0.12698642022343312,12.358301271633763
6.915,0.1822646103677,1.716971388361,2.8,7.0,0.3004625141620636,0.4256236851215363,0.4000000059604645,7.489999771118164,0.3904989361763,289.1892700195313,131.0277252197266,102.81,1.7645,47925.0,843.0,43.5255,20.1416,18.38,35348.0,294.8686396357596,5.186734756660309,162.53,65.61,36.45,18.38,34.437046921982514,1.6325084864460302,44.34,791032.0,14.2,49.0,36.8,60352.0,33354.0,19580.0,15.09150601532647,12.226414519989854,12.226414519989854,1.982933986704912,73.72,-0.4420852037622371,0.7085879735754127,0.4087507308785863,0.0874155549562367,0.4531499828676086,0.37873526610718455,-0.14416579694048423,0.18071099494024878,0.5087475356086051,-0.038932841407545084,0.5191100031021496,0.11592387358447764,-0.03227275722470887,0.2685489035959628,0.006483191047831571,0.27612384757314984,0.02709144149056497,-0.09106511453665596,0.49379417388671465,-0.7875819612265295,-0.14467359227358165,0.539093352997059,0.08105886036161729,0.065676584192353,-0.04005219663006132,0.7131900629892333,-0.13090661314527127,-0.10393573006288988,0.15383689838933087,0.9215122541484032,0.310911952321361,0.706979268147034,1.3596779014513263,0.2164649125461279,0.7514276918857069,0.01395670104584997,0.3665205393249118,0.5186417351153002,0.5202886248783544,-0.2773420346664259,0.3294990023195214,12.358301271633765
7.12,0.05211915154462,0.6050561967567,2.7,4.0,0.1649818420410156,0.2946636974811554,0.4000000059604645,6.630000114440918,0.2857309579849243,242.5231170654297,133.0,69.61883,3.1667,31295.0,362.9812608948286,7.9764,10.4369,25.54,1008.69,431.0012394986916,4.999053310767506,72.61,11.98,17.16,25.54,29.247120158096035,0.4441104259190304,62.5,205105.42621421916,6.613355601948504,25.327743910925538,68.05890048712597,63992.0,36649.66,25491.99,8.611711314748359,6.341558665661586,6.341558665661586,2.4926882667224866,70.9,-1.0829448687422203,-3.214607486773897,-1.3563873724946631,-0.025011831125339074,-0.09439354209857687,-0.21335221118194644,-0.19383743238243292,0.019614271405474115,0.19825122097462608,-0.10618892969678077,0.27905970931349716,0.10779873704555006,0.12893931201521092,0.3306924939742843,0.05518339156970561,0.0448619357382514,-0.06174434231725764,0.08469320679681798,0.48669712076809013,0.10155745577007717,0.06205306197916897,0.04465434605312631,0.0030137229978480042,-0.04281021200033427,0.11895219322438703,0.5699221995417121,0.49364671060353943,-0.025332152251894374,0.3911790495861273,-0.5166467115580599,-0.12270476580044194,-0.36163012257903326,-0.7006647263815639,0.40489598585133685,0.08987380851591335,0.4028208809344808,-0.5278403426661307,0.43317928786044774,0.3555959035470771,-0.6540044265553403,0.26785169384408086,12.358301271633762
6.265,0.1382626852967,1.462918458051,19.1,28.0,0.5608036518096924,0.8136013150215149,1.899999976158142,21.82999992370605,0.7008810639381409,295.7795104980469,133.0,126.195,0.9478,45899.0,1702.0,58.722,16.8508,16.87,882.0,223.4017181377917,8.284052468910467,205.455,93.926,30.942,16.87,33.16205965449566,1.7174502122943875,39.64,605389.0,14.2,42.9,42.8,42227.0,38884.0,17032.0,18.34775726355647,14.769191834162667,14.769191834162667,0.4028414498141264,119.4,0.25897984363800314,-0.3210116866153692,-0.09610901616847285,-0.08471137522744487,-0.16699219268663193,0.3016268834804714,0.6030636460825977,-0.004494819560633578,0.6181613710715554,0.5119272672968527,-0.9545260378828614,-1.6755988103341621,-0.03515072795776201,-0.448306782535354,-0.10056045993536133,-0.539772584792797,-0.04209830096673883,-0.3548114698065614,-0.06152393488838329,0.04565280300983051,-0.2684425055539636,-0.29204032383925904,0.03109824997319303,-0.23625134547266588,-0.1709268582159232,0.12685596153985515,-0.09313646800450852,-0.825109126101867,-0.24937631598438728,0.15231164203075007,-0.051931213124669195,0.05928938899258326,-0.26148402595890746,-0.3003315568541846,-0.8139216371833123,-0.26111820035356104,0.19465498457722105,-0.23784064026872995,-0.15843348022045056,1.1259294046131223,-1.036884030596153,12.358301271633763
6.455,0.1959040303814,1.827906441274,18.2,0.0,0.4926227033138275,0.7589735388755798,1.799999952316284,25.32999992370605,0.6571788191795349,260.6069030761719,129.9587097167969,146.82,2.55,54240.0,1270.57,40.6824,30.2805,30.43,8784.0,217.9459876481201,5.105376724300736,248.869,82.267,71.105,30.43,21.438604752014506,1.7255172022880916,45.35,732077.0,19.4,31.7,48.9,35573.0,35134.0,17406.0,18.86276651066043,10.95257410296412,10.95257410296412,1.971747299884448,117.01,1.527256065657564,0.8110934189663445,0.45216941782803505,0.38568419890501676,-4.23626608972301,0.6458092768476231,1.3985285589994625,0.20174787133266459,1.2773144363959041,1.4521874934973542,2.0957924655965736,0.564630844760032,0.19733791120865277,0.0728175872056686,0.07280351853309656,0.017773093465344985,-0.00722573591250016,0.07054831197594684,0.0377793644346891,-0.5103352153341666,-0.007794728193568486,0.2853142563078414,0.1741032006458246,0.08336806552705966,0.16346115042538756,-0.028708232305130272,-0.04479199211096644,-0.21503753216689514,0.13276757441807133,1.7185764941158208,-0.7548338250793513,-0.7941114181116111,0.35431245222595936,-0.3473996483297592,1.566771482346675,-0.14931498640469357,1.511935966502272,0.3908264376125472,0.25026344523661814,0.05071534827110661,0.6001600923992746,12.358301271633763
6.46,0.4073399839378,4.242409041675,18.3,32.0,0.6186338663101196,0.8797546029090881,3.0,23.60000038146973,0.7538036704063416,370.5200500488281,132.7790679931641,78.86,1.51,42101.0,1310.02,57.39,30.39,23.13,2283.8,239.6050310170167,7.455580217403678,175.70999999999998,75.89,47.08,23.13,11.640145980325425,1.1288686636714582,52.2,686334.0,16.06716086336319,29.95130135865117,53.98150854710848,36106.0,32559.0,16815.0,12.881572327495135,5.887189901806822,5.887189901806822,0.6001059414337037,94.45,1.2175254934848778,1.7027220882465428,0.8242722994503157,0.6259541825171034,0.044735969151836454,0.9096276526104178,1.203419971057636,0.1378807964083224,1.3057832833903904,1.3299203194624118,0.520749189375413,0.09272180074682297,-0.07753337037307251,0.12545665235663797,0.020133132376605634,0.18947664900062003,0.036775006975522974,-0.04134863582479298,0.16985616183566568,-0.06407301709509516,-0.1278024425389832,-0.04269896146155583,0.1850650111088341,0.09605387658433633,0.06118712029299367,0.3085781135716245,-0.3355706182540043,0.10085218024436744,0.4508860881483594,1.0354100312877448,0.3895954407726543,-0.37682524283897195,-0.032426216320347624,-0.5875116549159589,0.4963623684066764,-0.2469973292149752,-0.46754249559285394,0.8096002543986806,0.6508498824304222,3.0444933679334447,0.2996414349121106,12.358301271633763
6.93,0.05768797243834,0.6174817119731,18.2,0.0,0.4405795335769653,0.6189005970954895,1.299999952316284,25.8700008392334,0.5451204776763916,303.3760986328125,130.0,146.82,2.55,54240.0,1270.57,40.6824,30.2805,30.43,8784.0,217.9459876481201,5.105376724300736,248.869,82.267,71.105,30.43,21.438604752014506,1.7255172022880916,45.35,732077.0,19.4,31.7,48.9,35573.0,35134.0,17406.0,18.86276651066043,10.95257410296412,10.95257410296412,1.971747299884448,117.01,-0.594228410070722,-3.852764825731059,-1.5730770462200407,0.11614774537185435,-1.488767473668416,0.02104994727115154,0.1003561494886538,-0.10209309149729441,-0.3626543368717086,-0.04139063285712955,-0.6037469228014967,-0.08467502633693562,-0.017201449663185226,-0.1122875769905254,-0.025184810806250273,0.015650350360939536,0.012486286794487452,-0.027434032477605685,0.04576021884266102,-0.7965993468283733,-0.19434706267117438,0.06550573224586799,0.03860911458772718,-0.005822695948064227,-0.07420929942333897,-0.01022204192785466,-0.12133755464169388,-0.11182829837968944,-0.05641913636188628,0.24398246292094253,-0.12369311629825386,-0.3770405879688119,0.04289906284738996,-0.18664970559561744,-0.31862027695212286,-0.0474081053078542,0.13118808980335683,0.06539219186365523,-0.08393340716660858,-0.4730735225682894,-0.47692602006092916,12.358301271633765
6.675,0.2890472276714,3.014214178748,19.0,46.0,0.5933253765106201,0.8934727311134338,1.799999952316284,25.76000022888184,0.764778196811676,274.3808898925781,127.9325256347656,97.05,1.21,106381.0,2590.42,55.63,35.38,21.39,6084.07,610.4028000918064,14.863552903373884,174.27999999999997,73.07,53.35,21.39,11.545413701275482,1.3286396630675812,42.31,858592.0,16.673582357043852,41.11565010222189,42.21076754073426,42877.0,31410.0,15449.0,10.182451797210655,6.929020407132105,6.929020407132105,0.954641587443107,92.11,0.8874419607293191,1.0123216688218113,0.5209982360716882,0.3085668348209574,-0.21534512412456985,0.6903844476676664,0.7678405141317423,-0.004540449396805091,-0.025248465348972477,0.7950702871891905,-0.05521281159383425,-0.033495787372016306,0.053236406406146575,-0.23231018570354442,-0.055344836302897736,-0.9716323865655389,-0.09464550792969047,0.14727956462369698,0.10535004833934192,-0.3970815706138664,-0.28717973981863,-2.2586120847381683,0.030675871007250926,-0.1408488642401148,-0.14141597992805144,0.1907663933289158,0.0685613110699026,-0.10117316785681114,-0.2740308449274675,0.5683552704662845,-0.24210985330763357,0.10278865517332036,0.38360522206885356,-0.22983736316100542,-0.7121618779051332,-0.24644699473469434,-0.9707245951903264,0.3893953044836255,0.5869670426253447,1.7979556737553066,-0.31238453028077195,12.358301271633763
6.1850000000000005,0.2834978090305,2.721791227372,18.1,31.0,0.7229005098342896,1.0,4.800000190734863,20.29000091552734,0.8772516250610352,190.2931976318359,129.0,102.75,4.78,82098.0,1049.0,61.06,47.59,26.67,1144.0,402.7768238237748,5.1464455673845855,203.83,80.46,75.07,26.67,13.502993313811004,1.3571426592267275,41.38,826658.0,19.61414974691788,40.554352669645,39.83149758343712,37647.0,31064.0,14954.0,10.01000072751194,7.077667062460118,7.077667062460118,0.8315029869915178,92.59,0.26230019899617546,1.159609249826883,0.31464982204811226,0.28464609836410837,0.0016966579461296465,0.5430917471130464,0.7563168946248718,0.34549922864174903,0.9618380839753325,0.9248093450473358,-1.6925619084611079,0.11955092712844317,0.0371778111210553,-0.09356443477110703,0.18783060592186537,0.08787029937083875,0.16773224572435375,0.4871783896049003,-0.0539071837579197,0.07184483037039024,0.03467530013440993,0.2603834078938004,0.17415634079594686,0.09794879053833982,0.4434762957423472,-0.13720091804245862,-0.04787600878642687,-0.05427319956666506,-0.03623562654934961,1.3619878550723215,0.32958017777696497,0.36175188433455424,0.7544463172551977,-0.16182916468673167,0.3762216051990472,-0.20375533918927888,-0.9998883604887655,0.4035514916023759,0.5667326077105649,2.207631065117823,0.20785230504658156,12.358301271633763
7.105,0.1117993812063,1.349241221433,19.3,7.0,0.5908805727958679,0.8486366271972656,1.899999976158142,22.18000030517578,0.7289093136787415,158.2906188964844,116.0,41.8,0.9984,37631.0,382.0,12.2266,9.8512,4.991,6472.866666666667,481.9852705731668,4.89273134806276,78.075,30.563,28.728,4.991,21.398798506227283,0.8755846807233554,35.03,369846.0,16.504901960784316,31.65686274509804,51.83823529411765,26213.0,35691.1,13158.53,16.539135979595088,17.556710821702243,17.556710821702243,1.1884593356762363,77.55,-0.8630765795693428,-0.16865251208891277,0.0297252313280147,0.027586570802002403,-0.029564407241411777,0.17771283836319404,0.33833024474430395,0.11305916758620838,0.3451104521681853,0.3341008076588213,-1.841794775923136,-0.33585577278189094,-0.3045257710478462,-0.3535790724931904,-0.25285272657967467,0.03775515132218683,-0.24318182539322622,-0.12647772296122442,-0.4488958549068012,-0.6773730464561795,-0.1105933858847022,-0.017688585046902836,-0.09040586850970948,-0.25390780667943724,-0.05247597271120038,-0.5554416665344187,-0.2021850336338793,0.033606161736174124,-0.7937425847510107,-0.9165302248326027,-0.3908215259700391,-0.49443744877033174,-0.5278933008716433,-1.2070011276683938,-0.14492226736486133,-0.517888822956467,0.16954596112856038,-1.2125284535558711,-0.5578819174578361,-0.035257164034931066,-0.15873770469560225,12.358301271633762
7.05,0.2009573923785,2.454004650977,20.0,13.0,0.6137903928756714,0.8649687767028809,1.200000047683716,24.61000061035156,0.7419750094413757,284.4898376464844,130.9375762939453,46.39,1.9696,37903.0,493.0,18.997,12.4084,9.119,1097.6666666666667,438.5652299681805,5.704367949088805,86.425,31.048,20.027,9.119,23.6873667742644,0.5198347645921357,40.86,412043.0,11.40105756416319,43.837324276686296,44.76161815915051,46146.0,36086.43,16572.17,12.426995927713286,10.42342201495799,10.42342201495799,1.8765437977532649,50.36,-1.6091228850572987,0.35918446954498656,0.2306451125642847,-0.3475698946101165,0.29036593845257785,0.1740075071030461,0.6570460735647633,-0.152500271677826,0.5104450534851611,0.49126029900175566,0.036749227518908224,-0.08899878324858745,-0.2150096856780701,0.048672666467651116,0.09683779017167977,0.36125645583911065,0.12132567566541197,-0.15637640319369636,0.07254361511669472,-0.0037580447706471176,-0.18379602952439603,0.2972350089259037,0.041539765629917014,0.03754799242246746,-0.42143067446860377,0.05449529157735933,0.013595625888443466,-0.05753411075105023,-0.29469746948462605,-0.524908005306964,0.2946029962038163,0.3432500246065569,0.2733261057990208,-0.051115222840329246,0.7664920088452177,-0.3056583605808072,-0.598387000700506,0.16048077298903682,0.22179940003490284,0.174079843282983,-0.36990789965669935,12.358301271633763
7.13,0.06015805778879,0.6011054421239,19.4,17.0,0.2714352309703827,0.3411122262477875,1.0,27.72999954223633,0.3228897750377655,232.0772094726563,132.0273895263672,90.0226,0.7435,42621.0,380.0,29.4862,26.9367,6.0698,1695.8666666666666,337.6107982224757,3.0100678849520373,126.243,48.203,43.513,6.0698,23.893469695255813,0.8922933064271592,52.67,391262.0,5.5,42.2,52.3,87708.0,38644.0,23300.0,29.21013066820637,20.030529177502824,20.030529177502824,4.456108026187788,110.8,-1.2105755111219558,-3.383328432376377,-0.943905966361744,-0.21971213778876597,0.05613172946915285,-0.012514056189453017,-0.20213598438866678,-0.14825849401125604,-0.23426494865316586,-0.11456731496333512,-0.34242237312235196,-0.04063906091760344,0.027580251028948732,-0.2060289388277612,-0.02526233098594241,0.026394020137533534,0.009157587563475636,-0.08710507809182434,-0.24119698285613525,-0.036343414801598924,-0.15419109351813862,0.017464730945081258,0.05854190401793293,0.015004643673744364,-0.1332923804907966,-0.16266109944078,0.02401341966398016,0.055613162081740684,-0.041512600410332175,-0.431684781805991,-0.2740692811836007,-0.20524691707732165,-0.18555734116619416,0.09907312221689102,0.021017234731106487,-0.05575276195400602,0.5431340593254448,-0.6446126265699709,-0.8770837353402939,-2.3689507520676156,-0.20348034810326546,12.358301271633762
7.195,0.1055744224005,0.8829123922879,19.2,9.0,0.6498844027519226,0.90932297706604,2.099999904632568,25.35000038146973,0.7774583697319031,219.2985229492188,131.0,86.2176,3.9735,25523.0,815.0,31.1163,21.4397,6.37807,471.8666666666667,209.2032032524324,6.680273112515471,122.001,42.695,30.889,6.378066666666666,23.090604598202717,0.495701072671828,46.74,578032.0,13.2,34.4,52.4,70896.0,35317.0,22722.0,12.79694947845151,11.127680470035047,11.127680470035047,1.418914034866713,54.7,-3.1847218306577187,0.0009863534824257798,-0.39891841726100213,0.2462735814782151,0.24978978764009682,0.7912430659428097,0.9579916684993369,0.4310517031729118,0.6550459853046403,1.244603852284709,-0.4473833759596042,-0.02641795803194939,0.029888896818016653,0.8107037783091001,-0.08710310844005871,0.3472007572737282,0.14496118304236819,-0.09846121635095233,-0.04184859821236938,0.16489885352654832,-0.12339261078380244,0.15972891360939742,0.12258053200237932,0.18028369369285327,-0.07992087442105555,0.12587715957107126,0.1995557634929419,0.12092670283451919,0.21045166158623085,0.3798970041011048,0.24967707557699806,-0.29006754121344214,-0.056337976343101635,0.014006848967645258,0.9096487876585516,-0.035297497257007183,0.19889975320337405,-0.028063286013142747,0.3502539390427089,1.0108243833113255,0.13401436145050996,12.358301271633765
6.41,0.08634544989243,0.9901605200162,18.6,18.0,0.5740424394607544,0.876735508441925,1.600000023841858,26.56999969482422,0.751388430595398,289.1892700195313,131.0277252197266,102.81,1.7645,47925.0,843.0,43.5255,20.1416,18.38,35348.0,294.8686396357596,5.186734756660309,162.53,65.61,36.45,18.38,34.437046921982514,1.6325084864460302,44.34,791032.0,14.2,49.0,36.8,60352.0,33354.0,19580.0,15.09150601532647,12.226414519989854,12.226414519989854,1.982933986704912,73.72,1.1644464384886273,-0.7301170985828119,-0.3319141076493611,0.5295981042811588,0.4437925340660415,1.0762836790348984,1.7602570102823112,-0.22596046921870613,-0.12333892047557571,1.4155966917384262,0.9937588461834891,0.2267665549843295,0.08901038740454803,0.21568625922723964,-0.01538510502102793,0.26248794276145704,0.1012857691145362,-0.0059599999154672885,0.2699616937915432,0.33490613466621433,-0.026710039460815516,0.6427447360907687,0.08461076401430064,0.009405291516284406,-0.02534977797500663,0.5717112364047203,-0.1532261198997622,0.20336996056232146,0.23683368062551655,0.8892043737728633,0.6403533966114002,1.217810676092286,1.0339179451766125,0.15723975869191165,0.57597446801292,0.13934547430746388,0.3635572728656884,0.670567098319827,0.8368982230972453,0.5202693078839951,0.592973143163937,12.358301271633763
6.855,0.03076168732213,0.273770872194,18.8,32.0,0.3367940187454224,0.4881641268730164,0.8999999761581421,30.17000007629395,0.4405312836170197,242.5231170654297,133.0,69.61883,3.1667,31295.0,362.9812608948286,7.9764,10.4369,25.54,1008.69,431.0012394986916,4.999053310767506,72.61,11.98,17.16,25.54,29.247120158096035,0.4441104259190304,62.5,205105.42621421916,6.613355601948504,25.327743910925538,68.05890048712597,63992.0,36649.66,25491.99,8.611711314748359,6.341558665661586,6.341558665661586,2.4926882667224866,70.9,0.061927327526699126,-3.98811058770105,-1.8748353509074933,0.0763472681866391,-0.0304228704396442,0.01971262924696693,0.11364962398643363,-0.16930557451810332,-0.5538950315059736,0.013930068900319226,0.4541673938193278,-0.03044745061854855,0.12559926819649478,0.25235347896976035,0.06913555370043578,0.04273362758105559,-0.10648529513286613,0.11417256769420081,0.6242991799958054,0.12097039287093532,0.024557175404845144,0.1929002140128209,0.03796518900443502,-0.16088290473951386,0.09654827595998772,0.6150732927719084,0.4532509971714232,0.14341470012396226,0.3903895477585748,-0.49100717767900465,0.29079972947489013,-0.3783501096762277,-0.8770471081674698,0.555690558484874,0.045123068144092136,0.3083163692855376,-0.42947124922143626,0.28740780421746837,0.29643851568844337,-0.8438484257667908,0.23039160671093853,12.358301271633763
6.41,0.1613072752335,1.63910553182,28.4,307.4,0.5387269854545593,0.2874916791915894,1.600000023841858,33.0099983215332,0.2789454460144043,386.3236389160156,130.0,97.05,1.21,106381.0,2590.42,55.63,35.38,21.39,6084.07,610.4028000918064,14.863552903373884,174.27999999999997,73.07,53.35,21.39,11.545413701275482,1.3286396630675812,42.31,858592.0,16.673582357043852,41.11565010222189,42.21076754073426,42877.0,31410.0,15449.0,10.182451797210655,6.929020407132105,6.929020407132105,0.954641587443107,92.11,0.5563261593032465,0.19537307321083267,0.09283054540285225,-1.1479131441297536,-0.48652204938874183,0.05776100393830038,-0.4184067930182555,-0.08297195477508786,-1.3241493618066604,-0.4531663272557353,-0.3946618473437499,-0.17350835763622743,0.012992808919382481,-0.21673739685703816,0.04801963528752218,-0.5887893024879298,-0.03186994825424246,-0.06056557601329704,0.031325478036725585,-0.504873644741557,0.031200654872572803,-1.3053948886012996,0.03710588658480226,-0.0024258882660636396,0.08954265214737929,0.03283439709944824,-0.055134595170857205,-0.0787639780304364,-0.11546765372099747,0.48774301910655954,-0.23879026003247303,0.016566161280490894,0.5097915212896968,-0.22542020155424702,-0.34754232583709216,0.020352085349481852,-0.733539786628841,0.4067039318318726,0.43378126774195525,0.6798156589316284,-0.27801274630206363,12.358301271633763
6.34,0.1317107729302,1.346018965951,27.6,218.7,0.5788008570671082,0.3789136111736298,2.200000047683716,32.13000106811523,0.3531308770179749,226.8743743896484,128.2054748535156,94.75,0.975,80886.0,573.0,36.035,30.6179,13.697,2339.8,503.33227546810537,3.5656280919222656,160.701,59.489,57.403,13.697,44.04493523854282,0.7705005543685988,37.51,683165.0,24.81513784080998,29.71825110917296,45.46661105001707,37563.0,37438.88,16936.21,15.717915646179634,15.449625511761106,15.449625511761106,1.4422353381379165,70.17,0.3932050380979886,0.21204319115101766,0.0951578182695479,-0.309171377500349,0.24912685172954493,0.5347768070159858,-0.10999166509373204,0.18480300118435297,-1.1047139186361383,0.07046738572766349,0.4327489697645854,0.5272798552948958,0.08761422705870148,0.029032453190880325,0.24858848296534738,0.22766064911007886,0.010332405743089653,0.2598955126204299,0.2255289458426987,0.030581718804390423,-0.0001395837246593127,0.531297188187123,0.07835185022977405,0.09209938116203802,0.285669417283782,0.22207495005650327,0.6937684288738666,0.19822514261554006,-0.049707863374334416,0.5114589189075126,0.60613037867004,-0.6315475364064463,0.6067457492645995,-0.25763915051755326,0.872746879028488,0.04536729357484689,0.6927281347147684,0.07065734176767575,0.06338939335661031,0.8126834485013642,0.3951545865846506,12.358301271633765
6.015000000000001,0.166620465519,1.78404328372,27.9,376.9,0.2440312653779984,0.1749793887138367,1.5,34.84000015258789,0.1899835020303726,263.8450012207031,132.0,156.23,1.87,97710.0,1060.5399999999972,71.1,36.2,12.67,445.0,463.12446677410185,5.026732391695883,210.98,98.81,63.08,12.67,11.72546549939368,1.018542407714805,36.2,633849.0,18.656421702718102,40.1694307582096,41.1741475390723,29464.0,31269.0,14895.0,17.562286116352706,10.924959818723158,10.924959818723158,0.0678323806069195,98.99,0.27814834829331875,0.4598279118606709,0.3390937470794344,-0.3018238907465804,-0.38035387481636357,0.44497242638834456,-0.8363479824594132,0.01834062436313122,-1.4748261519265007,-0.8853427787439793,1.3713250041813267,0.23873690718548315,0.6779414246475578,-0.05788203733276324,0.1886116616273017,0.1809416654887678,0.14299707703906442,0.3073341964503468,0.21693944148430896,0.14028703454244562,0.11190840544461415,0.5360396616167077,0.2285133707025402,0.23310822179281132,0.3037667011430127,0.42901919708893016,0.3342142949883298,0.29230144694210686,-0.24045044148625502,0.5149963764075892,0.3252206934907398,0.2940421546192206,0.471886401728742,-0.32159839606141905,0.9328081500841257,-0.1383140254344628,0.5145944451501815,0.4341217844142973,0.3144446486471595,2.4266580628463603,-0.036479663640461325,12.358301271633762
6.640000000000001,0.2558848001299,3.503101136478,27.7,219.6,0.4768135249614716,0.2010269314050674,1.600000023841858,35.20000076293945,0.2108215540647507,148.6543884277344,68.14414978027344,50.1,1.306,41383.0,353.0,16.046,12.1913,6.776,670.2,631.7050831934056,5.388490306823385,65.51,26.747,24.969,6.776,17.9549829028876,0.4442509992904584,49.43,209556.0,6.020172305106115,47.59403235973944,46.38579533515444,76037.0,38605.82,21713.2,14.86650338874155,8.90786065415315,8.90786065415315,3.334605630605978,50.07,0.5659834123071628,0.6458798504462371,0.42161587036433573,-0.10437159427013339,-0.10642109341772521,0.2998320613456089,-0.4502441524752743,0.1020238434901648,-0.675539133575338,-0.48851749944516404,-1.4043334710633932,0.3629363548400999,0.2178319266894824,0.20205422189285135,-0.13359840578162596,-0.060586890804847436,-0.14152451244409425,0.13830634664193964,-0.28132950326091294,0.4329474773637341,0.7794799639728042,0.06081475574626072,-0.22367651705738156,-0.038486259648287634,-0.022028764346586294,-0.26462166178052654,0.05206991935104862,0.09190054538377464,0.28360204565130337,-0.7024693311917117,0.0758810608463217,0.7000757372789912,0.2992962935353512,1.0259780499675426,0.5101646207812279,0.2915131854308384,0.04093616390545085,0.6044104359235424,0.7805685587528521,-1.6749083166673684,0.23981914800887982,12.358301271633763
6.835,0.2152928664995,2.151346883201,27.7,421.2,0.4462528824806213,0.1177685037255287,2.099999904632568,31.95000076293945,0.1442147940397263,269.1738586425781,129.0,113.44,6.47,113005.25,3048.97,56.37,31.11,33.02,4048.8,632.6927383685123,17.070544762331334,178.61,74.6,52.48,33.02,11.832260392384752,1.0136065476243834,41.19,962714.0,23.22925734100645,37.059541398199215,39.71120126079434,40450.0,30441.0,14677.0,7.420621787035737,5.286083690348805,5.286083690348805,0.6079000575173069,68.94,0.545596067886238,0.7066812529575962,0.36161591045940233,-0.009735849560199794,-0.3675096806987684,0.3567576243442063,-0.6642509408783944,-0.029358050867395697,-0.8812581589909106,-0.8848044095278493,0.7088009288639258,-0.03103428316712072,0.10607061284785901,0.6533847089590461,0.1533096871783961,-0.5747985515036047,0.06278434572235832,0.14862902643179052,0.20053753627422446,-0.3238440240510361,-0.1546671779425258,-1.0929882466282632,0.025529738156759258,0.019819283449808767,0.0771779716131517,0.3076800337419808,-0.07090382337574463,0.006258743206807971,-0.13090596050321338,1.322802027985611,-0.2936416324492231,0.04456347637105599,0.43150476990570547,-0.014217080215492986,0.5193027844863461,-0.07134792360050501,-0.9890778273875477,0.12088654614345391,0.431196242967151,1.695515853201868,0.046377060211009624,12.358301271633765
6.945,0.2137058061186,2.308573007529,28.0,594.3,0.5184149742126465,0.1792715638875961,2.299999952316284,34.25,0.1934172511100769,288.3624877929688,129.3096313476563,111.07,3.69,99177.0,1003.5,55.58,40.03,31.27,624.27,546.7309812568908,5.531973539140021,181.40000000000003,73.25,59.84,31.27,12.01708770605562,1.3716441835883986,39.96,1202915.0,16.431187710251496,41.28557796152066,42.28323432822784,53308.0,32689.0,17803.0,9.539679628333618,7.153294308153317,7.153294308153317,1.1848298070618952,91.37,-0.8878684354545897,0.5079291160967337,0.2755566842004047,-0.5170919953859154,-0.43018466097547026,0.21955414574665344,-0.6697249086479439,-0.15415176542158204,-1.2705378503263212,-0.9766989544839326,-0.17211317220941366,-0.09909094680164388,0.0339513953562817,-0.31228573007699506,0.15922648265740472,-0.005805952758078196,0.0850818466969628,0.2044803258957184,-0.08232772038848601,0.06972905042579858,-0.19485770715390296,0.10285766284272113,-0.018141739993283872,0.09572026307837785,0.013355132700241024,-0.028863723545462665,-0.48288365342392275,-0.0002448663725459858,-0.13201647140892492,0.15551671280561466,0.15369713071358668,-0.24881552946034505,0.11344126332136055,-0.23598158357518195,-0.2953946153153733,-0.14543768994824857,-0.7881372176005148,0.36285713716497253,0.359756422472193,0.7157558522021055,-0.2826866015150156,12.358301271633765
7.1850000000000005,0.05666443727865,0.5661172965498,26.7,136.1,0.5981320142745972,0.1207273975014687,1.100000023841858,29.19000053405762,0.1465819180011749,233.8560638427734,119.8350448608398,49.1485,0.47,15878.0,356.18,8.5477,7.134794327171835,0.953,926.17,282.58702925891646,6.339075959279561,56.188,19.8872,18.41727,0.953,16.5223150965168,0.404246719542003,47.87,256107.0,6.0117218158366414,18.174131902767638,75.81414628139571,45012.0,32296.0,14288.0,6.990829016588316,9.211165561563142,9.211165561563142,1.5733199943233478,43.22460681495,-0.789227816114178,-2.4433970224941075,-0.949597426442273,-0.09417182667326256,-0.039174887486114814,0.053656062828412704,-0.23712161311473612,-0.10783192733481047,-0.16178666334881717,-0.27338488089352386,-0.2989211747629419,-0.20313401634828612,-0.07124469529894711,-0.17228849018244363,-0.09945250189051068,0.02740066152919333,-0.12156448364972737,-0.05072117118383321,-0.31776906621830553,0.024309968891973305,-0.10927726558291362,0.0004986361997117491,-0.07217437701333795,-0.017625512725139198,-0.1280605409106505,-0.2842273830055236,-0.04981109292567573,-0.06724033369453696,-0.066213562961593,-0.3846693359587483,-0.4198901951284697,-1.2884551390247025,-1.3826199470038816,-0.10350270217481934,-0.5238683659011772,-0.19403677878230954,-0.3843286650217523,0.025188397570289303,0.058204677118228416,-0.10425451169448162,-0.5327192720041856,12.358301271633765
6.960000000000001,0.1210049522633,1.606840166926,25.7,191.4,0.4354498386383057,0.3447339236736298,1.700000047683716,33.04000091552734,0.3257871270179749,241.7138519287109,128.9469604492188,69.4828,1.3569,21994.0,591.6353864032538,9.1363,9.5518,2.36,1603.85,381.11245884595394,10.251869457689375,57.71,25.24,23.82,2.36,23.245438704361963,0.4724934230642314,61.4,189959.29356481816,5.960707881876988,46.25281304491967,47.78647907320334,66835.0,38481.79,24326.61,8.747788017238738,6.746846249557248,6.746846249557248,4.849428335338578,73.3,-0.6831007622602433,0.02380851433799876,0.1056586344702008,-0.16816206235097422,-0.04683438475950072,0.04183151718722863,-0.22412143789894648,0.0497143399962346,-0.5491376496018618,-0.15233933327693547,0.07286499826762416,0.010551448823280435,-0.04719649021203081,-0.2687403040976142,-0.37754939500164814,0.06596598598310506,-0.31504863372330516,-0.3517854083989603,-0.7726138279071955,-0.004238979868565251,-0.21581588694071172,-0.15123637678733645,-0.1594565692535116,-0.16985862358038525,-0.3621212768643105,-0.5207789211939877,0.10452934069054758,-0.1616761395284866,0.28276698044412735,-0.6463489774750383,-0.9304153931822018,-0.3123447608440929,-0.14626474083286145,0.310454013165127,-0.4265835733849781,-0.025004195762288167,-1.0792872271624514,0.2788795533455601,0.33955782437127713,-4.265885270792954,-0.09989376504225317,12.358301271633765
6.73,0.1313806613633,1.671253791192,26.8,350.2,0.5449880957603455,0.5738555192947388,2.200000047683716,32.75,0.5090844035148621,218.3512725830078,128.90185546875,97.153246,1.5051,22704.0,603.4405868680999,11.4219,8.4222,5.82,881.58,371.52675503190966,9.874661869875633,61.11,25.96,23.28,5.82,24.614949908569734,0.4775021872663257,65.5,193424.9506420834,3.786310606464182,52.02179642033601,44.19187938339238,90072.0,39502.4,26966.29,10.53622467854088,6.818367587891776,6.818367587891776,8.389512313189808,82.8,0.18728633516797824,-0.062467041891439735,0.07160931348467292,-0.2854403110038031,-0.12389490632789175,0.1926952272129153,0.014920788069736476,0.05880061381873547,-0.676172084854612,0.03929093499392544,-0.568229218653208,0.020746207901157037,0.18711517537860248,-0.1630393374841831,-0.2674365381801789,0.263311359869501,-0.20736510271887684,-0.19844291729914074,-0.57761098126248,0.09670292013402053,-0.15609423011725718,0.198108913789783,-0.25467897853417576,0.02690359724332277,-0.10851775283901648,-0.43792129013766923,0.14993920854176626,-0.07298811568024362,0.018137399213317102,-0.33217666516860767,-0.5781821284892043,-0.13411252739626697,-0.15288523071343127,0.22926137355447848,0.11527535113356924,-0.1460531477344952,-0.29662148416421763,0.2198349751094478,0.24005623579541455,-6.203935585106062,-0.09736512153801297,12.358301271633765
6.665,0.05964233918332,0.8830219718617,28.1,406.5,0.4921537339687347,0.4416697323322296,1.600000023841858,30.82999992370605,0.4033357799053192,203.751953125,130.9732818603516,2.90776,0.115,1588.0,7.908338175479372,0.089,0.2026,3.98,913.13,329.46058091286307,1.640734061302774,4.82,0.14,0.34,3.98,1.9414835306710216,0.2504382101047163,73.3,43717.2909103953,2.133822472423064,34.05945495650095,63.80672257107598,57754.0,39953.37,32733.15,7.989646389078048,3.576066916726457,3.576066916726457,2.2858259152713347,56.1,0.2616550561747734,-3.155008731578239,-0.35134616921264034,-0.23101537430736974,-0.12465943824155261,0.07417784322020184,0.0554137037160388,-0.00808308025255014,-0.32686586817215807,0.001118354495828792,-0.5070493020879033,-0.03706939161766583,-0.30415901466780787,-0.19053404605060012,-0.5072381718254709,-0.07524424128215801,-0.3913348901591829,-0.4796381774382111,-0.3490236064720467,-0.040069174348018176,-0.3084142112897979,-0.05822060463808526,-0.3457377223989731,-0.26173717344554914,-0.5261955618037942,-0.4117089565539645,-0.4599325433183703,-0.18168390494134481,0.04799686591687422,-0.42263241728139384,-0.30578441549838353,-0.0867078452238421,-0.9345531727926423,-0.033189924199793136,-0.18785027971293086,-0.11470140268967403,-0.7897570529075395,0.2243248509211725,0.3139678128456769,-0.3396264255141033,-0.1945855020181181,12.358301271633763
6.485,0.07505783322448,0.7726308297319,27.3,533.4,0.5887801647186279,0.7191327214241028,2.099999904632568,33.04000091552734,0.6253061890602112,255.7650146484375,133.0,69.61883,3.1667,31295.0,362.9812608948286,7.9764,10.4369,25.54,1008.69,431.0012394986916,4.999053310767506,72.61,11.98,17.16,25.54,29.247120158096035,0.4441104259190304,62.5,205105.42621421916,6.613355601948504,25.327743910925538,68.05890048712597,63992.0,36649.66,25491.99,8.611711314748359,6.341558665661586,6.341558665661586,2.4926882667224866,70.9,0.7653545727545635,0.13773126758387141,-0.4823242403194003,0.0602787436682517,0.1394660282597621,0.7140823971596101,1.1095561734654908,0.39677055149714846,-0.6106662210094048,1.2790402204871123,1.2696346803951772,0.25280618710846753,0.21871755262153317,0.9947129540442816,0.0709167123886465,0.27327026873822335,-0.01967282823468756,0.046494871617559275,2.0077342796525506,0.4260149072390344,0.13075677486673346,0.022270407611269933,0.2042696312881175,-0.09335313625854987,0.5252631040982659,1.9426665551273103,0.525342553516101,0.1923910393915428,0.6770868990532769,-0.701136205070747,1.9983520526876524,-0.6187649461417428,-0.5611597882396355,1.2083417233606262,1.1368039817508508,1.3792547461134823,-0.5780852073527074,0.4656324018699734,0.5750704778359637,-0.7806547191168568,0.7464876840949626,12.358301271633765
6.535,0.1020147377599,1.311680485782,28.1,406.5,0.495362788438797,0.5626463294029236,1.5,34.83000183105469,0.5001170635223389,126.0672454833984,85.59015655517578,2.90776,0.115,1588.0,7.908338175479372,0.089,0.2026,3.98,913.13,329.46058091286307,1.640734061302774,4.82,0.14,0.34,3.98,1.9414835306710216,0.2504382101047163,73.3,43717.2909103953,2.133822472423064,34.05945495650095,63.80672257107598,57754.0,39953.37,32733.15,7.989646389078048,3.576066916726457,3.576066916726457,2.2858259152713347,56.1,0.34699611066297403,-0.3399314963439328,-0.06712690035606506,-0.2866105755230017,-0.10357946162703645,0.10067035441934884,0.07822664275915803,-0.010158628935353261,-0.46335272634363794,-0.013774777415026362,-1.6221046295994765,0.033528410937427804,-0.47077746956823,-0.049459741401570834,-0.5705943130560214,-0.06909010572825268,-0.3889640975096272,-0.3286459706998881,-0.42021302956194245,-0.006336620044861976,-0.3234623059532757,-0.14617524428339893,-0.3178655726960358,-0.49415132695675124,-0.4026269227731743,-0.39733326457383855,-0.798146402261799,-0.2952392740583357,-0.08754088064529882,-1.220314923832975,-0.3192795226586267,-0.18236368850059023,-0.7584357975758386,-0.17124001800575497,0.032514127681785444,-0.217205436039282,-0.4640775738274807,0.03186514521301359,0.006681637719583887,-0.4927928146746323,-0.29669612666256345,12.358301271633762
5.904999999999999,0.1922570584841,1.951581635845,3.6,21.0,0.4531041085720062,0.4497370719909668,0.8500000238418579,8.210000038146973,0.409789651632309,386.3236389160156,130.0,97.05,1.21,106381.0,2590.42,55.63,35.38,21.39,6084.07,610.4028000918064,14.863552903373884,174.27999999999997,73.07,53.35,21.39,11.545413701275482,1.3286396630675812,42.31,858592.0,16.673582357043852,41.11565010222189,42.21076754073426,42877.0,31410.0,15449.0,10.182451797210655,6.929020407132105,6.929020407132105,0.954641587443107,92.11,0.47053073871785617,0.5953666716288312,0.2759264749130313,0.3298150707685094,-0.15875545949148195,0.30362456210652633,0.10970745587506059,-0.15744337919496618,0.4453618125529317,0.018802219802075637,-0.1890308589949672,-0.08926966774540501,-0.02190624540009208,-0.20454066509806315,0.15843168886175926,-0.7273354799021975,0.0022929327181605195,-0.039008446377615545,0.06498372048030425,-0.40396745801574685,-0.1945914053131581,-1.8394472079167379,0.05897912803925583,-0.13479455453395786,0.09502108487230225,0.10749187533932991,-0.12325690634995223,-0.11097971425500856,-0.1786271232316444,1.1550411296645846,-0.20421691498265707,0.08612322447233407,0.5465587276820503,-0.13339742299451438,-0.7028644357618931,-0.4166318645942792,-1.0131724476172985,0.6770029518608588,0.8928632502592785,1.7177428795552931,-0.10190979131016357,12.358301271633765
6.23,0.203861600483,2.004570981987,3.0,27.0,0.2058755159378052,0.3090001046657562,0.449999988079071,9.1899995803833,0.297200083732605,226.8743743896484,128.2054748535156,94.75,0.975,80886.0,573.0,36.035,30.6179,13.697,2339.8,503.33227546810537,3.5656280919222656,160.701,59.489,57.403,13.697,44.04493523854282,0.7705005543685988,37.51,683165.0,24.81513784080998,29.71825110917296,45.46661105001707,37563.0,37438.88,16936.21,15.717915646179634,15.449625511761106,15.449625511761106,1.4422353381379165,70.17,0.5667085068254959,0.89717820144405,0.43791047723414883,0.7970952244477552,0.2229353996288562,0.6778035478642037,-0.24841920120331906,0.3181913364093137,1.196135765070999,-0.32162745661157466,0.2526046110837655,0.6007796724705724,0.11476605576192463,0.2038038688909234,0.5742237507316731,0.2802862346758277,0.041519983541256376,0.2028083188998989,0.2749695412320539,-0.008661159006465505,0.5717051806213367,0.6835395418320561,0.16460605752018256,0.12648800446843347,0.5797597650433658,0.3151925228429282,1.6678129035043074,0.19788610420571282,-0.009973824392391991,0.5413587580160922,1.4781848215898095,-0.9786409584023716,0.9083903054215755,-0.1425031900916031,1.6492598705510895,0.18708300230754737,0.970643437173234,-0.47427201141706776,0.1218172147291674,1.5421295143404554,0.8535311415547627,12.358301271633763
5.765000000000001,0.2130431102024,2.310097577704,4.0,30.0,0.281296968460083,0.2954275012016296,0.4000000059604645,7.71999979019165,0.2863419950008392,263.8450012207031,132.0,156.23,1.87,97710.0,1060.5399999999972,71.1,36.2,12.67,445.0,463.12446677410185,5.026732391695883,210.98,98.81,63.08,12.67,11.72546549939368,1.018542407714805,36.2,633849.0,18.656421702718102,40.1694307582096,41.1741475390723,29464.0,31269.0,14895.0,17.562286116352706,10.924959818723158,10.924959818723158,0.0678323806069195,98.99,0.6035670854226137,1.088558807872393,0.5123426391407713,0.4301829540764337,0.0021129116066448774,0.7193488246797237,-0.3448426670879859,0.5959049591948818,0.4205878806157193,-0.5309450294012645,1.5585435884274659,0.18418627952213593,0.2912753033285673,0.17978732911992834,0.2789712825678337,0.2171917867941137,0.3662501556831274,0.35555554612732276,0.35149466060124085,0.14992565382318102,-0.0011795738876016297,0.5371731870207662,0.3383796534464711,0.4467384121272371,0.3584852376797339,0.6881437287335258,0.1420120616035455,0.13096530334453282,-0.4488623634522457,0.5932359881136801,1.0033323467072586,0.554288487452438,1.1736947853484372,-0.5365111315784655,0.026487374745251202,-0.2660220388527568,1.0869239080649897,0.4429623666656397,0.5326034915668979,3.4151644529990115,0.376233247931071,12.358301271633763
6.645,0.2973392050863,3.882291161179,3.1,21.0,0.2597025632858276,0.3728253245353699,0.5,10.52000045776367,0.3482602834701538,148.6543884277344,68.14414978027344,50.1,1.306,41383.0,353.0,16.046,12.1913,6.776,670.2,631.7050831934056,5.388490306823385,65.51,26.747,24.969,6.776,17.9549829028876,0.4442509992904584,49.43,209556.0,6.020172305106115,47.59403235973944,46.38579533515444,76037.0,38605.82,21713.2,14.86650338874155,8.90786065415315,8.90786065415315,3.334605630605978,50.07,0.7517212450579134,0.7149934936349713,0.38236752317733796,0.06265697715185303,-0.08684523938872579,0.10178539347059819,-0.11743108765728698,-0.07554011053435687,0.35225379323673933,-0.18696407750127456,-2.033174542802685,0.2424478693210775,0.35746099393646547,0.008034426514597293,-0.05541522900460971,-0.06557007923815046,-0.1155913709002175,0.07465889060142421,-0.30491178367585353,0.32902245051744256,0.4252087493235246,0.15498324241755754,-0.17994432106620484,-0.25995617605720733,0.07575923516618051,-0.40331117785915754,0.20619008446629464,-0.02663207500059565,0.26742442579325915,-1.1842630566089882,0.3533573060359146,0.37406342298294476,0.054197956027671,0.9656044506666944,1.1643559996928983,0.5180398848927331,0.2745110060360761,0.7368629608574766,0.5970885287999558,-2.2372807439537694,-0.06154150697815908,12.358301271633763
7.05,0.1691529316109,1.614295478722,3.1,16.0,0.4082054197788239,0.5365220308303833,0.75,7.329999923706055,0.4792176187038422,269.1738586425781,129.0,113.44,6.47,113005.25,3048.97,56.37,31.11,33.02,4048.8,632.6927383685123,17.070544762331334,178.61,74.6,52.48,33.02,11.832260392384752,1.0136065476243834,41.19,962714.0,23.22925734100645,37.059541398199215,39.71120126079434,40450.0,30441.0,14677.0,7.420621787035737,5.286083690348805,5.286083690348805,0.6079000575173069,68.94,-1.396779703428053,0.5176238087318241,0.13529640137409737,0.24903044483799386,0.359513582695939,0.2953839204127529,0.13598751391134098,0.0172187351980293,0.4209323943241741,0.010108693694980056,0.605176712299735,0.014905395207867636,0.02961854716721805,0.4992187826672719,0.3540116376039087,-0.748864217744836,0.10561457171285649,0.00030046230763569604,0.6659493167691334,-0.2065056504938565,0.05669064723088857,-1.313485421737076,0.0875539222073017,0.05567841627968136,0.007621931582039683,0.38660140144490157,-0.4086074495247183,-0.017874575186309933,-0.132387471900877,1.7286507218259812,-0.18914695867230943,0.33899285690984665,0.5273161211884402,-0.1770703739574333,0.314312521017694,-0.32070003310850725,-1.1666652663152322,0.6696025703861209,0.3458470227078929,1.992156732801929,0.09797876474013334,12.358301271633765
7.095,0.2514176443827,2.307216662407,3.3,11.0,0.3960256278514862,0.5645306706428528,0.699999988079071,6.389999866485596,0.5016245245933533,288.3624877929688,129.3096313476563,111.07,3.69,99177.0,1003.5,55.58,40.03,31.27,624.27,546.7309812568908,5.531973539140021,181.40000000000003,73.25,59.84,31.27,12.01708770605562,1.3716441835883986,39.96,1202915.0,16.431187710251496,41.28557796152066,42.28323432822784,53308.0,32689.0,17803.0,9.539679628333618,7.153294308153317,7.153294308153317,1.1848298070618952,91.37,-2.0099630096666377,0.6876246456363019,0.38730588606190625,0.24506757990525227,0.3020263122121256,0.29491382351259005,0.0901177414308491,-0.13631161309533488,0.012326557989671786,0.04169076906518576,0.07606101864394477,-0.005544740685168896,0.04363719626283643,-0.6049149988931236,0.048201211497489016,-0.013804719644800715,0.01975733436801382,0.14356476790569475,-0.0549511882464544,0.05425944823432719,-0.034922269400755525,0.11271393516028964,0.06085669492191329,-0.023458511116216663,-0.06076003236129394,-0.05147817640965702,-0.19454314929331615,-0.019989401754732405,-0.3007720690104179,0.49053362544228724,-0.02515974554231522,-0.03489685634492323,-0.0682401878024635,-0.25725429172991837,-0.37580803183820466,0.012554777852610796,-1.0943624994974164,0.22379666444960625,0.5231835791637304,1.2809263361286274,0.06499457200316883,12.358301271633765
7.395,0.0643875669168,0.586354679176,3.0,24.0,0.1266993135213852,0.1343065798282623,0.25,8.890000343322754,0.1574452668428421,233.8560638427734,119.8350448608398,49.1485,0.47,15878.0,356.18,8.5477,7.134794327171835,0.953,926.17,282.58702925891646,6.339075959279561,56.188,19.8872,18.41727,0.953,16.5223150965168,0.404246719542003,47.87,256107.0,6.0117218158366414,18.174131902767638,75.81414628139571,45012.0,32296.0,14288.0,6.990829016588316,9.211165561563142,9.211165561563142,1.5733199943233478,43.22460681495,-1.5079631898580388,-1.3350810977913312,-0.5958657844861113,0.008682645381717207,-0.05138933127009258,-2.5414852203144744,-0.2141919510538581,-0.13140162447115897,0.007801826129098775,-0.2410594977340883,-0.41846911537783354,-0.17000596978872695,-0.030673825829262997,-0.09021643809960216,-0.12874375023271048,-0.01672866601138138,-0.0904045912739707,-0.0776710940075181,-0.2819551941502511,-0.0131915789764575,-0.08640720050895463,0.005179065409988417,-0.0794915121461497,-0.01896633029035813,-0.01916324364028208,-0.17684737342052273,-0.13291121872717068,-0.042267314308573924,0.06795496216431153,-0.24944503047808753,-0.4738072427128613,-0.4773425009953464,-1.030429945096899,-0.19635959674111667,-0.2480018317241668,-0.1794509945882371,-0.984647178825882,0.10639987819368175,0.06892851148020597,-0.12468428216679911,-0.16224797644026998,12.358301271633763
6.91,0.1548696238513,1.709914543751,3.3,7.0,0.2677996456623077,0.4793040454387665,0.3499999940395355,5.909999847412109,0.4334432482719421,241.7138519287109,128.9469604492188,69.4828,1.3569,21994.0,591.6353864032538,9.1363,9.5518,2.36,1603.85,381.11245884595394,10.251869457689375,57.71,25.24,23.82,2.36,23.245438704361963,0.4724934230642314,61.4,189959.29356481816,5.960707881876988,46.25281304491967,47.78647907320334,66835.0,38481.79,24326.61,8.747788017238738,6.746846249557248,6.746846249557248,4.849428335338578,73.3,-0.41897109160721246,0.04607420579681007,0.13154760589871353,0.0839228398875141,-0.029529907621241382,0.040748114986205695,0.07085774925206527,-0.02612765478030343,-0.27706757959036016,0.06593422541755933,-0.12542054075830522,0.0017116583746257612,-0.15689301928632468,-0.2977662518226824,-0.33471846390647686,0.0037246544646577,-0.28456741456275336,-0.4204670144953171,-0.5222140938832354,-0.024697374056956777,-0.33639430277750515,-0.14785079863997214,-0.5223893699848172,-0.10825776674529482,-0.2341536791876814,-0.9825793567840062,-0.006271536685606871,-0.15861484527561087,0.588011056091715,-1.0498905576260973,-0.5828962348899319,0.11909490644606212,-0.13974388454736333,0.035372484712838125,-0.5360464128344611,-0.112931517063715,-1.2156688585774484,0.21242806518127544,0.15621133243038798,-4.4920402683457175,-0.002244689095981319,12.358301271633763
6.885,0.1148724190189,1.302710603876,3.1,6.0,0.2831749320030212,0.5371334552764893,0.550000011920929,7.849999904632568,0.4797067642211914,218.3512725830078,128.90185546875,97.153246,1.5051,22704.0,603.4405868680999,11.4219,8.4222,5.82,881.58,371.52675503190966,9.874661869875633,61.11,25.96,23.28,5.82,24.614949908569734,0.4775021872663257,65.5,193424.9506420834,3.786310606464182,52.02179642033601,44.19187938339238,90072.0,39502.4,26966.29,10.53622467854088,6.818367587891776,6.818367587891776,8.389512313189808,82.8,-0.1193782878900499,-0.02709849420488118,0.027717278054733747,0.11057958939081912,-0.07854484404779079,0.09736491024152039,0.09236255204952559,0.001017106092399615,0.20201557523635008,0.08950268235355302,-0.5265232221018666,0.023940531670262,0.19731290619562394,-0.10081564576030329,-0.5016653631210232,0.26017183042389935,-0.08011157182455442,-0.2890768360647259,-0.4405939721519614,0.07616067827660877,-0.18426169500048262,0.06670176489256076,-0.14055925625767546,-0.009875078710909166,0.022804103079836675,-0.4556277887452926,0.19162952101249753,-0.11128238005738283,-0.10732668884988404,-0.3902032564581008,-0.34117598881291106,0.02352086117317176,-0.003980115135824487,0.1852122555687017,-0.5547103047566092,-0.019022093528787254,-0.5642811566580833,0.137897637484492,0.16879948159373792,-6.135794233332915,-0.24314246945250104,12.358301271633763
7.01,0.0638351135086,0.7424533970044,3.8,3.0,0.1829661130905151,0.4541138708591461,0.25,7.429999828338623,0.4132910966873169,203.751953125,130.9732818603516,2.90776,0.115,1588.0,7.908338175479372,0.089,0.2026,3.98,913.13,329.46058091286307,1.640734061302774,4.82,0.14,0.34,3.98,1.9414835306710216,0.2504382101047163,73.3,43717.2909103953,2.133822472423064,34.05945495650095,63.80672257107598,57754.0,39953.37,32733.15,7.989646389078048,3.576066916726457,3.576066916726457,2.2858259152713347,56.1,-0.3757300054226101,-2.1890943880687543,-0.47311170818830167,0.03530939046066705,-1.212272409396539,-0.24815362593701754,0.03237225596573171,-0.3390623691233092,0.11294015380140787,0.02855719238745433,-0.44746938643965034,-0.0016089299799105505,-0.2791721930067267,-0.30873348203214146,-0.4393932893413138,-0.07814953368544068,-0.2297491076769498,-0.36164728904524873,-0.33185010697088774,0.03923322356308213,-0.16529393993467886,0.023354730403131768,-0.2977095787185478,-0.24135691813204105,-0.306374042406736,-0.347551277637596,-0.2848795767347369,-0.09730677702354414,0.00467683146503776,-0.7385402547264129,-0.4226222459034184,-0.20287286886845438,-0.38145360002382905,0.046484002508400936,-0.8397635237886552,-0.2496776183833371,-0.2567928260810232,0.1835622442582343,0.022083838133577182,-0.2592556438236427,-0.12303150138788971,12.358301271633765
7.01,0.1636396561405,1.491558335471,2.7,4.0,0.2174653857946396,0.3065177798271179,0.300000011920929,6.590000152587891,0.2952142357826233,255.7650146484375,133.0,69.61883,3.1667,31295.0,362.9812608948286,7.9764,10.4369,25.54,1008.69,431.0012394986916,4.999053310767506,72.61,11.98,17.16,25.54,29.247120158096035,0.4441104259190304,62.5,205105.42621421916,6.613355601948504,25.327743910925538,68.05890048712597,63992.0,36649.66,25491.99,8.611711314748359,6.341558665661586,6.341558665661586,2.4926882667224866,70.9,-0.7212366228917845,0.2736619302564554,0.13770446022961433,-0.1194827755346178,-0.06366795462730068,0.18307007634352326,-0.19304087621562616,-0.4498421813098769,0.09768296797165162,-0.10751331535269126,1.2156292011324155,-0.04532835242492069,0.18715312576483253,0.6638016724127261,0.08617093422251358,0.06774650558797846,-0.275349164681614,-0.03060692679436176,0.8325073160249858,0.11665522272541311,-0.016503170525770477,0.13391537006609142,0.051612027231595116,-0.05968606747393886,0.14155170834586195,0.990838816668211,0.6248068557742739,-0.11154229141977301,0.48459609392950037,-0.28524739591349885,0.33646011552562555,-0.5514958566166298,-1.3296036515258431,0.7930601336999663,0.10925380948898307,0.9784170349681595,-0.781721929450447,0.5445546671521884,0.6419106061363821,-0.5767161046175678,0.29527211658537156,12.358301271633763
7.095,0.1885120006796,1.781521666372,3.8,3.0,0.1531119793653488,0.2633763253688812,0.2000000029802322,6.300000190734863,0.260701060295105,126.0672454833984,85.59015655517578,2.90776,0.115,1588.0,7.908338175479372,0.089,0.2026,3.98,913.13,329.46058091286307,1.640734061302774,4.82,0.14,0.34,3.98,1.9414835306710216,0.2504382101047163,73.3,43717.2909103953,2.133822472423064,34.05945495650095,63.80672257107598,57754.0,39953.37,32733.15,7.989646389078048,3.576066916726457,3.576066916726457,2.2858259152713347,56.1,-0.7743548920504981,0.1396774932411541,0.063398547195645,0.03284501187581299,-1.050389636464284,-0.7355441574214993,-0.12655694743491108,-0.4591818663243618,-0.03501129007013753,-0.1141853545297003,-1.0903986053780563,0.07783807366241752,-0.4804534703547323,-0.17902700486269052,-0.4589410794652233,-0.10549363433135288,-0.19730189256790678,-0.1396417098225087,-0.4144777385707979,0.012578357865029208,-0.18310771681957924,-0.1461597298688532,-0.35527218391120935,-0.14839846460871164,-0.20602838311845395,-0.303958801196261,-0.5822590054125966,-0.20577473978150498,0.13698492019906125,-0.9793292365667815,-0.6714309017015075,-0.3405131708178472,-1.1164947801982674,0.1015331208595693,0.029706462918437298,0.05210912568902487,-0.41655736279717265,0.10937182700797903,0.06153524969489515,-0.5733340237970076,-0.18550144695106383,12.358301271633763
6.54,0.3783828045614,4.473671270399,19.0,46.0,0.6479945182800293,0.6949933767318726,2.299999952316284,24.85000038146973,0.605994701385498,386.3236389160156,130.0,97.05,1.21,106381.0,2590.42,55.63,35.38,21.39,6084.07,610.4028000918064,14.863552903373884,174.27999999999997,73.07,53.35,21.39,11.545413701275482,1.3286396630675812,42.31,858592.0,16.673582357043852,41.11565010222189,42.21076754073426,42877.0,31410.0,15449.0,10.182451797210655,6.929020407132105,6.929020407132105,0.954641587443107,92.11,1.0820026174651851,1.5486630213428318,1.0023006067994273,0.4353361442388084,-0.30212214964975476,0.6155563058157356,0.9687239581578785,0.023205684927822084,0.8755677291942144,1.1424792306007538,-0.061946456581308006,0.0040978757817630536,-0.0905127566719437,-0.28973583907828965,-0.04089498653129894,-0.6642638858888535,0.00630303564796586,0.16655817932304817,0.14424098718517472,-0.414432327454002,-0.35801968663934575,-2.632597111196533,-0.003066442334159092,0.006173504420840192,0.054060668102760744,0.08299206810196091,0.015623792418215801,-0.11920928263983151,-0.2541260743880966,0.7811015204416023,0.10834548105961044,0.35867880979936234,0.8045703487980657,-0.21080165726386943,-0.399248348708049,-0.47638022819077613,-1.0688878016308476,0.6825420245822391,0.39816294166186933,1.9263593157148717,-0.05294766316483276,12.358301271633763
7.09,0.2109943022505,2.236637401021,18.7,33.0,0.5615285038948059,0.8261546492576599,1.799999952316284,25.51000022888184,0.7109236717224121,226.8743743896484,128.2054748535156,94.75,0.975,80886.0,573.0,36.035,30.6179,13.697,2339.8,503.33227546810537,3.5656280919222656,160.701,59.489,57.403,13.697,44.04493523854282,0.7705005543685988,37.51,683165.0,24.81513784080998,29.71825110917296,45.46661105001707,37563.0,37438.88,16936.21,15.717915646179634,15.449625511761106,15.449625511761106,1.4422353381379165,70.17,-1.2123653897719582,0.9366570569837092,0.37995524812896236,0.7434370853998241,0.3954326299498318,0.798658917456951,0.9022055937902279,0.2313704045079441,0.8560464981733835,1.241174230210775,0.44062880962834106,0.41555781643781703,0.18878528653345597,0.12424408873233135,1.0438641344575401,0.28463465315109754,0.18916866302475568,0.09711261184889342,0.5255273337928275,0.06469742314015263,0.2232793020359686,0.8261057235764255,0.12704958626428983,0.015010009245414105,0.4422073742396398,0.23729703762625828,1.5595064311719993,0.22819428783480147,0.01999657571817866,0.6143781892760948,1.1409153323386056,-0.9169888396717495,0.2375318862031984,-0.14316309019481258,1.2583190254734604,0.024038616414518394,0.8036785041491572,0.3175965195524391,0.012133782903521517,2.0341174559801383,0.7258224332494634,12.358301271633763
6.83,0.3290345806553,3.357728492649,19.2,34.0,0.6673039793968201,0.9679861664772034,2.0,22.77000045776367,0.8380921483039856,263.8450012207031,132.0,156.23,1.87,97710.0,1060.5399999999972,71.1,36.2,12.67,445.0,463.12446677410185,5.026732391695883,210.98,98.81,63.08,12.67,11.72546549939368,1.018542407714805,36.2,633849.0,18.656421702718102,40.1694307582096,41.1741475390723,29464.0,31269.0,14895.0,17.562286116352706,10.924959818723158,10.924959818723158,0.0678323806069195,98.99,1.814824435920831,2.5974139830460676,1.3215211225067383,0.1531669517242397,0.06924018697613625,1.5753310030875667,1.1832421501563914,0.2905793571492869,1.792596669537792,1.4489844530720053,2.445392043455555,0.3213082492863018,1.0229395186379346,0.2834318117395241,0.2252957246699845,0.1976077439836783,0.6522817340926729,0.580031450442812,0.6041005679634393,0.19669689756094652,0.10572715403952564,1.0189067147076096,0.3871469129953251,0.6727504288554617,1.2587241354133547,0.4207147234236377,0.4831029878930977,0.08748256978958047,-0.5982148300418092,1.5888091299787017,0.11509569890635858,0.6796591024590023,1.0998849971017575,-0.42442338856309353,0.5566718262135456,0.10390087829624628,2.767534438265054,0.7481323842926758,0.6749648136967131,4.412320572649292,0.10440027093256399,12.358301271633765
7.08,0.1546684837325,2.108195949799,19.3,11.0,0.4887903034687042,0.6446688175201416,2.400000095367432,22.59000015258789,0.5657350420951843,148.6543884277344,68.14414978027344,50.1,1.306,41383.0,353.0,16.046,12.1913,6.776,670.2,631.7050831934056,5.388490306823385,65.51,26.747,24.969,6.776,17.9549829028876,0.4442509992904584,49.43,209556.0,6.020172305106115,47.59403235973944,46.38579533515444,76037.0,38605.82,21713.2,14.86650338874155,8.90786065415315,8.90786065415315,3.334605630605978,50.07,-1.0737518214351198,0.3870256282205253,0.27882396513058194,0.21399877626180083,0.3956899125935575,0.32596948010498705,0.42263242297332027,0.2308227744362489,0.49603514148339706,0.35831726889067905,-1.395943427117211,0.42208696737136653,0.08159200668299005,0.21083703805791676,-0.050913115182121826,0.026954167822840585,0.08975780619657114,-0.16431234586064555,-0.21358226827724955,0.5607350851177172,0.8616801017296627,0.28383741184711825,-0.5041600284301048,0.07415998508580841,-0.031032011233527317,-0.5016926151590307,-0.18419755421488113,-0.212345964245482,0.17659796751124635,-0.6885893240898612,0.4398190536559709,0.508604773304744,0.26704683646737365,0.9559828521880723,1.6930123255191563,0.3596775661833767,-0.2246859817647505,0.7074229211256794,0.7593466864299926,-1.8928023347013827,0.1667798350231997,12.358301271633763
7.04,0.09079972775049,0.7268085050842,18.4,25.0,0.7011379599571228,0.9581373929977416,2.700000047683716,22.72999954223633,0.8165099024772644,269.1738586425781,129.0,113.44,6.47,113005.25,3048.97,56.37,31.11,33.02,4048.8,632.6927383685123,17.070544762331334,178.61,74.6,52.48,33.02,11.832260392384752,1.0136065476243834,41.19,962714.0,23.22925734100645,37.059541398199215,39.71120126079434,40450.0,30441.0,14677.0,7.420621787035737,5.286083690348805,5.286083690348805,0.6079000575173069,68.94,-1.4017679278267134,-0.2563346247053337,-0.980779935248147,0.23543216981318552,-0.0030558220942521106,0.6032266248000989,0.5193890113934583,0.33760464531118295,0.5931174085140021,0.6860570415197834,0.7381551607070106,0.011411121828832712,-0.028555152991499206,0.3880042920807835,0.12158436481304886,-0.6145803067423318,-0.07256302888653621,0.13850779110830494,0.5526746996711803,-0.4758896888394246,0.030269552225559753,-1.3759293084656086,0.06261105585656772,0.06064216753053516,-0.04735193460555346,0.5332512238131004,-0.28959363786285136,-0.04839751565410803,-0.2821422282800838,1.548682968531608,-0.25760304081415913,0.04263844087848737,0.3255822354904683,-0.02667095944205755,1.0037896133237316,-0.5103388522923967,-1.0214672989852893,0.6552078821342895,0.5516268992447598,1.5787381877519102,0.213499769882183,12.358301271633763
6.825,0.1973637230563,1.705108159192,19.2,5.0,0.5868080854415894,0.8374630212783813,2.299999952316284,25.04999923706055,0.7199704051017761,288.3624877929688,129.3096313476563,111.07,3.69,99177.0,1003.5,55.58,40.03,31.27,624.27,546.7309812568908,5.531973539140021,181.40000000000003,73.25,59.84,31.27,12.01708770605562,1.3716441835883986,39.96,1202915.0,16.431187710251496,41.28557796152066,42.28323432822784,53308.0,32689.0,17803.0,9.539679628333618,7.153294308153317,7.153294308153317,1.1848298070618952,91.37,0.9034967154475391,0.6385799550706991,0.47543663372675454,0.03643067447770957,0.3644793315950829,0.8649479888238738,1.2573261483018625,0.03461046533899337,1.1324890497680073,1.0764362835557375,0.6949189003858343,0.09396460063642076,-0.0954806841879788,-0.39226955125077323,-0.1931740269689611,-0.005213141623870173,0.03446542441217234,0.31283742070935716,-0.1850833074382662,-0.02001202894908527,-0.31901573510780334,-0.009860615826923732,0.10429410679441202,0.08643174081782783,0.16073397339476866,-0.4080458246787164,-0.08765574551214843,-0.06020038465049504,-0.1610683570964581,0.8070734391479967,0.17386231082141293,0.22328082641235802,0.280114799913923,-0.1364993017872592,-0.25871888580643015,-0.08004248244972967,-1.0397686099865482,0.1629985714348622,0.1192260528644596,1.1790638029659575,-0.007589258105697105,12.358301271633765
6.875,0.1212168998997,2.241133393548,19.6,2.0,0.5695142149925232,0.8013975024223328,1.299999952316284,24.09000015258789,0.6911180019378662,233.8560638427734,119.8350448608398,49.1485,0.47,15878.0,356.18,8.5477,7.134794327171835,0.953,926.17,282.58702925891646,6.339075959279561,56.188,19.8872,18.41727,0.953,16.5223150965168,0.404246719542003,47.87,256107.0,6.0117218158366414,18.174131902767638,75.81414628139571,45012.0,32296.0,14288.0,6.990829016588316,9.211165561563142,9.211165561563142,1.5733199943233478,43.22460681495,-0.12541859443311057,-0.1289063114002447,0.07585534744099141,-0.11644471143271197,-0.9856922902887315,0.12035485769305038,0.3116703434114397,-0.019048524624885904,0.17083664966816114,0.26579819514742786,-0.7641826774299547,-0.30463260808528475,-0.13355038434196556,-0.3280295567654814,-0.2620077040547342,0.057736803924510194,-0.02995258570617695,-0.2297352200925583,-0.5730202490150565,-0.013023069981776852,-0.17018197376578748,0.07999652217372155,-0.14426755349281456,-0.00353599256200101,-0.3143955738878434,-0.5892778009231616,-0.13332413897816944,-0.1105402004058233,-0.06419478082443703,-0.6601896617804678,-0.5009090926640422,-1.7258683851278402,-2.4511982770232557,-0.4582413620413955,-0.7503909356909477,-0.2432272746402783,-0.6047827960465465,0.23612146242656493,0.1250824808254752,-0.24160436753794412,-0.598397998850048,12.358301271633763
6.3,0.09579494426716,2.166593862461,19.1,15.0,0.4532485902309418,0.5795559883117676,1.0,27.6299991607666,0.513644814491272,241.7138519287109,128.9469604492188,69.4828,1.3569,21994.0,591.6353864032538,9.1363,9.5518,2.36,1603.85,381.11245884595394,10.251869457689375,57.71,25.24,23.82,2.36,23.245438704361963,0.4724934230642314,61.4,189959.29356481816,5.960707881876988,46.25281304491967,47.78647907320334,66835.0,38481.79,24326.61,8.747788017238738,6.746846249557248,6.746846249557248,4.849428335338578,73.3,0.38694973612119804,-0.4886851828397365,0.14264867011933155,-0.044863226520873746,0.15448890968505238,0.11915099804189855,0.08504202448944935,-0.20621933115796853,-0.21804613878688947,0.056603788185103955,-0.24124089126548195,0.05718742297968852,-0.06010218472564153,-0.14653220859323518,-0.2580109906108607,0.13546439265135896,-0.5024024252369071,-0.26882386980961986,-0.8444021057567364,-0.06076326827456402,-0.19703433040105392,-0.16866264461780925,-0.23636954953820813,-0.29379597234544763,-0.1927113905928313,-0.49391839671734356,0.007542633689960873,-0.1553913614567774,-0.10588570879453985,-1.000839617940494,-0.5117579943550977,-0.3872109280562837,-0.2788397181162263,0.07790528891226682,-0.8081132874147166,0.07513183973033148,-0.7856954374813364,0.24830991715888562,0.20953481802591148,-4.7646213807899915,-0.0255090911338136,12.358301271633769
6.34,0.1375358478178,1.206564715757,19.6,4.0,0.5365254282951355,0.7443121671676636,1.700000047683716,26.22999954223633,0.6454497575759888,218.3512725830078,128.90185546875,97.153246,1.5051,22704.0,603.4405868680999,11.4219,8.4222,5.82,881.58,371.52675503190966,9.874661869875633,61.11,25.96,23.28,5.82,24.614949908569734,0.4775021872663257,65.5,193424.9506420834,3.786310606464182,52.02179642033601,44.19187938339238,90072.0,39502.4,26966.29,10.53622467854088,6.818367587891776,6.818367587891776,8.389512313189808,82.8,0.5011836349324121,-0.0017845789533793195,0.01987172751326355,-0.14334687204602714,-0.1788295772604754,0.23423672222988798,0.4394683079296127,0.0837930475515294,-0.20147138339102147,0.5310552076484156,-0.6919014251761251,0.011282229318423098,0.24937667546476294,-0.16881902656672568,-0.33829979912393227,0.1460893993352742,-0.0590601527492138,-0.2022379739143516,-0.48365778989158564,0.1112051929252088,-0.17763817732691603,-0.032653452995942765,-0.1553615229809411,-0.01702466507675617,-0.046919947158121644,-0.3598560718107973,0.12429898548692848,-0.09802767661954305,0.043873965996094645,-0.610754907258391,-0.45550357947535297,0.17772341859098215,0.1451141569803015,0.2841296008217971,-0.7525464146760511,-0.04672717234212068,-0.3493037036994662,0.2178871973991319,0.08686673348354784,-6.501793806123598,0.0051521754406187075,12.358301271633765
6.63,0.0590718391242,0.5759403734802,20.3,0.0,0.5112689137458801,0.7386882901191711,1.0,28.56999969482422,0.640950620174408,203.751953125,130.9732818603516,2.90776,0.115,1588.0,7.908338175479372,0.089,0.2026,3.98,913.13,329.46058091286307,1.640734061302774,4.82,0.14,0.34,3.98,1.9414835306710216,0.2504382101047163,73.3,43717.2909103953,2.133822472423064,34.05945495650095,63.80672257107598,57754.0,39953.37,32733.15,7.989646389078048,3.576066916726457,3.576066916726457,2.2858259152713347,56.1,0.29513401169089054,-2.2239256970243075,-1.016888398825506,-0.14131647655471388,-1.2636653368256856,0.0474278871286307,0.2216597184120325,-0.11797161068971063,-0.22292389527064851,0.20645450254428657,-0.5539622762435567,-0.0318455354473348,-0.40396042621934525,-0.5256949992533175,-0.429732850030588,-0.04241447285159974,-0.2728803677356449,-0.35912428069655505,-0.3698221341769556,-0.006403017581190368,-0.2840716656081295,0.03831786168479792,-0.30346924249168916,-0.23929678021574508,-0.2553805599141204,-0.3684100232736968,-0.3651869957412617,-0.09527382498927191,-0.03647708649704406,-0.5291087653967265,-0.49243603585280765,-0.14307936207895683,-0.8253939227527515,-0.015696070399682075,-0.1818652021744509,-0.20029816920145138,-0.3489784281840147,-0.04874813088240932,0.127825282216767,-0.2734079284843918,-0.07198581963126617,12.358301271633765
6.635,0.2163291263279,1.973026965186,18.8,32.0,0.444529116153717,0.5849077701568604,1.100000023841858,28.04999923706055,0.5179262161254883,255.7650146484375,133.0,69.61883,3.1667,31295.0,362.9812608948286,7.9764,10.4369,25.54,1008.69,431.0012394986916,4.999053310767506,72.61,11.98,17.16,25.54,29.247120158096035,0.4441104259190304,62.5,205105.42621421916,6.613355601948504,25.327743910925538,68.05890048712597,63992.0,36649.66,25491.99,8.611711314748359,6.341558665661586,6.341558665661586,2.4926882667224866,70.9,0.5712853126400296,0.5593666192963663,0.15301188791138456,0.17036240242872855,-0.05624213565069295,0.26516257322201325,0.25108062563304406,-0.22340294088534107,-0.35326350783752164,0.07323583774980776,1.6572563523473767,-0.12718043897095632,0.22323971610381946,0.6026076529216428,0.19435191136678842,0.06423982136353364,-0.10879958026717196,0.10551834245862761,0.9988025375443986,0.10172489572597525,0.07908515049909799,0.1950262627913406,0.01976124737249929,-0.1182606940583888,0.24687710979473101,1.2339075339302776,0.7633263631116501,0.06370289887174378,0.6862491694359673,-0.3897623556269989,0.8722238882244046,-0.9963415684365821,-1.4964024780303127,0.8098643754168194,0.39633124165953443,1.3964734344076835,-0.9475995034694727,0.5999486762366025,0.4540137527024142,-1.1490057376178082,1.2120765144198493,12.358301271633763
6.905,0.1119911176749,0.877792920801,20.3,0.0,0.5412545204162598,0.7060145735740662,0.800000011920929,29.6299991607666,0.6148116588592529,126.0672454833984,85.59015655517578,2.90776,0.115,1588.0,7.908338175479372,0.089,0.2026,3.98,913.13,329.46058091286307,1.640734061302774,4.82,0.14,0.34,3.98,1.9414835306710216,0.2504382101047163,73.3,43717.2909103953,2.133822472423064,34.05945495650095,63.80672257107598,57754.0,39953.37,32733.15,7.989646389078048,3.576066916726457,3.576066916726457,2.2858259152713347,56.1,-0.32826654931496535,-0.06646408809616759,-0.37944770109191944,-0.11686838071780703,-1.3948899302814475,0.04707650203922156,0.23774881670668013,-0.09148050486794512,-0.254293485928247,0.25900864114517935,-1.4894974303973525,-0.018811513460269363,-0.4270018562672478,-0.25646461549547345,-0.5266729083068831,-0.20534881552281625,-0.2876414302686708,-0.34801181756733196,-0.4160487067332809,0.03717688422144549,-0.2531752816891168,-0.05391976424943302,-0.40544520651395577,-0.42760267283057934,-0.36716115908111285,-0.34718955813326097,-0.5055413310715974,-0.11609860291470525,-0.1791167744061203,-1.0089207488080003,-0.4100578311512622,-0.004471291269873172,-0.7917826882870678,-0.02433847049340944,-0.037344880046747374,0.030671058538458456,-0.8182834301749775,0.009586645870844507,-0.00597549029436147,-0.397756144793947,0.07413601146754822,12.358301271633763
6.29,0.1958208053322,2.067808123632,28.3,331.5,0.5595869421958923,0.2621971964836121,2.099999904632568,32.27000045776367,0.2597577571868896,321.0201416015625,130.0,62.8682,0.7473,30465.0,544.0,23.7417,15.1611,8.037,883.0,391.6363496124131,6.993276684364113,77.789,31.907,28.226,8.037,12.555758966506351,0.9191379276851872,47.4,302484.0,8.8,57.3,33.9,63896.0,41068.0,18414.0,9.819277128486252,7.904115227830772,7.904115227830772,0.4381657992565056,63.9,0.4483762270660174,0.3144453208040392,0.29822361174275036,-0.8058842085809163,-0.36013673785791106,0.329587203904467,-0.456888493026983,-0.0958144184396678,-1.1065563446542521,-0.3562276801124093,-0.2486451291021509,-0.09417974397169664,0.03849965217252568,-0.02816649483959499,-0.06098024881959733,0.31477161690223626,0.08621686804375035,-0.12046572093464254,0.1273489659984206,0.16280533272828931,-0.07285861601207115,0.16564775611316143,0.035976118457827555,0.12741811550055915,-0.1212691875692969,0.15996685105858854,-0.12895627453709238,0.20976637748954388,0.01039623759570126,-0.6301428704067346,0.7389099464857432,1.1402936741302092,0.2917205089306825,0.19908753858160297,-1.4259040730236707,0.14309872300357673,-0.5620282039706501,0.3424682969204673,0.19628780323129194,1.0181265292472867,0.06105199202263911,12.358301271633763
5.9,0.1662771156886,1.71571893414,28.5,175.3,0.451192706823349,0.3462640643119812,2.400000095367432,32.81000137329102,0.3270112574100494,280.4542541503906,130.2056732177734,183.5192,0.98,54651.0,1569.0,81.283,53.4333,1.4101,409.22,223.51233078401705,6.416915463580222,244.51,108.676,89.27,1.4101,21.606103183901,1.091960683698584,44.1,646581.0,15.7,29.6,54.7,32791.0,38369.0,16598.0,29.188471783605653,21.4702652156679,21.4702652156679,0.2514382037807957,117.0,0.6280234113645181,0.25808139892432674,0.19912122586374906,-1.066216221329401,-0.27749147739354113,0.16745921066735922,-0.5259416486127524,0.11393737623604923,-1.2925309730055012,-0.2639738365386107,0.6771270967916757,-0.03387628681260916,0.2356548598022429,-0.12604275719894167,0.0181235739495198,0.05584824195271554,0.10322598110739707,0.42109599811335396,-0.3557717982467277,0.13470054735393835,0.09973192162271964,0.056687345386358036,0.1838724219626502,0.1691098996541703,0.6068737764560728,-0.3455077233090354,-0.02257395623229493,0.01845117489777781,0.020656163361689295,0.3046383676983653,0.21120573357600522,-0.3552076686153378,-0.3233093637866335,-0.3133721527643414,-0.10369977404571633,-0.11481594633176033,1.8335263707420157,-1.1244080490122916,-1.017152033355585,1.6677873977940394,-0.41512815059023117,12.358301271633763
6.545,0.1443703391467,1.448893289668,28.0,354.1,0.4328791797161102,0.4880608320236206,1.799999952316284,34.54000091552734,0.440448671579361,306.6544189453125,129.1849212646484,78.86,1.51,42101.0,1310.02,57.39,30.39,23.13,2283.8,239.6050310170167,7.455580217403678,175.70999999999998,75.89,47.08,23.13,11.640145980325425,1.1288686636714582,52.2,686334.0,16.06716086336319,29.95130135865117,53.98150854710848,36106.0,32559.0,16815.0,12.881572327495135,5.887189901806822,5.887189901806822,0.6001059414337037,94.45,0.5641775982212459,0.047364641840297615,-0.05819331164916589,-0.907298131105203,-0.7383704568407444,0.11142047831194464,0.008316164772641521,-0.1247791665396969,-1.56832442664749,-0.09751529596691744,-0.7270975918520951,-0.039123767904384765,-0.042347938075373515,-0.08027984733403966,-0.10154332289858026,-0.020694479796418364,0.020274208260560922,0.064935835424623,0.19259799182888146,-0.11627457147657887,-0.4539050081175366,0.0657635114413011,0.05736452259217284,0.04300478913755379,-0.29684705637344555,0.18137241259257553,-0.3392037397338632,0.04493178905058537,0.01212159928096749,0.41135038886022546,-0.1791933141508867,-0.8155078071115689,-0.47852420796552164,-0.4320516476182279,-0.021041993807158654,-0.20511226401225505,-0.21340100118764815,0.3850479709228856,0.6819504028224209,1.509378787135983,-0.22195943102865612,12.358301271633765
6.25,0.173983982049,2.03767651465,27.6,218.7,0.4115930199623108,0.2535823285579681,1.399999976158142,32.68000030517578,0.2528658509254456,267.5724487304688,131.7989349365234,94.75,0.975,80886.0,573.0,36.035,30.6179,13.697,2339.8,503.33227546810537,3.5656280919222656,160.701,59.489,57.403,13.697,44.04493523854282,0.7705005543685988,37.51,683165.0,24.81513784080998,29.71825110917296,45.46661105001707,37563.0,37438.88,16936.21,15.717915646179634,15.449625511761106,15.449625511761106,1.4422353381379165,70.17,-0.014910078382196637,0.3625613899333304,0.17972181647017424,-0.4386060232163942,-0.010406009176316141,0.2088850153216589,-0.5641716271688489,-0.05943525410888665,-1.5184671960893192,-0.5207848834204446,0.576882451932424,-0.1475492419543615,0.012941025669273168,-0.10280674139030932,0.1440686933934124,0.18163254203274723,0.06032114503711106,0.021977402846599325,0.061387033651938504,0.0043351723077378335,0.07825612108344981,0.3335864280534806,0.08650607494501728,0.07112697518341908,0.12012561086088651,0.127683229935045,0.24898796875778925,0.08724081843770559,-0.2685284628984135,0.3658332804001148,-0.032250985882074236,-0.661511872082969,0.39280203060243996,-0.2608218908237419,0.2572042751132844,-0.10869909882216862,0.3116710169960332,-0.3117607358574253,-0.056125556511368156,0.7202271827562705,0.22651592997794467,12.358301271633763
6.26,0.1314114692684,1.542266446818,28.1,472.3,0.1815195679664612,0.1489138305187225,1.899999976158142,33.5099983215332,0.1576301604509354,79.36817169189453,41.61711502075195,47.0,1.3107136824324324,36372.0,288.0,18.2749,8.0877,7.75,507.0,653.2327586206897,5.172413793103448,55.68,23.55,11.03,7.75,12.063693803924313,0.472838893581081,63.26,168105.0,10.1,30.6,59.3,59606.0,41956.5,25127.5,34.79581925675675,15.15646114864865,15.15646114864865,0.5191153820594531,50.55,0.49229725431432164,0.07092347287438512,0.1186051775370549,-0.17970220160037953,-0.21039276127659057,-0.3116220240370784,-0.7284913457574779,0.08120687260901915,-0.5353243168297396,-0.8078953758374953,-1.6432144420348251,0.3023665526731614,0.08047884932903863,0.21893631866754326,-0.12781155367885635,-0.11432187319517657,-0.0672057994293509,-0.11315958944431966,-0.11259266636026433,0.32216384025978556,0.5884136579436036,0.0637015813435396,-0.32558196351319924,-0.09910208403332958,-0.02949962457315795,-0.10728293027485243,-0.36997334534592996,-0.06886747629683043,0.5638629373838795,-0.3762511043631133,-0.06336530273330354,-0.15564010162018463,-0.28200894636295876,0.7462084147905638,-0.9550843969320763,0.6256675556899401,0.9369148474716494,0.2694823369025226,-0.09292594051362031,0.3091459914262547,-0.1869692785884017,12.358301271633763
6.695,0.1274662076636,0.9835741501016,28.0,453.1,0.3051283657550812,0.2235206067562103,2.299999952316284,34.84999847412109,0.2128068059682846,332.4620361328125,129.8257904052734,121.17,1.24,111887.0,1972.8,69.36,49.35,35.98,2447.2,484.1916219491085,8.537303098494027,231.08,91.11,77.42,35.98,15.308206323678789,1.4921568515595265,37.51,1010017.0,18.514367546917764,44.48838459533429,36.99724785774794,40876.0,30965.0,14316.0,9.36200276864403,7.781782798224389,7.781782798224389,1.0236131895309892,95.51,0.27587590262003814,-0.09838529172591197,-0.5415402301628663,-0.6507891564471032,-0.3726710788778398,0.33028326173213607,-0.7218473663394578,-0.19201124187052643,-1.6398772730354618,-1.0165351875989463,-0.7071935912247248,0.013562904005512078,0.04468659489364694,0.07054923253777516,0.3250595007603168,-0.1630864191810443,0.15479552928706677,0.4305790581411028,0.25170633605394643,-0.058556324901868795,0.054037035190983795,-0.09026227741219921,0.09925080571340421,0.16317240328683313,0.3193788404470903,0.24747533357737392,-0.007771940967499595,-0.0372133090610387,-0.1752961179405951,0.8871895036552496,0.1161240208464321,0.08999258004936277,0.9008392407574292,-0.237439390166301,0.007598751435017241,-0.1209116178099184,-0.6389518697358038,0.3750607829483776,0.48641418714245616,1.1965368967931738,0.00017170119619406657,12.358301271633762
6.705,0.2003897513764,2.414483073552,26.7,136.1,0.6288979649543762,0.1016698405146599,3.799999952316284,31.25,0.1313358694314957,153.3260345458984,117.3640823364258,49.1485,0.47,15878.0,356.18,8.5477,7.134794327171835,0.953,926.17,282.58702925891646,6.339075959279561,56.188,19.8872,18.41727,0.953,16.5223150965168,0.404246719542003,47.87,256107.0,6.0117218158366414,18.174131902767638,75.81414628139571,45012.0,32296.0,14288.0,6.990829016588316,9.211165561563142,9.211165561563142,1.5733199943233478,43.22460681495,0.03113846537141052,0.09607763778953227,0.05540858688558847,-0.1717184020216768,-0.126660540377634,0.012478006700958407,-0.6290001079637965,0.0320059771296398,-0.3151607874424867,-0.5044208520840548,-1.1485507983315701,-0.2244254742642203,-0.13508857796746956,-0.250248025939987,-0.23979421076577653,0.017428043355234,-0.1232306545994824,-0.15018913675398546,-0.5247928638642243,0.03521252631964066,-0.22196859431420668,-0.000808115252391881,-0.10304601337166741,-0.07513142362691842,-0.15052484528341017,-0.40582793643739445,-0.09021752803866118,-0.0495984964439865,0.04176488970121358,-0.4943508911039641,-0.6411086595246199,-1.5414694220723815,-1.9942242523662876,-0.26888677255965326,-0.692170291971323,-0.16878919142218596,-0.7472582899023381,0.18645169784015805,0.30083232403005233,-0.2863343801330493,-0.680431362340526,12.358301271633763
6.734999999999999,0.1139399067812,1.809336543191,27.8,320.3,0.398882657289505,0.1910979747772217,2.0,32.47000122070312,0.2028783857822418,197.2183074951172,97.66290283203124,79.7603,1.3218,37783.0,436.0,32.0201,11.986,14.3018,1405.4666666666667,317.1284444481749,3.659529465087586,119.14099999999998,45.663,16.368,14.3018,22.549304697785008,0.6391463480032891,44.35,477241.0,11.4,37.1,51.5,71561.0,34380.0,21443.0,14.98400185022494,14.347792906389309,14.347792906389309,1.8324918038196647,67.5,0.22661454235227949,0.00409517799562716,0.4041311058760349,-0.13665112113334543,0.009177120557135302,0.3106573500666349,-0.48606841564910663,0.20168550487237683,-0.7972785850869742,-0.756650345357844,-0.044489422467263916,0.8567328344395883,0.03413733607003847,0.2909114117589906,0.08889391510002964,0.24170943051957497,0.11163188287707593,0.06735444685851004,0.5744038349011712,0.18668348239845534,-0.06325411711076567,0.4138694557223083,0.152229255708622,0.0838449058573844,0.16822001659979033,0.4289862473107829,0.20333149380063512,0.08683724741756915,0.87473748272203,1.1938489777393333,0.0008107282461259727,0.020940228420076517,-1.3309871108891433,1.5181094384110458,0.8612953244180442,0.18559916577172175,1.5316592420461934,-0.1370567574045646,-0.3867952536246235,0.16430515032593318,1.5589114338242969,12.358301271633763
6.725,0.1258579667521,1.354410811781,27.3,416.7,0.2475447058677673,0.1029258966445923,2.5,31.53000068664551,0.1314879506826401,271.5149230957031,131.2420196533203,94.5485,2.1563,46537.0,680.0,35.5076,21.2759,9.55653,702.0666666666667,383.5888559182328,5.60501153972964,121.32,51.283,28.768,9.556533333333334,22.96171465687948,0.7568755271663641,40.05,477450.0,5.7139813203593866,53.40210944990944,40.88390922973117,54771.0,36208.0,22771.0,14.874310622850874,16.990620933097066,16.990620933097066,2.7751741163370838,74.2,0.28104141612344263,-0.03134268098372561,0.04715244720031923,-0.2086942493943668,-0.37461708414593925,0.18343111872955933,-1.3835605491204641,0.04457058843834375,-0.8801909069541362,-1.058744195562902,0.482975187942104,0.019703866018614697,0.001250201380406694,-0.1596883474536989,0.09463299236908947,0.14705194027289528,0.06975879053308683,-0.10990942870973737,-0.011061350598056205,0.16719950409861575,-0.18811989717307873,0.32685993838503435,0.0731190354982633,0.1210955323544703,-0.26588395005430726,0.041555259513323874,0.10542245718822525,0.006105053229385001,-0.20655637188037365,-0.10229171582037251,-0.31620484313205416,0.6982665548184878,1.3601083985840232,0.3762219752747038,0.3586310939890533,0.3075061602668571,0.39507082597921156,-0.4161148962106321,-0.6625434332437202,-1.8113256704869076,0.34040287423999493,12.358301271633763
6.984999999999999,0.2165105769995,2.120223873569,25.8,149.9,0.3598625957965851,0.3565589487552643,1.899999976158142,33.97000122070312,0.3352471590042114,260.8031616210938,134.8762664794922,156.26,3.7,71109.0,604.0,25.5392,19.687,6.87,4046.0666666666666,639.9701205079514,5.435907589570977,111.113,48.363,43.95,6.87,30.453854606755456,0.8473062281162614,50.12,299186.0,8.188156481532047,41.53969380882165,50.2721497096463,56528.0,34807.04,22100.67,29.449202691670408,16.989687864542002,16.989687864542002,4.19935794066213,97.31,-0.8632855201689621,0.341247901952133,0.17751261949472663,-0.33442318084723616,-0.13514120534894794,0.043241812425548885,-0.24140241416085742,0.024142338946223196,-0.8537108014651892,-0.19138468714030596,0.6921704811031262,-1.3729709855911258,0.12409067067913841,0.28182075207577023,-0.02946033506614021,0.13277950687784146,0.006540014662617148,-0.09184766480858113,-0.17035362414386354,-0.10640401997685404,-0.23961372352576715,0.18688848714828546,0.018004236526188173,0.021396988861774473,-0.028773639029376536,-0.19994575338400125,0.017654303244347618,0.015383624570186605,0.06506555896334916,-0.27128065945467544,-0.5185822940415179,-0.08522272736209106,-0.23241293006934097,-0.2057779056135058,-0.06848790406534307,-0.01857329875782761,0.5582040607239396,-0.6321097313870594,-0.5243803529509907,-3.093998220267682,-0.17620062090511404,12.358301271633765
6.855,0.04223930043189,0.4588025554773,25.7,191.4,0.3535537421703339,0.4277059733867645,0.8999999761581421,34.5099983215332,0.3921647965908051,275.0,128.1002197265625,69.4828,1.3569,21994.0,591.6353864032538,9.1363,9.5518,2.36,1603.85,381.11245884595394,10.251869457689375,57.71,25.24,23.82,2.36,23.245438704361963,0.4724934230642314,61.4,189959.29356481816,5.960707881876988,46.25281304491967,47.78647907320334,66835.0,38481.79,24326.61,8.747788017238738,6.746846249557248,6.746846249557248,4.849428335338578,73.3,-0.03334102224455258,-2.9341477769445525,-1.1976505043199124,-0.22800845237258116,-0.08888687803356023,0.011692881704114455,-0.032514212368410254,-0.11996425181244569,-0.36242230827703015,-0.04546945053534873,-0.02585791307026597,-0.08940683844928415,-0.06030763807391104,-0.16242510418011913,-0.17891731107002684,0.0517664809464678,-0.19201826703466093,-0.2598748227124024,-0.5789453118964505,-0.014948449697220373,-0.19795317736684573,-0.11185806489181156,-0.09008601922345687,-0.033892847842166667,-0.12123852147753532,-0.5499820779222768,-0.08732215498243229,-0.029447735663401028,0.22388226335467776,-0.5674019179041049,-0.24400113692624367,-0.5235532214904106,-0.12182220752797761,-0.043160714308895044,-0.1343423648079168,0.051687403317277926,-0.7139803910057965,0.10934661569993333,0.30822532267625474,-2.8759897456384818,-0.0320013125242419,12.358301271633763
6.715,0.07368863019858,0.9141029775597,28.1,406.5,0.3405666947364807,0.472159206867218,1.399999976158142,32.7599983215332,0.4277273416519165,185.4667510986328,133.9436645507813,1.2429,0.0576,178.0,2.865339918651946,0.0803,0.0452,0.01,4.47,635.7142857142857,10.233356852328376,0.28,0.14,0.08,0.0,0.1127832756406402,0.0717922868966855,97.4,2310.438051510152,0.0183640280367156,11.209851980137037,88.77178399182625,126700.0,55075.29,33831.22,30.733895233898767,1.0251391827949203,1.0251391827949203,4.746573554900874,162.4,0.05523206857638959,-0.4353191736466913,-0.20835513401747305,-0.1405785606807827,-0.08187847217502503,0.02847793305469652,0.018687916067393482,-0.003722593779581516,-0.2949362474532952,0.020152403788905277,-0.7039206866050458,-0.7877746460801954,-0.43269067657657506,-0.24713276368335838,-0.3338167440519526,-0.006428495936440307,-0.19175861322992846,-0.18121431836694527,-0.2405138571467058,0.03814298583287521,0.1258207744292209,-0.08578531425854057,-0.2501658721624878,-0.21911865978409073,-0.2415050992690196,-0.19878404375118364,-0.5863365460218708,-0.09519661706513503,-0.16613928230761457,-0.25210395028919935,-0.40802242769028324,-0.7705154186165091,-1.2758902687535905,-0.05460119617679959,-1.803729544273141,-0.17370472275300308,0.019362572313226693,-0.061073266235971035,-0.055427827588611304,-1.088526312948756,-0.48736636550000906,12.358301271633763
5.66,0.2095821009921,2.211532849444,3.1,22.0,0.1978944689035416,0.3411900699138641,0.800000011920929,7.630000114440918,0.3212240040302277,321.0201416015625,130.0,62.8682,0.7473,30465.0,544.0,23.7417,15.1611,8.037,883.0,391.6363496124131,6.993276684364113,77.789,31.907,28.226,8.037,12.555758966506351,0.9191379276851872,47.4,302484.0,8.8,57.3,33.9,63896.0,41068.0,18414.0,9.819277128486252,7.904115227830772,7.904115227830772,0.4381657992565056,63.9,-0.0709080841225805,0.3483053590770506,0.20868002344285994,0.18295492289612558,-0.1981402596243723,-1.177821703452246,-0.46816282844222773,-0.16344684321376932,-0.01226710379687431,-0.22204179924847564,-0.26393898700033164,-0.08436030162996833,0.019531193765914168,-0.15941560813742597,-0.18000350505475535,0.249137211145022,0.06670798180924065,-0.02299917350739955,0.045074521290163906,0.11808977457270468,-0.1488369071748256,0.07866798260086079,0.012373514743963568,0.027754919420676316,-0.11923337133565622,0.056320927541922604,-0.3209884603327781,0.19001154486257069,0.08932791147077042,-0.9258759080675318,0.5346027295168928,1.8028250287904692,0.036993520850822005,0.13722241620195294,-2.3601219704319925,-0.06275538715207081,-0.7894626371049777,0.37455314799957024,0.30809707978849876,1.4495061382521366,-0.09360489196086023,12.358301271633763
6.105,0.1732695057781,1.83224403656,3.4,7.0,0.1602319031953812,0.2202560305595398,0.6000000238418579,8.40999984741211,0.2098356187343597,280.4542541503906,130.2056732177734,183.5192,0.98,54651.0,1569.0,81.283,53.4333,1.4101,409.22,223.51233078401705,6.416915463580222,244.51,108.676,89.27,1.4101,21.606103183901,1.091960683698584,44.1,646581.0,15.7,29.6,54.7,32791.0,38369.0,16598.0,29.188471783605653,21.4702652156679,21.4702652156679,0.2514382037807957,117.0,0.7926962431869788,0.5544542773207944,0.39176790434110376,0.38104049571874565,0.4032921651584051,-1.4167996008331933,-0.5320161573566388,0.13259515830371704,0.5697077214659466,-0.6379914044490234,1.0237175952159554,-0.011686442493927732,0.34340855582710145,0.021961580968847667,0.05979304308039398,-0.11783387480011583,0.1886448991294496,0.47909369996468354,-0.11971002987314076,0.10389270470623828,-0.009367361199399257,0.061287460680019556,0.24402781339650814,-0.032405709429475106,0.5184224722343325,-0.1393315028468581,-0.02842969168372167,0.07554175717699652,0.2511147403435023,0.836441109833394,0.35171499340245554,-0.4483017447740741,-0.3847004777760788,-0.16334232858104417,0.013193338944126998,0.00651396049156272,2.5698516462054317,-1.2915489280447832,-1.3826246429391595,2.4350761321733425,0.1321758904842604,12.358301271633763
6.49,0.1605837784232,1.544346997286,3.3,21.0,0.3203232288360596,0.5338107943534851,0.6499999761581421,7.849999904632568,0.4770486354827881,306.6544189453125,129.1849212646484,78.86,1.51,42101.0,1310.02,57.39,30.39,23.13,2283.8,239.6050310170167,7.455580217403678,175.70999999999998,75.89,47.08,23.13,11.640145980325425,1.1288686636714582,52.2,686334.0,16.06716086336319,29.95130135865117,53.98150854710848,36106.0,32559.0,16815.0,12.881572327495135,5.887189901806822,5.887189901806822,0.6001059414337037,94.45,1.251903500385618,0.4873002077079908,0.3000595604091994,0.46894686401601726,0.07303746277249464,0.4071984511277134,0.17575872930382097,0.28304844788005257,0.7110514271968276,0.05932673949133497,0.06838017984198548,0.11780766420802043,-0.0804866119824698,0.16541918884953363,-0.02702143424013877,0.156353199039585,0.06854645155170773,0.059449161875059296,0.2694555233728139,-0.035178850597670674,-0.217178182216167,0.08391569551940048,0.13215462046062157,0.06398146953620006,-0.13708228897101224,0.3079239449280591,-0.24529085088270972,0.02714606268972079,0.28607612463412835,0.9295247701503871,0.3701726717860742,-0.532584420683345,-0.14274483254591055,-0.27525064926964404,0.4143502230604493,-0.09814793501167429,-0.3500523390693912,0.7266566221973778,0.6455776366214759,2.2225301838183786,0.012047445567314075,12.358301271633763
6.415,0.1007544961211,1.136353011331,3.0,27.0,0.2895459234714508,0.3809801042079926,0.3499999940395355,8.6899995803833,0.3547840714454651,267.5724487304688,131.7989349365234,94.75,0.975,80886.0,573.0,36.035,30.6179,13.697,2339.8,503.33227546810537,3.5656280919222656,160.701,59.489,57.403,13.697,44.04493523854282,0.7705005543685988,37.51,683165.0,24.81513784080998,29.71825110917296,45.46661105001707,37563.0,37438.88,16936.21,15.717915646179634,15.449625511761106,15.449625511761106,1.4422353381379165,70.17,0.8898127752461121,-0.9101119640609907,-0.1872236023267885,0.5300402995498517,0.31121310619522086,0.43215486717440516,-0.13842059342207044,-0.02103327408713825,0.7274213913302856,0.0760717392267094,0.958497500970974,-0.05330295180989649,0.15472438351723042,0.23997721488546123,0.29562553832525795,0.2928990623736098,0.1665647378419338,0.15309598414380807,0.1795293123054312,-0.02065521394936239,0.12492243325922263,0.5065131224753864,0.16373293446015072,0.22396754504861413,0.3540439413930809,0.2980630708715781,0.9310795740934955,0.15407969786637757,0.023306705761380126,0.4604760870350417,0.35183576069123673,-0.695768937893706,0.6989608986432932,-0.26249001411783374,1.1424359208864747,-0.031960605192491366,0.815639550435797,0.04746835724141022,-0.3075843503765269,0.8809060551457996,0.5361100157254421,12.358301271633765
6.59,0.1651267123139,1.836242436349,3.9,31.0,0.2748605906963348,0.3992600440979004,0.6000000238418579,9.289999961853027,0.3694080412387848,79.36817169189453,41.61711502075195,47.0,1.3107136824324324,36372.0,288.0,18.2749,8.0877,7.75,507.0,653.2327586206897,5.172413793103448,55.68,23.55,11.03,7.75,12.063693803924313,0.472838893581081,63.26,168105.0,10.1,30.6,59.3,59606.0,41956.5,25127.5,34.79581925675675,15.15646114864865,15.15646114864865,0.5191153820594531,50.55,0.7741594931673705,0.3436375690549432,0.18385021168773144,0.05741176987565603,-0.09524005610319415,0.07953213514681971,-0.05416117162517838,-0.02467701263555629,0.3547539600377106,-0.06333972580569773,-2.349026523518738,0.1963623999333218,-0.20572931346674375,0.21570023283303583,-0.1522275290104302,-0.003543609027301553,-0.06877308542954481,-0.21260689242346795,-0.26491667308874195,0.3747864961834861,1.1082982373459085,0.13255647821199387,-0.3327132620650651,-0.17859637990507923,-0.08358140094651383,-0.18194072147468557,-0.47048346890675763,-0.14154374021569746,0.3666435599350872,-0.9897200797128297,-0.033372747830285654,-0.4499406129605319,-0.5830476325547939,0.4488592780416704,-0.5700592677487518,0.46149288049856896,1.712403212695075,-0.03811961527309841,0.20369921315868575,0.3465359524127907,-0.2589236437480036,12.358301271633769
6.885,0.1605434077526,1.438917600993,3.3,9.0,0.2447891235351562,0.3198673725128174,0.6000000238418579,8.010000228881836,0.3058938980102539,332.4620361328125,129.8257904052734,121.17,1.24,111887.0,1972.8,69.36,49.35,35.98,2447.2,484.1916219491085,8.537303098494027,231.08,91.11,77.42,35.98,15.308206323678789,1.4921568515595265,37.51,1010017.0,18.514367546917764,44.48838459533429,36.99724785774794,40876.0,30965.0,14316.0,9.36200276864403,7.781782798224389,7.781782798224389,1.0236131895309892,95.51,0.2228121014171244,0.8483269510137849,0.11324229473348761,0.40003793877308597,0.5276779260750385,0.674096040837621,-0.387218937609023,0.3808107910068719,0.6869280116563474,-0.31990544429937656,-0.2505547883765618,0.029799339937640685,0.3249510541561437,0.5292708401704815,0.5152122773823361,0.11822369419870056,0.3315101091585981,1.1033007954572196,0.0848578839006325,-0.008424520947092637,0.18905004208303375,-0.008838997474298171,0.6981324037031298,0.17645812728960739,0.6407598353545771,0.25812388410411397,0.24487150963627746,0.42012385224230053,-0.12961425102685512,1.644269435714488,0.08627452819048376,0.41787222291088205,0.8371565143173973,0.08459308929367178,0.48727956051440796,-0.18382609290721078,-0.5978593043955994,0.9791351103109572,0.866204849379356,1.9575451387814289,0.2374900918502528,12.358301271633763
6.98,0.3480176247829,4.071637583559,3.0,24.0,0.1359964907169342,0.2086603492498398,0.300000011920929,7.559999942779541,0.2169282734394073,153.3260345458984,117.3640823364258,49.1485,0.47,15878.0,356.18,8.5477,7.134794327171835,0.953,926.17,282.58702925891646,6.339075959279561,56.188,19.8872,18.41727,0.953,16.5223150965168,0.404246719542003,47.87,256107.0,6.0117218158366414,18.174131902767638,75.81414628139571,45012.0,32296.0,14288.0,6.990829016588316,9.211165561563142,9.211165561563142,1.5733199943233478,43.22460681495,-0.4209011770435547,0.33871359510614457,0.1651851449655344,0.06073737570133111,-0.0537888000813067,-1.2741346733873185,-0.13623935553412866,-0.23122883157377272,0.06843304800970242,-0.3353167377897222,-0.7660926425804817,-0.2551072879470782,-0.16734937566471433,-0.17718834793835822,-0.1863815195118167,0.006267108346311903,-0.10857754682825711,-0.2007048884811533,-0.39935309226617094,-0.01557721882662253,-0.16069004544285306,0.021661377008169475,-0.12109853843855327,-0.13240870260664686,-0.20987676577197356,-0.5139190871625932,-0.07978433401127719,-0.08805357992106098,-0.15247258024953483,-0.5658962752116344,-0.540153924199095,-1.4785512868106032,-1.9889799808888489,-0.0713629522026099,-0.38536499831158855,-0.2312441247374535,-0.6430261509205063,0.07498296773970174,0.1474602694885435,-0.3421641595943652,-0.7539361139467048,12.358301271633763
7.01,0.119155109289,1.256707293646,3.3,16.0,0.199992373585701,0.3218914866447449,0.300000011920929,9.979999542236328,0.3075131773948669,197.2183074951172,97.66290283203124,79.7603,1.3218,37783.0,436.0,32.0201,11.986,14.3018,1405.4666666666667,317.1284444481749,3.659529465087586,119.14099999999998,45.663,16.368,14.3018,22.549304697785008,0.6391463480032891,44.35,477241.0,11.4,37.1,51.5,71561.0,34380.0,21443.0,14.98400185022494,14.347792906389309,14.347792906389309,1.8324918038196647,67.5,-0.7413382496475384,0.07056710286264727,-0.09132227798198556,0.13010496076111622,0.17439796297551804,-0.027439730271629603,-0.3200995208163964,-0.6441300594547354,0.45890545755820894,-0.2559869747043937,-0.2003877198310681,0.3111999679521748,0.08963723083778345,0.22885836919714278,0.009363788178984755,0.27708847218944577,0.17113290827313912,-0.043899245231088756,0.18128839089314752,0.12855004626561137,-0.35971056812443497,0.49902520172307235,0.14462242818849935,0.16737313115639388,0.09071738344530655,0.3130642450498134,0.2963950355697489,0.07556460361493267,-0.24004009062551912,1.2240275755420995,1.0890993691100073,-0.4123106512568077,-0.06696341962078667,1.45763432335274,1.6260752314561604,0.35379908653339825,0.7343294058943308,-0.4224786940322807,0.3362448501219471,-0.8071527208455289,0.13648722950864225,12.358301271633765
6.720000000000001,0.1999856564854,2.081625695475,2.5,13.0,0.2666166126728058,0.3510452210903168,0.5,8.289999961853027,0.3308361768722534,271.5149230957031,131.2420196533203,94.5485,2.1563,46537.0,680.0,35.5076,21.2759,9.55653,702.0666666666667,383.5888559182328,5.60501153972964,121.32,51.283,28.768,9.556533333333334,22.96171465687948,0.7568755271663641,40.05,477450.0,5.7139813203593866,53.40210944990944,40.88390922973117,54771.0,36208.0,22771.0,14.874310622850874,16.990620933097066,16.990620933097066,2.7751741163370838,74.2,0.5042545497587195,0.5099263211266267,0.277422478867503,-0.022866792924804313,0.37797908478283704,0.2906265950883348,-0.4563539092988624,0.058650150030153426,0.3586429595841669,-0.2859239475527314,0.8207886859319414,0.0831759416956664,-0.03486810291940697,-0.05622000222265081,0.06229760652664836,0.18311241196313288,0.12201777703231675,0.09188777784452269,0.032919928788439336,0.2911245851817285,-0.08186718068370102,0.4003581384721649,0.10428233837879097,0.09547739953341032,-0.023683613021212652,-0.051251804088778385,0.07860497293928244,0.14089365395700545,0.03512278018956535,-0.08815488081044465,-0.4139240052475419,1.8992025913952217,1.8622792897509868,1.5917578809497943,0.4370046437546286,0.32565491097844373,0.846063346986539,-0.8067026650819814,-1.0645845368104514,-1.802193114787988,0.3714972060779483,12.358301271633763
7.24,0.2144586218815,2.681093961189,3.8,6.0,0.1706766188144684,0.2570461630821228,0.300000011920929,8.760000228881836,0.2556369304656982,260.8031616210938,134.8762664794922,156.26,3.7,71109.0,604.0,25.5392,19.687,6.87,4046.0666666666666,639.9701205079514,5.435907589570977,111.113,48.363,43.95,6.87,30.453854606755456,0.8473062281162614,50.12,299186.0,8.188156481532047,41.53969380882165,50.2721497096463,56528.0,34807.04,22100.67,29.449202691670408,16.989687864542002,16.989687864542002,4.19935794066213,97.31,-2.324020945988813,0.29895813405690946,0.14078391188694472,0.1095970072361417,-0.00025127768879769824,-0.47641643451518245,-0.33543001797223404,-0.34499972333682605,0.2573503812104162,-0.43538154930307166,0.6083270469201072,-1.390510812385892,0.1536144947903408,0.15773535793895466,0.014886737556660997,0.08225458879983716,0.026840166672517502,-0.031142447548843284,-0.1255671445318086,-0.19860740761657494,-0.12467435853459663,0.179552671859148,0.031259381101942596,0.01747485640956059,0.019209911126994068,-0.11941766781411318,-0.01891148565143234,0.03641477973921189,0.028777413922502732,-0.6325016717752978,-0.33160607861945396,-0.0055009640223850536,-0.21287370099984504,0.18720976649391607,-0.5204942191970489,-0.04274954351499435,1.0611889030920034,-0.3981217422587102,-0.42438955479559254,-3.524777733731664,-0.29192149287067093,12.358301271633763
7.215,0.102587099731,1.127128519816,3.3,7.0,0.1354595273733139,0.2337662279605865,0.2000000029802322,7.46999979019165,0.2370129823684692,275.0,128.1002197265625,69.4828,1.3569,21994.0,591.6353864032538,9.1363,9.5518,2.36,1603.85,381.11245884595394,10.251869457689375,57.71,25.24,23.82,2.36,23.245438704361963,0.4724934230642314,61.4,189959.29356481816,5.960707881876988,46.25281304491967,47.78647907320334,66835.0,38481.79,24326.61,8.747788017238738,6.746846249557248,6.746846249557248,4.849428335338578,73.3,-1.5067725217480399,-0.2731012936001108,-0.2432946641701562,0.06374797216861663,-0.044433242506493144,-2.2862283662020983,-0.18052036692218817,-0.6388185682888857,0.09903506640917668,-0.3317703833399329,-0.039138384229471086,-0.036372615470291636,-0.1352241168600326,-0.14188878064858476,-0.21904611131450005,0.14246861095339944,-0.08651666289728842,-0.13483069125390504,-0.5644756986547945,-0.04110148501550793,-0.12495296861807124,-0.2624238011109784,-0.11437780755463449,-0.041426403691489914,-0.1270500437940019,-0.4409218828749295,-0.03406577280527049,-0.027707025019829287,-0.1400673526144852,-0.6123044551642344,-0.006723145226787686,0.04893912857539926,-0.47137360465528383,0.11463402519722693,-0.7523507615311616,0.04247732278040863,-0.4407197675360142,-0.0037880032741555852,0.1263686640903775,-2.436350405958551,-0.03880872837879575,12.358301271633765
7.195,0.1314135470274276,1.4353267236489895,3.8,3.0,0.1158771365880966,0.2247588932514191,0.2000000029802322,5.989999771118164,0.2298071086406708,185.4667510986328,133.9436645507813,1.2429,0.0576,178.0,2.865339918651946,0.0803,0.0452,0.01,4.47,635.7142857142857,10.233356852328376,0.28,0.14,0.08,0.0,0.1127832756406402,0.0717922868966855,97.4,2310.438051510152,0.0183640280367156,11.209851980137037,88.77178399182625,126700.0,55075.29,33831.22,30.733895233898767,1.0251391827949203,1.0251391827949203,4.746573554900874,162.4,-0.6788453951657786,-0.020654288764311104,0.014603984706861002,0.04252929892353868,-0.8250601233813177,-1.0871465247901104,-0.04447724636181486,-0.2874963886928423,-0.12999878230176926,-0.19294499946020272,-0.6005094659848036,-0.8700601181581389,-0.17791358370515523,-0.10743479423340292,-0.203334128809594,0.04833031987729819,-0.20228780670212645,-0.3809324329454298,-0.21781342064936504,0.050910186876885845,-0.06519647792031083,-0.06394205742719004,-0.22524137247181394,-0.08681451527849289,-0.20765139974190447,-0.4265407281613223,-0.1818983480514602,-0.2992977615920304,-0.07404877308016382,-0.10079381084843102,-0.27470820806026475,-0.6508007125414578,-0.9244414796244409,0.026294196599267166,-1.1175818803278983,-0.408644372613923,-0.17524782063513797,0.025455379191766814,0.04904510929676306,-0.2655333194546563,-1.026652366487057,12.358301271633763
6.385,0.1795637312951,1.79149926306,18.6,19.0,0.5894808769226074,0.7502785325050354,1.5,24.8700008392334,0.6502228379249573,321.0201416015625,130.0,62.8682,0.7473,30465.0,544.0,23.7417,15.1611,8.037,883.0,391.6363496124131,6.993276684364113,77.789,31.907,28.226,8.037,12.555758966506351,0.9191379276851872,47.4,302484.0,8.8,57.3,33.9,63896.0,41068.0,18414.0,9.819277128486252,7.904115227830772,7.904115227830772,0.4381657992565056,63.9,1.2236595177831988,0.6807058909480258,0.43370247700462866,0.5593779730781319,0.7669642938390807,1.1499509005810855,1.5191738092830793,0.04077672901930329,1.0578544535710943,1.128388143299622,0.8616844804588827,0.03683380792690046,0.12628464018598962,0.03768433915204931,0.0717600024290812,0.5727729733212692,0.3020678012243934,0.038500819482129245,0.13286354178853518,0.3294930026666152,0.21788573266501934,0.4245343969057214,0.007017084288828339,0.10751267184330822,-0.045370303765478535,0.438398986553129,-0.048892971330098955,0.4971751107428723,0.527712066156381,-0.9680183493468876,1.496503307488439,2.5249282149797074,0.7396398376959857,0.17624419112080844,-1.590749221084536,0.306902385474314,-1.1823363424756703,0.32501972214182134,0.3938072846014588,2.584209397767007,-0.2585350789100591,12.358301271633763
6.045,0.4323661659069,4.523324693613,18.6,4.0,0.5635682940483093,0.7286205291748047,1.700000047683716,23.09000015258789,0.6328964233398438,280.4542541503906,130.2056732177734,183.5192,0.98,54651.0,1569.0,81.283,53.4333,1.4101,409.22,223.51233078401705,6.416915463580222,244.51,108.676,89.27,1.4101,21.606103183901,1.091960683698584,44.1,646581.0,15.7,29.6,54.7,32791.0,38369.0,16598.0,29.188471783605653,21.4702652156679,21.4702652156679,0.2514382037807957,117.0,1.513080352232422,1.986392573259211,1.1676343712534556,0.7955434546914169,0.6502650108459123,1.0139913077884077,1.3182687557186683,0.3500729277752011,1.5668815663615252,1.4549387980012052,1.8238840249643193,0.4086546021247622,0.7805925198369449,-0.2227510724141258,0.11402252632709871,-0.12920268902593834,-0.04159429134331442,0.7674897798183079,-0.3382551024954268,0.1197636156532383,0.34559569225546244,0.08182598553775255,0.0861318971406672,0.20373544625595322,0.7023006391930732,-0.2340482469049127,0.2542747499544699,0.01775078241391063,-0.10414919234459334,1.2057977184920048,1.461988773677673,-0.7171330594137704,-0.1848302768582041,-0.28370042713096605,0.5175003903979133,-0.14414885339604822,3.3681671660094143,-1.6187568696981989,-1.3861690944696168,2.9207803241357446,0.5445869723430109,12.358301271633765
6.76,0.1383364927277,1.36151947826,18.3,32.0,0.6368365287780762,0.8975669741630554,2.400000095367432,24.67000007629395,0.7680535912513733,306.6544189453125,129.1849212646484,78.86,1.51,42101.0,1310.02,57.39,30.39,23.13,2283.8,239.6050310170167,7.455580217403678,175.70999999999998,75.89,47.08,23.13,11.640145980325425,1.1288686636714582,52.2,686334.0,16.06716086336319,29.95130135865117,53.98150854710848,36106.0,32559.0,16815.0,12.881572327495135,5.887189901806822,5.887189901806822,0.6001059414337037,94.45,0.886798176272433,-0.06037876932947883,0.08679379221834482,0.545405815144175,0.04959512474897935,0.6994450528962947,1.0781720103163392,0.02383153355800512,1.0460566463737415,1.2926701380256622,-0.018284751491640883,0.08891849413958781,-0.07270269220850374,0.06553720680519914,-0.01714180066274862,-0.05510056815800368,0.1017314385819857,0.1330687626218142,0.31138055111351,-0.0011550599371939658,-0.052265843237002674,0.07746989897570122,0.140079358479007,0.012602965984413572,-0.012032531510597947,0.25323341176921765,-0.178082603507537,0.08265489453448405,0.5151506819314097,1.0170007771289609,0.5689285497276609,-0.5317908936154185,0.03641653278537582,-0.5186812443577494,0.2486998964590638,-0.18993051187229235,-0.37667843958223496,0.8597729248844463,0.4908043687160119,2.8229528326363442,0.04976079214459365,12.358301271633762
6.41,0.1030776253343,1.047196481415,18.7,33.0,0.4507595300674438,0.6250419616699219,1.100000023841858,25.38999938964844,0.5500335693359375,267.5724487304688,131.7989349365234,94.75,0.975,80886.0,573.0,36.035,30.6179,13.697,2339.8,503.33227546810537,3.5656280919222656,160.701,59.489,57.403,13.697,44.04493523854282,0.7705005543685988,37.51,683165.0,24.81513784080998,29.71825110917296,45.46661105001707,37563.0,37438.88,16936.21,15.717915646179634,15.449625511761106,15.449625511761106,1.4422353381379165,70.17,0.8246232431132997,-0.36170001141993574,-0.35019768933371337,0.5519842859758374,0.2917065343456164,0.48151421716672926,0.5527719412981353,-0.19494390890779276,1.2846178527903664,0.3962882950279867,1.1990921554166503,-0.021769890867433233,0.2450876393976511,0.29192724701934586,0.21348490965173003,0.1763770155423979,0.17465443538340905,0.31772950481189133,0.2641758667741745,0.009008574474023293,0.14343696976530054,0.7900119286145401,0.07088504284272856,0.18521961910988635,0.3917485244192174,0.17513380342417642,0.6039940143191439,0.1653242722285652,0.09950075384830533,0.41823946357331626,0.49547331985031134,-0.3521989242137087,0.4386153475934122,-0.15874634233556048,0.34389235168002585,-0.03151550786653138,0.8397494534375607,-0.10797128064262651,0.2488422897568605,0.8697108363278416,0.5167039626718736,12.358301271633765
6.66,0.1099732820411,1.044781490968,19.9,15.0,0.5384698510169983,0.7504218220710754,4.099999904632568,22.26000022888184,0.6503374576568604,79.36817169189453,41.61711502075195,47.0,1.3107136824324324,36372.0,288.0,18.2749,8.0877,7.75,507.0,653.2327586206897,5.172413793103448,55.68,23.55,11.03,7.75,12.063693803924313,0.472838893581081,63.26,168105.0,10.1,30.6,59.3,59606.0,41956.5,25127.5,34.79581925675675,15.15646114864865,15.15646114864865,0.5191153820594531,50.55,0.5774119102400425,-0.12025022182049742,-0.5767219532281094,-0.14019672438512623,0.3830457985446583,0.3131163027456157,0.632270134436577,0.2633152695242304,0.47542465578502763,0.58232168460447,-2.6700854075369995,0.13401139871776402,-0.18314652611391394,0.0006968634612454228,-0.12967827540855423,0.09990788775935688,-0.23669875820287492,-0.05838137638784794,-0.14704108377849226,0.27681477699396145,0.6205873904568877,0.25153374551079116,-0.45286098536578145,-0.20782353655844643,0.3129969851081324,-0.11566164580798392,-0.2418648109108609,-0.20681368723963867,0.43986848599613376,-0.8876752915138223,-0.14033118279338028,0.06908472156011758,-0.8112181849742329,0.7167001562883182,-0.6552929061062701,0.8921369034580016,1.1945620736524922,-0.059335121964262084,0.31899933741604786,0.5166598859127383,0.19366500197074524,12.358301271633765
6.74,0.1080268747878,0.9551262178177,18.9,10.0,0.6282303333282471,0.8944280743598938,2.799999952316284,24.64999961853027,0.7655424475669861,332.4620361328125,129.8257904052734,121.17,1.24,111887.0,1972.8,69.36,49.35,35.98,2447.2,484.1916219491085,8.537303098494027,231.08,91.11,77.42,35.98,15.308206323678789,1.4921568515595265,37.51,1010017.0,18.514367546917764,44.48838459533429,36.99724785774794,40876.0,30965.0,14316.0,9.36200276864403,7.781782798224389,7.781782798224389,1.0236131895309892,95.51,0.6504122026378586,-0.15726370637666376,-0.8591244147853166,0.4653158421718584,0.5079154789695858,0.3240498142529738,0.8206356419601798,-0.0043275415231337115,0.791889768042248,0.9644260466093412,-0.47428064622113997,0.08478342754410455,0.313661319889558,0.233294312218394,0.16798766136023083,-0.4070101041305498,0.16250068953741229,1.0021424070994804,0.48503403043842247,-0.035668797633573966,0.08742642107214967,-0.07968285388957301,0.2321899679268027,0.170616411938637,0.6139009154966563,0.18632731747556233,0.25209757666361954,-0.10128983071473992,-0.32654786761166105,1.692966165329364,-0.010820801244129838,0.2783224896645537,1.0858418272263604,-0.4771673879255614,0.6633917126074405,-0.1099691245185322,-1.2455823606259948,0.9395863568503103,1.1905332090030927,1.7503972616442862,0.16120103803192873,12.358301271633763
7.055,0.126549624646,1.311102619606,19.6,2.0,0.5302199125289917,0.7814150452613831,1.600000023841858,24.65999984741211,0.6751320362091064,153.3260345458984,117.3640823364258,49.1485,0.47,15878.0,356.18,8.5477,7.134794327171835,0.953,926.17,282.58702925891646,6.339075959279561,56.188,19.8872,18.41727,0.953,16.5223150965168,0.404246719542003,47.87,256107.0,6.0117218158366414,18.174131902767638,75.81414628139571,45012.0,32296.0,14288.0,6.990829016588316,9.211165561563142,9.211165561563142,1.5733199943233478,43.22460681495,-0.6491847686029346,-0.058854519164649975,-0.04975626816252795,-0.08657331324147984,-1.16757981836955,0.04650959514196953,0.2936354851267278,-0.01497299811403082,0.1843774159736502,0.22938360306856267,-1.1575479958571375,-0.2589456560052145,-0.13096060916659913,-0.2091303314039775,-0.1795960436801152,0.07908555631233179,-0.13667694965638527,-0.3106459757477003,-0.6443749681004205,0.03707381654166616,-0.3351339192848009,-0.0027025027872681316,-0.15893101652749167,0.029561330493722966,-0.21947164274168354,-0.7233702028367542,-0.09721525228649629,-0.04066616486519567,-0.10253401175665111,-0.6422006361476835,-0.3918176373874656,-1.6396323372706954,-1.847523115480992,-0.36892315389390795,-0.4558022815219907,-0.13807768388823163,-0.7404830443180748,0.19253711117747188,0.14747659018944947,-0.05823489803041219,-0.5675079268250265,12.358301271633765
7.035,0.1068543922567,1.127225031548,19.4,13.0,0.4678736925125122,0.621826708316803,1.5,25.04999923706055,0.5474613904953003,197.2183074951172,97.66290283203124,79.7603,1.3218,37783.0,436.0,32.0201,11.986,14.3018,1405.4666666666667,317.1284444481749,3.659529465087586,119.14099999999998,45.663,16.368,14.3018,22.549304697785008,0.6391463480032891,44.35,477241.0,11.4,37.1,51.5,71561.0,34380.0,21443.0,14.98400185022494,14.347792906389309,14.347792906389309,1.8324918038196647,67.5,-0.8040589789711317,-0.06460319411500004,-0.20221681635119437,-0.41544032093209743,0.2571690707510392,0.43901761793481825,0.4649812556121978,0.15894229171371688,0.5643906633057006,0.3400999164472405,-0.21307965848730004,0.4172957469525665,0.13430511961229077,0.16458847725690098,-0.01855545406896142,0.19217616830288797,0.21080519166907133,0.466833567377314,0.3094046146828526,0.3156440780295453,0.04453396856563171,0.3144186751864803,0.15950551452523007,0.24949647113936027,0.27746787022094016,0.29520099021882534,0.3146707784984096,0.25379331837583896,-0.14606004084185376,0.8693211064618923,1.184933208254808,0.38262345340418374,-0.6862730865140102,2.936964822323605,0.6250631876372131,0.46448681085726334,0.3001675420771556,-0.3807397135460245,0.3293960373772018,0.98771471604083,1.2267306012294068,12.358301271633763
6.835,0.1208219338969,1.166843801582,18.2,18.0,0.4840219616889954,0.6705208420753479,2.799999952316284,23.81999969482422,0.5864166617393494,271.5149230957031,131.2420196533203,94.5485,2.1563,46537.0,680.0,35.5076,21.2759,9.55653,702.0666666666667,383.5888559182328,5.60501153972964,121.32,51.283,28.768,9.556533333333334,22.96171465687948,0.7568755271663641,40.05,477450.0,5.7139813203593866,53.40210944990944,40.88390922973117,54771.0,36208.0,22771.0,14.874310622850874,16.990620933097066,16.990620933097066,2.7751741163370838,74.2,0.950150246756264,0.3130332352518684,1.0393530416312495,0.6396847272582097,0.782426923763555,1.187141104584802,1.676915823872419,0.8581022907968809,1.3330097968246069,1.4313623645268585,1.3459622676218725,0.5510398726998037,0.2603256934699723,0.0032908671051160945,0.2312312254464278,0.7193949813175077,0.2772756189804631,0.07570351241307871,0.30826755181593085,0.5106142738282751,0.2013153048262543,0.6396720352545265,0.3107340437619541,0.17739274426213755,-0.10676058806980186,0.048469018418601996,0.3718141028444821,0.24886624341050348,-0.3872765309201778,0.13916695243260876,0.35391231178503685,3.7628018557469445,3.278649630404908,1.491691293392126,3.046106082764356,1.344478936371383,1.3439951613034473,-0.7760520058075705,-0.8302163791079428,-3.222328771583387,0.261271996560202,12.358301271633763
7.1,0.2206431797445,2.782678939426,19.5,15.0,0.5342583656311035,0.7287935614585876,2.599999904632568,24.42000007629395,0.633034884929657,260.8031616210938,134.8762664794922,156.26,3.7,71109.0,604.0,25.5392,19.687,6.87,4046.0666666666666,639.9701205079514,5.435907589570977,111.113,48.363,43.95,6.87,30.453854606755456,0.8473062281162614,50.12,299186.0,8.188156481532047,41.53969380882165,50.2721497096463,56528.0,34807.04,22100.67,29.449202691670408,16.989687864542002,16.989687864542002,4.19935794066213,97.31,-1.2769709444254438,0.829738467991829,0.4978854046763011,-0.08619867439589594,0.19113153108192768,0.4982478234831756,0.7094463137249057,0.30778874763696434,0.574128476862425,0.9340178845250054,1.038939056545493,-1.8573070673905365,0.2997174753220107,0.471775993864727,0.07350228605368336,0.2245492249405383,0.04612638586575427,0.06268721929639498,-0.04258768284355378,-0.1382161880941374,-0.06209567622276654,0.2990672109088354,0.08006793669474004,0.0814862918249093,0.05271679015912708,-0.18551997482987334,0.37729511006160016,0.09316078118534359,-0.09142164684436953,-0.6198357782715564,-0.09397953968662114,-0.32622888499973257,-0.1702339189044003,0.1002792134939919,0.021469047049335426,-0.010889290975534408,1.3941674503119839,-0.41443660279349753,-0.5040330307850113,-3.7653523432458864,-0.06668105248312277,12.358301271633765
7.35,0.0943848871141,1.053129111878,19.1,15.0,0.3182654678821564,0.497094988822937,0.699999988079071,30.11000061035156,0.4476760029792786,275.0,128.1002197265625,69.4828,1.3569,21994.0,591.6353864032538,9.1363,9.5518,2.36,1603.85,381.11245884595394,10.251869457689375,57.71,25.24,23.82,2.36,23.245438704361963,0.4724934230642314,61.4,189959.29356481816,5.960707881876988,46.25281304491967,47.78647907320334,66835.0,38481.79,24326.61,8.747788017238738,6.746846249557248,6.746846249557248,4.849428335338578,73.3,-2.4276710527031917,-0.4491362203710945,-0.3133683572740244,-0.03833357792166473,0.09411896870841018,0.02877847616587222,0.05606876440077881,-0.1266735324822413,-0.31414922765726455,0.006551348327136865,-0.01888454649804529,-0.06854984623738096,-0.0494552282665811,-0.13518746160788106,-0.3229759563928856,0.13685209961106365,-0.18954913774872376,-0.22387823574296864,-0.7962704573777817,-0.0018797505512484214,-0.17283677931191657,-0.2630216128345804,-0.18122106233443913,-0.15648701154822398,-0.18775065901187718,-0.5250540914245589,-0.01995777360877393,-0.06327267630700187,0.005948539830651942,-0.9468309740935658,-0.500356424782385,0.034856207899229406,-0.26387898533502596,-0.029138163716143514,-0.47432572531877315,0.18238081778565585,-0.831349587329545,0.2727896835167117,0.2536310803473289,-3.202866045383742,-0.09151732164352548,12.358301271633765
7.0,0.06498900503097,0.6232803354827,20.3,0.0,0.31899493932724,0.5351080298423767,0.8999999761581421,26.72999954223633,0.4780864417552948,185.4667510986328,133.9436645507813,1.2429,0.0576,178.0,2.865339918651946,0.0803,0.0452,0.01,4.47,635.7142857142857,10.233356852328376,0.28,0.14,0.08,0.0,0.1127832756406402,0.0717922868966855,97.4,2310.438051510152,0.0183640280367156,11.209851980137037,88.77178399182625,126700.0,55075.29,33831.22,30.733895233898767,1.0251391827949203,1.0251391827949203,4.746573554900874,162.4,-0.483232990247829,-1.2416268232862768,-0.5531235218570082,-0.14528729026749007,-1.0916125163211514,0.028622208044798206,0.022002689715590783,-0.06406545905491845,-0.10515443921570629,-0.02045566647314429,-0.45083162835561524,-0.3012565990554173,-0.26319097876302144,-0.24474316513173844,-0.1657292904581149,-0.052251433648091615,-0.16162433852503671,-0.24065696987616048,-0.2959817552990304,-0.010907393274690758,0.047990766502731645,-0.07890377552511031,-0.22468311737876356,-0.10899633416679133,-0.22704241852083526,-0.3095568592176879,-0.33796822286197087,-0.1402999798980795,0.12685116845172897,-0.08679154568874631,-0.33926747187809375,-0.6670180913168319,-1.4236736793182503,-0.2793090123960085,-0.16192194727342227,-0.06366449201958095,-0.0038869776410667364,0.009419136368333041,0.0585494425607228,-1.555319515837515,-0.7351824779991364,12.358301271633763
