PREC,T_M,T_W,DO,pH,COND,DOC,GPAM,WS,FER,PES,MO,CO,VE,FR,FERA,PESA,TSA,WA,CA,VEGA,IRR_W,AGR_W,UR,GAO,PR,SR,TR,GDP,UI,RI,UR_W,RU_W,IND_W,LIF_W,POP_TOT,PREC_shap,T_M_shap,T_W_shap,DO_shap,pH_shap,COND_shap,DOC_shap,GPAM_shap,WS_shap,FER_shap,PES_shap,MO_shap,CO_shap,VE_shap,FR_shap,FERA_shap,PESA_shap,TSA_shap,WA_shap,CA_shap,VEGA_shap,IRR_W_shap,AGR_W_shap,UR_shap,GAO_shap,PR_shap,SR_shap,TR_shap,GDP_shap,UI_shap,RI_shap,UR_W_shap,RU_W_shap,IND_W_shap,LIF_W_shap,POP_TOT_shap,base_value
406.5,28.1,25.0,8.935,8.455,276.5,3.36,0.7773,0.0,12.0,0.6876815804764671,0.0007,0.0051,0.023982,5294.6,171.42857142857144,9.824022578235246,0.0699999999999999,0.0,0.01,0.01,0.02819581891016,0.1652892186691128,90.7,3055.4045483894115,0.0595207257760765,21.668917363058736,78.2715619111652,78113.0,49348.53,31412.48,18.77858494367249,2.360204165039463,3.730853285200316,0.6732214686623013,106.5,-338.3359774490011,-1.3686140955239499,44.6288142666376,14.571278047229479,-6.45898387459107,-442.9074056368445,-2.679127615386001,-1.8716129328155284,-15.598165449456623,-3.1749795670993635,-6.100098762729516,-4.645478073793147,5.104487464552126,-2.694718827468653,-5.155008466690776,-1.8886857278676192,-7.298943499239787,-3.3028274333973773,-2.3413518377393534,16.444382300128545,-6.946731487627448,-6.206158226430425,-29.352093484203024,33.72181128432974,-90.80897059919312,-8.113857599698628,9.256663858139255,5.88864106363926,27.543465626370164,-95.33844901036473,46.38951281102995,-7.146100329160707,117.45173064726096,-33.17005621740906,-39.37531079657997,-8.533964693757401,853.8893938004599
406.5,28.1,32.4,20.44,9.01,370.5,4.62,2.90776,0.115,1588.0,7.908338175479372,0.089,0.2026,19.077820000000003,4092.3,329.46058091286307,1.640734061302774,4.82,0.14,0.34,3.98,1.9414835306710216,0.2504382101047163,73.3,43717.2909103953,2.133822472423064,34.05945495650095,63.80672257107598,57754.0,39953.37,32733.15,7.989646389078048,3.576066916726457,2.2858259152713347,0.3546265201122545,56.1,-290.8838541273245,-8.894803971387448,-66.19417355546106,-70.03378757005869,27.843327308831118,-257.47968557959734,-12.447525014504798,-17.09138014052064,-21.790633530716093,11.107648618960132,-3.8106960925956623,0.9194089834081627,18.649674756384147,-0.7076985646039246,-4.266465004989873,11.706463839390013,-17.825286173382775,-1.578288416207454,2.413349971985435,21.598252903018146,-1.9447263061037876,-7.249145047826077,-5.244844980426131,37.35950376819819,-100.41863850112075,-22.646512111574406,22.316826083691165,9.118238770033544,4.081914113642019,-45.38536073433855,46.71653878045888,-1.9609133205438596,32.25684454127525,-1.3672103275234413,-8.835110347457222,23.307899321106564,853.8893938004599
136.1,26.7,28.2,8.015,7.975,330.5,1.53,49.1485,0.47,15878.0,356.18,8.5477,7.134794327171835,4.120444715233774,11534.0,282.58702925891646,6.339075959279561,56.188,19.8872,18.41727,0.953,16.5223150965168,0.404246719542003,47.87,256107.0,6.0117218158366414,18.17413190276764,75.81414628139571,45012.0,32296.0,14288.0,6.990829016588316,9.211165561563142,1.5733199943233478,0.2193897616698903,43.22460681495,-161.80493116531522,-4.390987187090022,-60.9148660904169,0.8594335901737242,-6.863947778238599,-325.7962149880236,-8.058668923669794,-4.312265128965175,-2.739116441371543,-0.472493387355156,-7.759791643812009,-7.675644421797879,-13.863654904101672,0.7826071572583121,-5.165054921383667,10.810251527127505,-22.593177060155828,-1.8802217333267237,-2.533566069298741,-0.6924591048682757,-6.344844222515822,1.032120606182139,-13.593697728315982,-26.09931606660597,-33.13944958761335,-16.206185458103825,15.75932819229241,-17.889022691094628,-22.21424611614397,0.15449748947284472,-23.919959563501177,-33.606994090167184,-77.16756042872865,-2.2063577235117555,6.412729435333364,34.16318845616032,853.8893938004599
218.7,27.6,27.9,10.915,8.14,525.5,4.03,94.75,0.975,80886.0,573.0,36.035,30.6179,69.9425,59746.0,503.33227546810537,3.5656280919222656,160.701,59.489,57.403,13.697,44.04493523854282,0.7705005543685988,37.51,683165.0,24.81513784080998,29.71825110917296,45.46661105001707,37563.0,37438.88,16936.21,15.717915646179634,15.449625511761106,1.4422353381379165,0.3216419673452932,70.17,-207.40237896704116,-4.610698630399997,-23.773127715364108,2.4832284056736733,-63.7740569980784,-222.09091422497912,-10.536249760550755,-1.7714083414214332,-7.1844972480492,-26.749079422966275,-3.273891428112977,-1.7477967500376244,-13.926546176609897,-4.896926732662452,-7.3953476968718155,-37.41732286992483,7.120559686291961,-6.566212095161902,-3.2671050129427246,-16.19382358105853,-3.4152255619099985,-20.856821978759644,-0.9853334785066655,-43.238908159866305,31.062081032541272,40.966917493728296,8.428593480270349,-11.458314509848137,-49.99328338163286,-10.157807748137662,-19.597423841577648,-34.119252257958685,-66.2292758755572,-17.098201124969254,-5.0410959931587165,0.8665883761240792,853.8893938004599
233.8,27.8,29.1,3.65,7.705,454.5,3.68,107.34,6.28,66001.9,1675.31,49.3,18.28,103.68,17174.4,435.2825957923893,11.048671107300668,151.63,65.22,31.43,27.37,10.04493389674318,0.8095851014325984,41.74,774172.0,21.96364940618549,42.590832655196046,35.44551793861847,49137.0,30324.0,14574.0,6.059303494414041,4.22208657852724,0.6829462442173873,0.1613749773036768,55.57,-327.4016684709365,-11.950055455838642,-11.48987516874138,-0.2352817390362348,-5.553030553509783,-509.8854104412844,-13.817223379941035,18.82800277775775,10.172637383493894,-7.367743239700791,-8.511881304591267,-0.3771346241639293,9.33881229341029,-18.115412837962307,-1.5192701559731108,-30.025999213811016,36.298436151680846,3.8994965693354575,-4.974261499441538,-10.019080595336863,-44.19179713214128,0.9366460911184576,-12.115093078613285,-13.86126289078964,59.19159847592936,51.745091829796614,-10.08698358140886,-5.352668256952125,-14.689359100113307,26.75263279605657,-33.74884449910372,8.40615798577666,55.83309134618688,-13.554471111300716,29.764182825287175,62.628433058112876,853.8893938004599
289.9,27.7,28.5,2.965,7.505,599.5,4.1,86.2176,3.9735,25523.0,815.0,31.1163,21.4397,17.1606,5383.0,209.2032032524324,6.680273112515471,122.001,42.695,30.889,6.378066666666666,23.09060459820272,0.495701072671828,46.74,578032.0,13.2,34.4,52.4,70896.0,35317.0,22722.0,12.79694947845151,11.127680470035047,1.418914034866713,0.2008954576580689,54.7,-351.5349858173604,-14.651565097769106,36.99947411591497,-1.6972504514455817,-21.014713361089427,-415.7003060517181,-15.397468615037704,-2.809087789952761,17.691687155229342,3.10084247291087,-6.013740274012089,-0.33024912244950827,-1.9527953009866097,17.196079981792717,-14.305523254644763,16.11502569650611,-6.586205271976056,-3.3905506503581946,-8.72094495008389,-5.01867277720013,-1.3734600966672161,-9.185255534397426,-8.26917749658228,-15.531682341092575,32.66845529288054,-10.489858780782667,-3.2743821315405293,-8.240868898325916,27.19550204018751,22.917822099924077,29.06693541355432,-17.864698299467562,-78.6298492388924,-2.6420741019646274,5.747327766151475,6.825863296799369,853.8893938004599
115.2,28.8,29.4,2.42,7.52,524.0,8.27,60.6455,0.7705,18738.0,201.0,20.6519,13.225,27.4686,21790.0,236.6058463286824,2.5380390176147487,79.195,32.652,23.515,6.148,12.782698470895246,0.7724210753786316,47.21,209885.0,11.2,48.7,31.3,49780.0,37342.0,15884.0,8.251880779338212,6.642425473153561,0.2421040892193308,0.2176759611841297,53.7,-259.4271068251133,-10.190718881040823,-28.38649600743625,16.99412504978477,-6.278207787508163,-300.2327684385826,-9.811943478323537,-2.1347996508330085,-6.489011737424877,2.835512141538784,-8.69480781248461,-1.5450312538351794,-8.694788052461423,8.440387529243415,-4.963981099215657,7.35218294655905,-12.333126130526258,-6.332197985624272,-7.653954284135238,-3.414424972453466,-0.370844771228717,-10.636726591655362,-3.175761747012537,-7.886468770466749,-20.292220468902958,-3.8605650470902577,-14.195830809896199,-10.216790754490846,-18.226226618848752,-24.406899064381914,-17.865587737013907,-12.22162024718088,-2.7847029264954295,-23.335539174110952,5.092806695885959,6.630083522116763,853.8893938004599
69.7,28.6,29.4,3.185,7.529999999999999,440.0,3.65,126.195,0.9478,45899.0,1702.0,58.722,16.8508,63.7322,13048.0,223.4017181377917,8.284052468910467,205.455,93.926,30.942,16.87,33.16205965449566,1.7174502122943875,39.64,605389.0,14.2,42.9,42.8,42227.0,38884.0,17032.0,18.34775726355647,14.769191834162667,0.4028414498141264,0.4839945952585677,119.4,-154.5036669865499,-8.149863516340657,-9.054936035561065,9.128831867954391,-9.922443356054517,-274.9816248724175,-11.900097619288905,-14.787654435072715,-3.0067291042208666,-3.5315748930536213,-5.677887739352879,1.9673292419190336,3.1009655238936276,0.9969799665858338,-2.84169221015026,3.535080462420982,-6.791065239496518,-9.982370604850987,-6.495156601201749,-6.673496518861499,0.7047186163719704,-8.295319342302777,-11.055613994272429,-29.220779931970558,17.371698216175037,11.248633542905253,-12.376037087800606,-12.445718294736011,-21.521472811376047,-47.31599701864647,-18.65162229379019,-40.05113877096526,-50.36203337968638,-5.84273590913974,-36.246880409034596,-54.752550079263756,853.8893938004599
114.4,28.8,28.6,3.875,7.52,731.0,7.07,53.8484,0.7,22791.0,176.0,19.9075,9.7003,26.1024,22316.0,289.4793664503182,2.235459983996139,78.731,30.36,17.926,5.442,12.707805206288954,0.8544099046087655,49.59,270490.0,11.8,40.1,56.9,45128.0,39616.0,17109.0,9.127778739156234,7.347487394884943,0.1563167286245353,0.2407812308070261,59.4,-271.5754706231753,-17.960547621548177,-29.269030928170935,6.986722447316466,-2.6484152985426217,-252.88840912504745,-13.555457207517074,-3.6636026521089238,-12.568084290210782,0.10927506437524521,-7.729441850148139,-1.3868825744589124,4.352221715456499,3.7577874201412045,0.6688207918591639,-1.0315755824682638,-10.968965509332094,-2.7204644566060363,-3.444538436351957,2.6654296512405087,-13.781169546370714,-10.828296086766452,-4.863671835859617,-10.246884642677996,-35.06475664637672,21.518139209449284,-14.173643085944152,9.037079925276341,-32.935027488910926,-72.46621513037633,-19.233556962211924,-9.169831745450699,-12.390932081245493,-2.358907416441165,1.066032426645983,21.437794890164696,853.8893938004599
116.8,28.8,28.9,3.4850000000000003,7.470000000000001,539.0,6.93,49.512,0.336,36853.0,138.0,15.7684,11.0015,49.6713,4038.0,582.73904587214,2.182128682342152,63.241,25.634,18.924,13.688,10.207596868462485,1.431208510245323,64.28,314899.0,7.9,22.3,69.8,42653.0,44208.0,19416.0,15.289797719630393,12.30765986180222,0.1473591078066914,0.4033288293821397,99.5,-177.81427665904167,-9.267688019908968,-15.02373845724079,13.947747743244584,-7.045974326133721,-252.57153128597884,-14.296597632641594,1.3015705602119263,-11.167978830231968,-4.40893027769712,-8.684420876403651,-2.910664856511483,-9.624631399878604,-0.23713036134839824,-6.290064095063131,-39.79237960344491,-23.152077452590078,-2.2404338172326486,-6.393621193254362,-0.6560835695887673,-0.3628372480223538,-0.9418920513801218,10.886772017360963,18.281335287156214,-7.874531771074978,2.2494294151104923,-0.9081085257604725,-6.637617789264763,-50.64175304412844,-63.76860339141451,2.8772026493648695,-7.962237635652227,-49.117462154909354,-16.27987872478552,-39.31362115641436,-33.67339425028612,853.8893938004599
594.3,28.0,27.4,6.365,7.775,1219.5,6.48,111.07,3.69,99177.0,1003.5,55.58,40.03,120.87,13627.5,546.7309812568908,5.531973539140021,181.40000000000003,73.25,59.84,31.27,12.01708770605562,1.3716441835883986,39.96,1202915.0,16.431187710251496,41.28557796152066,42.28323432822784,53308.0,32689.0,17803.0,9.539679628333618,7.153294308153317,1.1848298070618952,0.2653379822968679,91.37,-448.81015655023975,-14.143185263425115,35.81804074307903,4.192802693769341,-16.652164042641722,14.15327300649136,-26.57281174171095,-9.309058199518661,-2.7552361900421496,-20.783833357915285,-1.0121221003929757,-0.3024725369829599,-66.01604959342319,-41.91469475956634,-33.49975774994121,-44.88410640507004,-34.54397472922381,-1.9521367900756423,-4.6111821370602994,-35.85242725070257,-29.522127328111484,-5.869850856596602,9.809172868759692,-41.20137421758225,78.98408899971595,17.116447652628025,-2.9778290400964647,-10.08989159071818,-2.7418586095826107,3.565587123669678,-17.895339199167996,-15.417403542008257,-26.97021508188608,-8.895061283869062,-4.565947345265484,-18.886977017826087,853.8893938004599
3.0,3.8,7.2,11.245,8.260000000000002,303.0,7.99,0.7773,0.0,12.0,0.6876815804764671,0.0007,0.0051,0.023982,5294.6,171.42857142857144,9.824022578235246,0.0699999999999999,0.0,0.01,0.01,0.02819581891016,0.1652892186691128,90.7,3055.4045483894115,0.0595207257760765,21.668917363058736,78.2715619111652,78113.0,49348.53,31412.48,18.77858494367249,2.360204165039463,3.730853285200316,0.6732214686623013,106.5,17.233532254820066,0.2731038048025187,-401.94962844360003,5.759057847460112,-20.125050968540226,-314.34936189820365,-20.660669624597457,3.9219591474905635,-4.949389690517754,2.91423571091766,-22.868593331814427,-3.0684916548586245,9.266571771716697,-0.586895272182289,-0.21607624107971982,-0.0037908801591749843,-14.021582280198743,-1.6329243840277112,-5.590465364869041,7.4360937022914575,11.002220316637922,-9.551249789353466,3.879171151649205,157.18988764116227,-168.0174739853386,-35.284126514125,8.87257132420627,29.16121451323231,59.0142880659954,-119.38647052180643,39.88685445878655,10.983931904609014,118.09065627658741,-32.432341934389754,-125.94348706567352,-38.089245869123076,853.8893938004599
3.0,3.8,8.4,18.135,9.11,756.0,7.29,2.90776,0.115,1588.0,7.908338175479372,0.089,0.2026,19.077820000000003,4092.3,329.46058091286307,1.640734061302774,4.82,0.14,0.34,3.98,1.9414835306710216,0.2504382101047163,73.3,43717.2909103953,2.133822472423064,34.05945495650095,63.80672257107598,57754.0,39953.37,32733.15,7.989646389078048,3.576066916726457,2.2858259152713347,0.3546265201122545,56.1,142.49177787694458,8.53862180145457,-105.80893123125038,-55.826339023827295,222.3324000792702,-21.226673504089323,-11.149157511952032,12.105393770278125,-5.087803493440141,18.700682245359456,31.052291953954846,-2.08992194120461,55.31457013880211,8.992555731168643,9.735926553780855,9.055308342253197,49.94753717860519,3.5341116979842275,95.42696181660826,21.705825282974768,-6.936750867742442,35.39516742895048,18.572374857499625,428.5081540103351,-159.94894827970305,-46.43189232220252,33.73130774395229,27.12634317859697,35.49378026831274,-47.00708029976113,101.93846473598852,-0.11727017245257088,320.01242283286524,-8.114260676149263,-30.764592330654462,82.45048465615452,853.8893938004599
24.0,3.0,6.1,9.15,8.469999999999999,372.0,5.07,49.1485,0.47,15878.0,356.18,8.5477,7.134794327171835,4.120444715233774,11534.0,282.58702925891646,6.339075959279561,56.188,19.8872,18.41727,0.953,16.5223150965168,0.404246719542003,47.87,256107.0,6.0117218158366414,18.17413190276764,75.81414628139571,45012.0,32296.0,14288.0,6.990829016588316,9.211165561563142,1.5733199943233478,0.2193897616698903,43.22460681495,-0.5976507101828866,-10.379171981687351,-268.02074416995055,7.215224628522996,-2.675242492764576,-299.4712025588627,-16.31022935470565,2.4441432673825485,-6.744880067954457,5.119240785433604,-9.209802780884004,-11.996791788420344,-10.739461447813861,-12.22824823070008,1.6296771379901642,1.6569812118665646,-8.879683736311287,-0.3374219632738513,1.3777073462307496,-3.4914628082017205,-11.414846557617807,-7.433797315160434,-6.251520168259753,-25.553028810272618,-62.918507869464044,0.9807417120536122,54.15094261543516,-17.23164205065618,-39.00094609892617,0.9256324491153188,-34.01254504463946,-22.61005005460231,-33.000267283453915,-29.224117214639367,9.09978357880066,21.060770573355256,853.8893938004599
27.0,3.0,7.6,12.96,8.575,349.5,2.42,94.75,0.975,80886.0,573.0,36.035,30.6179,69.9425,59746.0,503.33227546810537,3.5656280919222656,160.701,59.489,57.403,13.697,44.04493523854282,0.7705005543685988,37.51,683165.0,24.81513784080998,29.71825110917296,45.46661105001707,37563.0,37438.88,16936.21,15.717915646179634,15.449625511761106,1.4422353381379165,0.3216419673452932,70.17,5.369555531442166,-23.594601524627475,-252.8285420398911,-24.721204508322618,9.06010474111264,-235.20608043710078,10.696634227174018,-3.823608343924088,-7.649681178120268,-17.244352552319587,3.761055267850553,3.609319010426603,-18.687156925111392,-3.358547381712111,-2.716929747313259,-42.90134490210563,-23.970071293699238,0.7233237543453837,-6.342571359922496,-11.487677415578323,-7.399374353177833,-39.31128400896986,-7.759110284224153,-50.63353643709172,39.043825130754456,29.426954832424713,12.219789092615256,0.36981331862818817,-41.54625791832806,-15.362668117160604,-12.791347238042698,10.885621978119019,-108.7136853200073,-9.643156631585823,-13.194201340079312,6.041820909976959,853.8893938004599
9.0,3.0,7.4,15.845,8.64,1008.5,9.28,107.34,6.28,66001.9,1675.31,49.3,18.28,103.68,17174.4,435.2825957923893,11.048671107300668,151.63,65.22,31.43,27.37,10.04493389674318,0.8095851014325984,41.74,774172.0,21.96364940618549,42.590832655196046,35.44551793861847,49137.0,30324.0,14574.0,6.059303494414041,4.22208657852724,0.6829462442173873,0.1613749773036768,55.57,33.30891598882153,-18.195072526534403,-1270.5387835290405,-112.81838316167396,56.32264431604492,150.15250239355487,7.84940601474293,-0.45747408936419376,43.007287555790214,6.765921065012602,3.2713729778925393,-6.341431911286596,-0.7857069809517748,-4.43095080298684,4.457239289507269,-16.18148021427605,21.470237343199567,-2.02867308685866,-8.497448787760614,-11.74272105020163,-31.11717864432371,-12.937779288468898,-10.464350285766036,-34.21500149132684,110.75269828798561,84.46212269932963,3.375600678995273,-48.773622497500206,-18.31653626908857,81.04830516993998,-56.12636526760954,113.44182280965151,107.85823689791683,-7.892160242274405,47.511912278070405,155.07704536018272,853.8893938004599
11.0,2.5,7.4,13.59,8.344999999999999,1163.5,5.85,86.2176,3.9735,25523.0,815.0,31.1163,21.4397,17.1606,5383.0,209.2032032524324,6.680273112515471,122.001,42.695,30.889,6.378066666666666,23.09060459820272,0.495701072671828,46.74,578032.0,13.2,34.4,52.4,70896.0,35317.0,22722.0,12.79694947845151,11.127680470035047,1.418914034866713,0.2008954576580689,54.7,163.69465924645468,-55.07814409397543,-972.8316014583751,-37.73147958472371,-0.44806517578351074,136.08744393359873,-15.673532966474667,-1.3744215621302416,15.949048654735073,15.160588784962888,-6.910098209576675,-12.78662742594878,2.62886914747765,27.30518214809396,1.5893208407858808,8.922365639936181,-24.077632737954456,-6.300006979899469,-5.944092758592832,-15.627295871510483,1.4401888383831718,-24.05238174208751,-11.463410817511994,-17.54970991988976,17.384333383043607,22.760944156032036,25.376908067166813,5.6603286529332335,47.8161504399528,-11.675176375185474,45.665777276208026,-42.665764429767925,-110.887142898341,3.9328844483258805,19.566221522521214,48.002338941696415,853.8893938004599
26.0,4.3,6.5,12.885000000000002,8.295,1150.5,9.9,60.6455,0.7705,18738.0,201.0,20.6519,13.225,27.4686,21790.0,236.6058463286824,2.5380390176147487,79.195,32.652,23.515,6.148,12.782698470895246,0.7724210753786316,47.21,209885.0,11.2,48.7,31.3,49780.0,37342.0,15884.0,8.251880779338212,6.642425473153561,0.2421040892193308,0.2176759611841297,53.7,25.552281556626145,16.146104112733166,-516.221516945744,-28.28143081035775,-5.738099096535387,123.08401753434913,5.146679712301133,0.33209011885648226,-7.636869195848706,4.557548730000847,-10.405506814916924,-9.58157651111793,-18.301281015245866,6.035517078029607,0.7848240695769526,16.922165800522393,-12.4554581873926,-2.223854331371072,-0.5357744073184859,2.2464072186437747,2.844982062779978,-4.226578714319814,-3.4891006637581987,-18.41913709658509,-82.8347419079952,10.821640290940806,-12.316463670860971,-8.273344903861496,-48.19812070913925,-31.78243355199693,-45.334923418673384,4.725882899941262,-10.661067609265453,-2.1802904461324233,0.41641448779341417,23.727667898163187,853.8893938004599
17.0,3.8,7.2,13.705,8.455,982.0,7.16,126.195,0.9478,45899.0,1702.0,58.722,16.8508,63.7322,13048.0,223.4017181377917,8.284052468910467,205.455,93.926,30.942,16.87,33.16205965449566,1.7174502122943875,39.64,605389.0,14.2,42.9,42.8,42227.0,38884.0,17032.0,18.34775726355647,14.769191834162667,0.4028414498141264,0.4839945952585677,119.4,20.361181942131353,-5.36520316460481,-443.2677738630212,-41.789298145240174,-5.947901231832791,54.11461477142138,-18.626288234079258,-9.541207492928956,-15.063968230836721,-8.76709085821796,-2.784998052200929,-3.448239950084435,-4.136698570474983,-0.7205006081921331,-4.596288123819988,19.84230143725872,-8.101302064970747,-2.4141012501965027,-2.0855707440028475,-0.11194720805933163,3.2930261127495406,-33.59218862866675,9.498272261852398,-30.24611775915449,17.584575228809058,33.07390865117623,-7.02779868598407,-1.5421241117237763,-54.51749442396065,-39.405745707359166,-39.38371853647133,-11.400162892974903,-61.34682531168064,-15.86245550729645,-24.406757872601343,-39.70454982190082,853.8893938004599
26.0,4.3,6.8,12.645,8.405000000000001,1516.5,7.39,53.8484,0.7,22791.0,176.0,19.9075,9.7003,26.1024,22316.0,289.4793664503182,2.235459983996139,78.731,30.36,17.926,5.442,12.707805206288954,0.8544099046087655,49.59,270490.0,11.8,40.1,56.9,45128.0,39616.0,17109.0,9.127778739156234,7.347487394884943,0.1563167286245353,0.2407812308070261,59.4,42.05244512448708,16.15048223642632,-539.0725652362902,18.182023836541916,-12.13129196567773,147.34914453087995,-18.702903989360994,-8.54520336498505,-3.039929689895363,1.9385768927478526,-7.261352072193591,1.031621933852641,2.8655107108006703,5.912634107510865,-11.347660036270199,10.962377862861992,-15.386689921232545,3.251232711781446,-2.4177949406641193,4.424779321495451,4.178224250689773,-1.5335940420348197,5.063225294758273,-1.7288712764686593,-68.88296886050453,-4.635444472158967,-13.877906726772586,9.146119633422545,-45.89196814527116,-45.33198330203694,-31.83733293995262,-19.29302996762717,-17.76657071972266,6.607608562124284,9.536043459124231,41.10980392259233,853.8893938004599
26.0,4.3,7.4,12.76,8.274999999999999,1099.0,6.26,49.512,0.336,36853.0,138.0,15.7684,11.0015,49.6713,4038.0,582.73904587214,2.182128682342152,63.241,25.634,18.924,13.688,10.207596868462485,1.431208510245323,64.28,314899.0,7.9,22.3,69.8,42653.0,44208.0,19416.0,15.289797719630393,12.30765986180222,0.1473591078066914,0.4033288293821397,99.5,45.55431360974905,4.385181096385538,-482.4345058864572,16.5104527951715,-11.299032072682552,82.54750542704949,-25.949079286375408,-9.18960778735577,-23.73962447663149,3.9199328911801197,-32.334459931763526,-10.369967119932802,21.166737924671416,3.9037839731574024,-26.55463687471735,-42.88228305121263,-34.42356054606538,-4.719240453115958,-1.8041050850196427,16.643853625152257,-6.884506516608737,4.9257014705489235,0.7406948710015655,26.420541689215852,-40.23721217813591,4.3635213588178186,24.16650598535936,-0.40058975140252784,-64.99297401624112,-37.16813798543688,-1.5983697716270828,-22.7207600330903,-76.26665076434614,-7.729646794373774,-28.159710323251776,-30.045840122134734,853.8893938004599
11.0,3.3,5.6,13.0,8.15,1637.0,10.9,111.07,3.69,99177.0,1003.5,55.58,40.03,120.87,13627.5,546.7309812568908,5.531973539140021,181.40000000000003,73.25,59.84,31.27,12.01708770605562,1.3716441835883986,39.96,1202915.0,16.431187710251496,41.28557796152066,42.28323432822784,53308.0,32689.0,17803.0,9.539679628333618,7.153294308153317,1.1848298070618952,0.2653379822968679,91.37,25.5441941537801,-7.83444493223602,-427.71003526693517,-24.925647973225768,-102.26783330824848,98.51317055121683,5.525426975830136,5.257031643791119,-6.093153624640149,-11.933906420872852,-15.8956680830413,-3.9414529577518507,-49.44031471640802,-87.9810523964651,-41.50280130860086,-61.23036463939894,-21.40881034784329,-0.8909553501258353,15.38138475328062,-12.679494380392134,-86.20744160041214,1.976490768467385,-2.1843739148043118,-27.434827502140163,87.89968384925275,18.820239274883647,-8.54906550210591,-5.738952938613177,-9.834168555587526,13.203810448351632,1.9151925995076702,-0.47050332048287064,-36.88432760855804,-13.847039879150676,0.6643063742263825,-45.42427162704368,853.8893938004599
0.0,20.3,15.2,11.685,8.274999999999999,352.0,2.82,0.7773,0.0,12.0,0.6876815804764671,0.0007,0.0051,0.023982,5294.6,171.42857142857144,9.824022578235246,0.0699999999999999,0.0,0.01,0.01,0.02819581891016,0.1652892186691128,90.7,3055.4045483894115,0.0595207257760765,21.668917363058736,78.2715619111652,78113.0,49348.53,31412.48,18.77858494367249,2.360204165039463,3.730853285200316,0.6732214686623013,106.5,12.602554916503536,-12.883587504106876,-57.206724066839854,13.57434995039056,-5.99365094720076,-566.7989165533457,-20.966808822999408,-4.389385063623397,-14.678275726794583,19.038300722787778,-6.6673615125473695,-5.557242734602961,2.925397157836693,9.79735112281516,-6.139520553772644,2.831366340483836,-20.6154315471587,6.923097493151815,-8.909474156033243,10.050994188860058,8.16135181628476,-1.1231923833210098,-10.9585405124227,141.4321881879183,-93.85053944006562,-40.9977613119284,18.552654281451048,55.987827118684855,3.27416260732338,-117.29586920656261,26.69735122952609,-74.57856246704857,90.23225573367127,-39.60019592841466,-110.85033475403982,-47.96995622416026,853.8893938004599
0.0,20.3,17.4,14.575,8.485,947.5,5.62,2.90776,0.115,1588.0,7.908338175479372,0.089,0.2026,19.077820000000003,4092.3,329.46058091286307,1.640734061302774,4.82,0.14,0.34,3.98,1.9414835306710216,0.2504382101047163,73.3,43717.2909103953,2.133822472423064,34.05945495650095,63.80672257107598,57754.0,39953.37,32733.15,7.989646389078048,3.576066916726457,2.2858259152713347,0.3546265201122545,56.1,618.6508543067208,-49.59928076883165,1480.6602877591802,-91.27434239441527,149.20887133623472,1062.7238007912629,38.585744372345545,-28.8340888500245,-35.2724130356932,281.08472922234176,-153.07803101880165,-39.19936649283402,318.702910144031,653.6122410977133,-25.199304197135643,199.4491266767402,-192.1428140083452,73.91553081765147,-21.852965962613634,123.07798187132302,140.8589927042152,92.79764023756611,129.92026746473584,550.1629682878778,-688.0660266844278,-327.4744222603739,400.866285909017,160.18833248289926,346.62928098110484,-149.434827514415,1094.5969078440282,39.69236520610749,637.5390957117578,957.8831002987268,-21.850141709446973,238.20045619831726,853.8893938004599
2.0,19.6,15.5,10.11,8.055,470.5,1.58,49.1485,0.47,15878.0,356.18,8.5477,7.134794327171835,4.120444715233774,11534.0,282.58702925891646,6.339075959279561,56.188,19.8872,18.41727,0.953,16.5223150965168,0.404246719542003,47.87,256107.0,6.0117218158366414,18.17413190276764,75.81414628139571,45012.0,32296.0,14288.0,6.990829016588316,9.211165561563142,1.5733199943233478,0.2193897616698903,43.22460681495,12.413918649374196,-16.418646350645773,-124.43372774164811,4.916111145755258,-20.915958702328314,-380.0270357393349,4.3608793597854625,-5.188025985825794,-19.009994980416582,0.44737474232912017,-9.849517544408641,-1.3098184853792236,-4.580970768816765,-1.6132334257538126,-21.107630283779773,21.3643132944343,-17.464411162398754,-2.277416003687928,-2.1973947647772616,7.9912669631590445,6.862250226285906,-6.375343334740019,-9.224898123281697,-27.075060256794092,-42.979657488598804,-7.780028922104595,31.245800392025462,-3.194201887759061,-25.06472948019703,0.9746130272528806,-33.465968852794425,-13.22045687352619,-80.62643395582215,-28.39947784998144,7.298938738250463,-13.504215752972906,853.8893938004599
33.0,18.7,15.6,11.495,8.52,449.0,3.755,94.75,0.975,80886.0,573.0,36.035,30.6179,69.9425,59746.0,503.33227546810537,3.5656280919222656,160.701,59.489,57.403,13.697,44.04493523854282,0.7705005543685988,37.51,683165.0,24.81513784080998,29.71825110917296,45.46661105001707,37563.0,37438.88,16936.21,15.717915646179634,15.449625511761106,1.4422353381379165,0.3216419673452932,70.17,6.38433803906043,17.56714116019506,-52.77290178333098,7.749393842897068,4.656232883250332,-410.16575843238894,-27.893084214590502,-5.942319215635453,-6.671625181535866,-14.407276774346839,-5.159608479340874,-7.5885830770309,-25.246378973325097,-5.862120163130256,-11.578618856556709,-41.64466288395226,-29.53383134916425,-4.165777306159343,-4.497537284555528,-7.317280759165688,-0.9156198745966005,-34.476848827600485,-6.591299176265797,-51.049306239883116,46.929762891456484,52.3449203508099,5.885626050705716,1.288599062636501,-61.841482338805996,-25.8232010653615,-7.03574163074295,-8.155258228778829,-135.38677855879072,14.210692443946996,-15.92576094054928,12.635635125810893,853.8893938004599
5.0,18.9,17.6,19.085,8.594999999999999,1018.0,4.43,107.34,6.28,66001.9,1675.31,49.3,18.28,103.68,17174.4,435.2825957923893,11.048671107300668,151.63,65.22,31.43,27.37,10.04493389674318,0.8095851014325984,41.74,774172.0,21.96364940618549,42.590832655196046,35.44551793861847,49137.0,30324.0,14574.0,6.059303494414041,4.22208657852724,0.6829462442173873,0.1613749773036768,55.57,362.43441828245903,-66.81312476775608,1355.9506231242603,-412.22166150625793,167.3742672239058,850.7777744959109,-97.82237607168965,18.960440555193106,151.14253804527527,-87.91245751311992,109.30131169403587,13.14466763814292,-5.4766767101455684,-62.33319473885615,16.93294239800422,23.238298205037903,146.12196045433794,13.422977739376998,16.231553922584272,-32.105672325588046,-41.30117529740871,17.989150703440703,20.504307293500784,-70.63268025050562,251.28241847173004,185.85271426706262,81.49334595098466,93.85140596529472,-16.786216707502785,484.8122813232988,-127.94755527753391,350.5551054001817,489.9239975601435,133.55368160583393,219.82266563663248,322.49997519052584,853.8893938004599
9.0,19.2,23.6,14.19,8.595,1340.0,1.97,86.2176,3.9735,25523.0,815.0,31.1163,21.4397,17.1606,5383.0,209.2032032524324,6.680273112515471,122.001,42.695,30.889,6.378066666666666,23.09060459820272,0.495701072671828,46.74,578032.0,13.2,34.4,52.4,70896.0,35317.0,22722.0,12.79694947845151,11.127680470035047,1.418914034866713,0.2008954576580689,54.7,412.25902020527974,-56.9367986110256,1002.2024260860618,-75.88940770617067,119.87468371850439,553.4584568632271,106.98136616636067,13.141993335019825,24.611423326376837,8.512514077816158,1.3600770684952674,-0.41743915091891876,12.209298536541581,46.34026777281111,14.90397473854324,137.65673756850256,-36.25877800206966,-7.332636470595986,-5.8218271889164726,2.2619924726088905,27.143270772763753,-7.9241799398386945,24.161334175073222,-23.892556230565493,147.25036226584268,54.499488136547946,120.15756311050306,19.645767081889044,273.59736108365155,89.04588631783925,88.16118419140572,-24.237433156886464,-157.4451726747615,70.41678369873516,122.6694570604401,135.8266650316988,853.8893938004599
15.0,20.0,19.4,9.77,8.1,1231.5,4.85,60.6455,0.7705,18738.0,201.0,20.6519,13.225,27.4686,21790.0,236.6058463286824,2.5380390176147487,79.195,32.652,23.515,6.148,12.782698470895246,0.7724210753786316,47.21,209885.0,11.2,48.7,31.3,49780.0,37342.0,15884.0,8.251880779338212,6.642425473153561,0.2421040892193308,0.2176759611841297,53.7,94.1402794024845,-22.84051106443009,297.42420149599826,40.61573190116945,-186.21192856786152,164.25717750047644,-30.1198613067437,-7.291699429644889,-17.403425033887242,13.13814946632832,-11.785576302005603,-4.2041341123481475,-14.091192726564302,19.86749859752752,-25.4994095045266,38.473469716409845,-37.61123130084947,-5.021200020766519,-21.208930370764183,-4.359866033662115,36.41525930835866,-2.4160282796993755,-62.072457761649666,-64.9930783223516,-116.98606448204566,-25.751059304922823,-90.18325721641382,-81.50595305303733,-44.52186496114049,-64.19867476448414,-39.76137794574101,-74.61964736595753,-15.867963182178002,2.0520177345164066,40.85787024995934,61.08302634545603,853.8893938004599
28.0,19.1,18.5,8.9,8.17,1195.5,5.28,126.195,0.9478,45899.0,1702.0,58.722,16.8508,63.7322,13048.0,223.4017181377917,8.284052468910467,205.455,93.926,30.942,16.87,33.16205965449566,1.7174502122943875,39.64,605389.0,14.2,42.9,42.8,42227.0,38884.0,17032.0,18.34775726355647,14.769191834162667,0.4028414498141264,0.4839945952585677,119.4,116.29955285449823,-26.809134511997303,376.48373792223634,93.63772938436205,-187.5069140663774,188.5227112403543,-14.446034127495565,1.6449701455670152,-7.964643315154433,-2.62709447491293,-14.344030943758163,-1.313239590848492,6.193447605666383,-0.49390151689762263,1.1608555956867832,16.44756705773374,-9.580871341358874,-3.462059732973543,12.165813947866347,1.7722709529194869,2.7515065277616344,2.0422545028881465,11.775188060194862,-66.57035989503687,51.47533982031047,18.52348649717868,-18.8983104704693,-4.898970051094277,-75.08561544762304,-67.32382528067257,-26.457330598880855,56.95370727548999,-158.77232985286045,-4.580857024919228,-74.99445215482888,-107.92657539457703,853.8893938004599
16.0,20.0,21.8,20.18,8.870000000000001,1195.5,9.67,53.8484,0.7,22791.0,176.0,19.9075,9.7003,26.1024,22316.0,289.4793664503182,2.235459983996139,78.731,30.36,17.926,5.442,12.707805206288954,0.8544099046087655,49.59,270490.0,11.8,40.1,56.9,45128.0,39616.0,17109.0,9.127778739156234,7.347487394884943,0.1563167286245353,0.2407812308070261,59.4,91.11978048967819,-35.438648332087325,300.1897514333079,-183.2111132672957,37.01675915560374,197.41560288321537,-3.2145580397173794,-2.2018258118194702,-29.148419098596406,13.788971506108831,-10.930927901168644,7.8854352480949315,21.565597539432336,29.60114634107178,-1.7504080777894824,17.820729415376352,19.49492083276,5.253791748192175,27.516068243263295,31.36710709384953,17.171720612461993,-11.863611043710264,-7.034986828813952,-40.18063024293321,-110.57454400368347,-5.882824389593087,-28.71822410137702,15.50769508078694,-100.73972084646421,-190.21050267239409,-51.85543215026461,-47.440666360240435,-24.090242241285722,10.580399287442367,47.98322354882955,87.9068986688306,853.8893938004599
15.0,20.0,21.5,13.56,8.575,1105.5,5.98,49.512,0.336,36853.0,138.0,15.7684,11.0015,49.6713,4038.0,582.73904587214,2.182128682342152,63.241,25.634,18.924,13.688,10.207596868462485,1.431208510245323,64.28,314899.0,7.9,22.3,69.8,42653.0,44208.0,19416.0,15.289797719630393,12.30765986180222,0.1473591078066914,0.4033288293821397,99.5,118.79505300999308,-25.2009476495596,204.5513608642295,-93.49262063998106,-0.13380380591997465,151.208157110059,-44.553002484239016,-14.408393887709847,-31.517639212819436,-8.755600432797022,-13.692880075108226,-5.585473537628228,44.47039075798974,7.305333897254106,-25.384365775001566,-85.03603165871154,-81.69045477278532,-9.5219461477703,-13.067808457408082,7.215706810696659,-3.9261703122593636,-24.211968242836505,1.63165419399427,99.5914050858002,-84.50115465545716,-24.95136514689463,30.19016259632383,25.386169026096667,-93.08569508433344,-151.61189236582877,-16.109223153373875,-15.195054328230531,-185.0899867142334,8.259120554303129,-36.89443301459153,-32.67570928648734,853.8893938004599
5.0,19.2,19.9,13.085,8.31,1622.0,6.03,111.07,3.69,99177.0,1003.5,55.58,40.03,120.87,13627.5,546.7309812568908,5.531973539140021,181.40000000000003,73.25,59.84,31.27,12.01708770605562,1.3716441835883986,39.96,1202915.0,16.431187710251496,41.28557796152066,42.28323432822784,53308.0,32689.0,17803.0,9.539679628333618,7.153294308153317,1.1848298070618952,0.2653379822968679,91.37,158.31763424590227,-29.813894643078882,325.47610390779874,-61.15962223396946,0.1773822847381273,61.51493306921484,-55.58628353171673,44.23685386143936,58.18268637228448,-90.9061905590196,1.5743946627527474,-0.5202310439478689,-201.04399930417227,-337.7666622796251,-86.47194609934463,-137.5103974078223,-100.16760107494893,12.807659377145265,45.09551802063671,-75.46624570553502,-198.98610924802412,-49.42360555928511,37.773351774470264,-59.287833468072755,238.66459482853608,40.60077625914787,-8.002327400452137,-12.442519315506013,-30.619867167659127,27.676785704062,-26.340798486769202,-38.33261648932473,-42.04492680624124,3.3106588120634464,7.233551812941816,-110.10785450911771,853.8893938004599
430.2,27.3,30.6,9.905,8.28,253.5,3.53,102.81,1.7645,47925.0,843.0,43.5255,20.1416,83.8778,77459.0,294.8686396357596,5.186734756660309,162.53,65.61,36.45,18.38,34.437046921982514,1.6325084864460302,44.34,791032.0,14.2,49.0,36.8,60352.0,33354.0,19580.0,15.09150601532647,12.226414519989854,1.982933986704912,0.251596591393268,73.72,-275.2939166797015,-11.300821141581986,-36.87723198998719,1.3786903797866064,-13.42884859257378,-315.07542079377293,-3.7537429999994765,-6.976313890529167,-5.432006487784288,-3.306165202182406,-4.6928045635266855,6.745235480070112,-1.8839227396994804,2.1933897199978385,-3.3575508970891357,7.067953921894844,-5.919962071549768,-3.3575321263074973,-0.6148452378964665,-3.9689531449849516,-1.2811272320958487,-37.64542148805534,7.267184646166865,-19.51056989708915,33.19518784464958,6.535570553926136,-30.07435782631238,-21.225129369087508,-3.125221432323253,0.7983736464381206,-4.571761040613067,-3.4374160466591523,-39.066257286009694,13.112120479134214,3.276267736417553,2.761854392786811,853.8893938004599
149.9,25.8,26.7,6.665,7.605,390.0,1.68,156.26,3.7,71109.0,604.0,25.5392,19.687,31.444,45417.0,639.9701205079514,5.435907589570977,111.113,48.363,43.95,6.87,30.453854606755456,0.8473062281162614,50.12,299186.0,8.188156481532047,41.53969380882165,50.2721497096463,56528.0,34807.04,22100.67,29.449202691670408,16.989687864542002,4.19935794066213,0.4460450312437009,97.31,-226.9394317812721,-4.4439433945715425,18.09949697604403,-5.176379654929041,-0.23027634178599055,-202.64829908711837,5.350018164301296,-11.976804747479044,-4.546368994765619,-13.748112793751062,-6.548732436842596,-4.502433504958944,-7.349673487146703,2.0801615707079635,-7.166787792102742,-34.4403058903323,-9.09920801444599,-5.241402520593262,-1.5591106672057309,-0.26115949343889283,3.3494371441130846,-34.36453791283693,-12.654584706351168,-10.236405587953824,-65.0332874259663,-0.20267540354281385,-4.316694003331164,4.850975829623638,1.6433797804017851,5.229880534919601,3.016518083810798,3.3757593252789206,-96.58740058505596,-36.22635317586362,-57.897760930868486,-26.700634084989627,853.8893938004599
221.9,27.5,28.1,9.205,8.59,278.5,4.34,41.8,0.9984,37631.0,382.0,12.2266,9.8512,26.4183,120170.0,481.9852705731668,4.89273134806276,78.075,30.563,28.728,4.991,21.398798506227283,0.8755846807233554,35.03,369846.0,16.504901960784316,31.65686274509804,51.83823529411765,26213.0,35691.1,13158.53,16.539135979595088,17.556710821702243,1.1884593356762363,0.355470066518847,77.55,-226.56831044492927,-10.566392363446456,-2.7035033186090494,6.2052111155291385,-1.9199147746650025,-192.97209711610026,-12.466394677922757,-8.349480263637377,-2.8002066593244677,-0.13673092484163854,-1.5236534043649783,-1.2890894810855393,-15.464153124711798,-7.881152020590371,-0.7734120991732927,-12.865724351269504,-6.282807269546517,-3.7844275821745454,-7.159752264848606,-3.9090585050359294,-6.626039536337689,-19.134648244110874,-12.735351579928148,-45.517334110038355,-32.00529019174166,3.5832650499884,11.881177354299775,7.3067818065080665,-71.73373439981292,7.11573221212874,-16.343083104273923,-30.72195433515434,-111.38944219907125,-11.733286341708157,-17.839072040691985,9.402828231571867,853.8893938004599
472.3,28.1,29.8,8.225000000000001,8.395,391.0,3.49,47.0,1.3107136824324324,36372.0,288.0,18.2749,8.0877,23.6982,13421.0,653.2327586206897,5.172413793103448,55.68,23.55,11.03,7.75,12.063693803924313,0.472838893581081,63.26,168105.0,10.1,30.6,59.3,59606.0,41956.5,25127.5,34.79581925675675,15.15646114864865,0.5191153820594531,0.2286277449324324,50.55,-292.9998585251967,-7.110698610950885,41.43825213025014,2.7069270779937553,0.7614126937898501,-314.92217595850116,-0.45330301425109765,-13.325061529430888,-10.420821921862649,-6.786207847449313,-3.4578057100996262,-3.7854065086257904,-5.586051376160865,21.49349357925976,-6.983480076997867,-64.25896218076039,-0.35700543167690985,-4.605347470709433,-4.419182754062743,-10.173494181421892,1.9613146854874994,-4.857970048266774,-9.0892398922549,14.771989111114912,-19.97112121455371,12.438375922956817,10.792410956149299,-0.2546666438380846,-16.204308127934734,-65.75144679825443,10.47878117424747,-48.42063816176417,-79.31985079680881,-9.709335955157885,-2.8829185549418113,39.74440143643878,853.8893938004599
605.9,28.6,26.7,3.3,7.68,349.5,6.06,13.72,0.83,7014.7,78.24,7.31,3.49,34.58,2219.0,256.8546320029293,2.864884657634566,27.31,10.63,6.92,6.91,1.80918779080694,0.4565479911105388,75.7,148886.0,2.978968581939072,42.82646793950212,54.19456347855881,46502.0,34131.0,20135.0,14.867372524025823,2.380954321306591,0.8667399117112345,0.2182642305946436,75.16,-439.8343393183904,-9.319111405586204,82.35483096461742,17.331598185806836,-25.58463651607745,-339.42065717930905,-10.846018410095313,-2.4442482696411347,-22.658206190178174,1.932497034187727,-10.868199153868487,7.773865177457519,16.300479489934315,0.562542264486343,0.5922569537162762,9.238703667434548,-11.253657454748947,2.422530953387421,-20.87189123330639,2.857211114640043,9.652136375245961,-13.995127563821152,-7.74085648745297,70.22314974508869,-88.71494704093787,-12.700629556473965,-32.661447105594,9.85072101323555,-44.51628073429069,18.663069151441256,-10.618395176281524,-40.18208960533143,77.66984375101205,-1.8609904546166558,23.93871952288473,-10.730557339064157,853.8893938004599
605.9,28.6,26.7,5.645,7.609999999999999,381.5,3.76,13.72,0.83,7014.7,78.24,7.31,3.49,34.58,2219.0,256.8546320029293,2.864884657634566,27.31,10.63,6.92,6.91,1.80918779080694,0.4565479911105388,75.7,148886.0,2.978968581939072,42.82646793950212,54.19456347855881,46502.0,34131.0,20135.0,14.867372524025823,2.380954321306591,0.8667399117112345,0.2182642305946436,75.16,-454.5762668060883,-8.834546273077517,163.08838983253267,34.05196850236195,-9.27668791726853,-506.98286860308303,-17.984997153487075,-15.696711147654186,-8.155428030649201,2.882684321592872,-6.318426295965914,2.7929840766762695,6.780816624959317,1.3149927319399974,-6.819555046511809,10.999987147934712,-10.352916288562108,4.3599612836787935,-1.890160040079305,6.846677919675902,7.996321233386799,-12.451759101900597,3.340885949830225,60.67184022978571,-142.63648288136346,-24.368984268307667,-15.69090006038546,32.646678064391004,-18.254482762863255,6.9320839668562,-7.35202259932954,-19.003285156699526,140.79055912590584,-21.08831752281947,32.0709440185502,9.938403356534714,853.8893938004599
307.4,28.4,27.3,2.87,7.675,501.5,2.75,97.05,1.21,106381.0,2590.42,55.63,35.38,100.73,137331.0,610.4028000918064,14.863552903373884,174.27999999999997,73.07,53.35,21.39,11.545413701275482,1.3286396630675812,42.31,858592.0,16.673582357043852,41.11565010222189,42.21076754073426,42877.0,31410.0,15449.0,10.182451797210655,6.929020407132105,0.954641587443107,0.2674869382660009,92.11,-215.28734245914347,-10.032816085343558,-12.517675190831838,30.187258822008346,3.839301875506828,-259.7277713432287,-30.16350009994892,-0.4532368855178319,-18.920531281338395,-17.313330175445113,9.386002134966356,3.015181870559855,-13.752256253746646,-16.6633319220692,-3.106477691711234,-40.01255535371913,1.3474286899529437,-4.33422512163719,-0.37916449202845026,-15.101425871107105,-23.153149682985013,-5.958523076151818,-4.668681547461699,-31.664174755973136,38.88790675565601,25.663468236668653,-6.601796605677027,-13.983504831275598,-53.25745570338643,37.284917868173984,-13.028417241331192,-29.135320052181683,-32.91930402041413,-28.07632974079809,-9.740396554140993,-42.54168484470496,853.8893938004599
453.1,28.0,28.0,8.735,8.125,1085.5,2.89,121.17,1.24,111887.0,1972.8,69.36,49.35,171.62,14251.0,484.1916219491085,8.537303098494027,231.08,91.11,77.42,35.98,15.308206323678789,1.4921568515595265,37.51,1010017.0,18.514367546917764,44.48838459533429,36.99724785774794,40876.0,30965.0,14316.0,9.36200276864403,7.781782798224389,1.0236131895309892,0.2773605197458011,95.51,-306.90284307990845,-4.586454119260119,-50.477691569278626,14.043842824449149,-74.84175354846444,45.24016020496064,-50.657630474825076,20.119577477083855,-8.724638130348177,-15.878612938274948,19.94474604785443,3.151707141970597,-69.07301738191707,-73.7368084060587,-18.462806843426076,-22.684001172911383,-3.702560101107992,3.5324298242727945,0.6946149014371077,-30.16002478872737,-74.32477127019938,-8.796549249989907,1.8415126766326448,-39.584495900770044,54.6131490538021,17.473074696858717,-30.654424748594575,-16.70928314444298,-33.30239031759402,12.92417704885826,-12.24548312102756,-21.778680788610753,-20.717456458974635,9.083131734691564,-3.673235582125687,-54.64250204429652,853.8893938004599
115.2,28.8,28.5,2.4450000000000003,7.52,241.5,8.35,60.6455,0.7705,18738.0,201.0,20.6519,13.225,27.4686,21790.0,236.6058463286824,2.5380390176147487,79.195,32.652,23.515,6.148,12.782698470895246,0.7724210753786316,47.21,209885.0,11.2,48.7,31.3,49780.0,37342.0,15884.0,8.251880779338212,6.642425473153561,0.2421040892193308,0.2176759611841297,53.7,-216.6338295404116,-14.36054035618902,-32.67701038518299,9.744096321252501,-23.877949825283157,-287.17981287898493,-18.184861324873438,-9.875878865020356,-23.208341801020627,1.2045726910419825,-10.617621258143336,-11.177604181766526,1.6101620441426778,0.8549793516534022,-4.822666640576604,13.295216903158783,-18.697062698478504,-1.750119521307443,-3.9084773897690144,-5.10991315215205,-4.540796326460942,-7.263108782519886,-17.066735856129483,-2.7480890215591995,-37.290039424315715,7.253977330178022,-23.207401664092504,-7.184163118215903,-14.567840216221912,-29.90167410641909,-29.436263489698373,-25.270668044251703,3.5166544818691876,-3.6519399692087156,12.522225599975025,15.954759061103687,853.8893938004599
354.1,28.0,27.4,2.175,7.355,445.5,5.34,78.86,1.51,42101.0,1310.02,57.39,30.39,103.24,45409.14,239.6050310170167,7.455580217403678,175.70999999999998,75.89,47.08,23.13,11.640145980325425,1.1288686636714582,52.2,686334.0,16.06716086336319,29.95130135865117,53.98150854710848,36106.0,32559.0,16815.0,12.881572327495135,5.887189901806822,0.6001059414337037,0.2742822855197458,94.45,-272.71431571295483,-11.119545457493535,-6.526030702795843,2.5005000225578677,8.751195732171947,-355.44060967046147,6.337622942732028,-3.1282424336702928,-14.34881327924009,-2.9893696497225495,-10.090733145934829,-3.46750854345659,-31.128769685278314,0.37815538406371374,-2.416407007947568,10.882574972553806,-11.033032429075481,-2.6060032864163323,4.35949609547852,-7.636149889205892,-22.785624513290824,-9.566900588000804,-3.128956491714345,-8.689606882200271,5.7908317332963115,-1.3798409626260388,23.698981180389723,9.580301981630447,-34.23429180340221,18.227197645477325,-21.60150430331628,-43.85766264746277,-6.584100280040878,-1.5873311916987147,5.194762632834404,-31.09309244502335,853.8893938004599
376.9,27.9,27.8,2.865,7.15,348.0,6.26,156.23,1.87,97710.0,1060.5399999999972,71.1,36.2,44.19,10480.0,463.12446677410185,5.026732391695883,210.98,98.81,63.08,12.67,11.72546549939368,1.018542407714805,36.2,633849.0,18.656421702718102,40.1694307582096,41.1741475390723,29464.0,31269.0,14895.0,17.562286116352706,10.924959818723158,0.0678323806069195,0.3802577434267549,98.99,-222.1140299586641,-5.850513216685495,-31.988627496967098,8.888244895326588,-6.431477160612116,-198.52730423847834,-9.783227245432029,-10.61115048636062,-3.718198079702757,-12.106813436665881,-6.016345460104439,-11.449149530179184,-11.170668588199959,7.920292470231648,-4.129680049627406,-10.565455055230602,-18.03501762299798,-3.374777491033701,-5.994894106931361,-15.49061276117341,0.7093281050274728,-2.3420568632055017,-1.329336747440197,-50.29760624801119,-5.451642422620207,11.377522654539591,-3.557128451820469,-5.327948049313087,-37.7901817279309,-3.1701861432194636,-17.427156064553817,-3.191113801868639,-53.94369484292033,-22.163577802215404,-22.477261201106014,-30.13112920077828,853.8893938004599
7.0,2.8,8.6,16.765,8.7,961.5,6.2,102.81,1.7645,47925.0,843.0,43.5255,20.1416,83.8778,77459.0,294.8686396357596,5.186734756660309,162.53,65.61,36.45,18.38,34.437046921982514,1.6325084864460302,44.34,791032.0,14.2,49.0,36.8,60352.0,33354.0,19580.0,15.09150601532647,12.226414519989854,1.982933986704912,0.251596591393268,73.72,70.56995428139344,-37.42195114218941,-509.7803186900883,-53.58759765973317,29.563507894078914,73.42667133736732,-30.472094856081554,-1.7894307986584697,-3.893016155362133,2.3810166248523927,-9.494003970893095,2.370392750417819,-18.22296148349533,-7.043406417071807,-8.24399820318755,20.90185756822737,-11.566119443078842,1.5126952572663512,3.6282629554470467,-0.9531991567090378,-0.7389163986096913,-41.24278166757586,32.92994863872417,-9.88823907891907,68.61215519448122,22.46128256181876,-41.41095205838793,-2.072153130980818,21.829682986714584,-19.754609069544852,-2.571427484210569,-29.493970827025663,-87.57869905505642,-12.637163509527847,-5.403977874356005,2.435417500197277,853.8893938004599
6.0,3.8,4.0,14.315,8.395,588.0,2.57,156.26,3.7,71109.0,604.0,25.5392,19.687,31.444,45417.0,639.9701205079514,5.435907589570977,111.113,48.363,43.95,6.87,30.453854606755456,0.8473062281162614,50.12,299186.0,8.188156481532047,41.53969380882165,50.2721497096463,56528.0,34807.04,22100.67,29.449202691670408,16.989687864542002,4.19935794066213,0.4460450312437009,97.31,2.60219825252269,-1.725908560454851,-176.81844975690362,-39.51850397227954,-4.410422946289182,-194.2809187427163,-21.976934734964743,-11.436376069830734,-7.546947258931284,-8.251368946631752,-4.543838640777388,-9.191817245737967,-8.989560977667557,-9.662934902366247,-3.285752246019739,-31.85681062296032,-6.235184443232918,-1.1441210695169752,-7.708189543386294,-10.50978389920047,-0.8906231576080174,-23.534156338013716,-1.1343602153658863,-4.751464040726426,-64.08717133095799,-11.969484652715414,-17.37395935967565,4.325296445442365,-22.56553352982429,-1.8251725666907948,13.578568120257302,15.274304922781875,-90.91412623960525,-48.77985979187304,-35.906600510316586,4.19975237645209,853.8893938004599
19.0,2.7,6.8,7.095,8.29,298.5,1.67,41.8,0.9984,37631.0,382.0,12.2266,9.8512,26.4183,120170.0,481.9852705731668,4.89273134806276,78.075,30.563,28.728,4.991,21.398798506227283,0.8755846807233554,35.03,369846.0,16.504901960784316,31.65686274509804,51.83823529411765,26213.0,35691.1,13158.53,16.539135979595088,17.556710821702243,1.1884593356762363,0.355470066518847,77.55,1.5028990637169526,-19.119404735378925,-213.76096589297052,4.4193140375583155,-21.519615109357982,-202.18269716096424,-0.7060207405996977,1.25118664493784,-3.1293519715219698,-3.1072733534034325,-3.7083946069174822,-17.306368499047434,6.8973917660489645,-5.968161121485757,-12.691827335494269,0.7453943567102118,-3.8896032377767185,-4.89533456405625,-7.161188900169603,-4.2154088590139,-8.431045009378963,-12.348571188272901,-9.505997962222116,-33.04780793268542,-41.78691202812828,5.481506323199707,6.655537108872079,-9.067419809587296,-44.558731423197315,0.7576088380161748,-16.584596677630515,-20.770309105267135,-121.38069676634855,-13.309135175189006,-19.329042434717234,-8.070787732104472,853.8893938004599
31.0,3.9,6.9,15.045,8.495000000000001,879.0,1.98,47.0,1.3107136824324324,36372.0,288.0,18.2749,8.0877,23.6982,13421.0,653.2327586206897,5.172413793103448,55.68,23.55,11.03,7.75,12.063693803924313,0.472838893581081,63.26,168105.0,10.1,30.6,59.3,59606.0,41956.5,25127.5,34.79581925675675,15.15646114864865,0.5191153820594531,0.2286277449324324,50.55,7.892200618684282,1.016035473508136,-294.53898633822797,-30.625130321740496,-8.184414617288859,-246.86500554695726,0.9573902137919014,-13.407070693544421,-1.8224346149091968,-0.37668329672266915,-11.290735311011472,-2.309610529042161,-10.403524022412794,-2.963050720052177,-9.50048815841165,-42.62112765380802,-9.070774233791349,-0.9565187144341619,-1.9866541415080536,1.7287715886781658,6.564062177942451,-5.063975051644566,-5.179799798155828,8.61051723346114,-56.07541331226938,-1.899076858293271,-1.8794787669492268,-2.3386480245553103,-6.826497906260193,-24.179805122176194,15.590028331503268,-25.25083644918476,-66.14083655839165,-5.595325996497014,5.015162767687195,16.11802652664483,853.8893938004599
16.0,4.7,5.8,16.335,8.58,1070.5,7.39,13.72,0.83,7014.7,78.24,7.31,3.49,34.58,2219.0,256.8546320029293,2.864884657634566,27.31,10.63,6.92,6.91,1.80918779080694,0.4565479911105388,75.7,148886.0,2.978968581939072,42.82646793950212,54.19456347855881,46502.0,34131.0,20135.0,14.867372524025823,2.380954321306591,0.8667399117112345,0.2182642305946436,75.16,27.148692300493526,2.9543105279002226,-609.4386778355017,-117.8675600584969,3.132734457092995,122.75107393246145,-36.3579625052524,-0.5624090130875471,-9.594142051984868,37.783844443261614,-39.840208953047814,-14.50259978038571,8.01296348382408,4.564261852484194,-21.308272416147712,-2.2854425406207803,-21.619998878153652,-5.669504652544853,-0.7794283581525221,1.544359214815002,9.162634935975092,3.10336843421063,-22.990779233810816,46.49637640551043,-109.733837696972,-23.47261218255386,-23.240948623875145,10.239757488006711,-40.362992904723306,-1.3515665558104892,-5.227523832507438,-40.60271488861803,99.0542618711293,-35.0952861931299,19.444116865073642,8.01192943320608,853.8893938004599
16.0,4.7,5.1,16.725,8.695,1068.5,6.3100000000000005,13.72,0.83,7014.7,78.24,7.31,3.49,34.58,2219.0,256.8546320029293,2.864884657634566,27.31,10.63,6.92,6.91,1.80918779080694,0.4565479911105388,75.7,148886.0,2.978968581939072,42.82646793950212,54.19456347855881,46502.0,34131.0,20135.0,14.867372524025823,2.380954321306591,0.8667399117112345,0.2182642305946436,75.16,68.21215557058652,3.741230640076116,-755.777652423953,-149.0054392065294,30.643787481781725,105.6498993617234,-10.685651703070214,-14.99907561547434,-21.652517908172086,17.888010963238745,-5.2138836207427,-10.122871137907103,15.90596871212126,14.539904404977934,-19.031638244070727,24.127479413288324,-42.75019991832474,-11.647191316566131,-14.363805077821018,7.739124657983564,30.770047752422617,-1.006327865244818,-19.953428677705418,103.67032484722013,-74.9296339994576,-33.557643059622514,-37.212584044995396,25.30181580932499,-25.866997568840144,3.8710660717636345,-11.174468649476774,-68.2483031909261,150.642669515498,-29.172302970917272,20.18165082089602,-11.416562610361737,853.8893938004599
21.0,3.6,6.0,11.239999999999998,8.254999999999999,1068.5,5.37,97.05,1.21,106381.0,2590.42,55.63,35.38,100.73,137331.0,610.4028000918064,14.863552903373884,174.27999999999997,73.07,53.35,21.39,11.545413701275482,1.3286396630675812,42.31,858592.0,16.673582357043852,41.11565010222189,42.21076754073426,42877.0,31410.0,15449.0,10.182451797210655,6.929020407132105,0.954641587443107,0.2674869382660009,92.11,46.5987484575684,6.814181946730247,-596.2308188559487,18.006085861260075,-17.85979077854503,133.01710662798956,0.9494788002967999,-3.424328034097943,-15.948658281092841,-26.391071120100104,5.022913250603399,1.760014749898886,-34.64933599618884,-37.683205100509035,5.764355811327697,-66.2146790958848,44.23034979579969,0.737745407273375,7.617484025545404,-12.33830590973299,-8.59654415970979,13.34221616855511,-5.948173457651085,-57.72605256214115,55.209387636048085,-0.8113073567673675,-14.981157239660007,3.1017297525517606,-22.596353306720655,25.784248058351995,-18.492735349511097,-50.32719630785908,-12.12148294505974,14.375839708174263,10.942963433420909,-75.09415033994863,853.8893938004599
9.0,3.3,5.9,15.11,8.315,1625.0,11.5,121.17,1.24,111887.0,1972.8,69.36,49.35,171.62,14251.0,484.1916219491085,8.537303098494027,231.08,91.11,77.42,35.98,15.308206323678789,1.4921568515595265,37.51,1010017.0,18.514367546917764,44.48838459533429,36.99724785774794,40876.0,30965.0,14316.0,9.36200276864403,7.781782798224389,1.0236131895309892,0.2773605197458011,95.51,30.118972701051575,-7.898204836562889,-332.38691434981615,-31.472983641587195,-9.899866607723128,19.882221124336752,-29.895668483289597,1.991970511165766,-1.5849878499967245,-38.396609469844655,18.6065476870692,5.428435970892507,-32.176637277094024,-84.34253622410198,-20.199655995142347,-34.14390376065546,-8.731687872428447,1.2694104338964955,0.3585447014433664,-53.791252408375364,-53.701899280486,-9.240730831443024,11.285796512796848,-50.939115926921374,25.997133777228488,35.34605889716805,-12.234708638135354,-17.29588441115494,-21.02267653500661,16.348608969450012,-22.536424420339372,-12.958128710482265,-28.03074381936962,-25.620299851180377,-17.735798888045057,-44.638996891087544,853.8893938004599
26.0,4.3,6.9,11.255,8.18,1076.5,12.8,60.6455,0.7705,18738.0,201.0,20.6519,13.225,27.4686,21790.0,236.6058463286824,2.5380390176147487,79.195,32.652,23.515,6.148,12.782698470895246,0.7724210753786316,47.21,209885.0,11.2,48.7,31.3,49780.0,37342.0,15884.0,8.251880779338212,6.642425473153561,0.2421040892193308,0.2176759611841297,53.7,17.656942613025514,2.698090237760912,-497.3941730956608,1.7303644865471928,-95.70947769599968,58.73419662522773,-11.524138850911209,-9.341052642079697,-14.054432088083887,-4.702325143519164,-21.060895111958207,-6.911162378381337,2.1819759745895966,5.893165992473558,-1.1119947900840532,7.906247174097223,-24.26893169637768,0.18244418228665774,-3.645160772018148,-13.209365250980477,17.697868085391832,2.0835962744864323,-4.533338784522698,-28.183939155790345,-35.283570934794845,6.102519436189901,-44.08867341528025,-19.948372940445932,-25.493965475149448,-39.18774121895432,-20.477977843303247,-17.012576311736666,9.285585073381654,-21.646519476855158,15.319377926314859,56.258797219951305,853.8893938004599
21.0,3.3,7.7,12.81,8.35,1577.5,6.75,78.86,1.51,42101.0,1310.02,57.39,30.39,103.24,45409.14,239.6050310170167,7.455580217403678,175.70999999999998,75.89,47.08,23.13,11.640145980325425,1.1288686636714582,52.2,686334.0,16.06716086336319,29.95130135865117,53.98150854710848,36106.0,32559.0,16815.0,12.881572327495135,5.887189901806822,0.6001059414337037,0.2742822855197458,94.45,45.48171232958632,-8.850814295932656,-597.4628183875171,3.409647520675016,-7.079470208535603,55.1049378945244,-34.42067050232864,7.5102447331448445,0.9544379761815129,-7.826694330073274,-10.178551399838168,-4.445144318469493,-27.606403213317208,-38.85471894952778,-5.972119193278871,7.9815831198698355,-11.018249991411961,-9.029711150825017,-3.418026981055726,-24.31712536892233,-18.025992086107536,-7.739386078063398,-8.186271752553678,1.9922075473144745,47.60026194587349,13.505695840747407,31.127938457727407,21.921577019318942,-40.27574528331558,12.176691656587636,-26.799108867893626,-49.97421610275904,0.47375136073988244,-2.639731350134447,-23.07401505026345,-93.53991277739404,853.8893938004599
30.0,4.0,8.0,14.31,8.71,1752.5,7.77,156.23,1.87,97710.0,1060.5399999999972,71.1,36.2,44.19,10480.0,463.12446677410185,5.026732391695883,210.98,98.81,63.08,12.67,11.72546549939368,1.018542407714805,36.2,633849.0,18.656421702718102,40.1694307582096,41.1741475390723,29464.0,31269.0,14895.0,17.562286116352706,10.924959818723158,0.0678323806069195,0.3802577434267549,98.99,38.7588285022974,8.915833534573515,-419.30743106497147,-56.93682910502889,12.042055920735002,61.32233518984169,-32.391570187012356,-6.503023879599451,-8.085868418052181,-28.650601114276782,-13.997871260546773,10.837032716044542,-23.144756591444217,10.40807375312472,-13.645546031687397,-20.05523135988041,-12.995645613775885,2.497969598385184,0.029621397620055962,-38.04151076139263,3.3989737828572615,-2.192520905764155,-0.6251433190237788,-40.356075971548755,25.181955644575257,39.99586573216444,1.868568173249565,-11.345818409658952,-103.73149779709678,0.08841298980326921,-32.38591204306733,-8.567248293276265,-43.76977262078474,-20.333597638607017,-32.379782824615646,-44.877904385703935,853.8893938004599
18.0,18.6,18.7,15.02,8.594999999999999,1057.5,3.56,102.81,1.7645,47925.0,843.0,43.5255,20.1416,83.8778,77459.0,294.8686396357596,5.186734756660309,162.53,65.61,36.45,18.38,34.437046921982514,1.6325084864460302,44.34,791032.0,14.2,49.0,36.8,60352.0,33354.0,19580.0,15.09150601532647,12.226414519989854,1.982933986704912,0.251596591393268,73.72,332.47342429498826,215.89614134620868,1041.8106050922163,-95.83001296238045,154.55942072124532,1145.1205509980273,54.20320493489506,39.92614066998167,9.34375483270125,12.655471154035325,-29.9208823732535,17.381656559705714,58.80612370044608,42.87899050950071,57.56289224680827,240.2169776770224,23.091408466131696,33.28687523186206,47.07960821376494,44.28481035483694,1.866261935693468,203.21332079470778,207.24192479576607,-78.78844856188945,404.1910433634868,77.27783084894226,78.81028163253943,41.15465745815385,132.8709769435475,346.5455922572128,106.76538078633455,75.91374077925768,-70.97454030922624,525.0357189916385,135.5508695027419,6.393012999389431,853.8893938004599
15.0,19.5,14.3,12.83,8.605,634.0,1.75,156.26,3.7,71109.0,604.0,25.5392,19.687,31.444,45417.0,639.9701205079514,5.435907589570977,111.113,48.363,43.95,6.87,30.453854606755456,0.8473062281162614,50.12,299186.0,8.188156481532047,41.53969380882165,50.2721497096463,56528.0,34807.04,22100.67,29.449202691670408,16.989687864542002,4.19935794066213,0.4460450312437009,97.31,45.33272882247342,-6.0237954878931435,-21.22541531512203,7.3012083420002165,76.54748658498129,-181.87916589198016,16.868081720946357,-14.944284064381682,-21.217365066601598,-15.728531482418378,-6.755546712872268,1.3924981151024471,4.615198278228445,3.463703715708115,-2.9274669411716183,-42.482852357787394,-9.012622296139586,-5.104574982219689,-5.857807051936799,-1.1533409202906089,-9.41582742639818,-47.68913398869336,-7.371848819619044,-13.600456965745733,-38.73997926342923,-10.389543087432779,-13.300774854542682,-1.0938121771191724,8.415331799959127,-7.840140965779619,-0.4512298032144552,99.56954648512728,-147.95846300783256,-69.90199448961765,-26.918929512832936,24.822330248554547,853.8893938004599
7.0,19.3,14.7,10.465,8.129999999999999,374.0,2.67,41.8,0.9984,37631.0,382.0,12.2266,9.8512,26.4183,120170.0,481.9852705731668,4.89273134806276,78.075,30.563,28.728,4.991,21.398798506227283,0.8755846807233554,35.03,369846.0,16.504901960784316,31.65686274509804,51.83823529411765,26213.0,35691.1,13158.53,16.539135979595088,17.556710821702243,1.1884593356762363,0.355470066518847,77.55,5.6090748976295215,-4.597889022147283,-27.541617059273033,4.718842661778132,-87.5395908129526,-284.05690864061626,-11.786206038240335,-8.255408642670773,-6.32523819709817,-5.630480274346986,-6.909500577996186,-15.065382659727085,-10.379338055908063,2.685810578232633,-4.959864606106028,-14.46822943464854,-22.837816814404608,-3.0426076239223234,-6.104381864238527,-6.950933833473049,-2.6112247785739613,-17.832881397592526,-9.62865631119349,-41.88125237833709,-20.298886281245696,31.107233628391608,25.718090806559967,0.44676676373929175,-55.44935955271745,-13.67480918467355,-34.0513867888196,-12.561417344355343,-143.4591756896923,-23.942546163806693,1.235836903024456,-12.879532903799172,853.8893938004599
15.0,19.9,22.1,12.63,8.305,797.5,3.01,47.0,1.3107136824324324,36372.0,288.0,18.2749,8.0877,23.6982,13421.0,653.2327586206897,5.172413793103448,55.68,23.55,11.03,7.75,12.063693803924313,0.472838893581081,63.26,168105.0,10.1,30.6,59.3,59606.0,41956.5,25127.5,34.79581925675675,15.15646114864865,0.5191153820594531,0.2286277449324324,50.55,33.17561200266082,-5.897354205896449,90.61882602632664,15.928330759586151,-2.715491269224638,-525.4682857917034,-12.926269277061031,-6.8319286243555375,-5.490892972049006,-2.3628319731541008,-21.007700408572966,-7.671249415948979,8.930678322116545,11.811803840522979,-24.7788024937734,-105.9407359426748,-23.32509667539348,-3.9541848772764006,-10.386792606816938,27.275169112818933,0.4094872048435067,-11.843075555898258,-11.064860278780897,23.533749514293543,-69.65344523681948,6.595578846447189,35.84360912621019,5.8488207106416334,-20.117219437112414,-62.86469303504254,18.309195692539223,36.65744407166416,-137.39691836297513,-22.601134971625495,5.877027837441613,36.53201120178526,853.8893938004599
15.0,20.5,17.9,9.925,8.280000000000001,1136.0,4.21,13.72,0.83,7014.7,78.24,7.31,3.49,34.58,2219.0,256.8546320029293,2.864884657634566,27.31,10.63,6.92,6.91,1.80918779080694,0.4565479911105388,75.7,148886.0,2.978968581939072,42.82646793950212,54.19456347855881,46502.0,34131.0,20135.0,14.867372524025823,2.380954321306591,0.8667399117112345,0.2182642305946436,75.16,500.43870656474184,-31.28749782158681,1414.7701121063747,280.4562733547794,150.2566888338637,910.4108509891294,21.230640105375358,-28.94763794777292,-18.68557488878571,132.28821556282233,-40.538076082266194,37.702948835619445,108.57121071021383,91.0162885118276,-23.447640025063112,187.09610529258532,-48.691177231346664,32.56998004065829,3.6763919208012843,66.575341262687,91.95554123444481,68.1974242846885,16.142661388544358,186.06111606456025,-210.12934811171144,-80.30755012355742,-178.63355014326677,104.46371336047855,-50.82246984779525,55.81779785815002,-13.174449538228473,115.93891728837359,749.3121850828329,-90.1807683669279,71.5782395387069,63.10575394808944,853.8893938004599
15.0,20.5,18.1,9.7,8.629999999999999,1146.5,2.38,13.72,0.83,7014.7,78.24,7.31,3.49,34.58,2219.0,256.8546320029293,2.864884657634566,27.31,10.63,6.92,6.91,1.80918779080694,0.4565479911105388,75.7,148886.0,2.978968581939072,42.82646793950212,54.19456347855881,46502.0,34131.0,20135.0,14.867372524025823,2.380954321306591,0.8667399117112345,0.2182642305946436,75.16,484.57707479333203,-26.7983228631317,1251.9963350688326,245.71561458826065,66.46005467951608,1119.1559025745746,104.04522223026807,-0.9199220904521326,-44.643496384688866,54.92425288319277,4.149107651971359,27.329917750072998,96.52148320801548,72.47018390795837,5.132684587292924,110.38117466834689,-70.73260633786522,54.44705016470821,-4.822732089602719,98.5112435828459,43.0085209995261,16.6692145333935,25.071741950018282,357.2830950268824,-448.565856555362,-131.19183391784316,-60.04858900562552,37.01057875455351,-123.19249591688317,74.65947105140107,-17.659970436661165,-111.8559102384746,903.3925708913647,-110.4816723354658,73.79740252849962,-37.79672354698185,853.8893938004599
46.0,19.0,18.4,7.425000000000001,8.035,1133.5,1.85,97.05,1.21,106381.0,2590.42,55.63,35.38,100.73,137331.0,610.4028000918064,14.863552903373884,174.27999999999997,73.07,53.35,21.39,11.545413701275482,1.3286396630675812,42.31,858592.0,16.673582357043852,41.11565010222189,42.21076754073426,42877.0,31410.0,15449.0,10.182451797210655,6.929020407132105,0.954641587443107,0.2674869382660009,92.11,-13.334383484572172,-49.90135308056139,743.1679459523253,80.14760290537032,-24.710915425590574,396.7894821813268,48.14082752757705,2.6011074756085955,-27.2050060761875,-22.768823047478975,29.377202180804073,4.335799983631195,-40.20210705993387,-20.637034785877898,-30.415389580465842,-78.6360402434754,0.02516701784916601,-5.976138538438842,-1.0312502348206418,-34.814971769402426,-11.69388402849438,-3.128295479659016,20.447224640262647,-72.53202293725063,109.4394309635026,37.25134706163781,14.443248949662456,-25.967831053559973,-136.58221018442887,105.65284259400637,-69.66814069987585,-103.3225029063535,-51.59055486034912,-46.87144510298038,-15.292369300257414,-163.76921507275972,853.8893938004599
10.0,18.9,20.3,12.95,8.41,1821.0,5.73,121.17,1.24,111887.0,1972.8,69.36,49.35,171.62,14251.0,484.1916219491085,8.537303098494027,231.08,91.11,77.42,35.98,15.308206323678789,1.4921568515595265,37.51,1010017.0,18.514367546917764,44.48838459533429,36.99724785774794,40876.0,30965.0,14316.0,9.36200276864403,7.781782798224389,1.0236131895309892,0.2773605197458011,95.51,74.8955516010026,-24.840055771103735,146.017286995876,-68.00615999778114,-26.980210597561705,149.73112010009584,-33.65390253661821,42.175343324579295,-28.783459695664547,-85.66742056447391,36.78719502256561,-12.221629833014058,-192.77350174096105,-193.98855259856205,-42.2209294444012,-58.84239892039448,-7.224602099508054,11.932665131191404,17.3962632538875,-91.16661706662735,-138.95218400503822,-18.221767310714355,14.160755313094716,-52.14449809928734,93.95781213372014,64.7890256591141,-47.35587445294485,-44.164575318554405,-63.73462282114972,77.44749629326166,-45.65171110776564,-44.830128123850265,-56.78063289125138,1.7258516268214805,-19.111768784554055,-103.77241725269704,853.8893938004599
15.0,20.0,18.6,8.61,7.970000000000001,1374.0,1.5,60.6455,0.7705,18738.0,201.0,20.6519,13.225,27.4686,21790.0,236.6058463286824,2.5380390176147487,79.195,32.652,23.515,6.148,12.782698470895246,0.7724210753786316,47.21,209885.0,11.2,48.7,31.3,49780.0,37342.0,15884.0,8.251880779338212,6.642425473153561,0.2421040892193308,0.2176759611841297,53.7,137.6916091217597,-59.66667007625102,431.1657046061755,90.90506265693965,-75.30682052183899,215.60708131993192,-5.479537580482021,-5.076550673125307,-30.775832501901306,-2.9059449072616794,-19.812141186495626,-19.8089868550841,-13.952430165720477,-15.782845080023018,-13.976995095148064,24.018329239388308,-5.149008722780233,-10.518211139986898,-14.340030414164096,-16.781820752990114,11.053137977123294,-12.290580200453576,-24.26792675345826,-58.05163352559012,-145.73982466274563,-7.921017909708151,-63.09261101002497,-149.53985838780488,-78.85646931381898,-139.7417600408196,-63.88841404085673,-61.605690816243474,19.395755543153076,-7.400087884527953,52.06117871620692,87.86395602722963,853.8893938004599
32.0,18.3,22.0,12.85,8.215,1955.0,7.06,78.86,1.51,42101.0,1310.02,57.39,30.39,103.24,45409.14,239.6050310170167,7.455580217403678,175.70999999999998,75.89,47.08,23.13,11.640145980325425,1.1288686636714582,52.2,686334.0,16.06716086336319,29.95130135865117,53.98150854710848,36106.0,32559.0,16815.0,12.881572327495135,5.887189901806822,0.6001059414337037,0.2742822855197458,94.45,227.54423805043106,3.1069175845912205,542.3623215448204,51.05664869995476,-44.68653580955234,719.2186588064706,-53.19754731158104,5.054530396014414,-14.393510352565642,5.2245748222526345,53.770814743864634,-2.1645730633661535,-52.686660318039344,-56.41224565224719,17.03189789493568,74.25997938243053,-5.1782437884248695,3.4281396646549354,26.040741952893672,-37.102347516616156,-31.294040256813187,-33.33026505211679,23.075897761145615,-12.998527834415436,86.64305315124493,44.39259052743512,173.3905524983505,82.62434928889697,-244.25833148649585,-13.27491095947724,-92.57626179778332,-218.44955644792256,-25.719696013306542,-295.07427091561567,6.376880289943254,-287.83259573757647,853.8893938004599
34.0,19.2,21.6,9.34,7.91,1965.0,6.42,156.23,1.87,97710.0,1060.5399999999972,71.1,36.2,44.19,10480.0,463.12446677410185,5.026732391695883,210.98,98.81,63.08,12.67,11.72546549939368,1.018542407714805,36.2,633849.0,18.656421702718102,40.1694307582096,41.1741475390723,29464.0,31269.0,14895.0,17.562286116352706,10.924959818723158,0.0678323806069195,0.3802577434267549,98.99,152.12609875366093,-26.892641044957557,411.60439005456243,56.905558776560554,64.52508281790958,408.6496975730515,-53.88709929650651,50.16835446503634,-2.4415761050644043,-41.34893335918587,-0.05375703039267895,3.701237956142691,-46.82845564264179,20.434717919736425,-7.915138065451724,-39.57472440928219,-20.845705030231446,-3.616354698908187,10.399615659719942,-45.94025108306976,13.662242688598747,3.3470370650539727,16.198844310765452,-74.32079539765913,64.7942791396131,38.751027791115156,-25.46344196119658,-1.1410550891670255,-234.41208132171383,58.20774007464451,-61.7218805244938,47.368119549807155,-95.32216126573896,-9.598100782278948,-48.98310682692878,-130.7005935240692,853.8893938004599
533.4,27.3,29.9,11.03,8.425,257.0,2.78,69.61883,3.1667,31295.0,362.9812608948286,7.9764,10.4369,90.661662,22830.6,431.0012394986916,4.999053310767506,72.61,11.98,17.16,25.54,29.247120158096035,0.4441104259190304,62.5,205105.4262142192,6.613355601948504,25.327743910925538,68.05890048712597,63992.0,36649.66,25491.99,8.611711314748359,6.341558665661586,2.4926882667224866,0.4481821796071095,70.9,-269.7508364599944,-9.71815086682949,13.84370641574263,6.155476684110852,-2.7442945958922262,-323.68538732599467,-33.51395509183408,-1.0106496256900295,-14.975297196138035,2.417347286020704,-15.125770059823987,-7.716586376745269,5.575551161567364,-6.551672674675167,-7.881976741747941,-5.818872859673577,-8.559685988935327,-1.7789183811036164,-7.792460920214663,0.6156451988934215,-44.65567353969441,-5.7045296881472,-9.560092546337591,31.29261746455604,-28.06364576503634,-7.871634845165545,19.166644459534428,7.738695461799694,20.34460614013176,-16.363740907708802,11.51055937368423,-38.880479876597725,1.8432868352532477,-5.741930066226047,-20.520545356273654,-1.1664318563292353,853.8893938004599
430.2,27.3,30.5,10.595,8.39,269.5,4.34,102.81,1.7645,47925.0,843.0,43.5255,20.1416,83.8778,77459.0,294.8686396357596,5.186734756660309,162.53,65.61,36.45,18.38,34.437046921982514,1.6325084864460302,44.34,791032.0,14.2,49.0,36.8,60352.0,33354.0,19580.0,15.09150601532647,12.226414519989854,1.982933986704912,0.251596591393268,73.72,-281.19741531734047,-10.801638044171673,-40.71922810933243,4.84909063015446,-10.045020660618329,-299.74969860746216,-9.92599940669412,-0.6588885819911914,-3.0719985696114627,-5.63017736199933,0.29542137409250496,-3.479291046035167,-9.745485842994743,-0.48646988826493737,0.11972518263384065,11.113492258554329,-4.296919353700539,-1.8110355748236227,-2.2220479411631833,-5.2220749730740925,-28.02965909413994,-5.135660539629559,1.624247598691533,-16.322049556026865,45.67982606832559,19.158497191270204,-9.548269119511042,-14.841764153651894,-1.6372209451658193,-4.796372976445912,-14.033158250351761,-8.256911386447037,-49.37855008523911,-16.90154799811854,9.037477845872449,-2.490381322397526,853.8893938004599
191.4,25.7,30.2,10.11,8.41,885.5,1.6,69.4828,1.3569,21994.0,591.6353864032538,9.1363,9.5518,7.95815,16641.32,381.11245884595394,10.251869457689375,57.71,25.24,23.82,2.36,23.245438704361963,0.4724934230642314,61.4,189959.29356481816,5.960707881876988,46.25281304491967,47.78647907320334,66835.0,38481.79,24326.61,8.747788017238738,6.746846249557248,4.849428335338578,0.4633533676333021,73.3,-181.20577341626088,-14.17060884422934,-60.79759992839146,3.21702269395812,-13.885607756050307,-203.84429832670216,-4.007967104017724,-15.188543466314073,-0.1690521415757543,-0.2630570600988893,-5.117972047021618,-10.323337535234163,-21.570543853814403,-6.275496194896598,-9.6354189135631,-6.863778560856979,-2.405094509087508,-4.721525859947629,-7.732773791973796,-4.565648477723202,-11.011277092968426,-13.884686818172545,-4.80618533065543,13.347880174989513,-55.90909465447378,-13.04822043697039,-14.63378262595584,-5.597591697176298,22.856304562532642,-45.536872967444346,6.4069994733730935,-20.20006854031545,-25.08648151222617,-81.73590763645247,-45.651646854762596,14.148584551289673,853.8893938004599
320.3,27.8,30.9,11.565,8.120000000000001,499.5,4.39,79.7603,1.3218,37783.0,436.0,32.0201,11.986,58.2589,19506.0,317.1284444481749,3.659529465087586,119.14099999999998,45.663,16.368,14.3018,22.549304697785008,0.6391463480032891,44.35,477241.0,11.4,37.1,51.5,71561.0,34380.0,21443.0,14.98400185022494,14.347792906389309,1.8324918038196647,0.2479057292855512,67.5,-220.77446973739814,-1.6130399724841082,-11.50570214801158,1.853163027794407,-119.58786378355387,-342.87247913013834,-13.533244357422623,1.1321302049607012,-1.2360469748359155,-3.423526189789804,-7.16355169211824,-3.1985398016932174,0.07416393842548086,-6.484342386567342,-0.606343710844718,3.3188798706419718,-8.38186968426842,-4.317400391139095,-3.9428177925571717,-14.545255283657463,-9.14601811145743,-18.57677771487894,-1.996872899973147,-13.219110076470917,11.259020889351767,-7.091472134459764,-1.6231902745179765,-3.593175374126691,21.51561678507676,-8.837214640360315,2.256446056148646,-8.217139189317825,-67.25095481082796,11.92692276305209,2.839883075269565,7.872470550664396,853.8893938004599
324.2,27.7,28.9,7.24,7.75,337.0,3.7,65.48,1.159547297297297,35404.0,628.0,32.7396,23.8933,28.3358,18135.0,353.61566120655215,6.272473032361166,100.12,42.91,32.89,6.89,21.692116085648387,0.4183057432432432,45.82,494396.0,16.2,34.7,49.1,52830.0,29483.6,14569.4,30.782770270270262,13.408445945945948,0.4610408828493061,0.2022597972972973,44.72,-295.503239493041,-13.946444857418532,-11.810875099329285,-8.8284153627977,-19.53576832854189,-341.1088803970069,-8.643601529793813,-15.922093473331396,-17.049075680598623,1.5368647073705979,-3.147012973017983,-10.258711827633276,-25.65996832687097,-2.3208586302989525,-4.170748070453616,3.412122349726664,-14.2425116185906,-0.1437773327156826,-2.4680954962906703,-6.59367236761688,-4.562326877672844,2.2962660130982617,-6.061209824600564,-12.311790184279289,1.6381993310153522,4.77216847643257,9.007868323220555,-1.632812532031295,-15.839746536662185,30.644778643660235,-11.417943802028892,-36.42167477869117,-29.94159176833928,-4.240050803789245,1.0920583067337657,20.043428075130404,853.8893938004599
421.2,27.7,28.7,4.36,7.37,447.0,7.87,113.44,6.47,113005.25,3048.97,56.37,31.11,123.25,170899.0,632.6927383685123,17.070544762331334,178.61,74.6,52.48,33.02,11.832260392384752,1.0136065476243834,41.19,962714.0,23.22925734100645,37.059541398199215,39.71120126079434,40450.0,30441.0,14677.0,7.420621787035737,5.286083690348805,0.6079000575173069,0.2002013844757149,68.94,-358.70306201831744,-11.470870011001834,-32.42817395258695,-17.723046325836346,15.513072470702843,-453.8749987830873,-3.099326411144176,-13.402958975114556,17.848862458591665,-14.634032295873991,26.532138616200523,-2.456759376709038,-13.348243823420885,-10.225200632509454,1.2026996225087618,-14.500546355011556,17.07399741245122,-1.7597632234791807,-7.137336836221323,-14.50755824638531,-6.985944248189526,0.791702537052343,-1.6122116533139061,-16.818978733333456,54.89058327571488,26.902415886608267,-0.48086659207938887,-33.48480674980828,-10.363925467754417,25.7977923215491,-25.976488073319192,-4.219542179753411,21.0265908287807,27.146109902358905,5.629504616856572,16.16638289678842,853.8893938004599
421.2,27.7,28.2,5.455,7.470000000000001,377.5,4.715,113.44,6.47,113005.25,3048.97,56.37,31.11,123.25,170899.0,632.6927383685123,17.070544762331334,178.61,74.6,52.48,33.02,11.832260392384752,1.0136065476243834,41.19,962714.0,23.22925734100645,37.059541398199215,39.71120126079434,40450.0,30441.0,14677.0,7.420621787035737,5.286083690348805,0.6079000575173069,0.2002013844757149,68.94,-266.15205256901686,-17.7468795014918,-39.254732849672436,7.652740759203826,-16.91421564720571,-338.175365280627,-14.216286645870019,1.8487045972701015,14.140007183570413,-24.546441300408915,7.032538559002179,1.4292966974837178,-4.288291202255835,-26.694206394202396,-16.2958343541529,-45.61492666383273,17.244486825261273,-3.4643121767044036,-10.09146302626158,-10.16316186378399,-10.24629403406753,-7.497264008587223,-4.482635997304084,-32.26404187930127,36.0361796081625,18.92816879987716,7.965949810665717,-17.624686930887393,-44.05587302879434,11.203007983580852,-33.604130243780105,-5.299010810398797,26.231511622887712,-7.551110902819793,8.681417716753971,7.704196205524112,853.8893938004599
307.4,28.4,27.6,3.465,7.49,659.0,2.58,97.05,1.21,106381.0,2590.42,55.63,35.38,100.73,137331.0,610.4028000918064,14.863552903373884,174.27999999999997,73.07,53.35,21.39,11.545413701275482,1.3286396630675812,42.31,858592.0,16.673582357043852,41.11565010222189,42.21076754073426,42877.0,31410.0,15449.0,10.182451797210655,6.929020407132105,0.954641587443107,0.2674869382660009,92.11,-242.1969911376294,-18.718541290163998,-51.27336709566415,7.25375418316882,-14.79852633330971,-243.07755311505557,-35.659629459691544,-5.080465880235038,-11.387168432980154,-27.05016415467176,1.505281972760956,1.751746007179226,-5.684178057399893,-6.461660545145475,-8.410063073129082,-24.31091909461965,-5.696002674534296,-3.5486604969017193,-0.2604928470185686,-8.109758947739996,-0.13274903662813178,-1.1273513863235698,-4.985924307145183,-23.201807361816364,34.022260423650344,12.402867255186038,-7.409665664651747,3.4162735135356663,-20.869225857459632,13.046593008401492,-34.64163834995592,-25.883011216884483,-15.68492244142729,-22.42058364008555,-6.129328951947386,-36.66297098649044,853.8893938004599
331.5,28.3,29.5,3.38,7.415,443.0,4.14,62.8682,0.7473,30465.0,544.0,23.7417,15.1611,35.7857,16160.0,391.6363496124131,6.993276684364113,77.789,31.907,28.226,8.037,12.555758966506351,0.9191379276851872,47.4,302484.0,8.8,57.3,33.9,63896.0,41068.0,18414.0,9.819277128486252,7.904115227830772,0.4381657992565056,0.2590222331408918,63.9,-262.6190754513195,-1.8401663989077015,-16.634580479698872,7.9840914069550735,-6.902801407724616,-283.3219123123245,-18.377868518062566,-6.385867775386818,-2.6822658596436226,3.065174631470184,-0.49156437076627696,-1.0025172497828863,-7.4227393623006845,-5.934177250113964,-0.3111315576763225,-4.038254792901378,-8.202492574726532,-4.745177444185455,-7.626485949888203,1.592008436961722,-8.0907085269286,-6.185265169860792,1.447634970732033,-7.483406769400465,-47.22531880795335,-3.8613194815162593,-22.717565542434652,-12.07994805524126,2.272813696966819,-49.30087611678676,-4.94489860685853,3.583009187827509,-39.23040993603568,-11.156074917322663,-3.504778959676626,3.8264430086811316,853.8893938004599
210.4,28.6,28.6,2.955,7.425000000000001,436.0,4.58,142.4267,0.98,46210.0,1116.0,70.9324,18.6665,46.0431,7546.0,207.0155004031897,4.999552011468507,223.22,96.741,33.206,13.388,36.02947095994996,1.9691703020360272,44.56,503654.0,12.3,40.9,46.8,38937.0,39286.0,17168.0,21.03691766650654,16.933855628952,0.4061223048327138,0.5549318265569341,136.9,-231.7961774636308,-4.374543704874815,0.9918698163082261,10.849667649980011,-5.1615506505159034,-233.33241242373978,-13.484926977595313,-8.193140362895404,-3.442430949409799,-5.4479803106095686,-1.2775469135182576,-1.1498150510589318,-16.311084820066267,-17.89384848754234,-5.2405425267976975,13.384842282052452,-4.908841674840082,-0.19823145284007282,-4.51726411199508,-12.898399095836405,-6.698931051890049,-11.345705230720347,-0.502264985851944,-18.851341124217345,-2.6610230484666935,3.4536782551246183,-7.087759633511297,-6.22262187750388,-22.406981683261687,-2.1986425677935304,-4.371062664687634,4.697412440025561,-67.44018483641248,-2.423999441843473,-71.59333651429975,-63.19911025220839,853.8893938004599
354.1,28.0,26.9,2.185,7.359999999999999,305.5,7.57,78.86,1.51,42101.0,1310.02,57.39,30.39,103.24,45409.14,239.6050310170167,7.455580217403678,175.70999999999998,75.89,47.08,23.13,11.640145980325425,1.1288686636714582,52.2,686334.0,16.06716086336319,29.95130135865117,53.98150854710848,36106.0,32559.0,16815.0,12.881572327495135,5.887189901806822,0.6001059414337037,0.2742822855197458,94.45,-259.8358953642721,-9.89005455752215,-15.069258065096404,10.3023395890339,-13.971877389034882,-361.01840390859485,-15.33849345339773,-18.464999923625353,-10.828809669446203,-2.154468536873647,0.11942709856045115,-1.4401544669146353,-2.517041631738342,-19.62932739029019,-0.8753953984628104,-7.662545329676941,-4.147826769963541,-4.12902830210824,-1.7505963048152626,-2.2186668921386192,-4.99271177704446,-5.91742323552569,-9.365273465433472,8.212736811932801,20.674931858293714,0.6584895223627493,20.69549401228626,-1.162618119868759,-38.31724562657376,-0.3461476856221723,-24.024193891398607,-26.148612139299516,-1.2064140691949765,-3.91273027757804,-1.495315082669258,-16.094372805419063,853.8893938004599
4.0,2.7,5.1,15.275,8.79,769.0,7.105,69.61883,3.1667,31295.0,362.9812608948286,7.9764,10.4369,90.661662,22830.6,431.0012394986916,4.999053310767506,72.61,11.98,17.16,25.54,29.247120158096035,0.4441104259190304,62.5,205105.4262142192,6.613355601948504,25.327743910925538,68.05890048712597,63992.0,36649.66,25491.99,8.611711314748359,6.341558665661586,2.4926882667224866,0.4481821796071095,70.9,14.161879866023847,-16.045440123146403,-333.8284319748109,-36.88648507482061,55.26720197669542,-214.53080650980277,-6.606452524444708,-12.830598255234472,-3.410427244227994,-1.7634017135482238,-7.568621772527699,-1.256151024202504,-7.271628733668472,-4.229193173448244,-2.2383582871655583,-16.46724482198246,-14.16241007094582,0.1730222711463784,-1.7595749103402092,-8.616662941096978,-20.411999874310563,-31.848544639122377,-1.56315697724311,47.91882772941142,-35.87285014271736,7.378854795343545,22.525181721051535,27.256259360313408,6.208454469324401,-10.503997501631583,11.51465407655884,-16.187530448238068,5.620270096169164,-14.091711982954289,-17.134345281024782,-1.7576311422636195,853.8893938004599
7.0,2.8,8.8,14.115,8.465,971.0,3.57,102.81,1.7645,47925.0,843.0,43.5255,20.1416,83.8778,77459.0,294.8686396357596,5.186734756660309,162.53,65.61,36.45,18.38,34.437046921982514,1.6325084864460302,44.34,791032.0,14.2,49.0,36.8,60352.0,33354.0,19580.0,15.09150601532647,12.226414519989854,1.982933986704912,0.251596591393268,73.72,126.70812983822077,-48.79675547053418,-665.2103055572945,-34.20340671655413,7.045075780795891,68.76986573328885,-27.22133930454341,4.016498872836408,-3.49798876946169,-14.169357925321284,4.159662951827042,2.4423855967323007,-2.716717724030223,-14.208143002257366,-8.20749685853719,29.426221447984386,-7.240088552301745,0.3316951616605219,-4.30703084405512,1.344527078246088,-12.998516074912635,-0.6149117092043189,32.56097741395234,-22.526863973525668,70.28465592440838,-1.2497978896430244,-38.11736694036671,7.307369867172099,11.51501784809865,-18.699254757588132,13.031143000821261,-18.369976806640626,-84.41401681246238,46.62900865222017,1.3762928590085413,14.41816923259448,853.8893938004599
7.0,3.3,7.2,8.66,8.535,926.0,1.79,69.4828,1.3569,21994.0,591.6353864032538,9.1363,9.5518,7.95815,16641.32,381.11245884595394,10.251869457689375,57.71,25.24,23.82,2.36,23.245438704361963,0.4724934230642314,61.4,189959.29356481816,5.960707881876988,46.25281304491967,47.78647907320334,66835.0,38481.79,24326.61,8.747788017238738,6.746846249557248,4.849428335338578,0.4633533676333021,73.3,40.12462303767601,-12.266983008186022,-460.41349919420986,12.702524752995615,6.3877899408371475,43.81340342047624,-5.133836358624211,-4.3171793084343175,2.5376656219518394,-4.225382225671781,-9.399725339803835,-10.79775245373448,-7.7555089283734615,8.16579429132554,-11.118724536659805,-1.476097163582856,-8.293457618805894,-8.714294247825928,-14.712696506772225,-7.474559537529326,1.9338809550863967,-26.792145913153277,-7.237642166183022,16.87665599013989,-80.61707709086438,5.344960912466057,-17.71485848865472,8.233094461361576,31.541199235996853,-61.04835104814422,16.675142943002285,-56.566505398750316,-35.04006157483284,-118.77199229672242,-71.73963530593552,4.891115141014244,853.8893938004599
16.0,3.3,7.2,9.945,8.370000000000001,809.0,4.39,79.7603,1.3218,37783.0,436.0,32.0201,11.986,58.2589,19506.0,317.1284444481749,3.659529465087586,119.14099999999998,45.663,16.368,14.3018,22.549304697785008,0.6391463480032891,44.35,477241.0,11.4,37.1,51.5,71561.0,34380.0,21443.0,14.98400185022494,14.347792906389309,1.8324918038196647,0.2479057292855512,67.5,2.8608262472351265,-10.831325498918702,-285.65140967509404,5.944156220549103,-6.231849672188983,-288.69832309506523,-20.849998024875916,-12.869892152442304,-0.1667031039297567,4.638191687921065,-6.6253014832735175,-3.8436954051256316,1.7546576478083995,-9.989985985982555,5.411740164669844,7.645178153614203,-14.317931291063616,-7.200805162787439,-5.61734423605105,-8.370137264008326,-12.706058113177626,-14.445727302534515,-13.598638815674931,-21.42441736668347,14.230814526031422,-6.233270667465412,0.2651331639848709,-2.4468725681304755,27.677057805399716,2.9373318385953744,2.7616545750697483,-24.67294930845809,-127.8025677057666,-22.303520254492767,15.659390211105354,2.394743139433375,853.8893938004599
38.0,2.8,6.0,15.07,8.33,466.5,1.56,65.48,1.159547297297297,35404.0,628.0,32.7396,23.8933,28.3358,18135.0,353.61566120655215,6.272473032361166,100.12,42.91,32.89,6.89,21.692116085648387,0.4183057432432432,45.82,494396.0,16.2,34.7,49.1,52830.0,29483.6,14569.4,30.782770270270262,13.408445945945948,0.4610408828493061,0.2022597972972973,44.72,-76.61788189594947,-22.40622149039992,-251.60576109828426,-43.04500763633599,-9.177427701239164,-288.70252186463534,5.772524017691602,-1.3556356319723015,-3.657420352635295,4.534708410964035,-1.3492828684765854,-9.864618335111698,-3.917824341598901,-12.135170318484308,-9.638557646631572,8.09866374576465,-7.204073048681028,-5.597939646613471,-2.2774112703216587,-17.91297218877202,-2.0780759839465213,-9.784267984374111,-17.701401218610506,-8.599501424847793,7.2075490953773285,10.353604227652147,11.496180309833333,-9.350655461885035,-3.1887658957143645,14.788041104680547,-21.480022776474566,-34.49486420522133,-60.64870513690014,-9.617505824659018,1.3989474195676497,29.536773883737634,853.8893938004599
16.0,3.1,7.2,16.945,8.54,1064.5,4.44,113.44,6.47,113005.25,3048.97,56.37,31.11,123.25,170899.0,632.6927383685123,17.070544762331334,178.61,74.6,52.48,33.02,11.832260392384752,1.0136065476243834,41.19,962714.0,23.22925734100645,37.059541398199215,39.71120126079434,40450.0,30441.0,14677.0,7.420621787035737,5.286083690348805,0.6079000575173069,0.2002013844757149,68.94,49.11349509835242,-21.793241212892653,-915.6804667791848,-79.87049903597682,10.051718278868739,175.5812819936592,-13.770855562274022,-3.8538066250955065,24.93831793504766,-40.16397248626686,20.80756559922049,-0.012585138004906682,-23.758215205731492,-33.06623284951786,26.207123618992043,-76.56720776791995,13.22230713029083,-3.8736130055785467,6.076290814621959,-22.211615347613886,-6.5364494206259804,3.8316530431620968,-0.8141541788851002,-59.68145663518459,74.87904753386977,26.376302968549215,8.498546242012317,-28.30505556924267,-15.87903250763813,59.13759061141871,-45.051414885030454,13.581264296614885,96.86156604730833,-6.268593324373178,30.377022347074632,25.0979371477291,853.8893938004599
16.0,3.1,7.2,14.875,8.575,875.5,4.67,113.44,6.47,113005.25,3048.97,56.37,31.11,123.25,170899.0,632.6927383685123,17.070544762331334,178.61,74.6,52.48,33.02,11.832260392384752,1.0136065476243834,41.19,962714.0,23.22925734100645,37.059541398199215,39.71120126079434,40450.0,30441.0,14677.0,7.420621787035737,5.286083690348805,0.6079000575173069,0.2002013844757149,68.94,8.890774123171958,-16.54141582611637,-309.4100607063994,-60.866903293809536,-2.8735503166355243,-319.20972232370326,-27.309087091883026,3.2101239352052375,-2.4040296259118836,-20.719043162545816,3.0166301662040147,-7.065787795788302,-6.860691907399641,-6.781882034658142,-0.3593577878580622,-18.27021288392133,-17.867644648843775,-4.595385149617985,0.6890552128789343,-12.5865162935822,-18.970648836977787,1.970258907011407,-0.9266998363317427,-37.766655341386794,83.1465850335794,10.658869630576422,-6.982140562602634,-33.878351678457115,-53.89253538567575,61.08809193174044,-55.14340591106563,4.340075491297385,31.617178686990712,-29.9425576802343,15.557021962522212,14.084807049011175,853.8893938004599
21.0,3.6,7.6,14.59,8.475000000000001,1205.5,5.13,97.05,1.21,106381.0,2590.42,55.63,35.38,100.73,137331.0,610.4028000918064,14.863552903373884,174.27999999999997,73.07,53.35,21.39,11.545413701275482,1.3286396630675812,42.31,858592.0,16.673582357043852,41.11565010222189,42.21076754073426,42877.0,31410.0,15449.0,10.182451797210655,6.929020407132105,0.954641587443107,0.2674869382660009,92.11,47.79768659571807,2.5843746164347823,-499.51419435260186,-68.59778579383158,5.855642005031307,42.27176865074163,-17.994465424011768,9.31967141473356,-10.484721779320394,-33.11798699165695,3.1736504507747796,-4.16803698748661,-30.39444514277702,-7.053537881554424,3.285052528573818,-47.06315041132581,8.12498807678931,-5.671953020393842,0.9655030632857079,-23.189338509996134,-25.75824689659601,-3.7790476974006855,-2.0221500468129894,-26.596993160105004,54.44813104946787,29.456956182246415,-22.068975081785265,4.5363212054626425,-43.396480921898046,23.681462921059396,-27.615900957311187,-32.413664193181326,-21.06561058438693,1.1631036778974078,1.6638704045582517,-51.86495788643759,853.8893938004599
22.0,3.1,6.3,11.835,8.155000000000001,1170.5,6.35,62.8682,0.7473,30465.0,544.0,23.7417,15.1611,35.7857,16160.0,391.6363496124131,6.993276684364113,77.789,31.907,28.226,8.037,12.555758966506351,0.9191379276851872,47.4,302484.0,8.8,57.3,33.9,63896.0,41068.0,18414.0,9.819277128486252,7.904115227830772,0.4381657992565056,0.2590222331408918,63.9,31.25243382578094,-20.265730962014448,-430.701352628811,10.009738237541182,-114.8971458531668,49.96026000328673,-5.624804095545179,-7.504341955995188,-2.398483321194844,-6.322083621543516,-5.857408115242908,-4.2488690562949865,2.231605328936127,7.5750300887941,-2.82535464379626,-4.616477165982763,-11.387700122833877,-1.2517920809549647,-8.29739882629675,-1.4301733391980325,7.711558315902966,-6.952831535569072,-1.1756122522366586,-8.808831222467116,-35.579444075499985,12.068572007967157,-56.17015038244426,-17.183567092511794,-4.579935626418641,-35.44096803768228,-5.425529910487431,-8.15221105720227,-55.019882872340595,-1.5665700795128987,-3.615298822131013,12.12571780344471,853.8893938004599
17.0,3.9,7.0,11.115,8.27,1203.5,8.735,142.4267,0.98,46210.0,1116.0,70.9324,18.6665,46.0431,7546.0,207.0155004031897,4.999552011468507,223.22,96.741,33.206,13.388,36.02947095994996,1.9691703020360272,44.56,503654.0,12.3,40.9,46.8,38937.0,39286.0,17168.0,21.03691766650654,16.933855628952,0.4061223048327138,0.5549318265569341,136.9,42.872570544456444,9.911220377578077,-406.08241794834527,8.21710031530509,-3.410459243040535,40.423533117842545,-4.097741887128605,-2.090671650602806,-1.4614900791769145,-9.350230118914821,0.30227815513810086,2.773842506986121,-3.5724091035127663,-8.813440888185692,-3.4425834462853815,9.258160373341916,-5.544433792876074,0.6599637021683128,1.8629297423642182,-7.627003453625373,-3.4033545493086073,-37.54075629116968,19.193880044541633,-25.832099944464876,-3.320261684184281,-3.818023752703643,-9.158510853437086,-8.341205435451128,-55.990554488909744,-47.94246976869183,-13.403867681051294,47.3688265651837,-130.80477493996423,22.08403912976695,-47.98371370090791,-87.13395752085061,853.8893938004599
21.0,3.3,6.8,14.385000000000002,8.370000000000001,1125.5,5.43,78.86,1.51,42101.0,1310.02,57.39,30.39,103.24,45409.14,239.6050310170167,7.455580217403678,175.70999999999998,75.89,47.08,23.13,11.640145980325425,1.1288686636714582,52.2,686334.0,16.06716086336319,29.95130135865117,53.98150854710848,36106.0,32559.0,16815.0,12.881572327495135,5.887189901806822,0.6001059414337037,0.2742822855197458,94.45,58.3805943327149,-9.219712928986807,-664.8560583175844,-52.41763733989868,-1.2069264396217967,147.97578297597977,0.32143100603483354,1.6097345719424514,-28.573678201700872,-7.665098385338994,-8.49557631862039,-3.8212243131796506,-28.617804946104695,-26.925816099805143,-21.119402571472648,17.936099715521536,-11.137150849572691,-2.4040278464555853,-4.321287785985812,-9.890809619426719,-22.314916621421773,-9.747421314120281,-3.3943777551998813,-11.168456387820987,81.39850310434898,20.539135208580003,30.639117091515427,22.81388305420676,-37.754400405790655,23.047600378915664,-32.40692578712479,-62.861446546477566,-9.289077373690283,27.29440474763513,-10.635952597574018,-116.56168250489979,853.8893938004599
32.0,18.8,19.7,14.185,8.67,1092.5,2.51,69.61883,3.1667,31295.0,362.9812608948286,7.9764,10.4369,90.661662,22830.6,431.0012394986916,4.999053310767506,72.61,11.98,17.16,25.54,29.247120158096035,0.4441104259190304,62.5,205105.4262142192,6.613355601948504,25.327743910925538,68.05890048712597,63992.0,36649.66,25491.99,8.611711314748359,6.341558665661586,2.4926882667224866,0.4481821796071095,70.9,432.9416893064976,-39.389711192858776,748.3272648941478,-73.62143577123682,160.8837594682972,951.8956336570997,103.36500303745267,-14.536356020125885,-3.927621914545668,96.30126449346544,-106.23421112795666,-38.02937961462888,150.49060569187012,-8.553384820421556,2.538452681302985,67.95004348357523,23.54146362265256,40.16689626276805,-26.512062969701407,92.1954812811005,275.9440030648372,192.51755949208516,-86.48005240585655,549.1165438466272,-174.01481854975842,184.28811573296784,251.09111773360527,73.28555474458568,659.5329831822527,31.026595859130254,268.6836671662889,45.634159119725204,382.0526193992296,-176.22861941476663,-53.67122790813437,353.96772162546716,853.8893938004599
18.0,18.6,19.7,12.53,8.29,1063.0,2.45,102.81,1.7645,47925.0,843.0,43.5255,20.1416,83.8778,77459.0,294.8686396357596,5.186734756660309,162.53,65.61,36.45,18.38,34.437046921982514,1.6325084864460302,44.34,791032.0,14.2,49.0,36.8,60352.0,33354.0,19580.0,15.09150601532647,12.226414519989854,1.982933986704912,0.251596591393268,73.72,710.3601285837591,227.7533845945759,1521.8482796809888,90.58852163515978,95.32418056254893,821.8678096055673,234.53542500240417,-0.7346439651306108,-7.326198469580556,5.559785426954524,5.239400832702671,51.0489565550288,27.10613669410348,-9.345718064202677,-10.055384681491754,243.68642552366796,41.661279213906596,37.37776123555994,46.01719952351107,85.32602547819731,72.33907417479595,136.59519617885346,191.62740176632383,-17.244991576395336,472.10015613722,159.7356170614498,147.50586909616982,56.63664204044884,195.6921600340368,243.54083155836906,75.55070520327114,61.61484823321309,-146.91353215473396,338.7455907170972,110.0255944380599,80.72068832313018,853.8893938004599
15.0,19.1,13.5,11.465,8.405000000000001,1105.5,1.17,69.4828,1.3569,21994.0,591.6353864032538,9.1363,9.5518,7.95815,16641.32,381.11245884595394,10.251869457689375,57.71,25.24,23.82,2.36,23.245438704361963,0.4724934230642314,61.4,189959.29356481816,5.960707881876988,46.25281304491967,47.78647907320334,66835.0,38481.79,24326.61,8.747788017238738,6.746846249557248,4.849428335338578,0.4633533676333021,73.3,35.230298607408386,-13.173610584611707,-341.03121077254417,15.38265392771613,8.894609982247152,90.07609251273796,13.416421685122577,-4.156358704228568,0.2863431229504461,1.08069687395045,-2.914685762325936,-12.35242158753177,-12.609023357651509,-2.5262696483824354,6.846157727415356,-20.837642107323443,-1.5638660888560196,-5.548852665486437,-16.043515863511708,-0.17934175812639452,6.009454602394254,-64.868011980867,-18.409396644563717,49.72659874605326,-91.71403457019477,-12.955908018071213,-10.34497693967075,-17.3218477014949,24.44778810536489,-35.98134874204796,1.5802794918293575,-40.29721801479657,-61.941605323640005,-166.0757951249213,-92.17164449889212,-11.268548032306127,853.8893938004599
13.0,19.4,16.8,12.510000000000002,8.375,1018.0,4.88,79.7603,1.3218,37783.0,436.0,32.0201,11.986,58.2589,19506.0,317.1284444481749,3.659529465087586,119.14099999999998,45.663,16.368,14.3018,22.549304697785008,0.6391463480032891,44.35,477241.0,11.4,37.1,51.5,71561.0,34380.0,21443.0,14.98400185022494,14.347792906389309,1.8324918038196647,0.2479057292855512,67.5,91.53466595801838,-20.93799554366929,-240.3906290917595,17.63172339967139,18.096678058427454,140.01839969336987,-34.24161972603449,-29.330084994733316,-16.82743022555486,-7.571781893869233,-11.050957172115659,-3.643607800602908,-20.36118159240112,-3.3167460670073816,-12.457284023013605,18.124518121645465,-32.9851699411869,-8.344160243732242,-7.501755220554775,-7.165668873852127,1.6520238898694544,-39.22945658208492,-32.408183625135585,-63.78494091081745,3.936262894316267,-20.700073440993823,-12.235259649585942,-36.39307423343261,69.96103581786157,-30.743887930767,8.510891016138098,14.360157259901362,-211.9159616928424,-22.604027923749126,25.334751209616673,21.861921655200423,853.8893938004599
4.0,19.0,15.9,11.705,8.075,541.5,1.24,65.48,1.159547297297297,35404.0,628.0,32.7396,23.8933,28.3358,18135.0,353.61566120655215,6.272473032361166,100.12,42.91,32.89,6.89,21.692116085648387,0.4183057432432432,45.82,494396.0,16.2,34.7,49.1,52830.0,29483.6,14569.4,30.782770270270262,13.408445945945948,0.4610408828493061,0.2022597972972973,44.72,9.488440495263783,-15.311202965592953,-155.19588646383332,5.099240547232333,-27.745147503108424,-462.29887150985496,-0.24519754645104422,-9.855320524973797,-7.203587597288807,1.7895116603933385,-12.691977810574079,-0.6141007085641214,-9.056088743517163,-0.3121851973856587,-5.072216038213425,6.030739560953028,-13.728974834997217,-1.5014966639845433,-2.116935612658654,-3.1064025293104556,8.032426778022186,-13.709793250110627,-6.4726163360166025,-7.715985591281218,-1.8102558826655162,8.96276131759087,24.148176724283655,0.6088810959830901,-21.481360251717266,34.31696348174474,-22.72936378697553,-26.49517532689497,-95.56923730870089,-12.946852817436051,13.329467936468612,6.768779360987248,853.8893938004599
25.0,18.4,23.9,10.975,8.545,916.0,3.14,113.44,6.47,113005.25,3048.97,56.37,31.11,123.25,170899.0,632.6927383685123,17.070544762331334,178.61,74.6,52.48,33.02,11.832260392384752,1.0136065476243834,41.19,962714.0,23.22925734100645,37.059541398199215,39.71120126079434,40450.0,30441.0,14677.0,7.420621787035737,5.286083690348805,0.6079000575173069,0.2002013844757149,68.94,515.9992217137168,103.51267273207509,860.6143075288336,174.97016705532872,250.64032350435852,1037.8627464484764,135.06994745682306,108.6570775999656,454.07128550040534,-59.34084695647787,159.2253293610519,108.69884887216615,106.10661935272014,-10.516637404747266,98.19498666674214,-106.5909611033897,290.34061353631637,-13.413212285836627,57.97044931756954,100.39731795203875,-82.50886270133147,79.44740391891449,-14.843226188837368,-305.5998744153604,369.81551204096826,-122.38785396372903,120.29083818160619,-529.6005242747005,-56.47097547153631,276.16036653115106,-168.7142090441753,230.84993303690104,475.1973005146906,118.19231888281804,309.0138995717901,159.8393183572342,853.8893938004599
25.0,18.4,22.0,13.445,8.2,893.0,1.65,113.44,6.47,113005.25,3048.97,56.37,31.11,123.25,170899.0,632.6927383685123,17.070544762331334,178.61,74.6,52.48,33.02,11.832260392384752,1.0136065476243834,41.19,962714.0,23.22925734100645,37.059541398199215,39.71120126079434,40450.0,30441.0,14677.0,7.420621787035737,5.286083690348805,0.6079000575173069,0.2002013844757149,68.94,37.47860361258188,16.354183718329285,194.03432794794443,-37.77669774663945,-188.81390963599085,-898.0681547185405,16.34729014991471,9.83389076600472,20.554764099518444,-54.68748811165181,33.79528400226183,33.59341812784473,-10.54208832457351,-25.774842732132708,35.00830416420164,-89.39660535752462,8.818957803792623,1.1179920759548565,11.846645913397259,-9.459291615560643,-20.02228638915967,21.49924448603142,12.45193128072655,-44.89137285429365,83.2611078814293,27.870107634514582,-27.74316224960923,-65.60434180621986,-12.130482342621912,153.041411375242,-21.06178394369161,-3.6518604441452687,14.330865237312386,-3.0309084971838574,16.95585064279846,14.31906227877054,853.8893938004599
46.0,19.0,21.9,15.05,8.455,1037.0,1.12,97.05,1.21,106381.0,2590.42,55.63,35.38,100.73,137331.0,610.4028000918064,14.863552903373884,174.27999999999997,73.07,53.35,21.39,11.545413701275482,1.3286396630675812,42.31,858592.0,16.673582357043852,41.11565010222189,42.21076754073426,42877.0,31410.0,15449.0,10.182451797210655,6.929020407132105,0.954641587443107,0.2674869382660009,92.11,-120.25589074263972,-24.205642384638367,176.53055940423474,-137.68377606563269,7.195043647677295,156.90777294982226,-8.258524157001327,-12.686860502455398,-28.449393683671943,-48.13970132779021,-2.1555488177264643,11.078554561243706,-39.24557623276488,12.000433279549101,-43.020926861073825,-69.83529691791784,-0.6872983252877963,-4.972097774098326,0.34981409549402304,-41.582827270229664,-6.092810772998855,-1.1703382959403115,18.87584786184131,-54.26475257505973,223.83996967569928,11.481513337219747,-20.326819100293008,-58.44891590841115,-146.32421052119386,88.15494922130989,-105.62316813820352,-76.50756971051918,-65.8980722732842,17.17640011850744,8.206792351404838,-198.69019830891241,853.8893938004599
19.0,18.6,18.8,7.435,7.835,1145.5,6.32,62.8682,0.7473,30465.0,544.0,23.7417,15.1611,35.7857,16160.0,391.6363496124131,6.993276684364113,77.789,31.907,28.226,8.037,12.555758966506351,0.9191379276851872,47.4,302484.0,8.8,57.3,33.9,63896.0,41068.0,18414.0,9.819277128486252,7.904115227830772,0.4381657992565056,0.2590222331408918,63.9,135.15181263923645,60.9292319859347,436.30228570583273,38.45312557680534,-69.30402519450523,381.0218073010879,-29.58091918083528,-8.252642953883216,-25.133376901568827,9.713918491449832,-10.659830073316925,-12.224468977187447,3.625479322926433,-1.6093029947237671,-0.23159850115578706,19.604539847460867,-23.96934113532926,-10.899888035717112,-17.148338517559093,-7.192349026817841,11.774216719670212,-14.488007310225314,-22.365892811610035,-32.84612773670505,-121.23273296460508,-59.948793960092566,-62.192446105371545,-12.711114270860952,20.566506803041932,-115.58261347094553,-24.022518303661315,-40.96002767005313,-70.65808931910432,-4.848883315244076,9.686526239272169,27.693849532275177,853.8893938004599
16.0,19.0,18.6,9.615,7.95,1228.5,3.71,142.4267,0.98,46210.0,1116.0,70.9324,18.6665,46.0431,7546.0,207.0155004031897,4.999552011468507,223.22,96.741,33.206,13.388,36.02947095994996,1.9691703020360272,44.56,503654.0,12.3,40.9,46.8,38937.0,39286.0,17168.0,21.03691766650654,16.933855628952,0.4061223048327138,0.5549318265569341,136.9,109.82173666169247,-50.0227432676001,360.11962654603025,93.4220275360625,20.11076977138718,176.75541586965323,-24.849554464609056,-1.0730546844874784,-19.114296852846937,-60.33091258677345,-9.038042375650269,-21.351249326976625,8.879139946134131,-35.433973770281284,-6.432562730877341,44.061202777170884,-5.680095383388306,3.818710563220075,-38.56945298199543,-41.811079028832424,0.9906706295441836,16.570656625740217,-4.27919240025803,-57.018157113790515,13.369138622976235,-5.686545069419495,-6.537607032364846,23.163609360593068,-78.84501581390698,-63.20455639927959,-42.08121130337319,123.2665231991466,-194.55446242809296,38.97412610093132,-108.69712068673535,-41.30785596154629,853.8893938004599
32.0,18.3,21.0,14.54,8.29,901.0,4.82,78.86,1.51,42101.0,1310.02,57.39,30.39,103.24,45409.14,239.6050310170167,7.455580217403678,175.70999999999998,75.89,47.08,23.13,11.640145980325425,1.1288686636714582,52.2,686334.0,16.06716086336319,29.95130135865117,53.98150854710848,36106.0,32559.0,16815.0,12.881572327495135,5.887189901806822,0.6001059414337037,0.2742822855197458,94.45,39.71353808671236,-8.797538640964788,184.25141470807293,-58.675167001541716,-37.19003767529503,-429.3822710249915,-29.945864496339727,3.6218304618168538,-10.161254526833064,-0.9627828549531591,5.6841196848452045,-1.830305932800594,-21.3220972185582,-15.060969967246052,-8.659869742073761,-3.2653348626413816,-6.8773265330990085,-10.290786803662796,6.272592566025774,-16.053391590882097,-6.555657352680984,-10.851930050775408,-12.399337783399977,-17.386998460472856,106.82098289062583,12.914432200395169,63.227108665642625,10.680987383198618,-79.51965713720767,40.2751098904293,-41.32285522828498,-104.82263106267898,5.686319480488717,-40.17021110023683,5.854059059874456,-183.41892286612338,853.8893938004599
406.5,28.1,31.4,10.41,8.215,628.5,1.83,1.2429,0.0576,178.0,2.865339918651946,0.0803,0.0452,0.0112959999999999,74.0,635.7142857142857,10.233356852328376,0.28,0.14,0.08,0.0,0.1127832756406402,0.0717922868966855,97.4,2310.438051510152,0.0183640280367156,11.209851980137037,88.77178399182625,126700.0,55075.29,33831.22,30.733895233898767,1.0251391827949203,4.746573554900874,1.0265837231057064,162.4,-268.6765261372055,-4.376712400031589,-40.82742924015969,2.9430292858276546,-39.934390708437824,-301.364421718164,3.083067444808161,3.5801053852215468,-12.904751431172096,29.363276750743385,-19.063372659292078,-6.9733902854782785,12.173865862389407,-1.3728801284854655,8.804516599606714,-50.47884264061227,9.351641849819577,-0.7919621974602317,-5.830731782034664,7.585168448779726,1.2356717822141912,2.4755443197054183,2.6586149934741288,57.64446752127259,-126.3579189767223,-54.94928156066686,53.17716354141633,12.517402785069608,162.61538046884664,-124.74256413325668,38.93366026174277,-70.61227232312163,97.45463659388946,-35.803301052913696,-113.63726067451138,-3.5916982314984005,853.8893938004599
180.9,27.2,28.5,8.655000000000001,7.98,661.0,3.54,66.2474,1.0595,34376.0,483.0,28.7012,25.1718,28.6734,5797.0,379.3590535887702,5.33018451487596,90.616,40.315,35.368,6.809466666666666,17.150500621066524,0.5104117114683594,57.69,245093.0,4.046117032847509,70.70339991554594,25.250483051606547,87265.0,36610.0,23148.0,20.47279770573432,11.45791031431516,5.074354330870425,0.2603928326866012,70.9,-260.59312766393026,-12.105043821446579,-1.9598265918095954,1.8547035599375714,-20.14388450442503,-250.2029692109271,-1.9681552724850604,-7.3919856975258575,-3.911981397072477,1.9917060303812268,-5.967167686323324,-2.5431479841222493,-4.101494448582321,11.560166703586768,-4.197929296974713,-5.745444329849753,-5.181873214977475,-5.703253163412845,-3.189394266872366,-2.5519464204584534,-3.9620785409119015,-3.9891884329884015,-8.9558852252985,-4.028906089589004,-35.2317707843768,-15.330226600775504,-60.20604656195578,7.4293621426945045,25.84812961878876,3.401664599577586,1.974739837745826,-44.38966421484951,-58.84902026334777,-37.26171825597374,2.111244018711143,1.2031052922209018,853.8893938004599
172.8,27.3,27.8,8.74,7.960000000000001,475.5,4.51,46.39,1.9696,37903.0,493.0,18.997,12.4084,46.2737,14888.0,438.5652299681805,5.704367949088805,86.425,31.048,20.027,9.119,23.6873667742644,0.5198347645921357,40.86,412043.0,11.40105756416319,43.837324276686296,44.76161815915051,46146.0,36086.43,16572.17,12.426995927713286,10.42342201495799,1.8765437977532649,0.2308378149566619,50.36,-208.55919305036466,-6.706961132225878,-46.5842919960618,-7.332075223053497,-17.381656782769912,-261.8165991758617,-11.12489999456952,-2.0008123606163952,-0.5290393058396788,1.7942449920624561,-9.414921353732554,-3.9722467772942096,-16.624105141395706,-6.159449090774479,-2.8529518832359346,-13.333000772303583,-8.258362078573553,-2.580903805540887,-5.734925521857417,-7.023139689766505,-3.6469957064030027,-16.675506827443233,-7.996756034120921,-35.259310193682715,-18.03629688545131,11.20376229936877,-23.807458690820898,-13.647811729609955,-31.82835536271955,-1.0784107965044676,-14.326469054048262,-27.85046455791841,-42.377529796933125,-32.62100469726139,12.261578143425275,40.9701238805335,853.8893938004599
289.5,27.4,30.5,9.735,8.254999999999999,484.0,5.28,6.34,0.062,5772.0,77.0,1.413,0.9294,11.2908,1379.0,654.421768707483,8.73015873015873,8.82,2.541,2.176,2.684,2.417385883124235,0.1122410186812435,81.11,43475.0,1.100962322622737,39.02707551786005,59.87196215951721,72144.0,42390.12,23847.44,16.617634982053918,2.250591120086632,1.7613416385502103,0.1556184237048982,33.95,-309.56996490335086,-11.163171699978435,-66.5040568636482,7.57407074197818,-11.982808348232268,-369.9926143133641,-14.316284947019687,1.4480406578723475,-14.260491822442665,4.549805197454994,-2.285670196292912,-1.9786980712538007,5.917914111232396,-5.774727788791064,-5.348606026340273,-43.31354123674331,-1.208153979321937,-4.4354102722617474,-6.5154703759867845,3.846671423390515,-6.853860333850624,-6.596505629923196,-22.728937307028108,29.516921382863064,-75.32886157221782,-44.194543131130445,9.91700692885866,15.970114941690113,-4.519631863435115,-102.5853595001406,12.422957863674183,-22.779503644341617,69.58965395187028,-12.449551888542878,30.05202331784493,122.03914701152594,853.8893938004599
324.2,27.7,27.9,6.74,7.495,355.5,4.52,65.48,1.159547297297297,35404.0,628.0,32.7396,23.8933,28.3358,18135.0,353.61566120655215,6.272473032361166,100.12,42.91,32.89,6.89,21.692116085648387,0.4183057432432432,45.82,494396.0,16.2,34.7,49.1,52830.0,29483.6,14569.4,30.782770270270262,13.408445945945948,0.4610408828493061,0.2022597972972973,44.72,-247.99940276294637,-11.214309378763053,18.60918460885063,3.0390447215456535,-24.557169773811477,-411.181500325178,-14.771226306830854,-12.545608496563524,-9.29472667705268,-1.6124202583730112,-9.520555092617863,-0.6788676137104623,-5.27853059068943,-4.554742507676907,-5.244455404145036,4.33319174396495,-10.772530368246755,-2.268992771518727,-8.339971978981056,-4.741729660518469,-3.4335587348199144,-16.91640628142593,-15.326544514584045,-6.42440313781301,4.4863547452104635,7.430302073247748,14.528824446927764,0.5683492922410368,-16.091686449976017,24.452142396622037,-8.261868675832336,32.866282164814564,-122.13147465004586,-6.013506347068297,1.716834776277344,23.204650154188286,853.8893938004599
324.2,27.7,29.0,11.84,8.535,603.0,4.31,65.48,1.159547297297297,35404.0,628.0,32.7396,23.8933,28.3358,18135.0,353.61566120655215,6.272473032361166,100.12,42.91,32.89,6.89,21.692116085648387,0.4183057432432432,45.82,494396.0,16.2,34.7,49.1,52830.0,29483.6,14569.4,30.782770270270262,13.408445945945948,0.4610408828493061,0.2022597972972973,44.72,-349.4857289885047,-19.858745977878577,23.180106431764244,10.074262790909646,0.6914979125683484,-363.2695215331608,-4.8006801471486575,-5.516039028046632,-4.894654554675015,-1.8445002428100656,-10.746869778710739,-5.559297591267785,-5.931764351706953,2.2779237105573205,-22.224328720048078,2.6466152548541557,-17.15396585055316,-2.7247078175966926,1.291830821431552,-3.309274287497001,-6.150247928317012,-1.4103062754062303,-12.305091916791483,-14.19714729145168,-0.35507800771545056,1.9056396595885385,19.062596470431117,-6.28198768544942,-11.50574328958057,45.94818052154964,-4.9360373340361114,0.30410828646271487,-128.17513553569717,-6.2314538366844365,5.685603268438328,53.83956896969738,853.8893938004599
421.2,27.7,25.8,3.15,7.335,332.5,6.25,113.44,6.47,113005.25,3048.97,56.37,31.11,123.25,170899.0,632.6927383685123,17.070544762331334,178.61,74.6,52.48,33.02,11.832260392384752,1.0136065476243834,41.19,962714.0,23.22925734100645,37.059541398199215,39.71120126079434,40450.0,30441.0,14677.0,7.420621787035737,5.286083690348805,0.6079000575173069,0.2002013844757149,68.94,-328.69447107794383,-11.654297159227236,130.34975899656612,18.336698110364384,-4.614755948716785,-503.2645549143013,-8.073636455433437,1.9650938088198446,36.84001530713091,-29.838552073240294,-3.6384911484736957,3.524702397119247,-12.630822307725145,-1.0907727259118072,-22.581606762278827,-31.877308720629657,0.5209380410953225,-0.5692521727085028,0.8596791784713629,-11.428297315314419,-3.6975493436244595,-12.191551942940185,-0.556855991845946,-63.58521184533836,47.73284483099358,11.118677059399579,7.644857950229181,-14.985847335370877,-8.428500124091913,45.63341491092307,-38.96203918693587,-10.47424838382439,35.14572500475993,-22.762797362559166,12.555511748132602,12.385400047525764,853.8893938004599
421.2,27.7,27.4,4.69,7.699999999999999,438.0,1.68,113.44,6.47,113005.25,3048.97,56.37,31.11,123.25,170899.0,632.6927383685123,17.070544762331334,178.61,74.6,52.48,33.02,11.832260392384752,1.0136065476243834,41.19,962714.0,23.22925734100645,37.059541398199215,39.71120126079434,40450.0,30441.0,14677.0,7.420621787035737,5.286083690348805,0.6079000575173069,0.2002013844757149,68.94,-327.8771870946978,-11.569307780812188,25.728171674485,7.937970628102005,-16.712457041842864,-402.1495879032121,-17.062392157961934,4.039781172523907,0.8688084189128015,-23.57534532585805,1.9947261914548637,5.096185978256789,-7.677576424777512,-3.9364738370353876,-16.924502980622147,-25.493251377586272,26.607568714134402,0.8962460171679719,7.969932656552022,-13.718862621237841,-46.052333787794545,-5.848365398297709,1.2246401556022626,-32.174876879764106,37.11783686292048,29.711485555811482,1.52396665608508,-9.346050323151673,-23.25593503287062,28.81566074195627,-23.51298962132384,-6.436177571707713,-2.8923968479564923,-4.691499339339003,8.086385395862164,12.49411130934952,853.8893938004599
331.5,28.3,29.8,3.2350000000000003,7.47,628.5,8.35,62.8682,0.7473,30465.0,544.0,23.7417,15.1611,35.7857,16160.0,391.6363496124131,6.993276684364113,77.789,31.907,28.226,8.037,12.555758966506351,0.9191379276851872,47.4,302484.0,8.8,57.3,33.9,63896.0,41068.0,18414.0,9.819277128486252,7.904115227830772,0.4381657992565056,0.2590222331408918,63.9,-195.79359749658656,-11.445322789748502,-15.745087300756323,-2.772246497413143,-10.538915322038036,-330.4391355444491,-23.291892997135093,-3.843097682334479,-8.718948395059767,3.140388676586238,-6.713867991318305,-3.582503276302782,2.5311786163846683,-0.06450222417712108,-8.473568869990592,-27.622448100183806,-11.068846368075661,-2.3775100204628,-3.6442362551639516,4.253684009437749,-13.502428377711524,1.5304125104720399,-1.9609739465514764,-0.4265608808025707,-38.69083511703028,-4.76565473664241,-20.407945324524004,-7.783111843932427,0.7114163532201161,-7.297861993772288,-10.704104593421023,-10.321591047079618,-21.878477698986732,-27.034076484255493,-8.381545512874913,12.755535071585323,853.8893938004599
350.2,26.8,28.3,10.625,8.45,1078.5,2.18,97.153246,1.5051,22704.0,603.4405868680999,11.4219,8.4222,23.795409,18373.02,371.52675503190966,9.874661869875633,61.11,25.96,23.28,5.82,24.61494990856973,0.4775021872663257,65.5,193424.9506420834,3.786310606464182,52.02179642033601,44.19187938339238,90072.0,39502.4,26966.29,10.53622467854088,6.818367587891776,8.389512313189808,0.5234059869036483,82.8,-369.96966170264415,-11.280328845499715,-29.871985809734706,8.07497152455152,-5.432584680054949,45.14763270913313,-7.676464305265502,-10.078483710090318,-0.13918793211380898,1.9859756745770591,1.4515758713086448,-3.4748518553065764,-1.981399520654236,-12.381251745494083,-3.1633009469322864,-5.1109874638915125,-3.097412375981623,-5.854344356674711,-11.90249108659414,4.572869719179971,-10.17331878557182,-27.967454996524992,-14.31969174436293,47.27267152930299,-74.50475437895705,-18.906834991561862,-26.722906815707677,-11.02149054139853,78.6145944246215,-27.565853404638656,23.81616380228972,-49.02819600651662,-3.5956157266100255,-252.84965266341032,-43.78650861184735,-17.909752496971443,853.8893938004599
3.0,3.8,7.9,14.545,8.375,982.5,8.57,1.2429,0.0576,178.0,2.865339918651946,0.0803,0.0452,0.0112959999999999,74.0,635.7142857142857,10.233356852328376,0.28,0.14,0.08,0.0,0.1127832756406402,0.0717922868966855,97.4,2310.438051510152,0.0183640280367156,11.209851980137037,88.77178399182625,126700.0,55075.29,33831.22,30.733895233898767,1.0251391827949203,4.746573554900874,1.0265837231057064,162.4,28.259723655621823,-17.147807590135688,-700.7793944194758,-37.21726278907309,-1.032651279959823,106.2760294995674,-0.44502376579990016,26.564417669568215,-18.025087646106257,78.13049628030508,-31.18444879184167,-19.914879984855663,39.93882639820376,20.635508149924366,-13.061551005287726,-88.04410176754307,26.496590658140672,-6.793620983824752,-28.860204783206186,40.86747070467409,9.811653924662004,55.593456647514074,-51.793962156207606,46.79763192805152,-74.34464953285021,-33.17054075930266,78.3277188536028,13.010082634892312,238.04703617015855,-153.98316618562362,72.4367793938021,-34.81497683094194,122.06192608223607,-56.49629290432049,-119.0772903684775,-92.47049370147288,853.8893938004599
14.0,2.8,3.3,13.29,8.49,1280.0,4.44,66.2474,1.0595,34376.0,483.0,28.7012,25.1718,28.6734,5797.0,379.3590535887702,5.33018451487596,90.616,40.315,35.368,6.809466666666666,17.150500621066524,0.5104117114683594,57.69,245093.0,4.046117032847509,70.70339991554594,25.250483051606547,87265.0,36610.0,23148.0,20.47279770573432,11.45791031431516,5.074354330870425,0.2603928326866012,70.9,24.280451733699696,-6.365600070515664,-486.4537433758378,-27.8323600369754,-3.7315591376709385,38.45587686059375,-25.778491033564023,-1.6951884588164656,-2.7545256707568773,3.9968724926561183,-12.342451236148683,-10.168419930171211,-20.848429810150215,25.25168717276927,-11.222726837769168,12.648045788553228,-29.045809752031545,-4.522592153847214,-4.487219261924422,-12.453878780798997,2.1971824458645095,-0.3702156565773122,-16.35326020249167,5.653778314903993,-43.435175258163376,-26.09480318259448,-72.82694112041344,-1.1702277842412485,76.83838411333039,-25.80524431275204,3.909800574714307,-16.19173707700644,-76.74632300720862,-27.365482563202587,9.266714535206566,1.0948721757531221,853.8893938004599
15.0,4.4,4.9,16.145,8.555,1004.5,5.68,46.39,1.9696,37903.0,493.0,18.997,12.4084,46.2737,14888.0,438.5652299681805,5.704367949088805,86.425,31.048,20.027,9.119,23.6873667742644,0.5198347645921357,40.86,412043.0,11.40105756416319,43.837324276686296,44.76161815915051,46146.0,36086.43,16572.17,12.426995927713286,10.42342201495799,1.8765437977532649,0.2308378149566619,50.36,29.797520902777702,2.0209591751824982,-529.1397249257193,-72.0304890299992,-1.5985519073344758,98.82200189827012,-5.896445530367385,-4.537562021793167,-7.286816716243834,-1.2206426909534862,-4.879763942162194,-8.359198339305195,-2.54475624165498,10.373010629238557,-3.2907793125479237,-17.798892384171488,-23.264967935718598,-2.723781262449929,-2.052091218360392,4.2284303678696356,1.4405417231718562,-25.734216550200557,-14.624830031764388,-41.96903431369611,-15.387094396250331,10.83702317886054,-9.45724207190175,0.5296051537990513,-71.18991382698219,-23.293867420963938,-25.134443863146014,-2.9806815342108366,-77.64451642838617,-22.321408718427026,8.48120036744514,20.03659748489658,853.8893938004599
25.0,4.3,3.7,5.975,8.434999999999999,536.0,1.08,6.34,0.062,5772.0,77.0,1.413,0.9294,11.2908,1379.0,654.421768707483,8.73015873015873,8.82,2.541,2.176,2.684,2.417385883124235,0.1122410186812435,81.11,43475.0,1.100962322622737,39.02707551786005,59.87196215951721,72144.0,42390.12,23847.44,16.617634982053918,2.250591120086632,1.7613416385502103,0.1556184237048982,33.95,-3.521122248545305,-0.8985855584870984,-358.29114658794674,6.721133925952028,-5.383483951551216,-357.9139840126659,-10.40787623771467,6.797372035672889,-14.343268764254944,1.4922578981332437,-8.2239062909906,-2.479586907041577,2.56264092064464,-0.3279400056849025,3.5034958048909783,-61.517639628155166,-10.627869589192171,-4.158237853199251,-12.892855539464703,-3.4459401949060555,-0.023675494898739952,-14.928534849714511,-19.045173976796985,39.052115022540086,-107.3514623248329,-35.487262139708434,2.6215986017572455,7.764886660119507,-7.595345405628898,-85.51011923415587,16.324944848952203,-20.630176324887827,96.30030465756234,46.8060995367666,21.8694546511459,43.30764199551195,853.8893938004599
38.0,2.8,6.7,14.595,8.315000000000001,483.5,1.51,65.48,1.159547297297297,35404.0,628.0,32.7396,23.8933,28.3358,18135.0,353.61566120655215,6.272473032361166,100.12,42.91,32.89,6.89,21.692116085648387,0.4183057432432432,45.82,494396.0,16.2,34.7,49.1,52830.0,29483.6,14569.4,30.782770270270262,13.408445945945948,0.4610408828493061,0.2022597972972973,44.72,-46.32214999069771,-13.621720895456773,-279.2997314766174,-38.60901517848173,-6.3318057740479725,-279.51239204052837,4.356540643377218,-5.920476487645261,-3.512977846314511,1.9020053923067872,-7.965790091855454,6.154266798794258,-9.934648965888963,-3.5034865384673135,3.6728231936879445,-16.096312595397848,-7.274651882570857,-6.585770521492997,-4.850934615383552,-24.007579377020395,-3.424569028442098,-11.42828061190744,1.1222847970264642,-4.698700141310691,1.6470720232526455,12.836954791567587,4.363856976057086,-5.961860364153982,-9.205555966328822,42.79501346409629,-25.613248441951963,-33.98993021911941,-71.05953451331084,-35.54094121389092,2.769219225589184,22.679823270151378,853.8893938004599
38.0,2.8,7.6,13.955,8.295,825.5,1.9,65.48,1.159547297297297,35404.0,628.0,32.7396,23.8933,28.3358,18135.0,353.61566120655215,6.272473032361166,100.12,42.91,32.89,6.89,21.692116085648387,0.4183057432432432,45.82,494396.0,16.2,34.7,49.1,52830.0,29483.6,14569.4,30.782770270270262,13.408445945945948,0.4610408828493061,0.2022597972972973,44.72,-49.860237156748774,-19.294204239733514,-339.03709659546615,-31.806548619226863,-11.97036479966404,-235.88889838021248,5.899067070639379,-7.086533240821822,-9.341286113911002,-6.238595526699592,-7.816382989073162,-2.459120189547534,-19.516559794095045,17.160197650970265,-8.197618548969416,9.322502085641027,-5.613988552490887,-1.8440620732276498,-2.499330245647594,-7.299391813479979,-9.828963817028955,-19.461765572230032,-14.770887171210108,-28.827113264013704,10.268983737807718,8.985960036814209,14.412856580050034,1.838251786530015,-0.8383564803935585,34.72301112889001,-25.230113866707942,13.366015272776908,-78.42270469916365,-27.80671482675399,9.260068303017574,10.110404017207522,853.8893938004599
16.0,3.1,6.1,14.785,8.375,1078.5,3.85,113.44,6.47,113005.25,3048.97,56.37,31.11,123.25,170899.0,632.6927383685123,17.070544762331334,178.61,74.6,52.48,33.02,11.832260392384752,1.0136065476243834,41.19,962714.0,23.22925734100645,37.059541398199215,39.71120126079434,40450.0,30441.0,14677.0,7.420621787035737,5.286083690348805,0.6079000575173069,0.2002013844757149,68.94,162.609051223776,-20.831511492567774,-985.8740526727619,-113.8992345025949,0.4008065261319255,132.0035503523238,-26.472619624535255,-5.152944386238229,4.567516746039804,-19.9538407054916,46.447831556076814,-0.7222650693884667,-11.861726914411419,-29.183333729539697,16.930786610183617,-15.326461608943864,33.559534521348155,2.5088329270482053,11.548750666193705,-18.938752619773158,-29.928217989178393,6.018443845113132,7.140567871748154,-52.7803269136573,69.90855965900234,51.6462251817311,-4.105726429149514,-20.140131823706117,-34.757220211314646,53.24353030797405,-38.233274072358995,-9.07218792899201,43.84246210880576,6.117204651708419,30.280566357442485,21.426773534913846,853.8893938004599
16.0,3.1,6.2,14.31,8.56,1012.0,5.54,113.44,6.47,113005.25,3048.97,56.37,31.11,123.25,170899.0,632.6927383685123,17.070544762331334,178.61,74.6,52.48,33.02,11.832260392384752,1.0136065476243834,41.19,962714.0,23.22925734100645,37.059541398199215,39.71120126079434,40450.0,30441.0,14677.0,7.420621787035737,5.286083690348805,0.6079000575173069,0.2002013844757149,68.94,115.54697130173444,-16.95868419864524,-943.9092516035989,-34.97240696264431,28.051504122816663,142.3287166711688,8.312891645881646,-7.971069525834188,-2.958896463057029,-36.68345806164668,1.5896874075569183,6.726259857875604,-7.374691835045826,-12.947607186852641,2.3722270424012266,-61.17843979481918,18.549274217762672,3.236408568819345,-8.280330560986568,-9.693537634077165,-30.766141850966974,3.367061224784693,7.6159319123625915,-35.619740001459924,95.76086489894739,68.37060997623949,18.22617801179489,-86.25891206646027,-36.875845138827955,93.16905978596458,-20.134202136000013,35.54635186558898,30.693890818854186,-10.570738884210586,25.479439587034296,26.37779551814,853.8893938004599
22.0,3.1,7.0,13.89,8.46,1088.5,5.42,62.8682,0.7473,30465.0,544.0,23.7417,15.1611,35.7857,16160.0,391.6363496124131,6.993276684364113,77.789,31.907,28.226,8.037,12.555758966506351,0.9191379276851872,47.4,302484.0,8.8,57.3,33.9,63896.0,41068.0,18414.0,9.819277128486252,7.904115227830772,0.4381657992565056,0.2590222331408918,63.9,30.46440705115596,-14.648944362904897,-461.22579105321006,-42.73215100644777,-7.0765006505046095,75.29359710473877,-6.799237439235067,1.9614768556257154,-7.070346632587412,-3.783694507740435,-12.997561789800736,-2.2122328159057836,-7.616783119638754,10.783153884885829,-5.644874993261584,-5.305815432667725,-22.761068145909036,-1.7849837362269554,1.3807390504765007,-10.975951290028176,1.4825078738977595,0.08644390027659792,-7.299974361881617,-14.600097796358165,-25.789036100283266,10.788638335069024,-44.79231740748819,-9.459334684746954,1.0172228616755419,-94.86041874594055,-33.32314219492178,-41.03195021271706,-25.70117441311479,-4.071618567372979,-0.9139606163029939,39.23991254790066,853.8893938004599
6.0,3.1,7.9,11.13,8.28,1119.5,7.6,97.153246,1.5051,22704.0,603.4405868680999,11.4219,8.4222,23.795409,18373.02,371.52675503190966,9.874661869875633,61.11,25.96,23.28,5.82,24.61494990856973,0.4775021872663257,65.5,193424.9506420834,3.786310606464182,52.02179642033601,44.19187938339238,90072.0,39502.4,26966.29,10.53622467854088,6.818367587891776,8.389512313189808,0.5234059869036483,82.8,24.404626334582773,-20.63324167344719,-319.4646629057514,1.3100101256122132,-12.721327538676567,34.56621146037243,-17.581416162146883,-15.264281331847117,-2.062571065028505,3.2081222219641012,-10.294196009440352,-15.308680749870843,-4.781819960810247,-2.6875818241139213,2.1155624870831815,-14.373637530623638,-5.089680913748834,-2.961717407219105,-7.980799286294108,-3.5772513603760516,0.5128905862693743,-20.675277456156916,-8.862070480367782,19.855431145289916,-58.1865176179167,-15.526451245741919,-6.887774255673093,-10.511117451166095,42.10818277138596,-59.35670957979436,26.220652031085137,-28.209822920660173,-17.652061667020135,-245.02472322739655,-57.23495693365422,-22.83774243719256,853.8893938004599
0.0,20.3,17.6,13.415,8.335,1130.5,1.13,1.2429,0.0576,178.0,2.865339918651946,0.0803,0.0452,0.0112959999999999,74.0,635.7142857142857,10.233356852328376,0.28,0.14,0.08,0.0,0.1127832756406402,0.0717922868966855,97.4,2310.438051510152,0.0183640280367156,11.209851980137037,88.77178399182625,126700.0,55075.29,33831.22,30.733895233898767,1.0251391827949203,4.746573554900874,1.0265837231057064,162.4,510.591446769309,-20.5084225322803,983.0319987810652,-40.22623762139748,101.74261330949764,491.0447824094196,192.8492674993009,250.6588761469226,-45.64180250843373,320.6437197238269,38.83804389815153,-30.67842634607108,108.26639670486878,9.933571447630703,144.0635760839439,-223.80293839481348,83.03483759250491,5.700327384235888,-3.093869582277994,178.36082613776134,58.51612873050698,391.58174995364317,-82.33067616383235,367.60253119907344,-314.9768509665815,-45.72950930883487,216.00120348665246,187.84368563090757,862.3640129156752,-113.36273092104118,252.83551998589806,210.88170065214243,189.7764555549994,158.55829471324878,-247.64181063621308,-254.48975584236905,853.8893938004599
9.0,18.5,19.4,12.54,8.235,1169.0,1.615,66.2474,1.0595,34376.0,483.0,28.7012,25.1718,28.6734,5797.0,379.3590535887702,5.33018451487596,90.616,40.315,35.368,6.809466666666666,17.150500621066524,0.5104117114683594,57.69,245093.0,4.046117032847509,70.70339991554594,25.250483051606547,87265.0,36610.0,23148.0,20.47279770573432,11.45791031431516,5.074354330870425,0.2603928326866012,70.9,389.98333081745227,311.3416758000912,1114.7272262721044,152.58001283628246,141.8989676719749,1255.4933323267535,376.0700184283776,93.0214720555923,9.922214637646988,59.41577353601337,-19.282882197027448,53.6691187960034,114.81984424313221,16.662289891205727,89.35863988038159,70.30247128344452,-2.726075788487956,2.079342215328154,-3.009272933180142,29.793860033977214,152.05928930417323,157.38819078514985,32.88468075045074,112.78170344273258,-64.65685751793596,27.542906393355906,-137.65690028378114,44.770944223577764,1054.6227645420222,-35.6046196166426,123.96941346467786,232.83983980615938,-155.518932675148,550.7461595490574,68.92083766957124,209.72795155505335,853.8893938004599
13.0,20.0,15.9,10.365,8.315000000000001,916.5,2.82,46.39,1.9696,37903.0,493.0,18.997,12.4084,46.2737,14888.0,438.5652299681805,5.704367949088805,86.425,31.048,20.027,9.119,23.6873667742644,0.5198347645921357,40.86,412043.0,11.40105756416319,43.837324276686296,44.76161815915051,46146.0,36086.43,16572.17,12.426995927713286,10.42342201495799,1.8765437977532649,0.2308378149566619,50.36,60.538203610001744,-7.394349837113782,-103.59066630603122,10.954002048273876,19.315925577494006,111.8621909442606,-37.86972432445424,-8.158777634535616,-8.799277621340005,1.2271795572309447,-6.342150638103486,0.014806942542378465,-0.28462091390042116,-11.335071029942483,-7.087343567510428,-35.42461594193552,-8.440875787275537,-8.139205002980304,-7.620984242614355,-9.44995021124059,0.41431062870347785,-36.747868513086196,-26.596559175619248,-81.38333637903135,-66.46529050599474,-10.595330711541076,-13.229156895720712,17.86738338589669,-64.06445301335306,-23.879866429287933,-19.10881655479469,-31.246915783683473,-104.9883721083806,-9.58500872711341,83.77628642555325,17.177706205698968,853.8893938004599
29.0,20.0,15.0,10.785,8.315000000000001,584.0,3.07,6.34,0.062,5772.0,77.0,1.413,0.9294,11.2908,1379.0,654.421768707483,8.73015873015873,8.82,2.541,2.176,2.684,2.417385883124235,0.1122410186812435,81.11,43475.0,1.100962322622737,39.02707551786005,59.87196215951721,72144.0,42390.12,23847.44,16.617634982053918,2.250591120086632,1.7613416385502103,0.1556184237048982,33.95,-5.077374341885243,-13.440861499318862,-27.632210338786237,7.176264025717978,-2.1317821040190768,-722.5934500214084,-6.634027703401329,5.085427954110011,-14.695431147267414,8.4452289908162,-12.628174459884578,-18.756607448980215,11.17613261808953,0.5008892015367744,-27.918546274897356,-56.85152355518193,-9.955263232601183,-8.388054852631582,-7.615851369549826,2.425846009254447,-7.730843394932644,-3.770837731584909,-26.859720908946667,64.08875166526374,-123.66579904593529,-13.389118849216025,-8.510828215604029,20.11483996370185,11.99586797267199,-62.302237973554675,2.889455508999531,-22.052713170486197,151.00914299321985,13.908463144103678,20.477650735129924,43.14272128667372,853.8893938004599
4.0,19.0,15.1,14.72,8.325,554.5,1.54,65.48,1.159547297297297,35404.0,628.0,32.7396,23.8933,28.3358,18135.0,353.61566120655215,6.272473032361166,100.12,42.91,32.89,6.89,21.692116085648387,0.4183057432432432,45.82,494396.0,16.2,34.7,49.1,52830.0,29483.6,14569.4,30.782770270270262,13.408445945945948,0.4610408828493061,0.2022597972972973,44.72,13.976271947240457,-15.811579354958004,-128.19046771690248,-22.179827543521924,2.1943150614450406,-480.7429367818747,11.224946557873244,-11.104386879820373,-6.915222057100994,2.122135330075392,-4.063170352180797,0.46693166315554063,-3.3959172943917424,0.3790065314620688,-5.071568373988076,6.248385687448702,-1.2670435945658596,-5.261503351628796,0.7580763118217314,-3.017834603910654,-6.819242099321749,-28.202742974450818,-14.687715166003139,-10.690728858650358,29.81501977570044,6.063101494895918,-4.312636938809107,-7.222679650895297,-4.112261221054939,40.48025799658149,-18.61928591688473,-19.557009805105633,-131.54457597444457,-19.00880944998315,13.131082600454496,13.534214732106788,853.8893938004599
4.0,19.0,14.5,10.57,8.23,913.5,3.15,65.48,1.159547297297297,35404.0,628.0,32.7396,23.8933,28.3358,18135.0,353.61566120655215,6.272473032361166,100.12,42.91,32.89,6.89,21.692116085648387,0.4183057432432432,45.82,494396.0,16.2,34.7,49.1,52830.0,29483.6,14569.4,30.782770270270262,13.408445945945948,0.4610408828493061,0.2022597972972973,44.72,71.018689712643,-12.691631923566263,-227.95925541697383,5.1061171911656915,-84.07215046185689,-131.12618897907436,-10.73282859651993,-13.637495964635173,-7.2657850459187,6.178887009918699,-10.432451277102041,1.3977887611029065,-13.737956042811277,3.654243730322141,-12.193156390183908,2.527137688578397,-2.7535617173463294,-6.307351631869888,-5.187225915727512,-17.051450961350167,18.20680694387606,-27.98696431477865,-13.228261862030868,-9.86221305585466,7.421008900400871,25.616344381381456,22.257390525775637,-12.975838751768073,3.711359090221419,32.27461234504357,-23.675828313256293,-30.937951497323812,-113.57994551535695,-26.955760173515127,2.4181558511219783,14.560921636574603,853.8893938004599
25.0,18.4,19.4,11.865,8.155000000000001,796.0,3.64,113.44,6.47,113005.25,3048.97,56.37,31.11,123.25,170899.0,632.6927383685123,17.070544762331334,178.61,74.6,52.48,33.02,11.832260392384752,1.0136065476243834,41.19,962714.0,23.22925734100645,37.059541398199215,39.71120126079434,40450.0,30441.0,14677.0,7.420621787035737,5.286083690348805,0.6079000575173069,0.2002013844757149,68.94,23.618651899596045,30.07609665820993,224.20164026618625,15.11270120464575,-205.12173677626689,-798.8879480593899,-29.761190174461017,3.3652236054837594,1.2773485620350897,-28.633378699111418,-18.04016585508052,0.2881785580298499,-6.292269381582745,-15.70354641803232,-14.139552066465846,-59.72077546279258,3.221269875603429,-9.230244789198089,-11.044937000197073,-32.1321100059493,-13.417701061181743,7.2445528139422315,-0.6985616376561404,-25.821821850352,102.23045591157552,11.670710823653925,61.86458314806222,-30.107163662469635,-45.8498689619762,45.816457760625816,-31.658159773355973,-11.097276540547599,14.344414584537354,-29.92669623048044,20.062278867016225,17.4454057104389,853.8893938004599
25.0,18.4,19.2,10.445,8.440000000000001,1120.5,3.21,113.44,6.47,113005.25,3048.97,56.37,31.11,123.25,170899.0,632.6927383685123,17.070544762331334,178.61,74.6,52.48,33.02,11.832260392384752,1.0136065476243834,41.19,962714.0,23.22925734100645,37.059541398199215,39.71120126079434,40450.0,30441.0,14677.0,7.420621787035737,5.286083690348805,0.6079000575173069,0.2002013844757149,68.94,517.4200559894243,216.47349012685308,1335.4788594409513,170.27183377346637,328.24850995951664,1432.9192067243966,57.807682027742196,84.24532703631871,142.7376703912889,-87.15628767537561,135.45675687349703,125.77716900089433,8.339553306056217,-18.26689148618547,222.3338584954074,55.45386371843522,221.7135022064143,8.65557828833667,71.05273407799503,19.136161913123477,-36.55670816663649,116.76897975693447,184.62018939921316,-402.79938532781154,452.1445885354033,-255.82240836314543,17.501837990358478,-560.2326034933141,-16.0003509193162,697.0473092485189,-168.14584375787206,339.9044399997933,297.46363686772685,-43.13741925104514,246.41671859841483,98.69836589376132,853.8893938004599
19.0,18.6,23.8,17.225,8.89,1229.0,3.98,62.8682,0.7473,30465.0,544.0,23.7417,15.1611,35.7857,16160.0,391.6363496124131,6.993276684364113,77.789,31.907,28.226,8.037,12.555758966506351,0.9191379276851872,47.4,302484.0,8.8,57.3,33.9,63896.0,41068.0,18414.0,9.819277128486252,7.904115227830772,0.4381657992565056,0.2590222331408918,63.9,73.01695797525967,13.5889562131092,125.45080954981034,-139.77496865966668,14.834691572912666,158.44729115026692,-55.80403251032036,-2.0315339479098546,-17.993665213342734,-4.108146603247145,-6.873331458171198,-9.251994102398564,-10.325715253890175,1.2444515397958658,-11.74430404904298,12.477043336679523,-16.6083696693027,-5.595214645589404,-5.839277889731657,-21.429139161615975,4.731092784379935,-23.151528718185904,-6.992589985337105,-23.689863787020233,-86.0359769548786,-11.798933155437316,-107.30803153112532,-35.95271637444073,-7.139575754037746,-111.35383993729016,-22.814772540343313,-24.209578823931547,-48.73089959005515,-22.454738434587302,9.169242032455893,41.08477534850437,853.8893938004599
4.0,19.6,13.6,11.905,8.355,1489.0,6.84,97.153246,1.5051,22704.0,603.4405868680999,11.4219,8.4222,23.795409,18373.02,371.52675503190966,9.874661869875633,61.11,25.96,23.28,5.82,24.61494990856973,0.4775021872663257,65.5,193424.9506420834,3.786310606464182,52.02179642033601,44.19187938339238,90072.0,39502.4,26966.29,10.53622467854088,6.818367587891776,8.389512313189808,0.5234059869036483,82.8,76.1095991597635,-18.417632699285946,-246.49800511115848,18.080346743067082,-2.0206052254637155,77.98157914687879,-14.541322410578525,-18.57190998252481,0.2867254414781974,-4.121538323080165,8.674410877029096,-22.343027681124696,-8.322154538463803,-0.17628336422146162,-8.66428632001081,-1.1654878195778873,3.411120633780959,-7.4507498819691405,-7.114790011054525,-3.2954023635853056,-10.101925926109152,-43.45495617710674,-13.644250953914622,35.90967033530896,-64.72165196220082,-22.31979393063733,-77.27964819693938,-16.363354356686283,82.47776283706848,-33.7264409795714,20.537048142167425,-20.400754064718875,-44.198765822919086,-385.60039052842177,-43.38251582098815,-30.73851894368106,853.8893938004599
180.9,27.2,28.3,6.84,7.81,215.0,1.59,66.2474,1.0595,34376.0,483.0,28.7012,25.1718,28.6734,5797.0,379.3590535887702,5.33018451487596,90.616,40.315,35.368,6.809466666666666,17.150500621066524,0.5104117114683594,57.69,245093.0,4.046117032847509,70.70339991554594,25.250483051606547,87265.0,36610.0,23148.0,20.47279770573432,11.45791031431516,5.074354330870425,0.2603928326866012,70.9,-211.74955824886754,-11.365601013765364,-12.539636743764085,4.346348944207026,-19.86548526358479,-336.9389214926212,5.116846521872406,-6.342246655359255,-6.338188174615298,4.188986695117015,-3.797501105765491,-4.727703963642319,-7.747131427278106,-2.2130286324024255,-5.969204358458518,-1.7325250737120603,-5.012200196953505,-4.97211954478485,-2.7512973587991048,-9.644451792966583,-0.4850283622834886,0.4303882183196676,-6.071171418133493,15.11813134663737,-55.297470042848346,-14.492531212751446,-52.81081283803409,-25.300300096546625,26.23633739770389,11.864293559342615,-2.3507611430560655,-19.25317322103617,-49.69683249809469,-15.516941205834351,8.697269644321251,-1.429095557890837,853.8893938004599
320.3,27.8,28.9,15.805,8.215,788.5,5.87,79.7603,1.3218,37783.0,436.0,32.0201,11.986,58.2589,19506.0,317.1284444481749,3.659529465087586,119.14099999999998,45.663,16.368,14.3018,22.549304697785008,0.6391463480032891,44.35,477241.0,11.4,37.1,51.5,71561.0,34380.0,21443.0,14.98400185022494,14.347792906389309,1.8324918038196647,0.2479057292855512,67.5,-228.60549080125983,-10.590861685747898,-17.096908910864354,-45.62361977842017,-47.805553140901026,-276.687201608345,-11.440869172563145,-3.674924950736268,-20.206221608988322,1.7394564668554704,-8.572625385820873,-5.714430481692161,-0.1911091238384429,-8.378179360674691,-13.909321884894746,0.1918653525908757,-20.258559575726597,-3.5275407836648256,-0.3163739110094917,-12.595475260140368,1.590888507363081,-6.747041491487367,-3.9717871453116333,-22.9974866680832,-5.9552811290882515,-9.337400602086754,-5.735446811616416,-16.091382808213453,30.749236816726626,0.7755367948828971,17.84788617661844,-29.910921495659295,-71.4545355299612,-17.923147471118725,8.030635474550857,26.549064934936656,853.8893938004599
172.8,27.3,28.3,8.195,8.21,372.0,2.49,46.39,1.9696,37903.0,493.0,18.997,12.4084,46.2737,14888.0,438.5652299681805,5.704367949088805,86.425,31.048,20.027,9.119,23.6873667742644,0.5198347645921357,40.86,412043.0,11.40105756416319,43.837324276686296,44.76161815915051,46146.0,36086.43,16572.17,12.426995927713286,10.42342201495799,1.8765437977532649,0.2308378149566619,50.36,-225.55616340460872,-8.552800721302626,-3.3306296980629404,11.871228936364249,-32.77639401263556,-276.8132765085747,-25.39149953229665,3.2865965357919484,-5.020112239311765,-13.492035258309924,-3.108891974277794,-6.735822316640999,-3.0985479196036763,-16.08486323083441,-17.90800917405325,-5.247696967646473,-0.5787288105115236,-0.398008127895475,-9.725937900161375,-9.949462439377479,-7.880806874266519,-16.407199391666804,-4.8073193063028095,-33.53220350207762,-18.257470435568443,-0.2520952505742439,-8.787897475436337,-4.02898795279365,-34.6020623497665,-0.376853008251638,-32.53496698528529,-23.841891080445304,-37.85900365944952,-18.283080148684483,7.615363242259883,43.72596560902273,853.8893938004599
218.7,27.6,27.1,5.27,7.38,366.5,3.81,94.75,0.975,80886.0,573.0,36.035,30.6179,69.9425,59746.0,503.33227546810537,3.5656280919222656,160.701,59.489,57.403,13.697,44.04493523854282,0.7705005543685988,37.51,683165.0,24.81513784080998,29.71825110917296,45.46661105001707,37563.0,37438.88,16936.21,15.717915646179634,15.449625511761106,1.4422353381379165,0.3216419673452932,70.17,-234.3762870997191,-15.586519175320868,0.9018760092866897,4.758309924763935,-5.624759704476841,-297.83568134504054,-0.9478920158619714,-10.521334283178048,-13.577809022466347,-20.679242242053167,-7.292846684902899,-3.564630483388895,-2.413819701336324,-4.935460482140378,-10.147414115468658,-11.315517872100074,-17.815060151666408,-3.169804558654637,-5.151977617368101,-9.797676319691039,-0.41796973238388563,-7.008014917119097,-10.177772656281787,-21.554231796363982,52.63061938618619,22.54435824089373,25.37173905377587,-10.5588551614682,-45.3835067236051,-21.659681843618547,-32.403158389528606,-0.7959637957811365,-84.65724115401507,-7.32779052380472,-0.31188941001893156,7.686881398906304,853.8893938004599
218.7,27.6,28.8,5.44,7.505,662.5,3.62,94.75,0.975,80886.0,573.0,36.035,30.6179,69.9425,59746.0,503.33227546810537,3.5656280919222656,160.701,59.489,57.403,13.697,44.04493523854282,0.7705005543685988,37.51,683165.0,24.81513784080998,29.71825110917296,45.46661105001707,37563.0,37438.88,16936.21,15.717915646179634,15.449625511761106,1.4422353381379165,0.3216419673452932,70.17,-259.3467011388143,-14.113403534640875,-30.870176166777203,-8.134980917849271,-6.590289807155107,-250.10329889621585,0.7965719423908707,-1.8228824578722265,-14.51708764461179,-3.7376374902327907,-3.2292031129201217,-0.29742625594140176,-17.52005938857794,-11.928213400145383,-1.4474493904908539,-21.063751566608744,-25.58144723753134,-0.9657811760902456,6.9838535283009255,-11.849626725812762,6.898559267297391,0.19907386692861215,-9.44182694231471,-19.027555036942164,49.80467284167808,35.67771396790941,6.093006255875037,-2.4935682013134084,-60.46506159394982,-45.88149770701924,-17.668658993194505,2.6319725681841417,-75.95497175311048,1.0717292801539156,1.2282261933386327,1.1386228673656795,853.8893938004599
434.4,27.7,29.9,9.085,7.93,884.0,4.52,92.75,1.5386300675675677,45158.0,696.0,33.0483,14.6795,94.9691,6452.0,387.35632183908046,5.970149253731344,116.58,42.49,20.02,31.74,25.258358901966528,0.555059543918919,52.85,465622.0,12.3,44.1,43.6,67794.0,41956.5,22104.5,40.84636824324324,17.791976351351355,0.9989242570341496,0.2683831925675676,59.34,-388.30600021689503,-5.135297188560163,82.15442757254465,22.576400930375467,47.18427059411382,-196.54511182715498,-4.876902528107135,-3.482980393571778,3.7881289962927256,-0.6196178007746754,-6.0482567797415,0.46719683518013255,-12.174227099120609,-9.41423853438347,-3.212451877330121,-1.4502049539952182,9.319553256727145,-0.9942886028656067,1.5149299645765275,9.103724587361008,-17.579463935863856,5.893039654890683,-4.726189136657272,-2.676427191927409,-1.4375217577970432,-7.537568565544988,-10.830986342417686,0.6311055870943972,24.061838814492035,-40.813123023376505,9.013755983151485,36.98423770081253,-75.82725735644497,-10.823154884840678,-8.72776291276639,41.37113996018968,853.8893938004599
434.4,27.7,30.1,7.905,7.795,856.5,4.22,92.75,1.5386300675675677,45158.0,696.0,33.0483,14.6795,94.9691,6452.0,387.35632183908046,5.970149253731344,116.58,42.49,20.02,31.74,25.258358901966528,0.555059543918919,52.85,465622.0,12.3,44.1,43.6,67794.0,41956.5,22104.5,40.84636824324324,17.791976351351355,0.9989242570341496,0.2683831925675676,59.34,-251.272533715715,-10.704363583525007,-81.23143833963512,-5.1370820269578426,-18.988725149271385,-223.73520950376985,-21.065288345928604,-13.334273232016736,-5.822602098857348,-1.2176838717547527,-10.92418744583614,-3.455176669309543,-11.593813835776723,-8.22702069698834,-28.33304015154639,2.1650967877979053,-10.28275917300955,-1.5868175014853574,-4.837104183932151,-1.9093900690382977,-3.8816326745351213,-1.835601980444052,-3.4303658631443947,2.999878206563501,2.322455745472885,15.444224105859163,-16.23759751874334,-2.133199140975868,8.893718503415586,-36.96604267388582,-2.4270823560655326,-5.85175558278648,-60.350212355585136,-40.85234847793977,0.6384408623352686,12.290610421399277,853.8893938004599
331.5,28.3,26.8,2.28,7.7,1200.5,6.42,62.8682,0.7473,30465.0,544.0,23.7417,15.1611,35.7857,16160.0,391.6363496124131,6.993276684364113,77.789,31.907,28.226,8.037,12.555758966506351,0.9191379276851872,47.4,302484.0,8.8,57.3,33.9,63896.0,41068.0,18414.0,9.819277128486252,7.904115227830772,0.4381657992565056,0.2590222331408918,63.9,-541.7287453025237,-29.525391359335426,137.87276950628495,-4.141987684965141,-16.7505538476445,63.619332974137116,-24.422036781084454,-4.267213329498972,-4.84042620812853,-0.5122820298373748,-1.4801638917128155,-0.21317050013071062,3.4171588858496484,-2.4789475650899333,-7.679749811983977,1.3309806269159015,-3.6758978859242006,-5.986951334526143,-6.199640518007786,-8.599054400700453,-9.524117946776881,-2.5369948222301857,5.111560753428681,-8.358452560659499,-38.744036935990046,-30.63141341466145,-63.16278455341236,-26.281609772695234,13.722864414534222,-35.19805459731881,0.897046516860526,-24.278787185450398,-26.082430576682096,1.5925709236475356,0.2005976115104969,15.468136747678132,853.8893938004599
307.4,28.4,29.7,0.905,7.305,439.5,4.835,97.05,1.21,106381.0,2590.42,55.63,35.38,100.73,137331.0,610.4028000918064,14.863552903373884,174.27999999999997,73.07,53.35,21.39,11.545413701275482,1.3286396630675812,42.31,858592.0,16.673582357043852,41.11565010222189,42.21076754073426,42877.0,31410.0,15449.0,10.182451797210655,6.929020407132105,0.954641587443107,0.2674869382660009,92.11,-235.68469168470548,-12.947222696927698,-21.1280571596697,4.453699398438139,-2.1994587805649988,-311.77422037448736,-9.502328098447366,-16.133194361819584,-10.422974692629646,-6.539066599483292,4.626028204051163,-3.6325578894217894,-19.851867320540677,2.7913075736972126,-21.033471962362537,-22.464519214915725,-0.9423123251212197,-0.9867613800366625,-1.8287606321368355,-17.103213749878737,-7.823387367843345,-0.2348822725564267,-0.20177326547293184,-10.369964754525562,24.820461205303044,10.852053838744764,-18.26127582988391,-13.17767805881489,-12.605388605333852,5.964354519123829,-32.72570115841926,-5.204522171628972,-5.941196362103024,-13.190999719823402,-6.037482058051978,-37.142345348168156,853.8893938004599
114.4,28.8,28.6,2.3,7.42,419.0,4.52,53.8484,0.7,22791.0,176.0,19.9075,9.7003,26.1024,22316.0,289.4793664503182,2.235459983996139,78.731,30.36,17.926,5.442,12.707805206288954,0.8544099046087655,49.59,270490.0,11.8,40.1,56.9,45128.0,39616.0,17109.0,9.127778739156234,7.347487394884943,0.1563167286245353,0.2407812308070261,59.4,-244.62403470396998,-13.67991738539191,-33.49331278330956,8.80697967570586,-0.8278210869431536,-270.75078922753534,-6.082622151176128,-7.063293807934976,-2.6035393169522325,-4.262622186718509,-11.721113801492995,-5.215018784540397,1.2647643814732648,-3.6412803443179755,-14.814381296454629,6.686829803095521,-13.347813837965964,-0.12476936265826281,-8.697331829310082,-0.26659943743918973,3.044466702934972,-7.755927065061399,-4.896047248430544,-16.06191478232542,-48.265800386716926,6.1509006540849755,-3.45734070595353,-0.4429643650104671,-21.879977353165547,-67.78872710997858,-50.87842117279769,-16.28670442086956,-22.300978385827836,11.627635090798123,0.7983909308103145,41.094977379255006,853.8893938004599
14.0,2.8,5.1,13.27,8.425,1215.0,6.35,66.2474,1.0595,34376.0,483.0,28.7012,25.1718,28.6734,5797.0,379.3590535887702,5.33018451487596,90.616,40.315,35.368,6.809466666666666,17.150500621066524,0.5104117114683594,57.69,245093.0,4.046117032847509,70.70339991554594,25.250483051606547,87265.0,36610.0,23148.0,20.47279770573432,11.45791031431516,5.074354330870425,0.2603928326866012,70.9,48.97021764653734,-0.24325203571469403,-556.3054840869115,-38.56172510293313,-3.718872995991267,57.851949229566394,-18.971397417249776,-4.9411742699860355,-11.519852440754585,1.9408711671084244,-11.22865580340226,-1.4886547699694812,-17.291942556699116,-5.14359675982346,-8.205555443108706,32.293890724306316,-20.004543566436833,-1.6753729467218206,-6.106854831706741,-10.388609979500364,3.67555573825414,2.528855581451206,-6.6155439783012,17.866875987301267,-54.859989458536724,-35.18381802052259,5.969533485705047,-15.10193143998895,76.68559908465171,-24.90206401094794,10.162420363333071,-12.366741266964645,-89.72550632389884,-52.751698752945906,-5.854247388644139,5.11866813927888,853.8893938004599
16.0,3.3,7.0,12.265,8.295,1023.0,4.29,79.7603,1.3218,37783.0,436.0,32.0201,11.986,58.2589,19506.0,317.1284444481749,3.659529465087586,119.14099999999998,45.663,16.368,14.3018,22.549304697785008,0.6391463480032891,44.35,477241.0,11.4,37.1,51.5,71561.0,34380.0,21443.0,14.98400185022494,14.347792906389309,1.8324918038196647,0.2479057292855512,67.5,41.453656331201394,-25.35981775805352,-734.2595301351665,9.460122344891234,-13.397683314982194,64.37378352538373,-18.583781397830077,-8.07750601507722,-5.7850599099198865,-8.599310863794146,-30.85972472548484,1.5393106093009192,-9.773689711866894,3.6477956206599953,-5.814965609398978,8.886760844836608,-19.006488409042365,-3.617121653156353,-6.884354438229163,-18.89370291396664,-4.244426773190497,-0.1652359085219759,-9.57227989454754,-27.096167748412118,7.9947990758034075,19.41372574744123,6.85947321166594,3.7373481934020845,64.24764309030336,1.0303138089925004,-9.257378426423907,33.01098495185376,-170.10919925371806,-13.536815125312053,16.368814647955205,16.50567905773719,853.8893938004599
15.0,4.4,7.4,13.355,8.18,1211.5,5.87,46.39,1.9696,37903.0,493.0,18.997,12.4084,46.2737,14888.0,438.5652299681805,5.704367949088805,86.425,31.048,20.027,9.119,23.6873667742644,0.5198347645921357,40.86,412043.0,11.40105756416319,43.837324276686296,44.76161815915051,46146.0,36086.43,16572.17,12.426995927713286,10.42342201495799,1.8765437977532649,0.2308378149566619,50.36,73.35560191626972,6.957508132966869,-390.28476884399237,-29.92366417609776,-90.03743989656368,12.52003831441825,-27.404475577271864,12.245855001068357,-11.039539331654092,-0.04884154284994254,-16.81363385900234,-5.346925134925802,-27.407446029844394,11.402352299448104,-15.83397864454736,-26.903838891293862,-2.8334415361657768,-1.8193585703646278,-5.260928062628953,11.594843350599211,-8.00125043662575,-33.329629659469575,-22.520464435393606,-38.34166770500442,-28.56935739298972,5.8631713958332945,-25.239328754829856,13.145575779179723,-44.21859100823601,-8.34169367385408,-30.87608495106301,-38.920292344695575,-88.36985589039823,-21.824121914086874,15.990063675946258,32.378289716678374,853.8893938004599
27.0,3.0,7.7,16.884999999999998,8.47,250.5,3.6,94.75,0.975,80886.0,573.0,36.035,30.6179,69.9425,59746.0,503.33227546810537,3.5656280919222656,160.701,59.489,57.403,13.697,44.04493523854282,0.7705005543685988,37.51,683165.0,24.81513784080998,29.71825110917296,45.46661105001707,37563.0,37438.88,16936.21,15.717915646179634,15.449625511761106,1.4422353381379165,0.3216419673452932,70.17,4.218941146905221,-15.838728949368635,-224.79162563835894,-43.65891192611929,1.22979757863097,-193.57099283966235,-17.467028417661798,-5.07335442414507,-10.237692315901318,-7.6960189004242485,-0.09632058699924384,0.5872430580419827,-3.193276961396141,-7.264521032273776,-16.950648215742167,-38.157280172364175,-9.72839523504799,3.5196770821511536,-10.53946807010719,-3.7584801642845007,-8.70555536811551,-81.15496200948955,-9.4991689918749,-43.78988428940377,34.446250028163185,15.04446335483343,11.987214555634807,-8.713023586006212,-14.825025658781323,-13.012773668145131,-34.62685569966212,-5.553335635463399,-76.49222644692286,-12.985080203960338,-3.66460291914642,1.066374791252123,853.8893938004599
27.0,3.0,6.5,10.395,8.365,897.5,4.06,94.75,0.975,80886.0,573.0,36.035,30.6179,69.9425,59746.0,503.33227546810537,3.5656280919222656,160.701,59.489,57.403,13.697,44.04493523854282,0.7705005543685988,37.51,683165.0,24.81513784080998,29.71825110917296,45.46661105001707,37563.0,37438.88,16936.21,15.717915646179634,15.449625511761106,1.4422353381379165,0.3216419673452932,70.17,7.359880412320291,-21.27244743396526,-287.41837284027287,2.9363844328746165,7.43446443214081,-200.26866371483234,-13.8392741297682,2.568438113331794,-7.700027178873623,-13.896363141536717,-14.493961523671937,-7.513364124397447,-17.024396027723956,3.483954313496741,-3.25540434708198,-23.459980472673987,-19.697383873860037,-0.8884393251935716,-2.244630769540868,-9.78745120316743,-10.302095717887092,-37.26561631609996,-11.853150963286566,-63.73668388883274,45.76113237708807,39.71202818567553,30.995938879897196,7.90004956608018,-48.15226278026899,-24.76070900340875,-23.517108545030155,-1.1259026640156886,-92.05460962027313,17.024353748758625,-12.920995148817704,7.542017489671706,853.8893938004599
25.0,2.6,7.4,11.635000000000002,7.975,1201.5,5.2,92.75,1.5386300675675677,45158.0,696.0,33.0483,14.6795,94.9691,6452.0,387.35632183908046,5.970149253731344,116.58,42.49,20.02,31.74,25.258358901966528,0.555059543918919,52.85,465622.0,12.3,44.1,43.6,67794.0,41956.5,22104.5,40.84636824324324,17.791976351351355,0.9989242570341496,0.2683831925675676,59.34,39.35249196877082,-13.013649175142247,-472.6835070481896,12.254552698613457,10.628007065315417,79.99421329737332,-23.67703928847176,-18.824523527423533,-10.019531663594156,0.5206010357942373,-18.149713824782513,2.935395311713199,1.2184396933019268,-20.94531844616559,-47.41749947041273,-7.740743367429815,-4.066964346170429,-3.1108453419742443,2.4992634572585537,0.5914390448853322,-26.806155119885986,-21.10936411470487,-11.002662802174086,1.984788041040299,8.02855016370614,29.631685323780403,-26.490968177461408,-20.427092178662623,2.4775142952116815,-61.939626532858234,9.123094639958197,-21.600026635086788,-88.51104288091263,5.789222404062751,-7.460152589092047,21.287384274701267,853.8893938004599
25.0,2.6,4.4,13.735,8.29,1140.5,5.25,92.75,1.5386300675675677,45158.0,696.0,33.0483,14.6795,94.9691,6452.0,387.35632183908046,5.970149253731344,116.58,42.49,20.02,31.74,25.258358901966528,0.555059543918919,52.85,465622.0,12.3,44.1,43.6,67794.0,41956.5,22104.5,40.84636824324324,17.791976351351355,0.9989242570341496,0.2683831925675676,59.34,74.37429421270885,-23.58884342883403,-452.37017491345296,-28.682497090573122,-20.553994913812105,57.38831675850164,-24.85840843595875,2.022820862929025,0.7194993565790458,-9.226746711339793,-6.6755476310973405,-2.84835216077666,-4.268477362031119,-19.24037488396589,-4.16183569534061,0.19522189188127706,-9.20955547012389,-3.668466322720052,-5.153797514736645,-5.911133635025467,-36.22944394358744,-6.889563399199386,-10.312881354472296,2.265464989244933,0.8664036023120035,-0.9535935799467108,-36.00548981001601,-10.205412164082142,9.679020317470027,-80.9760536842607,8.22898635144035,-29.82289581301312,-145.45976500668874,-5.474580943894883,6.108081042282277,2.219969780308505,853.8893938004599
22.0,3.1,9.8,13.489999999999998,8.15,2355.0,17.85,62.8682,0.7473,30465.0,544.0,23.7417,15.1611,35.7857,16160.0,391.6363496124131,6.993276684364113,77.789,31.907,28.226,8.037,12.555758966506351,0.9191379276851872,47.4,302484.0,8.8,57.3,33.9,63896.0,41068.0,18414.0,9.819277128486252,7.904115227830772,0.4381657992565056,0.2590222331408918,63.9,98.3264966988067,58.743623956876526,-13.474376549720754,0.4840844017453539,-104.25438087135554,510.49629951608046,45.69187598906459,20.20048154896435,5.946274795997884,23.452770539537685,-0.3571284670134105,13.171278011873385,39.659180222411315,53.644523802365484,-10.892953169799092,24.457188252297517,36.41719926116989,24.78686979278301,8.14007828454175,14.315334601582302,57.99288360831637,61.416409012063724,29.94850930508845,-9.799063577335298,-53.77457574630777,8.623418989637875,-19.68713003369048,39.86098622341326,56.5113704969796,19.041529858745648,-21.79126631598921,13.187737173571577,-33.21898358291016,90.11129316188082,6.769862649807095,86.92848052993416,853.8893938004599
21.0,3.6,5.7,12.515,8.195,1158.5,6.7,97.05,1.21,106381.0,2590.42,55.63,35.38,100.73,137331.0,610.4028000918064,14.863552903373884,174.27999999999997,73.07,53.35,21.39,11.545413701275482,1.3286396630675812,42.31,858592.0,16.673582357043852,41.11565010222189,42.21076754073426,42877.0,31410.0,15449.0,10.182451797210655,6.929020407132105,0.954641587443107,0.2674869382660009,92.11,16.169229781553142,4.605132935286186,-572.5747120269046,15.4708188713404,-92.88075801935979,122.74257887249193,-12.760542143111413,-4.62466412823025,-9.876001797057699,-24.53490160137106,17.213884411212064,16.452674009234965,-32.50046629950092,-35.2384919741098,32.00795187065067,-52.703417301050706,19.116769666209198,-1.6427936791814985,0.14553636735614597,-5.843732742064948,-15.499709123816965,5.346575341379894,-3.441860327273617,-34.02779773032602,60.78947174261014,27.52571755132948,-9.435464582955456,-0.8973085534821053,-25.55041343073049,50.23162275879954,-47.0323066496818,-34.778539371583626,-36.37535393212923,5.802797416939083,-11.889581316870945,-79.99935349760266,853.8893938004599
26.0,4.3,7.6,10.23,8.135000000000002,1123.5,5.73,53.8484,0.7,22791.0,176.0,19.9075,9.7003,26.1024,22316.0,289.4793664503182,2.235459983996139,78.731,30.36,17.926,5.442,12.707805206288954,0.8544099046087655,49.59,270490.0,11.8,40.1,56.9,45128.0,39616.0,17109.0,9.127778739156234,7.347487394884943,0.1563167286245353,0.2407812308070261,59.4,-1.7393563206493745,2.195915323772168,-462.67115716639904,19.7257369054978,-144.64958418792733,102.36932938275237,-9.138912981282907,-0.7687692807304387,-12.306272434117266,4.995196791704115,-21.819385287147014,-10.829209218860298,-1.1849426912982086,5.1848675488618445,-21.85017950317823,24.59818990282406,-33.923645021791245,-11.85351142189156,-6.104180318145086,-0.6655551558888165,14.560148174992463,4.841539369200663,-6.445987713650502,-7.060028016784542,-65.78133638213079,7.3963388833900225,-9.731091358102864,29.71678942888354,-39.24837371114022,-16.85306418808798,-30.108246705109888,-29.48283433137772,-29.37803050669841,-8.399431862014668,3.3322359834456186,57.55273019635428,853.8893938004599
9.0,18.5,14.7,12.95,8.39,1258.5,1.26,66.2474,1.0595,34376.0,483.0,28.7012,25.1718,28.6734,5797.0,379.3590535887702,5.33018451487596,90.616,40.315,35.368,6.809466666666666,17.150500621066524,0.5104117114683594,57.69,245093.0,4.046117032847509,70.70339991554594,25.250483051606547,87265.0,36610.0,23148.0,20.47279770573432,11.45791031431516,5.074354330870425,0.2603928326866012,70.9,96.697685495913,46.89837141871764,-142.43820865201457,-36.49744554754968,13.505734753304479,119.65894558165535,9.444528532226878,10.442889100772623,3.756101457476627,11.913624911339312,-0.6984239878257199,4.30795039047797,-3.132766368637474,3.016396867468321,7.729501113668074,30.23232156276394,-5.196304252743715,-3.327235056335733,6.554437138242631,-2.9436486438630802,7.963770174204062,7.798673083900186,-0.2957146484218545,10.996782744675869,-39.657560107558965,-49.36731385485579,-30.07313584198555,16.625592165763162,114.40596725509813,-15.534440477925036,5.1394032533777265,48.29186478255315,-77.63462606887022,-32.378569809844095,19.331609610027318,8.930781718095128,853.8893938004599
13.0,19.4,16.5,10.405,8.09,1208.0,1.99,79.7603,1.3218,37783.0,436.0,32.0201,11.986,58.2589,19506.0,317.1284444481749,3.659529465087586,119.14099999999998,45.663,16.368,14.3018,22.549304697785008,0.6391463480032891,44.35,477241.0,11.4,37.1,51.5,71561.0,34380.0,21443.0,14.98400185022494,14.347792906389309,1.8324918038196647,0.2479057292855512,67.5,63.99547890027055,-25.33966098776087,-203.1640107691785,7.594452253679445,-198.33908810132186,63.31185428167072,12.41822113186121,-18.372547405591856,-12.273472032248995,0.40224061597761346,-0.5059516283497109,-3.459046193162609,-10.777401088392358,-8.264463130816203,-14.7552240553281,14.266141194949546,-12.167250510752217,-7.295564589851232,-9.818665069394443,7.07516533925821,-6.6338688131173456,-46.62200423902211,-20.44364407855707,-42.31026293599668,-3.680399456024181,14.681494712134205,-8.397117773890498,-36.71578049580257,56.81972873608271,-18.177873298171914,1.999399614930141,-37.570674778663864,-176.24629509981102,-50.88918804564823,7.536653248866401,8.36225686976064,853.8893938004599
13.0,20.0,17.5,16.494999999999997,8.594999999999999,904.0,1.74,46.39,1.9696,37903.0,493.0,18.997,12.4084,46.2737,14888.0,438.5652299681805,5.704367949088805,86.425,31.048,20.027,9.119,23.6873667742644,0.5198347645921357,40.86,412043.0,11.40105756416319,43.837324276686296,44.76161815915051,46146.0,36086.43,16572.17,12.426995927713286,10.42342201495799,1.8765437977532649,0.2308378149566619,50.36,80.66395297625722,-21.996591397325187,359.8952086727756,-103.4609081602655,49.583032527053724,-171.02180631744056,18.71979973797378,5.484003751613216,-0.2510903116750143,1.00524679574184,-18.032014339330292,-10.669453399684272,18.075166028508278,7.821027799776435,1.4543937510841924,-8.961447779480372,-18.143474357339244,-2.18736427515748,-8.668848995262108,9.45896669172374,-1.0927135572085807,-32.052886965749785,-30.92983349721257,-90.18851607084275,-116.02889336027208,5.728041297513975,-14.657391941118982,11.574523797829942,-135.03761619548007,-89.04436267487704,-46.555405167142574,-57.09101368213695,-122.18029641173469,13.453002068394163,12.207383814907312,69.60359247402909,853.8893938004599
33.0,18.7,14.9,12.5,8.42,506.0,2.95,94.75,0.975,80886.0,573.0,36.035,30.6179,69.9425,59746.0,503.33227546810537,3.5656280919222656,160.701,59.489,57.403,13.697,44.04493523854282,0.7705005543685988,37.51,683165.0,24.81513784080998,29.71825110917296,45.46661105001707,37563.0,37438.88,16936.21,15.717915646179634,15.449625511761106,1.4422353381379165,0.3216419673452932,70.17,10.609337936664616,19.84676404312252,-39.977752321803315,5.122879206252581,0.560666994281739,-498.0978352908603,-33.029187449511774,-15.675844641377514,-12.388377674743547,-16.459540473123397,-11.18508421530325,-0.8777987348412414,-17.107250326617308,2.3872552503335105,-1.2912209305663984,-12.276942356464764,-30.269738621289537,4.628233596161002,0.06231845448412828,-29.31132971584798,8.432073952108633,-9.848377462501327,-3.4373973993957105,-49.8548626692469,34.69637624693413,30.719533177632837,-4.711996178900197,0.3014470002055125,-39.35994770448656,-21.44224987090875,8.774780006110669,13.186434968362251,-106.62594605038562,-12.364125865275666,-24.81641417622566,20.775240663799156,853.8893938004599
33.0,18.7,14.7,12.06,8.364999999999998,815.0,4.2,94.75,0.975,80886.0,573.0,36.035,30.6179,69.9425,59746.0,503.33227546810537,3.5656280919222656,160.701,59.489,57.403,13.697,44.04493523854282,0.7705005543685988,37.51,683165.0,24.81513784080998,29.71825110917296,45.46661105001707,37563.0,37438.88,16936.21,15.717915646179634,15.449625511761106,1.4422353381379165,0.3216419673452932,70.17,46.084279345820335,92.64038654924991,106.51123100257787,54.474911874787246,45.11072875944276,-224.94251988160423,-10.652047009120396,-6.719589494168756,4.106572012404587,-5.6331370018422575,12.534080727497722,1.0613277854025387,-0.6639561868210535,0.08345204422871433,0.5081225871543135,-29.473734308779257,14.606043830762305,9.259160585800812,2.196188614567125,5.653013736108946,-4.534468095799286,21.994773064355055,1.7444288686911378,-75.32606737802425,188.06760159264005,63.71529223814607,64.2451005596916,-8.719224663575494,15.46733035470048,61.57726624945801,-5.695945145388443,62.62023155828314,-166.85897601922352,32.19141655569277,-19.1607290777564,63.051487698554986,853.8893938004599
4.0,18.0,17.9,9.715,8.07,1461.0,2.24,92.75,1.5386300675675677,45158.0,696.0,33.0483,14.6795,94.9691,6452.0,387.35632183908046,5.970149253731344,116.58,42.49,20.02,31.74,25.258358901966528,0.555059543918919,52.85,465622.0,12.3,44.1,43.6,67794.0,41956.5,22104.5,40.84636824324324,17.791976351351355,0.9989242570341496,0.2683831925675676,59.34,348.0029884221033,289.3770015320399,1343.7467872157042,172.49058748026687,314.6934815572699,957.9535309437944,268.94484605051264,0.3385573025544251,12.76145445526887,11.228379059086222,-2.7990913634002417,30.76934156159561,-11.753596500291806,48.52302926957921,-50.45646618583235,29.360232363442595,-12.86552992006142,17.718766472541365,-34.49727117567942,56.395598071422455,-35.34747716667749,53.06021423593782,-25.476315533084158,34.522745971480994,-44.16778261420004,-26.793924058921032,-63.04184789696085,-49.76939838583892,98.25937741686903,-129.65282774289452,35.52906393687548,331.29902524093166,-396.8783051227529,-48.66841532548269,-11.14958558261398,69.14776815245548,853.8893938004599
4.0,18.0,18.5,9.855,8.135,1184.0,2.99,92.75,1.5386300675675677,45158.0,696.0,33.0483,14.6795,94.9691,6452.0,387.35632183908046,5.970149253731344,116.58,42.49,20.02,31.74,25.258358901966528,0.555059543918919,52.85,465622.0,12.3,44.1,43.6,67794.0,41956.5,22104.5,40.84636824324324,17.791976351351355,0.9989242570341496,0.2683831925675676,59.34,102.8862565157811,1.2461181808604493,239.51920278216713,21.5554602631554,-271.0917258164535,1.4936839785426816,-80.13427092066347,3.3507143179575656,-11.347159479918572,-2.964241039305918,-32.84186221604546,-13.534237327401826,5.513282472292562,-32.04394648491406,-17.671066543059442,-5.42914605388727,-31.81031595985404,-3.8710524080197075,-2.5556675644218863,-4.910457507567503,-118.721558692654,-4.099629313861935,-29.523601552840933,4.885447484444211,-22.87834294930722,20.81269863208134,-57.502763018794376,-18.701036473313987,18.805736423234148,-109.89137949119011,-12.924705074066289,16.73733933087438,-166.28321577757598,-24.468330435889456,5.254239871632305,4.086502793617548,853.8893938004599
19.0,18.6,21.0,12.24,8.32,2660.0,12.6,62.8682,0.7473,30465.0,544.0,23.7417,15.1611,35.7857,16160.0,391.6363496124131,6.993276684364113,77.789,31.907,28.226,8.037,12.555758966506351,0.9191379276851872,47.4,302484.0,8.8,57.3,33.9,63896.0,41068.0,18414.0,9.819277128486252,7.904115227830772,0.4381657992565056,0.2590222331408918,63.9,170.25454234460992,5.916588844160263,316.9468663486745,85.62889884867393,-15.381207719448375,604.2294355015209,-25.063978665980198,-0.8678015254841634,-10.671632551954437,9.508040636877197,-2.9207291430235123,3.4765090389550153,12.668270656143605,17.43987353691833,-8.853620315507692,2.148769073237967,-5.458522148424161,0.7531771638771829,6.666723165586613,-9.606018787873941,4.7686522133990366,4.819888732507802,0.9978118071922211,-17.150990605177373,-80.02188847184185,-10.804848701795564,-131.16566366828042,-9.832652781863368,35.254325741510826,-122.20933830891424,-13.67826282163461,-68.71914659495154,-65.5422956907749,7.17727141632389,2.440740368800879,41.197682544750485,853.8893938004599
46.0,19.0,18.7,9.575,7.970000000000001,1199.0,3.73,97.05,1.21,106381.0,2590.42,55.63,35.38,100.73,137331.0,610.4028000918064,14.863552903373884,174.27999999999997,73.07,53.35,21.39,11.545413701275482,1.3286396630675812,42.31,858592.0,16.673582357043852,41.11565010222189,42.21076754073426,42877.0,31410.0,15449.0,10.182451797210655,6.929020407132105,0.954641587443107,0.2674869382660009,92.11,-50.34818493753672,-58.1369349633623,492.57771746455387,193.13353419618682,7.629503997828171,277.9299713461101,-33.18230412053253,6.43102761194108,-29.098165854240452,-38.729371482363625,38.437547893424814,-5.8542037350932645,-57.698404788114146,-55.18462483047196,88.14155390198033,-76.56631990751873,83.18416357554183,-1.4574798026805098,-16.895724846798316,-26.75398511502271,-10.299600105965515,16.863406495886547,22.232561834699784,-46.09797379092934,132.92942888292797,-28.751215637202094,-109.79975202456738,-30.18498772189332,-125.42047392679997,138.31586588208876,-61.100291444969635,-69.829672035339,-63.725928476682554,-18.532500942212852,-1.7214843574290246,-248.2394221140289,853.8893938004599
16.0,20.0,18.5,8.765,8.075,1162.5,2.44,53.8484,0.7,22791.0,176.0,19.9075,9.7003,26.1024,22316.0,289.4793664503182,2.235459983996139,78.731,30.36,17.926,5.442,12.707805206288954,0.8544099046087655,49.59,270490.0,11.8,40.1,56.9,45128.0,39616.0,17109.0,9.127778739156234,7.347487394884943,0.1563167286245353,0.2407812308070261,59.4,162.53346538633107,-26.155984041203443,507.5642989718822,113.7565314983918,-38.44094461652765,394.53870950290633,59.00302119171246,18.995696506357472,-28.700940522647752,19.822331516820324,8.763004180627528,5.210501381804519,11.021627223442001,21.20452378415815,-9.026911310832958,21.505482624502235,-3.881498085424942,15.545645112376667,-12.696799735811831,19.701950317987556,-21.47784376077665,-42.37040655714461,-8.935053337290881,-51.75552630672854,-163.11602143619834,22.55077100339655,-36.27462621226593,-6.028882702713204,-84.53899338136118,-224.22349747603758,-39.978469778696734,-73.5809676737183,-25.28768045560456,51.20289045969647,19.907229528557504,40.38947144644957,853.8893938004599
