PREC,T_M,T_W,DO,pH,COND,DOC,GPAM,WS,FER,PES,MO,CO,VE,FR,FERA,PESA,TSA,WA,CA,VEGA,IRR_W,AGR_W,UR,GAO,PR,SR,TR,GDP,UI,RI,UR_W,RU_W,IND_W,LIF_W,POP_TOT,Soil_CLO_agg,Soil_THIA_agg,PREC_shap,T_M_shap,T_W_shap,DO_shap,pH_shap,COND_shap,DOC_shap,GPAM_shap,WS_shap,FER_shap,PES_shap,MO_shap,CO_shap,VE_shap,FR_shap,FERA_shap,PESA_shap,TSA_shap,WA_shap,CA_shap,VEGA_shap,IRR_W_shap,AGR_W_shap,UR_shap,GAO_shap,PR_shap,SR_shap,TR_shap,GDP_shap,UI_shap,RI_shap,UR_W_shap,RU_W_shap,IND_W_shap,LIF_W_shap,POP_TOT_shap,Soil_CLO_agg_shap,Soil_THIA_agg_shap,base_value
172.8,27.3,28.3,8.195,8.21,372.0,2.49,46.39,1.9696,37903.0,493.0,18.997,12.4084,46.2737,14888.0,438.5652299681805,5.704367949088805,86.425,31.048,20.027,9.119,23.6873667742644,0.5198347645921357,40.86,412043.0,11.40105756416319,43.837324276686296,44.76161815915051,46146.0,36086.43,16572.17,12.426995927713286,10.42342201495799,1.8765437977532649,0.2308378149566619,50.36,14.47307334895372,21.80802066782368,0.08881383520861415,-1.682516220204998,-4.305559725762966,-17.964769296432692,-39.9306169534009,-5.952317413163837,-2.8666762903425838,1.8509780011706356,0.27445464305657136,0.6825249923548355,-0.01098331888671944,-2.5718715080991377,0.7748279311003463,2.358466976024211,0.5564939045913828,-2.030714830961077,1.3584284001736275,-1.381733409619579,0.07926289165702793,0.09323540436103712,-0.44113314562321876,-2.322332176476095,-3.246247826532151,0.08632649502561744,-0.20921883361026172,-0.1386985210686326,0.07543225748154003,-0.40408422568502517,0.2995629633357753,-0.2543260140158214,0.8483694853462905,-0.1460022559203201,-0.02203702467416191,-1.5855584460186456,-0.017767496691084423,-2.718925767766002,-0.6311966803297399,7.44725195551912,110.41126999512315
149.9,25.8,26.7,6.665,7.605,390.0,1.68,156.26,3.7,71109.0,604.0,25.5392,19.687,31.444,45417.0,639.9701205079514,5.435907589570977,111.113,48.363,43.95,6.87,30.453854606755456,0.8473062281162614,50.12,299186.0,8.188156481532047,41.53969380882165,50.2721497096463,56528.0,34807.04,22100.67,29.449202691670408,16.989687864542002,4.19935794066213,0.4460450312437009,97.31,4.305799474113807,6.49033272091222,2.2398566844426875,-2.4416719892279546,-6.002704599334005,-13.647097129435279,8.476756467729187,-3.105788296503016,-15.047785923613702,-3.2715984054817837,-1.3922420559016373,-1.5361848991550495,-0.6437833408048983,-1.4361506562974926,-0.04052239277710464,-2.0813109076814733,-1.0310088905831785,-12.816422359745488,-1.3301709006788833,0.13338018483404687,-0.8928431102959432,-0.175016527924064,-3.3914964020950715,-11.505860863900743,-2.3815700749335043,-0.34294761791902867,-0.7424712513627804,-2.1750376864103607,-1.5176121536642324,-0.0261987443314875,-0.8103251691977483,0.7472227729080868,-0.850859017066349,-2.274930323408916,-5.829838035729092,-4.367533762060338,-0.8105749491105491,0.7486293625039967,-6.575444814826672,1.1545614441949879,110.41126999512315
221.9,27.5,28.1,9.205,8.59,278.5,4.34,41.8,0.9984,37631.0,382.0,12.2266,9.8512,26.4183,120170.0,481.9852705731668,4.89273134806276,78.075,30.563,28.728,4.991,21.398798506227283,0.8755846807233554,35.03,369846.0,16.504901960784316,31.65686274509804,51.83823529411765,26213.0,35691.1,13158.53,16.539135979595088,17.556710821702243,1.1884593356762363,0.355470066518847,77.55,1.4540248187276668,1.2530270333920213,-0.14012355302305404,-2.0925885390172083,-5.025564527142172,-14.464509852936025,-31.22548439795229,-6.200084534968095,-2.3750435866454302,-2.165697747554319,-1.8253076375043022,0.0536656572157533,-0.20418964088273608,-2.6685762890366216,-0.8484174698808545,-1.0309893276247502,-4.94810261257381,-5.0601265274516,-2.201562794074416,-0.27841640287855085,-1.922979636198529,-0.36576147617229054,0.027364974838371598,-4.318829639002216,-1.397176603842528,-0.15915404698423524,-1.408138744717775,0.04427299964629728,-1.1134190710990992,-0.2945745832488571,-1.3805237781566886,-0.18085344082831054,-0.22515843119627496,-0.6257110921821251,-6.374188500862414,-0.6539889500026278,0.2412748571656023,-0.2248986308098151,-4.014391475017182,-3.333211920289323,110.41126999512315
324.2,27.7,27.9,6.74,7.495,355.5,4.52,65.48,1.159547297297297,35404.0,628.0,32.7396,23.8933,28.3358,18135.0,353.61566120655215,6.272473032361166,100.12,42.91,32.89,6.89,21.692116085648387,0.4183057432432432,45.82,494396.0,16.2,34.7,49.1,52830.0,29483.6,14569.4,30.782770270270262,13.408445945945948,0.4610408828493061,0.2022597972972973,44.72,6.163178962300432,7.177939994626962,-0.4127722240084166,1.5331540935665064,7.145239084112305,-24.25533326435213,33.868753219572824,3.149546687191662,-1.4153052399695545,0.8907810885288455,-0.08827549061582829,3.7868756258999916,-1.3949074791340765,0.6822454930609106,0.24604770320933037,-1.6821920603591325,4.0693567846094565,5.81499450862563,-1.4329602634984395,-0.0836612772134447,-2.124847218726451,-0.8468486262842395,-4.645812069969252,-5.723588874307462,-11.432650396411773,0.23013878147428515,0.29757326681942925,0.2582358116159827,-2.527815741527206,-0.15025543338308692,-0.1966107170190643,1.4316036170317483,-0.02266794720276562,-23.31526430276688,-7.123308793141816,-0.5909979310492032,-0.908691990552471,-7.798629603969554,-6.942189030953063,0.21631989859044687,110.41126999512315
233.8,27.8,29.1,3.65,7.705,454.5,3.68,107.34,6.28,66001.9,1675.31,49.3,18.28,103.68,17174.4,435.2825957923893,11.048671107300668,151.63,65.22,31.43,27.37,10.04493389674318,0.8095851014325984,41.74,774172.0,21.96364940618549,42.590832655196046,35.44551793861847,49137.0,30324.0,14574.0,6.059303494414041,4.22208657852724,0.6829462442173873,0.1613749773036768,55.57,23.165549283711908,2.3336800011071213,2.1967920586932443,1.2699820042122134,25.546998998069515,41.40775652626684,72.75580528120821,2.0716775258017357,-18.792625760940524,0.5796003719931466,-20.65789207522912,-1.9357924731665606,0.5614685856395726,5.208272247255471,-1.2817743197665532,0.6073542609841857,1.2270447789008478,-5.256832163293535,-7.070477902224906,1.8716712210482591,4.770444822728946,1.3514277852109313,0.566135976601697,6.048419476307463,-2.9919697608550404,0.4933233371330446,0.14957385112220933,0.7809428206443165,-1.5651481681022184,0.6506499809337173,0.49230725545901954,-1.3534583740557242,0.13216657186547978,4.457496751824707,1.7165742757838818,0.8195125472328352,-2.768320448966694,-5.3932692012020125,0.4665746396663574,-17.703336009869037,110.41126999512315
421.2,27.7,27.4,4.69,7.699999999999999,438.0,1.68,113.44,6.47,113005.25,3048.97,56.37,31.11,123.25,170899.0,632.6927383685123,17.070544762331334,178.61,74.6,52.48,33.02,11.832260392384752,1.0136065476243834,41.19,962714.0,23.22925734100645,37.059541398199215,39.71120126079434,40450.0,30441.0,14677.0,7.420621787035737,5.286083690348805,0.6079000575173069,0.2002013844757149,68.94,12.55070407064138,11.407268072597558,19.693620337845445,16.33386840931217,14.142952026502075,89.28309020923139,126.19625338646581,33.67487327775996,-63.487821784298866,20.3729223177062,13.870173981597963,-1.1889362977103684,8.6782219248948,30.99185514920391,5.803774983851088,-2.307225123550744,-15.872533569845835,-7.266871071611526,31.720924377266012,4.675740099096828,20.165313322270915,-5.482384125006695,14.936097343482544,15.128427210512259,27.17553055197156,3.6112662987519664,6.094777504079976,9.462430973776309,5.091154010274136,-0.291131061009746,0.771692738325021,-6.4039956532760245,-0.35484673636500236,2.3076056479786824,2.81544596313344,0.10459276521733685,-0.06998048401127772,-0.30696006065079,6.528392715839044,24.530823719304365,110.41126999512315
453.1,28.0,28.0,8.735,8.125,1085.5,2.89,121.17,1.24,111887.0,1972.8,69.36,49.35,171.62,14251.0,484.1916219491085,8.537303098494027,231.08,91.11,77.42,35.98,15.308206323678789,1.4921568515595265,37.51,1010017.0,18.514367546917764,44.48838459533429,36.99724785774794,40876.0,30965.0,14316.0,9.36200276864403,7.781782798224389,1.0236131895309892,0.2773605197458011,95.51,9.487784239788324,1.6113092953357198,3.7349449940491453,-3.2722169209473466,-9.269800922609862,-16.701082069855183,-43.13679305582385,0.393324937152211,-3.711580081620872,1.3903245106587823,-2.203110200984714,-2.089692548805227,-1.204903013133446,4.521290391709965,0.7166665890160947,-5.220585422244233,1.5584563706644499,-3.9233917927043502,0.11860951120344317,0.18888722906975594,1.4043788668311514,-0.6489124723616992,-0.9016822687815876,-0.16453624783083617,-1.2230414470362794,-0.06716567994716123,2.146913077645005,-0.0007484171881047738,-0.4307926580682402,0.15914457109601554,-1.1309588418683656,-0.7250290534785019,-0.3866936935057564,-0.5182752952460835,0.5500664969541461,-0.4506295562442397,0.5956566302819796,0.6540784382633863,-1.3928195407909039,0.19171704350660135,110.41126999512315
307.4,28.4,27.6,3.465,7.49,659.0,2.58,97.05,1.21,106381.0,2590.42,55.63,35.38,100.73,137331.0,610.4028000918064,14.863552903373884,174.27999999999997,73.07,53.35,21.39,11.545413701275482,1.3286396630675812,42.31,858592.0,16.673582357043852,41.11565010222189,42.21076754073426,42877.0,31410.0,15449.0,10.182451797210655,6.929020407132105,0.954641587443107,0.2674869382660009,92.11,7.015585492920534,7.543984804351274,13.346930954708563,2.800030002227677,65.7856913240708,56.818749936024346,69.47627070682279,-3.3764010089480614,-9.770480131551155,1.7370999704860164,-8.435883330865758,-14.735492386363134,16.953067077056037,16.814715606498847,-5.477927550647483,5.839427370209396,-32.4751297921377,-24.186626958108974,2.11461731952382,2.1670714085549094,1.9599507571469694,-6.676770004506689,8.37380740784574,22.6520406999602,12.23914228418221,0.38952082661291126,-0.057080992372551265,1.6226868129575978,-0.014730745122457497,-2.931341174051244,0.6092725691381725,-2.7152186933935973,-0.3919287872749096,1.3975507449785542,5.560926919092114,-1.625410952493554,-3.0093049870415918,2.5134183555484433,-9.342864919522158,4.0931602699286325,110.41126999512315
210.4,28.6,28.6,2.955,7.425000000000001,436.0,4.58,142.4267,0.98,46210.0,1116.0,70.9324,18.6665,46.0431,7546.0,207.0155004031897,4.999552011468507,223.22,96.741,33.206,13.388,36.02947095994996,1.9691703020360272,44.56,503654.0,12.3,40.9,46.8,38937.0,39286.0,17168.0,21.03691766650654,16.933855628952,0.4061223048327138,0.5549318265569341,136.9,17.068519840375345,3.086241976573401,8.444992570259299,0.5658710242109374,91.30025018999821,76.53909034767811,159.69677201929503,34.23881016943914,27.012924776170404,-10.773092478665825,1.3661227560462386,-0.1084623291459863,-0.2505885547911723,9.990130100894413,0.6463003820631025,-3.482323680883271,-1.5660588444195096,18.86228940258734,-3.118631791075075,2.1500213181444754,1.6138994167093184,0.8348947483533955,-0.019577344461183088,-29.986715607925643,46.90568544355688,-0.39097510676675523,-0.6179470399068615,-0.8042541209530784,-0.9357691146060857,-1.4185297022387413,1.9726832848895945,-1.6902093652232264,0.27156417550208545,13.72173617558088,-18.700371919386082,3.2385511983232576,-16.318485389306826,8.277789788114212,-7.044164924202481,-0.417889429919119,110.41126999512315
376.9,27.9,27.8,2.865,7.15,348.0,6.26,156.23,1.87,97710.0,1060.5399999999972,71.1,36.2,44.19,10480.0,463.12446677410185,5.026732391695883,210.98,98.81,63.08,12.67,11.72546549939368,1.018542407714805,36.2,633849.0,18.656421702718102,40.1694307582096,41.1741475390723,29464.0,31269.0,14895.0,17.562286116352706,10.924959818723158,0.0678323806069195,0.3802577434267549,98.99,49.54381321184684,14.573532409154785,22.64852471287207,16.117814791534713,131.5314866710889,141.23460058949732,160.60224628020077,68.31771024817756,35.85903977786035,-17.7825080843844,17.062373312635657,-11.576421360663764,6.459667113750868,46.290993156249954,-9.163442193564643,9.560285343849092,10.67124953707058,25.003723241064396,12.387684818549701,6.929447250619226,36.57347683006276,-32.41149484101062,23.109776858196906,30.234299834190555,27.376332513849878,0.3362210613737524,4.216464801769079,0.6121086898539231,2.681746674870754,1.4371217124195066,28.03799344347325,3.118098128746887,-0.33708835954002697,9.137665256544334,7.860086253504264,8.9171523185866,2.4480447766821194,10.141713948794624,8.92316062933144,38.623791258956,110.41126999512315
594.3,28.0,27.4,6.365,7.775,1219.5,6.48,111.07,3.69,99177.0,1003.5,55.58,40.03,120.87,13627.5,546.7309812568908,5.531973539140021,181.40000000000003,73.25,59.84,31.27,12.01708770605562,1.3716441835883986,39.96,1202915.0,16.431187710251496,41.28557796152066,42.28323432822784,53308.0,32689.0,17803.0,9.539679628333618,7.153294308153317,1.1848298070618952,0.2653379822968679,91.37,11.469772562658788,2.997587946724704,13.428120681579843,0.12455084527221476,23.16005863580232,34.14197080428867,69.8953491673246,1.777250104989701,12.802686530166923,-0.5021199310679579,3.6775251899908006,-5.445264096154525,1.8500610463817992,13.60118206603608,5.9750106354275125,11.949826959148048,3.7095030171734567,-11.904661844726654,3.4212717717296073,2.7393956432119086,7.625979938044522,-9.251697369006001,23.99849865131701,10.850132535425944,27.97943392938934,3.416944704465564,8.876749631335652,2.233574667780969,-0.4724709963751958,-0.9952086755664418,1.3265445446719728,1.3394311593115897,3.1702804278396144,7.072520619707652,10.97720485316124,-1.3663406166923207,0.7359841706960744,7.062288207329503,-2.3899884086660994,9.82588615569441,110.41126999512315
15.0,4.4,7.4,13.355,8.18,1211.5,5.87,46.39,1.9696,37903.0,493.0,18.997,12.4084,46.2737,14888.0,438.5652299681805,5.704367949088805,86.425,31.048,20.027,9.119,23.6873667742644,0.5198347645921357,40.86,412043.0,11.40105756416319,43.837324276686296,44.76161815915051,46146.0,36086.43,16572.17,12.426995927713286,10.42342201495799,1.8765437977532649,0.2308378149566619,50.36,18.83304516312749,31.195958341445653,-4.409622094236935,-1.0167636860193066,-0.32395469742206195,-21.303908763671448,-28.861915565248733,0.1854812509721772,-0.9066523237084035,-0.6949733463084948,-1.7150890886123902,1.8475385953563588,-0.939250805259992,-3.0323579997553805,0.9012653791011944,-1.482903314239034,1.6498308233451102,-2.1879035247396668,-1.121496127018084,-0.1065328813189026,-2.457498372701617,-0.9917149855103355,-0.7298432043691488,-5.344382123968875,-4.142354800774872,0.24525492587747655,-0.5449347216294459,-1.4051072475407291,-0.6579783840958638,0.473630075928911,-0.7082137429830618,-0.23122496393819633,-0.06359497018468933,0.19437032427638692,0.11625648459419595,-4.087553772246466,0.5317546007890869,-1.401103564730535,-1.1918708094271524,2.646163972926636,110.41126999512315
6.0,3.8,4.0,14.315,8.395,588.0,2.57,156.26,3.7,71109.0,604.0,25.5392,19.687,31.444,45417.0,639.9701205079514,5.435907589570977,111.113,48.363,43.95,6.87,30.453854606755456,0.8473062281162614,50.12,299186.0,8.188156481532047,41.53969380882165,50.2721497096463,56528.0,34807.04,22100.67,29.449202691670408,16.989687864542002,4.19935794066213,0.4460450312437009,97.31,7.526762424792118,10.558167103315592,-9.810004069919232,0.08170911323434342,1.7379309426325686,-15.891199509986132,-12.247412549423366,-12.541724368862342,-0.6988481013360435,0.1669759839540347,-0.502431645953717,-1.4668066935365414,-0.5165291092203308,-1.9291835492135336,-0.6261420653822519,-4.121917878384703,-0.9582670125396303,-10.037870240006209,-1.2331252699842055,0.006641820599324093,-0.9670891626474138,-1.2669610977475538,-0.4466819957550608,-2.589924768588195,-1.2543819243926553,0.10856839785662808,-1.1735244493652128,-1.310616111823668,0.3397715584623324,-0.23517828684455475,0.37903875934581155,0.7598580228195851,-0.3035399010979269,-2.768380133517398,-4.190847607009734,-0.368515195514386,-0.9372657737710206,0.662872962195737,-2.1546307396811133,2.3286401434397943,110.41126999512315
19.0,2.7,6.8,7.095,8.29,298.5,1.67,41.8,0.9984,37631.0,382.0,12.2266,9.8512,26.4183,120170.0,481.9852705731668,4.89273134806276,78.075,30.563,28.728,4.991,21.398798506227283,0.8755846807233554,35.03,369846.0,16.504901960784316,31.65686274509804,51.83823529411765,26213.0,35691.1,13158.53,16.539135979595088,17.556710821702243,1.1884593356762363,0.355470066518847,77.55,0.8281332324607658,0.2133223635537139,-1.6001384640027154,-0.8601123523789774,-6.779072828155865,-16.453387167807282,-15.838353848662615,-6.419858115418658,-17.63368415369924,-1.8360542523853178,-0.5009382877560945,0.4500395386021896,-0.8395720094395797,-2.700325924083589,0.12775967040021569,-1.5807234188099397,-6.318067755299466,-2.9119681516266436,-0.06947283896229478,-0.3261902457273874,-1.744674870966314,0.7098953841525742,-1.6934214789622148,-4.78565327157577,-2.4318968462757757,-0.08466559800164225,-0.6520126218535011,0.3359436803326632,-0.32644105213228647,-0.17952358928353973,-1.4422183215711255,-0.054014707913931696,-1.3257172172508838,-0.8930373895354564,-5.98671597125164,-0.7458048213110309,0.5128459766134631,-0.7466007303042961,-3.610704021246639,-3.1464047896008327,110.41126999512315
38.0,2.8,6.7,14.595,8.315000000000001,483.5,1.51,65.48,1.159547297297297,35404.0,628.0,32.7396,23.8933,28.3358,18135.0,353.61566120655215,6.272473032361166,100.12,42.91,32.89,6.89,21.692116085648387,0.4183057432432432,45.82,494396.0,16.2,34.7,49.1,52830.0,29483.6,14569.4,30.782770270270262,13.408445945945948,0.4610408828493061,0.2022597972972973,44.72,19.91190667382294,30.80700273807063,6.205956246639835,4.454493347232539,-0.8237462353256205,-24.184363382252243,-10.176240492855818,-9.70194824351386,-9.605716960881836,-0.6696241930189236,-1.7502629080383734,0.829373294855469,-0.023527833688228156,0.3893805533756198,0.8116792667812355,0.5187209719046953,1.1056105544340478,1.130541069937559,-0.8014180997371051,0.9280169103403244,-0.12301831550352944,0.2832509332833187,0.3282325362709049,-1.0548131937851821,1.0837940939154933,0.2729211076706027,1.644893512286556,0.2279559651669114,0.23909605864668362,0.016099153095856522,2.251500122502138,4.599784852253893,0.014208701481111863,-6.7981023962547384,-2.7903509552218018,-0.21074349917626645,0.30167521926031116,-0.5556655194517214,1.6331398158605828,4.580585580663756,110.41126999512315
9.0,3.0,7.4,15.845,8.64,1008.5,9.28,107.34,6.28,66001.9,1675.31,49.3,18.28,103.68,17174.4,435.2825957923893,11.048671107300668,151.63,65.22,31.43,27.37,10.04493389674318,0.8095851014325984,41.74,774172.0,21.96364940618549,42.590832655196046,35.44551793861847,49137.0,30324.0,14574.0,6.059303494414041,4.22208657852724,0.6829462442173873,0.1613749773036768,55.57,24.191833214778747,2.4644114873986163,5.827989434184663,12.19542886658882,19.74675525553214,-21.73027897744983,-16.538108560621428,7.969826201203588,-1.2204315650571749,0.9057279046562821,-4.109012239053847,0.16845047908679778,-2.3290351316325055,0.9583479309454557,-1.197461898851518,-0.22612829231191625,0.06610818260038946,-0.3320683277724316,-2.295764698958956,0.44778770652832584,0.2633076680668947,0.17934601671683245,-0.41911095741981147,0.40624221586544795,-2.854027073172231,1.5039522060612212,0.8324246748567866,2.3579614567772187,-0.36300218081334634,0.12112363000710709,0.47294111259592003,-3.743621713307998,-2.4804308552962415,3.1953456252207992,1.777105878850756,0.45187040004103246,0.36044159836912054,0.48116695780772706,3.428888732492924,4.556764992907023,110.41126999512315
16.0,3.1,6.2,14.31,8.56,1012.0,5.54,113.44,6.47,113005.25,3048.97,56.37,31.11,123.25,170899.0,632.6927383685123,17.070544762331334,178.61,74.6,52.48,33.02,11.832260392384752,1.0136065476243834,41.19,962714.0,23.22925734100645,37.059541398199215,39.71120126079434,40450.0,30441.0,14677.0,7.420621787035737,5.286083690348805,0.6079000575173069,0.2002013844757149,68.94,48.206501911942354,6.65398461775445,-0.5790561654861085,0.7982054913432024,5.753114244110573,-30.339855133693977,-29.195337190990486,-1.6696090347568209,-2.205613926981263,-0.9846766366421562,-3.5015493246424003,-1.2790667694675122,1.4627762760563454,1.83500618411228,-0.323548719551569,1.6648513387391972,-7.5837086578551665,-9.25328178456674,-1.4314557644453216,0.27720655373685804,0.7769981995807039,-1.4308662385772912,-0.21418329208934064,0.9882465356665975,-1.225617101225846,1.0663277865612553,-1.0026588931260632,0.3438894059881566,-0.40841627601611935,0.40856485354946903,-0.11018730455466381,-2.1315505999047315,-0.701886206824954,0.899677454895961,1.4726921526699643,-0.39987637429498096,-0.3590487996907907,-1.086944898706861,-10.991861773473985,0.8882221678923815,110.41126999512315
9.0,3.3,5.9,15.11,8.315,1625.0,11.5,121.17,1.24,111887.0,1972.8,69.36,49.35,171.62,14251.0,484.1916219491085,8.537303098494027,231.08,91.11,77.42,35.98,15.308206323678789,1.4921568515595265,37.51,1010017.0,18.514367546917764,44.48838459533429,36.99724785774794,40876.0,30965.0,14316.0,9.36200276864403,7.781782798224389,1.0236131895309892,0.2773605197458011,95.51,65.61124241538553,22.43438111844514,-1.1542630261834708,3.0071845516748734,5.653273913295319,-33.351072189183135,-20.318402572443397,-1.551510622842858,-4.247149725654163,0.8545233677048222,-1.7231040194537488,-1.481529471597945,-3.1129763877578096,1.7086987776557612,-2.9116527672049894,-0.6768927594941744,1.2709832839341828,-3.6990071067679646,0.20825186328651935,0.6746877285923523,1.2683974082705871,0.4921798054159939,-2.1225535397402315,0.960884518669919,-1.2748806342311807,0.6522485751844945,-1.1884320580408296,-0.7957933906248469,-0.6059881554489651,-0.34132341553301754,0.11203580847941493,-2.197298587133797,-0.8421158937954658,1.439930482168372,1.9212047196738429,1.1296840792195872,-0.31252001228587317,-0.2229135623791576,-1.0481327111149836,2.231006408785468,110.41126999512315
21.0,3.6,7.6,14.59,8.475000000000001,1205.5,5.13,97.05,1.21,106381.0,2590.42,55.63,35.38,100.73,137331.0,610.4028000918064,14.863552903373884,174.27999999999997,73.07,53.35,21.39,11.545413701275482,1.3286396630675812,42.31,858592.0,16.673582357043852,41.11565010222189,42.21076754073426,42877.0,31410.0,15449.0,10.182451797210655,6.929020407132105,0.954641587443107,0.2674869382660009,92.11,13.130365615596991,8.324056248548892,0.5148803024350991,3.7818682834537083,-0.6517327681696029,-29.275747552319274,-17.032792233920187,8.543143525723524,2.7509142820094703,-0.49196176186126267,-2.172057658058282,-1.810725432628144,3.452000931335302,2.5890132146220024,-0.2694747523032122,-0.5211404201745352,-4.646860876200566,-7.258881006804295,-1.2917299130760724,1.0805665039364243,-0.03943877179641353,-1.1241965769510713,0.10440758856168604,2.525624815441357,-1.8084842189184085,0.1776177066021285,-0.48783060233885145,0.1461668085477593,-0.011953809758027697,-0.972488365025102,0.7978932537534265,-3.2478839071102743,-0.26184775934865073,0.8065393304902454,1.9724486806996466,0.4804451546398926,-0.24792253505283238,1.3256777765198307,-1.3826833028299756,4.519920768016016,110.41126999512315
17.0,3.9,7.0,11.115,8.27,1203.5,8.735,142.4267,0.98,46210.0,1116.0,70.9324,18.6665,46.0431,7546.0,207.0155004031897,4.999552011468507,223.22,96.741,33.206,13.388,36.02947095994996,1.9691703020360272,44.56,503654.0,12.3,40.9,46.8,38937.0,39286.0,17168.0,21.03691766650654,16.933855628952,0.4061223048327138,0.5549318265569341,136.9,15.98718927343425,24.697153212608445,-0.16419129816970526,-1.5004133486266562,-1.4870592712269477,1.7674383621600758,-36.68414111686715,5.572984843244778,1.4700750991484781,-0.35431565315307356,-1.5518788843105245,0.06601863568648685,0.05276045369760407,3.7537325964961172,-2.9529817861768723,-1.9966324332744512,1.3009214546081294,2.6086055644710253,-0.7880947051880257,0.34780597002866614,1.5421741242380815,-0.22559212028980488,-1.2903107503723978,-14.689887002383669,1.9038466130476444,0.0730034976949286,0.2791112604985632,-0.2503588786348712,-0.08291605805046635,-0.6151626246996843,-0.38416234664929405,0.716971915167135,-0.016918458106617223,0.19922444014499696,-6.275974460439755,1.0721461162203914,-1.1726875186447676,0.39408873104645564,-2.073895602682606,-3.431045326699191,110.41126999512315
30.0,4.0,8.0,14.31,8.71,1752.5,7.77,156.23,1.87,97710.0,1060.5399999999972,71.1,36.2,44.19,10480.0,463.12446677410185,5.026732391695883,210.98,98.81,63.08,12.67,11.72546549939368,1.018542407714805,36.2,633849.0,18.656421702718102,40.1694307582096,41.1741475390723,29464.0,31269.0,14895.0,17.562286116352706,10.924959818723158,0.0678323806069195,0.3802577434267549,98.99,36.9299785642696,14.724804522834551,-1.313394430641395,0.6078367556755729,-3.7591686935878053,-30.408184020151378,-27.669054782488377,-2.733126445428933,0.5030168665976569,-4.146303259929797,-1.0145063791501645,-2.089333356100447,-1.4407368227373818,2.493792581542706,-0.189499388585488,-2.166068421939077,0.6393004670226948,-2.474537946845715,-0.15812512080650717,0.5330732183779272,0.9146812490963674,-5.264187182541938,-2.2315057802122715,0.8491474159806961,-2.3194263742957237,-0.5867097243472613,0.03346665230890141,-0.011286696209573233,-0.3931754498726992,-0.18251598869993715,-0.9651560980640354,-0.8503885566132757,-0.18522704867956596,-1.0225670133888087,-1.020402804908032,0.6108308315416792,0.0623773648186278,0.5572669592872258,-6.427499267635869,-4.010591269209979,110.41126999512315
11.0,3.3,5.6,13.0,8.15,1637.0,10.9,111.07,3.69,99177.0,1003.5,55.58,40.03,120.87,13627.5,546.7309812568908,5.531973539140021,181.40000000000003,73.25,59.84,31.27,12.01708770605562,1.3716441835883986,39.96,1202915.0,16.431187710251496,41.28557796152066,42.28323432822784,53308.0,32689.0,17803.0,9.539679628333618,7.153294308153317,1.1848298070618952,0.2653379822968679,91.37,16.65238729467103,1.498316996052864,-0.1922685483579206,0.4848342133732502,-1.2802225003205228,-22.465975343361496,-23.727857182095757,4.9385809304472055,-1.1324898898880942,0.023014695104211096,-1.4977795989702756,-2.1575438965794924,-1.7103092157763118,2.707671718954421,1.420604332716514,-0.7866027367052936,2.340272039251092,-4.492880529334458,-2.316037496255401,1.5632187068462364,0.5800151657972812,-0.014105449728668193,0.3465902829635891,3.092511019741652,-1.0809800985036402,0.926208437892296,-0.5235011858935484,1.2122002202567324,-0.03108463924998972,-0.3804853190334181,-0.22373509539756972,-1.7281060432503015,0.234851254724588,1.1996367151957628,3.090822902666405,-0.5828289879610153,0.7496121457995227,-0.6046897116350008,0.4248550756073855,1.8177233814618845,110.41126999512315
13.0,20.0,17.5,16.494999999999997,8.594999999999999,904.0,1.74,46.39,1.9696,37903.0,493.0,18.997,12.4084,46.2737,14888.0,438.5652299681805,5.704367949088805,86.425,31.048,20.027,9.119,23.6873667742644,0.5198347645921357,40.86,412043.0,11.40105756416319,43.837324276686296,44.76161815915051,46146.0,36086.43,16572.17,12.426995927713286,10.42342201495799,1.8765437977532649,0.2308378149566619,50.36,18.26771306262661,5.60184935850744,0.9871203615679401,-3.0023919125227274,-18.51667172077655,-19.354621653247545,-22.609835623859738,0.25894149433200536,-6.15402483479663,0.19729019935243,1.867998230444113,0.6607480909683122,0.15491951976437038,0.27997145504225013,1.6825790374896794,0.8554237941838795,3.3770565537122708,-0.407450909141917,0.1373744202498357,1.8569492675907266,0.9929087909334339,0.7859258366209287,0.07460552475570485,-2.158814195337859,0.5162980452164391,0.27826596441368273,0.4209034862151988,2.8824654768345255,-0.05763998732358866,1.3364214866092272,0.7494128692266533,2.474604201169374,0.05781265587545873,2.7708085373734765,2.4890290493518115,-0.23426005858772755,0.42638757777400266,-1.1359222534997382,0.8694732631867123,0.33286718246643493,110.41126999512315
15.0,19.5,14.3,12.83,8.605,634.0,1.75,156.26,3.7,71109.0,604.0,25.5392,19.687,31.444,45417.0,639.9701205079514,5.435907589570977,111.113,48.363,43.95,6.87,30.453854606755456,0.8473062281162614,50.12,299186.0,8.188156481532047,41.53969380882165,50.2721497096463,56528.0,34807.04,22100.67,29.449202691670408,16.989687864542002,4.19935794066213,0.4460450312437009,97.31,15.155175371112785,2.502201337003088,-2.2477640997913357,-3.1659673785402753,-20.451034088841404,-13.909778900671133,-19.711154764309374,-7.8480793810139104,-9.936524279053945,-2.2277007082733333,-0.659495360370104,-0.6184123296756296,-0.41219215875181053,-2.5008310697786507,-0.10809369584390305,-0.7368283703457564,-0.09649808785490173,-6.409876173803738,-0.4389764834148808,-0.08576823714344416,-0.15256198590427314,-0.8277162475639481,-0.4964760001329705,-3.0858646809713295,-1.2213764938704363,-0.38521326430918007,-0.8193536274542561,-1.7375544511988608,-0.5317159423255354,-0.1589473172595417,-0.2042179981075841,-0.018677621053453858,-0.003179718178775546,-4.5511633884340235,-1.4382691210042682,-1.9453079104819337,0.10858336805637604,0.01852970458256703,-0.9366213325791373,-0.42823547783695753,110.41126999512315
7.0,19.3,14.7,10.465,8.129999999999999,374.0,2.67,41.8,0.9984,37631.0,382.0,12.2266,9.8512,26.4183,120170.0,481.9852705731668,4.89273134806276,78.075,30.563,28.728,4.991,21.398798506227283,0.8755846807233554,35.03,369846.0,16.504901960784316,31.65686274509804,51.83823529411765,26213.0,35691.1,13158.53,16.539135979595088,17.556710821702243,1.1884593356762363,0.355470066518847,77.55,0.3592105595497327,0.371558834587307,-2.6006011694157496,-3.405590847858695,-16.26289009539798,-13.20910236510293,-22.82599857304633,-7.6709463023270175,-1.0115302787791007,1.0314143203680104,-1.6951430213404821,0.5441504804138093,-1.4055423953927448,-3.1701404953336656,-1.3708749278627026,-1.9569098660458506,-3.6274934506051544,-5.334795716503479,-0.1278025632894908,-0.49514643103272343,-1.5340824910090314,-1.3386037245912794,-3.127232539834609,-6.1896420020703244,-0.6031680703201965,-0.4096255408693106,-1.4316786184922483,-0.07602024899795713,-0.38648033619703065,-0.8814379206105752,-1.356671733735129,-0.1550381586188452,-0.19526368913473577,-0.0024977083682701053,-2.7082968819475113,0.0769512151197226,-0.08168395649331213,-0.2957181214952532,-2.689664504431034,-2.400092455275201,110.41126999512315
4.0,19.0,15.1,14.72,8.325,554.5,1.54,65.48,1.159547297297297,35404.0,628.0,32.7396,23.8933,28.3358,18135.0,353.61566120655215,6.272473032361166,100.12,42.91,32.89,6.89,21.692116085648387,0.4183057432432432,45.82,494396.0,16.2,34.7,49.1,52830.0,29483.6,14569.4,30.782770270270262,13.408445945945948,0.4610408828493061,0.2022597972972973,44.72,24.660280125950177,72.73754599795078,-22.631264038459246,-4.444577325351226,-1.5272424169633692,-24.21882175173882,-22.68718169280638,-5.173902840167091,-7.408790732655131,-1.043305780940767,-1.6014337872201574,-1.076081238940047,-1.790237301553909,0.07502244815618417,0.4652197461094092,-1.2484439156619682,-0.7966055039588054,-2.546479951799459,0.030079580061914444,0.09225535733935708,-1.5591065078686608,-0.415400386810459,-1.241277601343268,-1.4313702843260643,-2.066788112614304,0.22027800930353425,-0.4502808816397259,-0.3126981385191907,-0.12574796256958523,-0.22445403838064484,-0.10867406019281182,-0.843695178527076,-0.27180732865429835,-2.719189609162665,-0.10772343454649685,-0.26742096789724507,-0.3441158143011856,-1.190457009190771,0.31043941825744736,0.30064531697872243,110.41126999512315
5.0,18.9,17.6,19.085,8.594999999999999,1018.0,4.43,107.34,6.28,66001.9,1675.31,49.3,18.28,103.68,17174.4,435.2825957923893,11.048671107300668,151.63,65.22,31.43,27.37,10.04493389674318,0.8095851014325984,41.74,774172.0,21.96364940618549,42.590832655196046,35.44551793861847,49137.0,30324.0,14574.0,6.059303494414041,4.22208657852724,0.6829462442173873,0.1613749773036768,55.57,10.631609200135289,4.2035141147459845,-39.431124706438275,-5.260028247550362,-12.744203774178558,-18.028356538478985,-16.585008774369488,0.5510220252935926,-2.875934290839359,-0.654049300937525,-1.914225234613598,-1.0162526009123152,-2.508453433255201,-0.4532149073434996,-0.8669538353554289,-0.980352407091995,-0.1855279286997392,-0.8184330132607532,-0.681838452422138,0.18291261253800858,-0.316574065696526,-0.22368323194522735,-0.1409466591780074,-0.15263330272166012,-0.9279756093032966,0.18533959846594358,-0.36521010708607043,0.043405529729400406,-0.33309876737689276,-0.5830065417157796,-0.13336262961694254,-0.4214529662792728,-0.11710556489143875,-0.7076393062590306,0.4229639601451339,-0.2580240551382308,-0.7439631373260641,-0.9003523844988862,-0.16058627212148496,-0.2762893289832079,110.41126999512315
25.0,18.4,19.2,10.445,8.440000000000001,1120.5,3.21,113.44,6.47,113005.25,3048.97,56.37,31.11,123.25,170899.0,632.6927383685123,17.070544762331334,178.61,74.6,52.48,33.02,11.832260392384752,1.0136065476243834,41.19,962714.0,23.22925734100645,37.059541398199215,39.71120126079434,40450.0,30441.0,14677.0,7.420621787035737,5.286083690348805,0.6079000575173069,0.2002013844757149,68.94,10.168443063025093,7.57369319175741,-0.7013830204602932,-1.6365613277528126,-39.43811283498808,-0.5655352692694109,-25.1596697521105,8.718167029827214,1.9606796853911754,13.071913300265253,6.970549681445893,0.74943567576663,5.850714534969691,3.9067400115728366,7.413052765084429,8.56319016663513,-0.7420638619068383,-2.356407981452842,2.9559381906082858,0.08215589972213033,2.802012797562249,-0.8869034656835734,5.776961059488045,8.667947451307748,5.383937956153729,0.18125119517712562,5.197901669697216,6.3727231095839905,2.089193880190141,0.9525662177704098,0.2296962943424785,-0.9043594998028127,-1.338877625074237,4.861941301421804,1.6727601236974214,1.4955151244408131,0.06780176264156375,1.2234583067148925,3.0350217477713386,5.394204608425498,110.41126999512315
10.0,18.9,20.3,12.95,8.41,1821.0,5.73,121.17,1.24,111887.0,1972.8,69.36,49.35,171.62,14251.0,484.1916219491085,8.537303098494027,231.08,91.11,77.42,35.98,15.308206323678789,1.4921568515595265,37.51,1010017.0,18.514367546917764,44.48838459533429,36.99724785774794,40876.0,30965.0,14316.0,9.36200276864403,7.781782798224389,1.0236131895309892,0.2773605197458011,95.51,17.795677232332757,43.609077057152064,-1.7504977782551812,-6.791481914889687,-33.14238652893264,-32.67588772540757,-26.974147634493814,8.250550726439492,2.1204034061869597,-0.11194643439414591,-0.5304821294266727,-1.1704982707882294,-0.3936923543674251,2.586203430282574,2.9794772805940983,0.30839405919735663,0.3493602645016906,-1.296532401139847,0.9939720934326767,1.070787820136174,2.3462218880963825,0.02441778715079046,-0.7512288319055616,-0.11779021443643971,-1.973342880473161,0.04274331266836556,0.910559910925416,-0.31203862663824183,0.3273312307583797,0.4090762541730258,-0.20703184000216393,-0.36738374674382307,-0.4810539878159763,-1.2240784091704218,1.1874489898436396,0.044857641168249675,0.24753610138470805,-0.20785724526736868,0.7053518881400426,-4.961145454634292,110.41126999512315
46.0,19.0,21.9,15.05,8.455,1037.0,1.12,97.05,1.21,106381.0,2590.42,55.63,35.38,100.73,137331.0,610.4028000918064,14.863552903373884,174.27999999999997,73.07,53.35,21.39,11.545413701275482,1.3286396630675812,42.31,858592.0,16.673582357043852,41.11565010222189,42.21076754073426,42877.0,31410.0,15449.0,10.182451797210655,6.929020407132105,0.954641587443107,0.2674869382660009,92.11,24.17899673635164,32.99180934122703,-0.49347845512209526,-9.938442600531657,-24.517482247837663,-12.565073004531053,-22.79275736645563,-3.783623711417895,-14.890054217327853,0.13842539191401249,-1.753665829019931,-1.4253299266146486,-0.49017243217133505,0.47743314726122993,-0.23609925695423417,0.11827933304089473,-5.427454339619726,-7.314801109478189,-2.896027231231178,0.26774412535907055,0.039857038649108355,-1.2464665261819012,-0.37244854109206554,0.6969952810412123,-2.406321086331737,0.37988190406157224,-0.061961098659473364,0.13476240184546104,-0.017047270339293097,0.1179243837964407,-0.1767295744739631,-0.1588389410179425,-0.06135083326138583,-0.7697093598342808,0.05962663932897481,-0.5570548029787237,-0.41002550194815973,-0.21547676705211796,0.19106548678362925,1.9747796600001546,110.41126999512315
16.0,19.0,18.6,9.615,7.95,1228.5,3.71,142.4267,0.98,46210.0,1116.0,70.9324,18.6665,46.0431,7546.0,207.0155004031897,4.999552011468507,223.22,96.741,33.206,13.388,36.02947095994996,1.9691703020360272,44.56,503654.0,12.3,40.9,46.8,38937.0,39286.0,17168.0,21.03691766650654,16.933855628952,0.4061223048327138,0.5549318265569341,136.9,37.74723765985439,94.03598929789972,2.7775062203065795,-6.706638867850415,-26.278870477305407,-2.4125639906983536,24.20524130127393,-13.302964013582871,-5.1549725565477305,-5.076762001723981,0.4116369758158318,-0.8598541189326584,-2.147640780208942,4.2971654209370405,0.2551224777630224,-0.2697222194789619,-0.2452068713462602,3.5770217174617547,-2.826031119242932,1.4246243745802598,2.5502103331607455,0.5771482471376649,-1.4072038280700034,-14.063307083848242,6.372975257603298,0.05047257516067442,-1.0549450007888195,0.4282126475886134,0.618913946120689,0.016475933856952157,-0.22620231088406229,-0.3504978614874778,-0.4131594446456659,-0.31645561466691924,-9.843200893695466,1.090070190241871,-2.2456770343527475,0.5397102055993553,3.8819977862325796,-2.8283865161178015,110.41126999512315
34.0,19.2,21.6,9.34,7.91,1965.0,6.42,156.23,1.87,97710.0,1060.5399999999972,71.1,36.2,44.19,10480.0,463.12446677410185,5.026732391695883,210.98,98.81,63.08,12.67,11.72546549939368,1.018542407714805,36.2,633849.0,18.656421702718102,40.1694307582096,41.1741475390723,29464.0,31269.0,14895.0,17.562286116352706,10.924959818723158,0.0678323806069195,0.3802577434267549,98.99,63.440951412513776,18.127096476407363,2.468210898344405,-1.9352131573545446,-37.2857764327883,-0.17479994216623526,21.348199049370987,-0.0008353783686952573,3.144367374395953,-7.834347588303501,-2.2834651967681343,-5.907429812282014,-0.2783743217478829,7.150955442286407,-9.28192587628495,-2.459588447622953,0.6526704439505299,-3.013163304599003,-0.6862190880641924,1.555146505466351,2.2893584277232457,-12.380899047392111,-3.416002332847565,6.965638457251091,-2.0331386618517944,-2.6794754792222135,1.518357881049936,-0.24651720765512586,0.6296571683961268,0.3100481497620547,2.7356715034320964,-0.304362234423557,-0.5770928419940166,-1.621589796918755,-0.9276812133767315,2.2020129031424105,-0.9407269654609239,0.5052619952863706,4.403393908143042,-2.385388195064539,110.41126999512315
5.0,19.2,19.9,13.085,8.31,1622.0,6.03,111.07,3.69,99177.0,1003.5,55.58,40.03,120.87,13627.5,546.7309812568908,5.531973539140021,181.40000000000003,73.25,59.84,31.27,12.01708770605562,1.3716441835883986,39.96,1202915.0,16.431187710251496,41.28557796152066,42.28323432822784,53308.0,32689.0,17803.0,9.539679628333618,7.153294308153317,1.1848298070618952,0.2653379822968679,91.37,35.09803163274732,11.96737194921989,-7.98961566357951,-2.9587931320684326,-29.37887416217282,-16.185970954008322,-24.469794072376104,-5.8257205228375595,0.94190544397027,-0.3527960457466555,-1.0413014938938434,-1.9943877899770934,-1.69791911878235,1.1720424653550914,0.10388642966359307,1.45859015486048,0.5091884658136404,-5.1210928373434585,-0.5871053138514992,1.4236166926644118,0.5748078706216373,0.7687270440386285,0.4714146371868755,0.27516397469444387,1.9895142222009585,0.7298305160350479,3.930698689753189,0.16006890262865103,-0.10207175218577773,1.45395414290096,0.6678030355010827,-0.16120534138598863,0.9446757924401504,-0.013297649760885618,0.7440804639672084,0.40393681931387054,2.2371836429698537,1.8680929549123784,-1.8061494728682252,1.152399558019824,110.41126999512315
406.5,28.1,25.0,8.935,8.455,276.5,3.36,0.7773,0.0,12.0,0.6876815804764671,0.0007,0.0051,0.023982,5294.6,171.42857142857144,9.824022578235246,0.0699999999999999,0.0,0.01,0.01,0.02819581891016,0.1652892186691128,90.7,3055.4045483894115,0.0595207257760765,21.668917363058736,78.2715619111652,78113.0,49348.53,31412.48,18.77858494367249,2.360204165039463,3.730853285200316,0.6732214686623013,106.5,2.658325762191955,1.228607752659718,0.6569712819353062,-1.9127848742172746,-20.866870925611966,-7.893664885872666,-21.649959486438117,-9.25429098302576,-3.7424458329418364,-0.5572654796795301,-0.62149886034662,0.40133108816187285,-1.1933056274328082,-3.5878201193090846,-0.5912798072366671,-1.2944084290019233,-0.39117220698855903,0.42739601395325755,-3.756623671340447,-2.6621133195313913,-2.123357837672034,-0.3473619520796148,-3.6649912184112083,1.112969580936091,-8.30019849194524,-1.630696691230405,-3.1568962805004186,-0.5870494095585307,-0.0070214253695052775,-1.2363968746612473,-0.2520741699496285,-0.929704322993445,0.16078827171974494,0.19144553281211585,0.9697436222752236,-1.6220525674785806,-1.6451227208630488,-0.781868209453921,-4.783871621855845,-3.257084346132664,110.41126999512315
406.5,28.1,31.4,10.41,8.215,628.5,1.83,1.2429,0.0576,178.0,2.865339918651946,0.0803,0.0452,0.0112959999999999,74.0,635.7142857142857,10.233356852328376,0.28,0.14,0.08,0.0,0.1127832756406402,0.0717922868966855,97.4,2310.438051510152,0.0183640280367156,11.209851980137037,88.77178399182625,126700.0,55075.29,33831.22,30.733895233898767,1.0251391827949203,4.746573554900874,1.0265837231057064,162.4,2.4413685764931783,1.1840425194526414,1.7355256085051216,-3.009815139261383,-6.196160854327804,-12.412851499379611,-26.167508692700263,-8.213414035164751,-3.496920318705962,-0.21578412499433927,-1.379542433924507,1.6241324416672196,-2.1455645034353563,-3.2699090163595983,-0.6723659961624073,-1.7953213295185317,0.5385965114800894,-4.616556222263412,-1.0953130364945782,-1.4680143978943432,-4.7519746924269315,-0.20091624479352857,-2.744018015510713,3.4400924598340246,-4.657069926089608,-1.5373002057429412,-2.5843638485126816,-0.8681621391186493,-0.9697744490966826,-2.9754964004767444,-0.6952153248029452,-1.0947475954735035,-0.2988267903728415,-1.199506623580431,2.8050718149946383,-0.6660101729553822,-0.059832885627013645,0.7013660080016902,-4.369533930703377,-1.4766248183200756,110.41126999512315
180.9,27.2,28.5,8.655000000000001,7.98,661.0,3.54,66.2474,1.0595,34376.0,483.0,28.7012,25.1718,28.6734,5797.0,379.3590535887702,5.33018451487596,90.616,40.315,35.368,6.809466666666666,17.150500621066524,0.5104117114683594,57.69,245093.0,4.046117032847509,70.70339991554594,25.250483051606547,87265.0,36610.0,23148.0,20.47279770573432,11.45791031431516,5.074354330870425,0.2603928326866012,70.9,21.93563598247084,5.813898000946175,0.5906682276384284,-3.122569664590215,-3.5260334606065116,-12.392694146141102,-25.147272909921593,-13.623327008276249,-7.788048339150847,-0.5524146196354816,-1.3725520370264228,-0.2307911341295895,-0.654257597858087,-0.9384678460285057,-0.5534697441694656,-0.17512768576542484,2.1496300475951275,-0.18151937985715247,0.46146203319153994,-1.5966376727524523,-0.8445104865202042,-0.655914813407386,-2.267088014838906,0.40212168004829457,-4.761886717448943,-0.14731421462415395,-1.8158769928206067,-1.4146344359250123,-0.528872173832108,-0.04791987588318684,0.5681997012145196,0.11737733928331558,-0.1273237553145726,-0.10467800070686994,-0.08995281470163441,-1.5849900396401058,0.6432658206826701,1.109075160180219,0.14122221364950116,-0.632250030588669,110.41126999512315
180.9,27.2,28.3,6.84,7.81,215.0,1.59,66.2474,1.0595,34376.0,483.0,28.7012,25.1718,28.6734,5797.0,379.3590535887702,5.33018451487596,90.616,40.315,35.368,6.809466666666666,17.150500621066524,0.5104117114683594,57.69,245093.0,4.046117032847509,70.70339991554594,25.250483051606547,87265.0,36610.0,23148.0,20.47279770573432,11.45791031431516,5.074354330870425,0.2603928326866012,70.9,9.375593740030622,3.7672142807672753,-0.7313031362726665,1.2769240005322118,-3.1267821619519958,-14.444896999876944,3.43904511985524,-0.16483642972695348,-22.915463377318037,-2.547010664061334,-0.026359777408651475,0.031911137743543705,-0.428624810896193,-1.3338326744246285,-0.2531660758750515,-1.3220089599133165,3.447984614901555,-1.057099867958265,0.5613179717934692,-1.1200037673154537,-0.40514396892549936,-2.1517983625060895,-2.7621268459549175,0.5891776871145713,-5.2084964488633,0.18364260359512072,-0.8588677793679125,-0.8328468933181513,0.030934582858657134,0.007111220185179512,-2.0581674794681977,-0.2526926156032518,-1.074592384198526,-1.4509169056266549,-3.1212359463314834,-6.376302504448687,0.385400035760832,-0.7891938048756372,-12.219161516339518,-3.294843374967263,110.41126999512315
218.7,27.6,28.8,5.44,7.505,662.5,3.62,94.75,0.975,80886.0,573.0,36.035,30.6179,69.9425,59746.0,503.33227546810537,3.5656280919222656,160.701,59.489,57.403,13.697,44.04493523854282,0.7705005543685988,37.51,683165.0,24.81513784080998,29.71825110917296,45.46661105001707,37563.0,37438.88,16936.21,15.717915646179634,15.449625511761106,1.4422353381379165,0.3216419673452932,70.17,9.07238076551757,3.077741563827399,1.1693743496232967,-4.575536674640607,-0.794852713725218,9.259142739409581,15.244077401484056,-17.408227435792803,-12.535991389897342,-1.6830684446931519,-2.3355394521386668,-2.6047785503774246,-1.9487010078768556,-2.705607063306186,-0.877809809905787,0.07426125160418436,-0.5693117486887299,-8.909082532962785,-1.8250349209286902,0.9995432894676921,0.2240194868063555,-5.778479129010811,0.14369668865266064,-31.429588954611678,-4.085751236934838,-0.8078225641666611,1.122537413962806,1.3156055683689185,-1.3857376842216282,-0.1692925929309185,-0.272594659604753,-0.15836525066755605,-0.0773129975469784,-1.8954757505034416,-7.560276188335073,-1.551786229851034,-0.9147582436601311,0.07575757168699122,-13.531809941447186,-1.004619910150456,110.41126999512315
472.3,28.1,29.8,8.225000000000001,8.395,391.0,3.49,47.0,1.3107136824324324,36372.0,288.0,18.2749,8.0877,23.6982,13421.0,653.2327586206897,5.172413793103448,55.68,23.55,11.03,7.75,12.063693803924313,0.472838893581081,63.26,168105.0,10.1,30.6,59.3,59606.0,41956.5,25127.5,34.79581925675675,15.15646114864865,0.5191153820594531,0.2286277449324324,50.55,9.235076349056207,4.714350194292693,1.5073556124690606,-1.4397976593968134,-5.80154538255728,-11.8227407670673,-19.50815814019569,-5.645045686021913,-5.242959578249912,-0.16323885583474057,-1.6451147189456972,1.866462639725457,-1.5496634598115147,-4.566635813077448,-2.3483231198748897,-4.309450658204345,1.3873156245502958,-11.784012872925182,-0.5031662088058276,-1.1464760858627647,-2.650918132334482,-1.129720550444133,-3.4294433553780723,0.6284563870122654,-4.436409822840553,-2.5710678439486454,-2.3384239310616004,-0.7407892026814328,-0.6497044022559803,-2.559122025106725,0.22598880113490358,-0.753184295754568,-0.3001681467114642,-6.02695190891158,-1.8493797175221456,-0.32861225821854007,-0.19757540608911414,-2.0991527686043026,-5.770554836483982,-0.6887892012973312,110.41126999512315
289.9,27.7,28.5,2.965,7.505,599.5,4.1,86.2176,3.9735,25523.0,815.0,31.1163,21.4397,17.1606,5383.0,209.2032032524324,6.680273112515471,122.001,42.695,30.889,6.378066666666666,23.09060459820272,0.495701072671828,46.74,578032.0,13.2,34.4,52.4,70896.0,35317.0,22722.0,12.79694947845151,11.127680470035047,1.418914034866713,0.2008954576580689,54.7,14.898649506540147,4.706185363692904,4.87453868161421,3.6753416271166244,41.23097942688657,76.56322394334246,61.27840457914087,-3.565477657505935,-12.580641860783414,-0.39609920505589774,-12.378014188292438,4.619987164852984,0.7488101826809986,3.0176004728139354,-2.171033588925685,-2.327302723343795,5.348100034267024,24.324221301921643,-1.2608624342409869,-0.7470137630123617,-1.3651440213636217,11.775823930002128,-1.5196356369911992,1.3230755076720417,-10.634680033152305,-1.1940699456073336,3.2180428942145483,-1.6920374147050694,-1.0661382374726205,-1.242484209345032,-6.855318179129003,-1.3081220540280096,-3.509011579860621,2.3788550293399013,2.4619638317388772,-4.774343700550189,0.2055706077457072,-0.7320878296562808,-7.226231453140888,-7.503168625170364,110.41126999512315
331.5,28.3,26.8,2.28,7.7,1200.5,6.42,62.8682,0.7473,30465.0,544.0,23.7417,15.1611,35.7857,16160.0,391.6363496124131,6.993276684364113,77.789,31.907,28.226,8.037,12.555758966506351,0.9191379276851872,47.4,302484.0,8.8,57.3,33.9,63896.0,41068.0,18414.0,9.819277128486252,7.904115227830772,0.4381657992565056,0.2590222331408918,63.9,15.186695465505212,1.4701330110164188,3.8324890999977157,-1.960220068672981,-7.906344895752458,20.442201662984832,47.42045435337815,-18.110948276918695,0.977242173690664,-0.3088277709779034,-0.9354291165627858,2.743980191870748,-0.9535868221661049,-2.412011313346835,-4.281535074324344,-3.729415655711976,0.8816142375565418,0.9039576570348219,-2.625728992962588,-2.630972110304668,-1.7689486201674054,1.1052168802420272,-1.0941050351985429,6.81564132700674,0.7138919245079146,-0.22792845488681243,-3.95744114872068,-2.011882106112319,-0.20043677259236561,1.9390775825828317,-0.4303679897030796,-1.9096479209776334,-0.22490249793666153,1.826743495801152,3.181340378796062,1.0171571772110959,0.20305910912342284,-1.2888877838120474,-7.682767998543568,-18.779930447020263,110.41126999512315
115.2,28.8,29.4,2.42,7.52,524.0,8.27,60.6455,0.7705,18738.0,201.0,20.6519,13.225,27.4686,21790.0,236.6058463286824,2.5380390176147487,79.195,32.652,23.515,6.148,12.782698470895246,0.7724210753786316,47.21,209885.0,11.2,48.7,31.3,49780.0,37342.0,15884.0,8.251880779338212,6.642425473153561,0.2421040892193308,0.2176759611841297,53.7,11.37187150407954,5.844519360326896,12.49695540600301,14.35456925156449,52.5024538626708,77.77937178818975,119.69505742501777,11.603892637911882,33.57888006224608,1.5962674155303642,6.9165395790874085,5.307893185789383,-1.5473917813676696,-5.742671326548636,7.313255280442536,-0.4732292284738868,5.729505853997544,35.5808874618945,2.890838871474065,-2.0156182833652303,-1.1399854754625522,4.320491658635439,-4.58413545301805,20.725455868492528,-3.76199531941908,1.5209308960490564,5.052118591000331,3.3007579078292415,4.270120499207015,5.708343052714287,3.821701147464726,2.265370278090707,2.5943458487799673,4.692676849866598,15.847772430283944,3.2251355437802425,-0.414384189912429,-5.742609190778654,-7.565217819585627,-9.849568335111256,110.41126999512315
116.8,28.8,28.9,3.4850000000000003,7.470000000000001,539.0,6.93,49.512,0.336,36853.0,138.0,15.7684,11.0015,49.6713,4038.0,582.73904587214,2.182128682342152,63.241,25.634,18.924,13.688,10.207596868462485,1.431208510245323,64.28,314899.0,7.9,22.3,69.8,42653.0,44208.0,19416.0,15.289797719630393,12.30765986180222,0.1473591078066914,0.4033288293821397,99.5,8.573355689591098,4.489581089367632,8.533389594738841,0.6379050289435941,35.15186923151293,92.34914738092647,155.2582948198232,10.442938598086284,29.710608708224417,18.937194000248184,3.667405868070199,18.705895297701165,-0.1077549992781132,-1.4842504084715575,10.496206695653191,3.8598838900774735,16.09863134382138,-17.883349447680327,13.520905220206666,0.0615783345854517,6.1095564065671795,28.832765164786636,15.077364562768489,30.260944545920932,45.04901257086234,11.734745028621205,0.5326927842618883,2.2188707291800456,-7.282864738636804,-8.295260372947283,0.7497931722722205,17.050997472942495,-0.8513570166348204,10.588625868267076,2.857930952824335,5.8918781555296595,30.43316939479827,35.15591198831176,-24.503187906341623,-0.47874756410407393,110.41126999512315
350.2,26.8,28.3,10.625,8.45,1078.5,2.18,97.153246,1.5051,22704.0,603.4405868680999,11.4219,8.4222,23.795409,18373.02,371.52675503190966,9.874661869875633,61.11,25.96,23.28,5.82,24.61494990856973,0.4775021872663257,65.5,193424.9506420834,3.786310606464182,52.02179642033601,44.19187938339238,90072.0,39502.4,26966.29,10.53622467854088,6.818367587891776,8.389512313189808,0.5234059869036483,82.8,4.902933777019566,2.2617818375990937,3.0897764138660073,-5.887907232516446,-12.205693512676902,-11.036335233968373,-22.020646747210993,-4.992305358322338,-1.1825483631528912,-0.5023649570796026,-1.3163446172474262,0.964564414600221,-4.484334028301139,-2.3344491837134895,0.030538000101222762,-1.6898240286251542,0.8453887583656862,-0.7752602319248637,-0.9242774880786108,-3.4523303461292127,-2.342439345830741,-0.21931511212450747,-2.7717278432209667,-7.866406683630777,-2.1576995820753884,-0.18759420447361896,-1.2552408326681082,-2.6028070307305695,-3.8286448709162255,-0.11374058608586579,-2.141790244563794,0.6823504539454973,-0.7640960966438671,-0.5156063280083862,1.2998182969066914,-11.611096625588061,-0.3954283963997549,0.029247564290029577,-1.5796159749555707,0.5748156042769559,110.41126999512315
3.0,3.8,7.2,11.245,8.260000000000002,303.0,7.99,0.7773,0.0,12.0,0.6876815804764671,0.0007,0.0051,0.023982,5294.6,171.42857142857144,9.824022578235246,0.0699999999999999,0.0,0.01,0.01,0.02819581891016,0.1652892186691128,90.7,3055.4045483894115,0.0595207257760765,21.668917363058736,78.2715619111652,78113.0,49348.53,31412.48,18.77858494367249,2.360204165039463,3.730853285200316,0.6732214686623013,106.5,2.1444181931606483,0.4077135318645207,-32.31086379672555,-3.3407827701741675,-8.612167211240934,-4.693510563189629,-18.47865881766271,-9.393343374451701,0.020581844968644125,-1.9194909561266356,-2.2302740768521723,-0.01858677189195637,0.14469570352113845,-4.047313227546401,-0.8734115459226688,-1.2084041293974346,0.37797579509516505,1.6884950095873028,-0.2845101873863803,-2.0021787086490073,-3.111729358781595,0.0038633529593544345,-1.2044017846899802,-1.115451308678214,-1.9196000847266992,-1.0893812020464482,-3.7922775848753134,-1.2676435004558881,-0.506312329306578,-3.7263118884192465,0.1418685168633234,-1.374370296287233,-0.47651011511470126,-0.1927091558312534,0.7544034163300735,-1.308164495687622,-0.4362829672541319,2.1794796799977,-2.056814977242612,-2.70039955821121,110.41126999512315
3.0,3.8,7.9,14.545,8.375,982.5,8.57,1.2429,0.0576,178.0,2.865339918651946,0.0803,0.0452,0.0112959999999999,74.0,635.7142857142857,10.233356852328376,0.28,0.14,0.08,0.0,0.1127832756406402,0.0717922868966855,97.4,2310.438051510152,0.0183640280367156,11.209851980137037,88.77178399182625,126700.0,55075.29,33831.22,30.733895233898767,1.0251391827949203,4.746573554900874,1.0265837231057064,162.4,1.4020485817681407,0.063024232081925,-20.35868471479315,0.2733807753399014,-6.49120197826453,-12.557812993604843,-16.688222931530323,-0.338240433506046,-1.2994066398823634,0.08730476878738698,-2.3525449722873364,0.8660811860145371,-0.37669295442717443,-1.7102343709526266,-0.9426226401321287,-4.120016271886417,-2.0623964369359107,-5.009467729517881,0.3904268690819533,-0.9941786174553752,-0.7384333007037639,1.4457622375463446,-2.319166383810032,1.291260595326312,-5.7206626385489185,-1.7153949839062987,-3.886668401172695,-1.6096081577753647,-0.6481371644108237,-1.795512626008131,-2.416357560884208,-2.359109301720745,0.3432277140502507,-2.789532648193029,0.9530836590426043,-0.7533160227832081,1.483500462149581,1.5934170712716875,-1.6885788201944285,-0.96460026259146,110.41126999512315
14.0,2.8,3.3,13.29,8.49,1280.0,4.44,66.2474,1.0595,34376.0,483.0,28.7012,25.1718,28.6734,5797.0,379.3590535887702,5.33018451487596,90.616,40.315,35.368,6.809466666666666,17.150500621066524,0.5104117114683594,57.69,245093.0,4.046117032847509,70.70339991554594,25.250483051606547,87265.0,36610.0,23148.0,20.47279770573432,11.45791031431516,5.074354330870425,0.2603928326866012,70.9,12.651086673819664,2.6899132428081045,-7.435698903313217,5.862751964606967,3.463167658536696,-12.114470434269558,-27.045813607716315,-1.0559002168787022,1.5989580709052584,0.056496394203665666,-2.1053676031591992,-0.0768753217797098,-2.4956893360801047,-1.2608279309825343,0.0735718679986892,-4.468261756002903,0.31152159648481553,0.9505297559639433,-1.2038287103502077,-0.32899128595987975,0.43556568996515094,0.6944002852340544,-0.6041674558554456,-0.8985037129356845,-2.2940390657928442,-0.7150341961998508,-0.9892966466210783,-1.7649105595859391,-2.576373744950009,-0.6344349417230116,-1.871309576658532,-0.17485933329444472,-0.16621150007781824,-1.335499311463596,-2.359950856571087,-3.8249188209356118,0.16319305895361946,-0.41296642892838814,-0.610972956543168,0.10457871771728063,110.41126999512315
14.0,2.8,5.1,13.27,8.425,1215.0,6.35,66.2474,1.0595,34376.0,483.0,28.7012,25.1718,28.6734,5797.0,379.3590535887702,5.33018451487596,90.616,40.315,35.368,6.809466666666666,17.150500621066524,0.5104117114683594,57.69,245093.0,4.046117032847509,70.70339991554594,25.250483051606547,87265.0,36610.0,23148.0,20.47279770573432,11.45791031431516,5.074354330870425,0.2603928326866012,70.9,5.734174639883351,2.8938711870326075,-4.366003527940872,5.924558441210537,-0.5494401313845684,-26.978450555488624,-15.886513971438012,0.6636989893966057,-0.7363705043595585,0.3342787285412963,-0.6780635568592707,1.0861768226224626,-1.8481428886065243,-1.10858670561264,0.7802884866157548,-2.952148862198616,-0.2962369983224192,1.8912651492003354,-2.9197609857407687,-0.48096601987723453,-0.2854946442103641,-0.8936467398935927,-1.7013321520760665,-0.7958970114495605,-3.5192477063958836,0.0753512428204215,-1.2215294739045204,-2.5296010010627406,-2.645438643138237,0.4313668180598554,-2.0106184745657574,0.2662075654262048,-0.6312226810725408,-2.15999028670912,-1.5323968075464152,-5.428651970447972,0.10495375042470793,-0.17860262581147288,-1.6928133852003766,-0.0647910130885417,110.41126999512315
27.0,3.0,6.5,10.395,8.365,897.5,4.06,94.75,0.975,80886.0,573.0,36.035,30.6179,69.9425,59746.0,503.33227546810537,3.5656280919222656,160.701,59.489,57.403,13.697,44.04493523854282,0.7705005543685988,37.51,683165.0,24.81513784080998,29.71825110917296,45.46661105001707,37563.0,37438.88,16936.21,15.717915646179634,15.449625511761106,1.4422353381379165,0.3216419673452932,70.17,36.85479563669813,15.216981156528105,-5.542715295444554,3.6084009955567304,-2.1136035135217637,-6.5221668569246924,-18.623133873444363,-15.642819854762251,-2.0395683768903834,-0.27015031759937597,-3.0450074975704777,-1.424540111026726,-1.3615601470251562,-1.1354694713776305,0.00914641018957004,0.4580170536941541,-6.710508795361964,-6.132315893567476,-1.2311285945144472,1.2351589617684173,0.32419489110354416,-1.9869389532521975,-1.6716378997281816,-12.484352271533572,-1.7150738658724982,-0.7523776325909436,0.3295094922487618,0.8307351470955959,-0.10351210661931025,-0.1985377945906166,-0.7001128641127924,-0.8029990268979854,-0.39042387131601636,0.6988370568025856,-5.556567566208543,-0.011843368128562496,-1.2666458191730399,-0.7488516840043792,-5.138163048677768,-3.037843962960567,110.41126999512315
31.0,3.9,6.9,15.045,8.495000000000001,879.0,1.98,47.0,1.3107136824324324,36372.0,288.0,18.2749,8.0877,23.6982,13421.0,653.2327586206897,5.172413793103448,55.68,23.55,11.03,7.75,12.063693803924313,0.472838893581081,63.26,168105.0,10.1,30.6,59.3,59606.0,41956.5,25127.5,34.79581925675675,15.15646114864865,0.5191153820594531,0.2286277449324324,50.55,11.566222191550075,1.8688901130579705,-0.21088242333382454,0.26824349654528173,-2.44133685517901,-15.087607872276179,-13.275433488736548,-17.51968718419317,-3.789941030523428,-0.20901630670453222,-2.416061463374645,-0.7032653660948088,-0.6222270286929175,-1.856001114745159,-1.058083535575619,-0.30288171982082207,1.2143187980617702,-4.958692719770284,-0.11338780708921485,-0.7748466148599983,-1.462593184094877,-1.6052614702284338,-1.3685358056395007,-0.7675554200215262,-0.4353113451894995,-1.053066538626638,-3.835686890662959,-1.0595767023445417,-0.0063915705269512,-0.8858927671409512,0.018784229091057963,-0.6406553618268412,-0.2706880431280778,-9.731545539816532,-2.092183252253261,0.06610521994375877,0.04564150699569532,-2.3733239211235184,-0.5973771997184173,0.855088338079319,110.41126999512315
11.0,2.5,7.4,13.59,8.344999999999999,1163.5,5.85,86.2176,3.9735,25523.0,815.0,31.1163,21.4397,17.1606,5383.0,209.2032032524324,6.680273112515471,122.001,42.695,30.889,6.378066666666666,23.09060459820272,0.495701072671828,46.74,578032.0,13.2,34.4,52.4,70896.0,35317.0,22722.0,12.79694947845151,11.127680470035047,1.418914034866713,0.2008954576580689,54.7,9.1879398557201,1.2733338797976197,1.0942677677267552,-4.208679675638364,0.489908647501531,-19.71046943660205,-22.7882667858433,8.200738512333482,-0.43220691489055607,-0.17427944031543804,-3.442398939486594,0.32941750305238965,-0.6131837132899101,-0.7231669958339394,0.43982435454148927,-0.9812405396066612,0.7126474318932745,4.819821461392565,-3.6511735460115577,0.38284231290221155,-0.5678933668136606,-0.32154456061621534,-1.4555321239167813,-1.5826547162483138,-0.6541550735322138,0.16988959933786182,0.43468864477394814,-0.5559536938757311,0.4568022901689008,0.21473440810417146,-2.232699934571671,0.48749799767198737,-0.42116170079137066,-0.06517824459820847,0.08767078504276753,0.16418812743077785,-0.46024869274503377,-1.7474384130521983,-4.235588161591441,-3.1426710968604312,110.41126999512315
22.0,3.1,9.8,13.489999999999998,8.15,2355.0,17.85,62.8682,0.7473,30465.0,544.0,23.7417,15.1611,35.7857,16160.0,391.6363496124131,6.993276684364113,77.789,31.907,28.226,8.037,12.555758966506351,0.9191379276851872,47.4,302484.0,8.8,57.3,33.9,63896.0,41068.0,18414.0,9.819277128486252,7.904115227830772,0.4381657992565056,0.2590222331408918,63.9,60.07825118388592,30.503241102251486,1.480435066609644,4.249345954721794,-10.551295080039031,-14.46756417309089,-37.007375494112885,13.168808111748659,-8.87488918327571,-0.24180619155211813,-0.4203071336324015,0.7010460935843477,0.05256496706667221,-0.5557208209934962,-0.14003351147752255,-0.2551078814237086,1.3621784074588985,0.3101099830074225,-2.1573225298554966,0.2808361812044556,-2.3891261832835142,0.3483580136826873,1.1888535207572095,1.5060168391869722,-1.6851996428620373,0.5311967983407286,-0.23959301531625213,-0.9149642916047028,-2.648515352401883,-0.34252112588379385,-0.5062808730887869,3.9885062525002297,0.05147204857474671,1.8152136538674426,1.8208230237166074,1.4831326852940627,0.18615189469264148,-0.0943693405187993,11.707625236194579,2.1176164940527307,110.41126999512315
26.0,4.3,6.5,12.885000000000002,8.295,1150.5,9.9,60.6455,0.7705,18738.0,201.0,20.6519,13.225,27.4686,21790.0,236.6058463286824,2.5380390176147487,79.195,32.652,23.515,6.148,12.782698470895246,0.7724210753786316,47.21,209885.0,11.2,48.7,31.3,49780.0,37342.0,15884.0,8.251880779338212,6.642425473153561,0.2421040892193308,0.2176759611841297,53.7,11.85198474516192,4.369390451033964,0.3416565133056932,3.5424570297868923,4.8263466723247745,-14.422529364364843,-39.41181185330885,15.887075025753584,1.4136246825871057,-1.918540945394585,-1.1997860234153161,0.8106688703969104,-2.062705156039446,-1.1858347586418188,-1.549515571226365,0.23020919422929373,-0.3631386520977428,4.684044835173213,-1.0020222017324218,-0.6415149309144681,-1.2349915546691055,0.0077202051101883384,-0.7022952815579858,1.7589268212268756,-1.3939578801005468,0.8111357760041331,0.2968202907623099,-1.558334450769858,-1.4157947140093894,2.1634535268833868,0.7717827188689258,2.587395885746615,0.027057307542611042,2.317173165332836,2.7526415319663164,4.771019358934526,-0.7304821816862859,-2.083771342321613,0.1741966421638287,1.5459507886134094,110.41126999512315
26.0,4.3,7.4,12.76,8.274999999999999,1099.0,6.26,49.512,0.336,36853.0,138.0,15.7684,11.0015,49.6713,4038.0,582.73904587214,2.182128682342152,63.241,25.634,18.924,13.688,10.207596868462485,1.431208510245323,64.28,314899.0,7.9,22.3,69.8,42653.0,44208.0,19416.0,15.289797719630393,12.30765986180222,0.1473591078066914,0.4033288293821397,99.5,8.27948705967719,7.055222839973986,0.7623398672308159,4.503555488760274,12.752880248810783,-11.510069586134827,-30.97291966482842,10.073655368606559,2.8362493592454108,0.7078402477006117,0.809698849314203,1.5590326769603402,2.236022933983866,-0.4377550595393389,-0.5543408213540278,1.5970951397530746,1.8281040316789108,-3.6315577094086113,1.9044009984269101,-0.4665603394464896,-1.2379413334109521,0.8488044183064872,0.8831757211832642,8.038877249839715,2.279388332276916,2.8829643131559712,-1.129363577635959,-2.7415877780364806,-1.2358321147458637,-5.176853586354601,0.3637115589886273,6.3232347986614315,0.07078648990951535,1.1917851731258746,-0.7355886376835409,3.9341420345303297,2.249460382346684,9.203764625246793,-2.9219393360149106,4.254829983615006,110.41126999512315
6.0,3.1,7.9,11.13,8.28,1119.5,7.6,97.153246,1.5051,22704.0,603.4405868680999,11.4219,8.4222,23.795409,18373.02,371.52675503190966,9.874661869875633,61.11,25.96,23.28,5.82,24.61494990856973,0.4775021872663257,65.5,193424.9506420834,3.786310606464182,52.02179642033601,44.19187938339238,90072.0,39502.4,26966.29,10.53622467854088,6.818367587891776,8.389512313189808,0.5234059869036483,82.8,4.144270442200799,0.5522452056477989,-13.049617276561138,-1.871987311470634,-4.979489020818534,-7.939607461913641,-19.506131154002308,2.0338607412638763,-0.889930246941124,-1.1783713740436368,-1.8364197044633321,1.0372904786017403,-0.1346996197958171,-3.054111521067098,0.7892937160469596,-2.571528846882283,0.21903716045742164,-0.603893509795889,0.15776242728500334,-1.7102532560533537,-1.9547648139608391,-1.2832764350576331,-0.5608624882406241,-6.026439226604222,-6.7787254137313,-1.0769689391149837,-1.724490931541659,-2.552601696122437,-2.961166538271742,0.029803854837083588,-2.2986683795026828,0.25285682627620804,-0.5317615368838107,-0.3270394529200476,1.6089839385387792,-13.397352587627248,-0.35968909950461253,0.2361482145978758,-4.077789535505386,-3.522599608724315,110.41126999512315
0.0,20.3,15.2,11.685,8.274999999999999,352.0,2.82,0.7773,0.0,12.0,0.6876815804764671,0.0007,0.0051,0.023982,5294.6,171.42857142857144,9.824022578235246,0.0699999999999999,0.0,0.01,0.01,0.02819581891016,0.1652892186691128,90.7,3055.4045483894115,0.0595207257760765,21.668917363058736,78.2715619111652,78113.0,49348.53,31412.48,18.77858494367249,2.360204165039463,3.730853285200316,0.6732214686623013,106.5,0.7833171647483672,0.4557290934674147,-18.644135829981142,-1.3541805607736268,-12.76191189347029,-2.7458508969909357,-30.73618162302533,-6.197752140446876,-0.48309254769934373,-1.5711375375130832,-1.6596772651622702,0.172263723411597,-0.3996614092631112,-1.8355430633163392,-1.8397155471860123,-3.2704412508926666,1.1198511322665337,0.06601579356317952,-2.5919435096299277,-2.730455032060853,-2.0583997925658086,0.7523778232784631,-0.932526905423923,-0.07563540328992542,-3.4976332953580034,-1.9147958682741348,-3.5949527438194493,-0.8893863871670327,-0.6902601722829672,-2.3643243009593173,-0.060594054616521974,-0.436395905824223,-1.9421239572724647,-0.275807721402962,0.24736042897605082,-0.4987637958435043,-0.0075369284519308175,0.560071466992765,-3.5273196987629247,-1.7112376835007064,110.41126999512315
0.0,20.3,17.6,13.415,8.335,1130.5,1.13,1.2429,0.0576,178.0,2.865339918651946,0.0803,0.0452,0.0112959999999999,74.0,635.7142857142857,10.233356852328376,0.28,0.14,0.08,0.0,0.1127832756406402,0.0717922868966855,97.4,2310.438051510152,0.0183640280367156,11.209851980137037,88.77178399182625,126700.0,55075.29,33831.22,30.733895233898767,1.0251391827949203,4.746573554900874,1.0265837231057064,162.4,0.585666978613062,0.3186887923725757,-17.014995774099948,-1.7046090338480038,-6.82499987756523,-15.018085757691493,-11.587329306549703,0.5387598284954821,-8.456201095105305,1.8357303572415056,-0.08032469183206652,-0.7699886859736101,-1.269084474582536,-3.51007704631891,-0.3075919632093671,-0.09608925350631219,0.19579706177814035,-1.0525977676315226,0.28437941102776687,0.31691991066560216,-0.9608935033056573,1.5415783184180814,-0.9787316541059408,0.399055891367607,-1.8396737903573868,-0.8089209699009855,-4.510671982344939,-2.699366588283835,0.40696972617569077,-1.4555947613817013,0.4553041896689685,0.7826982170184301,-0.695045079068902,-1.432230094577341,1.3119069620097672,-3.6393582124899453,1.5744795492974415,2.0944658244556433,-3.864438475638939,-0.8949766674117804,110.41126999512315
9.0,18.5,19.4,12.54,8.235,1169.0,1.615,66.2474,1.0595,34376.0,483.0,28.7012,25.1718,28.6734,5797.0,379.3590535887702,5.33018451487596,90.616,40.315,35.368,6.809466666666666,17.150500621066524,0.5104117114683594,57.69,245093.0,4.046117032847509,70.70339991554594,25.250483051606547,87265.0,36610.0,23148.0,20.47279770573432,11.45791031431516,5.074354330870425,0.2603928326866012,70.9,29.75508441914975,10.859103236955589,-1.868130654720589,-2.793684314837059,-20.545748113808997,-25.753012775263432,-20.41899152777934,3.28581561202649,-8.920043504349886,0.30287172770593274,-0.8579601073435811,0.9468191995844243,-0.44750406577717566,-1.1432781091037516,1.6965740094062263,-2.9530884773191075,0.40076888015028045,-0.9975968528787296,-0.31887532691005527,-0.5399723722646003,-0.5698726706408573,0.13091993670289637,-4.526802176504085,0.6855632181426833,-0.8868398672062887,0.3124802319736526,-0.5546492045543467,-2.093971184296534,-2.2844813549122787,1.6499694215428706,-1.0523521832656115,0.09719493902288345,-0.25329843382351197,-0.6270564400358133,-0.22791109274141572,-3.4756273354108767,-0.07049908456392602,-0.05655663309308482,11.061109738630863,2.500957604027354,110.41126999512315
9.0,18.5,14.7,12.95,8.39,1258.5,1.26,66.2474,1.0595,34376.0,483.0,28.7012,25.1718,28.6734,5797.0,379.3590535887702,5.33018451487596,90.616,40.315,35.368,6.809466666666666,17.150500621066524,0.5104117114683594,57.69,245093.0,4.046117032847509,70.70339991554594,25.250483051606547,87265.0,36610.0,23148.0,20.47279770573432,11.45791031431516,5.074354330870425,0.2603928326866012,70.9,5.434662745145532,3.4819658938236606,1.107727372605974,-1.1278890441792708,-8.932820706039978,-21.59858441378611,-10.882014415448841,0.39300830755538047,-8.208537728834589,-0.7012566128776715,-3.1121464098338047,0.7352529920653114,-1.018176318424132,-2.9900339629625283,1.9355952234659346,-0.8923235472757375,1.5166888068942341,0.5854078463977191,-0.8415189502264067,-0.9160258800101779,-0.20752169635457304,-0.10155947122257292,-1.8635328004369507,1.0232669978852698,-2.1275113985920315,-0.8866380126541484,-0.9649449723136295,-2.465333437191631,-1.6274960720026865,1.9779499684957147,-0.4702818513630567,-0.23317913038345592,-0.20611386261880416,-2.169903887923184,-0.32330047451114946,-2.676961338105612,-0.07934894072202277,-0.40854395489053125,-1.0149607712185635,0.6132004498643804,110.41126999512315
33.0,18.7,14.7,12.06,8.364999999999998,815.0,4.2,94.75,0.975,80886.0,573.0,36.035,30.6179,69.9425,59746.0,503.33227546810537,3.5656280919222656,160.701,59.489,57.403,13.697,44.04493523854282,0.7705005543685988,37.51,683165.0,24.81513784080998,29.71825110917296,45.46661105001707,37563.0,37438.88,16936.21,15.717915646179634,15.449625511761106,1.4422353381379165,0.3216419673452932,70.17,28.657447234120006,11.500972447043438,25.313923811619944,-12.354110269410304,-35.46779831012439,45.51411388324689,-19.74803275980133,-26.48671287088966,12.340497121708466,3.5994296189583843,2.5723817385624472,-0.30233053071734517,3.7802063962021717,-0.16577747963368714,0.20981060376390648,0.5488391031231732,1.6486864604149016,-5.038387915365555,3.3499111259511363,2.8208279121403286,1.9173821615443256,0.7814044124260532,4.478233757902248,6.502026274459591,6.622461977385292,-4.4483190231832355,0.055483926429103526,26.10742014926392,2.1116750817714878,-0.4577808792733906,-6.138557613630155,2.3170894975106537,-1.739618987337062,0.13965934580657624,-5.595644420278258,-0.12211958703740174,0.17282638003583894,2.209352203515979,50.9909239208481,18.04059524204582,110.41126999512315
15.0,19.9,22.1,12.63,8.305,797.5,3.01,47.0,1.3107136824324324,36372.0,288.0,18.2749,8.0877,23.6982,13421.0,653.2327586206897,5.172413793103448,55.68,23.55,11.03,7.75,12.063693803924313,0.472838893581081,63.26,168105.0,10.1,30.6,59.3,59606.0,41956.5,25127.5,34.79581925675675,15.15646114864865,0.5191153820594531,0.2286277449324324,50.55,39.863247803009024,28.359485295314173,-4.730627011541122,-1.3538359965616842,-9.205178676867702,-14.193219012264164,-13.524071994907379,-16.490898387404936,-2.882666527306815,0.4236733579480396,-2.1119392187342356,0.6050863901246357,-2.0233742405443143,-2.949458963646709,0.85014321180992,-3.848691482673553,0.8716037503319468,-11.790381327583455,-0.5701937522483063,-1.4389337723026978,-3.8787176614766943,-1.1851875806770606,-0.633043587097588,0.371474327770992,-4.914353747903369,-0.8743559653637935,-1.483215948306025,-0.4302294171337658,-0.7358226078345137,-1.2747036854798592,0.15879562328414382,-0.9639389680240619,-0.7281873564274676,-4.365910016003375,-2.643281028060398,0.10988675462780469,-0.17035415968081558,-2.0696397549177834,-3.8812721576138087,3.574041214105673,110.41126999512315
9.0,19.2,23.6,14.19,8.595,1340.0,1.97,86.2176,3.9735,25523.0,815.0,31.1163,21.4397,17.1606,5383.0,209.2032032524324,6.680273112515471,122.001,42.695,30.889,6.378066666666666,23.09060459820272,0.495701072671828,46.74,578032.0,13.2,34.4,52.4,70896.0,35317.0,22722.0,12.79694947845151,11.127680470035047,1.418914034866713,0.2008954576580689,54.7,30.783178357633727,9.45525005962829,4.563400583111991,-3.859613126084829,-41.937001239600754,-42.576223074269166,-25.291368936936678,8.552364774340143,-3.9067136337468416,2.3016287108728037,-1.6462714497946838,1.6375482514640292,1.1700745397775105,-0.22758212777320294,8.699694389668297,0.4937049775632711,-0.06749145266600005,11.945082885709901,1.0774043505374964,0.9082186014919221,1.346014313350123,0.7519556362088764,0.5712096218842397,2.943629512476424,-0.27281359574757474,0.659578698137775,1.49666247123542,-0.4863510572863725,1.9439827526896265,0.11756069054516693,2.8825012713794904,0.26131402563924794,1.4978272982376322,1.1935713220993045,1.1733935632805033,0.5219947813932485,0.388709740786191,2.264681897254969,26.83442805523208,9.361507761223866,110.41126999512315
19.0,18.6,21.0,12.24,8.32,2660.0,12.6,62.8682,0.7473,30465.0,544.0,23.7417,15.1611,35.7857,16160.0,391.6363496124131,6.993276684364113,77.789,31.907,28.226,8.037,12.555758966506351,0.9191379276851872,47.4,302484.0,8.8,57.3,33.9,63896.0,41068.0,18414.0,9.819277128486252,7.904115227830772,0.4381657992565056,0.2590222331408918,63.9,33.23973923855557,39.45693230718296,-0.2013865527118713,-4.965797549229659,-22.491045007021555,-25.1131387351399,-22.9325356933071,-15.029553565545937,-4.2142477250235,0.05786913663381724,-0.24288222766326073,-1.198096838275282,-0.21456313889861703,-1.1090876505213485,0.09876101224721967,-0.4200289792955542,-1.84201111353313,-0.6688553969701748,-2.712238176305547,-0.5849162787726777,-1.2947751434873014,0.007902888253253451,-0.6658213008346495,0.21273647169893037,-1.3984663907601498,-0.19031868650112302,-0.6528683105720364,-0.32319732543663177,-1.0980294197588223,-0.1670705947788278,-1.1534051096970996,-0.4069505213488205,-0.009452087571842098,-0.112207810691712,0.9180860919233713,-0.06293761007837068,-0.020335812625320263,-0.6437139101404079,-0.6642333667760237,1.128543094126896,110.41126999512315
15.0,20.0,19.4,9.77,8.1,1231.5,4.85,60.6455,0.7705,18738.0,201.0,20.6519,13.225,27.4686,21790.0,236.6058463286824,2.5380390176147487,79.195,32.652,23.515,6.148,12.782698470895246,0.7724210753786316,47.21,209885.0,11.2,48.7,31.3,49780.0,37342.0,15884.0,8.251880779338212,6.642425473153561,0.2421040892193308,0.2176759611841297,53.7,25.909993971269667,20.486433778709905,-4.494452213021772,-1.490954726884764,-23.178408702795085,-12.052169930734673,-28.584753088893677,-4.1178535432508205,1.3900081935990587,0.31364541888780256,-1.3434413768226896,2.2334429176198314,-0.7597893554267178,-1.9877650490713605,-0.735224495919733,0.018059503687545497,2.034403277082989,6.256083321127421,1.0607316441818468,0.6555445690235729,-0.4531292967575912,0.29247533455956676,-0.9366084858635434,0.7127601588812338,-0.14521022458250524,-0.0547529585193843,-1.3039946819872907,-1.104596706856974,-0.5544259168021385,-0.851148080941445,-0.32184610352851356,0.11560672019763747,0.4544882956830172,-0.9773231526231386,1.111634380513181,0.19103747239646682,-0.1186386358753464,-2.3683288726862526,-5.465050730164315,3.1083804802286132,110.41126999512315
15.0,20.0,21.5,13.56,8.575,1105.5,5.98,49.512,0.336,36853.0,138.0,15.7684,11.0015,49.6713,4038.0,582.73904587214,2.182128682342152,63.241,25.634,18.924,13.688,10.207596868462485,1.431208510245323,64.28,314899.0,7.9,22.3,69.8,42653.0,44208.0,19416.0,15.289797719630393,12.30765986180222,0.1473591078066914,0.4033288293821397,99.5,24.392431840835343,28.10453013756994,-6.733554450146233,-4.285006385863913,-24.859397584011315,-16.93398329913772,-26.480435010253757,-5.1141506560418435,-0.2975120852755701,-0.44700117503680903,-3.427805247119007,-0.2984123447180413,-1.653596637273827,-2.1641496858342237,-1.2180588467698552,-1.5184391456221544,-2.158641191720187,-4.585853272726139,-1.7565402765812672,-0.3598308519010119,-1.789431845298969,-0.46930606309867784,0.33537038401622876,0.7720222514394361,-0.2486647481347121,-0.7917606267123475,-0.5004549533105477,-1.8029649591694277,-0.47809283883931614,-1.201687979294609,0.01965582090507727,-0.5056261408903322,-0.19920976870227633,-0.21528325910679957,-0.9770927460088084,-0.15980495147019017,-0.09876329949358355,1.2903641172537277,-0.31015788286458706,1.2428505708525572,110.41126999512315
4.0,19.6,13.6,11.905,8.355,1489.0,6.84,97.153246,1.5051,22704.0,603.4405868680999,11.4219,8.4222,23.795409,18373.02,371.52675503190966,9.874661869875633,61.11,25.96,23.28,5.82,24.61494990856973,0.4775021872663257,65.5,193424.9506420834,3.786310606464182,52.02179642033601,44.19187938339238,90072.0,39502.4,26966.29,10.53622467854088,6.818367587891776,8.389512313189808,0.5234059869036483,82.8,3.52418367480048,1.733416410725629,-26.090832189264862,-2.292614367123849,-9.727211628764246,-1.8926697204665597,-20.323927077907914,-7.860406946270182,0.4395887114848784,-1.0604727592687897,-0.8181111430679446,0.40705533114921705,-1.0538833713019269,-4.289297367525676,-0.45204051772443027,-0.3867925312816329,-1.7747287485577792,-0.05505303748223578,-2.501171231589203,-0.992919794839497,-1.4771454278872511,0.21274799558333968,-2.3407355700836816,-6.650599278636122,-0.8223778519368105,-0.2375794797344126,-1.4845797314293068,-1.464188121074888,-2.639822938632763,-0.10469814792430661,-0.5047937223722695,0.005140587545465221,-1.9699816845784273,0.11961470855632823,0.6123707641622369,-6.815509983171554,0.5250992204435173,-0.27160308838666736,-3.56325726415962,-0.7834830176364632,110.41126999512315
533.4,27.3,29.9,11.03,8.425,257.0,2.78,69.61883,3.1667,31295.0,362.9812608948286,7.9764,10.4369,90.661662,22830.6,431.0012394986916,4.999053310767506,72.61,11.98,17.16,25.54,29.247120158096035,0.4441104259190304,62.5,205105.4262142192,6.613355601948504,25.327743910925538,68.05890048712597,63992.0,36649.66,25491.99,8.611711314748359,6.341558665661586,2.4926882667224866,0.4481821796071095,70.9,54.80299524576087,22.67115097828591,6.52713141264394,-2.5244884589143717,-2.7968997558966904,-7.743312702107555,-40.123768616815404,-8.477066755411217,-0.8684886788421626,-0.5087427868647495,-4.68119918809738,1.8558412326530866,-2.7054542837416133,-6.328155379227051,-0.0902473788739498,3.1552503781501815,-0.6226704581850203,-3.8852850857609886,-0.8356772672493621,-4.567522975862956,-8.81587579337104,1.7661695660511034,2.0404177726137758,-9.692353244790189,-4.019847706601333,0.2004367481032389,-2.0032397420393933,-0.13824802310516512,-1.4501536478707575,-0.8379401785802708,0.0186557394048823,-0.36674326017033304,-0.6936502262235938,-0.012077533697399131,2.148956769489063,-0.7031847177476928,0.4610563229955724,0.7891165505939485,7.006683685463699,5.060568384431923,110.41126999512315
430.2,27.3,30.5,10.595,8.39,269.5,4.34,102.81,1.7645,47925.0,843.0,43.5255,20.1416,83.8778,77459.0,294.8686396357596,5.186734756660309,162.53,65.61,36.45,18.38,34.437046921982514,1.6325084864460302,44.34,791032.0,14.2,49.0,36.8,60352.0,33354.0,19580.0,15.09150601532647,12.226414519989854,1.982933986704912,0.251596591393268,73.72,56.62261376126396,14.787470672180918,9.848184792982261,-3.3095880690682695,-13.642481238570374,-10.636451838941621,-41.49405332319904,-2.9661072922047853,-0.2867832030324882,-1.5893619102751833,0.31318666201240175,-0.8765886961140984,-0.00042494566024675606,0.23831094762465735,0.011689036809839534,1.9158121623502418,-0.27598924716779444,4.7159111805136,-2.5102603504201397,0.19284741603769362,-0.4521959714187922,-0.08596607825873992,1.2086317172879344,-4.835307712050466,-3.5670784663300346,-0.7149402711649127,0.05833168045307232,-0.11756380753746809,-1.6291713971303146,-1.2795511189724014,0.8764820181423185,1.5044309900289707,-0.14820926359389,0.24580620696612998,-2.094851310346275,1.8857912154821685,-0.02542075761283395,-0.3713861399190523,3.8510447066603217,1.5551736775847769,110.41126999512315
172.8,27.3,27.8,8.74,7.960000000000001,475.5,4.51,46.39,1.9696,37903.0,493.0,18.997,12.4084,46.2737,14888.0,438.5652299681805,5.704367949088805,86.425,31.048,20.027,9.119,23.6873667742644,0.5198347645921357,40.86,412043.0,11.40105756416319,43.837324276686296,44.76161815915051,46146.0,36086.43,16572.17,12.426995927713286,10.42342201495799,1.8765437977532649,0.2308378149566619,50.36,12.797463813189957,3.8154902271043216,0.5485647491722672,-1.5165832092512088,-5.1534605231710415,-12.012011295108435,-7.21163077406042,-8.93040122419596,-1.0174531438589716,1.8473050564123936,-0.10520405132245998,0.5407464981808646,-1.1343977883333964,-4.026753596019311,-0.10917933067306891,-0.8390202237448342,2.079391353606868,-4.328658280641151,-1.1779014118419344,-0.6450963771482913,-2.6171771566973354,2.70199146130588,-2.1824189507371443,-8.998000779369226,-4.558902668887749,-0.1867993718106309,-0.30234100627092,0.19304074130719506,0.49650375539281527,1.2635903305218863,0.39786791735173566,0.5531337479362257,-0.027977882230963463,0.9018590071921532,0.6360499418612253,-1.9761856763483954,-0.012064556110029953,-3.200701808522765,-2.541297084845136,-1.6535867650232572,110.41126999512315
289.5,27.4,30.5,9.735,8.254999999999999,484.0,5.28,6.34,0.062,5772.0,77.0,1.413,0.9294,11.2908,1379.0,654.421768707483,8.73015873015873,8.82,2.541,2.176,2.684,2.417385883124235,0.1122410186812435,81.11,43475.0,1.100962322622737,39.02707551786005,59.87196215951721,72144.0,42390.12,23847.44,16.617634982053918,2.250591120086632,1.7613416385502103,0.1556184237048982,33.95,52.32441309683326,6.94685963008973,0.296496325621459,-2.995304794960346,-6.473179230025661,-10.791167292127696,-35.79152895212173,-8.620164818763733,0.4592300836974748,1.9215991228686964,-1.1386484551647058,0.29318664764209396,-1.5065078845992674,-2.829687089900642,-0.5018059559313889,-1.5724025347363202,0.40790368642580344,-13.87306756297592,-0.5762648774962874,-2.8873980449582444,-7.65820438274027,1.38610212865984,-1.9552174549022068,3.694992929898824,-6.478926717522556,-1.03752539503,-2.835948385091809,-2.4403545180560706,-0.42294657009343367,-1.0454660636753148,-0.3430634696284922,-0.3942948358645662,-0.6010207529552277,-0.07815681403813302,1.1693019459544045,-0.970748169182722,-0.9992116326155759,-3.7331312010002655,0.04983691750171807,0.4917801837700728,110.41126999512315
218.7,27.6,27.9,10.915,8.14,525.5,4.03,94.75,0.975,80886.0,573.0,36.035,30.6179,69.9425,59746.0,503.33227546810537,3.5656280919222656,160.701,59.489,57.403,13.697,44.04493523854282,0.7705005543685988,37.51,683165.0,24.81513784080998,29.71825110917296,45.46661105001707,37563.0,37438.88,16936.21,15.717915646179634,15.449625511761106,1.4422353381379165,0.3216419673452932,70.17,27.10232407481293,6.121703235187245,-0.1162077287569034,-2.8712622658419433,-5.885287418406612,-9.796189961639465,-28.98207558253625,-17.055967458048055,-3.497774109498907,-0.2368364175207299,-2.3035520605913673,-1.2358630130874615,-2.112078243462213,-2.197143712406978,-0.35104825919493865,-1.3994468688530228,-0.7675577193180411,-3.1269515072360328,-2.0233049548192263,0.36017032937922805,-0.5941318227505922,-1.5041979581032257,-0.2705946160410529,-11.884738716463715,-1.1623863387984832,-0.005917246066189125,-0.2974644499031523,-0.020395220471546936,0.026584933666357852,-1.1079401457208826,-0.5630801867976953,-0.13357866725108292,-0.051335458354248666,-0.3708005440576618,-3.8190065859390105,-0.21619735200656498,-0.13944782198561903,-0.45861866822931824,-3.5974605524299363,-0.6104955048835837,110.41126999512315
324.2,27.7,29.0,11.84,8.535,603.0,4.31,65.48,1.159547297297297,35404.0,628.0,32.7396,23.8933,28.3358,18135.0,353.61566120655215,6.272473032361166,100.12,42.91,32.89,6.89,21.692116085648387,0.4183057432432432,45.82,494396.0,16.2,34.7,49.1,52830.0,29483.6,14569.4,30.782770270270262,13.408445945945948,0.4610408828493061,0.2022597972972973,44.72,14.519254243857551,4.192376526721791,1.333360710197594,-4.661629203337555,-7.517477693325684,-13.642299331990072,-28.340243575687833,-14.94997901349794,-2.065281335725449,-0.30671962569157446,-1.7246011622203499,-0.20123219719622135,-0.7562467521258335,-1.9934788034871846,-2.0888612347623963,-2.009961233741294,0.6171513952951259,1.193360949639852,-0.8853789192205296,-0.6330998058523979,-1.1097046935348764,0.5710864717699592,-5.390718819623193,-3.3854640614086144,-4.8741330398852005,0.03060497043033546,0.47358338867935035,-0.10999286918590512,-0.4367431798763568,-0.43437779650790603,-0.03522964426005892,1.020193693771337,0.185452903908057,-6.515197148419296,-2.400441981620776,-0.36489660881149405,-0.6072125200430544,-2.8320685139189776,-0.11591107999905899,1.238975953788806,110.41126999512315
434.4,27.7,30.1,7.905,7.795,856.5,4.22,92.75,1.5386300675675677,45158.0,696.0,33.0483,14.6795,94.9691,6452.0,387.35632183908046,5.970149253731344,116.58,42.49,20.02,31.74,25.258358901966528,0.555059543918919,52.85,465622.0,12.3,44.1,43.6,67794.0,41956.5,22104.5,40.84636824324324,17.791976351351355,0.9989242570341496,0.2683831925675676,59.34,8.573364420219246,7.41984652430777,1.8471444719657308,-3.0229917905565045,-14.861190721848203,-9.112061095469013,0.6384779620558646,-17.214138000144157,-2.1116603439440955,-0.6252434331535673,-0.18401363013622654,-0.046775511860227624,-0.7679277184450372,-0.8926010633228975,-0.7380505772757652,-2.476224891322976,2.121907877717167,-4.299473837153056,-1.3627206830556196,-0.3162229390411318,-2.9220556250268905,-0.7132362399731454,-2.6302782710843413,-5.560194171621308,-2.3107917926910644,-0.012080332798262816,-0.6985176308592772,-0.5490798528756332,-0.8444523340696458,-0.170022881857585,-1.5237871098611508,0.053616923309551666,-0.8556842823590474,-12.349188066710097,-9.013960946891459,-0.42919123746144167,-0.1957967403406904,-1.3954937928418314,-10.963852535111364,0.008344904442783537,110.41126999512315
605.9,28.6,26.7,3.3,7.68,349.5,6.06,13.72,0.83,7014.7,78.24,7.31,3.49,34.58,2219.0,256.8546320029293,2.864884657634566,27.31,10.63,6.92,6.91,1.80918779080694,0.4565479911105388,75.7,148886.0,2.978968581939072,42.82646793950212,54.19456347855881,46502.0,34131.0,20135.0,14.867372524025823,2.380954321306591,0.8667399117112345,0.2182642305946436,75.16,16.58407538048635,11.270511973958929,16.798387434106942,6.733722021281719,21.520925329692734,67.9432101548308,86.63905976515264,31.532666880206666,21.88792452631829,2.7520277639726793,2.7932958049560006,4.639506137889502,2.0847141238922866,-5.050664150780453,0.6601694558863471,-0.1634121229437492,3.9716903462850834,15.352391391353061,0.7116581076988974,-6.09981167298897,0.7040299419515369,1.1506412109608501,-0.11969814707835684,7.898611094868588,-5.77477609975496,-8.028815198112275,-3.222714653418714,-4.485858176493398,3.7446297755689972,-1.6665000573825128,-0.43222345274096813,-0.04494782794033547,-0.40735266516606156,3.206056106012156,24.048142883560313,0.8378369214556484,-0.22264744324919997,12.1619335669186,0.9459326943933668,10.073027540353744,110.41126999512315
331.5,28.3,29.5,3.38,7.415,443.0,4.14,62.8682,0.7473,30465.0,544.0,23.7417,15.1611,35.7857,16160.0,391.6363496124131,6.993276684364113,77.789,31.907,28.226,8.037,12.555758966506351,0.9191379276851872,47.4,302484.0,8.8,57.3,33.9,63896.0,41068.0,18414.0,9.819277128486252,7.904115227830772,0.4381657992565056,0.2590222331408918,63.9,20.789811767512944,6.247466077935533,7.196693116673274,3.7536298954905924,41.429159985187,109.83079641245848,143.41813983149203,8.90473829270185,-14.661280354851243,-3.116708732649378,1.6238551496171094,2.831832118745273,-5.024114870809327,-5.920446962840692,2.923466802549856,-5.818241193532014,3.2849258505754837,11.317347863457789,0.14118800695675304,-4.909993336345069,-4.510467777742687,2.293532852283679,-2.9125360857136577,18.220415197247636,-0.6039780783172072,1.0884102702404672,1.9524972634343414,-1.481592858466317,0.9929430776345534,4.629156499612146,-3.4516075843634773,-2.7478827008527396,0.020584205505439712,4.2171756044651145,5.9543155800877114,3.148125063319842,1.917129304162221,-0.1624441374768478,-2.660975153627808,-10.676284973933363,110.41126999512315
115.2,28.8,28.5,2.4450000000000003,7.52,241.5,8.35,60.6455,0.7705,18738.0,201.0,20.6519,13.225,27.4686,21790.0,236.6058463286824,2.5380390176147487,79.195,32.652,23.515,6.148,12.782698470895246,0.7724210753786316,47.21,209885.0,11.2,48.7,31.3,49780.0,37342.0,15884.0,8.251880779338212,6.642425473153561,0.2421040892193308,0.2176759611841297,53.7,5.962244475850378,2.125831618157511,8.010449301493354,19.35029428482832,63.59161275583629,94.50111964649518,137.13843055942718,15.910784641718488,25.843038221877066,3.6416608170870135,3.107265275741611,11.801812461738786,-1.6942948308571626,-1.1078942939988334,8.39655808419765,-3.4365048154769458,4.782992616044356,41.70404302017453,5.105727486439676,-0.7564267625357033,-0.30414251413042237,6.4107073052134345,-4.117521686485653,20.053434339346513,-1.582519686927552,1.6680649312026798,-2.1290625953387177,0.9145908642637828,2.774248116452567,10.614061884804013,0.4953908135384933,1.0422075984991797,0.12635852201376707,6.085360485299803,6.60140755617991,7.578469228299028,2.0556421110685883,-3.793517449119443,-7.062579025061178,-5.093379108222822,110.41126999512315
69.7,28.6,29.4,3.185,7.529999999999999,440.0,3.65,126.195,0.9478,45899.0,1702.0,58.722,16.8508,63.7322,13048.0,223.4017181377917,8.284052468910467,205.455,93.926,30.942,16.87,33.16205965449566,1.7174502122943875,39.64,605389.0,14.2,42.9,42.8,42227.0,38884.0,17032.0,18.34775726355647,14.769191834162667,0.4028414498141264,0.4839945952585677,119.4,1.38,0.5900000000000001,8.032073441651498,5.546148324467552,57.97852541108694,57.2147333091637,123.2036734307464,14.725837968796647,-1.192549631698057,-2.8535525054205237,2.1488901300076417,1.8908928655103505,0.004534446184210357,9.704268880613768,3.5141707842882397,0.22975003999968754,4.194386002288669,22.170145168846158,0.010214841154710422,3.5179813377776514,4.550800330348622,2.5345128955645495,1.6079751756430223,-24.668074690376724,18.65307332228714,2.3124700418254314,8.234528645443111,1.0072948938018385,0.884686915863614,2.140846779540496,3.401464233178024,2.9366960188699927,3.0770588632649747,1.2871652045038875,-16.717858119908097,5.380126819323443,1.8072394688054942,14.097313657941605,-14.228334456393492,-17.433394156130962,110.41126999512315
4.0,2.7,5.1,15.275,8.79,769.0,7.105,69.61883,3.1667,31295.0,362.9812608948286,7.9764,10.4369,90.661662,22830.6,431.0012394986916,4.999053310767506,72.61,11.98,17.16,25.54,29.247120158096035,0.4441104259190304,62.5,205105.4262142192,6.613355601948504,25.327743910925538,68.05890048712597,63992.0,36649.66,25491.99,8.611711314748359,6.341558665661586,2.4926882667224866,0.4481821796071095,70.9,32.6275897011433,0.720632024725694,-34.38478867560548,0.8368849897213897,-2.8623397894420974,-5.750582400971713,-22.59691996627642,-13.328985400400903,0.026095447420764122,-1.2087720167574783,-2.682280924792091,-0.4290192064130671,-1.2357128275635967,-3.660124322935007,-0.37472397345273345,0.16438341471832318,0.8033398720459077,-2.048012754999799,-1.8492233917520693,-1.2612743045995012,-2.8626052324590283,0.11069727900632036,-0.0863345143881938,-3.936046793355296,-1.3317133372649554,0.014445845395481586,-2.8242768248613004,-1.645484605681462,0.9181540332918896,0.009054399044447306,0.08640092309680807,-0.0443519125847777,-0.3069462062973367,-0.2025126503955118,1.0427519640512775,-0.9668736438837362,0.4498197192217517,0.1762286797274523,7.065264044359018,-1.239903163343358,110.41126999512315
7.0,2.8,8.8,14.115,8.465,971.0,3.57,102.81,1.7645,47925.0,843.0,43.5255,20.1416,83.8778,77459.0,294.8686396357596,5.186734756660309,162.53,65.61,36.45,18.38,34.437046921982514,1.6325084864460302,44.34,791032.0,14.2,49.0,36.8,60352.0,33354.0,19580.0,15.09150601532647,12.226414519989854,1.982933986704912,0.251596591393268,73.72,33.181744331392814,0.7815527756958779,-6.481982300323435,-0.4329392979154359,4.161358222185324,-27.68831802397268,-22.386705410318296,-2.7652345007999486,-6.200664246421461,-0.03889670245970193,-0.10822919841545442,-1.210780224977061,-0.8803839885257192,-0.2567509258491927,-0.5645351827330881,-1.8412939492457836,-1.4675413325149576,2.1782072169116367,-2.848710511395088,0.8127967897243785,-0.4798222746125728,-2.728431503901568,0.5364986641208324,-7.9433558416638235,0.9175535256539774,-0.3941162792686363,0.05372292603676598,-0.5523794333791981,-3.536161995440876,-1.3833541181869793,-1.4773073271180823,-0.9620349667423089,-0.4578571653311774,-1.2618874707181633,-1.4249334102527544,-0.4518805985913306,-0.11429682255256839,-1.147777125843181,2.447700465337064,-4.931260549890188,110.41126999512315
15.0,4.4,4.9,16.145,8.555,1004.5,5.68,46.39,1.9696,37903.0,493.0,18.997,12.4084,46.2737,14888.0,438.5652299681805,5.704367949088805,86.425,31.048,20.027,9.119,23.6873667742644,0.5198347645921357,40.86,412043.0,11.40105756416319,43.837324276686296,44.76161815915051,46146.0,36086.43,16572.17,12.426995927713286,10.42342201495799,1.8765437977532649,0.2308378149566619,50.36,45.34111340522493,21.618262890775537,-6.929729665443301,1.5588590009603644,5.092007235690643,-23.750812647822315,-11.26968141507047,1.1257825550793983,-1.4315540999515604,-0.3691486751412376,0.43846032026379095,1.8710978496742132,-0.7094235590007157,-3.5783937633549776,1.2052819653817775,-1.0965273213293407,0.8703812883111345,0.4658843603388722,-0.7016246636584412,-0.057562868741031004,-2.3284729593029865,1.821986271894225,-0.24322767825021044,-2.1151055179319034,-2.148225312212793,-0.7145437222098309,1.4767937017930655,0.004290767614731017,0.29830586279354393,0.39875406507713107,1.0698891199193905,-0.2848332655600583,1.0479934662968535,0.8358986113274787,-0.2743997907064246,-1.6402635767334142,1.0258011133285867,-1.2148422502516774,-11.468241723614435,5.359108309696118,110.41126999512315
25.0,4.3,3.7,5.975,8.434999999999999,536.0,1.08,6.34,0.062,5772.0,77.0,1.413,0.9294,11.2908,1379.0,654.421768707483,8.73015873015873,8.82,2.541,2.176,2.684,2.417385883124235,0.1122410186812435,81.11,43475.0,1.100962322622737,39.02707551786005,59.87196215951721,72144.0,42390.12,23847.44,16.617634982053918,2.250591120086632,1.7613416385502103,0.1556184237048982,33.95,24.09272794846645,5.802619111722319,-0.8518606070041034,-2.7784598788712174,-5.678730894794377,-10.392290066631977,-25.067505633938126,-8.840431827673067,-8.894775038038691,-1.5018239690596238,-0.5036725605061907,0.9877187664356707,-0.9638146995046791,-4.3837979296804415,0.42644856848598783,-0.7467579083424062,-0.46616176447210095,-11.688370219843152,-0.9335076057266739,-2.171378400294731,-3.8879427573240055,-3.71746058046585,-0.7264702289287622,2.932858722383777,-4.071793120617513,-2.039579642138755,-1.7713051548677814,-3.189208809979416,-0.19188942082691873,-1.2368434200195282,-0.8107171483943246,-0.6251241647064057,-0.26322123302146744,-0.3606250919060165,0.4467882211653829,-0.4735312610911205,-0.8519995481257019,-3.9112668968411177,-0.22372284651578744,-0.9586034918646335,110.41126999512315
27.0,3.0,7.6,12.96,8.575,349.5,2.42,94.75,0.975,80886.0,573.0,36.035,30.6179,69.9425,59746.0,503.33227546810537,3.5656280919222656,160.701,59.489,57.403,13.697,44.04493523854282,0.7705005543685988,37.51,683165.0,24.81513784080998,29.71825110917296,45.46661105001707,37563.0,37438.88,16936.21,15.717915646179634,15.449625511761106,1.4422353381379165,0.3216419673452932,70.17,76.13451051898122,13.079823334723397,-3.294986385808637,-0.08837780712793213,-16.39092490868643,-17.286736967256292,-14.371533159879036,-9.95081484365122,-2.670585330575705,-0.8560253201223289,-2.35094339150625,-0.7366416863763389,-1.7347760821646083,-0.2488591988990082,0.20130998693561697,-1.370475402531835,-2.297971199901465,-7.014709413774933,-2.7645057406788704,0.3973523580500234,0.8216667384685327,-2.5749650708182403,-1.425328281104254,-8.235728282863276,-2.403194510821874,-0.004081650596731157,0.7471521850830554,1.1695878996637958,-0.7527520436778046,-0.05775520483807983,-0.8811387428315363,-0.05180058403095744,0.14719489950841938,-0.10428946527341976,-3.4779120815180558,-0.6159504614196086,-0.3398697701375933,-0.4963137006216373,1.832100496642913,-0.9374298438585043,110.41126999512315
38.0,2.8,7.6,13.955,8.295,825.5,1.9,65.48,1.159547297297297,35404.0,628.0,32.7396,23.8933,28.3358,18135.0,353.61566120655215,6.272473032361166,100.12,42.91,32.89,6.89,21.692116085648387,0.4183057432432432,45.82,494396.0,16.2,34.7,49.1,52830.0,29483.6,14569.4,30.782770270270262,13.408445945945948,0.4610408828493061,0.2022597972972973,44.72,12.894537613656324,5.451655638560825,0.7452630002812176,-0.015213279083060027,-8.210351133490915,-11.837641958875272,-20.757477417898677,-17.297703221496196,-12.364498825002618,0.2688938883335016,-0.42402279098440565,-0.21616678249246044,-1.4524440805862344,-2.059730086874526,0.21231922047833618,-1.656007833924767,-0.44065173963705756,1.183376706990724,-0.6027472027235976,-0.3238764707992468,-1.0801738837206114,0.03321637398873648,-2.3620906494262957,-4.317413477447503,-3.765124141079529,0.16148924136844814,-0.7080761903990057,0.28587140675634143,-0.7621244328453516,-0.6790602527574331,0.025888769903687048,-0.6155837163034221,-0.04305384995105355,-6.107528421458166,-1.2888097944351227,-0.2030044942644125,-0.907139195296914,-2.8973180293501346,-3.826729952086074,-0.4988111193043485,110.41126999512315
25.0,2.6,4.4,13.735,8.29,1140.5,5.25,92.75,1.5386300675675677,45158.0,696.0,33.0483,14.6795,94.9691,6452.0,387.35632183908046,5.970149253731344,116.58,42.49,20.02,31.74,25.258358901966528,0.555059543918919,52.85,465622.0,12.3,44.1,43.6,67794.0,41956.5,22104.5,40.84636824324324,17.791976351351355,0.9989242570341496,0.2683831925675676,59.34,15.22069016348927,3.493371484594227,-0.8208701991196724,-3.0549553924310016,-5.046847072239036,-10.58111128606989,-24.872520255502312,-0.9339761048043153,-0.04953677051079667,-0.005185901334819813,-1.9756361440569161,-1.0968505874850487,-1.5290264351991931,-1.2786589336581529,-1.884205746382164,-1.6310936550082022,0.6297120435349656,-0.11509766544991473,-3.3601130015294385,-0.005121029646446562,-1.6712367820444827,-1.1207572744771221,-1.6377132679661746,-4.491755032159079,-2.441861411758388,0.1970437348432228,-0.6964136324326186,-0.28315116142699,-0.40423426807081936,0.27712402591792396,-0.5405728179449202,-0.9178453541058111,-0.7422449661046273,-13.308929697144777,-12.03812160850037,-0.12932058964079932,0.04023880811718613,-2.0107292244862753,-2.2345531205832967,-0.32963909784021467,110.41126999512315
16.0,4.7,5.8,16.335,8.58,1070.5,7.39,13.72,0.83,7014.7,78.24,7.31,3.49,34.58,2219.0,256.8546320029293,2.864884657634566,27.31,10.63,6.92,6.91,1.80918779080694,0.4565479911105388,75.7,148886.0,2.978968581939072,42.82646793950212,54.19456347855881,46502.0,34131.0,20135.0,14.867372524025823,2.380954321306591,0.8667399117112345,0.2182642305946436,75.16,52.76945208553609,11.253666930802366,-0.6989804514000816,1.5404435032171502,12.869012180251692,-29.208497480700416,-34.41827735035991,3.528779469407164,-0.7771489326671395,-2.1942366270736486,-1.2654964349186042,0.37153453082622523,-0.23496074549543403,-3.4041519789987547,-2.0706840158447934,0.08044688828289577,0.9091135565641633,4.4922844306627905,-1.8601613514001178,-2.260033521540464,-2.762317771576344,-1.2316443261170436,-1.5927708934107805,0.42124523634711836,-0.23353571498145595,-3.7060048957200116,-1.5280294640548533,-2.135083831387263,0.9292972150406191,-0.22260134954005414,-0.07089733346055145,-0.7517584829855078,-0.5102756086178132,-0.8678137909659785,0.9922964050744966,0.11250601176327828,0.07333277329957773,2.6976594298410546,2.2361102284692858,0.6621702390365926,110.41126999512315
22.0,3.1,6.3,11.835,8.155000000000001,1170.5,6.35,62.8682,0.7473,30465.0,544.0,23.7417,15.1611,35.7857,16160.0,391.6363496124131,6.993276684364113,77.789,31.907,28.226,8.037,12.555758966506351,0.9191379276851872,47.4,302484.0,8.8,57.3,33.9,63896.0,41068.0,18414.0,9.819277128486252,7.904115227830772,0.4381657992565056,0.2590222331408918,63.9,21.83560503839486,64.98050070443617,0.5189732924709101,5.979683123409438,2.9575129306937256,-1.5156096076158214,-41.86010082349337,6.310527162725727,-0.6778624133191361,0.5017893257566423,0.633876713700592,1.4059400308659933,-1.8407017988618477,-2.7520137307668726,-2.2380787756340603,-2.5341120195280156,0.5470692505687467,0.7073580715494844,-2.026376300451033,0.14297172056588567,-0.7958607717510304,0.06955065569762908,-1.5127184775518254,1.315828692466023,0.08417889654946838,0.23680228950610824,-0.20892612386649922,-0.6765318767136597,-3.8914409069422025,-0.7042815099765237,-2.128709431471456,1.1361537701729694,-0.027404454921683197,1.793517892695187,3.0535334387514723,0.5954215118537357,-0.13166262222453837,-0.12623714713845402,-1.306915941135183,-2.2271986386932743,110.41126999512315
26.0,4.3,6.9,11.255,8.18,1076.5,12.8,60.6455,0.7705,18738.0,201.0,20.6519,13.225,27.4686,21790.0,236.6058463286824,2.5380390176147487,79.195,32.652,23.515,6.148,12.782698470895246,0.7724210753786316,47.21,209885.0,11.2,48.7,31.3,49780.0,37342.0,15884.0,8.251880779338212,6.642425473153561,0.2421040892193308,0.2176759611841297,53.7,17.768105675545605,12.275940388803098,0.909627400450408,-0.36159789484304533,-5.110746651689214,-2.8936578668374557,-35.064142267539474,6.53873621028072,-13.11903514403229,-1.8692852331682401,-0.05995275219436754,0.6519670371773362,-1.6118311261478802,-0.9856579140690171,-0.8726964039464168,-2.0859451809960112,0.7501889765541999,0.4800195689933992,-0.5113707718330754,-0.8042703593087684,-0.9851897633277501,-0.2822200902427244,-1.5239075714520502,2.1506486806490774,-1.2578344218851993,0.06158682636916583,-3.079696867804355,-0.9310865055754162,0.04253801541558196,0.7803339949995275,-0.03606041847728125,1.1885000934063765,0.07611642645361479,1.7921563572886685,3.1250275715719904,2.065253246063367,0.052315452797336924,-1.7849728113630159,-1.313547096021938,-3.329127127557683,110.41126999512315
17.0,3.8,7.2,13.705,8.455,982.0,7.16,126.195,0.9478,45899.0,1702.0,58.722,16.8508,63.7322,13048.0,223.4017181377917,8.284052468910467,205.455,93.926,30.942,16.87,33.16205965449566,1.7174502122943875,39.64,605389.0,14.2,42.9,42.8,42227.0,38884.0,17032.0,18.34775726355647,14.769191834162667,0.4028414498141264,0.4839945952585677,119.4,1.33,4.85,0.36222813331056436,-1.9690912058406198,3.3713893165097875,-20.380074031815553,-27.38457847177516,-4.145013569556176,2.2660303946382676,0.3229766784297907,-0.7005066045870375,0.49424591039462634,-0.9281149536122877,1.7779339888583259,-0.9282369671094549,0.10580096355018576,2.5361097850603995,2.138655704664998,0.2515988034180676,1.1973954484999803,1.685721113211475,0.17912102347550096,0.40943195684347317,-9.643172734901311,3.3914272353316974,0.6072278432439369,0.810385053050703,0.2799289247967917,0.9961873073922473,0.24821885354040893,0.7634102251613489,1.6943856529658676,0.186686488599516,0.2719857347042611,-2.617608180098856,1.9630068802864604,1.3083774673240265,-0.926404419417182,-4.265197763196192,2.069966267570852,110.41126999512315
32.0,18.8,19.7,14.185,8.67,1092.5,2.51,69.61883,3.1667,31295.0,362.9812608948286,7.9764,10.4369,90.661662,22830.6,431.0012394986916,4.999053310767506,72.61,11.98,17.16,25.54,29.247120158096035,0.4441104259190304,62.5,205105.4262142192,6.613355601948504,25.327743910925538,68.05890048712597,63992.0,36649.66,25491.99,8.611711314748359,6.341558665661586,2.4926882667224866,0.4481821796071095,70.9,22.78718922318354,46.2949021288079,0.831356015918621,-6.663485708457884,-25.361393976183994,-22.70016908438954,-16.88113023667208,-5.707956152486148,-2.4148453661407494,0.24738453492444587,-0.49273440481551606,0.13320577951458584,0.004353476595908831,-5.124237320229102,-0.6970265223939607,-0.9925194623686059,-0.7157263811848439,-1.7269139563750162,-2.4585883093501137,-0.6991941262839821,-1.2129759730615965,-2.4730856980383398,-0.23348142146482243,-5.265335066054637,-2.4124073612732655,-1.9902169622395494,-1.4352262151272352,-1.225497084849825,-1.026017848700285,-1.111561226948786,-0.7916311422712177,-0.13531174287355144,0.1838982267879562,0.4640719644197579,0.5801790568061805,-0.780864586023769,0.20424280231042538,-0.3164587783716462,-0.3214564432801361,0.3378901295635528,110.41126999512315
18.0,18.6,19.7,12.53,8.29,1063.0,2.45,102.81,1.7645,47925.0,843.0,43.5255,20.1416,83.8778,77459.0,294.8686396357596,5.186734756660309,162.53,65.61,36.45,18.38,34.437046921982514,1.6325084864460302,44.34,791032.0,14.2,49.0,36.8,60352.0,33354.0,19580.0,15.09150601532647,12.226414519989854,1.982933986704912,0.251596591393268,73.72,30.92822831035449,38.631813906367945,-1.4339948909380482,-4.5005964918159105,-26.39197756231064,-20.620116402720257,-31.855247612766306,-4.6928012775901395,-3.965702722734228,-0.4466896832905077,-3.9283408648784586,0.04007560435216897,-0.7681365412496968,-0.297547935039425,-1.4264332656376062,-0.5226582122194411,-3.6940407914330717,0.8546332064433946,-2.390264251783958,0.5256931779370647,0.588915123110637,-2.3298157873827336,0.8566478638257835,-8.409582706550912,-0.6030784845375461,0.4365370563976479,-0.238992483302329,-0.5308182426340272,-1.5617143504406947,-0.3205695458866341,-0.20469474392322304,-0.4879877597039264,-0.0430069193387557,-0.708526957387416,-0.007073053820059923,-0.1848183942446482,-0.13830492215851883,-1.1561285770001497,10.638692023619852,-0.4619263204493711,110.41126999512315
13.0,20.0,15.9,10.365,8.315000000000001,916.5,2.82,46.39,1.9696,37903.0,493.0,18.997,12.4084,46.2737,14888.0,438.5652299681805,5.704367949088805,86.425,31.048,20.027,9.119,23.6873667742644,0.5198347645921357,40.86,412043.0,11.40105756416319,43.837324276686296,44.76161815915051,46146.0,36086.43,16572.17,12.426995927713286,10.42342201495799,1.8765437977532649,0.2308378149566619,50.36,6.758862964963814,17.3971396266613,10.831155572058632,-1.5380448854280004,-10.912632451090033,0.45158211651568525,-17.31858178947431,24.275403517745435,2.56129041976761,18.054759856200157,26.991373504159668,2.2451759242530303,2.857449582784128,-0.6444869321227685,9.72266237536057,1.5274039454323551,11.419295170071228,1.3202482185116973,6.752637940015023,2.6741344440355923,7.498366028613721,3.3033717753707115,4.260826314665995,-3.4363074261609783,7.523016232666559,-0.12648774114049358,-0.29653609125098707,1.0146983499530071,25.672089861310866,10.747309698347623,-1.2381761238692948,10.153282054901746,-0.113714436922844,0.9602759303757925,20.86131387470135,2.986527886985955,7.187967534544875,-1.813102664365432,-1.5597309893618032,11.771518143042925,110.41126999512315
29.0,20.0,15.0,10.785,8.315000000000001,584.0,3.07,6.34,0.062,5772.0,77.0,1.413,0.9294,11.2908,1379.0,654.421768707483,8.73015873015873,8.82,2.541,2.176,2.684,2.417385883124235,0.1122410186812435,81.11,43475.0,1.100962322622737,39.02707551786005,59.87196215951721,72144.0,42390.12,23847.44,16.617634982053918,2.250591120086632,1.7613416385502103,0.1556184237048982,33.95,6.726874533031924,12.384689673919915,0.5662926469704445,-2.735920632363996,-16.349626561067996,-12.010151696403819,-15.768998862407168,-8.210359960992355,-2.7415144941063274,-3.3126676022005257,-0.8996205753196654,0.6973469467530942,-0.13740055400334913,-2.6231800881928455,-1.7298806973748537,0.4151985516337042,1.4049327391021273,-7.250074813606527,-4.0837074470372565,-1.0929281221648364,-6.546972049895362,1.4277708263780615,-2.9405455549790833,-0.896619741200314,-6.211825030342054,-1.3875183076248516,-1.9353911989283115,-1.8761128594695282,-0.4400957495664864,-1.552728510852127,-1.0452188703014205,-0.32285620525401715,-0.241115441947089,-1.2754354529563965,1.105850654463283,-0.9169055544130965,-0.8454000381349277,-5.49141756360419,-2.432278937401716,-0.6935504663720101,110.41126999512315
33.0,18.7,15.6,11.495,8.52,449.0,3.755,94.75,0.975,80886.0,573.0,36.035,30.6179,69.9425,59746.0,503.33227546810537,3.5656280919222656,160.701,59.489,57.403,13.697,44.04493523854282,0.7705005543685988,37.51,683165.0,24.81513784080998,29.71825110917296,45.46661105001707,37563.0,37438.88,16936.21,15.717915646179634,15.449625511761106,1.4422353381379165,0.3216419673452932,70.17,37.60176525460181,21.16653441193769,3.4797716814031197,-10.123399557004836,-15.199866765518673,-8.954373178270181,-23.043676441082113,-10.505435062549077,-5.368501432801131,0.6991700125082088,-0.7493349578922297,-1.902599970351439,-3.2246683532449736,0.022479068933365837,0.1645635440728328,-1.2440221930954922,-2.815391177870334,-3.887024160641401,-0.5771727698994803,0.04612760596753344,0.4739711365934156,-0.9452110124270746,-3.234495398974978,-12.087055600017,-2.0263911791269984,-1.0127401832902505,1.4758636856350738,0.7388633250010509,-0.28520719383532744,0.1975112394569447,-0.6975134113593956,-0.3811633226904081,0.004761834129070246,-0.25863898352952747,-3.70301384406009,-0.21506162312968416,-0.5913903095379159,-0.5996748733349765,-4.317541641024872,0.2669474279663208,110.41126999512315
4.0,19.0,14.5,10.57,8.23,913.5,3.15,65.48,1.159547297297297,35404.0,628.0,32.7396,23.8933,28.3358,18135.0,353.61566120655215,6.272473032361166,100.12,42.91,32.89,6.89,21.692116085648387,0.4183057432432432,45.82,494396.0,16.2,34.7,49.1,52830.0,29483.6,14569.4,30.782770270270262,13.408445945945948,0.4610408828493061,0.2022597972972973,44.72,16.340734176328244,9.714378408593005,-28.87942505842152,-5.863887174612998,-14.860829782703659,-8.718244867130027,-12.960902472775587,-1.1366462712533163,-3.6264441554007747,-1.5385432581262062,-0.31862950430950115,-0.5988044249739815,0.28112409059268695,-1.2000263197689003,-1.1036791079204222,-1.80992099111628,0.9242603453951103,-1.0327584498088487,-1.78617980775113,-0.610688202460297,-2.2743484625530734,-0.965690551137086,-1.1965636260008126,-2.4818488382280335,-4.508433158016607,0.18282758898877896,0.008668029968781596,0.07670782867508615,-0.3074030582024704,-0.1876152413183195,0.1777339563386834,-0.48240911289118155,-0.17120182293738895,-7.117924168544125,-2.2717353075261553,-0.08177086376584998,-0.13990725269929205,-3.028355582342483,-1.374579596534991,0.6034388880144491,110.41126999512315
4.0,18.0,18.5,9.855,8.135,1184.0,2.99,92.75,1.5386300675675677,45158.0,696.0,33.0483,14.6795,94.9691,6452.0,387.35632183908046,5.970149253731344,116.58,42.49,20.02,31.74,25.258358901966528,0.555059543918919,52.85,465622.0,12.3,44.1,43.6,67794.0,41956.5,22104.5,40.84636824324324,17.791976351351355,0.9989242570341496,0.2683831925675676,59.34,304.9773432101695,706.1288440783671,-33.640242607322875,-3.8662496176913077,-18.98283728915732,-5.692003752770833,-13.10205531017971,-2.296296987834697,-1.881053366706474,-0.17879203514351363,-0.21083558134812297,-0.28014268976325724,-0.2500563322907931,-1.225538772544436,-0.8419134266519297,-0.5833808177767777,0.583647921616017,-1.3402217564064403,-1.218548639821044,-0.08319074962521021,-1.4524684296990733,-1.6965834207724146,-1.5484246487147182,-6.449421931509083,-0.011008551313230884,-0.7905349648809826,-0.6733697727050947,-0.5530844541627445,-0.09774786108173485,0.40912254854144176,-0.8454848150614023,0.05539882251604641,-0.33428750806100077,-5.826791889316712,-3.1653528969114024,-0.020814199474019707,0.12564408228344634,-0.7519244618061937,-0.022791341527675448,-1.641033506879273,110.41126999512315
15.0,20.5,17.9,9.925,8.280000000000001,1136.0,4.21,13.72,0.83,7014.7,78.24,7.31,3.49,34.58,2219.0,256.8546320029293,2.864884657634566,27.31,10.63,6.92,6.91,1.80918779080694,0.4565479911105388,75.7,148886.0,2.978968581939072,42.82646793950212,54.19456347855881,46502.0,34131.0,20135.0,14.867372524025823,2.380954321306591,0.8667399117112345,0.2182642305946436,75.16,12.708447416770976,8.776380998446825,-4.0733465158970406,-4.1576906686221875,-16.275345740509994,2.4804462641074023,-35.860598698603766,1.8873834071215247,-0.8594905122214312,-0.8193436496681544,-0.4614448772758853,2.7321157995238905,-0.4722076832192636,-3.5214689253503466,-1.6536597153653076,1.1276163457954933,3.042501286267457,3.534967928407712,0.8079779660127446,-2.08422890135708,-2.070908697699197,0.26030627830575037,3.17098010619171,1.7576139192810911,6.945447407339233,-0.6640355005301544,-3.5368546305069075,-4.408991819925917,-0.26148346994072263,-0.2757185423832072,0.5481120299043428,0.19911114354617654,-0.15083410494960744,1.1413219390064477,3.8351401317088563,1.7475389735850808,0.36767411841545233,1.2625020809300864,-1.5139422788129477,1.1358979514256748,110.41126999512315
19.0,18.6,18.8,7.435,7.835,1145.5,6.32,62.8682,0.7473,30465.0,544.0,23.7417,15.1611,35.7857,16160.0,391.6363496124131,6.993276684364113,77.789,31.907,28.226,8.037,12.555758966506351,0.9191379276851872,47.4,302484.0,8.8,57.3,33.9,63896.0,41068.0,18414.0,9.819277128486252,7.904115227830772,0.4381657992565056,0.2590222331408918,63.9,50.27700401150185,40.55701267564412,5.247036866475827,-14.305760229586156,-32.36812184122547,1.1538087173799667,30.919274399365918,2.4093787965574314,4.131005677284362,1.5028728224399213,3.5194772303523494,2.5024362033931555,-0.033381144992698474,-1.4311610785413844,1.6920202018491295,-0.6684317889530211,2.7781442273361603,-0.11376981090909677,-2.6735922882449814,0.7018628372081238,-1.2556934171402832,1.4206724947070073,-0.4283575004090876,7.786596326839646,-1.8344169772121415,-2.264851140362833,-0.18940764071574812,-3.130393876591699,-2.6847706108943847,0.5307952301421496,-2.3853114021491906,1.0740704905257241,0.5126579702816269,0.05644068708100273,2.8124099525126334,1.1359206468301508,-0.4394882040455312,-2.0377685364242657,5.923627357922181,8.68697611557941,110.41126999512315
15.0,20.0,18.6,8.61,7.970000000000001,1374.0,1.5,60.6455,0.7705,18738.0,201.0,20.6519,13.225,27.4686,21790.0,236.6058463286824,2.5380390176147487,79.195,32.652,23.515,6.148,12.782698470895246,0.7724210753786316,47.21,209885.0,11.2,48.7,31.3,49780.0,37342.0,15884.0,8.251880779338212,6.642425473153561,0.2421040892193308,0.2176759611841297,53.7,21.759287239553657,35.16934406577584,-9.291029591696956,2.2754797629111763,-21.97405127078294,-3.541187486538352,2.5359757166480037,-13.280936277935593,-21.607653290295662,-0.9237464329041541,-1.8808712802423775,1.3209561764557547,0.16441775941445172,-2.495920704713403,-0.09629272147702601,0.24324780451909808,2.38184801358264,6.463566237675647,1.8938351259489232,-1.0567105181061207,-1.2575104056523791,-4.599813286722637,-0.32224461737864923,1.7799540106377874,0.08457264039820671,-0.37327966316680783,-2.1481159375134564,-0.9357114787174702,-1.7672360351611867,-0.03151305941243946,-0.3196802869322714,-0.6970489241054741,-0.061369107572828284,0.5261405569345987,1.9192608705395833,0.6598371039928562,-0.12011009960745689,-1.294485563556664,-1.5610282194063394,1.8922121032249801,110.41126999512315
28.0,19.1,18.5,8.9,8.17,1195.5,5.28,126.195,0.9478,45899.0,1702.0,58.722,16.8508,63.7322,13048.0,223.4017181377917,8.284052468910467,205.455,93.926,30.942,16.87,33.16205965449566,1.7174502122943875,39.64,605389.0,14.2,42.9,42.8,42227.0,38884.0,17032.0,18.34775726355647,14.769191834162667,0.4028414498141264,0.4839945952585677,119.4,1.97,0.000707107,-0.09325412844773388,0.1629172418297579,-18.04271142735922,-1.0173816864518466,-26.777992305617474,10.38494386911392,3.6631675313708065,2.9327344548236582,-5.234524023818472,0.18577923910692254,0.3421988325503961,2.974836419701266,-1.6859116480724594,-0.2173136410318938,2.152564390765813,4.427972818735675,-0.2772246553384082,0.5390638578652087,1.5531750676905125,-2.8470944671550154,-0.5470231049771729,-5.464100146520262,-4.445534229710077,1.1929740554575508,1.280581577069436,0.06150090205638333,0.0023057528895630655,0.8482384614522264,0.23610256456148995,0.5620186564388368,0.43645832032275883,0.7873761774832392,-4.798509394175683,0.9830453057509542,0.8695073258069649,2.972866434608586,-4.292781079169362,-7.186499601351095,110.41126999512315
430.2,27.3,30.6,9.905,8.28,253.5,3.53,102.81,1.7645,47925.0,843.0,43.5255,20.1416,83.8778,77459.0,294.8686396357596,5.186734756660309,162.53,65.61,36.45,18.38,34.437046921982514,1.6325084864460302,44.34,791032.0,14.2,49.0,36.8,60352.0,33354.0,19580.0,15.09150601532647,12.226414519989854,1.982933986704912,0.251596591393268,73.72,37.035499606004414,2.865047485851759,8.012999568143861,-0.7398841722736447,-2.339534007352777,-9.665981551771981,-38.88882736282269,-0.1815536259557137,-6.623956560079628,-0.4911182613096516,-2.328079055674997,0.3142653697806715,-0.5642277137787685,-0.6596996061798802,-1.1057010397780667,1.1181964532604127,-2.310058294196302,3.8849235441007983,-1.1384132530509181,0.5284413221152503,0.8472282713372256,1.2007955012579126,0.32882389410243756,-6.602544769978462,-1.670994819344488,-0.6813261083622173,0.04524827705075244,0.6843487432211018,-2.241441764340269,-1.204024397855004,1.1113606740223851,0.9979832882263396,0.03655404702294714,-0.7762733915137763,-0.12130946032547685,0.31819248167332176,-0.027611498843569466,-0.2118455378261105,-2.9221413124181943,-0.08448227238841355,110.41126999512315
324.2,27.7,28.9,7.24,7.75,337.0,3.7,65.48,1.159547297297297,35404.0,628.0,32.7396,23.8933,28.3358,18135.0,353.61566120655215,6.272473032361166,100.12,42.91,32.89,6.89,21.692116085648387,0.4183057432432432,45.82,494396.0,16.2,34.7,49.1,52830.0,29483.6,14569.4,30.782770270270262,13.408445945945948,0.4610408828493061,0.2022597972972973,44.72,8.633383356505925,5.728133703997521,0.08151553526676054,-0.8397821915677444,-3.4511178538746505,-22.024155084846228,9.92629110637897,-4.12137515640352,-7.317807311830112,0.27904310200673815,-0.08139370524324392,0.22675695031881352,-1.387817737551716,-0.9758485749441511,-1.26349282058111,-2.1460271362261865,3.6570302165796345,2.426951114713835,-1.1924173306860044,0.9807059585070225,-0.9112886796193193,-0.9320500586678578,-2.441442778566852,-4.624561521887467,-6.525555062415077,0.6650650406597803,-0.08605997404859596,-0.21833257424645178,-1.1789219278524001,-0.4241576593089862,-0.19029305626483164,0.21923570542130624,-0.48754746154726725,-11.24576003312599,-4.2412580805527975,-0.1744787923960637,-0.5517510164979221,-4.99710375621915,-13.31255613908327,-3.252791201923974,110.41126999512315
421.2,27.7,28.7,4.36,7.37,447.0,7.87,113.44,6.47,113005.25,3048.97,56.37,31.11,123.25,170899.0,632.6927383685123,17.070544762331334,178.61,74.6,52.48,33.02,11.832260392384752,1.0136065476243834,41.19,962714.0,23.22925734100645,37.059541398199215,39.71120126079434,40450.0,30441.0,14677.0,7.420621787035737,5.286083690348805,0.6079000575173069,0.2002013844757149,68.94,9.479592037290612,5.3338175735872335,32.51292307040576,3.2591391544214683,50.69297774499592,102.14307018334823,115.62617200265872,15.075955350464213,27.419064656662908,-10.682844103444365,20.3003548614479,-12.684500255923089,23.26561926084416,15.184063648938517,4.569029505141084,13.496960153887045,-12.90638509535386,-20.11921087925788,24.80853213229682,5.351714630226295,10.331036916285136,-3.3658632809389375,21.888191617806438,38.00417134691263,10.24796222884052,0.9780419460544346,0.3261706792827095,9.100034830907054,6.723296149784393,-0.347693076288951,1.9205201575066913,-0.39570623663099386,6.100889859873174,4.238410720013394,1.2363993962326443,2.5539318336530914,-1.7096776357339756,1.392905154863061,5.2646425675042,-13.712730860778441,110.41126999512315
421.2,27.7,28.2,5.455,7.470000000000001,377.5,4.715,113.44,6.47,113005.25,3048.97,56.37,31.11,123.25,170899.0,632.6927383685123,17.070544762331334,178.61,74.6,52.48,33.02,11.832260392384752,1.0136065476243834,41.19,962714.0,23.22925734100645,37.059541398199215,39.71120126079434,40450.0,30441.0,14677.0,7.420621787035737,5.286083690348805,0.6079000575173069,0.2002013844757149,68.94,11.14248874701752,6.358151957298619,14.540613750961304,13.775183516509514,47.60223088485344,60.69974283781834,200.08191642852037,11.3520073620587,8.501480020480239,6.566754930497454,13.309901626484153,-9.656907429853455,30.545356822665777,19.755987516571768,0.6546706341967484,28.34984461133678,-21.024355134232888,-20.567077715989825,2.600533427636447,6.365221474437667,5.659904194942995,-3.766743625256545,35.80420467589671,26.107315361020156,22.722851257910957,2.5032036022438415,23.12486050327152,3.782364465189165,1.8803057160057712,1.671233241215034,0.27595221958123045,-4.866458328240554,0.36107560351801204,6.886258271692017,2.5059908274483558,8.229338890787528,-0.002328832739341221,0.9896488757835046,5.993394121780681,3.8134755658420474,110.41126999512315
421.2,27.7,25.8,3.15,7.335,332.5,6.25,113.44,6.47,113005.25,3048.97,56.37,31.11,123.25,170899.0,632.6927383685123,17.070544762331334,178.61,74.6,52.48,33.02,11.832260392384752,1.0136065476243834,41.19,962714.0,23.22925734100645,37.059541398199215,39.71120126079434,40450.0,30441.0,14677.0,7.420621787035737,5.286083690348805,0.6079000575173069,0.2002013844757149,68.94,45.16659399962767,12.63238436061514,5.575254926349348,0.5815850337905181,-57.487629288258034,14.576136206723747,46.996858480564946,-1.4654788941734773,1.7749632652647154,-2.880487937647846,-11.285863511084267,-7.1817424472235105,0.8874198285909358,3.777282389925484,-0.0790877340221788,4.165773299373686,-13.906436538822016,-12.796368728059656,-2.0097256658691918,0.6330596959435709,1.9265017509429399,-4.143666120689983,7.5917494669898105,5.397434492891965,0.3310802442642566,-0.06744782382156611,-3.3457387929270044,-0.7548788478737718,0.023258527666329225,-0.27869370294424406,-0.6775962843280299,-2.2250499071972434,0.22305906538696263,-0.5708145030696565,1.2330409560771656,0.15580732631962727,-0.5388404467624323,-1.0876263368781682,-5.697923308933774,-0.7489363615835695,110.41126999512315
605.9,28.6,26.7,5.645,7.609999999999999,381.5,3.76,13.72,0.83,7014.7,78.24,7.31,3.49,34.58,2219.0,256.8546320029293,2.864884657634566,27.31,10.63,6.92,6.91,1.80918779080694,0.4565479911105388,75.7,148886.0,2.978968581939072,42.82646793950212,54.19456347855881,46502.0,34131.0,20135.0,14.867372524025823,2.380954321306591,0.8667399117112345,0.2182642305946436,75.16,14.65179810722518,12.671765277614416,6.335164505223119,3.3288308775048545,5.4571075348525,22.55007730463326,53.008108758844905,3.9667526815901533,-14.596798211132798,-2.498055631231979,1.286993229552176,-1.1469155263931803,0.38976808878981356,-3.6934106364535793,-1.3413406983258511,0.8183467658717808,1.706758058910489,6.455195992610723,0.7370582866878296,-5.3357612386334194,-4.272307530800268,0.4746685818881578,2.2483508461605144,10.169897236633117,-7.22805231299795,-5.017285727638134,-4.439221684054162,-4.414892369697332,3.350948598380587,-3.0045751488014774,0.7952535624103577,0.4774425471449864,-0.3780160058188855,1.221001760006572,9.421351329333069,1.0669589593245945,-0.518189418491288,5.939192954199392,-2.8991649360985794,-6.291327907427525,110.41126999512315
307.4,28.4,27.3,2.87,7.675,501.5,2.75,97.05,1.21,106381.0,2590.42,55.63,35.38,100.73,137331.0,610.4028000918064,14.863552903373884,174.27999999999997,73.07,53.35,21.39,11.545413701275482,1.3286396630675812,42.31,858592.0,16.673582357043852,41.11565010222189,42.21076754073426,42877.0,31410.0,15449.0,10.182451797210655,6.929020407132105,0.954641587443107,0.2674869382660009,92.11,3.3469597267026754,0.1871503329171639,2.1064186036322883,0.7671985891585535,13.730537045385764,29.513619656905064,50.13026200347735,-7.670917721625884,-6.039036094515272,-0.3044288674904981,-3.3760637610623,-6.133560829975952,3.203794837038346,3.7221958453712687,-6.033665238912216,2.324364337138831,-16.46737814026807,-15.940098909338316,-0.761099424444836,2.048877543458173,3.4129898435405135,-5.392335372464733,2.911815703780544,7.3975073435374865,1.9533860169289028,0.175813297278558,-0.8917758988837399,0.0932139583110511,-0.16181307703955206,0.020807095475418258,-0.09796739759621964,-1.3700273324681136,-0.6599222827749335,0.9862783667678032,3.4734442675144734,0.30656498589242503,0.554344617065507,0.34591866670098703,-16.04948557710042,-50.21191003580656,110.41126999512315
114.4,28.8,28.6,2.3,7.42,419.0,4.52,53.8484,0.7,22791.0,176.0,19.9075,9.7003,26.1024,22316.0,289.4793664503182,2.235459983996139,78.731,30.36,17.926,5.442,12.707805206288954,0.8544099046087655,49.59,270490.0,11.8,40.1,56.9,45128.0,39616.0,17109.0,9.127778739156234,7.347487394884943,0.1563167286245353,0.2407812308070261,59.4,13.97363484010087,4.68119856761475,8.51560160799262,7.640378882202786,44.76771444673107,65.33277648046459,151.75779224726838,0.6954007469536752,7.405943532017992,-2.1088469298820343,-0.48426943497266467,0.5413109833172894,-2.5926828960158588,-10.503970565470713,-1.3345361051312636,-6.417693032405034,1.5879980995086964,18.346523363879726,-0.4014755177994562,-3.2563446543257064,-3.1853732769424106,1.7134573041337202,-3.123010131285215,11.735331130120905,-5.480824922175773,0.3015191285839857,-3.1828700750507437,0.9999170784947135,4.465032189128298,-1.7727119617358091,6.601599509973702,-1.768380567161363,1.4855012119212152,10.619735250220016,12.32731911593738,0.8205354661866954,3.2596297822985796,-2.6187992803147044,-7.168615927534794,-17.30013788949,110.41126999512315
331.5,28.3,29.8,3.2350000000000003,7.47,628.5,8.35,62.8682,0.7473,30465.0,544.0,23.7417,15.1611,35.7857,16160.0,391.6363496124131,6.993276684364113,77.789,31.907,28.226,8.037,12.555758966506351,0.9191379276851872,47.4,302484.0,8.8,57.3,33.9,63896.0,41068.0,18414.0,9.819277128486252,7.904115227830772,0.4381657992565056,0.2590222331408918,63.9,9.967961856850096,11.717617357547011,10.050064498429803,10.783326510956977,97.10409970507027,199.015791553203,270.6946021836546,30.085271459974653,17.939481612600698,3.008349164942436,6.459940586833593,5.553552790860027,-4.099340150100176,-5.952353952393555,1.3513847209652898,-2.5217121615105693,3.625855492763222,18.606540357088672,-1.2877291904312276,-2.0315619801993763,-3.279612200855434,1.666017979152193,-4.148722525386447,22.751630836309246,13.659600637078603,0.6375931938434908,-0.2551899261982153,-11.024590121942273,0.5598230487015113,6.4910114781768025,2.052353107334735,9.025372315285102,-1.220689811710426,21.090821499860223,15.239809218894218,4.6005003823215755,0.5802113103152587,1.959237873388922,4.444336010836238,27.38347915691945,110.41126999512315
354.1,28.0,26.9,2.185,7.359999999999999,305.5,7.57,78.86,1.51,42101.0,1310.02,57.39,30.39,103.24,45409.14,239.6050310170167,7.455580217403678,175.70999999999998,75.89,47.08,23.13,11.640145980325425,1.1288686636714582,52.2,686334.0,16.06716086336319,29.95130135865117,53.98150854710848,36106.0,32559.0,16815.0,12.881572327495135,5.887189901806822,0.6001059414337037,0.2742822855197458,94.45,14.389301132409772,2.607738295301499,28.859068653266874,33.6665962940796,151.04624408655334,113.87909332491147,166.34395908524903,54.63561970816304,53.42107507841197,6.51284127184345,4.653386483862995,0.8073616272925079,1.0738168353059525,7.095026307452166,10.442033878555533,4.478610370000822,8.479067430395308,20.964077470841193,1.7487429256023266,5.123730977668113,3.624795892772583,2.792972493767742,12.112038283276675,32.810370073871056,30.805296060253553,1.469675487191419,4.364157615012181,4.715461101954187,0.39800675232896054,-0.08066890700409957,3.2024645884598897,0.2576165169834527,1.2426498776239647,1.241098437691124,6.561948508983476,0.1723162915666272,0.7690828747146957,7.334787894796279,2.3531593078235047,-3.058504276958601,110.41126999512315
7.0,2.8,8.6,16.765,8.7,961.5,6.2,102.81,1.7645,47925.0,843.0,43.5255,20.1416,83.8778,77459.0,294.8686396357596,5.186734756660309,162.53,65.61,36.45,18.38,34.437046921982514,1.6325084864460302,44.34,791032.0,14.2,49.0,36.8,60352.0,33354.0,19580.0,15.09150601532647,12.226414519989854,1.982933986704912,0.251596591393268,73.72,24.02671971130947,1.3737549397799158,-4.40650919196972,4.528069584751114,-2.751967746022468,-21.99971732832103,-22.37768716308599,-5.916895875761594,-0.054678608200822744,-1.2983574774814763,-1.6662976301182066,-0.6306366967114919,-0.11530361717101319,0.0583663285182164,-2.2657553491399924,-1.5826508503857373,-2.2163000094254186,3.1508981250288577,-0.8270687745697797,0.13528249739514195,0.2044392568462845,0.5400046420143906,1.085492988913321,-11.218695319384958,-7.921521892939537,0.3944239683907167,-0.24653813932246407,-1.3657247316418222,-1.2910335457107665,-1.1199487726440813,-0.6917959704870991,-1.446294847253401,-0.5876603532753272,-0.7331090593089664,-1.7814609246887272,-1.2191922287736088,-0.10971989727113352,-0.4358877268883716,1.1344782892257588,-6.051379165415032,110.41126999512315
38.0,2.8,6.0,15.07,8.33,466.5,1.56,65.48,1.159547297297297,35404.0,628.0,32.7396,23.8933,28.3358,18135.0,353.61566120655215,6.272473032361166,100.12,42.91,32.89,6.89,21.692116085648387,0.4183057432432432,45.82,494396.0,16.2,34.7,49.1,52830.0,29483.6,14569.4,30.782770270270262,13.408445945945948,0.4610408828493061,0.2022597972972973,44.72,20.115720518991537,22.20874540840469,4.274798006589213,2.8919601512591675,0.5949321588858334,-9.539551549102178,-17.26873835334089,-11.912542838238489,-14.244902487721605,-0.35090721291489785,-2.2964878828777007,0.383890522751025,-0.8697256261482827,-1.5726776556189483,0.5019618737100006,-1.5276445743418288,0.20398380654398332,0.24056233269007196,0.23782962816922626,1.2882642766600476,-0.04000340183110307,1.110558457969067,-1.2302391123352574,-1.7268040169185663,-3.1640002422919484,1.0917635810545956,-0.3151092054260279,-0.00528338482913826,0.10941064689618878,0.5167317142935154,1.0042117161909105,5.88619905685385,-0.0466664662103485,-4.261511119356534,-1.6036308887585378,-0.9744757707711931,-0.5855711332553369,-1.4047652111419788,1.6835933858109653,4.267743488239746,110.41126999512315
16.0,3.1,7.2,16.945,8.54,1064.5,4.44,113.44,6.47,113005.25,3048.97,56.37,31.11,123.25,170899.0,632.6927383685123,17.070544762331334,178.61,74.6,52.48,33.02,11.832260392384752,1.0136065476243834,41.19,962714.0,23.22925734100645,37.059541398199215,39.71120126079434,40450.0,30441.0,14677.0,7.420621787035737,5.286083690348805,0.6079000575173069,0.2002013844757149,68.94,10.851599061219114,1.3883042632261933,2.01173790121296,20.81784135265276,74.02300852699436,18.390178510350324,62.29989564169974,51.8222540781321,6.958247781920558,8.063296102609797,6.284452377970635,3.2001187958040567,48.07602499322966,8.03018139299471,13.77009749491233,-3.0773771911774177,6.603799449979944,4.603183778130917,14.01796092658149,-1.8952587437489996,6.84393081433295,17.913268489909047,14.116342779597423,9.481729244172262,12.403648519787618,6.168275652338438,5.204457012040854,14.540198516595794,2.2195467572255674,3.806621669589855,17.91983376535587,-0.07813469803348205,8.219893621544665,15.451565640907111,3.878641126379375,7.92502798023633,-2.0312513203329026,5.678818283327854,20.592323539772384,6.517821119567384,110.41126999512315
16.0,3.1,7.2,14.875,8.575,875.5,4.67,113.44,6.47,113005.25,3048.97,56.37,31.11,123.25,170899.0,632.6927383685123,17.070544762331334,178.61,74.6,52.48,33.02,11.832260392384752,1.0136065476243834,41.19,962714.0,23.22925734100645,37.059541398199215,39.71120126079434,40450.0,30441.0,14677.0,7.420621787035737,5.286083690348805,0.6079000575173069,0.2002013844757149,68.94,12.983232737473402,1.607163420605987,-0.8298799578589383,2.486834564247013,-3.131312893887516,-33.86852319185235,-20.060287252576092,-20.67350406021501,-1.2720033043397907,-1.5795526428753501,-4.969793188478798,-0.39603892759187165,-0.8732746556603054,-0.3696494041150445,-0.16802037352230434,1.8728468507683527,-7.6218395794831055,-5.618702154064863,-0.24107042145139138,0.6313104840119674,0.2524445287526281,-1.5972301618149496,1.770855301008561,-0.19690063547963868,-1.9462502685802365,0.4222614032433673,0.1415708866242007,0.022347859695243482,-0.13666493422041248,-0.11280726746656063,0.013001986985715345,-0.8551566714793438,-0.7401308375880288,0.46599745674834875,0.41914117569414094,0.03181580907509877,-0.3788459003111347,-0.7703826627864808,-1.761591499409018,-0.3393478327989568,110.41126999512315
16.0,3.1,6.1,14.785,8.375,1078.5,3.85,113.44,6.47,113005.25,3048.97,56.37,31.11,123.25,170899.0,632.6927383685123,17.070544762331334,178.61,74.6,52.48,33.02,11.832260392384752,1.0136065476243834,41.19,962714.0,23.22925734100645,37.059541398199215,39.71120126079434,40450.0,30441.0,14677.0,7.420621787035737,5.286083690348805,0.6079000575173069,0.2002013844757149,68.94,41.189907380991286,18.507102933686063,0.7994021728945272,7.28521398074925,6.610546224098651,-32.129545753878,-18.32933611887352,3.524095053304919,-3.598151258120003,0.18286104155199853,-1.5122970534333326,-1.8707255715030875,0.8136082506490228,0.8005943942007923,0.5007522812501222,-0.21282241294160423,-2.5668770951180098,-5.886455431200253,0.1441173826934176,0.32397369468274356,1.1961876201043695,-0.3911245755308004,0.6511833094432969,1.7044408760406071,-1.1745338181980571,0.8409346566349272,-0.360673009495561,-0.3516691896071052,-0.011886366295316364,-0.20529466228870183,0.6525614768235625,-1.3052335786039482,-0.2762884063351289,0.7836692597197056,1.505212833503416,-0.09199678287375779,-0.8902069359753911,0.2357965762315629,-9.072939719515853,2.4776493859174664,110.41126999512315
16.0,4.7,5.1,16.725,8.695,1068.5,6.3100000000000005,13.72,0.83,7014.7,78.24,7.31,3.49,34.58,2219.0,256.8546320029293,2.864884657634566,27.31,10.63,6.92,6.91,1.80918779080694,0.4565479911105388,75.7,148886.0,2.978968581939072,42.82646793950212,54.19456347855881,46502.0,34131.0,20135.0,14.867372524025823,2.380954321306591,0.8667399117112345,0.2182642305946436,75.16,52.637765102986606,8.445865756437863,-1.5745377092265216,4.496684397956511,9.410397940821323,-4.793717669009542,-31.47310124893285,8.355850435931549,1.3190378692854823,-4.116926653083259,-0.844456605358669,1.1021198118710893,-0.0097178153833369,-2.6684598755006035,-1.0077608372395248,0.8952471331941592,0.8820877402625017,4.1757432217104355,-1.1986174703327317,-1.6145134797637999,-2.073598750031865,0.1415877713790783,0.19068950544654628,1.832657932782702,-0.4174440043000504,-3.963237058181937,-1.689587523760277,-1.5165066827414548,1.669676881755393,-0.2055918228610724,0.457695516569849,-1.0007708068122152,-0.6344584301595253,-0.7123978058403967,3.277253963677211,0.2339928658399725,-0.5876922232021276,2.524591705550751,1.8320803817485765,0.03421516741703575,110.41126999512315
21.0,3.6,6.0,11.239999999999998,8.254999999999999,1068.5,5.37,97.05,1.21,106381.0,2590.42,55.63,35.38,100.73,137331.0,610.4028000918064,14.863552903373884,174.27999999999997,73.07,53.35,21.39,11.545413701275482,1.3286396630675812,42.31,858592.0,16.673582357043852,41.11565010222189,42.21076754073426,42877.0,31410.0,15449.0,10.182451797210655,6.929020407132105,0.954641587443107,0.2674869382660009,92.11,8.902295143931365,4.106115535107868,2.0088028294515503,12.74834424925192,18.980302367343878,13.11269506118493,-31.702117155053028,15.930728085638647,8.758281199075283,0.15341956071245408,-3.250985336384423,0.7569278167560691,1.9457290323652938,1.8878989499124426,0.146322990553454,0.12423539317212813,-5.978893790038614,-5.174357700572971,1.2494446476440226,0.35186571562041813,1.0085681336318746,-3.19288938689123,0.002064471041472782,12.794814597063235,0.5468430883313218,0.6885041578874619,0.5320722558830558,1.1952248271647858,-0.09895406603192274,0.42711856823725053,1.9196987815698001,-5.099447653931567,0.21375896624677404,3.4894455280333445,4.0100836015384,0.08562738227114552,0.11871980973519329,1.3322184255253513,-1.4024305265932373,9.616094077726205,110.41126999512315
26.0,4.3,7.6,10.23,8.135000000000002,1123.5,5.73,53.8484,0.7,22791.0,176.0,19.9075,9.7003,26.1024,22316.0,289.4793664503182,2.235459983996139,78.731,30.36,17.926,5.442,12.707805206288954,0.8544099046087655,49.59,270490.0,11.8,40.1,56.9,45128.0,39616.0,17109.0,9.127778739156234,7.347487394884943,0.1563167286245353,0.2407812308070261,59.4,15.687478841378631,13.57132543006383,0.6386457253092278,-1.3073173751262945,-2.4968558079547556,-3.4007487034021575,-43.11114585921169,8.471452011157139,0.17663175569692027,-2.3324230904411523,-3.8324135455070056,0.08397646556453076,-0.8504425512859584,-3.970614533904007,-1.533892193802945,1.8083207590427879,-1.063263220439355,2.4068397001797956,-3.0446149240698053,-0.4037390824337477,-1.948384374092954,0.05465634463432364,2.4030154614321266,2.4605376352649198,-4.8457499105048685,0.3795103085025516,-0.9038347919549166,1.3345225889220218,2.5825172511038055,-1.9978197875261925,3.4613414625419927,2.537551933609258,-0.2907550898062385,5.188948295052011,4.950669876427854,1.31027656984826,0.28991585332900244,1.0547600117310274,-4.068130925102933,-3.457744572378386,110.41126999512315
22.0,3.1,7.0,13.89,8.46,1088.5,5.42,62.8682,0.7473,30465.0,544.0,23.7417,15.1611,35.7857,16160.0,391.6363496124131,6.993276684364113,77.789,31.907,28.226,8.037,12.555758966506351,0.9191379276851872,47.4,302484.0,8.8,57.3,33.9,63896.0,41068.0,18414.0,9.819277128486252,7.904115227830772,0.4381657992565056,0.2590222331408918,63.9,5.561399636713805,4.413642055587366,0.07674130170605882,7.943033990794792,17.71627891345027,-30.207238499146573,-19.917427565044104,11.763620601600657,2.7910590910802906,-0.6072322643346469,-1.285463424256693,-0.21072604248144935,-0.5598392000313218,-2.4519099842431045,-0.4454373506937787,-1.111847207555547,-0.23609019328995404,0.21350593119238828,-1.0743556365355227,-0.35110924740011357,-1.298131020960087,1.146961727837721,-0.3062702794171243,0.2742847936522847,-1.028946213433519,0.5314249744204199,0.2291832505290694,-2.237237244916613,-4.383801252931978,-0.41840785974171,-1.9290609927615143,4.280406869876509,-0.015809436991501908,3.487172252346452,2.526450664835672,2.1047448478188975,0.9133297464142865,-1.325017199320719,1.5241459783399474,1.9682009481405849,110.41126999512315
21.0,3.3,6.8,14.385000000000002,8.370000000000001,1125.5,5.43,78.86,1.51,42101.0,1310.02,57.39,30.39,103.24,45409.14,239.6050310170167,7.455580217403678,175.70999999999998,75.89,47.08,23.13,11.640145980325425,1.1288686636714582,52.2,686334.0,16.06716086336319,29.95130135865117,53.98150854710848,36106.0,32559.0,16815.0,12.881572327495135,5.887189901806822,0.6001059414337037,0.2742822855197458,94.45,30.915118397243727,18.480286771575017,-0.9004859829694043,8.666200139564461,20.42695746912,-36.17119893725884,-26.815400727340023,8.149077937975525,3.147003694608186,-1.2203420266074445,-3.098276565695803,0.3049348884712293,-2.094888432212173,-0.6383944041631183,0.01260742590142024,-1.8321749235767284,0.04104871201949756,-1.6834752978539678,-1.6861540693409436,-0.03749258317984605,-1.1048636789713058,1.7489853106322701,-2.4115199623831214,0.8605432155433412,-2.2179161692697886,-0.3938294997345639,0.3197706515924071,-0.2814831086217075,0.7527735819248514,0.18328712559460403,0.6493520855329313,-1.6463331807497912,0.0010247396522501024,1.331387907423391,3.0020318861755833,-0.4792575229238721,-0.24688962445284032,1.0344113988118844,32.287915313302854,-3.1248988593012705,110.41126999512315
18.0,18.6,18.7,15.02,8.594999999999999,1057.5,3.56,102.81,1.7645,47925.0,843.0,43.5255,20.1416,83.8778,77459.0,294.8686396357596,5.186734756660309,162.53,65.61,36.45,18.38,34.437046921982514,1.6325084864460302,44.34,791032.0,14.2,49.0,36.8,60352.0,33354.0,19580.0,15.09150601532647,12.226414519989854,1.982933986704912,0.251596591393268,73.72,32.78491565657839,13.833365236100535,-1.4098386788306154,-7.486827299099726,-22.978247587040922,-24.291542356217207,-27.016012723251478,-4.909574362330994,-8.038355784129816,-1.4051229648385195,-1.2040586846228685,-0.11010943224188059,-0.28117079773296894,0.8947198005645376,-0.8424330842681199,-0.5303369608544752,-2.4655294596248614,-3.997808168282885,-0.31996333051395215,0.6556762843672184,0.14888707665105524,-0.4703850324141479,0.2577474355759727,-5.946685885060191,-1.834260480984036,-0.021507845938515863,-0.16645862166265424,0.045530181242308065,-1.0445437673487077,-0.633268265387355,-0.48409430023476774,-0.4550162585793682,-0.333740815094983,0.026133512952753197,-0.5075838953644651,0.12739420207294883,-0.13266056354933783,-0.9624252641131181,7.343670250226278,0.3989198311255328,110.41126999512315
4.0,19.0,15.9,11.705,8.075,541.5,1.24,65.48,1.159547297297297,35404.0,628.0,32.7396,23.8933,28.3358,18135.0,353.61566120655215,6.272473032361166,100.12,42.91,32.89,6.89,21.692116085648387,0.4183057432432432,45.82,494396.0,16.2,34.7,49.1,52830.0,29483.6,14569.4,30.782770270270262,13.408445945945948,0.4610408828493061,0.2022597972972973,44.72,22.062812311557416,47.01898851000248,-22.88244257440054,-7.138145700280244,-14.90418551152999,-1.3958956689589357,-18.100175091964584,-8.307398397685805,-8.413147466942513,-0.7836500646717228,-1.2378857555046363,-0.6058952869734886,-1.5552696593567568,0.004662369654204006,-0.49683413823096356,-2.4337006479261123,0.29844796913714683,0.20005806042191968,-1.110813437592393,-0.08898845248855712,-1.1627833938198948,0.20952459407970303,-1.8700461195777935,-4.4349376672413205,-2.9802171515681173,-0.03317411976556046,-0.5327463531792933,0.12629188499724028,-0.7032713115556796,-0.3420596936771945,-0.593099465152093,-0.4100453509972426,-0.10404543951774742,-5.26583391714744,-1.4454203826476204,-0.31446203664721334,-0.3081663073271438,-1.574230405950221,-0.30669860601658055,0.6158071829952921,110.41126999512315
25.0,18.4,23.9,10.975,8.545,916.0,3.14,113.44,6.47,113005.25,3048.97,56.37,31.11,123.25,170899.0,632.6927383685123,17.070544762331334,178.61,74.6,52.48,33.02,11.832260392384752,1.0136065476243834,41.19,962714.0,23.22925734100645,37.059541398199215,39.71120126079434,40450.0,30441.0,14677.0,7.420621787035737,5.286083690348805,0.6079000575173069,0.2002013844757149,68.94,35.20591971120327,17.72895291402745,0.9502107368161329,1.546070308114093,-44.81135059802483,31.925531870724324,15.83422404461385,18.787482990909677,32.93980191212302,15.67476175556425,36.87412162138149,-1.9959555305882055,10.811181126957138,44.096667166341405,6.283608166105114,2.2403555847921717,-1.595412589533563,-12.877945443928866,27.888664560732433,1.1877391691055763,0.3008073090684296,15.033074439571545,5.653327897419224,4.339955352246762,5.766616639983842,-0.45402238303329945,9.304871987787383,9.050988596252475,4.028396197141457,0.32161388374709815,-1.7991948004066938,1.9641794830265775,-0.9180622539374359,-1.199632294837693,2.454946391349656,-0.16564047663472614,0.5314385747738806,2.379192251184335,4.435386505940313,13.966348748512873,110.41126999512315
25.0,18.4,22.0,13.445,8.2,893.0,1.65,113.44,6.47,113005.25,3048.97,56.37,31.11,123.25,170899.0,632.6927383685123,17.070544762331334,178.61,74.6,52.48,33.02,11.832260392384752,1.0136065476243834,41.19,962714.0,23.22925734100645,37.059541398199215,39.71120126079434,40450.0,30441.0,14677.0,7.420621787035737,5.286083690348805,0.6079000575173069,0.2002013844757149,68.94,40.20853864154866,17.971398854942283,-1.502422493270909,-3.1086779217623786,-23.510114061158387,-9.193977080819508,-22.775871694905216,-14.862898158792719,-12.06585371836554,0.10975686848241233,-1.0321685061603791,-3.4288308092687885,-0.49469781153680037,0.03281156337431904,-1.0886457871063624,1.1889932859378558,-4.821258474847613,-7.752739697830595,-1.5000056226768834,-0.0011313140640660801,0.8509204652711437,-1.2948849632715178,0.5342770811081091,-0.2983408039497853,-1.69959393848665,0.18779612070648,-0.2866213753120995,0.19571935999983273,0.09344802995367785,0.0011564248039696117,-0.0613679842332687,-0.4451777641428645,0.07130481531183817,-0.08194358200999059,0.30519661817777405,0.0034780966234390733,-0.26829219354782263,-0.4607367102537909,-2.970796801615895,1.0517945509660056,110.41126999512315
25.0,18.4,19.4,11.865,8.155000000000001,796.0,3.64,113.44,6.47,113005.25,3048.97,56.37,31.11,123.25,170899.0,632.6927383685123,17.070544762331334,178.61,74.6,52.48,33.02,11.832260392384752,1.0136065476243834,41.19,962714.0,23.22925734100645,37.059541398199215,39.71120126079434,40450.0,30441.0,14677.0,7.420621787035737,5.286083690348805,0.6079000575173069,0.2002013844757149,68.94,37.16002625992356,14.843588570375651,-1.2971954462669484,-3.9170114555458215,-29.22288064522358,-16.07229516216088,-19.765833073924295,-9.902991814767786,-4.382775582599763,-0.5066636887712712,-2.470771247032487,-1.2694396967409802,0.07813763388587767,0.2829370680668686,-0.20589067711805323,0.12212507999502124,-5.555817321319289,-7.80483891811222,-3.7249149001234527,0.46980126869244093,-0.4841615866419553,0.2659721595204119,0.2773174539596442,0.632733754613435,-0.13023653792683182,-0.024953294808510804,-0.11662867698430408,0.42575615793156113,-0.45676669505735173,-0.08759400038242467,0.4307592918149499,-1.0602836851387605,-0.0801556415545438,0.9811090011436802,0.528503315870959,0.009690362311280605,0.04167307926885342,-1.2096371113602067,-4.36935452543975,-0.808493146696903,110.41126999512315
15.0,20.5,18.1,9.7,8.629999999999999,1146.5,2.38,13.72,0.83,7014.7,78.24,7.31,3.49,34.58,2219.0,256.8546320029293,2.864884657634566,27.31,10.63,6.92,6.91,1.80918779080694,0.4565479911105388,75.7,148886.0,2.978968581939072,42.82646793950212,54.19456347855881,46502.0,34131.0,20135.0,14.867372524025823,2.380954321306591,0.8667399117112345,0.2182642305946436,75.16,9.88587318322777,6.937506943190263,-5.114981471750265,-0.9791282918684495,-17.341846562776873,-5.392597173955292,-23.70606207208708,6.129888101934143,-1.8122718103571493,-0.26489151281149526,0.09983377167178926,3.317960620359518,0.7738097701935714,-3.1513261530982946,-1.191776251141757,1.3819059283845132,2.819090125177367,3.736280718237783,0.2871178307089323,-2.0717687928482564,-0.542842976503695,0.16862780692366233,0.40606766033296804,5.828128916653806,6.495134533028275,-1.5476873916356517,-3.706753518637269,-3.158578142029389,0.6692572439555078,-1.0404434232801825,1.091735060454811,0.8956453692695746,0.10126004459957334,1.0494935994781562,3.4844384007582754,1.3673026172289016,-0.1586952560045749,4.044142216542579,1.3593239463687254,2.7210440673454026,110.41126999512315
46.0,19.0,18.4,7.425000000000001,8.035,1133.5,1.85,97.05,1.21,106381.0,2590.42,55.63,35.38,100.73,137331.0,610.4028000918064,14.863552903373884,174.27999999999997,73.07,53.35,21.39,11.545413701275482,1.3286396630675812,42.31,858592.0,16.673582357043852,41.11565010222189,42.21076754073426,42877.0,31410.0,15449.0,10.182451797210655,6.929020407132105,0.954641587443107,0.2674869382660009,92.11,11.486036292983677,17.021784859879702,-0.6505322328947181,-4.279989328305624,-19.929274213156507,-20.37147337914794,-21.15967784509994,-3.378605506306824,-17.691246807448337,-0.45612759485995924,-1.2295453595928851,-1.9274712476165352,-1.043368587864873,0.08196270826117463,0.14406582181768784,-0.39468245115208683,-4.3167538268996095,-4.381336665968411,-1.4641766480616454,-0.14236437097036597,0.6371555104789635,-1.645749757327528,-0.7507808007765558,0.2470961019280377,-0.13262955862757145,0.7282349557483859,-0.10014939764747412,-0.19340465226831594,-0.8598764740520467,-0.5970255009798954,-0.378740579828931,-0.9241388274868946,-0.135987160402971,-0.09822967731626557,0.8279093140332642,0.2112257848571358,0.03383226468809868,-0.8560927351936684,-1.362530054487289,-2.4392187726924504,110.41126999512315
16.0,20.0,18.5,8.765,8.075,1162.5,2.44,53.8484,0.7,22791.0,176.0,19.9075,9.7003,26.1024,22316.0,289.4793664503182,2.235459983996139,78.731,30.36,17.926,5.442,12.707805206288954,0.8544099046087655,49.59,270490.0,11.8,40.1,56.9,45128.0,39616.0,17109.0,9.127778739156234,7.347487394884943,0.1563167286245353,0.2407812308070261,59.4,24.81787482310566,39.45277630219512,-0.932391075675064,2.663435708126054,-30.344962310767738,-4.230347248838129,-45.17877190524402,9.210713649864,0.8353842544415966,-4.482488609142602,-1.9249095096563298,1.9184586297953496,1.9539053807446425,-2.0848835091277347,-2.2132548825955016,4.689321386553345,2.5693667716649355,4.78972017557981,3.808062357925035,-1.5641400412966817,-2.083455467028543,-3.2162944845296444,1.9072431937030843,2.7511258385330453,-1.25632909179122,-0.2839961937023321,0.7948088846309118,1.4368825627801314,2.190193741278104,5.867652940084228,2.253947775491203,5.217486339338746,0.548253270251054,2.0798726642938945,6.363666773292544,0.8091100096174828,0.3329265184731544,5.781818180622842,7.581166656172524,-7.307253960332989,110.41126999512315
19.0,18.6,23.8,17.225,8.89,1229.0,3.98,62.8682,0.7473,30465.0,544.0,23.7417,15.1611,35.7857,16160.0,391.6363496124131,6.993276684364113,77.789,31.907,28.226,8.037,12.555758966506351,0.9191379276851872,47.4,302484.0,8.8,57.3,33.9,63896.0,41068.0,18414.0,9.819277128486252,7.904115227830772,0.4381657992565056,0.2590222331408918,63.9,41.96180414839748,45.78175769599105,-0.18938274814359113,-6.981673873208542,-23.681518561658446,-23.973322697612065,-24.227024895346645,-6.370957927184256,-4.911479626843939,-0.968041471720984,-0.3360670813033358,0.6258036868095703,-1.905323927124652,-0.7817217491435189,-0.842977030639692,-2.34568327103819,0.26766533898111994,-1.0069888347449398,-2.7305021013808446,-0.8369159758467379,-1.191238573309965,0.19187211887057212,-1.1551031685069504,-0.26934851161514856,-1.2472409958330286,-0.043756727267367616,-0.46837878995225884,-0.4529461564705703,-1.5012975461909086,-0.3649094419352085,-0.3099179553966201,0.036775891366415174,0.11179659846161148,-0.3456312171129192,0.7787754694624636,0.23123221700778251,0.1298859213672892,0.3064766422340966,-4.307999440273271,0.6861682954166709,110.41126999512315
32.0,18.3,21.0,14.54,8.29,901.0,4.82,78.86,1.51,42101.0,1310.02,57.39,30.39,103.24,45409.14,239.6050310170167,7.455580217403678,175.70999999999998,75.89,47.08,23.13,11.640145980325425,1.1288686636714582,52.2,686334.0,16.06716086336319,29.95130135865117,53.98150854710848,36106.0,32559.0,16815.0,12.881572327495135,5.887189901806822,0.6001059414337037,0.2742822855197458,94.45,34.69157815650585,9.273593262980231,-0.39323194861334265,-7.8708477629694,-24.69561051151754,-34.15263819505111,-18.519286074993044,-17.921253344803894,-0.5057508056471128,-0.3390494482653837,-2.0329629484370044,0.05803465099849981,-0.36551982329615074,-0.6522034410977111,-0.17374946370759645,-0.04281205015101842,0.0077098567403552365,-0.8772331868131499,-1.4915482315281408,0.2244978049040458,-0.22890413955397304,-0.18404284753370956,0.27775350287867073,-0.051801958344100764,-0.6618309218358873,-0.4622517586491697,0.5009129916938658,0.28310857143175483,-0.15864277259252602,-0.31766560608055444,0.3787322647295268,-0.13866262586360614,0.07829054700365966,-0.06013431800102548,0.16807849551861467,-0.10112019724406618,-0.8113186661410157,-0.5462602871159721,0.5767738656847125,0.8227549551307055,110.41126999512315
406.5,28.1,32.4,20.44,9.01,370.5,4.62,2.90776,0.115,1588.0,7.908338175479372,0.089,0.2026,19.077820000000003,4092.3,329.46058091286307,1.640734061302774,4.82,0.14,0.34,3.98,1.9414835306710216,0.2504382101047163,73.3,43717.2909103953,2.133822472423064,34.05945495650095,63.80672257107598,57754.0,39953.37,32733.15,7.989646389078048,3.576066916726457,2.2858259152713347,0.3546265201122545,56.1,0.2519069582752886,0.0104022277220004,3.591168954942841,-2.684469574060446,-8.15061600936344,-27.963055423288605,-28.308215556697295,-3.3638475633878255,0.6168924377501647,-0.5196428884030326,-0.7310280677598594,0.12332964313759735,-0.5857800337222095,-1.5303504238347514,-2.2928713741650197,-1.528136078615983,0.681705347220413,-0.3267142836904777,0.13251606374358058,-1.8438279695389796,-1.6384229396438863,-0.1279014578058069,-2.7237688346812514,1.4001653126766904,0.5465104777622037,-0.5242751428818644,-2.027626521489584,-1.537661022438357,0.0617013481523225,-0.6414449316814234,0.1401439256190005,-0.7540143607137727,-0.07304504561315432,-0.34347431663268524,1.4071236757111418,-0.9106842243974086,0.3044608168878275,-0.8915403974956514,-3.0865081476761653,-8.119377130849752,110.41126999512315
191.4,25.7,30.2,10.11,8.41,885.5,1.6,69.4828,1.3569,21994.0,591.6353864032538,9.1363,9.5518,7.95815,16641.32,381.11245884595394,10.251869457689375,57.71,25.24,23.82,2.36,23.245438704361963,0.4724934230642314,61.4,189959.29356481816,5.960707881876988,46.25281304491967,47.78647907320334,66835.0,38481.79,24326.61,8.747788017238738,6.746846249557248,4.849428335338578,0.4633533676333021,73.3,4.666921359453305,7.982966899700595,-0.5218849651282657,-3.6194537956267574,-10.961979125214276,-5.506237577647746,-25.021721386993306,-18.14050895909779,-12.738626336686623,0.0021294111642052214,-0.6200754464184867,0.36571514561306745,-0.3383519073637822,-1.3794141745644926,-1.5811374466718788,-2.512964219134302,-0.20040618159420168,-1.3669194397004318,-2.1688753558850533,-0.4281379630393351,-1.956332834968344,-0.0097432949425027,-0.9089197679034756,-2.8947697210909484,-4.32196087106131,-0.20717598262320583,-2.1860690295067626,-1.599094622347814,-0.9793548001558503,0.26603300099571503,-0.29672651146072887,-0.3049131897891243,-1.2092488754983048,-0.2520968998673689,0.5644090594157251,-3.884507976300083,-0.16202958341687845,-0.24083346118296944,-4.171031069317833,1.1127311169992502,110.41126999512315
320.3,27.8,28.9,15.805,8.215,788.5,5.87,79.7603,1.3218,37783.0,436.0,32.0201,11.986,58.2589,19506.0,317.1284444481749,3.659529465087586,119.14099999999998,45.663,16.368,14.3018,22.549304697785008,0.6391463480032891,44.35,477241.0,11.4,37.1,51.5,71561.0,34380.0,21443.0,14.98400185022494,14.347792906389309,1.8324918038196647,0.2479057292855512,67.5,6.782610953439045,5.115170265892368,0.4246865247318053,-2.976057916061255,-6.576667849825848,-26.441641323653744,-29.673502604449947,-17.819277598521833,-0.13349274909278988,0.5043971154706868,-0.11609975600304641,0.13153940470423606,-1.0268335033821259,-1.5078778962014858,0.5962427693574383,-0.3747515613849581,-0.7190563255175957,1.0883478540733151,-0.8760838143931067,-0.056006978463070324,-1.259616604353456,-0.32669578807661237,-3.4808410489753214,-6.5836130903187815,-2.0873856992883764,0.29810823540358466,-0.3536193016652644,-0.9346415335708295,-0.17997676936793164,-0.021915868098538332,-1.2866484925880408,0.18270635629538415,-0.19033212889878373,-0.534476273043546,-1.7345401247218255,-1.0722087417085042,0.0985186421591776,-1.4582777148454147,-2.3642130596912456,-1.5388413060658317,110.41126999512315
136.1,26.7,28.2,8.015,7.975,330.5,1.53,49.1485,0.47,15878.0,356.18,8.5477,7.134794327171835,4.120444715233774,11534.0,282.58702925891646,6.339075959279561,56.188,19.8872,18.41727,0.953,16.5223150965168,0.404246719542003,47.87,256107.0,6.0117218158366414,18.17413190276764,75.81414628139571,45012.0,32296.0,14288.0,6.990829016588316,9.211165561563142,1.5733199943233478,0.2193897616698903,43.22460681495,1.123414273012867,2.268653941519695,-0.0374969606543892,-2.5617463549862927,-1.4536100915555528,-12.868013202340032,-26.117623381125743,-9.274296345119366,-11.416729916278271,-0.8142999211031325,-3.341432835195834,-0.28800647074201374,-0.5069212720744934,-5.8592987026018095,-3.8700484877933437,-1.081642603290579,-0.10001074350438965,1.5302044460286073,-0.34867034815407,-1.5019476457887013,-3.1451872714391587,1.6917809481934334,-1.2660440831336504,-0.01564703476149702,-5.576293520291024,-0.07713724630108713,-1.5675443856216347,-2.294782792022454,-1.4208092544879765,-3.749686560380894,-0.07386991681220749,-0.10140411638965323,0.32302882604921807,-0.05140855153867093,-0.4026097372872739,-0.902020813998145,0.12898286259733183,-2.4507735020155086,-3.9586394332861516,-1.978760142307728,110.41126999512315
218.7,27.6,27.1,5.27,7.38,366.5,3.81,94.75,0.975,80886.0,573.0,36.035,30.6179,69.9425,59746.0,503.33227546810537,3.5656280919222656,160.701,59.489,57.403,13.697,44.04493523854282,0.7705005543685988,37.51,683165.0,24.81513784080998,29.71825110917296,45.46661105001707,37563.0,37438.88,16936.21,15.717915646179634,15.449625511761106,1.4422353381379165,0.3216419673452932,70.17,23.35632848472293,6.755414207169814,9.40302350915658,0.16578123195484876,28.40319272221066,46.31714754310437,94.96991844770032,-0.4052629621676189,0.1945673083933078,-0.9859735517809183,-0.18915408083392737,-5.530882436015328,-1.142513431307548,-3.328802884885423,-3.4755463972532503,-6.397219656924718,-6.875652963677421,-6.477632201689606,-1.1257651913150528,1.4339681412264105,-1.0991360826200467,-0.36985184896427076,-1.3908935354781968,-39.00053268403591,-2.2018633359748265,-1.3496712925673133,4.4172133703855785,5.569466626804786,4.871450645152168,-0.252404383386794,-0.4908222588306887,0.734250731213638,-0.24031871112683886,1.128690639090096,-24.153843430599665,-3.0755885803342515,-1.03766496009193,0.771967138010854,13.408664863149944,14.075958861294204,110.41126999512315
320.3,27.8,30.9,11.565,8.120000000000001,499.5,4.39,79.7603,1.3218,37783.0,436.0,32.0201,11.986,58.2589,19506.0,317.1284444481749,3.659529465087586,119.14099999999998,45.663,16.368,14.3018,22.549304697785008,0.6391463480032891,44.35,477241.0,11.4,37.1,51.5,71561.0,34380.0,21443.0,14.98400185022494,14.347792906389309,1.8324918038196647,0.2479057292855512,67.5,31.08433820888446,14.826115409019962,4.173754645464942,-2.334508000514469,2.5563970895313344,-8.973162494873007,-49.63875290282536,-7.906138585200535,0.6442413781699731,1.625758814667351,0.7723439995967768,1.3678273988406484,0.44397457160831716,-0.33002511227192954,-0.5451099500618853,0.44849700136575965,3.703989791452574,4.7926420762048405,0.8976140896867326,0.020139442368719934,1.3365848696899292,-0.3020488350566784,-0.7660702989374597,-2.531877273290109,-3.8650661743440047,0.08773866232484566,0.398017256430661,-0.5179772474306316,-0.31716663809803575,0.41329240270735185,0.9755470272976292,0.9002562023544051,-0.9379350544853754,1.1980272428800045,-1.8638688775089884,-0.22929739151382833,0.25647526771295776,-0.2971442121484615,24.187216681677384,5.933782643357602,110.41126999512315
434.4,27.7,29.9,9.085,7.93,884.0,4.52,92.75,1.5386300675675677,45158.0,696.0,33.0483,14.6795,94.9691,6452.0,387.35632183908046,5.970149253731344,116.58,42.49,20.02,31.74,25.258358901966528,0.555059543918919,52.85,465622.0,12.3,44.1,43.6,67794.0,41956.5,22104.5,40.84636824324324,17.791976351351355,0.9989242570341496,0.2683831925675676,59.34,5.613306215935314,2.6490312936033087,3.7107085826496298,-0.2400080565704664,0.7225036066374733,-3.837495136689395,10.075159666522717,-13.420988932781233,3.091704944314745,-1.4861524520240108,-0.3460261904960502,0.317770026462773,-1.2539583144926758,-3.4612141857979224,-2.6754672753345226,0.6441101958819987,5.711317491332689,-0.6223732002467554,-0.8817234990761303,-0.9012042561033738,-1.647538574427988,-4.275867239519333,-1.2371817505763223,-4.897406403174004,-1.4829531642297897,-0.2138763662070667,-1.290986482681085,-0.6967160194491336,-0.7718734361122687,0.17247493156542415,-1.2192628400462364,1.2705367284454405,-0.8007076455055099,-24.469354341522166,-16.09903440141429,-0.7015573921675475,-0.03751653411736022,-2.579925062308709,-4.437409232039937,1.2611648736459526,110.41126999512315
307.4,28.4,29.7,0.905,7.305,439.5,4.835,97.05,1.21,106381.0,2590.42,55.63,35.38,100.73,137331.0,610.4028000918064,14.863552903373884,174.27999999999997,73.07,53.35,21.39,11.545413701275482,1.3286396630675812,42.31,858592.0,16.673582357043852,41.11565010222189,42.21076754073426,42877.0,31410.0,15449.0,10.182451797210655,6.929020407132105,0.954641587443107,0.2674869382660009,92.11,18.603552771735465,3.658607793036758,21.876319004595274,7.010532828415749,72.65613822409648,60.63588452082593,112.53556833456503,20.600075201991327,22.431073906098806,0.9515608208238481,-9.284610621556647,-21.75785904003152,10.774649012201309,15.227255389328734,-10.93150848682582,12.316680139126255,-28.336743946390538,-30.167227908099687,-3.199726039838667,3.5700778534278936,2.077484569422276,-15.450211966376136,9.749806043918555,24.77687998457114,15.328936193333169,0.2952124670334175,-1.5932160209724646,0.29007208748720475,-2.6598337772830134,-0.6272179912535195,-2.1377510925995504,-2.0355173261339505,0.6285533603296306,-2.536086164151005,4.402626511939654,-0.3687482353284312,0.9471192484100648,2.587432312993338,-0.21514302606461952,-5.148184052699558,110.41126999512315
114.4,28.8,28.6,3.875,7.52,731.0,7.07,53.8484,0.7,22791.0,176.0,19.9075,9.7003,26.1024,22316.0,289.4793664503182,2.235459983996139,78.731,30.36,17.926,5.442,12.707805206288954,0.8544099046087655,49.59,270490.0,11.8,40.1,56.9,45128.0,39616.0,17109.0,9.127778739156234,7.347487394884943,0.1563167286245353,0.2407812308070261,59.4,14.566303234505362,4.852510759916136,3.0911134018888684,6.16412158747979,25.685939888486953,67.47319686290807,143.64212241481445,-20.85440453900102,24.80135386833145,-2.230388484946451,1.7342595748471428,2.7230876269517403,-0.3609482853378457,-4.770393598727726,2.027181800322141,-1.6028550258635856,4.39673866713264,12.495836549294175,1.2752326215757048,0.21882795571194022,-2.445885053010031,3.658681310943025,-0.08544722948533412,14.303517681984232,-5.490094852473902,6.45273176031343,-2.6663281593487302,13.254647073342154,12.170030379475408,-2.458739798453166,12.219166818830805,3.406532824526847,0.8005426237716667,7.689795016990973,13.500292985703176,4.667401274616524,9.534771594341533,2.9779129366941377,-5.477675103966615,-6.106096184537741,110.41126999512315
354.1,28.0,27.4,2.175,7.355,445.5,5.34,78.86,1.51,42101.0,1310.02,57.39,30.39,103.24,45409.14,239.6050310170167,7.455580217403678,175.70999999999998,75.89,47.08,23.13,11.640145980325425,1.1288686636714582,52.2,686334.0,16.06716086336319,29.95130135865117,53.98150854710848,36106.0,32559.0,16815.0,12.881572327495135,5.887189901806822,0.6001059414337037,0.2742822855197458,94.45,17.089482395852315,2.986327738444193,27.382322045494806,18.690289164565808,112.48844269872485,135.28853595800078,195.3362279540285,43.18850905815837,32.89624734115166,0.7902711090212561,9.074237509728404,-0.426974744916271,-1.019623741602216,1.9609147808825007,0.9480711243643162,3.0632675459127285,1.6404410139874734,14.938139672911106,-0.16574275890210188,10.068767042273338,14.105132784959862,0.8975256565096821,34.64487399004088,12.961247053453702,27.492813430537165,2.089304033807321,1.0441591929939236,2.305114564333735,3.1217676241726964,1.5128656497240744,2.4748623153334512,3.1550175166095165,1.804474506524078,4.167885481934062,9.856767864630877,2.273869460442421,2.541341021759442,13.73932864869441,-1.702180890720334,-4.914904744961917,110.41126999512315
3.0,3.8,8.4,18.135,9.11,756.0,7.29,2.90776,0.115,1588.0,7.908338175479372,0.089,0.2026,19.077820000000003,4092.3,329.46058091286307,1.640734061302774,4.82,0.14,0.34,3.98,1.9414835306710216,0.2504382101047163,73.3,43717.2909103953,2.133822472423064,34.05945495650095,63.80672257107598,57754.0,39953.37,32733.15,7.989646389078048,3.576066916726457,2.2858259152713347,0.3546265201122545,56.1,0.568962096943911,0.0300843255766336,-27.36036086410381,-1.0275446606788317,-9.804545541798774,-13.794846101553022,-17.625630789563683,-10.285707571168894,0.5292481177183801,-1.4051758735277697,-0.24668221544047642,0.05015885438226881,0.26101799783219254,-1.6443924086649593,-3.417367205642319,-0.05052105763073372,0.6858362950958928,-0.5429984241009985,-1.3301542043786807,-0.9102108944052216,-3.724139772824323,0.07890540389809786,-2.21875095849818,0.2881356170045897,-1.1761054771735022,-1.6880393366236246,-2.1286070185798835,-1.034895453776698,-0.5690896815185731,-1.4816151271325857,-0.7691062632769646,-0.37541208630660566,-1.2335867755883367,0.6164876253305299,1.22529170838107,-0.4414714240934705,0.6765405711671334,-0.9070623785820007,-3.2432534663441275,-4.35543603511954,110.41126999512315
7.0,3.3,7.2,8.66,8.535,926.0,1.79,69.4828,1.3569,21994.0,591.6353864032538,9.1363,9.5518,7.95815,16641.32,381.11245884595394,10.251869457689375,57.71,25.24,23.82,2.36,23.245438704361963,0.4724934230642314,61.4,189959.29356481816,5.960707881876988,46.25281304491967,47.78647907320334,66835.0,38481.79,24326.61,8.747788017238738,6.746846249557248,4.849428335338578,0.4633533676333021,73.3,1.339076042900773,0.1720848572116504,-5.165138693038996,-2.9775647296585745,-6.261112114560479,-16.513670260965203,-12.32152874239255,-1.0968179827276627,-13.245252919308841,-0.04837955001276014,-1.2641750714834772,-1.0207617699416973,-1.7664377227394528,-2.602795927763605,-0.14274468010757124,-1.8945471013438275,0.10728616356849674,1.0575623634690414,-1.7637834694220993,-0.6717975149707242,-2.3141332404036077,-1.7509243977225084,-1.1089919790873937,-4.102380000995472,-3.817758687990717,0.045820430501674204,-2.491016927255939,-2.864600581728544,-1.2234658167278394,-0.47755670235336933,-0.6165610027980667,-0.15727679642693512,-0.1621182765159752,-0.2937000671541317,0.8031456566912416,-5.151640671949523,-0.4327841427937768,-0.3262072911136776,-4.8912845071855315,-6.10102102142914,110.41126999512315
16.0,3.3,7.0,12.265,8.295,1023.0,4.29,79.7603,1.3218,37783.0,436.0,32.0201,11.986,58.2589,19506.0,317.1284444481749,3.659529465087586,119.14099999999998,45.663,16.368,14.3018,22.549304697785008,0.6391463480032891,44.35,477241.0,11.4,37.1,51.5,71561.0,34380.0,21443.0,14.98400185022494,14.347792906389309,1.8324918038196647,0.2479057292855512,67.5,2.923379471779928,1.141721319067748,0.08119511150677401,1.0453478944503385,7.021577027146704,-24.335121892741103,-30.046589773229787,-3.5840236909881558,-3.096834628524567,-1.0051413747528561,-2.5689280280362183,0.13440284587132645,-1.9587283654107412,-0.5394005037223298,-3.70470965119855,-2.067505655346129,0.9969671060610571,0.37455447994017305,-2.957500639307933,-0.6208862192633869,-0.22952055501285992,-1.3214600269954346,-0.23122461060217292,-4.314620901122691,-2.6460431973085123,0.010647769800076793,-0.43601371138822387,-0.640716005020463,-0.7219676688608397,-2.0510757616767648,-0.1693227922093746,-1.0772858444927274,0.4062324077496311,-0.3938439072513325,-3.4008376965889098,-1.1628355108038522,0.007386730750247465,-1.2523751705869401,-7.180777333610071,-5.269861388821155,110.41126999512315
24.0,3.0,6.1,9.15,8.469999999999999,372.0,5.07,49.1485,0.47,15878.0,356.18,8.5477,7.134794327171835,4.120444715233774,11534.0,282.58702925891646,6.339075959279561,56.188,19.8872,18.41727,0.953,16.5223150965168,0.404246719542003,47.87,256107.0,6.0117218158366414,18.17413190276764,75.81414628139571,45012.0,32296.0,14288.0,6.990829016588316,9.211165561563142,1.5733199943233478,0.2193897616698903,43.22460681495,1.20644774729505,1.2338185508279826,-0.602347449781373,-0.7542536983514833,-4.2916827190543225,-13.260173377380704,-31.719537238970712,-11.824434921178034,0.12707383127417485,-1.5257383442344146,-2.131781821463567,-1.1348289584678906,0.2861043552557628,-2.621851748251356,0.3685677818798769,-0.6753261405819405,1.5398733756116894,0.21849456108796061,0.11369767139510567,-1.4764674244619291,-1.4643965580097091,-1.3487449298674876,-2.3635931198469677,-0.18894000317746187,-3.76258182703983,0.05992924017521225,-2.6226286004049073,-2.031593816191889,-1.6414929095345245,-4.331182663943618,-0.3114700891124092,-0.6127657793834811,0.08463107233556644,0.059937280360611,0.6214549556762603,-0.6099664396171778,-0.5532938378614687,-3.24553583384181,-6.319221548773349,-5.031487454753369,110.41126999512315
27.0,3.0,7.7,16.884999999999998,8.47,250.5,3.6,94.75,0.975,80886.0,573.0,36.035,30.6179,69.9425,59746.0,503.33227546810537,3.5656280919222656,160.701,59.489,57.403,13.697,44.04493523854282,0.7705005543685988,37.51,683165.0,24.81513784080998,29.71825110917296,45.46661105001707,37563.0,37438.88,16936.21,15.717915646179634,15.449625511761106,1.4422353381379165,0.3216419673452932,70.17,67.78694002309385,21.313004960193474,-3.0524559432438885,-2.210178731451741,0.12625148710949982,-12.678301190845668,-22.538679290365735,-13.313593886449624,-6.107716346125428,-0.3547875443659721,-1.9508231929906972,-1.690645138476974,-0.5664684954425322,-1.0566351397739104,-0.9638693704331915,-0.40605413177205935,0.3019684822469331,-3.4421562282275406,-0.5349971366828928,0.4339268320721259,-1.0328797061516262,-2.3534203438336654,-1.226543969165844,-13.908362228370583,-2.335599809242414,-1.196442948065232,1.0636922825236492,1.8076039872768643,0.3462145874447497,-0.18247807076821734,-0.9579187921729576,-1.0665318578869727,-0.5189161952057239,-0.7009369227817907,-5.929752682739248,-0.13472358754836045,0.16548030840388242,-0.3707301152109479,1.0697418059781203,-0.1809107729978856,110.41126999512315
16.0,3.3,7.2,9.945,8.370000000000001,809.0,4.39,79.7603,1.3218,37783.0,436.0,32.0201,11.986,58.2589,19506.0,317.1284444481749,3.659529465087586,119.14099999999998,45.663,16.368,14.3018,22.549304697785008,0.6391463480032891,44.35,477241.0,11.4,37.1,51.5,71561.0,34380.0,21443.0,14.98400185022494,14.347792906389309,1.8324918038196647,0.2479057292855512,67.5,25.74574497156015,7.738884764044342,-1.2634506182838248,2.9972070434922347,4.294075151894551,-4.323905525957235,-19.36959000994762,-24.355069238992872,0.048046806279258135,0.31681529050537627,-3.4053367784339916,-1.040234116186233,-0.6777141295202688,-1.9106847756604368,-0.8176793595139564,-1.2998031633052365,-0.15913746779008475,3.445577149018645,-0.8716793783381561,0.04714736237656414,-0.9435591678041971,-3.568372428645379,0.16696174647969583,-0.8425947285365926,-1.4310501696681615,0.2241309463015444,0.09615444364491725,-1.3538166976130246,0.2446605804857489,-0.515138352018161,-0.1230903008471554,-0.2506119762112693,-0.5532416475176204,0.07896972118566421,-3.0119379931921118,-0.9789877690949164,-0.1499344865279261,-0.5336258164296565,3.419089672737756,2.392028766833246,110.41126999512315
25.0,2.6,7.4,11.635000000000002,7.975,1201.5,5.2,92.75,1.5386300675675677,45158.0,696.0,33.0483,14.6795,94.9691,6452.0,387.35632183908046,5.970149253731344,116.58,42.49,20.02,31.74,25.258358901966528,0.555059543918919,52.85,465622.0,12.3,44.1,43.6,67794.0,41956.5,22104.5,40.84636824324324,17.791976351351355,0.9989242570341496,0.2683831925675676,59.34,6.051511755252663,0.810049913467883,0.21212626152516675,-3.8604104663028074,3.667654173029586,-7.0292805480926,-14.53843458012833,3.583676565730323,3.410340646284942,-0.3510081057374686,-0.9506569601797187,-0.5347656231373534,-0.8611136284423987,-0.3319717478627962,-2.2823717715684317,-0.40916240521240993,2.8594599164246275,0.6148809590671837,-2.8208334683378546,0.024702637594504157,-0.964291530745105,-0.33015684132153983,-2.157498009408204,-6.916408607277553,-3.169576468694333,0.438909436681618,-1.4251039103635905,-0.8555266129629073,-1.1827474274897636,-0.25329135830669297,-1.2451305613806467,0.4249977864138783,-0.6218127440909536,-16.179042201098056,-11.456003156752947,0.1913172888879986,-0.19428434556660493,-2.2889558441440268,-2.4906963987120716,-6.667174061707531,110.41126999512315
21.0,3.6,5.7,12.515,8.195,1158.5,6.7,97.05,1.21,106381.0,2590.42,55.63,35.38,100.73,137331.0,610.4028000918064,14.863552903373884,174.27999999999997,73.07,53.35,21.39,11.545413701275482,1.3286396630675812,42.31,858592.0,16.673582357043852,41.11565010222189,42.21076754073426,42877.0,31410.0,15449.0,10.182451797210655,6.929020407132105,0.954641587443107,0.2674869382660009,92.11,22.222882420148512,62.98604867445978,-0.6280987441539772,3.0168099192638587,2.15884934800677,-19.34194819806454,-34.92207494901027,7.633327126108728,1.858931510597466,-0.7120992637906842,-2.1581297619082034,-3.1966768232469107,1.023984327237122,2.234477949707458,-0.7363289034940923,-0.23369196389646593,-6.133711567281279,-6.0933507976246375,-1.8740556463925158,0.6018171389261261,0.31401117511559323,-1.6160840025419978,-0.21564466816683758,2.1534326109491917,-0.052071605656915786,1.1090969577959429,-1.0782282966002834,-0.26239979177247735,-0.17123287111055138,0.19006469173356746,0.8296509685770909,-1.0855727859788251,-0.2582655742702382,0.8845070617257925,2.4500295024986074,0.03797031160133472,-0.11360642202353717,0.5487811330131565,-0.19258636530333625,-4.2362094883876855,110.41126999512315
26.0,4.3,6.8,12.645,8.405000000000001,1516.5,7.39,53.8484,0.7,22791.0,176.0,19.9075,9.7003,26.1024,22316.0,289.4793664503182,2.235459983996139,78.731,30.36,17.926,5.442,12.707805206288954,0.8544099046087655,49.59,270490.0,11.8,40.1,56.9,45128.0,39616.0,17109.0,9.127778739156234,7.347487394884943,0.1563167286245353,0.2407812308070261,59.4,20.774936958969658,14.230621836023824,-0.4786388776327189,0.5964109201077376,6.696886227751771,-14.25885800928343,-25.86838144121691,2.3442097234524164,0.08528818826967122,-0.8585842813209948,-1.478083809989814,1.1462352485520126,-1.5999496643369382,-2.182958276023465,-1.270087696161741,-0.07531481826057007,-0.6488078954971087,1.6865207521632914,-1.6249967732032147,-0.7875816526124275,-1.512572735783954,-0.22636974059200465,-3.112192683654529,2.149850938534365,-3.9752749815893673,0.5318862104012348,-0.5790763012832025,0.5560315647240097,1.0472099630022427,-1.391806283229962,1.659696001706955,1.0202085315265395,0.7614949696697287,3.6242902476200833,3.716976784998549,3.404546727002596,-0.2700174989985899,-0.9386034800220907,-0.4050631829909994,-1.9195661042816938,110.41126999512315
21.0,3.3,7.7,12.81,8.35,1577.5,6.75,78.86,1.51,42101.0,1310.02,57.39,30.39,103.24,45409.14,239.6050310170167,7.455580217403678,175.70999999999998,75.89,47.08,23.13,11.640145980325425,1.1288686636714582,52.2,686334.0,16.06716086336319,29.95130135865117,53.98150854710848,36106.0,32559.0,16815.0,12.881572327495135,5.887189901806822,0.6001059414337037,0.2742822855197458,94.45,25.747573113774497,15.782468998246731,0.672178591312842,-0.8708608680001161,-2.3642829183706393,-30.002388875104174,-24.000395449362696,-2.3530203283485016,0.9119818606538074,0.09359773078002072,-2.44700872636245,-0.4055232400773101,-0.8976156301486009,0.061336734010837425,-0.24477749167165289,-1.582866776861871,-1.5132751311858499,0.36977438852501415,-0.37085587521238966,0.5394126387375112,0.2890299946318076,0.5579712056306505,-1.0132596474358204,-3.197497601324381,-2.043834532027444,-0.30688399152054197,-0.3215357981482523,0.6388696630174912,0.1727843204420081,-0.30574238892955,-0.6976078630704423,-1.7082780061879506,-0.021391543000936746,0.5823789604924007,0.902250776430591,-0.1858073756610971,-0.19663161370748186,-0.7344503637744729,-9.396119931285892,-8.9835008054832,110.41126999512315
0.0,20.3,17.4,14.575,8.485,947.5,5.62,2.90776,0.115,1588.0,7.908338175479372,0.089,0.2026,19.077820000000003,4092.3,329.46058091286307,1.640734061302774,4.82,0.14,0.34,3.98,1.9414835306710216,0.2504382101047163,73.3,43717.2909103953,2.133822472423064,34.05945495650095,63.80672257107598,57754.0,39953.37,32733.15,7.989646389078048,3.576066916726457,2.2858259152713347,0.3546265201122545,56.1,0.2540100180397127,0.008748124666031,-17.47287507675588,-2.4203335335530576,-11.181681087364174,-28.729268453165037,-8.612825170662063,-6.311332008592628,0.39847080645384203,-2.688362343568976,-1.9717670252372044,-0.49036619961533395,-0.3568570896393306,-1.9485483261995251,-0.3238708901071617,-1.1862686806963747,-0.035329336954746854,0.7282977492090631,-1.2208942657740172,-1.7515521213253178,-1.5819526433354865,-0.2045019421660498,-0.2852665503600534,-0.8542092799476816,-4.573803221629156,-0.13301998783601388,-3.6021020754620747,-2.662420398138929,0.6861580092258137,-0.585834371133242,0.1169386315885153,-0.33067190185616063,-1.3034521609781478,-0.06008300933191444,1.1710441508287712,-1.627092905338311,-0.23219703687820403,-0.9628368431973895,-3.0358997698345522,-4.743729143364278,110.41126999512315
15.0,19.1,13.5,11.465,8.405000000000001,1105.5,1.17,69.4828,1.3569,21994.0,591.6353864032538,9.1363,9.5518,7.95815,16641.32,381.11245884595394,10.251869457689375,57.71,25.24,23.82,2.36,23.245438704361963,0.4724934230642314,61.4,189959.29356481816,5.960707881876988,46.25281304491967,47.78647907320334,66835.0,38481.79,24326.61,8.747788017238738,6.746846249557248,4.849428335338578,0.4633533676333021,73.3,1.1460651837928215,0.4729429224965504,-3.075010040643004,-5.62638265353317,-11.313868705024943,-6.96746622073464,-14.047129459989568,-3.572174948301788,-10.071800440461374,-0.8269561707352597,-3.9398559513571656,0.8662199084103724,-1.3427322590304531,-2.6173064011847607,-0.9915248218008008,-2.1686522612588806,0.5969904869049777,0.23233675840931559,-1.5603018821729344,-1.5123482586986698,-2.168466851199046,0.45881971287541207,-1.9307616864688077,-2.9225937126623465,-3.497290908223949,0.38194559701408015,-2.962073358620207,-3.389948027180509,-2.0078448096755896,-0.32189358068474866,-0.4311930541756251,0.6790027199887358,0.2941997587525589,-0.4380218189427005,1.669393010193016,-7.743397005230652,0.23997711131970142,-0.5708464861490442,-4.106309159435331,-4.462092382251286,110.41126999512315
13.0,19.4,16.5,10.405,8.09,1208.0,1.99,79.7603,1.3218,37783.0,436.0,32.0201,11.986,58.2589,19506.0,317.1284444481749,3.659529465087586,119.14099999999998,45.663,16.368,14.3018,22.549304697785008,0.6391463480032891,44.35,477241.0,11.4,37.1,51.5,71561.0,34380.0,21443.0,14.98400185022494,14.347792906389309,1.8324918038196647,0.2479057292855512,67.5,4.705783885737307,0.956597866388228,0.5337824498582625,-2.0986248546404145,-9.946256259693767,-6.456082834495855,-29.362970164773674,3.72544648476566,-7.918030475913546,0.5679104778038658,-0.7533838834986097,-1.1385987191515357,-0.2686190350881459,-1.195366493129792,0.029568754558761807,-2.7523371746810157,0.5235044332671291,3.5250576304279595,-0.4676025780104102,-0.28526528763895326,-0.5100498907485348,-3.9353733885909126,-1.5154725944724248,-2.3045372932668164,0.030922827511094802,-0.11004542582202752,-0.9767275058586796,-2.8938759055314587,-0.6803175869995423,-0.7722798620723171,-0.8362681908377753,-0.3175083889796702,-1.052305751602009,-1.2562134344565365,-2.0927937287464737,-2.3978019430891915,0.2410819569354262,-0.35446046694647587,-4.680502032825413,-5.979054370163939,110.41126999512315
2.0,19.6,15.5,10.11,8.055,470.5,1.58,49.1485,0.47,15878.0,356.18,8.5477,7.134794327171835,4.120444715233774,11534.0,282.58702925891646,6.339075959279561,56.188,19.8872,18.41727,0.953,16.5223150965168,0.404246719542003,47.87,256107.0,6.0117218158366414,18.17413190276764,75.81414628139571,45012.0,32296.0,14288.0,6.990829016588316,9.211165561563142,1.5733199943233478,0.2193897616698903,43.22460681495,11.78910778946527,1.5988730868789176,-20.23922318800352,-5.042556109380288,-6.895379202171074,-10.058612458239077,-22.890465781696065,-7.647243833959802,-12.258905186381888,-2.07136837531929,-0.7246283090910092,0.6278112641093324,-0.40632991174391114,-1.761279674411635,-1.8147532298520659,-0.5714704051031739,0.06349646925305408,0.06887117951487594,-1.0647210381940624,-1.0600861573979876,-1.6504990161047317,1.155002638099637,-3.9991185439447876,0.3668909293374356,-1.7306321381882297,0.09276697303750496,-0.30859975627623515,-1.7501481230328004,-0.32261028174000494,-3.3585750801040555,-0.3654426520806732,-0.6947562914345592,-0.6268365369341337,-0.26539221410833475,0.8729179160234821,-0.24162086637962465,0.10121790198454039,-2.635929377997914,-0.608919896868756,-0.6638219731665835,110.41126999512315
33.0,18.7,14.9,12.5,8.42,506.0,2.95,94.75,0.975,80886.0,573.0,36.035,30.6179,69.9425,59746.0,503.33227546810537,3.5656280919222656,160.701,59.489,57.403,13.697,44.04493523854282,0.7705005543685988,37.51,683165.0,24.81513784080998,29.71825110917296,45.46661105001707,37563.0,37438.88,16936.21,15.717915646179634,15.449625511761106,1.4422353381379165,0.3216419673452932,70.17,37.65813451242663,26.543630520005763,1.2694496090302716,-8.42883933082999,-23.654424329504838,-18.82110555826531,-9.327918552056266,-14.564320849122405,-3.183582176454367,0.2788812325801696,-0.7423731233800445,-1.034698248297209,-0.4725888251753836,-1.2757018328939238,-0.16559785582823716,-0.8640568570338657,-0.7857625373654695,-2.7100170140247797,-1.649898960351323,0.1804749801165122,-0.4487999663540782,-1.784151361584664,-1.5588093619157248,-10.206955135081273,-2.0817899597358576,-0.47950842316844544,0.3604515169848069,-0.1391469298054777,-0.21080465414910607,0.2318479566027718,-0.4103814111044632,-0.07122429022061051,-0.2206639248303434,-1.0959886495559474,-3.775876387178433,-0.21949962344059312,0.18503420071521245,0.04083504765061646,-3.205992555407961,0.6625793300413826,110.41126999512315
13.0,19.4,16.8,12.510000000000002,8.375,1018.0,4.88,79.7603,1.3218,37783.0,436.0,32.0201,11.986,58.2589,19506.0,317.1284444481749,3.659529465087586,119.14099999999998,45.663,16.368,14.3018,22.549304697785008,0.6391463480032891,44.35,477241.0,11.4,37.1,51.5,71561.0,34380.0,21443.0,14.98400185022494,14.347792906389309,1.8324918038196647,0.2479057292855512,67.5,60.30355412419531,70.95228723893975,7.492461566199393,5.743376958486625,-3.6039582605628944,-22.359583206822478,-12.255947599428083,10.902040658500043,5.371600348924596,4.475938558698011,1.6879183853759143,1.2338139227669063,0.08553908450373686,1.657987442521068,-0.1478384966473095,0.9204677319790543,3.315686486216728,8.433997516570765,-0.8292781087166322,0.013457991516529747,0.8151085388831166,-1.1297293578072771,1.01422727975839,-0.2731388888267488,2.855100876344368,0.4836627605076247,0.7373915650035873,-0.4286118568767166,0.7528794653899986,1.3465167810985204,1.136913731362049,3.072006434504876,0.9766315248515461,2.6822863526269813,-2.0592120274575425,3.9422517565296347,0.33216019821508286,1.5280172914375223,11.836820528178166,4.594414508571695,110.41126999512315
4.0,18.0,17.9,9.715,8.07,1461.0,2.24,92.75,1.5386300675675677,45158.0,696.0,33.0483,14.6795,94.9691,6452.0,387.35632183908046,5.970149253731344,116.58,42.49,20.02,31.74,25.258358901966528,0.555059543918919,52.85,465622.0,12.3,44.1,43.6,67794.0,41956.5,22104.5,40.84636824324324,17.791976351351355,0.9989242570341496,0.2683831925675676,59.34,47.00765426453779,80.4024447697939,-19.34404576842906,-3.453390295345646,-7.676973050845167,-13.478239626396295,-19.09842298892288,-5.205690643185904,-5.543870997172781,-0.041547422398192445,-0.8630148590899386,-0.5327774717868309,-0.3003378636180423,-1.2756948483673234,-3.062325604706226,-0.8778137582133058,0.4605966210497227,-1.7574169510480713,-1.3240649938878313,-0.008907512377481552,-0.9100288528595876,-0.21866338133617955,-2.7928585017565646,-3.460229844643425,-0.8889320167951507,-0.46507727170984015,-0.04132012634615615,-0.5710696556570477,-0.2864903166917316,0.08522021399694651,0.04995443977648342,-0.14973378554452363,-0.04058500230739201,-9.732114182599663,-3.7344681094555807,-0.3137958642592039,-0.22466016500101663,-1.3274971481455344,-0.7748217941541218,-1.1995889143766056,110.41126999512315
46.0,19.0,18.7,9.575,7.970000000000001,1199.0,3.73,97.05,1.21,106381.0,2590.42,55.63,35.38,100.73,137331.0,610.4028000918064,14.863552903373884,174.27999999999997,73.07,53.35,21.39,11.545413701275482,1.3286396630675812,42.31,858592.0,16.673582357043852,41.11565010222189,42.21076754073426,42877.0,31410.0,15449.0,10.182451797210655,6.929020407132105,0.954641587443107,0.2674869382660009,92.11,41.52271425385072,33.67441109527043,2.283660361559596,-11.545040053348835,-31.62828444618344,-7.190287919137628,4.260948067959398,1.7334562315256339,-12.838663023302407,-0.13764598817021265,-0.6069998833335308,-3.085433561875252,-0.5349610070162445,2.0737777631171044,-0.757411198889215,2.2425094300423125,-7.05900639463837,-8.226957782419245,-4.631454904118242,1.163719986906896,1.4321298774626714,-1.4187755879100088,0.582095145885833,3.588109678465409,3.446404887056756,0.10634190578789611,-1.038841604399493,0.13257051884119223,0.16561200730269832,0.04945755086295881,0.7752836808531226,-0.3350330192343489,0.21905274256986207,0.25790099381740905,1.4516307405708344,-0.00101826597121768,-0.16759254863641093,0.20985503025430705,3.6033076027559567,7.340812928827947,110.41126999512315
16.0,20.0,21.8,20.18,8.870000000000001,1195.5,9.67,53.8484,0.7,22791.0,176.0,19.9075,9.7003,26.1024,22316.0,289.4793664503182,2.235459983996139,78.731,30.36,17.926,5.442,12.707805206288954,0.8544099046087655,49.59,270490.0,11.8,40.1,56.9,45128.0,39616.0,17109.0,9.127778739156234,7.347487394884943,0.1563167286245353,0.2407812308070261,59.4,48.53786720961445,160.83211350052295,-0.5191441991024959,-4.757724084655057,-29.070657563372517,-29.333385624275152,-29.35174927473301,-2.311065528167722,0.19648578269484776,-1.2953030680973703,-1.7279950906002586,0.40808554385943974,-2.027777425198194,-2.880756304807339,-0.7578479383699578,-2.973589913489608,-0.6525965268199804,1.3712887156141613,-0.3154812578546511,-0.01810224892261107,-0.3656566586686922,0.05695638787932755,-0.31936459010622215,0.4557128141265516,-2.402542826884891,-0.9965940113815801,-1.0031912739908628,-0.15177316138676009,-0.2681429099664098,-1.0550267150617822,0.24568013459521607,-0.4651222354088283,-0.2297796799863376,0.1016202026178742,1.054585172642642,0.08415623237107288,0.47480810423381686,-0.42636598048964586,-0.12920375580938204,0.9757946662961808,110.41126999512315
32.0,18.3,22.0,12.85,8.215,1955.0,7.06,78.86,1.51,42101.0,1310.02,57.39,30.39,103.24,45409.14,239.6050310170167,7.455580217403678,175.70999999999998,75.89,47.08,23.13,11.640145980325425,1.1288686636714582,52.2,686334.0,16.06716086336319,29.95130135865117,53.98150854710848,36106.0,32559.0,16815.0,12.881572327495135,5.887189901806822,0.6001059414337037,0.2742822855197458,94.45,32.93048639029169,8.58022806918568,3.951546331668896,-0.7248075418965888,-38.2421505433775,-27.63947492189395,-47.541737367481296,39.55172671310448,3.671829046082373,2.6436979731079187,2.0767761094511186,-1.2129465356453606,0.6008851611210678,4.624880668932258,11.032382519321205,-4.0406069379889695,3.1622061679946882,13.88580118290304,0.1921693328348925,2.4200521430155866,5.915984368004523,8.957348429632065,-0.5432166485209006,7.365134573732501,-0.4464371235544495,1.5580742436216672,-0.3386707536348477,-0.7659791055911542,0.7391646950769549,0.8595080606654893,-0.33438787839375433,-1.807309495322403,0.9443140516973392,0.4199608502428372,3.9220619498581324,0.4373824206553409,1.1503729723968215,2.177943264457087,25.664724874839496,8.93700136313525,110.41126999512315
