pH,TN,TOC,Temp,Rain,EVI,FCOVER,LAI,LST,NDVI,CC,BD,GPAM,WS,FER,PES,MO,CO,VE,FR,FERA,PESA,TSA,WA,CA,VEGA,IRR_W,AGR_W,UR,GAO,PR,SR,TR,GDP,UI,RI,UR_W,RU_W,IND_W,LIF_W,POP_TOT,pH_shap,TN_shap,TOC_shap,Temp_shap,Rain_shap,EVI_shap,FCOVER_shap,LAI_shap,LST_shap,NDVI_shap,CC_shap,BD_shap,GPAM_shap,WS_shap,FER_shap,PES_shap,MO_shap,CO_shap,VE_shap,FR_shap,FERA_shap,PESA_shap,TSA_shap,WA_shap,CA_shap,VEGA_shap,IRR_W_shap,AGR_W_shap,UR_shap,GAO_shap,PR_shap,SR_shap,TR_shap,GDP_shap,UI_shap,RI_shap,UR_W_shap,RU_W_shap,IND_W_shap,LIF_W_shap,POP_TOT_shap,base_value
6.13,0.1132376351737,1.085110961347,28.8,116.8,0.6129671335220337,0.1863466501235962,1.799999952316284,32.68000030517578,0.1990773230791092,329.3404541015625,131.0,49.512,0.336,36853.0,138.0,15.7684,11.0015,13.688,535.0,582.73904587214,2.1821286823421517,63.241,25.634,18.924,13.688,10.207596868462485,1.431208510245323,64.28,314899.0,7.9,22.3,69.8,42653.0,44208.0,19416.0,15.289797719630393,12.30765986180222,12.30765986180222,0.1473591078066914,99.5,0.2901448032594256,-0.24836841726144177,-0.08539811435270571,-0.7342118282456974,-0.3178927750460368,0.03646715687856746,-0.28137709827774665,0.2042188299600031,-0.18032600778677343,-0.34902389420472274,0.08020664951558336,0.08775527937717627,-0.17110859016247815,0.017718521660364656,-0.009810974718283553,0.12235352544243021,-0.047771599368131336,-0.109657282475643,0.1502070281806532,0.15457841434504185,0.19245622992718026,0.21860603830802505,-0.049529734956336946,-0.06932950651011054,-0.1393354267398573,0.10332678106088268,-0.09937703084217725,0.17309334740080604,0.13515417783151934,-0.1880634136179061,0.14091470014077365,-0.5335282539227958,-0.3318163890292308,-0.07512658941123962,-0.540140208627231,0.042210843106187314,0.011962860403598377,0.04801913711040975,-0.02439600667266258,0.3445919979931827,-0.07449846283803903,4.595739078731598
6.34,0.1317107729302,1.346018965951,27.6,218.7,0.5788008570671082,0.3789136111736298,2.200000047683716,32.13000106811523,0.3531308770179749,226.8743743896484,128.2054748535156,94.75,0.975,80886.0,573.0,36.035,30.6179,13.697,2339.8,503.33227546810537,3.5656280919222656,160.701,59.489,57.403,13.697,44.04493523854282,0.7705005543685988,37.51,683165.0,24.81513784080998,29.71825110917296,45.46661105001707,37563.0,37438.88,16936.21,15.717915646179634,15.449625511761106,15.449625511761106,1.4422353381379165,70.17,0.846901978223808,0.0007930069834922356,0.059082565584679315,-0.45984109251610983,-0.1509661386029885,0.27121298208373196,-0.14449087675690228,0.13576180042171007,-0.16462486067285212,-0.19595259576809212,-0.5903066609165489,-0.009108981485453508,0.01605304501086983,-0.025981551680236453,0.10858291101917039,0.09866682963809291,0.007966236280615843,0.0031172299947202684,0.026923180592599127,0.012095740837750224,0.03479102037796078,0.17092499290739852,0.03495034965384854,-0.008508578046265869,-0.0102478875710695,0.086615219149538,0.12236811716144565,0.12129447530988917,0.022240558898761125,0.2732604106843603,-0.24135407531745112,-0.18835460597082543,0.07767840475827063,-0.02588124065511895,0.22545883716569307,-0.0057937452238396485,0.11379226808510906,-0.08231588597443734,0.07849317853769051,0.06815721390135665,0.18966662120790848,4.595739078731598
6.67,0.3496345721093,3.285947327853,28.4,307.4,0.5771974921226501,0.2246352732181549,1.5,32.88999938964844,0.2297082245349884,274.3808898925781,127.9325256347656,97.05,1.21,106381.0,2590.42,55.63,35.38,21.39,6084.07,610.4028000918064,14.863552903373884,174.27999999999997,73.07,53.35,21.39,11.545413701275482,1.3286396630675812,42.31,858592.0,16.673582357043852,41.11565010222189,42.21076754073426,42877.0,31410.0,15449.0,10.182451797210655,6.929020407132105,6.929020407132105,0.954641587443107,92.11,-0.06907488770734749,-0.2198610380990604,0.013089532055794814,-0.5205108112218497,-0.30925377086679123,-0.0160724829193744,-0.3217935810934128,-0.12399624118147685,-0.2951365575332467,-0.3834324565679997,-0.07618654722827821,-0.228121400518565,-0.054835237152019545,0.005852956592226455,0.0865576875415184,-0.28944670893813823,0.00045329690085053886,0.029155651735714442,-0.03258901400106574,-0.3913077382814461,-0.0005593233144843973,-0.5166871733301419,0.0070721356519914584,-0.008240425413854502,0.0015128825447224038,-0.08553714710027416,-0.07040651891092418,-0.06636776332052986,-0.058556252135928716,-0.07081195431029132,-0.039120113214736796,0.014705969946765799,0.03960701574187384,0.0013592059958840441,-0.23280430044561093,-0.10714347080232567,-0.11342258685136448,-0.007351794561536303,-0.00603375482567479,0.1263048279667213,-0.09206453485458416,4.595739078731597
6.68,0.262267499631,2.120456046221,28.3,331.5,0.4058118462562561,0.1438602954149246,1.0,34.59000015258789,0.1650882363319397,325.0343017578125,121.6630172729492,62.8682,0.7473,30465.0,544.0,23.7417,15.1611,8.037,883.0,391.6363496124131,6.993276684364113,77.789,31.907,28.226,8.037,12.555758966506351,0.9191379276851872,47.4,302484.0,8.8,57.3,33.9,63896.0,41068.0,18414.0,9.819277128486252,7.904115227830772,7.904115227830772,0.4381657992565056,63.9,-0.10214189521316051,-0.09128345049154628,-0.021250184328864646,-0.5420025173404898,-0.31990614855770344,-0.34021502934924736,-0.30092857654623023,-0.14399008846645542,-0.30811138311724734,-0.6766258131907401,0.021469556618950596,-0.14917524657841788,0.0031537758547571237,-0.02640775783642289,-0.09206325574289113,0.12303892160450645,-0.019621169537743455,-0.007281373118796212,-0.023295475709270208,0.15254300372369914,-0.061671956399720396,0.03331548418010787,-0.003521427908340924,0.03238737103205754,-0.009830551582696708,0.05662028400108917,-0.1569130406607622,0.03550619447323261,0.026283780080366543,-0.14425022197808246,0.19239577902511465,0.24729268871807655,-0.012666564330048527,-0.04251570148362033,-0.32178362567179375,0.06505223016986261,-0.2380100251468761,0.010662820306869103,0.008330872536219724,0.25731942163057125,0.06065274179027913,4.595739078731597
6.78,0.2519742817932,2.374731592573,28.6,210.4,0.351541668176651,0.1127407252788544,0.699999988079071,34.59999847412109,0.1397272646427155,366.6012268066406,129.0,142.4267,0.98,46210.0,1116.0,70.9324,18.6665,13.388,492.0,207.0155004031897,4.999552011468507,223.22,96.741,33.206,13.388,36.02947095994996,1.9691703020360272,44.56,503654.0,12.3,40.9,46.8,38937.0,39286.0,17168.0,21.03691766650654,16.933855628952,16.933855628952,0.4061223048327138,136.9,-0.023848871164871905,-0.027361082954582422,-0.03832196081538667,-0.4888040995645615,-0.24606588156687417,-0.45139401310307026,-0.2918960670291453,-0.1382079309857591,-0.28379729881431315,-0.607973361952468,0.0046136855612016565,-0.07696273213736902,0.043446620206233334,-0.03707430368578501,-0.01934932545940758,0.0015490297794122272,0.012496880502053886,-0.03968930736103363,0.04189156825646878,0.1326851305281981,-0.15946539148085295,0.06828552523432153,0.011081228911307658,3.9672287449369716e-05,-0.059147902682332575,0.06555034808780745,0.11516410714250586,-0.12929202746714694,0.011800771471918417,-0.0070834291672585885,0.06132818117554715,-0.01079733994833674,-0.01887256223169076,-0.039057025857105486,-0.16696610756222977,-0.03926416828955585,0.06012251690321783,-0.0054773152028985694,-0.01609645591215474,0.14459629631732565,-0.42394436387975865,4.595739078731596
6.725,0.1294402405123,1.624522525286,27.5,221.9,0.5033127665519714,0.146291509270668,1.899999976158142,32.04999923706055,0.1670332103967667,227.2692108154297,129.4583129882813,41.8,0.9984,37631.0,382.0,12.2266,9.8512,4.991,6472.866666666667,481.9852705731668,4.89273134806276,78.075,30.563,28.728,4.991,21.398798506227283,0.8755846807233554,35.03,369846.0,16.504901960784316,31.65686274509804,51.83823529411765,26213.0,35691.1,13158.53,16.539135979595088,17.556710821702243,17.556710821702243,1.1884593356762363,77.55,-0.015965627218954215,-0.10822964844156364,-0.08249511011942802,-0.3173939184229204,-0.10829003854374471,-0.04374452327366907,-0.20187955559061752,0.09768070488298768,-0.09684059599705556,-0.38498690362707183,-0.5121198927569761,-0.015612702490707656,-0.16182746973799275,-0.030193549655359364,-0.028913072795276745,-0.00012143901293593569,-0.04460447679137819,-0.14483006896942996,-0.1353465382405647,-0.3338863746274039,0.004958046013689914,0.06876883469086853,-0.007719301004727862,-0.03272558965091608,-0.006143322827940023,-0.13128374497580472,-0.1039367630723594,0.008577139613098568,-0.1607452805218398,-0.27523545230704444,-0.206687123748308,-0.308738353864173,-0.10627516947977539,-0.2374832849522143,-0.11190354671681389,-0.17795257295503183,0.14304298113905203,-0.11901865199413443,-0.21856517784480903,-0.0028869291720601867,0.06415241217657493,4.595739078731596
6.425000000000001,0.1688504759075,2.142072891536,27.4,289.5,0.467218428850174,0.4532169699668884,2.099999904632568,34.4900016784668,0.4125735759735107,256.8768005371094,130.0,6.34,0.062,5772.0,77.0,1.413,0.9294,2.684,76.2,654.421768707483,8.73015873015873,8.82,2.541,2.176,2.684,2.417385883124235,0.1122410186812435,81.11,43475.0,1.100962322622737,39.02707551786005,59.87196215951721,72144.0,42390.12,23847.44,16.617634982053918,2.250591120086632,2.250591120086632,1.7613416385502103,33.95,0.5042372771800359,0.11464277256944516,-0.034548738854424506,-0.31936454285828636,-0.07123856637176866,0.056128603937441957,-0.1848141312724215,0.11790079069102909,-0.24631552540930646,-0.1322010159967408,0.090469757803955,0.08918882018599067,-0.33523768209553034,-0.14077696897184888,-0.32706384321761106,0.034663950039168466,-0.077609592320482,-0.1669686388966707,-0.08598358542448653,0.08907326705859449,0.21260825376964806,-0.006857982211725511,-0.1518296520159464,-0.176243634103856,-0.2601759560288492,-0.07783021433908845,-0.24757121729306086,-0.013483514206084485,-0.021155212043499877,-0.3964660077337734,-0.06877321194213938,-0.05570650418690965,-0.15918348924777934,0.16664104046592954,-0.3250095426924897,0.04067631712134706,0.03987870360404902,0.13941211121048128,0.1672668978945551,0.030348751323782775,-0.03319406613491715,4.595739078731596
6.26,0.1314114692684,1.542266446818,28.1,472.3,0.1815195679664612,0.1489138305187225,1.899999976158142,33.5099983215332,0.1576301604509354,79.36817169189453,41.61711502075195,47.0,1.3107136824324324,36372.0,288.0,18.2749,8.0877,7.75,507.0,653.2327586206897,5.172413793103448,55.68,23.55,11.03,7.75,12.063693803924313,0.472838893581081,63.26,168105.0,10.1,30.6,59.3,59606.0,41956.5,25127.5,34.79581925675675,15.15646114864865,15.15646114864865,0.5191153820594531,50.55,0.4841534593477988,-0.006493980903094702,-0.016080161458132736,-0.33809807375632267,-0.18673617301218381,-0.13500057519206873,-0.26776020652136623,0.12571427852773062,-0.13247169956981755,-0.5024400562448373,-0.357702774798729,-0.10271005980012249,-0.07392380328205667,0.05255646991739558,-0.04040282269076178,-0.011366938589732764,-0.03699794935121442,-0.0998157319178569,-0.07017700993943266,0.12100783202770216,0.21604192160624106,0.019101374471342403,-0.04142789204914075,-0.10980546533712059,-0.08621230369885112,-0.04980749191662718,-0.08682821250525398,-0.03083894145563726,0.20617043296339618,-0.33474866480757703,0.0009983165885649736,-0.2259462356834314,-0.15053370358840681,0.04608532663860626,-0.30813030297935756,0.10426925186039822,0.3544816387228653,-0.0641328124695792,-0.0834078885454392,0.13325215284293734,-0.05828060823043507,4.595739078731597
6.734999999999999,0.1139399067812,1.809336543191,27.8,320.3,0.398882657289505,0.1910979747772217,2.0,32.47000122070312,0.2028783857822418,197.2183074951172,97.66290283203124,79.7603,1.3218,37783.0,436.0,32.0201,11.986,14.3018,1405.4666666666667,317.1284444481749,3.659529465087586,119.14099999999998,45.663,16.368,14.3018,22.549304697785008,0.6391463480032891,44.35,477241.0,11.4,37.1,51.5,71561.0,34380.0,21443.0,14.98400185022494,14.347792906389309,14.347792906389309,1.8324918038196647,67.5,0.2458728621069902,-0.0330324315508936,0.05944623269714557,-0.39761739617826547,-0.04116367735553461,-0.20927939867561232,-0.17614961272690668,0.42679993457994847,-0.04337469372053596,-0.20025973007209497,-0.3166677116706164,-0.028198827584153374,0.06707269083974828,0.15048126912047377,-0.02358684163520645,0.06528313480436616,0.04615068841170624,0.02437004750034762,0.09551451629443643,0.1376855871705706,-0.08483926426300877,0.15808780298343836,0.05037104437626139,0.01171045887361292,0.02485636003590978,0.17653040217656443,0.1094068584609798,0.0737630688543992,0.3420513677788763,0.11540055676931649,0.37584140909168035,0.06196830571112163,-0.020214756536757545,0.3246869966823619,0.25155136702319264,0.027672824160771253,0.4225116141067525,-0.09158268698809023,0.08113190113550318,-0.2104038153988181,0.10115356584998465,4.595739078731596
7.02,0.216094553184,2.214483648776,25.8,149.9,0.4290626347064972,0.1921222656965256,2.200000047683716,32.20000076293945,0.2036978155374527,244.8415679931641,129.0,156.26,3.7,71109.0,604.0,25.5392,19.687,6.87,4046.0666666666666,639.9701205079514,5.435907589570977,111.113,48.363,43.95,6.87,30.453854606755456,0.8473062281162614,50.12,299186.0,8.188156481532047,41.53969380882165,50.2721497096463,56528.0,34807.04,22100.67,29.449202691670408,16.989687864542002,16.989687864542002,4.19935794066213,97.31,-0.7072784669494245,0.046954258217861256,-0.02056578797285401,-0.1917470255380533,-0.10064573299989676,-0.25227202040127245,-0.35089419102216873,0.05512989438469967,-0.12450766689869502,-0.34257054052850816,0.040840956990219966,-0.12003665865486675,-0.014750934546436547,0.003091986521183171,0.021743757102249694,0.06682055565422136,0.016170861483332948,-0.02927629515371329,-0.072881337002893,-0.0917305282350064,-0.03276597963483497,0.03346467920701727,-0.005352424965613324,-0.006459888131733353,-0.05153731448855559,-0.051678441286828664,-0.07746438133394946,0.004109101187354164,-0.0616688829850409,-0.09297033136096065,-0.013206666098140299,-0.0549294605029049,-0.16353399566777563,0.012895984263456867,-0.17042302317394453,0.003810279508307609,0.2894867512716957,-0.033913446245920714,-0.08002053791546353,-1.0389254956522003,-0.03768090164946447,4.595739078731597
6.960000000000001,0.1210049522633,1.606840166926,25.7,191.4,0.4354498386383057,0.3447339236736298,1.700000047683716,33.04000091552734,0.3257871270179749,241.7138519287109,128.9469604492188,69.4828,1.3569,21994.0,591.6353864032538,9.1363,9.5518,2.36,1603.85,381.11245884595394,10.251869457689375,57.71,25.24,23.82,2.36,23.245438704361963,0.4724934230642314,61.4,189959.29356481816,5.960707881876988,46.25281304491967,47.78647907320334,66835.0,38481.79,24326.61,8.747788017238738,6.746846249557248,6.746846249557248,4.849428335338578,73.3,-0.3691981804536915,-0.0476930859418424,-0.044940779928014256,-0.15208786653166953,-0.11695982390072131,-0.09372777886542451,-0.12708550827628048,0.08346736797406351,-0.10051092400169015,-0.20190508439300991,-0.29806851297076814,-0.1018146108576407,-0.016732127765927154,-0.02967986603592357,-0.1571033881566399,0.06551875441019046,-0.16196395742793857,-0.1723476739532013,-0.2576269567052511,-0.019109131047956984,-0.021664365757347346,-0.028742431016796494,-0.10927213252767269,-0.025612749226648492,-0.08391477572245017,-0.15894778955812036,-0.04631511571600861,0.01681660338729445,-0.023357976900413562,-0.2768342734509502,0.07093876763930952,-0.03096494913365133,0.02247967632999256,-0.005496696883837593,-0.3118722209128622,-0.011576096625450547,-0.2963218706719704,0.05656590262324341,0.04116898054654809,-1.0233315383990942,0.009369221980440054,4.595739078731597
6.835,0.0723150022842,0.8170048577893,27.3,533.4,0.478956401348114,0.4987780153751373,1.399999976158142,35.33000183105469,0.4490224123001099,242.5231170654297,133.0,69.61883,3.1667,31295.0,362.9812608948286,7.9764,10.4369,25.54,1008.69,431.0012394986916,4.999053310767506,72.61,11.98,17.16,25.54,29.247120158096035,0.4441104259190304,62.5,205105.42621421916,6.613355601948504,25.327743910925538,68.05890048712597,63992.0,36649.66,25491.99,8.611711314748359,6.341558665661586,6.341558665661586,2.4926882667224866,70.9,0.12137533503947288,-0.3505269421125487,-0.013933361250618429,-0.24284059662597776,-0.034889868938818604,0.3420506583212927,-0.0007833496615683814,0.05133649051961309,0.2379076887979886,-0.13872654702522544,0.6176444990030124,0.2927895245275091,0.07747176882630757,0.09804926577529531,-0.009123827185031333,0.037150043400677825,-0.04125583469980865,0.04733021444795069,0.3306063836347509,0.10147128905079084,0.024445874605028728,0.073087265901425,0.016796673421505853,-0.07136527739804059,-0.011234559107822025,0.22160759848759307,0.3590646379825393,0.01895281930475427,0.06930167377974812,-0.014646353860970926,0.09655049235352577,0.21106926314773622,-0.08713392678907811,0.2768731887671145,0.04924324540318512,0.47651089935498536,-0.020723930558220045,0.042270271217352606,0.11846094749443413,-0.07387693625209844,0.4774312366453685,4.595739078731597
6.535,0.1020147377599,1.311680485782,28.1,406.5,0.495362788438797,0.5626463294029236,1.5,34.83000183105469,0.5001170635223389,126.0672454833984,85.59015655517578,2.90776,0.115,1588.0,7.908338175479372,0.089,0.2026,3.98,913.13,329.46058091286307,1.640734061302774,4.82,0.14,0.34,3.98,1.9414835306710216,0.2504382101047163,73.3,43717.2909103953,2.133822472423064,34.05945495650095,63.80672257107598,57754.0,39953.37,32733.15,7.989646389078048,3.576066916726457,3.576066916726457,2.2858259152713347,56.1,0.23617029852399163,-0.20411379873078214,-0.06763950630687056,-0.33500126572773375,-0.15010471175299347,-0.049775664931034524,-0.09352711015716657,-0.03170854277937502,-0.05354209376031562,-0.10298418755496774,-0.38501373667620986,-0.14601570032698322,-0.23162479262498734,-0.11567761830845741,-0.1684510242886338,-0.04352388710613545,-0.05549300296268245,-0.22734051344041928,-0.12418932347739091,-0.0030642449805696657,-0.16557701435710637,0.019633782590392317,-0.16912922185386892,-0.13577511165796385,-0.1498382594972097,-0.06952257503889173,-0.3044305867457176,-0.004769698778562516,-0.0340617743708596,-0.17261852791901436,-0.14224943629613798,-0.17602496209785026,-0.1220847792927961,0.03300123425042679,-0.3097917074542375,0.005733682638116344,-0.15987622111688066,-0.011415936042264069,-0.004569788699596483,-0.09900313689955641,-0.06534131229468956,4.595739078731597
5.0600000000000005,0.1566062594814,1.649161457892,4.3,26.0,0.2916558682918549,0.5421540141105652,0.699999988079071,8.550000190734863,0.4837231934070587,329.3404541015625,131.0,49.512,0.336,36853.0,138.0,15.7684,11.0015,13.688,535.0,582.73904587214,2.1821286823421517,63.241,25.634,18.924,13.688,10.207596868462485,1.431208510245323,64.28,314899.0,7.9,22.3,69.8,42653.0,44208.0,19416.0,15.289797719630393,12.30765986180222,12.30765986180222,0.1473591078066914,99.5,0.7275846905522307,0.14598922193522848,-0.12046688618710906,0.3118723491308337,0.020732794310114915,-0.08326333176533718,-0.27137809722344325,-0.1680617400937079,-0.06485136891341044,-0.47889729717087276,0.2817163235986974,0.051212684063183155,-0.10414749746415432,0.04197249775371278,-0.005409670460196377,0.10047830389000671,-0.03788594352571625,-0.11253151885344959,0.14666254955819852,0.2506541325732963,0.1752810006854029,0.13153406792616656,-0.09857651090059118,-0.0909975888033589,-0.08842068897871425,0.13612172709455833,-0.12318287130580806,0.3870342220465246,0.017454962081749365,-0.013185814648822106,0.15825885588656405,-0.4588188396225646,-0.15966749977192482,-0.05572872745838162,-0.6014780304717203,-0.004566974197142064,-0.035615171544182,0.017508565137553018,-0.03553669594572245,0.3973938408109487,-0.1253265323220134,4.595739078731596
6.23,0.203861600483,2.004570981987,3.0,27.0,0.2058755159378052,0.3090001046657562,0.449999988079071,9.1899995803833,0.297200083732605,226.8743743896484,128.2054748535156,94.75,0.975,80886.0,573.0,36.035,30.6179,13.697,2339.8,503.33227546810537,3.5656280919222656,160.701,59.489,57.403,13.697,44.04493523854282,0.7705005543685988,37.51,683165.0,24.81513784080998,29.71825110917296,45.46661105001707,37563.0,37438.88,16936.21,15.717915646179634,15.449625511761106,15.449625511761106,1.4422353381379165,70.17,1.472311125633323,0.10484628779152778,0.13957944245314843,0.4498984633892737,0.13300074408180887,0.05844377034680026,-0.02789904801990713,-0.0017515256541136652,0.16011872497308735,-0.3494052416693744,-0.600445924989452,0.1267087413366735,-0.002540843431352561,0.06630447974543781,0.2000432188149143,0.10514509444705311,0.04044383513858363,0.05357741262971875,0.10672460133546524,0.023642809010753735,0.11654862281067717,0.38769450064395455,0.002009550616719702,0.009668888367211581,0.02233609357501169,0.0008333617026951382,0.49957741306569353,0.08044946131790824,-0.00964890748188015,0.39051009774969936,0.13359166139054657,-0.21808308237847748,0.22555124332254559,-0.016769144192273416,0.9194166362464805,0.03738988284627983,0.1456565141357582,-0.04205266634364191,0.004828391610959271,0.26254724758091164,0.1931123528796096,4.595739078731597
6.565,0.2264315865326,2.033548315905,3.6,21.0,0.3838760256767273,0.5992656350135803,0.75,6.25,0.5294125080108643,274.3808898925781,127.9325256347656,97.05,1.21,106381.0,2590.42,55.63,35.38,21.39,6084.07,610.4028000918064,14.863552903373884,174.27999999999997,73.07,53.35,21.39,11.545413701275482,1.3286396630675812,42.31,858592.0,16.673582357043852,41.11565010222189,42.21076754073426,42877.0,31410.0,15449.0,10.182451797210655,6.929020407132105,6.929020407132105,0.954641587443107,92.11,0.4570838438782685,0.08198452867262297,-0.03777498568278076,0.24631538292052776,0.15027503840108336,-0.3361110190826578,-0.2009284267743182,-0.18729593593922209,-0.6378290577059554,-0.3485504513217242,-0.05834170024637103,-0.35736082072116404,-0.02340181438068034,0.03802534715241459,0.05743516916472267,-0.2770992958260985,0.00956311412958912,0.03264595038071503,-0.003808825622349743,-0.37827414209418286,0.047193510731463405,-0.6789573875813173,0.014750180574812569,-0.01838463529062519,0.023032559771814842,0.001269376333220995,-0.09262460263681266,-0.013839882443750987,-0.03484866047253582,-0.0318055542702577,-0.28851093788180454,0.0614592145932924,-0.01714328325896765,-0.05743935872897401,-0.08338370480605845,-0.08025990613929312,-0.13943835199796045,0.010256665152370262,0.006614871274268759,0.2618826603826135,-0.09307716100273035,4.595739078731597
6.65,0.1552940102061,1.245185176499,3.1,22.0,0.2493519634008408,0.2066291272640228,0.550000011920929,7.429999828338623,0.2153033018112183,325.0343017578125,121.6630172729492,62.8682,0.7473,30465.0,544.0,23.7417,15.1611,8.037,883.0,391.6363496124131,6.993276684364113,77.789,31.907,28.226,8.037,12.555758966506351,0.9191379276851872,47.4,302484.0,8.8,57.3,33.9,63896.0,41068.0,18414.0,9.819277128486252,7.904115227830772,7.904115227830772,0.4381657992565056,63.9,2.131096777390352,0.24142785366094074,0.195981419179539,0.8682179740171637,0.6020699117411544,0.3176765862594577,-0.24111073159692786,0.3934962624125124,0.24280388558651145,-0.4664120705311727,1.0585316300817211,0.36426626937872175,0.17476259531408458,0.5642795923294028,-0.0605645718262127,0.38285167009505416,0.11772472072575009,0.37747794364378917,0.24329543913285334,0.42422214102360306,0.17827869601906485,0.17777440867413516,0.015512914004279269,0.19132361951058843,0.17161353559923442,0.5570414372817231,0.07935036618946516,0.579642859223747,0.16198017400212464,0.07295741396155579,0.7399391199269187,2.5071786543412684,0.47930233442581666,0.08897213248103668,-0.28986653636446,0.09254245230010467,0.12656211489919308,0.1892780803072006,0.14256311199527075,1.1384071521147445,0.2150482485795813,4.595739078731597
6.775,0.1495452637953,1.482051013111,3.9,17.0,0.3169166743755341,0.3141359686851501,0.6499999761581421,8.210000038146973,0.3013087809085846,366.6012268066406,129.0,142.4267,0.98,46210.0,1116.0,70.9324,18.6665,13.388,492.0,207.0155004031897,4.999552011468507,223.22,96.741,33.206,13.388,36.02947095994996,1.9691703020360272,44.56,503654.0,12.3,40.9,46.8,38937.0,39286.0,17168.0,21.03691766650654,16.933855628952,16.933855628952,0.4061223048327138,136.9,0.27954193656302606,0.025130917166728772,-0.06590193251409127,0.3864343182747853,0.3537680977966349,-0.40122890001048067,-0.35996676310524744,-0.05115860637327722,-0.07100121854239656,-0.6583592280186233,0.41688611391958047,-0.08844944330457745,0.04844659243026032,0.02423923717815124,-0.008701949780922499,0.014701459904731484,0.04293165885065764,-0.03382482798426981,0.08104901842777763,0.20793935400000754,-0.18823468419845302,0.1893397641762434,-0.008616397521174823,0.01527524662701126,-0.06741777455151547,0.1344805050341963,0.0173426084892974,-0.10993178777671057,0.0441816183097834,0.09755380818613812,0.15653691847172393,0.022577663797364072,0.005333727316430374,-0.017565441875284454,-0.22144095347678106,0.04844815894780041,0.1510604916189668,-0.0061024465040959335,-0.012377927878896022,0.361142204190612,-0.375765973696969,4.595739078731598
6.89,0.17364974024,2.296341613553,2.7,19.0,0.1220132410526276,0.2162890136241913,0.2000000029802322,8.630000114440918,0.2230312079191208,227.2692108154297,129.4583129882813,41.8,0.9984,37631.0,382.0,12.2266,9.8512,4.991,6472.866666666667,481.9852705731668,4.89273134806276,78.075,30.563,28.728,4.991,21.398798506227283,0.8755846807233554,35.03,369846.0,16.504901960784316,31.65686274509804,51.83823529411765,26213.0,35691.1,13158.53,16.539135979595088,17.556710821702243,17.556710821702243,1.1884593356762363,77.55,-0.1958233433672292,-0.031852107054177764,-0.03262579482136759,-0.055049943017577346,0.023040801555531325,-0.9388564449097615,-0.11810769882564548,-0.6614487055212891,-0.022933088656110077,-0.2456532108765821,-0.42964412518308864,-0.033146287525087664,-0.1258873665361093,0.03314079882124788,-0.03624799961908051,0.0005733096778093282,-0.01582261664119469,-0.03707743429946501,-0.12153268338228936,-0.2832824721849313,-0.04455426326871115,0.03368273483186978,-0.01621618825349612,-0.02800660086320332,-0.012244770605595928,-0.07452818652951022,-0.05749379268621216,-0.012874715870515816,-0.07800837026011355,-0.12395888634922059,-0.0857295677917338,-0.16411547591711542,-0.0945638120058523,-0.1144631576670996,-0.13951192510020385,-0.05898902637571993,0.04687454750047106,-0.11290476232934062,-0.08716010839186357,-0.0046557747405024845,-0.03358319633246293,4.595739078731597
6.880000000000001,0.1336814520919,1.696561208858,4.3,25.0,0.3824531137943268,0.5343990325927734,0.5,8.850000381469727,0.4775192141532898,256.8768005371094,130.0,6.34,0.062,5772.0,77.0,1.413,0.9294,2.684,76.2,654.421768707483,8.73015873015873,8.82,2.541,2.176,2.684,2.417385883124235,0.1122410186812435,81.11,43475.0,1.100962322622737,39.02707551786005,59.87196215951721,72144.0,42390.12,23847.44,16.617634982053918,2.250591120086632,2.250591120086632,1.7613416385502103,33.95,-0.1649657036984668,-0.015855138678037478,0.009304864786499232,0.15860675477402927,0.06104063917831215,-0.20836822139730962,-0.027285907769760403,-0.06470285057527363,0.0010869854373888783,-0.1816420064386386,0.11166505068969074,0.08071296798579751,-0.18074558098873184,0.043828690858882545,-0.2600762183016031,0.0654483629047249,-0.10578427450359625,-0.17158674939409715,-0.08130986503276787,0.09936285672190111,0.23753050965331893,0.033201652860075336,-0.1979990700624199,-0.12518773224100319,-0.1947964242005825,-0.09385334436165697,-0.18997037858695934,-0.0786158397116321,0.03439824002645802,-0.44498827821732717,0.08215590354686843,0.00863598839688153,-0.18166844010431463,0.19169354020312587,-0.2947698373182371,0.08054446138194483,0.037341481728442254,0.05042572493211578,0.07608212697512391,-0.026810790928005673,-0.08539267261881789,4.595739078731597
6.59,0.1651267123139,1.836242436349,3.9,31.0,0.2748605906963348,0.3992600440979004,0.6000000238418579,9.289999961853027,0.3694080412387848,79.36817169189453,41.61711502075195,47.0,1.3107136824324324,36372.0,288.0,18.2749,8.0877,7.75,507.0,653.2327586206897,5.172413793103448,55.68,23.55,11.03,7.75,12.063693803924313,0.472838893581081,63.26,168105.0,10.1,30.6,59.3,59606.0,41956.5,25127.5,34.79581925675675,15.15646114864865,15.15646114864865,0.5191153820594531,50.55,0.5562542873695159,0.06876249065887445,0.037513039898916876,0.18683458475054726,-0.04762931346938173,-0.1549098266710658,-0.054108725487091246,-0.10593610547388162,-0.026876090935276875,-0.2330674550880755,-0.7464584855446464,-0.10903974088542456,-0.13257687210303679,0.07792811185585367,-0.08169547026147374,0.01830148985801063,-0.020371384317897683,-0.06375526318381515,-0.16834770213178044,0.1258607101927357,0.32077808217037745,0.11798719397158829,-0.1466511187616837,-0.12329031171497101,-0.0506844953176386,-0.1135670422681292,-0.19545108994978996,-0.08993989304278621,0.19424036539204523,-0.27819942992767016,0.1016701354058574,-0.08918956069900245,-0.2743426135914333,0.02134378420352286,-0.5774660944983552,0.08116893440382898,0.557751747711353,-0.22807336068411735,-0.11385872555053528,0.06919960690364474,-0.05683556621208341,4.595739078731597
7.01,0.119155109289,1.256707293646,3.3,16.0,0.199992373585701,0.3218914866447449,0.300000011920929,9.979999542236328,0.3075131773948669,197.2183074951172,97.66290283203124,79.7603,1.3218,37783.0,436.0,32.0201,11.986,14.3018,1405.4666666666667,317.1284444481749,3.659529465087586,119.14099999999998,45.663,16.368,14.3018,22.549304697785008,0.6391463480032891,44.35,477241.0,11.4,37.1,51.5,71561.0,34380.0,21443.0,14.98400185022494,14.347792906389309,14.347792906389309,1.8324918038196647,67.5,-1.0802508129190076,-0.06943479282087421,-0.05517596067162835,0.150905279505626,0.033876279337989056,-0.20454560434097743,-0.15182781302643736,-0.460028356484111,0.05976021111239599,-0.3130095717884093,-0.42190475617169304,-0.0482129026491814,-0.034790560164065086,0.07306391086958303,-0.05885421588279316,0.035322546733915196,-0.013197077955069766,-0.10176210063567039,0.06825855304409258,0.01952583751615461,-0.26881457567478445,0.09167185638724097,-0.02722045723007323,0.021509474759182395,-0.03664614605641218,0.06939076699898772,0.09888526625366284,0.04602876148436075,0.051584577632629545,0.1230468525417057,0.03460928413064309,-0.14922452292313487,-0.15786206875857325,0.06195030337196953,0.10604960254602867,0.021154798782330213,0.06180431587781184,-0.043895210848855636,0.010260980759973837,-0.06425746083965174,-0.019873781366914384,4.595739078731598
6.705,0.2523850853452,2.438119775099,3.8,6.0,0.2356555312871933,0.3786807954311371,0.300000011920929,8.529999732971191,0.3529446423053741,244.8415679931641,129.0,156.26,3.7,71109.0,604.0,25.5392,19.687,6.87,4046.0666666666666,639.9701205079514,5.435907589570977,111.113,48.363,43.95,6.87,30.453854606755456,0.8473062281162614,50.12,299186.0,8.188156481532047,41.53969380882165,50.2721497096463,56528.0,34807.04,22100.67,29.449202691670408,16.989687864542002,16.989687864542002,4.19935794066213,97.31,0.08482084096839286,0.19138351301607784,0.018600447655478247,0.17345658559814506,0.0005626032895035826,-0.15353418117946935,-0.1708761064442453,-0.488039240464111,-0.10356684606834725,-0.24792654310794937,0.053128332692328556,-0.07856631260122023,-0.03230684277622694,-0.10469205755360551,0.06292506152325424,0.0808709147716166,-0.015138622316519523,-0.04166888024985645,-0.06080462023024422,-0.11571766387142972,0.041566894340705006,0.049307718460127915,0.017967613314324293,0.016050527091708344,0.004972702199448102,-0.024173016106398066,-0.01340046896737703,-0.0353151776489656,-0.0027520785473463074,0.01966411382160242,0.04627543790568889,-0.09157790193675204,-0.10194824853455646,-0.0338842977754232,0.008910517329669446,-0.025769969359382916,0.19720728339186563,-0.10481463212410558,-0.14150565211068206,-1.208448890301589,-0.00302651327522128,4.595739078731597
6.91,0.1548696238513,1.709914543751,3.3,7.0,0.2677996456623077,0.4793040454387665,0.3499999940395355,5.909999847412109,0.4334432482719421,241.7138519287109,128.9469604492188,69.4828,1.3569,21994.0,591.6353864032538,9.1363,9.5518,2.36,1603.85,381.11245884595394,10.251869457689375,57.71,25.24,23.82,2.36,23.245438704361963,0.4724934230642314,61.4,189959.29356481816,5.960707881876988,46.25281304491967,47.78647907320334,66835.0,38481.79,24326.61,8.747788017238738,6.746846249557248,6.746846249557248,4.849428335338578,73.3,-0.39434898123110607,-0.06223597174506814,-0.013454126326099288,0.05572650881658207,-0.006127937336734051,-0.13709483009044465,-0.10560104866890511,-0.31343429960821756,-0.2344960125344692,-0.1128486008731524,-0.37223234559075125,-0.05541584693816467,-0.013655664350516341,0.035600822750522274,-0.18055092109161597,0.021955707094277795,-0.09027819813407571,-0.1136783986801792,-0.17835465831544975,0.0036169116869581804,-0.18195451397448148,-0.10644436726746953,-0.05928727064230788,-0.022045539299647282,-0.001892867304538445,-0.25975875633239365,0.008087865669028658,-0.05340967556109965,-0.0393278599244889,-0.22206063014986202,-0.0791440762940973,-0.02153105683412211,-0.07761533062987887,-0.021561560661336677,-0.3121127370860672,0.04713555665567056,-0.3040286067140071,0.02913407929337884,0.006146352098155799,-0.674842416783631,0.022447934070261123,4.595739078731596
7.12,0.05211915154462,0.6050561967567,2.7,4.0,0.1649818420410156,0.2946636974811554,0.4000000059604645,6.630000114440918,0.2857309579849243,242.5231170654297,133.0,69.61883,3.1667,31295.0,362.9812608948286,7.9764,10.4369,25.54,1008.69,431.0012394986916,4.999053310767506,72.61,11.98,17.16,25.54,29.247120158096035,0.4441104259190304,62.5,205105.42621421916,6.613355601948504,25.327743910925538,68.05890048712597,63992.0,36649.66,25491.99,8.611711314748359,6.341558665661586,6.341558665661586,2.4926882667224866,70.9,-0.5717444644529786,-0.3839963593689805,-0.25298926178084846,-0.12662715302537433,-0.08652299614888093,-0.17432782759076057,-0.09163642884023492,-0.1124219512398894,-0.34055488890734437,-0.22048144810710035,-0.141066871483831,-0.18008316392070625,0.022296977716857024,-0.07700853641186893,-0.06737341451625713,-0.0024021553120440187,-0.10900673130358712,-0.07605918661896409,0.06170893445108203,0.03039835085111564,-0.04506663659594035,0.03852517800708414,-0.01070296419204563,-0.04492778939225509,-0.05398039347613945,0.05477079857990678,0.04819960372923974,-0.03669797082647739,0.0364356696719074,-0.1361582947133123,0.07421666180526455,-0.13766305416176064,-0.23835603342942113,-0.012288864956296006,-0.034747311005945525,0.06872672185940615,-0.17428515012544046,0.05708533789766463,0.03845986510606245,-0.217357925342726,0.008572753495785568,4.595739078731597
7.095,0.1885120006796,1.781521666372,3.8,3.0,0.1531119793653488,0.2633763253688812,0.2000000029802322,6.300000190734863,0.260701060295105,126.0672454833984,85.59015655517578,2.90776,0.115,1588.0,7.908338175479372,0.089,0.2026,3.98,913.13,329.46058091286307,1.640734061302774,4.82,0.14,0.34,3.98,1.9414835306710216,0.2504382101047163,73.3,43717.2909103953,2.133822472423064,34.05945495650095,63.80672257107598,57754.0,39953.37,32733.15,7.989646389078048,3.576066916726457,3.576066916726457,2.2858259152713347,56.1,-0.6514230879674705,0.017759008896639308,-0.01731204353317576,0.03422860973562234,-0.40951899257983343,-0.4100679154353984,-0.04764632211859345,-0.33348098657481234,-0.20854969324427064,-0.0848506387098278,-0.26337621589447063,-0.020582726072351402,-0.08101215212627348,-0.1571815926065317,-0.10356768686163433,-0.0073601274193138624,-0.08331397602323183,-0.06137823887665198,-0.12682454098851195,0.019317030562093763,-0.06604059138839628,0.016282974001830996,-0.07882095956711845,-0.12062084342015582,-0.0734412849609458,-0.1030735650162015,-0.22156490641324447,-0.04501869702147431,-0.07688208738788527,-0.14800347090010932,-0.017875510577020047,-0.19038010281247475,-0.14979174171360976,0.0006900399080398562,-0.032986020213056993,0.009153446783529294,-0.08729260933255067,-0.07255246159997032,-0.06803493414760443,-0.06703107367018292,-0.0014254695711515136,4.595739078731597
6.665,0.2242042461774,3.310778092327,20.0,15.0,0.543432354927063,0.7203001976013184,1.700000047683716,25.68000030517578,0.6262401342391968,329.3404541015625,131.0,49.512,0.336,36853.0,138.0,15.7684,11.0015,13.688,535.0,582.73904587214,2.1821286823421517,63.241,25.634,18.924,13.688,10.207596868462485,1.431208510245323,64.28,314899.0,7.9,22.3,69.8,42653.0,44208.0,19416.0,15.289797719630393,12.30765986180222,12.30765986180222,0.1473591078066914,99.5,1.3214279335925931,0.5354370829172993,0.5188033475278426,-0.8240024738553222,0.6868352236143219,0.518069067278845,0.7676990260937734,0.516166560421912,0.5266966701382959,1.2179955894714956,0.7276594686582856,0.41527589917101765,-0.2523284326895115,0.2870117939424728,0.05712179961364897,0.13434264964805254,0.09116332843681312,-0.1849020315523283,0.2960400713562356,0.4555702540127638,0.36023892039625854,0.33445515615059124,-0.00565555513838852,0.057073438367607345,-0.13973705255706323,0.7221003340431803,0.044015255202496384,1.2764711292940165,-0.03261854233911321,-0.14690709630004004,0.7807933078895116,-1.100532130373104,0.2906078935179654,0.00047873455142113014,-0.5204543802904028,0.2850938463869846,0.33599952764715607,0.2434119570146034,0.13522878143928282,1.001670367822887,0.011285588537531107,4.595739078731597
7.09,0.2109943022505,2.236637401021,18.7,33.0,0.5615285038948059,0.8261546492576599,1.799999952316284,25.51000022888184,0.7109236717224121,226.8743743896484,128.2054748535156,94.75,0.975,80886.0,573.0,36.035,30.6179,13.697,2339.8,503.33227546810537,3.5656280919222656,160.701,59.489,57.403,13.697,44.04493523854282,0.7705005543685988,37.51,683165.0,24.81513784080998,29.71825110917296,45.46661105001707,37563.0,37438.88,16936.21,15.717915646179634,15.449625511761106,15.449625511761106,1.4422353381379165,70.17,-1.3088753836348146,0.035025811575973766,-0.1235055544168902,0.25469871700709845,-0.03297929968535903,0.23749257591814518,0.019785151709094045,0.15185979406936076,-0.023664974791864208,0.230633029844125,-0.7164515449696823,-0.023264621661275815,-0.03368489286479046,-0.014932331531213336,0.08881439487236975,0.040791532495612993,-0.009328071924652162,0.027751026311960265,0.018931983277794773,-0.06637441628178857,-0.07669890182446286,0.07229326244136304,-0.00729402629187631,-0.0006343146275485193,0.03368694196814361,-0.004299848520357252,0.008631899148399477,0.02190613217995672,-0.0675915080766566,0.12676758184625117,-0.44690801885575215,-0.40357789433959973,0.08242253600958425,-0.047201438098020854,-0.04107467604012279,-0.03761187364419882,0.1155401104211834,-0.06167436629734394,0.015378966953865295,0.12548944653722005,0.10749060888685437,4.595739078731597
6.675,0.2890472276714,3.014214178748,19.0,46.0,0.5933253765106201,0.8934727311134338,1.799999952316284,25.76000022888184,0.764778196811676,274.3808898925781,127.9325256347656,97.05,1.21,106381.0,2590.42,55.63,35.38,21.39,6084.07,610.4028000918064,14.863552903373884,174.27999999999997,73.07,53.35,21.39,11.545413701275482,1.3286396630675812,42.31,858592.0,16.673582357043852,41.11565010222189,42.21076754073426,42877.0,31410.0,15449.0,10.182451797210655,6.929020407132105,6.929020407132105,0.954641587443107,92.11,-0.03397470176776988,0.04040073705508899,0.11271310482703682,0.7528721701818967,-0.12001182607731764,0.4552572568317918,0.2675109245354241,0.38896139877074276,0.3157429068564032,1.2156227271355187,0.044686949937954225,-0.7724878753937056,0.021658105602677075,0.006667677921542585,0.1625826572777345,-0.5591404417791157,0.019609392097484208,0.11821422307525804,-0.17635370707515777,-0.4409251501503069,0.04304839536893138,-1.3355983809630587,0.028581457424590357,0.04431450211893403,0.0872948085633672,-0.09916321418130174,-0.11328996008472984,-0.1496814756283957,-0.046649449049218084,0.23166720712501246,-0.12793003193591,0.030613744089486656,0.06306819134704571,-0.09996703534041303,0.18958814109568997,-0.07534516448449553,-0.18772838624899316,0.022761846061958857,0.00388237110366448,0.46632427469231313,-0.011949448798239152,4.595739078731597
6.82,0.2751994788049,3.039642289716,18.6,19.0,0.4976628124713898,0.4495828747749329,1.5,25.32999992370605,0.4096662998199463,325.0343017578125,121.6630172729492,62.8682,0.7473,30465.0,544.0,23.7417,15.1611,8.037,883.0,391.6363496124131,6.993276684364113,77.789,31.907,28.226,8.037,12.555758966506351,0.9191379276851872,47.4,302484.0,8.8,57.3,33.9,63896.0,41068.0,18414.0,9.819277128486252,7.904115227830772,7.904115227830772,0.4381657992565056,63.9,0.6690327316903849,0.05924638510618152,0.9152982974482956,1.6436985536129913,1.0719409615043618,0.7805494634528376,-0.20705745775112894,0.10480520437089602,0.7195870742386723,-0.31862483539041353,1.4288054957516205,0.17925773612647042,0.022206610197731107,0.8873423047813582,0.03652160975214077,0.7924621953992826,0.28664812468857986,0.09693681692431673,0.24729428125595218,0.331725747622209,0.3066207937365519,0.5567713430165012,0.09083100904512449,0.4471431853806511,0.36343101148262574,0.5073396170423056,-0.24955370149641262,1.2538915041874692,0.17947005753568926,-0.08407637623698457,0.9021187639645084,2.658372676675895,0.6059010864063833,0.17079993807173544,-0.5860994765788371,0.3817052989723087,-0.4105224396490789,0.18021283793704665,0.29139902295219716,1.0464665898214847,0.4053468139370788,4.595739078731598
6.91,0.3244494786224,3.620502949044,19.0,16.0,0.5620102882385254,0.6935369372367859,1.600000023841858,24.03000068664551,0.6048295497894287,366.6012268066406,129.0,142.4267,0.98,46210.0,1116.0,70.9324,18.6665,13.388,492.0,207.0155004031897,4.999552011468507,223.22,96.741,33.206,13.388,36.02947095994996,1.9691703020360272,44.56,503654.0,12.3,40.9,46.8,38937.0,39286.0,17168.0,21.03691766650654,16.933855628952,16.933855628952,0.4061223048327138,136.9,-0.8069301518540074,2.516548337185933,1.3122738046634648,2.017314738184255,1.637768802884714,1.6936257025028325,1.7348706057597674,0.919258255149099,1.4447673368937337,4.204024598337985,3.2559386474081173,0.1438365898474339,0.8502437978035181,0.31259965795955397,0.27695805431000703,0.46185599097982255,0.4669600692427693,-0.055403110125361366,0.3350913888588602,2.3622421872095334,0.5456538780985714,2.2350611632923525,0.20814621017315385,0.7187708598609678,2.010039217125582,0.8875128268334148,1.0124859990159254,-0.3162540571325949,0.015365325443119601,0.3236270912574321,0.9396297427646895,0.1668550161477712,0.49962903635621086,0.3028325349907196,-0.043852250973761074,0.2344183395739894,0.803846916274241,0.6227729669132728,0.4236329404412878,1.6044777145610931,0.0289582757331938,4.595739078731597
7.3,0.08830742099776,0.9563473484437,19.3,7.0,0.4589750170707703,0.6835933923721313,1.100000023841858,26.98999977111816,0.5968747138977051,227.2692108154297,129.4583129882813,41.8,0.9984,37631.0,382.0,12.2266,9.8512,4.991,6472.866666666667,481.9852705731668,4.89273134806276,78.075,30.563,28.728,4.991,21.398798506227283,0.8755846807233554,35.03,369846.0,16.504901960784316,31.65686274509804,51.83823529411765,26213.0,35691.1,13158.53,16.539135979595088,17.556710821702243,17.556710821702243,1.1884593356762363,77.55,-0.6961989999271495,-0.37507215723305337,-0.08914675347182517,-0.2205075624719027,0.0080059174391858,-0.03801652373769382,0.12958293178352961,-0.1354035465806636,-0.1683023293319044,0.11889511223094536,-0.4972629541280858,-0.0010282958909697316,-0.12270964884409367,0.014643370246136683,-0.007139829115537751,0.02681557914865257,-0.09598374010430365,-0.11547364669705917,-0.15744075212247052,-0.3893137553479924,0.006766627621159058,0.0498813805156656,-0.037693648049612775,-0.051597302770172306,-0.03768715465865509,-0.11155029026133405,-0.12366283940601192,0.00920378403154118,-0.2019094236119562,-0.21438919459515252,-0.08828740308897476,-0.3453496005552379,-0.05492064827429341,-0.23433017171183468,0.0311528220934984,-0.11277692410059277,0.016470926074580453,-0.14424439324562724,-0.1602126360793296,0.06283628474208447,-0.03346924885625052,4.595739078731598
6.885,0.08938325883726,0.9556439068384,20.0,29.0,0.676328182220459,0.9666127562522888,2.599999904632568,23.77000045776367,0.827003538608551,256.8768005371094,130.0,6.34,0.062,5772.0,77.0,1.413,0.9294,2.684,76.2,654.421768707483,8.73015873015873,8.82,2.541,2.176,2.684,2.417385883124235,0.1122410186812435,81.11,43475.0,1.100962322622737,39.02707551786005,59.87196215951721,72144.0,42390.12,23847.44,16.617634982053918,2.250591120086632,2.250591120086632,1.7613416385502103,33.95,-0.14033012620854443,-0.18487567296329663,-0.04763690775268146,-0.23482520506675367,0.069898599464603,0.2883049688374358,0.3867754002603645,0.20893358040053592,0.23610017724160295,0.5290266600920347,0.2055694524988733,0.14063576496100952,-0.40579492372022524,0.11044487228726856,-0.3425816295966196,0.1010510639208753,-0.07455877050992611,-0.3301546324685091,-0.14163936229993201,0.20846787024989644,0.3285548911742958,-0.023840520226327027,-0.20572599204740474,-0.13199968379220342,-0.3317670262792854,-0.10127841755242706,-0.3540396009688978,0.03642246182803507,0.08356104918429796,-0.4837115198906603,0.06843240015332774,0.0720992560451665,-0.13974897520248256,0.12676312011402283,-0.6105899436650554,0.13258728125902272,-0.026638364008701714,0.09927890412183742,-0.09420246043020897,0.10776618854192582,0.12444315267472933,4.595739078731596
6.66,0.1099732820411,1.044781490968,19.9,15.0,0.5384698510169983,0.7504218220710754,4.099999904632568,22.26000022888184,0.6503374576568604,79.36817169189453,41.61711502075195,47.0,1.3107136824324324,36372.0,288.0,18.2749,8.0877,7.75,507.0,653.2327586206897,5.172413793103448,55.68,23.55,11.03,7.75,12.063693803924313,0.472838893581081,63.26,168105.0,10.1,30.6,59.3,59606.0,41956.5,25127.5,34.79581925675675,15.15646114864865,15.15646114864865,0.5191153820594531,50.55,0.712849615891067,-0.07980763786107657,-0.02018622661016876,-0.40794702923618315,0.25076386119433003,0.10131873708642203,0.16064124337969507,0.21169592804599158,0.26593148564708063,0.5208016257334634,-1.1662558784269252,-0.08720553343587008,-0.06272623754934355,0.1748260126104383,-0.11712141769416229,-0.05255083640148165,-0.04638058202890303,-0.11172142006632137,-0.08628513122875374,0.18204627088267886,0.6296415823779652,0.06507041509505622,-0.20229519654771697,-0.14309540751988242,-0.11207421645425564,-0.05379196128233399,-0.036445140320185664,-0.11467308333947035,0.48411725071872463,-0.4795311442072447,0.0849544815935614,-0.14502770714377036,-0.2740974261764538,0.006320426097670658,-0.4944669588223543,0.23981301245682238,0.5367936449696944,-0.16451367705608874,-0.12540937044116715,0.1351165919293332,-0.09165083523579758,4.595739078731598
7.035,0.1068543922567,1.127225031548,19.4,13.0,0.4678736925125122,0.621826708316803,1.5,25.04999923706055,0.5474613904953003,197.2183074951172,97.66290283203124,79.7603,1.3218,37783.0,436.0,32.0201,11.986,14.3018,1405.4666666666667,317.1284444481749,3.659529465087586,119.14099999999998,45.663,16.368,14.3018,22.549304697785008,0.6391463480032891,44.35,477241.0,11.4,37.1,51.5,71561.0,34380.0,21443.0,14.98400185022494,14.347792906389309,14.347792906389309,1.8324918038196647,67.5,-0.8609299387263264,-0.11784754438659119,-0.08636059938763135,-0.29626038642073693,0.061406832301781046,0.05129934708340694,-0.03946019135291436,0.009526202437590317,0.11029980008657116,-0.250100871734494,-0.40997839993179813,-0.26442500145356046,0.012371464169386318,0.0564620709526971,-0.06946283294480864,0.06200642805778317,0.01370027256664047,-0.09031488873216788,0.06417846003387477,0.05505732820381561,-0.37425411880271325,0.056229476058889616,0.03752160461608319,0.017234104641913623,-0.02383384231671685,0.10264712294146854,0.07228594657704836,0.06419259583640365,0.020747709256425977,0.1269979080549494,0.0752067047438403,-0.031248644733314363,-0.15075007676427374,0.03801623744658237,0.04215604631425542,0.027669376986248568,0.11169030912746737,0.030816196614455133,-0.02453729937920222,-0.04515206103209655,0.034237338775004456,4.595739078731597
7.25,0.1407529893279,1.80535505914,19.5,15.0,0.5652166604995728,0.7583724856376648,1.899999976158142,25.53000068664551,0.6566979885101318,244.8415679931641,129.0,156.26,3.7,71109.0,604.0,25.5392,19.687,6.87,4046.0666666666666,639.9701205079514,5.435907589570977,111.113,48.363,43.95,6.87,30.453854606755456,0.8473062281162614,50.12,299186.0,8.188156481532047,41.53969380882165,50.2721497096463,56528.0,34807.04,22100.67,29.449202691670408,16.989687864542002,16.989687864542002,4.19935794066213,97.31,-1.2287282225595775,-0.07136671885350244,-0.03190989687220642,-0.31627424341012084,0.04890808504290778,0.13247536071006089,0.09684521205332441,0.05680257739339132,0.03579141872163022,0.46228965917907344,0.06185717061542769,-0.08543833911991644,-0.052172426636729476,-0.04913950650825749,0.039025088163972356,0.05298277720219552,-0.0019507990987265207,-0.05259973575030782,-0.10548860782364329,-0.20096996308556883,0.09940380636648595,0.06134328952100404,-0.0013988570079141633,0.02193793765604113,-0.049969943410782404,-0.1205873531820668,0.016816685413483346,-0.013034746554571708,-0.07215486961947166,-0.14290093572306792,0.09441579268794133,-0.03738143232603377,-0.013025797127098707,-0.07668854304504184,-0.2843514650674505,-0.03137912445391111,0.2759210780457848,-0.10216046611623598,-0.09327002294845467,-1.4059176590855944,0.03224745987644569,4.595739078731597
6.3,0.09579494426716,2.166593862461,19.1,15.0,0.4532485902309418,0.5795559883117676,1.0,27.6299991607666,0.513644814491272,241.7138519287109,128.9469604492188,69.4828,1.3569,21994.0,591.6353864032538,9.1363,9.5518,2.36,1603.85,381.11245884595394,10.251869457689375,57.71,25.24,23.82,2.36,23.245438704361963,0.4724934230642314,61.4,189959.29356481816,5.960707881876988,46.25281304491967,47.78647907320334,66835.0,38481.79,24326.61,8.747788017238738,6.746846249557248,6.746846249557248,4.849428335338578,73.3,0.25800680503153567,-0.3737442633251167,-0.0439066341701111,-0.1210565897684892,0.06881793268764186,-0.007344929856662641,-0.14636166943891843,-0.1215063906014013,-0.1100002930583129,-0.20637253861499238,-0.32841340826594256,-0.10974025241507683,-0.058163436639480155,-0.0053207725434770885,-0.21237247750897414,0.1214074595756669,-0.04850237184358034,-0.0779833456989857,-0.1931956164158505,-0.04991298661029386,-0.06987610180595812,-0.21628377005977228,-0.06590200166212663,-0.09027854430059899,-0.04173677333594609,-0.28010344071270343,-0.0046805975681625395,-0.08241636596496531,-0.0006490394104919269,-0.30689166495650416,-0.050205838594787,0.0133197482716678,-0.052379280558534747,0.03425090823119025,-0.2493167872785171,0.07371728057074312,-0.32586954016935654,-0.011261821643429551,0.08392660543812443,-1.1757809731460342,-0.005228563135942957,4.595739078731597
6.855,0.03076168732213,0.273770872194,18.8,32.0,0.3367940187454224,0.4881641268730164,0.8999999761581421,30.17000007629395,0.4405312836170197,242.5231170654297,133.0,69.61883,3.1667,31295.0,362.9812608948286,7.9764,10.4369,25.54,1008.69,431.0012394986916,4.999053310767506,72.61,11.98,17.16,25.54,29.247120158096035,0.4441104259190304,62.5,205105.42621421916,6.613355601948504,25.327743910925538,68.05890048712597,63992.0,36649.66,25491.99,8.611711314748359,6.341558665661586,6.341558665661586,2.4926882667224866,70.9,-0.19420939417542746,-0.6013298007689903,-0.2278546498457895,0.20492680444128517,0.006937287925325386,-0.21314476929662932,-0.09705180714634391,-0.19805838561480782,-0.13563811152921065,-0.2435903082012002,0.029929662777149663,-0.0775724162710904,0.07913254395435358,0.05353886587209843,-0.06834427651923122,0.01351502070604905,-0.07271651762859148,0.0008459205623974619,0.18100004628816455,0.06879980924988806,-0.00963964606192568,0.01994699031730951,-0.02062955131507462,-0.11253422755992663,-0.01384208548176886,0.23547155401466202,0.1505331292428316,-0.0066772723287239115,0.07698733745616541,-0.06699181761957967,0.14551437280051385,-0.24656306649353965,-0.11100299207602711,0.08213000366030576,-0.13190092759798164,0.13179021733727372,-0.21678659742553108,0.06327405657080032,0.05820607253024596,-0.18855708236400667,0.08968952007973123,4.595739078731598
6.905,0.1119911176749,0.877792920801,20.3,0.0,0.5412545204162598,0.7060145735740662,0.800000011920929,29.6299991607666,0.6148116588592529,126.0672454833984,85.59015655517578,2.90776,0.115,1588.0,7.908338175479372,0.089,0.2026,3.98,913.13,329.46058091286307,1.640734061302774,4.82,0.14,0.34,3.98,1.9414835306710216,0.2504382101047163,73.3,43717.2909103953,2.133822472423064,34.05945495650095,63.80672257107598,57754.0,39953.37,32733.15,7.989646389078048,3.576066916726457,3.576066916726457,2.2858259152713347,56.1,-0.2808672144547868,-0.13142572162694036,-0.03753643943971809,-0.19346565125563994,-0.3441251975890234,0.01376691129874695,0.06844400225391985,-0.09345551179793876,-0.2751917112244852,0.13786385213688795,-0.4616810020775301,-0.12378734977761541,-0.22128398443939845,0.02055847705417911,-0.20097936531215477,-0.06463814380733322,-0.0823791753475256,-0.12714044240592262,-0.1306486134036218,0.015010141911780454,-0.1212246051524107,0.017745829279429536,-0.1436541380517952,-0.0982106129482866,-0.10008664339413494,-0.10219380837870105,-0.14847055451488625,-0.10416478763250973,-0.029383365724501138,-0.28142260082016063,-0.15573556058935958,-0.17135813571055206,-0.1342803112305042,-0.004097812407790914,-0.09292739844184444,-0.06197847524155616,-0.14296734170083028,0.01623958867057344,0.030245433828181928,-0.212297248247039,-0.03809381573099938,4.595739078731596
6.345,0.187590280695,1.564037081138,28.8,115.2,0.5304648280143738,0.1642918586730957,1.299999952316284,30.82999992370605,0.1783933937549591,334.9280090332031,131.3819274902344,60.6455,0.7705,18738.0,201.0,20.6519,13.225,6.148,775.0,236.6058463286824,2.5380390176147487,79.195,32.652,23.515,6.148,12.782698470895246,0.7724210753786316,47.21,209885.0,11.2,48.7,31.3,49780.0,37342.0,15884.0,8.251880779338212,6.642425473153561,6.642425473153561,0.2421040892193308,53.7,0.49802664621578185,0.1739888486265717,-0.0727440240296663,-0.7036169448996281,-0.24950310365213438,0.02938786872366846,-0.2779263552609229,-0.16475557698315485,-0.2879940510429318,-0.3686527384382079,0.10425812743502666,0.02346045391229845,-0.2710557711955944,-0.046432056693893685,-0.3245748704209263,0.06456662749704267,-0.09717994601337564,-0.22211897768292685,0.006112246517758231,0.13290697291537498,-0.2154225310045029,0.10629782262248787,-0.05878983869952185,-0.047827756549974905,-0.1911569743453834,0.0446339761277025,-0.2496854643196126,0.08162240635062089,0.029280098827051477,-0.2823312706051651,0.09074123296706192,0.013576654450309958,-0.145933799784265,0.03685876800020227,-0.17582247107345764,-0.13692246501377844,-0.29045882719635024,0.09870182953458577,0.0973028555352012,0.1755129527975147,0.040818993774659675,4.595739078731597
5.76,0.2009681707521,2.305766517037,27.6,218.7,0.4322603642940521,0.3183337450027466,1.899999976158142,32.65000152587891,0.3046669960021973,264.5146484375,130.0,94.75,0.975,80886.0,573.0,36.035,30.6179,13.697,2339.8,503.33227546810537,3.5656280919222656,160.701,59.489,57.403,13.697,44.04493523854282,0.7705005543685988,37.51,683165.0,24.81513784080998,29.71825110917296,45.46661105001707,37563.0,37438.88,16936.21,15.717915646179634,15.449625511761106,15.449625511761106,1.4422353381379165,70.17,0.7848572506291358,0.12692822083064798,-0.021210700894973438,-0.4214167415491105,-0.12167286137886418,-0.31571027517284667,-0.08558577803577606,0.058175557549799604,-0.3168499449743127,-0.2964169564030721,0.44627622591136545,0.06794834337525373,-0.03501102105903806,-0.03836530862319713,0.04822593546575351,0.11084522049652674,0.008362775800129452,0.06698307803387249,0.05507284433602211,-0.04053514773894159,0.007731262276276925,0.19835516574687648,0.04129413298146978,0.010009350873828482,0.04995686483109968,0.06142124161403314,0.16208847788992706,0.04342078433184674,0.03886778581942296,0.2847874697231124,-0.07300257688391167,-0.3161224922982045,0.16637409433113254,-0.026062204827630147,0.15823794005495337,0.02402199734181119,0.13816498236715455,-0.022575567057975216,0.07073257830231587,0.12440797453871584,0.16692641241846418,4.595739078731597
6.59,0.2220461019333,2.274343786502,27.9,436.4,0.4671959280967712,0.1034901142120361,1.700000047683716,32.81999969482422,0.1327920854091644,260.926025390625,103.5349197387695,102.75,4.78,82098.0,1049.0,61.06,47.59,26.67,1144.0,402.7768238237748,5.1464455673845855,203.83,80.46,75.07,26.67,13.502993313811004,1.3571426592267275,41.38,826658.0,19.61414974691788,40.554352669645,39.83149758343712,37647.0,31064.0,14954.0,10.01000072751194,7.077667062460118,7.077667062460118,0.8315029869915178,92.59,0.6127150456759837,0.19929433748132472,0.013812334331206913,-0.4011851441580152,-0.33847216629276256,0.1676363550723989,-0.0734990111486008,0.42677010989218395,-0.2495062761230218,-0.5650652434152164,0.36492320597310535,-0.17522060523328534,0.051711842011526565,-0.024770779618525807,0.09905724656619896,0.002817391435659585,0.0452874092846442,0.08378846575842196,-0.1078016241098146,0.14003781020443123,0.06673404310145363,0.0946766335580179,0.04558530871489334,0.027364530500481266,0.17722343009475117,-0.048756427557679484,-0.07782128272357126,-0.054939480638257064,0.02970816742837871,0.24591669119432202,-0.0838512818828319,0.06531383804000725,0.2016947581270585,0.04765817360637518,-0.10231835788701205,0.15780500096758224,-0.08034464270382613,0.07720565315782474,0.058639341753116546,0.4464742435097002,-0.007441963966507055,4.595739078731597
6.545,0.1443703391467,1.448893289668,28.0,354.1,0.4328791797161102,0.4880608320236206,1.799999952316284,34.54000091552734,0.440448671579361,306.6544189453125,129.1849212646484,78.86,1.51,42101.0,1310.02,57.39,30.39,23.13,2283.8,239.6050310170167,7.455580217403678,175.70999999999998,75.89,47.08,23.13,11.640145980325425,1.1288686636714582,52.2,686334.0,16.06716086336319,29.95130135865117,53.98150854710848,36106.0,32559.0,16815.0,12.881572327495135,5.887189901806822,5.887189901806822,0.6001059414337037,94.45,0.43293968412668854,0.08895224252882389,-0.07997293207086781,-0.7864818650010706,-0.4534693297277801,-0.3297255635072923,-0.22610815443989798,0.22586416716453564,-0.35847041270840485,-0.28000104487957866,-0.16049985296704486,-0.008758158075260591,-0.034546877574898695,0.02149982244662335,-0.06418573207203003,-0.03752614098650675,0.008036116527652959,0.010808647585438536,-0.00990340517216387,-0.041502999572586664,-0.4139103871217156,0.025793183625011335,0.01444381245336133,0.003609303740477502,0.03215347174384862,-0.03167378811051121,-0.16449576716128594,-0.028542873567698374,0.07528712949627146,0.08007945852121229,-0.05024732782264857,-0.09728001559501621,0.01243414876539889,-0.044748699918890356,-0.013316884339338475,-0.04752601880574112,-0.1114259734522491,-0.08859964809452574,0.025447167970301093,0.2061571337225532,-0.17503304259051267,4.595739078731596
6.565,0.06248309925259,0.8169352225608,25.8,149.9,0.2579099237918854,0.2387939095497131,0.699999988079071,35.20999908447266,0.2410351186990738,55.81299209594727,28.23225402832031,156.26,3.7,71109.0,604.0,25.5392,19.687,6.87,4046.0666666666666,639.9701205079514,5.435907589570977,111.113,48.363,43.95,6.87,30.453854606755456,0.8473062281162614,50.12,299186.0,8.188156481532047,41.53969380882165,50.2721497096463,56528.0,34807.04,22100.67,29.449202691670408,16.989687864542002,16.989687864542002,4.19935794066213,97.31,0.3022848653191136,-0.6334853166171779,-0.07011694886865281,-0.28995887387151836,-0.15129940858130708,-0.15602954248921078,-0.17150697287965477,-0.12002318638979072,-0.12504776565577683,-0.1944124581316333,-0.6631221686029131,-0.10885193609312539,-0.02300518392838899,-0.0712489442074847,-0.006139950698131881,0.022070194859174885,0.0019921358674980425,0.00270162956173343,-0.0801657655267887,-0.09460444825726039,0.049704682648904173,0.047408726919557255,-0.0007646459062150649,0.018115616320463768,0.00033301020474110765,-0.1189156280104418,0.042690571566854685,0.030979355026634885,-0.03980921220366337,-0.04911463974367571,-0.02762540978697763,-0.03136058293538382,-0.09676838382620641,-0.007286056703785747,-0.14026192246012872,-0.030452635798156474,0.1888263961244605,-0.048754956229130765,-0.08265942564759858,-0.7631394027483281,-0.08067408950991184,4.595739078731597
6.404999999999999,0.1673749854038,1.586555336748,27.9,436.4,0.3305558562278748,0.1889648139476776,2.200000047683716,32.59000015258789,0.2011718451976776,190.2931976318359,129.0,102.75,4.78,82098.0,1049.0,61.06,47.59,26.67,1144.0,402.7768238237748,5.1464455673845855,203.83,80.46,75.07,26.67,13.502993313811004,1.3571426592267275,41.38,826658.0,19.61414974691788,40.554352669645,39.83149758343712,37647.0,31064.0,14954.0,10.01000072751194,7.077667062460118,7.077667062460118,0.8315029869915178,92.59,0.6938022588365135,0.20687152465716327,0.022470935533365727,-0.4997743496397266,-0.21876329067911396,-0.1804284857230087,-0.23265331289753313,0.3900964785265093,-0.12223866478667327,-0.2158040855810144,-0.6731580833697656,-0.034388158878874586,-0.06155698982563821,-0.10253561560109288,0.09391160010404372,-0.0008341388487653386,0.026008064636780254,0.11804802343766017,-0.002985796882516397,0.11616985232706352,-0.031490818464400584,0.0663154976349823,0.012161455441362712,0.008362978411658839,0.031185168817457476,-0.020293773056156466,-0.02918476571434318,-0.041433893056261474,0.04038977394267668,0.26593847670562876,-0.08313699696608286,0.10517230775862878,0.19426696920799605,0.0943762851859898,0.11970031192314445,0.051990915860119113,-0.14381777385512665,0.052557448764254465,0.11354083259054798,0.47781945809586457,-0.055442140672606256,4.595739078731597
6.7,0.0676377974555,0.9316349549353,27.5,221.9,0.6179741621017456,0.1523949801921844,2.799999952316284,29.75,0.1719159781932831,158.2906188964844,116.0,41.8,0.9984,37631.0,382.0,12.2266,9.8512,4.991,6472.866666666667,481.9852705731668,4.89273134806276,78.075,30.563,28.728,4.991,21.398798506227283,0.8755846807233554,35.03,369846.0,16.504901960784316,31.65686274509804,51.83823529411765,26213.0,35691.1,13158.53,16.539135979595088,17.556710821702243,17.556710821702243,1.1884593356762363,77.55,-0.00039326599664990525,-0.4546756429494336,-0.061241467014827466,-0.3968798291435567,-0.0939539775702856,0.020848118943866012,-0.2619751846213318,0.11739897439191477,-0.11275198044676042,-0.3287538355205657,-0.3487483895176933,-0.1318389984184409,-0.07425641713510449,0.027261212546929755,-0.03568296998013817,0.024277700444982297,-0.06361313512234683,-0.0778333879846698,-0.1386765890927642,-0.45164106640673635,0.038185153934221984,0.013118371753829003,-0.035093860885188864,-0.04665837231108078,-0.07154667453729252,-0.0920834076088548,-0.057998716310963074,0.05105893777280283,-0.173722734332161,-0.19721177189036107,-0.13093556014649263,-0.24151486813733938,-0.118305793038382,-0.24060577770854788,-0.0986180080641204,-0.15637425112641892,0.02986512168564313,-0.11413744410790673,-0.11952501871647764,0.0834768537402379,-0.06140827386358363,4.595739078731597
6.66,0.1829329069306,1.759549358588,27.7,434.4,0.4098489880561829,0.2989175021648407,2.0,30.52000045776367,0.2891339957714081,288.1651306152344,129.0,92.75,1.5386300675675677,45158.0,696.0,33.0483,14.6795,31.74,196.0,387.35632183908046,5.970149253731344,116.58,42.49,20.02,31.74,25.258358901966528,0.555059543918919,52.85,465622.0,12.3,44.1,43.6,67794.0,41956.5,22104.5,40.84636824324324,17.791976351351355,17.791976351351355,0.9989242570341496,59.34,0.30703400624803456,0.12968614224625682,0.03874627339417397,-0.39155381225490293,-0.25745855157762065,-0.3919219007654328,-0.22950516460832496,0.17843778051147882,-0.1532127715425106,-0.3637036701815635,-0.1389692188589878,-0.2257232707454565,-0.009521202716983016,-0.01838351877729601,-0.012495614094606736,0.005841489228392042,-0.003732966211976311,-0.08541461921031968,-0.22956046492464463,0.1068049751676607,-0.09409564272516528,0.04678326730447041,-0.004985445782503224,-0.036272856731022075,-0.16782466380362063,-0.14071525544483635,0.005253206969912401,0.027222287427361658,-0.09421276466293495,0.1067128605913832,0.04247407288175089,-0.14769552104761283,-0.016032993457856397,-0.07317988784850689,-0.4159793942812385,-0.086589161075406,-0.08653925433492664,-0.06745496855358817,-0.13896373059094316,0.006704648297203704,0.05379018413793635,4.595739078731597
7.12,0.1738742953797,2.067589227543,27.4,161.7,0.3403342366218567,0.1695738881826401,1.200000047683716,34.47000122070312,0.1841316670179367,232.0772094726563,132.0273895263672,90.0226,0.7435,42621.0,380.0,29.4862,26.9367,6.0698,1695.8666666666666,337.6107982224757,3.0100678849520373,126.243,48.203,43.513,6.0698,23.893469695255813,0.8922933064271592,52.67,391262.0,5.5,42.2,52.3,87708.0,38644.0,23300.0,29.21013066820637,20.030529177502824,20.030529177502824,4.456108026187788,110.8,-0.491954813588462,-0.011510517133172563,-0.037341312563461994,-0.19746272516313298,-0.07783044982075836,-0.14391169445945648,-0.24482836542422615,-0.11726871272361078,-0.21853386592507307,-0.2511026744458432,-0.5934363621314027,-0.06700587771182794,-0.01986457532216049,-0.06612771891717746,-0.00816050910809906,0.01880682395704768,-0.026048797029740292,-0.016365037768624104,-0.12032919453149953,-0.026001364096167084,-0.07110574880310151,-0.0012256781691429922,0.033213032015383975,0.010063431286834451,-0.02328697266391556,-0.07514970431954372,-0.012148438982381151,0.0052625094519677534,-0.020836500800852347,-0.0006089992157499793,-0.022446656009556882,-0.06274951029883838,-0.1235978694877502,-0.17927934277024868,-0.15727607060434265,-0.013423961100014795,-0.06530868070600514,-0.1492880105513519,-0.14051041584257762,-0.7101546913670131,-0.05519288618947819,4.595739078731597
7.109999999999999,0.2359938898278,2.381356845608,27.3,416.7,0.2698071599006653,0.1796951144933701,1.0,34.31999969482422,0.1937560886144638,249.9428100585938,131.9918212890625,94.5485,2.1563,46537.0,680.0,35.5076,21.2759,9.55653,702.0666666666667,383.5888559182328,5.60501153972964,121.32,51.283,28.768,9.556533333333334,22.96171465687948,0.7568755271663641,40.05,477450.0,5.7139813203593866,53.40210944990944,40.88390922973117,54771.0,36208.0,22771.0,14.874310622850874,16.990620933097066,16.990620933097066,2.7751741163370838,74.2,-0.7431044144374,0.2641197826092871,0.06711239392341145,-0.3613418486678836,-0.05419177241782497,-0.059638016635573186,-0.2226696985797786,-0.17239344596862197,-0.17150372802428318,-0.3474504820067584,0.2620187132250724,0.06496288886812844,-0.0033639425993731895,-0.0038573650913055943,-0.008977455618459177,0.08496921875016616,0.033245753750456,0.04090167252787378,0.0726329740363657,0.2809428325976739,-0.02610917003136302,0.15602862476860474,0.033676028537661974,0.08048150424704792,-0.018118450131533365,0.07934465865379157,0.05781411332419906,0.03787236511011995,0.0006401632834785084,0.12279386565461452,0.407568900693565,0.6406459000229487,0.6799512200025261,0.10972675658655649,0.27194335002303943,0.08466817590363218,0.05978340347197816,-0.05546316611915938,-0.13688544460036414,-0.39679302730789817,0.2579427024291528,4.595739078731597
6.855,0.04223930043189,0.4588025554773,25.7,191.4,0.3535537421703339,0.4277059733867645,0.8999999761581421,34.5099983215332,0.3921647965908051,275.0,128.1002197265625,69.4828,1.3569,21994.0,591.6353864032538,9.1363,9.5518,2.36,1603.85,381.11245884595394,10.251869457689375,57.71,25.24,23.82,2.36,23.245438704361963,0.4724934230642314,61.4,189959.29356481816,5.960707881876988,46.25281304491967,47.78647907320334,66835.0,38481.79,24326.61,8.747788017238738,6.746846249557248,6.746846249557248,4.849428335338578,73.3,-0.10915996321749842,-0.6462654355045118,-0.23638691425402583,-0.25823552305142533,-0.05685048679270708,-0.11436192875576262,-0.09373922376413306,-0.1109387688027761,-0.08456680521231351,-0.1785334403974834,0.017124360916057072,-0.1202635197920437,-0.04615106558690582,0.006623251006469111,-0.1631906328243777,0.03872707335969847,-0.1040292726508228,-0.047851330690414334,-0.197591300653318,0.0017199863380222512,-0.10159380161274878,-0.09790713167528513,-0.08665019509182502,-0.00027076143129327784,-0.08218945441023413,-0.22403534487456414,-0.06976098001148477,0.0055769674429675216,-0.07149540715795315,-0.11442365909327291,0.1071675364346819,-0.014465497079062797,-0.04929257318706743,-0.025812988423636194,-0.15756686822271912,-0.06300820486125429,-0.13202207597268176,-0.00990871052554841,0.03428424737806469,-0.8998873576545562,-0.02816279814514049,4.595739078731597
6.73,0.1313806613633,1.671253791192,26.8,350.2,0.5449880957603455,0.5738555192947388,2.200000047683716,32.75,0.5090844035148621,218.3512725830078,128.90185546875,97.153246,1.5051,22704.0,603.4405868680999,11.4219,8.4222,5.82,881.58,371.52675503190966,9.874661869875633,61.11,25.96,23.28,5.82,24.614949908569734,0.4775021872663257,65.5,193424.9506420834,3.786310606464182,52.02179642033601,44.19187938339238,90072.0,39502.4,26966.29,10.53622467854088,6.818367587891776,6.818367587891776,8.389512313189808,82.8,0.020301466124566847,-0.08224438965999258,-0.07056195781525787,-0.2512226744433728,-0.1999741349174261,0.0385390497638548,-0.0937914796723464,0.13145394325370885,-0.10493188608750721,-0.1408187915004656,-0.3470389257516042,-0.0879621033690061,0.08273179868678958,-0.020565626362665013,-0.2305212226608798,0.054971195417216345,-0.05411776472547072,-0.15904554365510518,-0.0929259936754497,0.05933983626815323,-0.0638906478922847,-0.00682972208263737,-0.04412969376313488,-0.01272023577218658,-0.04007365245503335,-0.12197116320821118,0.030928199211878473,-0.04381215044052622,-0.001477676991263217,-0.1798944653966621,0.038018561326222715,0.09477457833871551,-0.033919960423795394,0.01239241047695975,-0.3883401286941477,0.03497538928015873,-0.11468768325785668,-0.007568956963213668,-0.004355206822315484,-1.513778104332979,-0.06659219742540849,4.595739078731597
7.24,0.07033861606964,0.7803418654608,27.3,430.2,0.6268255710601807,0.7635214924812317,2.799999952316284,31.32999992370605,0.6608172059059143,289.1892700195313,131.0277252197266,102.81,1.7645,47925.0,843.0,43.5255,20.1416,18.38,35348.0,294.8686396357596,5.186734756660309,162.53,65.61,36.45,18.38,34.437046921982514,1.6325084864460302,44.34,791032.0,14.2,49.0,36.8,60352.0,33354.0,19580.0,15.09150601532647,12.226414519989854,12.226414519989854,1.982933986704912,73.72,-1.1916033079757684,-0.5930682100824128,-0.10181143100966905,-0.3510471752050522,-0.4365087282199984,0.26736544076283814,0.04617050133067635,0.18305891629557772,-0.16736588134125197,0.38324532167284775,0.047582751503955044,0.03052221618596196,-0.031235342745216183,-0.003489992422551935,-0.03606509895257177,0.03171590245387845,0.009259339607437975,-0.02190853683654657,-0.03597736996266452,-1.2300304772244939,-0.10962666834549255,0.045533215731272,0.01452104372420556,-0.024027945392856853,-0.02410700421483648,0.03478341374211801,0.07734835090223356,-0.06737810075998886,0.010130967983704877,0.06534311795403151,0.03387844688578895,-0.06691816374845246,-0.0017801084888743046,0.030349235620190096,-0.02837502728767245,-0.009114836111209243,-0.020081227035431876,0.044839579789909524,0.05868945606205302,0.02626359243039385,0.08837916389301832,4.595739078731597
6.445,0.1367118254852,1.298144584647,4.3,26.0,0.2148696184158325,0.4087094664573669,0.4000000059604645,7.809999942779541,0.376967579126358,334.9280090332031,131.3819274902344,60.6455,0.7705,18738.0,201.0,20.6519,13.225,6.148,775.0,236.6058463286824,2.5380390176147487,79.195,32.652,23.515,6.148,12.782698470895246,0.7724210753786316,47.21,209885.0,11.2,48.7,31.3,49780.0,37342.0,15884.0,8.251880779338212,6.642425473153561,6.642425473153561,0.2421040892193308,53.7,0.764176787707307,-0.057098519537619095,-0.029966968164145773,0.389341247756852,0.05839012669978468,-0.07322066813105137,-0.12954033140639235,0.04181689695534391,0.014644213822014215,-0.25216209084412305,0.4722679513002989,0.009780923533325695,-0.11497387041104949,0.05897421295713549,-0.42090795264029374,-0.012456220634314322,-0.009049955827707975,-0.11252345269998287,0.016729858126430464,0.15771757309377116,-0.43057533085751193,0.1711441846104008,-0.03264592888400475,-0.038482154582667495,-0.2663585189382425,0.05716985436675185,-0.2340541682205327,0.1435753743240556,0.07634426327195039,-0.26502593370676575,0.185245056057493,0.19787720836343667,-0.023320390286739528,-0.02098150452134771,-0.014906497670019317,-0.014848249928916165,-0.3040830864935116,0.1487107810124868,0.14991343389078834,0.6075775194343738,-0.05283058658811692,4.595739078731597
5.615,0.141255779268,1.572929672943,3.0,27.0,0.2011622041463852,0.3816510736942291,0.6000000238418579,7.210000038146973,0.3553208410739899,264.5146484375,130.0,94.75,0.975,80886.0,573.0,36.035,30.6179,13.697,2339.8,503.33227546810537,3.5656280919222656,160.701,59.489,57.403,13.697,44.04493523854282,0.7705005543685988,37.51,683165.0,24.81513784080998,29.71825110917296,45.46661105001707,37563.0,37438.88,16936.21,15.717915646179634,15.449625511761106,15.449625511761106,1.4422353381379165,70.17,1.6425791064506585,0.2420649696346422,0.30638055132587966,0.9929992882207985,0.11058940525524559,0.20466660164760744,0.3001118953591356,0.21911153017989082,-0.3218513921635756,-0.2077283841257662,0.8879888719325731,0.25547555983614567,0.0692985255029364,0.45076928879479405,0.4019340796563891,0.24242634260533447,0.042077372719587114,0.13815312553316772,0.1552249321667696,0.07394417657165779,0.20133109544250416,0.5236094651428104,0.054594608496166486,0.03675537682601526,0.1448493540775055,0.35205902917156306,0.4226809810503376,0.1921198433743162,0.32822612713319826,0.45203083374503455,0.35200374797733974,-0.08434785474224554,0.2988212009126915,0.2272280699643573,0.39942289671538583,0.2384003132907749,0.1360277485426904,0.35634370346873934,0.17303228967958695,0.3154498167467961,0.5982277999702844,4.595739078731596
5.985,0.1680037495316,1.757371613585,3.0,22.0,0.2996407449245453,0.4820165932178497,0.6000000238418579,9.25,0.4356132745742798,260.926025390625,103.5349197387695,102.75,4.78,82098.0,1049.0,61.06,47.59,26.67,1144.0,402.7768238237748,5.1464455673845855,203.83,80.46,75.07,26.67,13.502993313811004,1.3571426592267275,41.38,826658.0,19.61414974691788,40.554352669645,39.83149758343712,37647.0,31064.0,14954.0,10.01000072751194,7.077667062460118,7.077667062460118,0.8315029869915178,92.59,1.3367442866599724,0.3046408300720899,0.4072890987751907,0.47460644433158833,0.21185519421085083,0.15187100640365495,0.09075401840279633,0.016249523900013663,0.13638668378935093,-0.40194435417934166,0.576033782766748,0.06281232383883557,0.04418753641077396,-0.20490794403660592,0.11060648530432549,0.0441380299547575,0.07780443726112769,0.22460213188273623,-0.06213307845899766,0.25745118341977036,0.06817861907427007,0.1370250314911978,0.07293906631586948,0.06593862255471727,0.2271330808464909,-0.02082404296235422,0.006009174689693346,0.017536032255416445,0.10114619838509535,0.23323816444722115,0.22314773223868803,0.30137532156113894,0.2850545170694076,0.08414520579226525,0.3176031338750776,0.0561665473227592,-0.09967639698306097,0.11438569066866518,0.13210311937420424,0.734149904797643,0.3234292897259751,4.595739078731597
6.49,0.1605837784232,1.544346997286,3.3,21.0,0.3203232288360596,0.5338107943534851,0.6499999761581421,7.849999904632568,0.4770486354827881,306.6544189453125,129.1849212646484,78.86,1.51,42101.0,1310.02,57.39,30.39,23.13,2283.8,239.6050310170167,7.455580217403678,175.70999999999998,75.89,47.08,23.13,11.640145980325425,1.1288686636714582,52.2,686334.0,16.06716086336319,29.95130135865117,53.98150854710848,36106.0,32559.0,16815.0,12.881572327495135,5.887189901806822,5.887189901806822,0.6001059414337037,94.45,1.4405781088421408,0.30358542724180965,0.052187388376812395,0.712770884705797,0.42974720750230083,0.06218396750203684,-0.11470512432047612,-0.06688223798198807,0.194142420499912,-0.6922988380446625,0.26151692361379714,0.0641119427751734,-0.0004737548497515398,0.14221079060081865,-0.10455030814468554,0.05908826156613367,0.04072164177837664,0.08484189097978134,0.17816189504817007,-0.025379722140240018,-0.42874619682964754,0.09312940543663022,0.017862904322704137,0.04134731260619414,-0.09748640487845935,0.10488924893340816,-0.24201402670317076,0.08385875843025181,0.20729699736126417,0.3855181837719135,0.07475867747502955,0.011218847037291665,0.1825479995426236,0.06703196190832832,0.27136270754954844,0.07714109035772528,-0.01086293839393145,0.12469995524595494,0.11533400005525989,0.5739769762222874,0.19288965899636035,4.595739078731598
6.785,0.1153866267697,1.123266199194,3.8,6.0,0.1045826151967049,0.1064843088388443,0.2000000029802322,8.489999771118164,0.1351874470710754,55.81299209594727,28.23225402832031,156.26,3.7,71109.0,604.0,25.5392,19.687,6.87,4046.0666666666666,639.9701205079514,5.435907589570977,111.113,48.363,43.95,6.87,30.453854606755456,0.8473062281162614,50.12,299186.0,8.188156481532047,41.53969380882165,50.2721497096463,56528.0,34807.04,22100.67,29.449202691670408,16.989687864542002,16.989687864542002,4.19935794066213,97.31,-0.004009317156645421,-0.04059883650624371,-0.044653961912384486,0.08637249608834195,-0.018099934983824003,-1.1603087060390755,-0.1697885771502737,-0.5495918729379222,-0.08131070562452242,-0.43687061476806693,-0.3124988063058953,-0.14582117580005124,-0.046183678517969264,-0.09939603753996462,0.0021194331660248458,0.001290579460249984,-0.0534020541616776,-0.01393848649751015,-0.026377211269522884,-0.09334727658021129,0.056112934839662086,0.02440818186952407,0.011541097525436578,-0.02856725902892031,-0.018561021060979285,-0.04081115837563954,-0.06287230397419576,-0.01707214279968045,-0.03328266321222006,-0.07624230956438248,-0.006936481429911434,0.0007938229522085997,-0.08599310760924328,-0.027932830699771472,-0.1033382679077608,-0.019833270379357996,0.11936270927439412,-0.09244536954539477,-0.05410094001469773,-0.819987196426453,0.018071991700995754,4.595739078731598
6.555,0.2860426071757,5.111696182713,3.0,22.0,0.289913684129715,0.3692471086978912,0.6000000238418579,9.050000190734863,0.3453976809978485,190.2931976318359,129.0,102.75,4.78,82098.0,1049.0,61.06,47.59,26.67,1144.0,402.7768238237748,5.1464455673845855,203.83,80.46,75.07,26.67,13.502993313811004,1.3571426592267275,41.38,826658.0,19.61414974691788,40.554352669645,39.83149758343712,37647.0,31064.0,14954.0,10.01000072751194,7.077667062460118,7.077667062460118,0.8315029869915178,92.59,0.5112236145096531,-0.06000109102612868,0.0393772507621963,0.19503678050074932,0.0721134788541496,-0.1296655725472697,-0.23329980356132507,-0.1419522983211544,0.02718711745631001,-0.36762004321648173,-0.818547546329376,-0.09150664933285912,-0.017189073826023898,-0.3146074689279703,0.044237691873144004,0.047862887043033986,0.05804896516777103,0.03558493751145605,0.03240581460320339,0.0902103763984539,-0.1139821594724743,0.052898780476479036,0.0023990980562045294,0.03429897066236635,0.00395984559351011,0.051240439429032704,-0.1312886365509677,-0.033567255951219045,-0.013933657493021742,0.12427778840015231,-0.15837552954462855,0.057676553904642436,0.06726915854355013,-0.0903893814217281,0.10971617143377983,-0.04890576215528164,-0.09327102558414428,0.07838628174884903,0.00027706988234466046,0.25928405565593415,-0.04100586245352977,4.595739078731597
6.89,0.2674164585093,3.37908423967,2.7,19.0,0.1469908207654953,0.2672204375267029,0.5,8.3100004196167,0.2637763321399689,158.2906188964844,116.0,41.8,0.9984,37631.0,382.0,12.2266,9.8512,4.991,6472.866666666667,481.9852705731668,4.89273134806276,78.075,30.563,28.728,4.991,21.398798506227283,0.8755846807233554,35.03,369846.0,16.504901960784316,31.65686274509804,51.83823529411765,26213.0,35691.1,13158.53,16.539135979595088,17.556710821702243,17.556710821702243,1.1884593356762363,77.55,-0.2929458900572219,0.003726078670598168,0.033938165488944134,-0.06734656158075644,0.053939231252851653,-0.8615891339782297,-0.027619854849231656,-0.10879817312128263,-0.04588019433011714,-0.2584945332781144,-0.5211467023481944,-0.16468443754472253,-0.12817748975342227,0.040676858969841544,-0.10235807184158972,0.03716848773320495,-0.05193800517204111,-0.11833030767904096,-0.11168633985801678,-0.28783168934713504,-0.021713173465084088,0.032920906826202974,-0.04574940066643026,-0.024050696300177938,-0.022202315038988663,-0.14436011590771894,-0.02216142749425235,0.02221507426439572,-0.1931455858088739,-0.15823326034420027,-0.23512235085933683,-0.23353760727062814,-0.05141173595468357,-0.15525800466124415,-0.0031868230497970654,-0.10218378884458117,0.019033446322065505,-0.10976701768023837,-0.1473428250954629,0.07615679429372946,-0.07449473668387592,4.595739078731598
6.915,0.1489192472501,1.309372686006,2.6,25.0,0.2328783720731735,0.3379221558570862,0.449999988079071,9.550000190734863,0.32033771276474,288.1651306152344,129.0,92.75,1.5386300675675677,45158.0,696.0,33.0483,14.6795,31.74,196.0,387.35632183908046,5.970149253731344,116.58,42.49,20.02,31.74,25.258358901966528,0.555059543918919,52.85,465622.0,12.3,44.1,43.6,67794.0,41956.5,22104.5,40.84636824324324,17.791976351351355,17.791976351351355,0.9989242570341496,59.34,-0.8759553154282792,0.013387582053111005,-0.04492635768918803,-0.12200057266079921,0.03154895937847401,-0.24816576869529752,-0.17355186898544442,-0.1490287034832046,-0.007308160398567631,-0.39423746330468507,-0.13349895757509722,-0.16689351222076962,-0.05175117792423454,0.06994741757832186,-0.04369760389190047,0.003962650219163079,0.01569839281640294,-0.09042832584768966,-0.2124224262702427,0.11942137437103623,-0.061409301308331526,0.05254590393279159,0.026534903864687764,-0.011229607940256495,-0.16915056054974875,-0.2776374660535465,-0.05175844570010577,-0.000535743817658881,0.016521924826119916,0.0009974367721402218,0.0030382563029121012,-0.023371019562224093,0.0009551515496905213,-0.05661561991933508,-0.5007114738606183,0.03368917966607574,-0.057889813513622955,-0.17031713702581627,-0.10868452359935808,0.057011826839468684,0.058134125216434934,4.595739078731596
6.85,0.07623938666431,0.9117736874711,3.4,7.0,0.1214609667658806,0.1533065140247345,0.300000011920929,8.59000015258789,0.1726452112197876,232.0772094726563,132.0273895263672,90.0226,0.7435,42621.0,380.0,29.4862,26.9367,6.0698,1695.8666666666666,337.6107982224757,3.0100678849520373,126.243,48.203,43.513,6.0698,23.893469695255813,0.8922933064271592,52.67,391262.0,5.5,42.2,52.3,87708.0,38644.0,23300.0,29.21013066820637,20.030529177502824,20.030529177502824,4.456108026187788,110.8,-0.07525292071662439,-0.30710339770528955,-0.06007294664592162,0.05361334221402719,0.018578382768943198,-1.208483318369821,-0.2132007516818005,-0.40389542304112314,-0.058894908553218994,-0.2799513780905334,-0.38676031254642007,-0.0766536513641327,-0.004903307215912236,-0.03780988795787519,-0.03242005447040236,0.004427596871942635,-0.004081454949323245,0.006443015129414995,-0.0015707720408110585,0.005243244406282119,-0.1585270462359906,-0.03179407213832288,0.011847557471296405,-0.013092103761292022,0.03834271991071206,-0.11122595746272641,0.006675568323635743,-0.021298904618108194,0.053707558394873296,0.02850238376698114,0.060536751676612044,0.008507157956162976,-0.0787289897827126,-0.0810049383437723,-0.03781286588705085,0.003783908608722982,-0.08082852552541757,-0.22265768521810061,-0.07175373527903885,-0.756765351140693,-0.06873702170070466,4.595739078731597
6.869999999999999,0.1145043187526,1.247618436804,2.5,13.0,0.1359676569700241,0.2386392802000046,0.2000000029802322,7.710000038146973,0.2409114241600037,249.9428100585938,131.9918212890625,94.5485,2.1563,46537.0,680.0,35.5076,21.2759,9.55653,702.0666666666667,383.5888559182328,5.60501153972964,121.32,51.283,28.768,9.556533333333334,22.96171465687948,0.7568755271663641,40.05,477450.0,5.7139813203593866,53.40210944990944,40.88390922973117,54771.0,36208.0,22771.0,14.874310622850874,16.990620933097066,16.990620933097066,2.7751741163370838,74.2,-0.06397737981761906,0.027787586822362154,-0.0316751545681902,-0.03479667926397717,0.06336740649707835,-1.7486788434974037,0.010894827215015843,-1.0225700680104082,-0.12340555583064901,-0.31573834143710283,0.07687839001321549,0.031267385525082646,0.035640828971189364,0.05781346606411094,0.016668861669804413,0.09133130412256157,0.03576967774082512,0.06892831449342106,0.11373633291479747,0.1585153904522513,0.033236349432531787,0.11484939525598338,0.005713973647684066,0.027872622589402773,0.04744423570909621,0.1083878421119188,0.021725946061824913,0.10532924334397198,-0.05110716163349662,0.09333815995419668,0.19582686964768672,0.3783167081611592,0.4533253336473848,0.14782407600443845,0.2782971117798755,0.0530185580065822,0.0521082737577511,-0.023151990464794114,-0.11088425456279803,-0.6150756725687029,0.08407333809227326,4.595739078731597
7.215,0.102587099731,1.127128519816,3.3,7.0,0.1354595273733139,0.2337662279605865,0.2000000029802322,7.46999979019165,0.2370129823684692,275.0,128.1002197265625,69.4828,1.3569,21994.0,591.6353864032538,9.1363,9.5518,2.36,1603.85,381.11245884595394,10.251869457689375,57.71,25.24,23.82,2.36,23.245438704361963,0.4724934230642314,61.4,189959.29356481816,5.960707881876988,46.25281304491967,47.78647907320334,66835.0,38481.79,24326.61,8.747788017238738,6.746846249557248,6.746846249557248,4.849428335338578,73.3,-0.5027787811680807,-0.19754613732542944,-0.05031307424013046,0.042976596602513455,0.008605686576449188,-0.8160747108398345,-0.11591894329129464,-0.26769915628766144,-0.0729501747744932,-0.21258584162900795,-0.005987598555118992,-0.1171681250330796,0.007785521051691377,-0.028109546957197706,-0.11924066367780217,0.09156928801905816,-0.13049096633750282,-0.09488750596094069,-0.12437846141512997,-0.016380160755737245,-0.10372521281124099,-0.11420885810037747,-0.08169054440969839,-0.01322904049216316,0.004196266977105702,-0.3312970477123157,0.04977396500121031,-0.0886771766310387,-0.010368204536996606,-0.12525783274699728,-0.028712809129661034,0.043160369921486696,-0.06303466575046711,-0.058208541878226244,-0.07602687743047022,-0.022185079855323087,-0.09832606525541206,-0.03215613788761104,-0.027965331731610737,-0.6493425888600856,-0.041051471084035625,4.595739078731597
6.885,0.1148724190189,1.302710603876,3.1,6.0,0.2831749320030212,0.5371334552764893,0.550000011920929,7.849999904632568,0.4797067642211914,218.3512725830078,128.90185546875,97.153246,1.5051,22704.0,603.4405868680999,11.4219,8.4222,5.82,881.58,371.52675503190966,9.874661869875633,61.11,25.96,23.28,5.82,24.614949908569734,0.4775021872663257,65.5,193424.9506420834,3.786310606464182,52.02179642033601,44.19187938339238,90072.0,39502.4,26966.29,10.53622467854088,6.818367587891776,6.818367587891776,8.389512313189808,82.8,-0.20341595168777304,-0.12679068822414796,-0.011228453909356182,0.1444978160246122,-0.013790809562883135,-0.13166057142089557,-0.08426582803102516,-0.11608186905412543,-0.051034138976707326,-0.18763795761480007,-0.4296551254947058,-0.03930069169477466,0.035587403555848635,0.022652350805295252,-0.17053730757895447,0.05675009207980417,-0.04176872099286538,-0.06859099881078394,-0.1979194007103756,0.07509875850387877,-0.12256715865561674,-0.035418203059280305,-0.015176571713050821,0.0014028956837124629,0.008175731497420721,-0.05633374235145088,-0.007550255445091876,0.027655398893025613,-0.02705641092176107,-0.19744439388323146,0.025155847782664175,0.04003344721790112,-0.0373702241602162,0.0401890298623162,-0.25008404416868596,0.006692367604412798,-0.12267663361763696,-0.00016009876353232735,-0.009581561764909777,-1.4590438620387822,-0.05532974707252197,4.595739078731597
6.915,0.1822646103677,1.716971388361,2.8,7.0,0.3004625141620636,0.4256236851215363,0.4000000059604645,7.489999771118164,0.3904989361763,289.1892700195313,131.0277252197266,102.81,1.7645,47925.0,843.0,43.5255,20.1416,18.38,35348.0,294.8686396357596,5.186734756660309,162.53,65.61,36.45,18.38,34.437046921982514,1.6325084864460302,44.34,791032.0,14.2,49.0,36.8,60352.0,33354.0,19580.0,15.09150601532647,12.226414519989854,12.226414519989854,1.982933986704912,73.72,-1.2379784516741887,0.11659420981090286,0.010935796308449855,-0.03727539681563027,0.04687564691846918,-0.245428061974622,-0.166068365209013,-0.10902448119079072,-0.11343379568460311,-0.4131885080177988,0.057676995369946304,-0.023452267979562496,-0.0728912978474704,0.02177680902770851,-0.021404557949103575,0.030156555002490704,0.007762782419857737,-0.009284931037241873,-0.054550923156600685,-1.0830422387934253,-0.08017626118592959,0.0774658518640914,-0.005813185845584583,-0.004635060455052686,0.012749410418955498,0.021031709977141544,-0.09678554844654803,-0.08894565871447331,0.015679902423205067,-0.008347307069344168,0.0012686771674295567,-0.020107853676750286,0.10182150664102134,-0.04375184448297908,-0.08909142086320165,-0.004417966940972906,-0.01497630803275729,0.02765069624810455,0.04330680881379301,-0.03405526643721666,0.043505173219167005,4.595739078731597
6.359999999999999,0.3182215058186,3.183907364943,20.0,15.0,0.6330850720405579,0.9256718158721924,1.5,23.90999984741211,0.790537416934967,334.9280090332031,131.3819274902344,60.6455,0.7705,18738.0,201.0,20.6519,13.225,6.148,775.0,236.6058463286824,2.5380390176147487,79.195,32.652,23.515,6.148,12.782698470895246,0.7724210753786316,47.21,209885.0,11.2,48.7,31.3,49780.0,37342.0,15884.0,8.251880779338212,6.642425473153561,6.642425473153561,0.2421040892193308,53.7,1.2726273091648292,1.3380709686729861,0.36242412402927376,-0.061562826334174904,0.5039993485814043,0.8056537358542827,0.8243128394379354,0.4269757759310036,0.742067965568289,1.0469272710961468,0.902560004473339,0.18249993393435537,-0.19252892976626942,-0.06091532817400436,-0.9391067063668865,0.11912936161211979,-0.43339082079333974,-0.36174882704489736,0.06202137932234253,0.2747657231763751,-0.4399301174360479,0.06037481848277245,-0.017144940715121442,-0.2793367534948884,-0.47990258492623566,0.00877991082178999,-0.29966398863525295,0.23406187822742522,0.12153093541038051,-0.5646707231861413,0.885503751315654,0.5082624592525491,-0.2692486117505338,0.05345981680944456,0.16008200125410288,-0.0022931250183670184,-0.3617371131595819,0.43422532452770674,0.25441039737290017,0.9802192624147398,-0.38044046641050494,4.595739078731597
6.9,0.2105869040306,2.424899113622,18.7,33.0,0.7407733201980591,1.0,3.900000095367432,22.69000053405762,0.903842031955719,264.5146484375,130.0,94.75,0.975,80886.0,573.0,36.035,30.6179,13.697,2339.8,503.33227546810537,3.5656280919222656,160.701,59.489,57.403,13.697,44.04493523854282,0.7705005543685988,37.51,683165.0,24.81513784080998,29.71825110917296,45.46661105001707,37563.0,37438.88,16936.21,15.717915646179634,15.449625511761106,15.449625511761106,1.4422353381379165,70.17,-0.0265395643331053,0.28723433445311547,0.24148878014667374,1.1219305997600253,-0.09004959315507206,1.5730571287155852,0.6477175220600911,0.7320434526816056,0.43755437789719953,1.5816229150934022,1.1399234428082299,0.2534183419509363,0.04983630075270695,0.02617744998813339,-0.005974689526197101,0.14390539157028884,0.0449472435959157,0.13624333519003953,0.14153049336163318,0.12231761009697573,0.03885970269196182,0.4419658895540779,0.04426655434828001,0.05531819940886643,0.15994107805178173,0.20179723935433558,0.5571259944626255,0.054325422411187686,0.180433313765853,0.2948398185667321,-0.4502065211594286,-0.3882961548502139,0.14846876125523648,-0.1009271372037474,0.5916430732970314,0.09127830505007561,0.27742724806548325,0.13071545982457208,0.13790238290747667,0.34867332540453555,0.5059891664835744,4.595739078731597
6.625,0.09037240693334,0.9771361460098,18.1,31.0,0.5859137177467346,0.7720003128051758,2.700000047683716,23.25,0.6676002144813538,260.926025390625,103.5349197387695,102.75,4.78,82098.0,1049.0,61.06,47.59,26.67,1144.0,402.7768238237748,5.1464455673845855,203.83,80.46,75.07,26.67,13.502993313811004,1.3571426592267275,41.38,826658.0,19.61414974691788,40.554352669645,39.83149758343712,37647.0,31064.0,14954.0,10.01000072751194,7.077667062460118,7.077667062460118,0.8315029869915178,92.59,1.2261360966934092,-0.05120457494649877,0.01990173913903807,0.7721130202340425,-0.15450642563169328,0.5931492079024253,0.4077394921322799,0.678895177575446,0.44200298605813226,1.124203165961936,0.9836050320598376,-0.2257837262609347,0.0075467401087288,-0.2728760061500672,0.173508560304426,0.034649991474984744,0.09515648622916102,0.3041157173482732,-0.03964081436917869,0.18199293175370923,0.0196858529901552,0.05670203859202457,0.04487134688864384,0.013899532516911117,0.1522921083986911,-0.12243889380125957,-0.05591059515054856,-0.05317138610846487,0.02840608300948903,0.6431438386172849,0.1005780800852852,0.20708918080407876,0.1871414655799498,0.10907351993243408,0.4083689922251296,0.1369080571383021,-0.045909626550197,-0.01950940716470299,-0.029111374842898607,0.5912656996652431,0.22646227427091217,4.595739078731597
6.76,0.1383364927277,1.36151947826,18.3,32.0,0.6368365287780762,0.8975669741630554,2.400000095367432,24.67000007629395,0.7680535912513733,306.6544189453125,129.1849212646484,78.86,1.51,42101.0,1310.02,57.39,30.39,23.13,2283.8,239.6050310170167,7.455580217403678,175.70999999999998,75.89,47.08,23.13,11.640145980325425,1.1288686636714582,52.2,686334.0,16.06716086336319,29.95130135865117,53.98150854710848,36106.0,32559.0,16815.0,12.881572327495135,5.887189901806822,5.887189901806822,0.6001059414337037,94.45,0.2944192882344777,0.0886053264483168,-0.24049294987093425,0.851765617263092,-0.275757318156581,0.7056670623247775,0.6143741157753458,0.48830657059422816,0.5227040003379096,1.2405934871349515,0.2203539310821837,0.09416788193085228,-0.08876023911147568,0.18198776260384453,-0.09846344154531479,0.003989050226871423,0.030436676837342563,-0.017183357900666718,0.26106482686661947,-0.06673334096409363,-0.6681351439735614,0.12824873436564685,0.021322528030920718,-0.006558501610630356,0.02061765373919855,0.1755769499162495,-0.2159571959213414,0.017474812868580807,0.0029495532503647226,0.6553189519963482,0.17130344219388616,-0.25120114002455324,0.22071160077894456,-0.020039145359557125,0.33276697227162516,0.029401614490155104,-0.4155347817749155,0.03558905305132317,0.03285479908008737,0.7424162230328332,-0.07577653698934261,4.595739078731597
6.77,0.1042940155616,1.036290954491,19.5,15.0,0.2182116806507111,0.2789719700813293,0.6000000238418579,27.09000015258789,0.2731775641441345,55.81299209594727,28.23225402832031,156.26,3.7,71109.0,604.0,25.5392,19.687,6.87,4046.0666666666666,639.9701205079514,5.435907589570977,111.113,48.363,43.95,6.87,30.453854606755456,0.8473062281162614,50.12,299186.0,8.188156481532047,41.53969380882165,50.2721497096463,56528.0,34807.04,22100.67,29.449202691670408,16.989687864542002,16.989687864542002,4.19935794066213,97.31,-0.018103050735625088,-0.08941371278396215,-0.05561420106420031,-0.17669335140036715,0.05143357679218843,-0.06923500328962745,-0.14429707190400767,-0.11184553028158391,-0.12875073824030261,-0.26326501203831976,-0.7560181391482601,-0.1683635123835415,-0.12393785766285026,-0.10931166220549221,0.03464160218367369,0.02845030297751185,-0.00233259951765769,-0.028882105914414282,-0.08492930961649892,-0.12822770397188435,0.08289812738976542,0.03180997168972024,0.008048750714359851,0.005012683727102914,-0.029758736334218158,-0.12422620940673305,-0.009024339455486594,0.0280714074074358,-0.039675437635030016,0.03776034850765605,-0.10574108301327202,-0.028595165664895752,-0.1826587182133225,-0.013240465124770848,-0.11349292675383797,-0.0409563668447079,0.09436714043828016,-0.16404553344783415,-0.011543440218375703,-1.1290113760625946,-0.06464596727741274,4.595739078731598
6.1850000000000005,0.2834978090305,2.721791227372,18.1,31.0,0.7229005098342896,1.0,4.800000190734863,20.29000091552734,0.8772516250610352,190.2931976318359,129.0,102.75,4.78,82098.0,1049.0,61.06,47.59,26.67,1144.0,402.7768238237748,5.1464455673845855,203.83,80.46,75.07,26.67,13.502993313811004,1.3571426592267275,41.38,826658.0,19.61414974691788,40.554352669645,39.83149758343712,37647.0,31064.0,14954.0,10.01000072751194,7.077667062460118,7.077667062460118,0.8315029869915178,92.59,0.2957007142278078,-0.05273602411617547,-0.07036814389936952,0.459389468837923,-0.2366368296989988,0.6584327009779163,0.10310019364810863,0.2294469267630956,0.07480710025932664,0.6615465728442844,-1.1208747725648676,-0.1013147079988675,0.013977975748004043,-0.18845082722363685,0.05845749908479991,0.04262130358919144,-0.001619937237674951,0.046444126681461285,-0.0436305410673539,0.07677409369117676,-0.04137289730644822,0.0379869152614681,0.019015490052563238,-0.006883858811999155,0.04282805417801294,-0.0312045829994743,-0.14914964691592428,-0.05115667670247178,-0.06585350753353392,0.34146744739844453,-0.21716683922426958,0.05110766101793829,-0.04426710475796417,-0.20405977020386457,0.1575922255710782,-0.038952347432840116,-0.2461463523568147,0.03599436059210126,-0.06064277002468258,0.5634190579928321,-0.034543805727924516,4.595739078731597
7.105,0.1117993812063,1.349241221433,19.3,7.0,0.5908805727958679,0.8486366271972656,1.899999976158142,22.18000030517578,0.7289093136787415,158.2906188964844,116.0,41.8,0.9984,37631.0,382.0,12.2266,9.8512,4.991,6472.866666666667,481.9852705731668,4.89273134806276,78.075,30.563,28.728,4.991,21.398798506227283,0.8755846807233554,35.03,369846.0,16.504901960784316,31.65686274509804,51.83823529411765,26213.0,35691.1,13158.53,16.539135979595088,17.556710821702243,17.556710821702243,1.1884593356762363,77.55,-0.6563396000676077,-0.10881771933531469,-0.030814149682091396,-0.18342864547684434,0.004737204087845855,0.1777559563213594,0.06859983094998937,0.06944231276364186,0.09961525326715966,0.39386930059088904,-0.5856047296937947,-0.13033811720516253,-0.19738905970693763,-0.054330915664027785,-0.0837194493467162,0.11738803656567048,-0.10991721487091559,-0.18620442238589505,-0.1937201935041435,-0.5943491377225354,0.037598036786216815,0.05244580591255169,-0.02969355457212483,-0.07021878643286968,-0.01364428999765222,-0.09439154984418964,-0.06520393539692333,0.04917224561460223,-0.12750347046640081,-0.25651940972181725,-0.18841613003962124,-0.5550552312162039,-0.18611464398206448,-0.4888367607021768,0.11805505477351634,-0.13813363480351598,-0.15057496254008096,-0.22223066361410462,-0.2009703522566366,0.226643654098973,0.06858520785747128,4.595739078731598
6.745,0.165993909789,1.364430915429,18.0,4.0,0.5297542214393616,0.7643019556999207,2.700000047683716,25.06999969482422,0.6614415645599365,288.1651306152344,129.0,92.75,1.5386300675675677,45158.0,696.0,33.0483,14.6795,31.74,196.0,387.35632183908046,5.970149253731344,116.58,42.49,20.02,31.74,25.258358901966528,0.555059543918919,52.85,465622.0,12.3,44.1,43.6,67794.0,41956.5,22104.5,40.84636824324324,17.791976351351355,17.791976351351355,0.9989242570341496,59.34,0.24248875031664974,-0.03285643517703326,-0.12034246557433266,0.5395058201168422,-0.22723292860196473,0.24543480663345238,0.05552297957603273,0.24292103334868406,0.23410160788651133,0.3199076882236919,0.16437093075221879,-0.21791854393478935,-0.023041285967667375,-0.0710568777995837,-0.04796012874002875,0.10695821003625061,-0.021957344643366405,-0.2265595798192811,-0.3870736179189171,0.19745693628075175,-0.06406615595732224,0.06693815102034832,0.009122377160992512,-0.03828445408599309,-0.4360318891446225,-0.3701216042883102,-0.012002285024912629,0.13883717019332178,-0.13835378108439256,-0.04286821361900561,-0.0616253348782928,-0.03358603892398534,-0.002521688228360519,-0.13247828095372186,-0.7573702287319489,-0.09766448049246679,-0.020975680787819345,-0.21750301503417446,-0.06656340396356202,-0.028195353105526122,0.019432129753788052,4.595739078731597
7.13,0.06015805778879,0.6011054421239,19.4,17.0,0.2714352309703827,0.3411122262477875,1.0,27.72999954223633,0.3228897750377655,232.0772094726563,132.0273895263672,90.0226,0.7435,42621.0,380.0,29.4862,26.9367,6.0698,1695.8666666666666,337.6107982224757,3.0100678849520373,126.243,48.203,43.513,6.0698,23.893469695255813,0.8922933064271592,52.67,391262.0,5.5,42.2,52.3,87708.0,38644.0,23300.0,29.21013066820637,20.030529177502824,20.030529177502824,4.456108026187788,110.8,-0.6249774283799894,-0.4107893094213027,-0.1735457793908033,-0.09899320531064842,0.024594101706417792,-0.09619558185480359,-0.1017035489190682,-0.12944815432097145,-0.12650158772612893,-0.11746642030865569,-0.43243566201012484,-0.03602118924642082,-0.006261574237399872,-0.0049293565502051785,-0.00856297298549851,0.007195032937943616,0.020224396261040195,-0.04750425864343833,-0.10621763056388027,0.01381356029427236,-0.15242952068546964,0.0033967808829524423,0.022633639554277257,-0.0018819807022355355,-0.048573652247304026,-0.13956045788498533,0.00951814136625921,-0.04168353933206656,0.023058283246857176,-0.015496171073826741,0.0017942670319623655,-0.05742371758558109,-0.03618538616058522,-0.1069619907297823,-0.0590882673104047,0.00211145661154744,-0.023329664261040495,-0.17054236734584802,-0.1758044679666374,-0.8998360039287813,-0.18642597638989478,4.595739078731597
7.12,0.1467348950418,1.467844401516,18.2,18.0,0.6687385439872742,0.8945724964141846,2.299999952316284,26.07999992370605,0.7656580209732056,249.9428100585938,131.9918212890625,94.5485,2.1563,46537.0,680.0,35.5076,21.2759,9.55653,702.0666666666667,383.5888559182328,5.60501153972964,121.32,51.283,28.768,9.556533333333334,22.96171465687948,0.7568755271663641,40.05,477450.0,5.7139813203593866,53.40210944990944,40.88390922973117,54771.0,36208.0,22771.0,14.874310622850874,16.990620933097066,16.990620933097066,2.7751741163370838,74.2,-2.179205119915119,0.0442993637223138,-0.15268183446491848,0.5555978362782091,0.2634820716098593,0.7149276080116858,0.2646941766914682,0.2795574041147667,-0.019424456964436176,1.097773543649066,0.021060660733433156,0.0877961896849316,0.031505270846587906,0.13834608483042313,0.029853278730098243,0.16628805334747288,0.0471596246439688,0.09499061341058264,-0.004562008933045462,0.17530908072067622,0.061005708126004775,0.27877557517960266,0.050540155200880656,0.06722395287669032,0.02150375459100092,-0.04782159171593159,0.07764889435144344,0.07388970905180552,0.13304335597943295,0.23225098895886895,0.3143680845912617,0.5062157349859939,1.0029430536779846,0.31722488838741186,0.5140101112997933,0.3420585729816799,0.15323435504455127,0.11782648935209634,0.05916810412484186,-0.18249819208727383,0.18885777651169697,4.595739078731596
7.35,0.0943848871141,1.053129111878,19.1,15.0,0.3182654678821564,0.497094988822937,0.699999988079071,30.11000061035156,0.4476760029792786,275.0,128.1002197265625,69.4828,1.3569,21994.0,591.6353864032538,9.1363,9.5518,2.36,1603.85,381.11245884595394,10.251869457689375,57.71,25.24,23.82,2.36,23.245438704361963,0.4724934230642314,61.4,189959.29356481816,5.960707881876988,46.25281304491967,47.78647907320334,66835.0,38481.79,24326.61,8.747788017238738,6.746846249557248,6.746846249557248,4.849428335338578,73.3,-0.8190172082859171,-0.2430952334995088,-0.0684560524567525,-0.01965617537196632,0.04578559486383266,-0.07894150205796333,-0.07922304722873691,-0.11470230657966317,-0.08464414443585098,-0.17444708971577386,0.016350817403376256,-0.11170579141173326,-0.02702235084751244,-0.002462953087230287,-0.14467239600985823,0.07702907063133643,-0.11914202392857604,-0.12246163425273186,-0.12891880407152098,3.268864374079047e-05,-0.05479072900031845,-0.13995304221335794,-0.07336015180119587,-0.025423145784770562,-0.0643829597054602,-0.24920198200069385,-0.08445886355352865,-0.0242360490175554,-0.03238415729749818,-0.04728025004261736,0.0318313535638181,-0.13340704595596348,-0.006495648158194057,-0.0324335392344839,-0.10611541037076098,-0.08098011914716395,-0.25655902279465326,0.02123239552911814,0.008558671803240476,-1.0456651134204735,0.01786637551742107,4.595739078731598
6.34,0.1375358478178,1.206564715757,19.6,4.0,0.5365254282951355,0.7443121671676636,1.700000047683716,26.22999954223633,0.6454497575759888,218.3512725830078,128.90185546875,97.153246,1.5051,22704.0,603.4405868680999,11.4219,8.4222,5.82,881.58,371.52675503190966,9.874661869875633,61.11,25.96,23.28,5.82,24.614949908569734,0.4775021872663257,65.5,193424.9506420834,3.786310606464182,52.02179642033601,44.19187938339238,90072.0,39502.4,26966.29,10.53622467854088,6.818367587891776,6.818367587891776,8.389512313189808,82.8,0.5335582223317357,-0.09964787905026308,-0.038070663492066455,-0.37204045873729547,-0.038812859173900566,0.05609615762582822,0.1939534896216185,0.21004462508215205,0.06406781963148694,0.4113675557341767,-0.7049885261953324,-0.031103974043717324,0.09992513052116987,0.035328318424924315,-0.2206601613501944,0.07940187842962947,0.001677927257620504,-0.08487648467870211,-0.22697589914782565,0.13793165878594418,-0.08222170960056495,0.051393510924494866,-0.04116466939641276,-0.002316856874300536,-0.0442784389760113,-0.1821419533786992,0.08488416729903403,0.010503916659206627,-0.020359571521962928,-0.19302742153394492,0.01263187213947011,0.12811442715775967,-0.0021397695840749964,0.08639661125799596,-0.3744084642976831,0.06091432546517964,-0.06359357470934766,-9.943876449251358e-05,0.042704856589247164,-2.1950767745038293,-0.04545495778810524,4.595739078731597
6.41,0.08634544989243,0.9901605200162,18.6,18.0,0.5740424394607544,0.876735508441925,1.600000023841858,26.56999969482422,0.751388430595398,289.1892700195313,131.0277252197266,102.81,1.7645,47925.0,843.0,43.5255,20.1416,18.38,35348.0,294.8686396357596,5.186734756660309,162.53,65.61,36.45,18.38,34.437046921982514,1.6325084864460302,44.34,791032.0,14.2,49.0,36.8,60352.0,33354.0,19580.0,15.09150601532647,12.226414519989854,12.226414519989854,1.982933986704912,73.72,1.1844537356724174,-1.082674187777937,-0.02778949508509219,0.6549195193043974,0.45787985024880684,0.6360759961427086,0.7797757934797462,0.30133920266318825,0.1803600936019336,1.5273146207026398,0.7335669356520161,0.19210277176507365,-0.02591407204401197,0.11207393597739936,-0.0323769994280545,0.06334949364713434,0.051255394008762147,-0.028483558687023864,0.06379581298680548,-2.254353800897102,-0.2978221360796631,0.19865007121768039,0.03948985558814474,0.05923302949442455,0.021649198853106233,0.22927141498950518,0.05044375426600115,-0.19890880739222852,0.023237844725367218,0.26635759742650583,0.06875351076793633,0.12190377629906428,0.21221993863126717,0.0686424218389331,0.20668636045294442,0.1357386861120874,0.10657391129091132,0.09264024839699458,0.20286611257019552,0.2781695330435809,0.0853916600097595,4.595739078731597
6.3,0.06546488257556,0.5245143915534,28.8,115.2,0.4257345795631409,0.0,2.0,33.77999877929688,0.0467522889375686,270.0374450683594,130.0,60.6455,0.7705,18738.0,201.0,20.6519,13.225,6.148,775.0,236.6058463286824,2.5380390176147487,79.195,32.652,23.515,6.148,12.782698470895246,0.7724210753786316,47.21,209885.0,11.2,48.7,31.3,49780.0,37342.0,15884.0,8.251880779338212,6.642425473153561,6.642425473153561,0.2421040892193308,53.7,0.3358607360574459,-0.5941385704581331,-0.2748864848731588,-0.4111642887936315,-0.14696082908951782,-0.14905066020145766,-0.28336865761960284,0.0909231641297276,-0.14682229444104314,-0.4738766670023257,0.051018219009517064,-0.008225734728301718,-0.06350948837627149,-0.09442206127779611,-0.2004478465505465,0.05350504031032271,-0.09289030922621798,-0.05038244906729473,-0.06565582962962878,0.07851809647798678,-0.2412314054541429,0.049651961026427764,-0.04872629198122592,-0.005947209901921556,-0.15070472287422002,-0.009451307890350147,-0.1336698660903118,-0.001535475582620895,0.05750039061160028,-0.2536373043421823,0.055406379138472316,0.025696879488659497,-0.09001940111961147,-0.022807387895508124,-0.1798457797287619,-0.06500986209258756,-0.23883998857616495,0.02972618205514029,0.054288308716576646,0.1816069489699003,-0.11998043661108998,4.595739078731597
6.525,0.1198617483758,1.10340131925,28.6,210.4,0.4101231396198273,0.0063340114429593,1.5,32.63999938964844,0.0291978325694799,255.9736328125,128.0220336914063,142.4267,0.98,46210.0,1116.0,70.9324,18.6665,13.388,492.0,207.0155004031897,4.999552011468507,223.22,96.741,33.206,13.388,36.02947095994996,1.9691703020360272,44.56,503654.0,12.3,40.9,46.8,38937.0,39286.0,17168.0,21.03691766650654,16.933855628952,16.933855628952,0.4061223048327138,136.9,0.39417219299521183,-0.13504530159798656,-0.06972313175903548,-0.6986144869872156,-0.23210707033533842,-0.28192888836934243,-0.3568522867114318,-0.03868589477900445,-0.243379450579459,-0.5842757150880217,0.049554654536282904,-0.10235782569698287,0.10569771777757696,-0.05423777224434748,-0.011532808846963486,0.021512724262744514,-0.000640994479444971,-0.06262219318381744,0.0509938449906537,0.15098316055235833,-0.18005935237267456,0.1505998706576343,0.016010273318531748,0.021839447393362372,-0.028645362780366557,0.06081988868829119,0.059031174968561306,-0.22800098464442806,-0.03279358449206399,0.08907117283556816,0.08483984325764131,-0.013781769059402751,-0.024367263685711182,-0.0029807505079137617,-0.22924071317207959,-0.05755141025124835,0.13223526704226954,-0.05620960749182035,-0.028345759091250273,0.28766980779256685,-0.6717153166016608,4.595739078731598
6.015000000000001,0.166620465519,1.78404328372,27.9,376.9,0.2440312653779984,0.1749793887138367,1.5,34.84000015258789,0.1899835020303726,263.8450012207031,132.0,156.23,1.87,97710.0,1060.5399999999972,71.1,36.2,12.67,445.0,463.12446677410185,5.026732391695883,210.98,98.81,63.08,12.67,11.72546549939368,1.018542407714805,36.2,633849.0,18.656421702718102,40.1694307582096,41.1741475390723,29464.0,31269.0,14895.0,17.562286116352706,10.924959818723158,10.924959818723158,0.0678323806069195,98.99,1.3716852969550513,0.3847668356737528,0.28059218596192864,-0.598328671508555,-0.22490627884075473,0.230709586224365,-0.13333915627721998,0.050196988754521055,-0.268420020134073,-0.3851227204933803,0.7032265258091938,0.1204578571468715,0.277188845391582,0.09257402522324219,0.059271727070945635,0.20562300917346976,0.013002967243870955,0.16806029887346885,0.19247534172446065,0.1517756853432707,0.026403698292261895,0.25169477321708045,0.039872151068941965,-0.0039510345378663825,0.13452455427897655,0.1700738705220947,-0.027766468754355067,0.029619556056018143,-0.0958872475763763,0.27920094956784447,0.06499515569001708,0.12600830497323953,0.16881008658391497,-0.07740657443540344,0.09761807363280646,-0.06017752605779492,0.15297052828292287,0.10305713245162641,0.08975301154261577,0.8588949769766714,-0.11888254131530514,4.595739078731597
6.25,0.173983982049,2.03767651465,27.6,218.7,0.4115930199623108,0.2535823285579681,1.399999976158142,32.68000030517578,0.2528658509254456,267.5724487304688,131.7989349365234,94.75,0.975,80886.0,573.0,36.035,30.6179,13.697,2339.8,503.33227546810537,3.5656280919222656,160.701,59.489,57.403,13.697,44.04493523854282,0.7705005543685988,37.51,683165.0,24.81513784080998,29.71825110917296,45.46661105001707,37563.0,37438.88,16936.21,15.717915646179634,15.449625511761106,15.449625511761106,1.4422353381379165,70.17,0.8106052112961621,0.025997736374379243,0.004633064304637354,-0.4852545827373009,-0.12291295329910862,-0.32870009244705617,-0.09277405949340889,-0.01251329007010967,-0.16714060703276154,-0.38246187344198096,0.22847738882114846,-0.013506181701828823,-0.06420049084444295,-0.024966594972721506,0.035494120191475464,0.07513243521062551,0.04219001220590938,0.028719406772965233,0.031301828698279445,-0.006659493086107064,0.03544637349119504,0.251044633384291,0.04885795727598502,0.01643568280199677,0.056210931646769935,0.029756518854546443,0.2240978933441807,0.023415848368369685,0.02083204828381376,0.176863101601376,-0.11921901818652116,-0.28629735497674863,0.047058538102300373,-0.013583956093877395,0.14577168656085737,0.00799452350795049,0.06551315373895567,0.022182726714797634,0.048876780795360196,0.06831371089504697,0.17031816270234748,4.595739078731597
6.695,0.1274662076636,0.9835741501016,28.0,453.1,0.3051283657550812,0.2235206067562103,2.299999952316284,34.84999847412109,0.2128068059682846,332.4620361328125,129.8257904052734,121.17,1.24,111887.0,1972.8,69.36,49.35,35.98,2447.2,484.1916219491085,8.537303098494027,231.08,91.11,77.42,35.98,15.308206323678789,1.4921568515595265,37.51,1010017.0,18.514367546917764,44.48838459533429,36.99724785774794,40876.0,30965.0,14316.0,9.36200276864403,7.781782798224389,7.781782798224389,1.0236131895309892,95.51,0.0793612475682452,-0.09143001734340188,-0.06465381652193909,-0.5789780020739599,-0.543939094223758,-0.12980750113375383,-0.3438684880917518,0.2222173739555766,-0.34995675289828226,-0.31599407934918683,-0.04720476485230265,0.04495397069412793,0.09417629660648806,-0.016109687756887,0.23456998339692225,-0.11978421856066011,0.033223246504412864,0.1486248823722422,-0.055273105396415424,-0.007089449519826836,0.0587946725802862,-0.03736325227690209,0.008146456672044722,0.002454284561223319,0.16098777036692316,-0.004319884840030967,-0.043098324389699426,-0.11693797688295138,-0.07067518691067944,-0.12428612314907465,-0.23871649230586245,0.14908452333956573,0.04440989659684883,-0.022230228463695434,-0.12688452711436973,-0.04985216472142728,-0.17070982410118232,0.029300696037871277,0.011676342651387636,0.20955049062880202,-0.003974073828507008,4.595739078731596
6.805,0.1268252958939,1.320664001366,27.3,172.8,0.4161115288734436,0.2807495594024658,0.800000011920929,35.4900016784668,0.2745996415615082,284.4898376464844,130.9375762939453,46.39,1.9696,37903.0,493.0,18.997,12.4084,9.119,1097.6666666666667,438.5652299681805,5.704367949088805,86.425,31.048,20.027,9.119,23.6873667742644,0.5198347645921357,40.86,412043.0,11.40105756416319,43.837324276686296,44.76161815915051,46146.0,36086.43,16572.17,12.426995927713286,10.42342201495799,10.42342201495799,1.8765437977532649,50.36,0.02815426871836853,-0.10156539738228099,-0.11375589055404343,-0.4802994488579621,-0.16428775338369625,-0.3602659637459013,-0.25217003260291077,-0.2633821422070881,-0.2737806288662265,-0.33222117559148756,0.06014787519056362,0.0012857204564604892,-0.09833078569885147,0.01978730703079094,-0.023013583184172442,0.10975252254566414,0.005645914590044228,-0.02217632211589062,0.02784846956558072,0.07997400180794738,-0.00591508577226905,0.10151122240880232,0.002397108991740301,-0.014303038891174144,-0.07276085799047573,0.0716651314187212,0.056345531851972296,0.018362149857183912,-0.07921619314716134,-0.0016221619255584,0.1021698160116286,0.06978006907355559,-0.025200454010442852,-0.06063560949503838,0.06253960456360236,-0.07419037557372715,-0.10644559446865108,0.07511900281911023,0.12572971049102832,0.04703415140985545,-0.0378374406169269,4.595739078731597
6.83,0.2154186366291,2.091032440366,27.8,233.8,0.2987442910671234,0.2722972631454468,4.400000095367432,30.80999946594238,0.2678378224372864,255.4473724365234,130.0,107.34,6.28,66001.9,1675.31,49.3,18.28,27.37,612.65,435.2825957923893,11.048671107300668,151.63,65.22,31.43,27.37,10.04493389674318,0.8095851014325984,41.74,774172.0,21.96364940618549,42.590832655196046,35.44551793861847,49137.0,30324.0,14574.0,6.059303494414041,4.22208657852724,4.22208657852724,0.6829462442173873,55.57,0.06250356113663331,0.13862022472558289,0.059300179638408966,-0.337311790905285,-0.1305663331404994,-0.10506847470411812,-0.2113081333026771,0.2743037690255276,-0.21142483826890932,-0.36353447999696004,0.21512476683918677,0.01109934384432452,0.016639638967309023,-0.21886946860285486,0.03696875286008022,-0.0670160173841648,0.04605851179012521,-0.05302294164418762,-0.1955513043793264,0.1452254649840271,-0.006819650620735714,-0.2742703338392732,0.013014371023916393,0.023650970363167784,-0.05404584890947278,0.010244811511313567,-0.10758111459668628,0.007363718274727778,-0.019811994547095185,0.1280998894045522,-0.21789551147761002,0.02558898909425633,-0.22112727041478467,-0.00013864102164266404,0.049089173009479736,-0.08766882080362544,-0.16910984326813128,0.006164176917957638,-0.07788340794359143,0.1965440853943673,0.021789776325803995,4.595739078731597
6.835,0.2152928664995,2.151346883201,27.7,421.2,0.4462528824806213,0.1177685037255287,2.099999904632568,31.95000076293945,0.1442147940397263,269.1738586425781,129.0,113.44,6.47,113005.25,3048.97,56.37,31.11,33.02,4048.8,632.6927383685123,17.070544762331334,178.61,74.6,52.48,33.02,11.832260392384752,1.0136065476243834,41.19,962714.0,23.22925734100645,37.059541398199215,39.71120126079434,40450.0,30441.0,14677.0,7.420621787035737,5.286083690348805,5.286083690348805,0.6079000575173069,68.94,-0.054600913550047016,0.04438415218589794,-0.00874764762690842,-0.3290755512056522,-0.2780163263267395,-0.054344574508817224,-0.23099761152495954,0.2544766535520743,-0.09485742858329792,-0.45938820272596814,-0.03422072639540458,-0.11103176539205369,0.019392783461314362,-0.09268944813144674,0.025081806413260882,-0.4315922339531406,-0.0011631537435510726,0.035898928778700795,-0.011124197994206072,-0.17666664140055036,-0.027573679738855456,-0.8252020646000773,0.023154454660385237,0.018190645613035128,0.0409438403259896,-0.04327673929009823,-0.18868315284042061,-0.012067542593532377,-0.028748706796899854,-0.0788659548483863,-0.34626309142336115,-0.05134245162119955,0.08263110601816638,-0.06330083711355745,-0.08970155740151088,-0.029535588812881024,-0.14198799296387468,-0.07390886574964461,-0.05476454927073906,0.16092167355550166,0.14684402212465128,4.595739078731596
7.1850000000000005,0.05666443727865,0.5661172965498,26.7,136.1,0.5981320142745972,0.1207273975014687,1.100000023841858,29.19000053405762,0.1465819180011749,233.8560638427734,119.8350448608398,49.1485,0.47,15878.0,356.18,8.5477,7.134794327171835,0.953,926.17,282.58702925891646,6.339075959279561,56.188,19.8872,18.41727,0.953,16.5223150965168,0.404246719542003,47.87,256107.0,6.0117218158366414,18.174131902767638,75.81414628139571,45012.0,32296.0,14288.0,6.990829016588316,9.211165561563142,9.211165561563142,1.5733199943233478,43.22460681495,-0.33786883659525596,-0.24873374323454087,-0.07413837671744115,-0.29460362211555086,-0.04377740619919627,0.01204940051938735,-0.1778798901385772,-0.11202597413992198,-0.09710927992522113,-0.3829184736537899,-0.26901977771232527,-0.1185817557606992,-0.04120416586570925,-0.07648920018859365,-0.13002825343257798,-0.002541831011765098,-0.03329076857708555,-0.21779370088724617,-0.10655631712609642,0.022182657464740668,-0.054379935565912814,0.0073062346668699265,-0.03462434325246629,-0.016910621262594964,-0.06670095691417292,-0.1117373026528497,-0.026042784351059296,-0.027618105114322198,-0.004140632449111187,-0.05956475727882393,-0.057820767305039045,-0.3990614823548544,-0.38464004960887266,-0.08202632608284392,-0.14233110088494902,-0.06886749912312476,-0.22155720516726385,0.025200108228157898,0.039189515172271545,-0.09602852108582488,-0.08105679429875494,4.595739078731598
6.984999999999999,0.2165105769995,2.120223873569,25.8,149.9,0.3598625957965851,0.3565589487552643,1.899999976158142,33.97000122070312,0.3352471590042114,260.8031616210938,134.8762664794922,156.26,3.7,71109.0,604.0,25.5392,19.687,6.87,4046.0666666666666,639.9701205079514,5.435907589570977,111.113,48.363,43.95,6.87,30.453854606755456,0.8473062281162614,50.12,299186.0,8.188156481532047,41.53969380882165,50.2721497096463,56528.0,34807.04,22100.67,29.449202691670408,16.989687864542002,16.989687864542002,4.19935794066213,97.31,-0.593499785914382,0.28399283217122595,0.009875028139131556,-0.11991391076721643,-0.037997110297598224,-0.2086153898652184,-0.08896789684806132,0.15303871174045294,-0.060026457173717296,-0.2601431967940093,0.28695263805162385,-0.1579026681058473,-0.021028005437128183,0.15352852751430449,0.06409861826098125,0.0671038327901799,0.010489262082661932,-0.020543480928255975,-0.08481144983238416,-0.07637499674814545,0.0547591629986244,0.10288338444641687,0.023870786444015062,0.03532911121464064,-0.01746053201028569,-0.08637715067791886,0.013021135751533705,0.012590864210564434,0.009304125098269148,0.06238232250701605,0.09260580450940459,-0.08150135583058415,-0.028800109298222798,-0.039944257614566124,-0.18940718972441598,-0.12198919452683883,0.300729934600303,0.00994674202044965,-0.076613122254739,-0.7152584982328211,0.021514217888235765,4.595739078731596
6.815,0.1722557157185,1.662176009124,27.8,233.8,0.3344251811504364,0.4704570770263672,1.600000023841858,31.17000007629395,0.4263656735420227,243.0920715332031,129.7129364013672,107.34,6.28,66001.9,1675.31,49.3,18.28,27.37,612.65,435.2825957923893,11.048671107300668,151.63,65.22,31.43,27.37,10.04493389674318,0.8095851014325984,41.74,774172.0,21.96364940618549,42.590832655196046,35.44551793861847,49137.0,30324.0,14574.0,6.059303494414041,4.22208657852724,4.22208657852724,0.6829462442173873,55.57,-0.025360095883291318,0.06776609671551796,-0.09392274546454034,-0.4006944892655393,-0.18852262008753537,-0.11585595950895698,-0.2673056519412547,0.05546170623073741,-0.23893239425735002,-0.21275716794006658,0.08051971778897561,0.028551219304050374,0.002811347805048122,-0.14675118020232517,0.0026991129221489905,-0.10133936851735409,0.007955949842861576,-0.06341412517501717,-0.09271619406902888,0.0998322584993964,-0.014597334510553636,-0.23531431653969617,0.020786136880056705,0.01400182612786107,-0.04052437898122344,0.0310779795940679,-0.11274375385770254,0.0325395592065826,0.005599928437848141,0.12830482761254686,-0.2935489317427526,0.059576271510473434,-0.04433816429745011,-0.025664871614730023,0.07554157575559962,-0.06429653029055397,-0.2644263941549074,-0.029352319806381515,-0.06475916525771482,0.22291575109239825,0.09860660289514217,4.595739078731597
6.485,0.07505783322448,0.7726308297319,27.3,533.4,0.5887801647186279,0.7191327214241028,2.099999904632568,33.04000091552734,0.6253061890602112,255.7650146484375,133.0,69.61883,3.1667,31295.0,362.9812608948286,7.9764,10.4369,25.54,1008.69,431.0012394986916,4.999053310767506,72.61,11.98,17.16,25.54,29.247120158096035,0.4441104259190304,62.5,205105.42621421916,6.613355601948504,25.327743910925538,68.05890048712597,63992.0,36649.66,25491.99,8.611711314748359,6.341558665661586,6.341558665661586,2.4926882667224866,70.9,0.8838101691800144,-0.6407700987144579,-0.05063821678263952,-0.3636458151264988,-0.1650051635970838,0.3085161481848343,0.4801593119158622,0.3641707539212778,0.20295297813874316,0.9188800351523289,0.4305727035840288,0.07718592685426195,0.0934168385009495,0.40609934049366236,-0.03105335306684104,0.08581827303080329,-0.08254552876153091,-0.09342465227270337,0.5528146947190816,0.09124418875625656,0.03697054965562774,0.12788003277200102,0.03712600947130592,-0.11539048356973247,0.020287093286422753,0.5020749866685382,0.3143742891847887,0.028780765946062603,0.22701779220622711,-0.15794822407637385,0.6890818149716464,0.5251750154328355,-0.09692714453991609,0.19166598258829595,0.09159544834985163,0.5514513234614329,-0.09066161234312675,0.1709609023290782,0.31777540185285874,-0.18516722302761388,0.2544778405034966,4.595739078731597
6.365,0.1147868051168,1.183626584146,4.3,26.0,0.1972007304430008,0.290416955947876,0.5,6.380000114440918,0.2823335528373718,270.0374450683594,130.0,60.6455,0.7705,18738.0,201.0,20.6519,13.225,6.148,775.0,236.6058463286824,2.5380390176147487,79.195,32.652,23.515,6.148,12.782698470895246,0.7724210753786316,47.21,209885.0,11.2,48.7,31.3,49780.0,37342.0,15884.0,8.251880779338212,6.642425473153561,6.642425473153561,0.2421040892193308,53.7,0.5396367146337696,-0.19046967353451583,-0.12445979215193166,0.22823925682145563,0.020597915813214296,-0.16379735854165403,-0.16167168502363619,-0.08404332475966414,-0.5553327175524485,-0.4207696253619562,0.1773157433856206,0.04125519491125094,-0.12353668165021046,0.03970987702733877,-0.35467072717346326,0.0020955682941355227,0.029224910628035578,-0.06686352294688358,-0.07750840946991157,0.12455334071120339,-0.5090818045877903,0.08415818038425575,-0.038743457937978044,-0.06850066371567647,-0.14709468098667028,-0.061981092300842755,-0.2136776883743087,0.026869638240806976,0.0024947225258985517,-0.277851663672906,0.1813259399603738,0.12943322274073288,-0.0393829007864356,-0.04434997649639364,-0.14665290162947073,-0.08955424338252736,-0.3317946642915608,0.07006552617722318,0.15376220644071684,0.28790507123145365,-0.030734115639318032,4.595739078731598
6.425,0.1813929308748,1.649603096967,3.9,17.0,0.1429540812969208,0.2226490825414658,0.4000000059604645,7.519999980926514,0.2120927721261978,255.9736328125,128.0220336914063,142.4267,0.98,46210.0,1116.0,70.9324,18.6665,13.388,492.0,207.0155004031897,4.999552011468507,223.22,96.741,33.206,13.388,36.02947095994996,1.9691703020360272,44.56,503654.0,12.3,40.9,46.8,38937.0,39286.0,17168.0,21.03691766650654,16.933855628952,16.933855628952,0.4061223048327138,136.9,0.9490634492622704,0.3003976889896251,-0.011222396481654795,0.32509039866445305,0.2706251962762726,-1.4642791401996673,-0.21654185659086414,0.1102156508723262,0.020482656017605367,-0.4966125900119645,0.34981130388828124,-0.10809455890055612,0.15834426096020768,0.015124165018130686,-0.01755176955224752,0.05302970928194415,0.1508447147857087,0.06786761502649585,0.06615552562292733,0.3214120319442962,-0.04738871034922926,0.28512145664562344,0.022814145260952212,0.09204507999336697,-0.0027871900427322385,0.045429670209450455,0.2980961586706982,-0.17222312813374038,0.02417944876559519,0.1610489022484494,0.1835417844176593,-0.029010706758055615,-0.01384923536061546,0.03237335229301543,-0.1341684578967857,0.03288320608670423,0.28808683955545406,-0.006092037404629731,-0.028699686831169136,0.3520317435871094,-0.3720543665605702,4.595739078731596
5.765000000000001,0.2130431102024,2.310097577704,4.0,30.0,0.281296968460083,0.2954275012016296,0.4000000059604645,7.71999979019165,0.2863419950008392,263.8450012207031,132.0,156.23,1.87,97710.0,1060.5399999999972,71.1,36.2,12.67,445.0,463.12446677410185,5.026732391695883,210.98,98.81,63.08,12.67,11.72546549939368,1.018542407714805,36.2,633849.0,18.656421702718102,40.1694307582096,41.1741475390723,29464.0,31269.0,14895.0,17.562286116352706,10.924959818723158,10.924959818723158,0.0678323806069195,98.99,0.8171724050414645,0.11867429947171144,-0.04016080189378812,0.27621589373946126,-0.2777939134753654,-0.17422150418701002,-0.2854317402991073,-0.2168562396781495,-0.16108098866450085,-0.533929777119154,0.5739982370028297,0.009295614844944159,0.09275342669909332,0.039563806703692306,0.026991650775461506,0.018167540550200496,0.08198133005810593,0.07010146756438058,-0.05093879407298566,0.17137761756775238,-0.040014138959618396,0.13847131032653315,0.047336121714686596,-0.02844063978019155,0.05967561159816689,-0.017324971819959106,-0.21165367495967025,0.01122120984771365,-0.07104446050854614,0.19569869229103973,-0.1739920210710997,-0.026833426191513115,0.012944343048835738,-0.11493034437312884,-0.17172969631578636,-0.07825696859769245,0.06466831095485877,0.11628082662546468,0.0472398719594647,0.5417050621905753,-0.07101398004926844,4.595739078731597
6.415,0.1007544961211,1.136353011331,3.0,27.0,0.2895459234714508,0.3809801042079926,0.3499999940395355,8.6899995803833,0.3547840714454651,267.5724487304688,131.7989349365234,94.75,0.975,80886.0,573.0,36.035,30.6179,13.697,2339.8,503.33227546810537,3.5656280919222656,160.701,59.489,57.403,13.697,44.04493523854282,0.7705005543685988,37.51,683165.0,24.81513784080998,29.71825110917296,45.46661105001707,37563.0,37438.88,16936.21,15.717915646179634,15.449625511761106,15.449625511761106,1.4422353381379165,70.17,1.3162729971163099,-0.35198159815829816,0.04794840133414883,0.5560859537679149,0.2744423910612367,-0.0465301664334371,-0.05810525836420862,-0.4826230691288857,0.19746969397424574,-0.3647251434161913,0.40468449502972675,0.12333181406882147,0.001998673152509012,0.17390481015947293,0.1475586053689473,0.2596119985972671,0.046354875147666154,0.08573249539279311,0.12686962250716327,0.048028046819368043,0.1513503195986398,0.5059110246335815,0.0485183613366336,0.014831268572881195,0.11869399299675347,0.21839319541356308,0.490927090954661,0.11906391055906096,0.13252498737714044,0.172625354050056,-0.10833740160895182,-0.10656379761484014,0.17788595479481395,0.23103428615847946,0.1797981282503397,0.09258806266505248,0.054501294117820974,-0.028810549295507897,0.034941639336335574,0.24963053897251283,0.40689943349670316,4.595739078731598
6.885,0.1605434077526,1.438917600993,3.3,9.0,0.2447891235351562,0.3198673725128174,0.6000000238418579,8.010000228881836,0.3058938980102539,332.4620361328125,129.8257904052734,121.17,1.24,111887.0,1972.8,69.36,49.35,35.98,2447.2,484.1916219491085,8.537303098494027,231.08,91.11,77.42,35.98,15.308206323678789,1.4921568515595265,37.51,1010017.0,18.514367546917764,44.48838459533429,36.99724785774794,40876.0,30965.0,14316.0,9.36200276864403,7.781782798224389,7.781782798224389,1.0236131895309892,95.51,-0.1961450689188161,0.2813009496001179,0.023706186543983893,0.5202867465490799,0.3602566150496493,0.02546795851132248,-0.1270101174344295,-0.086363839006332,0.11306698995766529,-0.49893623586051233,0.4035563661256118,0.23018913740122118,0.0863762750259851,0.21617117332640043,0.2193048215697542,-0.21306632608113119,0.12272545385510791,0.31552903067654403,0.18927389901317423,0.08795765285509312,0.1376567470468415,-0.13889953911532452,-0.010771343220591515,0.08335728902797901,0.4123296005385025,-0.21350904413269955,0.07785094524053404,-0.016100715653261172,-0.070874234949391,-0.00747220587263886,-0.17369976652891814,0.15721730122239053,0.1508895615906601,0.1023636545565781,0.1740893186854061,-0.10194240650650248,-0.1445891870668481,0.1250517316741329,0.16890620087405453,0.6655159267305928,0.10539375547125703,4.595739078731597
6.744999999999999,0.190567550905,2.302765231833,4.4,15.0,0.3107393682003021,0.2610255777835846,0.300000011920929,10.78999996185303,0.2588204741477966,284.4898376464844,130.9375762939453,46.39,1.9696,37903.0,493.0,18.997,12.4084,9.119,1097.6666666666667,438.5652299681805,5.704367949088805,86.425,31.048,20.027,9.119,23.6873667742644,0.5198347645921357,40.86,412043.0,11.40105756416319,43.837324276686296,44.76161815915051,46146.0,36086.43,16572.17,12.426995927713286,10.42342201495799,10.42342201495799,1.8765437977532649,50.36,0.29141031010795054,0.24839015998520572,0.058696919368158094,0.40987720897654545,0.22396749772382488,-0.0953577056663147,-0.11662154678037177,-0.676333151261414,0.34925795740206117,-0.35577876335364317,0.22387554003564267,0.07865691460424747,0.1374671246356587,0.06499672671706225,0.02223948656236489,0.16157261263642655,-0.01645477233016235,-0.06083309051075266,0.13746685262136912,0.4293035886944632,0.24342340782060423,0.226975316096347,0.08308490319197108,0.1643322638096946,-0.11373270757548659,0.1628313717669296,0.2732788717287032,0.25372698806235155,-0.08721152083767958,0.22452723525979199,0.5543194699080933,0.4618106546685399,0.32637393410699383,0.03781790885234837,0.5767201865998385,-0.0982648590938,0.20226555088637385,0.1322600757616,0.1827602127799105,0.09785973378585584,-0.1074625228095853,4.595739078731598
7.035,0.1555494286073,1.451284014927,3.0,9.0,0.2613529860973358,0.3172178268432617,0.5,7.230000019073486,0.3037742674350739,255.4473724365234,130.0,107.34,6.28,66001.9,1675.31,49.3,18.28,27.37,612.65,435.2825957923893,11.048671107300668,151.63,65.22,31.43,27.37,10.04493389674318,0.8095851014325984,41.74,774172.0,21.96364940618549,42.590832655196046,35.44551793861847,49137.0,30324.0,14574.0,6.059303494414041,4.22208657852724,4.22208657852724,0.6829462442173873,55.57,-0.8703852913196234,-0.031436128183094214,-0.05056330886988991,-0.05889440255962249,0.04953042007008559,-0.18614180516792367,-0.14279928166655223,-0.1543076156279061,-0.4578745003328386,-0.3148768394027613,-0.00010263159581626786,0.01683882716331876,0.009299668813112524,-0.33574978023863516,-0.0004039877239115641,-0.06548646025575132,-0.014321651143620625,-0.04622787619360521,-0.05302050224765836,0.09575522016530046,0.017269368126636448,-0.20266655605929618,0.006213952346371972,-0.0008126725401240431,-0.07147240468818898,-0.04959143328155972,-0.09982529617126919,0.02147133382917436,-0.003244694335151297,0.0776239800252183,-0.2059635218272211,-0.061835837877591886,-0.060802208962430056,-0.06400990370536647,-0.16659569555912832,-0.13598960396671247,-0.2697817869082757,-0.011902887359668704,-0.0524637676698951,0.15711396579312895,-0.044166040341188616,4.595739078731597
7.05,0.1691529316109,1.614295478722,3.1,16.0,0.4082054197788239,0.5365220308303833,0.75,7.329999923706055,0.4792176187038422,269.1738586425781,129.0,113.44,6.47,113005.25,3048.97,56.37,31.11,33.02,4048.8,632.6927383685123,17.070544762331334,178.61,74.6,52.48,33.02,11.832260392384752,1.0136065476243834,41.19,962714.0,23.22925734100645,37.059541398199215,39.71120126079434,40450.0,30441.0,14677.0,7.420621787035737,5.286083690348805,5.286083690348805,0.6079000575173069,68.94,-0.777787354502934,-0.025137962694671532,-0.07023796444772804,0.023578681683130303,0.023614786340518595,-0.302465123240682,-0.18366995858543023,-0.11267089116242818,-0.3109929176759553,-0.3522334341883928,-0.022805373388320244,-0.05099949621103191,0.01766010255879522,-0.3359233011084144,0.03170964950665267,-0.23300196038531393,0.011688291909103398,-0.0038762767847432627,-0.03039241207388076,-0.1790740651313846,-0.029668285374183312,-0.5466785215928232,0.021128767797510495,-0.014690978470907057,0.020029328162097206,-0.06245426235367549,-0.15728466369549657,-0.008496054872852992,-0.0314242727183699,-0.011734901451241,-0.34403570357687735,-0.10357799692973298,-0.015603567070081292,-0.06868763383576575,-0.11866402641404168,-0.060470004105698215,-0.1267992200082396,0.0013053283715273405,-0.04097702868768246,0.13345605153866888,-0.033224425340971024,4.595739078731597
7.395,0.0643875669168,0.586354679176,3.0,24.0,0.1266993135213852,0.1343065798282623,0.25,8.890000343322754,0.1574452668428421,233.8560638427734,119.8350448608398,49.1485,0.47,15878.0,356.18,8.5477,7.134794327171835,0.953,926.17,282.58702925891646,6.339075959279561,56.188,19.8872,18.41727,0.953,16.5223150965168,0.404246719542003,47.87,256107.0,6.0117218158366414,18.174131902767638,75.81414628139571,45012.0,32296.0,14288.0,6.990829016588316,9.211165561563142,9.211165561563142,1.5733199943233478,43.22460681495,-0.4614251890446608,-0.2511079691949276,-0.08078448301395215,0.0010833621809593467,-0.006051945123198069,-0.6135708010280156,-0.18002642123908083,-0.43760928046838027,-0.01889311755238435,-0.1859772526432888,-0.24693062421590486,-0.03858760065928347,-0.026712792459217455,-0.04008749892282515,-0.16660994189710307,0.015025943435647782,-0.09032837147252364,-0.06426131709992255,-0.07102281540135248,0.01316949938496956,-0.1922883143370401,0.010292890288359858,-0.04440322794186661,-0.012087579106077842,-0.05067216588476655,-0.14502173568393578,-0.044263211394961616,-0.025993620716764143,0.01627910798362097,-0.13053323637656888,0.02844152883374443,-0.17987510933665837,-0.3481015890608061,-0.035263765602217785,-0.09875936954989646,-0.10106287557053706,-0.17500106360290904,0.04384487776318583,0.0018631969498159224,0.007942996657435973,-0.16832306115047957,4.595739078731596
7.24,0.2144586218815,2.681093961189,3.8,6.0,0.1706766188144684,0.2570461630821228,0.300000011920929,8.760000228881836,0.2556369304656982,260.8031616210938,134.8762664794922,156.26,3.7,71109.0,604.0,25.5392,19.687,6.87,4046.0666666666666,639.9701205079514,5.435907589570977,111.113,48.363,43.95,6.87,30.453854606755456,0.8473062281162614,50.12,299186.0,8.188156481532047,41.53969380882165,50.2721497096463,56528.0,34807.04,22100.67,29.449202691670408,16.989687864542002,16.989687864542002,4.19935794066213,97.31,-0.8918731781623706,0.13034909156951546,0.08670958600440219,0.10105306925969858,-0.02735472063937011,-0.2022858583517085,-0.09943137929901617,-0.36587045382237937,-0.04943798941311408,-0.2993597135811597,0.2269694595292022,-0.1428796145332243,-0.01961371659286319,-0.047121661287501726,0.0789934249664326,0.052221374364224915,0.00013983768243849837,-0.013630680083625002,-0.02675093988970036,-0.07035524620446976,0.06709626192625083,0.08398206160617112,0.0011209179365774073,0.009558686802855801,0.023060072645357754,-0.04908537566181354,-0.003995996292323519,-0.0014462650423554175,0.056123884558891286,0.04431792289701303,0.09186640172823458,-0.0036817155219967166,-0.06379647130637946,-0.076008328258566,-0.08290343538892923,-0.005465266468917114,0.11880819782778618,-0.038314698377032254,-0.03983693667924881,-0.9680072369535946,-0.07721580381932643,4.595739078731596
6.825,0.1765552201383,1.925569515421,3.0,9.0,0.3023658096790314,0.4583475291728973,0.6000000238418579,7.800000190734863,0.4166780114173889,243.0920715332031,129.7129364013672,107.34,6.28,66001.9,1675.31,49.3,18.28,27.37,612.65,435.2825957923893,11.048671107300668,151.63,65.22,31.43,27.37,10.04493389674318,0.8095851014325984,41.74,774172.0,21.96364940618549,42.590832655196046,35.44551793861847,49137.0,30324.0,14574.0,6.059303494414041,4.22208657852724,4.22208657852724,0.6829462442173873,55.57,-0.04632143644327282,0.073920018529209,0.013079746092010161,0.08299511694766572,0.06750009949557208,-0.1326714071612816,-0.250869831205933,-0.0825805317577508,-0.04630727903744488,-0.31371973602753117,-0.0356851804483837,0.020024780153606165,0.037935988614853554,-0.624790934942455,0.033161814774952204,-0.14202453396840886,0.01788793725065389,-0.08940828175948934,-0.05660071790839997,0.1337322894689842,-0.03094961823582291,-0.2933281883314092,0.014114378682681191,0.02322044808233688,-0.10326908725612104,-0.10387133723482221,-0.09680844184784994,0.049305074932837346,0.008915800950411704,0.15225370367475333,-0.34202484028180935,0.15079857853178694,-0.11351829447269642,-0.016663040098679045,0.1793613481039363,-0.12689604796654583,-0.3366317971284955,-0.05525215108662144,-0.016741588923911754,0.3075393522702408,0.05246416175254189,4.595739078731598
7.01,0.1636396561405,1.491558335471,2.7,4.0,0.2174653857946396,0.3065177798271179,0.300000011920929,6.590000152587891,0.2952142357826233,255.7650146484375,133.0,69.61883,3.1667,31295.0,362.9812608948286,7.9764,10.4369,25.54,1008.69,431.0012394986916,4.999053310767506,72.61,11.98,17.16,25.54,29.247120158096035,0.4441104259190304,62.5,205105.42621421916,6.613355601948504,25.327743910925538,68.05890048712597,63992.0,36649.66,25491.99,8.611711314748359,6.341558665661586,6.341558665661586,2.4926882667224866,70.9,-0.7439955917466955,-0.08188794217944467,-0.0636890847690779,-0.10406655463597418,-0.04627501338468166,-0.18793860216665,-0.16307320045783244,-0.5002942427278193,-0.34996675092894686,-0.2399571948615651,0.08134805485557196,-0.14594190278834507,-0.0210855132013832,-0.0006157468507113258,-0.08085442511201003,0.044432968265972574,-0.10708308834970981,-0.10625613212829049,0.08160374055816631,0.04120855902527015,-0.10423447051598707,0.024548050600713262,-0.034649686370247484,-0.06702107742871029,-0.0631559573579122,-0.0030347833058496456,0.02714732297704602,-0.0059306275034249996,-0.022535852704313408,-0.050797964179001544,0.08334042295538424,-0.26900238808831406,-0.21923201232994893,-0.0039892178448956055,-0.0059256329561715075,0.012853161742465166,-0.2650377851137695,0.030885894279476366,0.06950686306248963,-0.16019070653716125,0.062155904760809705,4.595739078731596
6.355,0.1134605722313,1.226288784831,20.0,15.0,0.5981937646865845,0.7840847373008728,1.5,25.61000061035156,0.6772677898406982,270.0374450683594,130.0,60.6455,0.7705,18738.0,201.0,20.6519,13.225,6.148,775.0,236.6058463286824,2.5380390176147487,79.195,32.652,23.515,6.148,12.782698470895246,0.7724210753786316,47.21,209885.0,11.2,48.7,31.3,49780.0,37342.0,15884.0,8.251880779338212,6.642425473153561,6.642425473153561,0.2421040892193308,53.7,0.6799591573949786,-0.4306860227555389,-0.13844346573418545,-0.6292893037171292,0.31190696120147615,0.04045738327419394,0.004662526176325547,-0.05671290625141893,0.1196576498558,0.46128858230942155,0.24215205113619465,0.040867830424541264,-0.15782153970984047,-0.13764578205958258,-0.5973407951012306,-0.04753706323454746,-0.005428338065685619,-0.20456983917100877,-0.21627828382895106,0.1404667843534124,-0.5702840734171066,0.011469950577573792,-0.10731573401160303,0.0027653700655492406,-0.22521700932451305,0.024739485533822953,-0.3280923384611691,0.08589375429427631,0.05061684959698912,-0.42227197283985074,0.45582315638828336,0.1682108125756017,-0.15338657323485097,-0.022689077089860104,-0.3632410804970261,-0.14646480782367885,-0.38789872180452784,0.12942091549934812,0.1254305395657248,0.45443415507086,-0.3298481341430914,4.595739078731597
6.505000000000001,0.1717842430621,1.454843827059,19.0,16.0,0.5307262539863586,0.6367385983467102,2.400000095367432,24.40999984741211,0.5593908429145813,255.9736328125,128.0220336914063,142.4267,0.98,46210.0,1116.0,70.9324,18.6665,13.388,492.0,207.0155004031897,4.999552011468507,223.22,96.741,33.206,13.388,36.02947095994996,1.9691703020360272,44.56,503654.0,12.3,40.9,46.8,38937.0,39286.0,17168.0,21.03691766650654,16.933855628952,16.933855628952,0.4061223048327138,136.9,1.3725210028032062,0.0709807301414862,-0.14307739153168794,0.9473289090041822,0.771063695988655,0.6062827946411579,0.38358116157780736,-0.08608232748471305,0.4443273809540678,0.07294754249215311,0.626913079902856,-0.2772799715986315,0.26571855271720035,0.06283108754320761,-0.013830484487851217,-0.05446286919285189,0.4220531343251798,0.04516060151280928,0.2337969298101392,0.285929465241936,-0.24476713764263683,0.42533407720570054,0.0116989287321931,0.3276002222199512,0.08938175084443678,0.11510946270123786,0.3657647391240662,-0.4208861553399381,0.04368299745249845,0.07448269340315421,0.4364333821333298,0.0634813062835509,0.09368542283831997,0.034078622291641235,-0.059006383713028944,0.10735973394364025,0.564050226302312,0.06838377669565461,-0.13799480363135974,0.7174081416496523,-0.5595079462139606,4.595739078731598
6.83,0.3290345806553,3.357728492649,19.2,34.0,0.6673039793968201,0.9679861664772034,2.0,22.77000045776367,0.8380921483039856,263.8450012207031,132.0,156.23,1.87,97710.0,1060.5399999999972,71.1,36.2,12.67,445.0,463.12446677410185,5.026732391695883,210.98,98.81,63.08,12.67,11.72546549939368,1.018542407714805,36.2,633849.0,18.656421702718102,40.1694307582096,41.1741475390723,29464.0,31269.0,14895.0,17.562286116352706,10.924959818723158,10.924959818723158,0.0678323806069195,98.99,0.5946734938988126,0.43506558455602545,0.413132018890562,0.5001373196011033,-0.3061532342639895,0.9910971919641899,0.6903086186046021,0.8224912002033921,0.7102981246218864,1.9797093272391606,1.0391082933271198,0.5416834291679647,-0.06352408633454909,0.2125604055745108,0.07000872773274835,0.01614208072781424,0.043532913705561005,0.0011766604479219733,-0.021188619339718866,0.39459121932018765,0.01772715352816308,0.3744889313637403,-0.024181025994470324,0.0020914286232689427,0.014203494660115204,-0.009796509575254722,-0.16587269443222205,0.0358642864424743,-0.11336130728897609,0.5858793752749419,0.049634929770242565,0.07602437321277944,0.28610397577211794,-0.31504680369838506,0.6648301444038107,-0.20201250368525703,0.8798723084328234,0.1295718827374979,0.08696453020891755,1.5153394058116578,0.14179528605040637,4.595739078731596
6.41,0.1030776253343,1.047196481415,18.7,33.0,0.4507595300674438,0.6250419616699219,1.100000023841858,25.38999938964844,0.5500335693359375,267.5724487304688,131.7989349365234,94.75,0.975,80886.0,573.0,36.035,30.6179,13.697,2339.8,503.33227546810537,3.5656280919222656,160.701,59.489,57.403,13.697,44.04493523854282,0.7705005543685988,37.51,683165.0,24.81513784080998,29.71825110917296,45.46661105001707,37563.0,37438.88,16936.21,15.717915646179634,15.449625511761106,15.449625511761106,1.4422353381379165,70.17,1.2628782083455474,-0.14037732065278394,-0.008656541895092093,0.5457941167692052,-0.037814677905900505,0.26138608886130527,0.3553542311950105,-0.07361179878566855,0.26539586932119325,-0.08496029234428933,0.6750447355741245,0.08280261241396218,0.0024559336633686404,0.12282427566965078,0.18334147872661533,0.09326351741295531,0.07207481746728657,0.03670057711414424,0.0891384078219994,0.12104718493681325,0.12535800853222337,0.26606433177080824,0.03099084399267915,0.04094735117710183,0.10734417767075281,0.0997985114124517,0.8164175888480072,0.1079646968746123,-0.004099047580083022,0.2322208466451947,-0.35226813969207305,-0.3121812295022445,0.09594044683548993,0.06824720150932251,0.4325102454248613,0.04402437097697213,0.05084983801740687,0.1925715184214836,0.2566792373011518,0.26247517579943164,0.1238389147017916,4.595739078731597
6.74,0.1080268747878,0.9551262178177,18.9,10.0,0.6282303333282471,0.8944280743598938,2.799999952316284,24.64999961853027,0.7655424475669861,332.4620361328125,129.8257904052734,121.17,1.24,111887.0,1972.8,69.36,49.35,35.98,2447.2,484.1916219491085,8.537303098494027,231.08,91.11,77.42,35.98,15.308206323678789,1.4921568515595265,37.51,1010017.0,18.514367546917764,44.48838459533429,36.99724785774794,40876.0,30965.0,14316.0,9.36200276864403,7.781782798224389,7.781782798224389,1.0236131895309892,95.51,1.1312057500307497,0.3998663544848257,0.11780109165393327,1.6296654466442992,0.9110387703621607,1.584756677986099,1.2972300789096416,1.0235567508405419,1.1239421681451878,1.883813990741327,0.6559519801663783,0.4693193628731414,0.3917531044794837,0.3899708366621471,0.5748031051271133,-0.15507959350826775,0.46009217354650084,0.4192312122946036,0.25733543055823266,0.18830218498355142,0.3863657803312175,0.06196531469758718,0.07642472187269385,0.273768532514431,0.8453513762981547,0.4058802588389505,0.4655357130488131,-0.0950622699020256,0.01287646011076978,0.607306184672868,-0.21137527124426336,0.39963929486513017,0.3087913007856437,-0.009911613148337403,1.5442464438113988,-0.17763196828314395,-0.46876053775852194,0.2609269856734478,0.013622680534237541,1.0337589675250853,0.3300817105284875,4.595739078731597
7.05,0.2009573923785,2.454004650977,20.0,13.0,0.6137903928756714,0.8649687767028809,1.200000047683716,24.61000061035156,0.7419750094413757,284.4898376464844,130.9375762939453,46.39,1.9696,37903.0,493.0,18.997,12.4084,9.119,1097.6666666666667,438.5652299681805,5.704367949088805,86.425,31.048,20.027,9.119,23.6873667742644,0.5198347645921357,40.86,412043.0,11.40105756416319,43.837324276686296,44.76161815915051,46146.0,36086.43,16572.17,12.426995927713286,10.42342201495799,10.42342201495799,1.8765437977532649,50.36,-1.0338530508258992,0.18522376441541447,0.12469954750822161,-0.14795862235126334,0.21560801696267548,0.673582137984376,0.4568501878327406,-0.1418654255956631,0.42162900483211957,1.0259575259806535,0.387292593823008,0.16016690523383914,-0.043910792357265103,0.13415062076197282,0.01854111380195948,0.157550766159862,-0.0008914367843014618,-0.008182289866242401,0.1589575545333496,0.3433627818518903,0.07424727368859209,0.23040430802054176,0.07834619903334965,0.06028315125499373,-0.09631839940292312,0.15162246192622827,0.2425665841590349,0.05817201735565036,-0.09616689035173583,0.09003024019953994,0.2484578454249496,0.3005286523828676,0.1318403363870249,0.08171260024065123,0.7465981522664272,-0.007019852482112084,0.14993832962596543,0.11818851368643901,0.0548695799750392,0.14831853177472354,0.05293667266010369,4.595739078731597
6.775,0.2288318748659,2.309665035609,18.9,5.0,0.5791773200035095,0.874875009059906,3.700000047683716,24.38999938964844,0.7499000430107117,255.4473724365234,130.0,107.34,6.28,66001.9,1675.31,49.3,18.28,27.37,612.65,435.2825957923893,11.048671107300668,151.63,65.22,31.43,27.37,10.04493389674318,0.8095851014325984,41.74,774172.0,21.96364940618549,42.590832655196046,35.44551793861847,49137.0,30324.0,14574.0,6.059303494414041,4.22208657852724,4.22208657852724,0.6829462442173873,55.57,0.3525886258201381,0.21952526903454853,0.023124995678620586,0.6357642253505201,0.307176129751365,0.6018059539825616,0.3765016158635408,0.34749161808606255,0.4053218333280191,0.8490175841980169,0.21637135070839494,0.26340880448225323,0.06950749464959945,-0.6525804576660982,0.02285661406950275,-0.1470737078562094,0.05761067381522178,-0.11477969663282055,-0.07148396765131337,0.2319452403528052,0.021785573761481453,-0.2477239463951905,-0.003660134821137732,0.04599323259666336,-0.07126525468432847,-0.2494263906500168,-0.1432631548061516,0.05673801762110734,-0.020662673338333343,0.4472133815180235,-0.8208301766068541,0.13714350676373777,-0.0658282729663489,0.03490085190395853,0.6387309750653398,-0.05537499438577187,-0.5882436024846224,-0.07212375603015952,-0.14764419968886397,0.5934595402956191,-0.1765778004257891,4.595739078731597
7.04,0.09079972775049,0.7268085050842,18.4,25.0,0.7011379599571228,0.9581373929977416,2.700000047683716,22.72999954223633,0.8165099024772644,269.1738586425781,129.0,113.44,6.47,113005.25,3048.97,56.37,31.11,33.02,4048.8,632.6927383685123,17.070544762331334,178.61,74.6,52.48,33.02,11.832260392384752,1.0136065476243834,41.19,962714.0,23.22925734100645,37.059541398199215,39.71120126079434,40450.0,30441.0,14677.0,7.420621787035737,5.286083690348805,5.286083690348805,0.6079000575173069,68.94,-1.1111854973102602,-0.011799851434241762,-0.23750799642568862,0.3881953475985005,0.2723303900805006,0.9470616345286116,0.5487475034936519,0.33401092055382486,0.29199869301232145,1.006330560335649,0.1328549352315509,-0.02270819411382728,-0.0062655313000032535,-0.02657159562426949,0.15779231553308548,-0.6156620681810581,-0.06102328082604528,0.11032586205477223,0.2975885972237376,-0.43405393154297595,-0.03838620249277939,-1.1814837248492673,0.016183485520411472,0.01625773672327761,0.05778498959191767,0.20168649007169373,-0.24077259516229252,0.011561691754177797,-0.025301280618145645,0.2160512857873114,-0.6084738860611624,-0.0072224622828301515,0.03596029243012844,-0.0512331795825407,0.534425060401507,-0.22831526619242334,-0.4464255857011368,-0.06150831314289686,-0.20059264812398933,0.4349882702348209,0.0621040018735454,4.595739078731598
6.875,0.1212168998997,2.241133393548,19.6,2.0,0.5695142149925232,0.8013975024223328,1.299999952316284,24.09000015258789,0.6911180019378662,233.8560638427734,119.8350448608398,49.1485,0.47,15878.0,356.18,8.5477,7.134794327171835,0.953,926.17,282.58702925891646,6.339075959279561,56.188,19.8872,18.41727,0.953,16.5223150965168,0.404246719542003,47.87,256107.0,6.0117218158366414,18.174131902767638,75.81414628139571,45012.0,32296.0,14288.0,6.990829016588316,9.211165561563142,9.211165561563142,1.5733199943233478,43.22460681495,-0.1115658497024274,-0.11529180855304254,-0.02527395450117437,-0.1538707981798674,-0.32447070657637433,0.017550515442156515,0.018978126660967386,-0.05975296783268758,0.07221407593891227,0.1322512495929512,-0.3944159865045349,-0.1539472497193715,-0.10033941350136406,-0.09206745977734437,-0.14343782577869799,-0.007775213389030008,-0.10840129115653035,-0.19683165442539374,-0.27730720253715385,0.018986999618661158,-0.16136806867297224,-0.0033926993487568232,-0.07670122447473006,-0.03558831039961774,-0.074310138340391,-0.19470443444140306,-0.054773630777841496,0.00524934147499431,0.013592258532949658,-0.184586505602109,-0.12499869739734289,-0.4013065912378327,-0.43432721600849294,-0.027791910425110408,-0.26727289401923915,-0.1099188504622815,-0.24564341717490798,0.035090542261652174,0.0855451067136499,-0.03253931253052986,-0.2948984093485865,4.595739078731597
7.1,0.2206431797445,2.782678939426,19.5,15.0,0.5342583656311035,0.7287935614585876,2.599999904632568,24.42000007629395,0.633034884929657,260.8031616210938,134.8762664794922,156.26,3.7,71109.0,604.0,25.5392,19.687,6.87,4046.0666666666666,639.9701205079514,5.435907589570977,111.113,48.363,43.95,6.87,30.453854606755456,0.8473062281162614,50.12,299186.0,8.188156481532047,41.53969380882165,50.2721497096463,56528.0,34807.04,22100.67,29.449202691670408,16.989687864542002,16.989687864542002,4.19935794066213,97.31,-1.231467858772927,0.2493883640200882,0.07848893259394853,-0.32865658760043875,0.08191491572411623,0.21530650919076508,0.2275800630133542,0.13612664273819314,0.1604410557563627,0.5255014801108223,0.30307079127123965,-0.20477789766390841,-0.06301429424704079,0.010319207902126593,0.09412752043055528,0.08933617598137038,-0.031441902979281844,-0.014072672097385367,-0.14264949595795576,-0.12215169507115943,0.05799802958315899,0.07752673233183525,0.019925293141357492,0.014383848606711233,0.039649480116148016,-0.0862881775592913,0.002311074113777789,0.0244391965507208,-0.031126900690464903,0.032876592649832774,0.1723204163078871,-0.08752903145466202,-0.09268252458711218,-0.12328664282334384,-0.23588662046159814,0.0375683872501432,0.29720001972305354,-0.05431968960731189,-0.1435212418723977,-1.3778795606561565,0.08181446368828806,4.595739078731597
7.225,0.1234688595027,1.205059814803,18.9,5.0,0.56145840883255,0.8666871786117554,2.599999904632568,24.04999923706055,0.7433497309684753,243.0920715332031,129.7129364013672,107.34,6.28,66001.9,1675.31,49.3,18.28,27.37,612.65,435.2825957923893,11.048671107300668,151.63,65.22,31.43,27.37,10.04493389674318,0.8095851014325984,41.74,774172.0,21.96364940618549,42.590832655196046,35.44551793861847,49137.0,30324.0,14574.0,6.059303494414041,4.22208657852724,4.22208657852724,0.6829462442173873,55.57,-1.6345832912596514,-0.07801146316875178,-0.11615472701877612,0.3392186498246426,0.08926509947995805,0.2184931948451482,0.32282151564834444,0.18621273871936442,0.2241616448026343,0.5778335916340979,-0.13913397139170733,0.07065065846297798,0.04095419916688716,-0.21654789306459174,0.0610711196661502,-0.08446619997445759,0.07442376126935908,-0.0601294267877697,-0.13034952674134878,0.1717693215232803,-0.05807902881850879,-0.13107452025263985,0.04338928496626926,0.027705945821305256,-0.09248509102047046,-0.13971120290024516,-0.17589504366015207,0.04324885154687872,-0.00958569444804717,0.23270618783633382,-0.32697274640335666,0.09857728396027195,0.051206203522823825,-0.015305582975557378,0.21395337604501827,-0.13054615161858335,-0.3802235724438343,-0.08193147007485851,-0.1270986553218428,0.21181940458742343,-0.049002679123589556,4.595739078731597
6.635,0.2163291263279,1.973026965186,18.8,32.0,0.444529116153717,0.5849077701568604,1.100000023841858,28.04999923706055,0.5179262161254883,255.7650146484375,133.0,69.61883,3.1667,31295.0,362.9812608948286,7.9764,10.4369,25.54,1008.69,431.0012394986916,4.999053310767506,72.61,11.98,17.16,25.54,29.247120158096035,0.4441104259190304,62.5,205105.42621421916,6.613355601948504,25.327743910925538,68.05890048712597,63992.0,36649.66,25491.99,8.611711314748359,6.341558665661586,6.341558665661586,2.4926882667224866,70.9,1.6040858050213824,0.5262426221261395,0.11277984584624134,0.5850587823632128,0.06307804126806356,0.3523950229781021,0.1673027215652362,-0.10324489875315396,0.22126883614469783,0.06942064641429968,0.417375607329594,0.08644407862488314,0.09452616971137733,0.09392707868024887,-0.07887106973933583,0.07524774629442026,-0.08368446367560482,-0.06562770969891046,0.45357501315661314,0.11383622435517522,0.09749002378705503,0.08684646078575027,-0.00963618714667495,-0.13449429670599625,-0.020609586615202142,0.535573396258653,0.48986849717517195,-0.034077833689961846,0.48169271358903076,0.24453339622348702,0.2854257965393007,0.20970413431361587,-0.23150411944268479,0.5395095247372942,0.03963550803399999,0.8332907045868884,-0.21047328112213234,0.13276121610163938,0.030960980698161333,0.18050168370757913,0.8917549375037445,4.595739078731598
6.265000000000001,0.08511240689968,0.790420141245,28.6,69.7,0.3084035217761993,0.0,1.100000023841858,32.20999908447266,0.0408003255724906,295.7795104980469,133.0,126.195,0.9478,45899.0,1702.0,58.722,16.8508,16.87,882.0,223.4017181377917,8.284052468910467,205.455,93.926,30.942,16.87,33.16205965449566,1.7174502122943875,39.64,605389.0,14.2,42.9,42.8,42227.0,38884.0,17032.0,18.34775726355647,14.769191834162667,14.769191834162667,0.4028414498141264,119.4,0.33261882772429724,-0.35191092832638254,-0.09641510842330932,-0.4354377371420893,-0.15380832202196407,-0.12023326790683612,-0.21928458444289434,-0.11492200578064642,-0.1012433325422094,-0.49017097961767925,-0.2645408642572589,-0.33681735800701845,0.032789288124750286,-0.046275825876724484,-0.018925474607816812,-0.20832968285480502,-0.03237849764516312,-0.10148457983909863,0.004703987561975598,0.07832499285463972,-0.2934060831770868,-0.1618879894512982,-0.007957066072952332,-0.04340072533434965,-0.08056482659882931,0.04500003339672424,0.0024411031279435633,-0.21043524821954204,-0.06684277450979247,0.08756315326411383,-0.011434217363781965,0.00835576203548527,-0.052782813773207905,-0.05748318777644534,-0.25639734189923635,-0.05674024928305668,-0.03240417120401803,0.019031804316560014,-0.0004763534988245037,0.1404055362325374,-0.42177286399373665,4.595739078731597
6.44,0.1202515832103,1.380655427559,27.0,407.6,0.5278112292289734,0.6881611943244934,2.400000095367432,31.95000076293945,0.6005289554595947,260.6069030761719,129.9587097167969,146.82,2.55,54240.0,1270.57,40.6824,30.2805,30.43,8784.0,217.9459876481201,5.105376724300736,248.869,82.267,71.105,30.43,21.438604752014506,1.7255172022880916,45.35,732077.0,19.4,31.7,48.9,35573.0,35134.0,17406.0,18.86276651066043,10.95257410296412,10.95257410296412,1.971747299884448,117.01,0.7062694941354587,-0.16313002819281983,-0.03370477355978265,-0.7862437354798518,-0.5883848359596766,0.10764362126114835,0.33458205228554316,0.3242954947049918,-0.35637787889343997,0.4851114690582518,0.5479213362297478,0.2059401024948365,0.08648696327415906,-0.025208723339247934,-0.06601484068989065,0.013992675685683168,-0.04672509926269978,0.02001673593852545,-0.1807726671914873,-0.6850117622896946,-0.4157831332125565,0.0413576459639222,-0.0316621223093965,0.0004355417977956466,0.037842701415022016,-0.10297678722479862,-0.05171905930159084,-0.1991936540101115,-0.08621219669029091,0.1045337065742145,-0.22422285529060826,-0.20585594306514454,-0.007631132760926862,-0.09826700101933537,0.05466671604716657,-0.08931714199702696,0.19777190635858963,-0.015520307333945549,-0.024325182070664492,-0.14377290680634522,-0.421618302593136,4.595739078731597
5.9,0.1662771156886,1.71571893414,28.5,175.3,0.451192706823349,0.3462640643119812,2.400000095367432,32.81000137329102,0.3270112574100494,280.4542541503906,130.2056732177734,183.5192,0.98,54651.0,1569.0,81.283,53.4333,1.4101,409.22,223.51233078401705,6.416915463580222,244.51,108.676,89.27,1.4101,21.606103183901,1.091960683698584,44.1,646581.0,15.7,29.6,54.7,32791.0,38369.0,16598.0,29.188471783605653,21.4702652156679,21.4702652156679,0.2514382037807957,117.0,0.9793645090693817,0.3492858608029275,0.1868343719078017,-0.7253295490934774,-0.38707857343119983,0.12952307326664572,-0.23559907404039712,0.3965785815415028,-0.020752900852000915,-0.3676227228305775,0.4468640231125613,0.24898753537759855,0.12625387031623303,-0.05111501145851586,0.03462686355862641,-0.08462543746621125,-0.003300960479683109,0.33166757821521914,-0.10227269590496708,0.16201813703254273,-0.00505744566378602,0.08351340222721802,0.05138668784855408,-0.015070083753004207,0.20978404779615945,-0.21316433708615976,0.015762620055951155,0.05511487835907699,0.09611712541919655,0.4243892281153043,0.2585854182606306,-0.004931334744765259,-0.08328098660782383,0.04202976486015523,0.09388778424671625,0.05951351559642317,1.2873636531400836,-0.018063826685195683,0.07496825371066691,0.6714401688667119,-0.02279627363908106,4.595739078731597
6.45,0.1214945252553,1.579837550425,27.0,407.6,0.50328129529953,0.6838319897651672,1.600000023841858,30.72999954223633,0.5970655679702759,303.3760986328125,130.0,146.82,2.55,54240.0,1270.57,40.6824,30.2805,30.43,8784.0,217.9459876481201,5.105376724300736,248.869,82.267,71.105,30.43,21.438604752014506,1.7255172022880916,45.35,732077.0,19.4,31.7,48.9,35573.0,35134.0,17406.0,18.86276651066043,10.95257410296412,10.95257410296412,1.971747299884448,117.01,0.3089205635655096,-0.16017255907955819,-0.07221060383193174,-0.5559324425881533,-0.4789811711097487,-0.042139836781909884,0.1198905940465862,-0.028635606494833238,-0.37282884580098213,0.03355291776996835,-0.38628887852862165,-0.0028776864000085423,-0.02331718112337614,-0.06792591947623229,-0.007666555149922857,-0.05436982753253842,-0.04646750942244182,0.003359496577704892,-0.00999632583032079,-0.6457301929257829,-0.3403541715077904,0.03556858849207316,-0.013938163122908418,-0.005454640482717825,-0.02770793083694864,-0.0531437658998683,-0.07568922061075543,-0.11021244693094696,0.0017449472995009485,0.09670197037421119,-0.3232803838003538,-0.2693017096848924,-0.10016854477022959,-0.0754850329929976,0.005070072292546181,-0.009527363799580019,-0.039011683357584176,0.02619449078467842,0.046795530191336275,-0.1707999335402001,-0.520655839537551,4.595739078731597
6.22,0.1396255252606,1.262405959324,27.7,421.2,0.3442819714546204,0.0872379466891288,1.700000047683716,32.13000106811523,0.1197903603315353,227.1785125732422,127.3537368774414,113.44,6.47,113005.25,3048.97,56.37,31.11,33.02,4048.8,632.6927383685123,17.070544762331334,178.61,74.6,52.48,33.02,11.832260392384752,1.0136065476243834,41.19,962714.0,23.22925734100645,37.059541398199215,39.71120126079434,40450.0,30441.0,14677.0,7.420621787035737,5.286083690348805,5.286083690348805,0.6079000575173069,68.94,0.6269738479634309,0.09097469021804283,0.014849259948910768,-0.34371545632219247,-0.10995785043164415,-0.09479891880369302,-0.15228174422799262,0.26262153942157296,-0.06974391783807632,-0.3367923188451975,0.07888183579138573,-0.1330721563648419,0.03965088077509046,-0.09230332463655516,0.11154894643810372,-0.40299025721885756,0.04287120106181286,0.040293905506260906,0.02541862125805618,-0.23990182550776096,0.025417268794338588,-0.7614136082613019,0.006121480110187853,0.02116839297821684,0.06819636918017709,0.03682691910193139,-0.1861584621842792,-0.019239203147477624,-0.023332804874934,0.13375172227054147,-0.20161257068769492,0.03904651778221865,0.034424913601949415,-0.09530591128696901,0.0819077570666795,-0.06860330833844132,-0.22106290101529202,0.030777125069782363,0.05593898949155807,0.33283760902765286,0.2229296151714362,4.595739078731597
6.515000000000001,0.06897301535367,0.6676463154617,27.7,447.3,0.7420581579208374,0.3893652856349945,2.599999904632568,30.68000030517578,0.3614922165870667,222.1938934326172,129.6773071289063,107.39,3.73,96920.32,2066.12,58.97,40.44,27.91,610.38,465.7391638635272,9.928495915425277,208.1,77.67,61.57,27.91,13.785865223981112,1.7056792964710272,34.96,786132.0,20.47490893033877,43.41481379464505,36.11027727501618,31295.0,29723.0,15547.0,9.581485948260582,8.895328795155292,8.895328795155292,0.8326497317534427,104.89,0.6080048458568613,-0.4736841599859274,-0.24892712954555415,-0.760189547142376,-0.44978241364064936,0.29723129907269025,-0.21209488616663805,0.17559476856334832,-0.46225418090443915,-0.25988181029267027,-0.1591857967516009,0.10691060440464133,0.10532328658131607,0.07682482812477481,0.24645898042300532,-0.08783882098433421,0.053548220522376365,0.03517045699846705,0.11997032638977896,0.29389897150358224,0.05780848930946949,-0.015851651660183652,0.012266469121825552,0.0015751424182609182,0.027999392519535593,0.11159473827418144,-0.08202247420451735,0.010511280822529242,-0.12750236645364033,0.11928841011552226,-0.13227608885975128,0.013891366127908237,0.1791030991805582,-0.09473119171586264,0.07401855153631991,-0.03145702208731519,-0.2019406368928535,0.10852389777388577,0.053837730375412195,0.20334704261252692,-0.2523166718345873,4.595739078731596
6.619999999999999,0.2002033955486,2.107310365125,28.0,453.1,0.4859171807765961,0.4767714738845825,1.399999976158142,34.45000076293945,0.4314171671867371,294.759033203125,128.2308044433594,121.17,1.24,111887.0,1972.8,69.36,49.35,35.98,2447.2,484.1916219491085,8.537303098494027,231.08,91.11,77.42,35.98,15.308206323678789,1.4921568515595265,37.51,1010017.0,18.514367546917764,44.48838459533429,36.99724785774794,40876.0,30965.0,14316.0,9.36200276864403,7.781782798224389,7.781782798224389,1.0236131895309892,95.51,0.45221792886325735,0.06866713864737362,0.04847267931758994,-0.706021032173093,-0.5830287010351828,0.03671684757651861,-0.21334191977557868,-0.2092554343069941,-0.3354123519473669,-0.34476362003591304,-0.2546915105497947,-0.16908899442988745,0.008842026852847443,0.01784446099613629,0.2341652199908899,-0.14037387337388194,0.0006383385982613824,0.13737168950436043,-0.05171527320205858,-0.017405092949029644,0.007169065800853173,-0.1195308462918331,-0.01651347013087956,-0.010618614413839636,0.10282578914949392,-0.04630606663093245,-0.04648407855871959,-0.1438673527492368,-0.05277749955605145,-0.15527192510753265,-0.1683096228142682,0.08027956958120346,-0.06020998313953502,-0.08799599789524315,-0.005706307264445376,-0.0893706788571245,-0.24084131768228514,-0.015360295141336874,0.049688624610865685,0.1840298227032041,-0.12141063232920811,4.595739078731597
6.705,0.2003897513764,2.414483073552,26.7,136.1,0.6288979649543762,0.1016698405146599,3.799999952316284,31.25,0.1313358694314957,153.3260345458984,117.3640823364258,49.1485,0.47,15878.0,356.18,8.5477,7.134794327171835,0.953,926.17,282.58702925891646,6.339075959279561,56.188,19.8872,18.41727,0.953,16.5223150965168,0.404246719542003,47.87,256107.0,6.0117218158366414,18.174131902767638,75.81414628139571,45012.0,32296.0,14288.0,6.990829016588316,9.211165561563142,9.211165561563142,1.5733199943233478,43.22460681495,-0.0057458817788911334,0.006657737168976823,-0.023589814633146865,-0.18145522351316343,-0.1116471914362381,0.07455714138036895,-0.2068379503083254,0.10089526898664176,-0.05849396912295949,-0.4322774844275123,-0.22637394844561742,-0.1769343559158938,-0.054264276186263276,-0.0864122288760028,-0.10748681921728731,-0.015563277760191244,-0.09742442317488091,-0.20252426904429974,-0.13133302241995837,0.033931659408155596,-0.2109506686452128,-0.0068042393808387435,-0.04556134832879052,-0.04073914574386237,-0.12825019259322493,-0.17861878220710947,-0.10044640680596383,0.003620968186728506,-0.04623836662724875,-0.17000580978320523,-0.10278083443844281,-0.44804925133279444,-0.6143208378934347,-0.04707739063203429,-0.09295638156821151,-0.1149530918630735,-0.21993314367304115,0.022963373126522493,0.03177804027991152,-0.030343287028149285,-0.14696214719607217,4.595739078731597
6.725,0.1258579667521,1.354410811781,27.3,416.7,0.2475447058677673,0.1029258966445923,2.5,31.53000068664551,0.1314879506826401,271.5149230957031,131.2420196533203,94.5485,2.1563,46537.0,680.0,35.5076,21.2759,9.55653,702.0666666666667,383.5888559182328,5.60501153972964,121.32,51.283,28.768,9.556533333333334,22.96171465687948,0.7568755271663641,40.05,477450.0,5.7139813203593866,53.40210944990944,40.88390922973117,54771.0,36208.0,22771.0,14.874310622850874,16.990620933097066,16.990620933097066,2.7751741163370838,74.2,0.32135920035907256,0.07657177317550046,0.02089130339875182,-0.3918763895057147,-0.26960044470818373,-0.16493630712528048,-0.17082680138227654,0.3066760934628494,-0.2354628887555671,-0.7289155908915377,0.4170678506846923,0.08931710933438781,0.046611724496771256,0.1253286853009978,0.041535525800779426,0.13650801148208788,0.05567258298241554,-0.005896578337887,0.07655927622228871,0.2889452571677313,0.06173975850031901,0.28891671229174337,0.005701144704568506,0.03149717421231768,-0.027739222127029728,0.007148944559628982,0.04874833204129118,0.08648374046839691,0.1376510044567603,0.10315533529007244,0.395443591680547,0.7030085873257333,0.22213849287082543,0.3419499759920544,0.44071417458854983,0.36099624743303266,0.10759686929493413,-0.05373842041685232,-0.1682059747979423,-0.4042945273589715,0.4823720326503757,4.595739078731597
7.0,0.1451085078067,1.316145153978,27.7,447.3,0.4844832122325897,0.2686246037483215,3.0,31.1299991607666,0.2648997008800507,294.9383544921875,129.0,107.39,3.73,96920.32,2066.12,58.97,40.44,27.91,610.38,465.7391638635272,9.928495915425277,208.1,77.67,61.57,27.91,13.785865223981112,1.7056792964710272,34.96,786132.0,20.47490893033877,43.41481379464505,36.11027727501618,31295.0,29723.0,15547.0,9.581485948260582,8.895328795155292,8.895328795155292,0.8326497317534427,104.89,-0.8058971027252725,0.044258679708387684,-0.04366688126123417,-0.43081329638955684,-0.27998828639064144,0.009755157518886151,-0.20292404700973385,0.11184406661123204,-0.22834250748966425,-0.31571280762503556,-0.25110904495659303,-0.12378320746899536,0.019011407583566137,-0.054642378937798906,0.10046304053644722,-0.12100722063339485,0.006827072082640255,0.09744519852865213,0.05848317573243412,0.14766747417848547,0.02472802175334522,-0.11209552927449845,0.01916553111608273,-0.006262569072963205,0.04238213205533011,0.022593958717897572,-0.2297264830218062,-0.12212835853386689,-0.14747433121540318,0.0021822763197378394,-0.204169120454004,-0.04022685646529261,-0.05131932656064838,-0.13610834761479584,-0.10883029280611106,-0.04310752342403359,-0.19690542881818773,0.036278696823156986,0.02922867456153348,0.14866153195935386,-0.14775336283678972,4.595739078731597
6.85,0.2044854036256,4.393743349293,27.4,161.7,0.4772187471389771,0.1235397160053253,1.799999952316284,34.18999862670898,0.1388000845909119,243.8013305664063,129.2899780273438,90.0226,0.7435,42621.0,380.0,29.4862,26.9367,6.0698,1695.8666666666666,337.6107982224757,3.0100678849520373,126.243,48.203,43.513,6.0698,23.893469695255813,0.8922933064271592,52.67,391262.0,5.5,42.2,52.3,87708.0,38644.0,23300.0,29.21013066820637,20.030529177502824,20.030529177502824,4.456108026187788,110.8,-0.003789019661994066,0.09606644739120812,0.16498206081946656,-0.41706124503640213,-0.130210927787667,0.19374695292675925,-0.19714945077484472,0.26991745395008976,-0.1239293316983426,-0.5002348434072849,0.15262130460225623,0.048431917521466805,-0.07150151452868396,-0.005958171378869448,-0.07526290028875753,0.04274236197470587,0.009967689809652736,0.014793470195751316,-0.04787436572516918,0.05834230089995481,-0.024828266042866688,0.12770600859508138,0.013664972673787875,0.010089051532154161,-0.07534532652147319,-0.0347221141255383,-0.00901473223213716,0.006718686995090835,0.05208571191195075,-0.057082028335488255,0.06936492680124151,-0.03942593857103068,-0.28081769321454525,0.04793885822646158,-0.04458689511275001,-0.030748101646924746,0.14507342832335418,-0.4990922438650167,-0.3202709643383872,-1.0619579918615194,-0.14282727035962242,4.595739078731597
6.665,0.05964233918332,0.8830219718617,28.1,406.5,0.4921537339687347,0.4416697323322296,1.600000023841858,30.82999992370605,0.4033357799053192,203.751953125,130.9732818603516,2.90776,0.115,1588.0,7.908338175479372,0.089,0.2026,3.98,913.13,329.46058091286307,1.640734061302774,4.82,0.14,0.34,3.98,1.9414835306710216,0.2504382101047163,73.3,43717.2909103953,2.133822472423064,34.05945495650095,63.80672257107598,57754.0,39953.37,32733.15,7.989646389078048,3.576066916726457,3.576066916726457,2.2858259152713347,56.1,0.08601390530597057,-0.39614681569116056,-0.03209646781717721,-0.29898641835320344,-0.18298050204050342,-0.023802805925378905,-0.1218748662290403,-0.01001382339001357,-0.09354638416143159,-0.08892004701820251,-0.27465070831962146,0.0243254072817069,-0.20325574625449672,-0.10694204815188672,-0.2291692824471134,-0.006014652132259986,-0.1248850821797516,-0.1552811476467385,-0.15424529342914392,0.03410653465048485,-0.08364760129546593,0.008940539181644514,-0.2004025059494258,-0.09891602683643157,-0.14754029920668268,-0.10404380376265854,-0.15013236982175893,-0.13244999545220826,-0.028072318457824014,-0.31815977428466724,-0.14866470814797725,-0.16664875433112278,-0.0721687240984317,-0.03869754680095137,-0.23604223993118403,-0.0302729962465821,-0.11784646205499592,-0.008093261387560136,-0.04303509231228706,-0.1503056215424786,0.035686075232476654,4.595739078731597
5.945,0.1522563317346,1.886986682136,3.8,17.0,0.1956540644168854,0.034642856568098,0.5,7.21999979019165,0.0600076392292976,295.7795104980469,133.0,126.195,0.9478,45899.0,1702.0,58.722,16.8508,16.87,882.0,223.4017181377917,8.284052468910467,205.455,93.926,30.942,16.87,33.16205965449566,1.7174502122943875,39.64,605389.0,14.2,42.9,42.8,42227.0,38884.0,17032.0,18.34775726355647,14.769191834162667,14.769191834162667,0.4028414498141264,119.4,0.4917963883438297,0.0003576482430850773,-0.03682101798090409,0.19834304123636184,0.20527485709274781,-0.14585794549736228,-0.2195599805672148,-0.030685348848116283,-0.46123339665943924,-0.5938247216641822,-0.3239379473694432,-0.5812074676808993,-0.06785853558737408,0.0002802676696948188,-0.06474544197470027,-0.2264219981583525,-0.015511599832263356,-0.11087070022573463,0.05441140942666545,0.07655092512226508,-0.28835489423782,-0.16805439495838626,0.006424041050676806,-0.05782019027361753,-0.08892246516876719,-0.07482304234326116,-0.056404912013740725,-0.23451084299533229,-0.04876131243862895,0.08310957997832412,-0.006733079341278166,-0.04842348161335939,-0.03494083660776165,-0.01199385219053184,-0.2523877859336547,-0.010958091118309162,-0.019996204572785076,0.01557476355743718,0.024752943988706737,0.26438305267141243,-0.3291024574759002,4.595739078731597
6.4,0.1632344812459,1.467862611626,2.7,28.0,0.2166171818971634,0.1004345864057541,0.4000000059604645,9.220000267028809,0.1303476691246033,260.6069030761719,129.9587097167969,146.82,2.55,54240.0,1270.57,40.6824,30.2805,30.43,8784.0,217.9459876481201,5.105376724300736,248.869,82.267,71.105,30.43,21.438604752014506,1.7255172022880916,45.35,732077.0,19.4,31.7,48.9,35573.0,35134.0,17406.0,18.86276651066043,10.95257410296412,10.95257410296412,1.971747299884448,117.01,0.7380237186598505,0.12285338667781964,-0.028415212168644493,0.013209447151207051,-0.13415389930572744,-0.10036210543519641,-0.27181119205746934,-0.11074541615556631,0.08105254709709749,-0.7168057865732851,0.4260511353398148,0.1417935651688683,-0.00467041327408559,-0.10912370520457881,-0.02559247478333874,0.012774226535956057,-0.02320275347783864,0.022109261520709838,-0.0037321962845514776,-0.4934900448593171,-0.17578651827665068,0.07264923849409109,0.02768986491145629,0.0033945032049899257,0.03994162828383385,0.021967341385565737,-0.1181546186007774,-0.11181939708536899,-0.06623925993577572,0.17856531062271386,-0.3410864635421938,-0.2708133919550532,0.1300581308213173,-0.10859308578682303,0.09654972019651488,0.0027299784243824767,0.20616228365609132,-0.08613193543130926,0.05234188308371466,-0.23956768658752495,-0.4830901026642631,4.595739078731598
6.105,0.1732695057781,1.83224403656,3.4,7.0,0.1602319031953812,0.2202560305595398,0.6000000238418579,8.40999984741211,0.2098356187343597,280.4542541503906,130.2056732177734,183.5192,0.98,54651.0,1569.0,81.283,53.4333,1.4101,409.22,223.51233078401705,6.416915463580222,244.51,108.676,89.27,1.4101,21.606103183901,1.091960683698584,44.1,646581.0,15.7,29.6,54.7,32791.0,38369.0,16598.0,29.188471783605653,21.4702652156679,21.4702652156679,0.2514382037807957,117.0,1.3089317467916821,0.1949847793126925,0.2048794087270951,0.32720073831681284,0.2902088775626525,-0.5561608661270091,-0.30252062741167113,-0.06973819444151926,0.0032810293692514905,-0.5650658152099798,0.5348233774489591,0.20338091688711937,0.1868351162124505,-0.026001362693171787,0.014517120123179517,-0.21946237558245876,0.09706889085982857,0.1752164721628069,-0.06737566890314906,0.20739085271571045,0.09026813768641778,0.021050354540571952,0.06579069501600938,0.006190398367480403,0.22475503940966055,-0.24554845705767395,0.011030775214236566,0.0029609231981823267,0.04499844898107049,0.28110575824216893,0.1692088220618092,0.06600911192881968,0.07753739885503493,0.10734994855423215,0.16062264298362008,0.029387401164074345,1.1911998736913427,-0.20025102692497518,-0.2927888490284196,0.8660101652360286,0.17745487696422738,4.595739078731597
6.220000000000001,0.07622649824215,0.7090772672491,2.7,28.0,0.130614772439003,0.1433392316102982,0.300000011920929,8.729999542236328,0.164671391248703,303.3760986328125,130.0,146.82,2.55,54240.0,1270.57,40.6824,30.2805,30.43,8784.0,217.9459876481201,5.105376724300736,248.869,82.267,71.105,30.43,21.438604752014506,1.7255172022880916,45.35,732077.0,19.4,31.7,48.9,35573.0,35134.0,17406.0,18.86276651066043,10.95257410296412,10.95257410296412,1.971747299884448,117.01,0.16210453220178034,-0.39057632936308,-0.17564736434117081,-0.11668324532534101,-0.0577556478440619,-1.01746336902073,-0.2136605222525082,-0.5230847786277059,-0.04471640803282944,-0.38397930080921033,-0.13619528372418474,-0.012409228797021986,0.00901946676419801,0.0029501566766822335,-0.038846333361415304,0.009883685761695933,-0.015486221613625306,-0.015753850307900222,-0.030172370148987066,-0.3727550195543932,-0.10287054866269572,0.012660332533188344,0.002577254504135547,0.014083060581975698,0.016899736725414786,-0.07069336472543912,-0.0437704441429654,-0.12632935497866773,-0.021066835550863697,0.007642431530752188,-0.15164279225510388,-0.12354137246984238,-0.08855506504498688,-0.034023994034335724,-0.12207543809309583,-0.03245371057632618,0.025637463471795695,0.01961966288076059,0.002982364648679186,-0.16284937156102872,-0.22445188362302537,4.595739078731597
6.6850000000000005,0.2234949169228,2.132437712,3.1,16.0,0.1741376221179962,0.2516548931598663,0.449999988079071,7.449999809265137,0.2513239085674286,227.1785125732422,127.3537368774414,113.44,6.47,113005.25,3048.97,56.37,31.11,33.02,4048.8,632.6927383685123,17.070544762331334,178.61,74.6,52.48,33.02,11.832260392384752,1.0136065476243834,41.19,962714.0,23.22925734100645,37.059541398199215,39.71120126079434,40450.0,30441.0,14677.0,7.420621787035737,5.286083690348805,5.286083690348805,0.6079000575173069,68.94,0.044666915805942654,0.1083892433694222,-0.05411113403968174,0.16863907987446614,0.0628850254467813,-0.14834957154756948,-0.0819646064517847,-0.1459247936622111,-0.08437503327838752,-0.22006014403613242,-0.16987422491365556,-0.14646507221104177,-0.08764620430581481,-0.26360876167042707,0.0934986665562413,-0.26653023983817636,0.004972685668964212,-0.0016872098733396919,0.07398333022189985,-0.2074834814425209,-0.004375574043191536,-0.8162806756891489,0.014748322937701092,0.02195609230568381,0.030439023357201795,-0.021328812142146936,-0.24890733991467826,-0.0011306452947301888,-0.036180227664394216,0.0703969454236225,-0.39874678496441823,-0.12775899208936115,0.005437504386161344,-0.05604147046613497,-0.09845501307870937,-0.08450074114776372,-0.22395226767312937,0.06216144833960438,0.0017412140607747835,0.1628849624755924,0.051102809297354924,4.595739078731597
6.77,0.05802006594736,0.5796685970171,2.9,21.0,0.3063189685344696,0.4518246054649353,0.4000000059604645,6.610000133514404,0.4114596843719482,222.1938934326172,129.6773071289063,107.39,3.73,96920.32,2066.12,58.97,40.44,27.91,610.38,465.7391638635272,9.928495915425277,208.1,77.67,61.57,27.91,13.785865223981112,1.7056792964710272,34.96,786132.0,20.47490893033877,43.41481379464505,36.11027727501618,31295.0,29723.0,15547.0,9.581485948260582,8.895328795155292,8.895328795155292,0.8326497317534427,104.89,0.30750050242792165,-0.36511648077141223,-0.17131288926973984,0.18263395452998607,0.20384925719752614,-0.05374819708084233,-0.07933994590883879,-0.043376275707043256,-0.47406014542609753,-0.19021224796704228,-0.13451846413182236,0.15521084397142978,0.1293929457581556,0.0009810580641510895,0.24918174843644983,-0.05850159072996145,0.03316988366384962,0.11822356050001782,0.5450537414433223,0.30993739118494124,0.2384084719867439,0.2556013053892748,0.055329496938459434,0.07798904016587792,0.10949206624097851,0.09828596826439956,0.03174829833494954,0.04823106737015822,-0.09298955814917036,0.16652766691909612,-0.0674149837671006,0.1461152360351183,0.24280320605990835,0.054839245111840663,-0.04243298603371004,0.01755668766666731,-0.1380097013206891,0.08297617231328386,0.14936326005294412,0.4079629930269051,0.03825743567429126,4.595739078731598
6.92,0.1449557844545,1.523612043563,3.3,9.0,0.3074502944946289,0.5247359275817871,0.5,7.190000057220459,0.4697887301445007,294.759033203125,128.2308044433594,121.17,1.24,111887.0,1972.8,69.36,49.35,35.98,2447.2,484.1916219491085,8.537303098494027,231.08,91.11,77.42,35.98,15.308206323678789,1.4921568515595265,37.51,1010017.0,18.514367546917764,44.48838459533429,36.99724785774794,40876.0,30965.0,14316.0,9.36200276864403,7.781782798224389,7.781782798224389,1.0236131895309892,95.51,-1.1987929406949942,0.019843444153190375,-0.06525302084312563,0.20694871809745877,0.1462046522361855,-0.19645531171779104,-0.1855006895314503,-0.17378283252761528,-0.38274603180837535,-0.3872902080852292,-0.14878209582131527,-0.10231927395582392,0.04557108193520848,0.059638750447889556,0.06943204227416944,-0.11098196855692365,0.01620122286384218,0.123695274222247,0.10562319564237808,-0.011284751474888777,-0.018466542260032914,-0.05923878419680262,0.038210833781575824,0.018874837242924658,0.10065364830234942,-0.043275258441002586,-0.1590521605438326,-0.04270236102736519,-0.036803031985772526,-0.06440108196517387,-0.3010435454518525,0.15123174978363124,0.05885046692939446,-0.03109090881367203,-0.20500229144503845,-0.06650901712194422,-0.09388522303641705,0.05174636568975233,0.043698036442924824,0.19816006960766333,-0.0971076252515455,4.595739078731597
6.98,0.3480176247829,4.071637583559,3.0,24.0,0.1359964907169342,0.2086603492498398,0.300000011920929,7.559999942779541,0.2169282734394073,153.3260345458984,117.3640823364258,49.1485,0.47,15878.0,356.18,8.5477,7.134794327171835,0.953,926.17,282.58702925891646,6.339075959279561,56.188,19.8872,18.41727,0.953,16.5223150965168,0.404246719542003,47.87,256107.0,6.0117218158366414,18.174131902767638,75.81414628139571,45012.0,32296.0,14288.0,6.990829016588316,9.211165561563142,9.211165561563142,1.5733199943233478,43.22460681495,-0.25371572009261184,-0.007036283074335702,0.02932594173420962,0.009225868268167446,-0.008805500058759774,-0.719881961729941,-0.20094779363322698,-0.21185502708352502,-0.0467695741193655,-0.10874122672672439,-0.40683250904600426,-0.14012944681096107,-0.026632765387609125,-0.051688178302295336,-0.1352900531667614,-0.029910748478476124,-0.08821760517891686,-0.014867522618181155,-0.1397072699912364,0.02819892895474062,-0.20958827427990503,0.032647389508442655,-0.0374868771977328,-0.07508322910900954,-0.14016133141635168,-0.10489621255636654,-0.0617158672904789,-0.07251199179934108,-0.017001471182728777,-0.07194383273120251,-0.07473761848868903,-0.2622733314951338,-0.36241408036252426,-0.016487850449802204,-0.18335253507294133,-0.00809366311435533,-0.1602663601174296,0.032559129123358954,0.020139370352377103,-0.04352116103723633,-0.25240169720193717,4.595739078731597
6.720000000000001,0.1999856564854,2.081625695475,2.5,13.0,0.2666166126728058,0.3510452210903168,0.5,8.289999961853027,0.3308361768722534,271.5149230957031,131.2420196533203,94.5485,2.1563,46537.0,680.0,35.5076,21.2759,9.55653,702.0666666666667,383.5888559182328,5.60501153972964,121.32,51.283,28.768,9.556533333333334,22.96171465687948,0.7568755271663641,40.05,477450.0,5.7139813203593866,53.40210944990944,40.88390922973117,54771.0,36208.0,22771.0,14.874310622850874,16.990620933097066,16.990620933097066,2.7751741163370838,74.2,0.3552642096531832,-0.04565652868618538,-0.0851194566005965,-0.21755200879648365,0.11677310561291891,-0.4047306670358764,-0.4268357077148017,-0.16215324043348123,-0.04757092308842723,-0.6339444517719619,0.33291164764044273,-0.008178403096092968,-0.041846717703586535,-0.19161803818350273,0.015204977205243941,0.08592369660213876,0.014970448495997971,-0.05237917140713474,-0.09915971939267974,0.22459912890817516,-0.06283857496540797,0.14423069485923432,0.02253079903103235,0.02033409701852673,-0.013499183642511459,-0.017621660972724773,0.02637456986682063,0.0438830898610131,-0.01957752495252905,0.29587968709076923,0.1625748918537205,0.8231899864904054,0.2335246959944732,0.588169776044552,0.2269197490581669,0.11377192586060257,0.4637884522336922,-0.21949130887430887,-0.1967518610810295,-0.34055370281008107,0.14409514664237233,4.595739078731597
7.07,0.1704014639463,1.572112131902,2.9,21.0,0.3485862910747528,0.4600082337856293,0.6499999761581421,7.610000133514404,0.41800656914711,294.9383544921875,129.0,107.39,3.73,96920.32,2066.12,58.97,40.44,27.91,610.38,465.7391638635272,9.928495915425277,208.1,77.67,61.57,27.91,13.785865223981112,1.7056792964710272,34.96,786132.0,20.47490893033877,43.41481379464505,36.11027727501618,31295.0,29723.0,15547.0,9.581485948260582,8.895328795155292,8.895328795155292,0.8326497317534427,104.89,-1.197061937139774,-0.020740829655181574,-0.07637446259542759,-0.05596733854174255,0.10951146257628565,-0.4618888197818855,-0.20809051499061837,-0.13644709929169807,-0.10276474952335918,-0.41502882469785013,-0.1924734652234349,-0.06532021170573504,-0.02734281863139428,-0.19434131397603696,0.13616719416885606,-0.0787080989298539,0.023161901966810877,0.04359308052414651,0.05275029726769367,0.15952083239075843,-0.07195467170200708,-0.2250766347184138,0.02610161637962623,0.017556718119986058,0.039336661965950315,0.052314707033392936,-0.14705710113031725,-0.06894658443679803,-0.14962907932368472,0.013691745300236174,-0.26036353703497367,0.05046735842744976,0.031995921741455824,-0.09105396190231824,-0.0014053748762953104,-0.05965065574540995,-0.11395659858672293,0.03417080215207032,0.01585543018020506,0.28642725533069174,-0.11069192638555674,4.595739078731597
6.83,0.1606819690298,2.347291146801,3.4,7.0,0.1968807429075241,0.4173991978168488,0.4000000059604645,7.550000190734863,0.383919358253479,243.8013305664063,129.2899780273438,90.0226,0.7435,42621.0,380.0,29.4862,26.9367,6.0698,1695.8666666666666,337.6107982224757,3.0100678849520373,126.243,48.203,43.513,6.0698,23.893469695255813,0.8922933064271592,52.67,391262.0,5.5,42.2,52.3,87708.0,38644.0,23300.0,29.21013066820637,20.030529177502824,20.030529177502824,4.456108026187788,110.8,0.02106316079378116,-0.037948661368361086,-0.04494034972517976,0.16254752028538133,-0.03865421078195144,-0.22078113141201147,-0.16129529266359327,-0.12799647750732437,-0.10471777510125298,-0.2649045899230074,0.07219154023343187,0.0017404867691244534,-0.052786139231583123,0.005444209111431971,-0.024075966946386546,0.054159759990019686,0.000451699750549428,-0.06045556512992336,-0.09185155924017323,0.040805986293805364,-0.15018292365873123,0.00782367955550469,0.030362912935600467,0.008679682502598133,-0.1258424492374369,-0.04011344014279805,-0.04847116649048782,-0.0021580936851486507,0.16756106467924137,-0.025455691967078347,-0.034014011609627894,-0.030452965481998506,-0.18936039478417352,-0.13248126573030536,-0.2510912505900031,-0.04375497631308434,0.3585547918953449,-0.37985340900969694,-0.6492883254425744,-1.3448354215776277,-0.10956372212514766,4.595739078731596
7.01,0.0638351135086,0.7424533970044,3.8,3.0,0.1829661130905151,0.4541138708591461,0.25,7.429999828338623,0.4132910966873169,203.751953125,130.9732818603516,2.90776,0.115,1588.0,7.908338175479372,0.089,0.2026,3.98,913.13,329.46058091286307,1.640734061302774,4.82,0.14,0.34,3.98,1.9414835306710216,0.2504382101047163,73.3,43717.2909103953,2.133822472423064,34.05945495650095,63.80672257107598,57754.0,39953.37,32733.15,7.989646389078048,3.576066916726457,3.576066916726457,2.2858259152713347,56.1,-0.45353710317017426,-0.21633177121901637,-0.03224044921598391,0.0386215484809194,-0.3130999183657534,-0.07748204704059913,-0.11152326071222542,-0.3354662969731918,-0.05049800572717006,-0.1267557166998348,-0.31733446509307117,0.008515576671379933,-0.26171405200468684,-0.032705749218048585,-0.2747989007616384,-0.05597866153540218,-0.139439156321942,-0.10353061362898379,-0.13476734771485951,-0.019658209224127574,-0.06362113194111603,0.04789816849813522,-0.1462726465863243,-0.09725290393325182,-0.09579811459055511,-0.07597240493378611,-0.18905677931390077,0.015061608898588838,0.01494022292949178,-0.24920008299585425,-0.04074547400065873,-0.08265180587563752,-0.15528859757628724,-0.030102743610585816,-0.13208005873531023,-0.025254232525355257,-0.12539045111648076,-0.023980590724974108,-0.014248324615192473,-0.1313754815171775,0.040344917623135544,4.595739078731596
6.265,0.1382626852967,1.462918458051,19.1,28.0,0.5608036518096924,0.8136013150215149,1.899999976158142,21.82999992370605,0.7008810639381409,295.7795104980469,133.0,126.195,0.9478,45899.0,1702.0,58.722,16.8508,16.87,882.0,223.4017181377917,8.284052468910467,205.455,93.926,30.942,16.87,33.16205965449566,1.7174502122943875,39.64,605389.0,14.2,42.9,42.8,42227.0,38884.0,17032.0,18.34775726355647,14.769191834162667,14.769191834162667,0.4028414498141264,119.4,0.3735840331541271,-0.25671964122160945,-0.11985646062724226,-0.22180566587627068,-0.29121401505719474,-0.06348129450256249,-0.04341543083651745,-0.011779435554594273,0.029467103959985492,0.3614630342990843,-0.2962891680443816,-0.662965401131444,0.00918836623378605,-0.1123853123544271,-0.06065462117283101,-0.28243192384013227,-0.01828875073133605,-0.10167022000992543,-0.011054029383856393,0.11343030925821336,-0.38870395950895104,-0.15788662646580007,-0.01223612649221525,-0.02985052483560871,-0.08187781006905322,-0.09580224489209643,-0.05435559115947423,-0.4488764248499803,-0.09343334399532792,0.01603574934244102,-0.1382847185911801,0.0018802842416801673,-0.06790644848545936,-0.2732805602619009,-0.49828896830520364,-0.0029321104766718655,0.17629363345047047,-0.015520859120066252,0.019596826143862083,0.19447243587541715,-0.5359596417872101,4.595739078731596
6.455,0.1959040303814,1.827906441274,18.2,0.0,0.4926227033138275,0.7589735388755798,1.799999952316284,25.32999992370605,0.6571788191795349,260.6069030761719,129.9587097167969,146.82,2.55,54240.0,1270.57,40.6824,30.2805,30.43,8784.0,217.9459876481201,5.105376724300736,248.869,82.267,71.105,30.43,21.438604752014506,1.7255172022880916,45.35,732077.0,19.4,31.7,48.9,35573.0,35134.0,17406.0,18.86276651066043,10.95257410296412,10.95257410296412,1.971747299884448,117.01,1.5547782326521558,0.9470777964231883,0.28617175639833575,1.2997006811152394,-0.8739617772728417,1.0596472910578891,0.8916163461901601,0.7636289937109065,0.8296845127987565,1.8259592160122338,1.105025770126521,0.6511300812607081,0.20465644056142732,0.07055745770149809,0.06844668882163381,0.38826711679021103,0.048996686148056856,0.09990875473665961,0.03707809041611539,-0.598943005320546,0.06792752833261617,0.42431874767379957,0.22464341598028215,0.06968878867207288,-0.13321443267631894,0.247848844522593,0.14499294210611346,-0.1579359007198506,0.14286232312779942,0.851147342759974,-0.453550955745468,-0.32190141948916134,0.13535123535668428,0.3764243648684345,0.787188896819317,-0.06903124104769713,0.9800724861519484,0.06684192304356162,0.12500250447146596,-0.31611447549262156,0.37421626160801785,4.595739078731597
6.045,0.4323661659069,4.523324693613,18.6,4.0,0.5635682940483093,0.7286205291748047,1.700000047683716,23.09000015258789,0.6328964233398438,280.4542541503906,130.2056732177734,183.5192,0.98,54651.0,1569.0,81.283,53.4333,1.4101,409.22,223.51233078401705,6.416915463580222,244.51,108.676,89.27,1.4101,21.606103183901,1.091960683698584,44.1,646581.0,15.7,29.6,54.7,32791.0,38369.0,16598.0,29.188471783605653,21.4702652156679,21.4702652156679,0.2514382037807957,117.0,1.7003370046269188,1.576899916828687,0.6776612559261301,1.4159199523260015,2.039779615658199,1.1174084381562823,2.893593665194316,1.0829970210675124,1.5970004029935936,3.172592676972416,2.6251887229745954,0.5279895784955411,1.7394684539809615,0.563689456416823,0.06749757436170105,-0.13955178757342313,0.15649058974112973,0.8853580137147524,-0.11135079074934606,0.5413892507166942,0.8680715154314266,0.07546145615156774,0.7420983053398867,1.3968732222254203,0.23508040970707825,0.6213523833615024,0.4090002146654153,0.05128229345182093,0.30853391355211046,1.4744046418297987,1.482125388265973,-0.08315617396196866,0.8233249847727108,1.3271919202108748,0.7599126888950876,0.15978903438899436,4.103857305371697,-0.3286674033719627,-0.4977070781434609,2.2264363296539718,0.7848483775064623,4.595739078731596
6.93,0.05768797243834,0.6174817119731,18.2,0.0,0.4405795335769653,0.6189005970954895,1.299999952316284,25.8700008392334,0.5451204776763916,303.3760986328125,130.0,146.82,2.55,54240.0,1270.57,40.6824,30.2805,30.43,8784.0,217.9459876481201,5.105376724300736,248.869,82.267,71.105,30.43,21.438604752014506,1.7255172022880916,45.35,732077.0,19.4,31.7,48.9,35573.0,35134.0,17406.0,18.86276651066043,10.95257410296412,10.95257410296412,1.971747299884448,117.01,-0.6535556398058532,-0.7163902273970632,-0.17433662402487227,0.15674426889747928,-0.4146660603948289,-0.22050394726509748,-0.08100151029417457,-0.07690749354247257,-0.04257819105845212,-0.2059080252776856,-0.24832854635576798,-0.01002374866350955,-0.04175830597876664,-0.06551541114362772,-0.014507309164610896,-0.017879504994545256,-0.0014844768858788225,0.009847043215416277,-0.07986007506207572,-0.41404081464928194,-0.1384062152790113,0.022095453057401668,0.008336022138313868,0.020850956524747676,0.024608954225148597,-0.08710686449903271,-0.05110907711362552,-0.07439037920403581,-0.01202806339431371,0.03690316064374183,-0.19847508978086195,-0.1602665058593088,-0.027358919497701573,-0.03707864753342577,-0.12130164777317952,-0.0031556198639343183,0.019893132961059087,-0.00671983986688558,0.04235049012091191,-0.1363088314414191,-0.31103492998102283,4.595739078731597
6.335,0.2632378178348,2.549147377755,18.4,25.0,0.3566314578056335,0.5036435127258301,1.799999952316284,23.96999931335449,0.4529148042201996,227.1785125732422,127.3537368774414,113.44,6.47,113005.25,3048.97,56.37,31.11,33.02,4048.8,632.6927383685123,17.070544762331334,178.61,74.6,52.48,33.02,11.832260392384752,1.0136065476243834,41.19,962714.0,23.22925734100645,37.059541398199215,39.71120126079434,40450.0,30441.0,14677.0,7.420621787035737,5.286083690348805,5.286083690348805,0.6079000575173069,68.94,0.6336731106847319,-0.01191975560553358,-0.028013080894901454,0.21818400357996004,0.03911578141239597,-0.3955448511459927,-0.08922156704382427,0.16197318652435236,0.12723129447471979,-0.30686097669633616,-0.06429175910176867,-0.15642505259203507,0.00035871468971267656,-0.3077704824823884,0.1262286348775938,-0.31624078182080334,0.015820092651245826,0.04734571892802417,0.024989236147702765,-0.1589829383337433,0.11586655758917402,-0.8119025541217977,0.024967491631853318,0.00504493105347235,-0.00027522884017452026,0.003370586993215019,-0.17355987981040547,-0.026277696602556615,-0.05708106681976325,0.12924455180033675,-0.40160929073524554,-0.03829160112107103,0.1053220492353521,-0.16636967114063048,-0.04719167415284109,-0.20919272541857617,-0.2446708455588061,-0.0774387063270457,-0.011939910944235835,0.36497854628659293,0.09975920365517282,4.595739078731597
6.45,0.0752823382127,0.720559062291,18.0,8.0,0.4623614847660065,0.6657237410545349,1.399999976158142,25.68000030517578,0.5825790166854858,222.1938934326172,129.6773071289063,107.39,3.73,96920.32,2066.12,58.97,40.44,27.91,610.38,465.7391638635272,9.928495915425277,208.1,77.67,61.57,27.91,13.785865223981112,1.7056792964710272,34.96,786132.0,20.47490893033877,43.41481379464505,36.11027727501618,31295.0,29723.0,15547.0,9.581485948260582,8.895328795155292,8.895328795155292,0.8326497317534427,104.89,1.0554435920959753,-0.4484701071270008,-0.030729240908326922,0.4958086641360706,0.4457834680848678,0.6559305652153339,0.44339921502547136,-0.055665401328881835,0.4596312631292372,0.4281707334668256,-0.30349245068837766,0.18636766834166743,0.01559993805215576,0.15809241299063437,0.7555987859086523,0.1592349301752326,0.17827126428694115,0.016594880888252672,0.616018752449828,0.3051738840873704,0.30675126597957075,0.05170832013480083,0.288983162041788,0.015547910408935125,-0.0043405161547969695,0.22181991754883812,0.0796524234830519,0.31574885017030035,-0.15569814178199176,0.3712277369678116,-0.23288402017274767,0.2302370773110197,0.5321248378782976,-0.004843229959788882,0.8110011012850052,0.05024582301486735,-0.1748750393895843,0.036644234314393676,0.12092043482803706,0.7505251688277682,0.5443614046373798,4.595739078731597
6.465,0.1521214355077,1.557262009841,18.9,10.0,0.591846227645874,0.8813539743423462,1.799999952316284,26.13999938964844,0.7550832033157349,294.759033203125,128.2308044433594,121.17,1.24,111887.0,1972.8,69.36,49.35,35.98,2447.2,484.1916219491085,8.537303098494027,231.08,91.11,77.42,35.98,15.308206323678789,1.4921568515595265,37.51,1010017.0,18.514367546917764,44.48838459533429,36.99724785774794,40876.0,30965.0,14316.0,9.36200276864403,7.781782798224389,7.781782798224389,1.0236131895309892,95.51,1.3310768093273664,0.23890200670468142,0.09648057563470595,0.9641864853645988,0.856536105891239,0.6768838685329653,0.5678571044206205,0.5281845988249936,0.6507933403549788,1.9452166601985104,0.21554091150777707,-0.2551389405436018,0.37744313594858864,0.27426302605874536,0.29846904032401805,0.012624145750549856,0.13215371977705467,1.0989623158764308,-0.25093193456664936,0.01889786153761334,0.18216233155226566,0.06826254400962088,0.0501455044357727,0.10802853243327597,1.5013314724803701,-0.2131158369001341,0.007007426588651018,-0.35922892959365144,-0.0405290994904017,0.22349920854915398,-0.13797732182725644,-0.018220615662868405,0.2538159684997069,-0.05375576855092501,0.48007580033219394,-0.06219727611919268,-0.15931993413088064,0.22758152047476435,0.15473063887986807,0.49569060933831094,0.016532383940613293,4.595739078731597
7.055,0.126549624646,1.311102619606,19.6,2.0,0.5302199125289917,0.7814150452613831,1.600000023841858,24.65999984741211,0.6751320362091064,153.3260345458984,117.3640823364258,49.1485,0.47,15878.0,356.18,8.5477,7.134794327171835,0.953,926.17,282.58702925891646,6.339075959279561,56.188,19.8872,18.41727,0.953,16.5223150965168,0.404246719542003,47.87,256107.0,6.0117218158366414,18.174131902767638,75.81414628139571,45012.0,32296.0,14288.0,6.990829016588316,9.211165561563142,9.211165561563142,1.5733199943233478,43.22460681495,-0.4318073442346335,-0.14100093804517924,-0.022830465525766758,-0.17540323355801282,-0.4305488596794491,0.00811653331339624,0.004511953944041705,-0.0005043291536988688,0.036532539147090225,0.0966351712133345,-0.3322803843584186,-0.11853116515806889,-0.0601395368348415,-0.08090639933721656,-0.1304793525060596,0.06646471582891032,-0.06166780822297039,-0.08437950154903506,-0.27952063372356045,0.02870317849310221,-0.10260138877401596,0.0030691720199570467,-0.036477585971794964,-0.05515123091452725,-0.13001917304284835,-0.15257613160537734,-0.20874287454349247,0.002640662255335204,-0.0012020097946693388,-0.1335210895617334,-0.1400299229114236,-0.33811894219654454,-0.47308931764482587,-0.07758591370257188,-0.19589389651296055,-0.0622424037522846,-0.23189064236515997,-0.011023250316451327,0.03412631410621394,-0.010158227089160957,-0.1632922592309213,4.595739078731597
6.835,0.1208219338969,1.166843801582,18.2,18.0,0.4840219616889954,0.6705208420753479,2.799999952316284,23.81999969482422,0.5864166617393494,271.5149230957031,131.2420196533203,94.5485,2.1563,46537.0,680.0,35.5076,21.2759,9.55653,702.0666666666667,383.5888559182328,5.60501153972964,121.32,51.283,28.768,9.556533333333334,22.96171465687948,0.7568755271663641,40.05,477450.0,5.7139813203593866,53.40210944990944,40.88390922973117,54771.0,36208.0,22771.0,14.874310622850874,16.990620933097066,16.990620933097066,2.7751741163370838,74.2,2.297369058076205,1.171652551500544,0.17726282247216685,3.250315955307284,1.885649712639071,2.5229061300921343,2.352823071569486,1.5786123396802791,2.26088380832118,3.467391026553629,3.4718592458474657,0.8709834457552258,0.07134944138397244,0.08276972447014737,0.06464262768441216,0.23258131674400387,0.09538353432943014,0.2285891257296516,0.250283081881146,0.8749125050651912,0.960831845975686,2.539737196583926,0.1665644655919234,0.25614522502718934,0.044769703875982225,0.173238915204499,0.9097471686284434,2.2212825305416923,1.310765310556035,1.20022897538416,2.0998816372520586,3.1304336923638942,1.443194829231036,2.593207106532827,1.5686295020849805,2.5571581644259385,3.177823323976,0.3669563506484392,1.0668868443394903,-1.2276003641351219,4.182268231775882,4.595739078731597
6.99,0.1358321727385,1.052298407994,18.0,8.0,0.689206063747406,0.9442567825317384,3.700000047683716,23.38999938964844,0.8054053783416748,294.9383544921875,129.0,107.39,3.73,96920.32,2066.12,58.97,40.44,27.91,610.38,465.7391638635272,9.928495915425277,208.1,77.67,61.57,27.91,13.785865223981112,1.7056792964710272,34.96,786132.0,20.47490893033877,43.41481379464505,36.11027727501618,31295.0,29723.0,15547.0,9.581485948260582,8.895328795155292,8.895328795155292,0.8326497317534427,104.89,-1.6181019408065636,0.009367970894640957,-0.16676360575191218,0.5279080276939002,0.26300903636440454,1.2196040522721507,0.4883201732708676,0.38638365551309956,0.4466499608298873,1.343717099656997,0.0812999575466538,-0.0875248119328191,0.042311469334959904,0.14486054936762124,0.32581323316260774,-0.18112120545815982,0.006867419042061007,0.2841726874238541,0.1578674219546866,0.38024506453547396,0.15921288559764887,-0.13564037158612474,-0.0017062211952934003,0.00641816164725284,0.21902275503494126,0.12359491953498623,-0.11322079388204172,-0.0431459683696185,-0.18678257393423967,0.27707497840006445,-0.154707123961451,0.10494307532142255,0.18061513924312636,-0.2680704785237184,0.8561231627325667,-0.1184126802660979,-0.344371293199414,0.12380581008856968,0.07632858204703385,0.5331226847296003,-0.2000900209432209,4.595739078731596
7.19,0.1593194119943,2.625257472965,19.4,17.0,0.513699471950531,0.785018801689148,1.899999976158142,25.96999931335449,0.6780150532722473,243.8013305664063,129.2899780273438,90.0226,0.7435,42621.0,380.0,29.4862,26.9367,6.0698,1695.8666666666666,337.6107982224757,3.0100678849520373,126.243,48.203,43.513,6.0698,23.893469695255813,0.8922933064271592,52.67,391262.0,5.5,42.2,52.3,87708.0,38644.0,23300.0,29.21013066820637,20.030529177502824,20.030529177502824,4.456108026187788,110.8,-1.0278132967461957,-0.10230795185820708,0.009171147811657898,-0.30383672047033267,0.09116055793503845,-0.053967337648522955,-0.03993860917281303,0.09116851168768653,0.018280081122978947,0.22926368998733135,-0.06356548879965097,-0.043963163185284426,-0.06258271383380613,-0.002631364863767647,-0.047627362685693626,0.014057839371840325,0.025599697316103242,0.02099966701073856,-0.18810339569845183,0.020479988712512498,-0.17912032742394868,0.032327774334725896,0.0386423843685636,0.031761869181623,-0.005550431411845923,-0.06800819281683035,-0.057677263913579774,0.014301022428274968,-0.007512934511053319,-0.042167663190975486,0.06818806967582834,-0.05936775083159467,-0.10375249132440706,-0.07269849820867168,-0.12095084905672364,-0.008736454912838495,-0.03525578518995018,-0.23536835342751639,-0.3344419374645418,-1.1780744630801008,-0.2092975040005228,4.595739078731597
6.63,0.0590718391242,0.5759403734802,20.3,0.0,0.5112689137458801,0.7386882901191711,1.0,28.56999969482422,0.640950620174408,203.751953125,130.9732818603516,2.90776,0.115,1588.0,7.908338175479372,0.089,0.2026,3.98,913.13,329.46058091286307,1.640734061302774,4.82,0.14,0.34,3.98,1.9414835306710216,0.2504382101047163,73.3,43717.2909103953,2.133822472423064,34.05945495650095,63.80672257107598,57754.0,39953.37,32733.15,7.989646389078048,3.576066916726457,3.576066916726457,2.2858259152713347,56.1,0.2377685795910259,-0.45427901355650335,-0.24526368554039177,-0.17935072364963334,-0.3671498032488581,-0.043179626355604996,0.05121229686164793,-0.07498332889951166,-0.17850056884054566,0.18841215866928784,-0.38868208781791486,0.02029014646585993,-0.24300720843651633,-0.04635354259560198,-0.25464074870998354,-0.06221492794794469,-0.0846835792675783,-0.21379633806606524,-0.24676411066553974,0.00783340037336104,-0.05308177751454494,0.037260091719348125,-0.11704639458395856,-0.09073679880587208,-0.1422832705299448,-0.10231644847552991,-0.1609738084767313,-0.09350497567267509,-0.044941688278915946,-0.43187967795182874,0.032323915744963926,-0.12662533588453564,-0.13975354988679076,-0.013786490029589175,-0.08636127947111184,-0.0823728659484325,-0.14245236786832918,-0.011642959901170737,-0.06288253390396177,-0.143736522163928,-0.014890721526725761,4.595739078731597
6.15,0.2126568435834,2.075193026483,28.6,69.7,0.5422480702400208,0.0557925328612327,1.799999952316284,34.95000076293945,0.092973805963993,287.2151489257813,132.8357696533203,126.195,0.9478,45899.0,1702.0,58.722,16.8508,16.87,882.0,223.4017181377917,8.284052468910467,205.455,93.926,30.942,16.87,33.16205965449566,1.7174502122943875,39.64,605389.0,14.2,42.9,42.8,42227.0,38884.0,17032.0,18.34775726355647,14.769191834162667,14.769191834162667,0.4028414498141264,119.4,0.4978729380136066,0.1293151030801718,0.005026335902802825,-0.7509096278286091,-0.265108009634388,0.0029457014174513,-0.2503479061099716,0.16597473807781876,-0.19531620700126473,-0.527624274414146,0.0797714643666148,-0.05384427939928862,0.018197779848518503,-0.10525860864587083,-0.05573416418755015,-0.12684486379910767,-0.05295961881916087,-0.07703040424122798,0.043753891690242595,0.06757626910533009,-0.23538912297489833,-0.20614519770396963,-0.0011861184432587029,-0.0016200193984714135,-0.07759606714803947,0.024578025788549673,-0.032670480988168514,-0.3477077944897034,-0.061996339155769166,0.03427918426747506,0.010106356537843808,0.02225338783886081,-0.1613226917451663,-0.10983487918584371,-0.3497554887342457,-0.031003722456541576,0.13802640608621894,0.037598281693298374,-0.022639236091556863,0.19321545294513576,-0.43628021341703,4.595739078731598
6.375,0.226203811064,2.268647150833,28.0,354.1,0.3739136755466461,0.5626747012138367,1.200000047683716,33.47000122070312,0.5001397728919983,370.5200500488281,132.7790679931641,78.86,1.51,42101.0,1310.02,57.39,30.39,23.13,2283.8,239.6050310170167,7.455580217403678,175.70999999999998,75.89,47.08,23.13,11.640145980325425,1.1288686636714582,52.2,686334.0,16.06716086336319,29.95130135865117,53.98150854710848,36106.0,32559.0,16815.0,12.881572327495135,5.887189901806822,5.887189901806822,0.6001059414337037,94.45,0.619052154531373,0.19279935596116393,0.0009557334474556978,-0.7051056999724586,-0.4029439495499488,-0.2626610022176692,-0.18466117177803143,-0.20168562013087668,-0.25640907946173846,-0.49904297969203143,-0.02170160858808699,0.029525686510680587,-0.012331911018755137,0.006358657304965561,-0.05788154616311223,0.016414123234008576,0.03218475057897757,0.023830606868707915,-0.034591134674351064,0.003183950701058184,-0.26726287080156014,-0.007659233187457315,0.011525930937313874,0.0055836849692526,0.017951922424665385,-0.005626128362061056,-0.19517936017078985,-0.05786551374296026,0.01517012855276717,0.09726839558848026,-0.06539617968641309,-0.17796734349141452,-0.032068416510268836,-0.0226201516956324,-0.037751778268340586,-0.033121630738518815,-0.08438621408025242,-0.11011779225110625,0.04038956812240311,0.23245192362450176,-0.11920453647532893,4.595739078731597
6.41,0.1613072752335,1.63910553182,28.4,307.4,0.5387269854545593,0.2874916791915894,1.600000023841858,33.0099983215332,0.2789454460144043,386.3236389160156,130.0,97.05,1.21,106381.0,2590.42,55.63,35.38,21.39,6084.07,610.4028000918064,14.863552903373884,174.27999999999997,73.07,53.35,21.39,11.545413701275482,1.3286396630675812,42.31,858592.0,16.673582357043852,41.11565010222189,42.21076754073426,42877.0,31410.0,15449.0,10.182451797210655,6.929020407132105,6.929020407132105,0.954641587443107,92.11,0.7240826465707357,0.1424113657007663,0.01034249356764507,-0.639285122710735,-0.3922564800504733,0.010849641347545921,-0.20786009632397087,-0.0028283508932700394,-0.21338628343312735,-0.31448683417587747,-0.10011315033136119,0.05884606714136278,-0.020375184832318465,-0.007507820836318698,0.07961918233421916,-0.41650500045205824,0.016675037618932353,0.02513964348954656,-0.09021249882044365,-0.40355147038785605,0.18551355366065406,-0.5533959086002563,0.004678702978884027,0.005661961762395491,-0.009033850223378326,-0.04143281702489957,-0.17507692766709185,-0.05508403891743437,-0.054456203621391065,-0.044755613023756045,-0.11647578775521211,0.001147554674303904,0.059912005958065374,-0.10300257691421633,-0.15848814371254852,-0.03467198334546301,-0.23398032456333953,0.03257994190943416,0.03722294401849415,0.1811096663933401,0.003137791723783238,4.595739078731597
6.29,0.1958208053322,2.067808123632,28.3,331.5,0.5595869421958923,0.2621971964836121,2.099999904632568,32.27000045776367,0.2597577571868896,321.0201416015625,130.0,62.8682,0.7473,30465.0,544.0,23.7417,15.1611,8.037,883.0,391.6363496124131,6.993276684364113,77.789,31.907,28.226,8.037,12.555758966506351,0.9191379276851872,47.4,302484.0,8.8,57.3,33.9,63896.0,41068.0,18414.0,9.819277128486252,7.904115227830772,7.904115227830772,0.4381657992565056,63.9,0.7353208028576285,0.3152517062058326,0.07999589197683145,-0.948705756401957,-0.5661893120432732,0.17640761734525037,-0.20772521607657657,0.11468239955189745,-0.2111237597487101,-0.35929795197065806,0.18662674155322864,0.03599927423680963,-0.023074949586365745,-0.034154669190688734,-0.1136540341645243,0.22179659525664927,0.04015664916186893,-0.017997105227627503,0.20150843818384423,0.26838084716480975,0.014514118510962034,0.03643724096348433,0.02319418753479317,0.07103967285271752,-0.004005239647556817,0.08114797981224113,-0.14721586198249964,0.17239701168567437,0.011689871655957399,-0.16499642638233028,0.42217466091479894,0.47541833201774136,0.012275727582048293,0.07652316182244763,-0.5183204131888268,0.05400478022306434,-0.27644549895319975,0.09752299410030522,0.11253651098532429,0.543391277198471,0.015687126540821234,4.595739078731597
7.08,0.1073563743704,1.491912923371,27.5,221.9,0.5748522281646729,0.199037492275238,4.300000190734863,28.63999938964844,0.2092299908399582,142.1536865234375,121.3395462036133,41.8,0.9984,37631.0,382.0,12.2266,9.8512,4.991,6472.866666666667,481.9852705731668,4.89273134806276,78.075,30.563,28.728,4.991,21.398798506227283,0.8755846807233554,35.03,369846.0,16.504901960784316,31.65686274509804,51.83823529411765,26213.0,35691.1,13158.53,16.539135979595088,17.556710821702243,17.556710821702243,1.1884593356762363,77.55,-0.6630534083583364,-0.05472142653193592,-0.0030596075255070417,-0.31012238565164907,-0.06128863472051593,0.06726976960510468,-0.2146928510216979,0.04769788522314592,-0.23034965339826316,-0.2925188061914476,-0.2622758389039302,-0.10277163237437269,-0.18697768862123673,-0.07939420118594782,-0.05527949779681668,0.07121762103671345,-0.06650350357445166,-0.0651580786565036,-0.09710246714026637,-0.3078680138488756,-0.004737400393655643,0.019761638499619916,-0.03056437557337718,0.02962149787317192,-0.06114417986661771,-0.1672162942064721,-0.04977202700540203,0.034373999951579276,-0.16368888171981646,-0.21191843734664814,-0.13769864799854636,-0.10654572140406414,-0.11418516317134098,-0.26026991048132964,0.012728841206959551,-0.18588218932580083,0.1436804896356336,-0.22852628397779942,-0.19019100281042545,0.020013183418699367,0.003183480728264604,4.595739078731597
6.65,0.126125325302,1.313179613021,27.5,221.9,0.5431041121482849,0.358176589012146,2.0,32.54000091552734,0.3365412950515747,232.277587890625,129.3061218261719,41.8,0.9984,37631.0,382.0,12.2266,9.8512,4.991,6472.866666666667,481.9852705731668,4.89273134806276,78.075,30.563,28.728,4.991,21.398798506227283,0.8755846807233554,35.03,369846.0,16.504901960784316,31.65686274509804,51.83823529411765,26213.0,35691.1,13158.53,16.539135979595088,17.556710821702243,17.556710821702243,1.1884593356762363,77.55,0.3281347511163152,-0.04063922015054588,-0.009535613680505983,-0.3006140680665639,-0.09306784222788254,0.019716734566544658,-0.17170470455852818,0.10488030775214506,-0.18592552477312574,-0.2344933694419451,-0.4607171106267589,-0.002707803817488199,-0.13688785899533867,-0.037069894482043585,-0.195586140028015,-0.013371552445315718,-0.12014006133143128,-0.07782808801134508,-0.16551637129724195,-0.5019436031046364,0.0077648437111884445,0.0654532908029367,-0.014645923397561331,-0.05524071755398426,0.013505083603235823,-0.12188844835709807,0.004783862245796651,-0.02269486545950931,-0.1455622444411029,-0.33737931940047056,-0.19216770326785462,-0.30599075375094115,-0.24356277838197626,-0.3124211176025281,0.00011955049454632587,-0.23799203253188983,0.03391751130129367,-0.17677710477399136,-0.28555781098449556,0.1122802637691561,0.043996237677209976,4.595739078731597
6.245,0.1588374700712,1.276391951719,28.1,472.3,0.315296471118927,0.3112873136997223,2.599999904632568,31.51000022888184,0.2990298569202423,255.4457244873047,128.9045104980469,47.0,1.3107136824324324,36372.0,288.0,18.2749,8.0877,7.75,507.0,653.2327586206897,5.172413793103448,55.68,23.55,11.03,7.75,12.063693803924313,0.472838893581081,63.26,168105.0,10.1,30.6,59.3,59606.0,41956.5,25127.5,34.79581925675675,15.15646114864865,15.15646114864865,0.5191153820594531,50.55,0.7092085279162363,0.12802181344230137,-0.018119653772129096,-0.43980291908909974,-0.2571093202758559,-0.10969489485260824,-0.16082208114278265,0.081421585470695,-0.1297861900793542,-0.2768832524950847,0.13573432728756937,-0.015308660414002898,-0.2057760181869985,-0.04388828728738423,-0.059074202200720204,0.040239603260199146,-0.054279052505778226,-0.1279857479007525,-0.09363049167532693,0.11512319582446329,0.3426915987765942,0.08582403066719047,-0.17668367197201248,-0.1896298063320426,-0.11229544777711568,-0.058569820240477244,-0.10646247611181385,-0.040360785093609686,0.13056172504134053,-0.3358149047792692,0.07906224059581307,-0.07096596015120565,-0.05957511978857166,0.04777295796137915,-0.3059300525347985,0.14628635210841648,0.285571217306722,0.007847680537641613,-0.11559865365146434,0.10034066881645515,0.011484934844739503,4.595739078731596
6.640000000000001,0.2558848001299,3.503101136478,27.7,219.6,0.4768135249614716,0.2010269314050674,1.600000023841858,35.20000076293945,0.2108215540647507,148.6543884277344,68.14414978027344,50.1,1.306,41383.0,353.0,16.046,12.1913,6.776,670.2,631.7050831934056,5.388490306823385,65.51,26.747,24.969,6.776,17.9549829028876,0.4442509992904584,49.43,209556.0,6.020172305106115,47.59403235973944,46.38579533515444,76037.0,38605.82,21713.2,14.86650338874155,8.90786065415315,8.90786065415315,3.334605630605978,50.07,0.7711485996468985,0.48285805484353705,0.24076820641733418,-0.459423086557253,-0.03994911175679635,0.3143691928123219,-0.2552844081754698,0.151864562599159,-0.15912887236531378,-0.3312712123167911,-0.39535015560207065,0.10639990018137212,0.13050501707071113,0.039633913154666724,0.20548437836720482,0.0035619075438284575,0.01726353464097567,0.16103702026460096,-0.11071889003307567,0.14641806081112352,0.38553221737099036,0.1241868113033774,0.027295378158025685,-0.01219710324194373,0.37137003376384575,-0.046394359784059626,0.14646114734894364,-0.00745399436080028,0.08095060047099024,-0.34068934776582394,0.2546854699078383,0.5114828340624263,0.16465498321439356,0.19856208783927207,0.60300249075179,0.32572243488373975,0.17450628520658076,0.17944858239425665,0.21537183933079038,-0.38478651621424104,0.42958731842043923,4.595739078731597
6.945,0.2137058061186,2.308573007529,28.0,594.3,0.5184149742126465,0.1792715638875961,2.299999952316284,34.25,0.1934172511100769,288.3624877929688,129.3096313476563,111.07,3.69,99177.0,1003.5,55.58,40.03,31.27,624.27,546.7309812568908,5.531973539140021,181.40000000000003,73.25,59.84,31.27,12.01708770605562,1.3716441835883986,39.96,1202915.0,16.431187710251496,41.28557796152066,42.28323432822784,53308.0,32689.0,17803.0,9.539679628333618,7.153294308153317,7.153294308153317,1.1848298070618952,91.37,-0.6498986970967999,0.16705798169997013,-0.012809971443202154,-0.46121759426662035,-0.32875304491497365,0.00402082498917226,-0.2563552225938143,0.28885206630439175,-0.13423671421105923,-0.3409909356741376,-0.06424592882799045,0.07345156437235438,0.008937583966447208,-0.14125470783544417,0.05415313677833322,0.005619905757258274,0.040347735938433014,0.004211599806083414,-0.04330953159004489,0.1808490184235414,0.08365379288989072,0.04842715241387278,0.021700594157476088,0.0191593286653791,0.02364421134698304,-0.07629594271048191,-0.051805246411584495,-0.01918516479106271,0.0766728454196628,-0.3861854927895189,-0.037895491189864294,0.06325784810116587,0.007910962681200154,-0.05477536094284652,-0.09008358400665643,-0.02019278932946404,-0.09983070002227722,0.014240122886682768,0.027171550817972717,0.1237077211778415,-0.027265718005860695,4.595739078731597
7.115,0.1365566168923,1.569686265859,27.7,289.9,0.6096546649932861,0.1284908801317215,2.900000095367432,32.18999862670898,0.1527927070856094,219.2985229492188,131.0,86.2176,3.9735,25523.0,815.0,31.1163,21.4397,6.37807,471.8666666666667,209.2032032524324,6.680273112515471,122.001,42.695,30.889,6.378066666666666,23.090604598202717,0.495701072671828,46.74,578032.0,13.2,34.4,52.4,70896.0,35317.0,22722.0,12.79694947845151,11.127680470035047,11.127680470035047,1.418914034866713,54.7,-0.8185730032573871,-0.010358571717185369,-0.04130600929379782,-0.3861169051102116,-0.07586278046736562,0.2230052863313214,-0.2194883091389873,0.3005929326960496,-0.08620292059660432,-0.4250229028116934,-0.466751064608616,0.004104499788314102,0.0036774643949276284,0.035475712988664254,-0.1134639146289562,0.06628255294021297,0.03641868949330227,-0.011179715749378502,-0.030614867192746493,0.15964900306036958,-0.17481924823247405,0.010139173801192428,0.012467681608107073,0.029841630255914853,-0.017066902748419616,-0.0022336623933329283,0.04132646199792369,0.11230668695334789,0.05234670130152369,0.1641497552107691,0.13776525532770947,-0.09374023287989601,-0.08017616875015343,0.009283394921969298,0.009506836083922424,0.0592927545293811,-0.03890848177037857,0.028744490797195616,0.05556491109860364,0.1313215972001914,0.09084144248144888,4.595739078731597
6.675,0.0339474408782,0.3884056913313,27.4,361.9,0.3381420075893402,0.3199940025806427,1.299999952316284,34.56000137329102,0.3059951961040497,242.6983489990234,130.4543762207031,63.2664,0.9452,27886.0,444.3569145845439,12.4604,9.594,4.24,5126.7,578.0679933665008,9.211378826379432,48.24,20.1,16.14,4.24,19.43094720323031,0.6227563491270615,69.0,193368.9479159194,3.5451066319090208,42.50639508474981,53.94849828334116,69659.0,40079.96,28518.51,16.15424853850087,8.892486399593126,8.892486399593126,7.63752247452101,120.4,-0.03564549640044536,-0.3115422840170494,-0.09716979165571839,-0.22077224343087656,-0.13428284713213962,-0.12383652419859766,-0.06951656422805545,-0.057073441989208225,-0.11112904715314491,-0.21697021333239105,-0.08812795410876421,0.016736394435311865,-0.011654227363503388,-0.05097792484472959,-0.06755195571172078,0.030373603676988242,-0.014132855549863368,-0.16341666722912626,-0.14352165427767818,-0.29437944235305974,0.06709578062802611,-0.03976093219305279,-0.09259374934245372,-0.045044380560606334,-0.135677137221095,-0.19939956158288852,-0.014263545955128016,-0.016852512936053124,-0.0046859637019166555,-0.07623679944393773,0.10220202911681682,-0.09220159352676732,-0.09197954621492037,0.0013142715302704073,-0.3731852941299758,-0.0021931598687305043,-0.027856082084714812,0.002168731281003665,0.006684144212700638,-0.8889467960558113,-0.35176902424629614,4.595739078731597
6.715,0.07368863019858,0.9141029775597,28.1,406.5,0.3405666947364807,0.472159206867218,1.399999976158142,32.7599983215332,0.4277273416519165,185.4667510986328,133.9436645507813,1.2429,0.0576,178.0,2.865339918651946,0.0803,0.0452,0.01,4.47,635.7142857142857,10.233356852328376,0.28,0.14,0.08,0.0,0.1127832756406402,0.0717922868966855,97.4,2310.438051510152,0.0183640280367156,11.209851980137037,88.77178399182625,126700.0,55075.29,33831.22,30.733895233898767,1.0251391827949203,1.0251391827949203,4.746573554900874,162.4,0.03183539979415576,-0.3592937254586545,-0.007922884077425004,-0.14172697321660374,-0.15421232919884223,-0.09917617993514666,-0.047245048169446115,-0.059999364494239704,-0.06831698908508567,-0.015585041118840395,-0.23297553011516545,-0.2353929429380676,-0.08772689695290799,-0.05603954090851923,-0.23148902936982443,0.0006240854091744905,-0.0787004664335455,-0.12763906190549912,-0.1324834363590167,0.046105136063220524,0.003345753387828297,-0.006585823664945427,-0.12310084098760828,-0.03787655134939166,-0.2542230459192505,-0.15282468879148023,-0.1443625213727452,-0.13946253585098836,-0.015475040831378557,-0.2308395006722922,-0.1862874495817526,-0.13116260198801377,-0.3282303341366289,0.016106408283462437,-0.3297772807761845,-0.0373447070836595,-0.05490102519435596,-0.053046437483134416,-0.013230799853279266,-0.15859333159267808,-0.12307499610065847,4.595739078731598
5.555,0.2521590479137,2.278178500774,3.8,17.0,0.2121531069278717,0.277606874704361,0.449999988079071,8.529999732971191,0.2535617649555206,287.2151489257813,132.8357696533203,126.195,0.9478,45899.0,1702.0,58.722,16.8508,16.87,882.0,223.4017181377917,8.284052468910467,205.455,93.926,30.942,16.87,33.16205965449566,1.7174502122943875,39.64,605389.0,14.2,42.9,42.8,42227.0,38884.0,17032.0,18.34775726355647,14.769191834162667,14.769191834162667,0.4028414498141264,119.4,0.8876196931461019,0.29104434990511935,-0.09021936976505167,0.3972019043658667,0.40699641847129686,-0.16330187120178638,-0.16971511043258944,0.05847166575352084,0.026127737652420973,-0.5342933999800713,0.2868597049559257,-0.1706310286783935,0.02845877357304057,-0.03389959910702215,-0.05787721165066754,-0.3315476214516164,0.02134123382939342,-0.12228759362200314,0.004905270608203671,0.14568754974787687,-0.23932709469595237,-0.3076176345570393,0.02095184191525971,0.0075438611618917255,-0.12351035163483541,-0.02781154500385404,-0.08890357445737908,-0.24345081733481097,-0.020908438254009194,0.1431949492511161,0.10221975321358352,-0.024932326700286,-0.032651530220726234,0.01538242069187675,-0.35788191481034365,-0.0440824248480467,0.10696890710685174,0.06615771398956331,0.006396416082909621,0.486889319315857,-0.39804780693004704,4.595739078731598
6.1,0.2302912650946,2.440129807002,3.3,21.0,0.3015008866786957,0.4831761121749878,0.699999988079071,8.09000015258789,0.4365409016609192,370.5200500488281,132.7790679931641,78.86,1.51,42101.0,1310.02,57.39,30.39,23.13,2283.8,239.6050310170167,7.455580217403678,175.70999999999998,75.89,47.08,23.13,11.640145980325425,1.1288686636714582,52.2,686334.0,16.06716086336319,29.95130135865117,53.98150854710848,36106.0,32559.0,16815.0,12.881572327495135,5.887189901806822,5.887189901806822,0.6001059414337037,94.45,1.0737291075959874,0.3406085160237739,0.03795564790775948,0.5059484959790911,0.4507918759765661,0.04540746115853115,-0.059889083104427275,-0.15148392796452123,0.08413772558310018,-0.5191045104386833,0.40018362699965754,-0.10276061961678366,-0.0583006600327699,0.11806039305466691,-0.08969656960736994,0.053948618663622806,0.0306122794064649,0.07254068009136017,0.07267221278313714,0.024256870498481686,-0.3228066526037929,0.04949671083527959,0.0039011357311099872,0.06745434749264101,0.007143416419897648,-0.0020267636817298262,-0.22528641295851695,0.0019051336573427575,0.18444847222619912,0.29363884657429434,0.0981211883613498,-0.05926779915676905,0.07050930985292218,-0.024085604126096654,0.07825107433653351,0.08335740458628778,0.05198348077077005,0.11719500151076483,0.1467044285370934,0.5763170318711769,0.2685070130367353,4.595739078731597
5.904999999999999,0.1922570584841,1.951581635845,3.6,21.0,0.4531041085720062,0.4497370719909668,0.8500000238418579,8.210000038146973,0.409789651632309,386.3236389160156,130.0,97.05,1.21,106381.0,2590.42,55.63,35.38,21.39,6084.07,610.4028000918064,14.863552903373884,174.27999999999997,73.07,53.35,21.39,11.545413701275482,1.3286396630675812,42.31,858592.0,16.673582357043852,41.11565010222189,42.21076754073426,42877.0,31410.0,15449.0,10.182451797210655,6.929020407132105,6.929020407132105,0.954641587443107,92.11,0.9246061167728424,0.16269757881409136,0.024624414807789558,0.4632414009138462,0.3958479883460983,0.11556522228921196,-0.16237874738842775,-0.13599183627316616,0.04385737153920503,-0.5558380344213399,0.27583297585176286,0.17734498152062153,-0.011186679607108063,0.0745948417526338,0.15771010530673124,-0.3933472624844981,-0.003439419147633127,0.07566770227639581,-0.09040077571278171,-0.5167933524024843,0.06474323543429088,-0.7306554076039496,0.033028298001161506,0.006184495909746605,0.020680615110679573,0.05368736504222371,-0.1557775287372856,-0.14262581363966964,-0.08069315253487841,0.1829319085852463,-0.01982370208131697,0.011550216214774181,0.1897914989628591,-0.06661162054422798,-0.08323236549242181,-0.047107870419346685,-0.3187467883973975,0.09442919231978002,0.11580341147329798,0.4263519516506326,0.12112782650308372,4.595739078731597
5.66,0.2095821009921,2.211532849444,3.1,22.0,0.1978944689035416,0.3411900699138641,0.800000011920929,7.630000114440918,0.3212240040302277,321.0201416015625,130.0,62.8682,0.7473,30465.0,544.0,23.7417,15.1611,8.037,883.0,391.6363496124131,6.993276684364113,77.789,31.907,28.226,8.037,12.555758966506351,0.9191379276851872,47.4,302484.0,8.8,57.3,33.9,63896.0,41068.0,18414.0,9.819277128486252,7.904115227830772,7.904115227830772,0.4381657992565056,63.9,0.7818625376491474,0.13348500214269107,-0.1812242839023084,0.37625495794860325,0.1801012248690821,-0.08183457265408993,-0.2029591980672214,-0.15284588207099903,-0.1643857150626686,-0.5949404050283035,0.5647401596892574,-0.03383725052266671,0.0893514070923292,0.2414519213781289,-0.1685804761851154,0.21931760917907925,0.03276769275279049,0.07343863529321633,0.1889611858837832,0.25671001927113557,-0.03998526743398393,0.08146805028437094,-0.0199317782499633,-0.03554683925849019,0.01853249744839632,0.16586467051436668,-0.25001050381377343,0.1740682561656652,0.0007036001797305347,-0.09939172164777792,0.519978994850857,1.5011584917854597,-0.027857868868690277,0.009923233443276724,-0.7344263760996226,0.04951404200177408,-0.2810471285672845,0.11432589108230713,0.14089583629961142,0.531563925036449,0.032517935264580654,4.595739078731597
6.99,0.1059911845053,1.263483969206,2.7,19.0,0.1251616626977921,0.1729066520929337,0.300000011920929,4.829999923706055,0.1883253157138824,142.1536865234375,121.3395462036133,41.8,0.9984,37631.0,382.0,12.2266,9.8512,4.991,6472.866666666667,481.9852705731668,4.89273134806276,78.075,30.563,28.728,4.991,21.398798506227283,0.8755846807233554,35.03,369846.0,16.504901960784316,31.65686274509804,51.83823529411765,26213.0,35691.1,13158.53,16.539135979595088,17.556710821702243,17.556710821702243,1.1884593356762363,77.55,-0.3479278884247368,-0.11065571036646848,0.0037981272129765883,-0.07939553486568235,0.04352585560262421,-0.765591578876828,-0.15258624047935673,-0.4094322331464653,-0.254393453402968,-0.24341672652561866,-0.23594947052147383,-0.07118218756710859,-0.17398339877243707,-0.017801002354859853,-0.03531154661282985,0.02769002630201725,-0.03401688458606356,-0.10272521789430226,-0.04877294859823491,-0.47986959346363917,0.018292119831776553,0.050837881089332744,-0.003244989887125916,0.024828971940410807,-0.035054224508306135,-0.13289314210151018,-0.038729507159040964,0.046899967885862405,-0.10931408936507798,-0.13167011784772067,-0.09960809528594518,-0.1340726268094861,-0.12098738554432964,-0.06658312415826816,0.04411945212105595,-0.0375304196710968,-0.14288206946895748,-0.06971168511961516,-0.13347910797636584,0.023848826719247287,0.02943799969723493,4.595739078731597
7.15,0.2125038355892,2.335936137249,2.7,19.0,0.1458965837955475,0.2414888739585876,0.25,8.65999984741211,0.2431910932064056,232.277587890625,129.3061218261719,41.8,0.9984,37631.0,382.0,12.2266,9.8512,4.991,6472.866666666667,481.9852705731668,4.89273134806276,78.075,30.563,28.728,4.991,21.398798506227283,0.8755846807233554,35.03,369846.0,16.504901960784316,31.65686274509804,51.83823529411765,26213.0,35691.1,13158.53,16.539135979595088,17.556710821702243,17.556710821702243,1.1884593356762363,77.55,-0.7179020721892702,0.002952944644460035,-0.03099964193312242,-0.07040661523707224,0.03350569253246352,-0.6067832378974075,-0.16452070647536726,-0.3102399772651248,-0.020001283650791974,-0.1338452175806816,-0.3273031957988044,-0.007012530946891676,-0.08850154756364376,-0.02036974000523703,-0.06092416986774779,-3.508550452710248e-05,-0.014908174431416983,-0.16099754258685917,-0.08100039241766437,-0.3450792205257393,-0.03814691624392514,0.034508378618812216,-0.01680785806637539,-0.025100814830482755,-0.014412506986292288,-0.21303552397405126,-0.010327001017866261,0.03545253374730369,-0.10509118403308566,-0.10889473364756518,-0.07548468380011347,-0.28316678347762975,-0.23060812633464708,-0.07642077165433021,-0.12851381112849689,-0.09704057811751728,0.028713159458605902,-0.07030328785053128,-0.06439034034515029,0.005686241722734714,0.03990399320574949,4.595739078731597
6.615,0.2498670891447,2.540322618316,3.9,31.0,0.2856614589691162,0.474615067243576,0.5,9.329999923706056,0.4296920597553253,255.4457244873047,128.9045104980469,47.0,1.3107136824324324,36372.0,288.0,18.2749,8.0877,7.75,507.0,653.2327586206897,5.172413793103448,55.68,23.55,11.03,7.75,12.063693803924313,0.472838893581081,63.26,168105.0,10.1,30.6,59.3,59606.0,41956.5,25127.5,34.79581925675675,15.15646114864865,15.15646114864865,0.5191153820594531,50.55,0.6160340670370693,0.024060804708913402,-0.035300451121712394,0.2413669990417843,-0.07859411684152524,-0.2705077972742371,-0.2631119446281933,-0.13821497280362074,-0.028684296326007514,-0.30221108382325174,0.10316121593468668,-0.05113810825660805,-0.15154506352830535,0.03948876802568846,-0.06748812772221581,0.02307145535420424,-0.039875019547564616,-0.19552844656416582,-0.11675727816447319,0.1560323071208308,0.22341804674130336,0.07547662689575439,-0.20941836894665097,-0.04966806646982249,-0.17319108887959297,-0.0763046344099419,-0.1265837394599645,-0.11275694386036644,0.09498744425949157,-0.2526808815311227,0.1411509461464099,-0.21619663708557554,-0.20031644039810917,-0.01641239857469669,-0.2828354358793456,0.04106659770971514,0.22790723253950773,-0.11549907030036337,-0.14333105839954882,0.1346666293208726,-0.23928041410655013,4.595739078731598
6.645,0.2973392050863,3.882291161179,3.1,21.0,0.2597025632858276,0.3728253245353699,0.5,10.52000045776367,0.3482602834701538,148.6543884277344,68.14414978027344,50.1,1.306,41383.0,353.0,16.046,12.1913,6.776,670.2,631.7050831934056,5.388490306823385,65.51,26.747,24.969,6.776,17.9549829028876,0.4442509992904584,49.43,209556.0,6.020172305106115,47.59403235973944,46.38579533515444,76037.0,38605.82,21713.2,14.86650338874155,8.90786065415315,8.90786065415315,3.334605630605978,50.07,1.2872131811999987,0.4390274736423682,0.2787922050631057,0.44910328898515983,0.20219634839817072,-0.013284331750135528,-0.06208844186376163,-0.07027840923986034,0.170529164646302,-0.22812407848802443,-0.5737777506566385,0.15930661254363065,0.1142270386695098,0.5411670106237342,0.2028053624766398,0.06742120287361303,0.07839007592872053,0.06942919633875828,0.16074535118649877,0.3682921636100061,0.8408060665003284,0.14288779686545305,0.07006262187421469,0.012842690502744373,0.4779782479672328,0.15646644042180816,0.0334436755695379,-0.14663389778563193,0.06340045354902168,-0.3081021752216685,0.8612139668324166,0.861165609213162,0.26558901374898786,1.1117533067313583,0.21140246360740259,0.11345963015014808,0.2304654277229128,0.3492011690802086,0.2646761494900565,-0.4942606136252416,0.05800920940067187,4.595739078731597
7.095,0.2514176443827,2.307216662407,3.3,11.0,0.3960256278514862,0.5645306706428528,0.699999988079071,6.389999866485596,0.5016245245933533,288.3624877929688,129.3096313476563,111.07,3.69,99177.0,1003.5,55.58,40.03,31.27,624.27,546.7309812568908,5.531973539140021,181.40000000000003,73.25,59.84,31.27,12.01708770605562,1.3716441835883986,39.96,1202915.0,16.431187710251496,41.28557796152066,42.28323432822784,53308.0,32689.0,17803.0,9.539679628333618,7.153294308153317,7.153294308153317,1.1848298070618952,91.37,-1.09130258765256,0.05065566844576012,-0.004460724526858991,0.12126426829519994,0.09223200929270918,-0.3690870118099503,-0.26466117193898836,-0.17435285731278616,-0.5268347251879166,-0.4050265688089354,-0.03932101468928086,0.004051974087831718,-0.04408586567281047,-0.1233893671623063,0.007668105753753041,-0.005038823578533645,0.020113662985566032,0.062099099042999796,-0.10509875377780555,0.10431624511883393,-0.0200731028706642,0.06632102376279543,0.03741023906601217,0.036671893994248306,-0.058748003978277626,-0.030327660081194602,-0.1282450283034449,0.03163422475263916,-0.001515354357133523,-0.3914970641477808,-0.0490503473379838,0.02881147992379428,0.02979602583623192,-0.09188818640882741,-0.1426434407040818,-0.013174216863295526,-0.048285667339203864,0.015954739836877018,0.007805644737906477,0.08542620659154604,-0.029807063240261666,4.595739078731597
7.02,0.06714716584645,0.6007905580112,2.5,11.0,0.2684709429740906,0.325076162815094,0.5,7.570000171661377,0.3100609183311462,219.2985229492188,131.0,86.2176,3.9735,25523.0,815.0,31.1163,21.4397,6.37807,471.8666666666667,209.2032032524324,6.680273112515471,122.001,42.695,30.889,6.378066666666666,23.090604598202717,0.495701072671828,46.74,578032.0,13.2,34.4,52.4,70896.0,35317.0,22722.0,12.79694947845151,11.127680470035047,11.127680470035047,1.418914034866713,54.7,-0.782414697991455,-0.5743373515202329,-0.15607245441969603,-0.06724506466469757,0.01258258693775155,-0.15121496276669477,-0.15545799613683434,-0.13187465210044028,-0.07441554482154417,-0.2881492578630525,-0.31969644844129896,-0.05876036059858314,-0.01757176184632246,-0.008358623371098347,-0.12714863477458996,0.04823473184073678,0.0048799210428404445,0.026772299194630367,-0.06988077279510276,0.10091944086527217,-0.23740271762649426,0.03443609649973189,0.0085953111286488,0.005018627409448205,-0.023428627032121285,-0.05627544286769537,-0.0551641603929152,0.016692411702254117,-0.01579124931191288,0.061980923277724205,0.04020736941532694,-0.1651041153041193,-0.13079194687336407,-0.01755921591699347,-0.06527033515695431,0.008862594845171878,-0.044400551808570894,0.056909222406648384,0.02867003431170605,0.02363395496775797,-0.050798513594625005,4.595739078731597
7.015000000000001,0.07736614263897,0.9251703495411,3.0,14.0,0.1248723119497299,0.2005982398986816,0.2000000029802322,7.369999885559082,0.2104785889387131,242.6983489990234,130.4543762207031,63.2664,0.9452,27886.0,444.3569145845439,12.4604,9.594,4.24,5126.7,578.0679933665008,9.211378826379432,48.24,20.1,16.14,4.24,19.43094720323031,0.6227563491270615,69.0,193368.9479159194,3.5451066319090208,42.50639508474981,53.94849828334116,69659.0,40079.96,28518.51,16.15424853850087,8.892486399593126,8.892486399593126,7.63752247452101,120.4,-0.3530252861580891,-0.2843899751043662,-0.035715877408099346,-0.006477390707533406,0.029022447228438993,-0.9307307521459642,-0.10844882879337232,-0.2320739483953431,-0.07732281331616601,-0.19146854536195335,-0.1400955796638728,-0.0011485024286619374,-0.03850018942075104,-0.04770157623795122,-0.031361301641167454,0.008339286443425688,-0.01734651426185001,-0.10780645305367892,-0.027607394300501565,-0.13021543072832634,-0.021684372129205445,-0.0166383594700363,-0.012707595859705245,-0.047335390328617825,-0.18606017839777791,-0.16576281860422973,-0.0068636592766832955,-0.004424820890387944,0.004105481345587001,-0.00980118615544291,-0.017291729096001705,-0.003366751777476494,-0.06331335535265627,-0.007890336396103799,-0.04426183933323114,-0.005487430241603087,-0.05339406715083874,0.00434964239614153,0.0018084225277786436,-0.8484199217545051,-0.36159487016289726,4.595739078731596
7.195,0.1314135470274276,1.4353267236489895,3.8,3.0,0.1158771365880966,0.2247588932514191,0.2000000029802322,5.989999771118164,0.2298071086406708,185.4667510986328,133.9436645507813,1.2429,0.0576,178.0,2.865339918651946,0.0803,0.0452,0.01,4.47,635.7142857142857,10.233356852328376,0.28,0.14,0.08,0.0,0.1127832756406402,0.0717922868966855,97.4,2310.438051510152,0.0183640280367156,11.209851980137037,88.77178399182625,126700.0,55075.29,33831.22,30.733895233898767,1.0251391827949203,1.0251391827949203,4.746573554900874,162.4,-0.3764136858878788,-0.06228757474789731,-0.010246094611408798,0.03428873364798884,-0.2313452120797034,-0.34805797809831124,-0.1525738047479327,-0.22358221247755625,-0.047382335988650354,-0.08098466817075946,-0.14530085164603493,-0.08003860295920623,-0.11233167559571759,-0.05701933700154271,-0.1763186137313922,-0.006782288716624817,-0.0639469632709381,-0.10914514702195531,-0.19885838153478252,0.04975793620224809,0.01654856793446038,-0.13769418197336977,-0.08973748356972532,-0.08488107400712559,-0.03483307913928676,-0.06469749228347771,-0.17832584690473977,-0.0680476325463173,0.03577014717788849,-0.08997385513856881,-0.09796990356862989,-0.1540948186347527,-0.2130564146121017,-0.06552544653665422,-0.21888583027647365,-0.015671480002367403,0.12717801296233322,-0.02070657567113938,-0.0023650441623283367,-0.3675680350702218,-0.4685346084363542,4.595739078731598
6.32,0.1405047339064,1.54002453671,19.1,28.0,0.6302679777145386,0.765863835811615,1.700000047683716,25.14999961853027,0.662691056728363,287.2151489257813,132.8357696533203,126.195,0.9478,45899.0,1702.0,58.722,16.8508,16.87,882.0,223.4017181377917,8.284052468910467,205.455,93.926,30.942,16.87,33.16205965449566,1.7174502122943875,39.64,605389.0,14.2,42.9,42.8,42227.0,38884.0,17032.0,18.34775726355647,14.769191834162667,14.769191834162667,0.4028414498141264,119.4,0.9277480120691827,0.0738392109309363,-0.06495292257613117,-0.07164037687595348,-0.2454479946332726,0.6623259467642696,0.08471926916278394,0.3081005599550443,0.3759627511387662,0.828656584937376,0.3673458819076889,-0.21057821485686867,0.1148798366207769,-0.39304812447718884,-0.04980204001373371,-0.5212016101244766,-0.07131418271668566,-0.2026360392070932,-0.012635309320431479,0.1283355619063263,-0.4436714540711559,-0.4958803053057283,-0.03993397340765489,-0.14903539444922628,-0.25839978966420085,-0.18361634229691745,-0.42563456850169334,-0.5351275021592696,-0.10201784773828833,-0.048588973298321826,0.00847616347223453,-0.1036100294932077,-0.10493195272278066,-0.09928054829457571,-0.4772086679078251,-0.07460195471653452,0.15914616652825642,0.0239601485773638,-0.00038461793192109034,0.5379503639864205,-0.33397220799267685,4.595739078731596
6.46,0.4073399839378,4.242409041675,18.3,32.0,0.6186338663101196,0.8797546029090881,3.0,23.60000038146973,0.7538036704063416,370.5200500488281,132.7790679931641,78.86,1.51,42101.0,1310.02,57.39,30.39,23.13,2283.8,239.6050310170167,7.455580217403678,175.70999999999998,75.89,47.08,23.13,11.640145980325425,1.1288686636714582,52.2,686334.0,16.06716086336319,29.95130135865117,53.98150854710848,36106.0,32559.0,16815.0,12.881572327495135,5.887189901806822,5.887189901806822,0.6001059414337037,94.45,0.946005063374535,-0.49835641436993644,0.3258186597035517,0.7480465777479601,-0.3520989092681936,0.788861167954188,0.647042334682521,0.4806097000842811,0.7314544442856845,1.1388597289968485,0.7903811217464917,0.12503612284058382,-0.1292277043792547,0.06070067564813123,-0.11999171582373587,0.021870427115843787,0.023511521668710178,0.052486817747763426,0.03370185059191699,-0.14906982003662916,-0.4288616997667997,0.030592189046332874,0.06775673770961725,0.012103411307703057,-0.020980097028178046,-0.0004998160299225877,-0.1943752845072564,-0.019617800925482487,-0.020136780565736572,0.3053105816139084,0.09648432906395961,-0.06357760657337597,0.2182185771969273,0.05245052584191112,-0.09696018789851653,-0.08918127082931553,-0.08590687561382722,-0.0014860421225045457,-0.1936001008797873,0.7051901199580158,0.020260093565110233,4.595739078731597
6.54,0.3783828045614,4.473671270399,19.0,46.0,0.6479945182800293,0.6949933767318726,2.299999952316284,24.85000038146973,0.605994701385498,386.3236389160156,130.0,97.05,1.21,106381.0,2590.42,55.63,35.38,21.39,6084.07,610.4028000918064,14.863552903373884,174.27999999999997,73.07,53.35,21.39,11.545413701275482,1.3286396630675812,42.31,858592.0,16.673582357043852,41.11565010222189,42.21076754073426,42877.0,31410.0,15449.0,10.182451797210655,6.929020407132105,6.929020407132105,0.954641587443107,92.11,1.3204517233735322,-0.352341311859933,0.4474452076487753,1.0614878282549502,-0.14796230603040003,1.066039452252344,1.002263451472678,0.45091327891503546,0.6378907680778297,2.063299511863242,0.8920930151556464,0.4553384530221054,-0.0062380008793407144,-0.03160378853575981,0.1352327333504172,-0.5950600683731864,0.07138745080536646,0.3496747451785324,0.0899382853774247,-0.7632442517391033,0.018019733207368455,-1.2064812393157915,0.043989699936249536,0.051494315906546774,0.2838995738395564,-0.09916506148679842,0.08316990015450754,-0.061861449968676784,-0.03169303458174185,0.5894504930802138,0.036392206161746245,0.07445127516893653,0.20328975273018315,-0.00595987326405097,0.25787110187827506,-0.04814287383967738,-0.337463730393444,0.02203855187932739,0.23440147793054322,0.8744888360730033,0.12965897132902307,4.595739078731596
6.385,0.1795637312951,1.79149926306,18.6,19.0,0.5894808769226074,0.7502785325050354,1.5,24.8700008392334,0.6502228379249573,321.0201416015625,130.0,62.8682,0.7473,30465.0,544.0,23.7417,15.1611,8.037,883.0,391.6363496124131,6.993276684364113,77.789,31.907,28.226,8.037,12.555758966506351,0.9191379276851872,47.4,302484.0,8.8,57.3,33.9,63896.0,41068.0,18414.0,9.819277128486252,7.904115227830772,7.904115227830772,0.4381657992565056,63.9,1.8608955082801575,1.0121222372508973,0.20225902201768806,1.10768540201985,1.472368373826277,1.6660013261027344,0.8304908977508303,0.4218624433770129,1.3039562052905234,2.8900768882952974,1.5783142731418593,0.09781539073794776,1.1518534713280837,0.3079652504546768,0.42526679879061396,0.7993942002023918,0.29451901070290015,0.13453532037217053,0.5643058496122327,1.340626488606123,0.006076679439700879,0.7787116524843588,0.026557291336582207,0.09631075850232262,0.07247976993516136,0.4675428162801816,-0.46299845824028685,0.635783877407868,0.1203965170173354,0.21850363268819348,0.9767868418190978,5.885720465114459,0.1682827699873055,0.36441748460762535,-0.4337348344189624,0.2739576611757568,-0.15615525143335596,0.3843912625361832,0.490293220605636,1.408221375838381,0.28926515254355606,4.595739078731597
6.975,0.3333314348394,4.644973571393,19.3,7.0,0.3762629628181458,0.6235977411270142,1.299999952316284,21.02000045776367,0.5488781929016113,142.1536865234375,121.3395462036133,41.8,0.9984,37631.0,382.0,12.2266,9.8512,4.991,6472.866666666667,481.9852705731668,4.89273134806276,78.075,30.563,28.728,4.991,21.398798506227283,0.8755846807233554,35.03,369846.0,16.504901960784316,31.65686274509804,51.83823529411765,26213.0,35691.1,13158.53,16.539135979595088,17.556710821702243,17.556710821702243,1.1884593356762363,77.55,-0.5227781312099634,0.023799765373567025,0.09077807364931463,-0.2694400039653814,0.015243972700721578,-0.2822544513360289,0.04406294193959401,-0.03064776921391647,0.04941352981438748,-0.09018845994030218,-0.35760527370242273,-0.04702094193827405,-0.1552620064165108,-0.02492540573859195,-0.07970481096884979,0.055602300274686385,-0.060974011266692114,-0.09548910102311696,-0.13390453955483303,-0.5263416269223752,0.03442712840582621,0.050886613552261734,-0.05026534833380192,-0.02052918789339386,0.038643951880673745,-0.24161506025654203,-0.14067622405106847,0.07101342415773232,-0.09868396080539914,-0.1922929133352277,-0.06945710395470572,-0.4199636435520799,-0.16043698953884045,-0.3052781404649509,0.05716440178670227,-0.24089222584683967,-0.0749141125162268,-0.19245488086852416,-0.14185644989441706,0.08255687502561442,0.024026615806228422,4.595739078731597
6.805,0.1534663517208,1.867697387561,19.3,7.0,0.4930704534053802,0.8993932604789734,1.100000023841858,24.70999908447266,0.7695146203041077,232.277587890625,129.3061218261719,41.8,0.9984,37631.0,382.0,12.2266,9.8512,4.991,6472.866666666667,481.9852705731668,4.89273134806276,78.075,30.563,28.728,4.991,21.398798506227283,0.8755846807233554,35.03,369846.0,16.504901960784316,31.65686274509804,51.83823529411765,26213.0,35691.1,13158.53,16.539135979595088,17.556710821702243,17.556710821702243,1.1884593356762363,77.55,-0.06331505256925278,-0.07238621247275788,-0.0118573259168005,-0.2547497820456186,-0.0329207367285998,0.0287135068947999,0.11118356197828573,-0.19477689580093074,0.11752675312646806,0.31504387974310205,-0.7065488815504328,-0.0057434907409130015,-0.12309416747768048,-0.011605677371827028,-0.08168732907138478,0.039710616637890224,-0.19342323485384172,-0.0848121260168075,-0.1408800346261583,-0.5479436793789646,-0.005650960578246276,0.006624270532742916,-0.08419513049178846,-0.059989350295561746,-0.02061448475396318,-0.2344816332679234,-0.023886814232724023,0.0253786040464439,-0.18346090344404567,-0.4288765365446363,-0.14408404876711103,-0.3410929042923303,-0.1697777094779425,-0.33827372969922936,-0.15610189083135828,-0.24442209017288816,0.06946377157754509,-0.2347110711759438,-0.17056992811822716,0.08999591775712444,-0.02209695458226708,4.595739078731597
6.44,0.148192055009,1.388260746381,19.9,15.0,0.7444897890090942,1.0,4.5,23.97999954223633,0.8817965388298035,255.4457244873047,128.9045104980469,47.0,1.3107136824324324,36372.0,288.0,18.2749,8.0877,7.75,507.0,653.2327586206897,5.172413793103448,55.68,23.55,11.03,7.75,12.063693803924313,0.472838893581081,63.26,168105.0,10.1,30.6,59.3,59606.0,41956.5,25127.5,34.79581925675675,15.15646114864865,15.15646114864865,0.5191153820594531,50.55,1.4225682032459037,0.2998733639636578,0.030273013373706286,-0.4190317948099313,0.4250367185747786,1.052862384416293,0.9502950419429853,0.31200930425646006,0.614506599607577,1.0833300420192415,0.43351841168295646,0.010324559926048785,-0.07795050755734867,0.045762850364202357,-0.09146295266927024,-0.028261593062394025,-0.10391017357588032,-0.28003290716452717,-0.029170468696521734,0.29077737257001773,1.732458036214551,0.09332421228229686,-0.4175278885812643,-0.02765443270285406,-0.14096921068065085,-0.10804757472051933,0.2992653828788665,-0.051599196426661185,-0.0007339447408694633,-0.510548506389454,0.41118992192954823,0.29484190372706737,-0.16100027164444694,0.08966811765787046,-0.37970999775021347,0.7693058271391383,2.1082026667071605,-0.2562244609353099,-0.15307453534405643,0.18092917232986797,-0.1254812975092757,4.595739078731597
7.08,0.1546684837325,2.108195949799,19.3,11.0,0.4887903034687042,0.6446688175201416,2.400000095367432,22.59000015258789,0.5657350420951843,148.6543884277344,68.14414978027344,50.1,1.306,41383.0,353.0,16.046,12.1913,6.776,670.2,631.7050831934056,5.388490306823385,65.51,26.747,24.969,6.776,17.9549829028876,0.4442509992904584,49.43,209556.0,6.020172305106115,47.59403235973944,46.38579533515444,76037.0,38605.82,21713.2,14.86650338874155,8.90786065415315,8.90786065415315,3.334605630605978,50.07,-0.9683062323247639,-0.023433774411546687,-0.08005385334939918,-0.24567017665231164,0.05812603014134123,0.010494499211383327,0.11552921270612633,0.08398757177028772,0.1801506775326015,0.02750991100030688,-0.6290187869835953,-0.02214700484498013,-0.08734716071834858,0.06163943294787644,0.03178295811707127,-0.015036162350259804,-0.12232874117733566,0.015251593117861673,-0.13058647006241997,0.16557939915985073,0.24518422381853608,0.0936763567897118,-0.16402742923970134,-0.03154130383836987,0.028531633586522276,-0.12514558927220995,-0.11270348817133957,-0.12898110989924935,-0.0018891020430681176,-0.25353200015910476,0.1904703022058228,0.18397252640838513,0.031772503737590774,0.0797762461661095,0.10671223190307151,0.03473403785712977,-0.04644512717755354,0.14337243600421806,0.05655163634040291,-0.5857685135881576,0.07322501162543271,4.595739078731597
6.825,0.1973637230563,1.705108159192,19.2,5.0,0.5868080854415894,0.8374630212783813,2.299999952316284,25.04999923706055,0.7199704051017761,288.3624877929688,129.3096313476563,111.07,3.69,99177.0,1003.5,55.58,40.03,31.27,624.27,546.7309812568908,5.531973539140021,181.40000000000003,73.25,59.84,31.27,12.01708770605562,1.3716441835883986,39.96,1202915.0,16.431187710251496,41.28557796152066,42.28323432822784,53308.0,32689.0,17803.0,9.539679628333618,7.153294308153317,7.153294308153317,1.1848298070618952,91.37,0.4659835335325568,0.2766600296772885,0.04906416470200747,-0.0019105542410674896,0.2697124515611368,0.8809624018598173,0.5795760094604672,0.7148299832550665,0.521274678126439,1.2230875301441138,0.538832355579303,0.3050740063625648,0.10736522877944295,-0.1873470218569565,-0.03200462215437357,0.06289201943204899,0.05981237873341342,0.12012567852814386,-0.22715054766885034,0.2862173613947985,0.1859383534962273,0.07169555107902344,0.043084065210070945,0.06320472818326732,-0.028333954289820402,-0.1758542254378472,-0.07063459775614063,-0.03456760242062621,0.007812369262017708,-0.3198424936998551,-0.16215237510218772,0.274146858894136,0.09751406684844759,-0.056310095107403625,0.06423067532049716,-0.03143865328235318,-0.1333974566257067,0.0539808541182392,0.04672969558349479,0.487445010778735,0.08862869799919411,4.595739078731597
7.195,0.1055744224005,0.8829123922879,19.2,9.0,0.6498844027519226,0.90932297706604,2.099999904632568,25.35000038146973,0.7774583697319031,219.2985229492188,131.0,86.2176,3.9735,25523.0,815.0,31.1163,21.4397,6.37807,471.8666666666667,209.2032032524324,6.680273112515471,122.001,42.695,30.889,6.378066666666666,23.090604598202717,0.495701072671828,46.74,578032.0,13.2,34.4,52.4,70896.0,35317.0,22722.0,12.79694947845151,11.127680470035047,11.127680470035047,1.418914034866713,54.7,-1.501162485703717,0.0021379399379095796,-0.004371976272322479,0.028592913653402812,0.13937845952609493,0.8279548306806485,0.16638511433841524,0.3830678691065361,0.21595971889668497,0.7307980618651794,-1.0405488396547626,0.04188930509679802,0.026173697045857536,-0.08122227688352533,-0.17333129017338478,0.04331458586439082,0.05876492983866503,-0.017600895533136946,0.01274557492711433,0.1435125019590701,-0.26297584233014193,0.09653509766214173,0.017523014652489215,0.035892093416568314,-0.020185562480628083,-0.006897828017263148,0.029007758131023537,0.06659144897620417,0.026659393362324552,0.21306807511193884,0.3354941844378277,-0.12603384427314224,-0.13009568155804307,-0.005894891008318415,0.045764417681992686,0.053899402528889806,-0.03815160723803094,0.0021512234332777456,-0.01000477319768824,0.26223323098992013,0.007754723534249053,4.595739078731597
6.515000000000001,0.04013846537348,0.404672904159,19.5,13.0,0.3012502193450928,0.3733408749103546,0.6000000238418579,30.04999923706055,0.3486726880073547,242.6983489990234,130.4543762207031,63.2664,0.9452,27886.0,444.3569145845439,12.4604,9.594,4.24,5126.7,578.0679933665008,9.211378826379432,48.24,20.1,16.14,4.24,19.43094720323031,0.6227563491270615,69.0,193368.9479159194,3.5451066319090208,42.50639508474981,53.94849828334116,69659.0,40079.96,28518.51,16.15424853850087,8.892486399593126,8.892486399593126,7.63752247452101,120.4,0.2791796719205241,-0.5572155669165734,-0.1620232616215054,-0.20443983112107453,0.031201239795230134,-0.07315077950575789,-0.15587486787127214,-0.06824971736052592,-0.16241238908277456,-0.22231746902621471,-0.07055125188416562,0.01532994899802402,-0.09400626271508487,0.01037811199184456,-0.1417624657677787,0.03164206931347918,-0.13466819643332525,-0.0912183592170296,-0.1459480877883052,-0.1844983799164749,0.07722226372392148,-0.040432350975607684,-0.12449327931643926,-0.020586296445367757,-0.07666762638624104,-0.24342521102451578,-0.056965040538974006,-0.02042208774717783,-0.022895440763170367,-0.10783200716455564,0.12445860263233292,-0.04558378797797418,-0.05742220744025126,-0.04725435697336985,-0.28802644088750856,-0.12916523719867384,-0.005560186188791926,0.034004319928648684,0.030259130088966454,-0.9731430490756502,-0.33444497954107283,4.595739078731597
7.0,0.06498900503097,0.6232803354827,20.3,0.0,0.31899493932724,0.5351080298423767,0.8999999761581421,26.72999954223633,0.4780864417552948,185.4667510986328,133.9436645507813,1.2429,0.0576,178.0,2.865339918651946,0.0803,0.0452,0.01,4.47,635.7142857142857,10.233356852328376,0.28,0.14,0.08,0.0,0.1127832756406402,0.0717922868966855,97.4,2310.438051510152,0.0183640280367156,11.209851980137037,88.77178399182625,126700.0,55075.29,33831.22,30.733895233898767,1.0251391827949203,1.0251391827949203,4.746573554900874,162.4,-0.3890241498244576,-0.09712248676787893,-0.04613715613417064,-0.0511448592360697,-0.23475580769108287,-0.05290229827464102,-0.01780047903463597,-0.08643423502450681,-0.014395900954589494,-0.08446661813583102,-0.12982612073183594,-0.23142944967438486,-0.05837706299233086,-0.01727818895755837,-0.08671954463371338,-0.050007950247219324,-0.07633240890201502,-0.09361447336983764,-0.10223086830083707,0.04018022235501408,-0.020032144699043325,-0.09681850290114119,-0.05439028105936885,-0.19450554347576365,-0.04382614736240092,-0.058975197936852804,-0.18400876809595904,0.003610494680267544,-0.0658670173751409,-0.020305080243069144,-0.24599190637467291,-0.28442680639614915,-0.30225623764462867,0.004217051409558794,-0.5627667222132631,-0.003102685732391116,-0.001801958810420547,-0.07310584746049255,-0.023929547402738185,-0.20706537585401122,-0.27093148316229054,4.595739078731597
