pollutant,model_name,mean_r2,std_r2,mean_rmse,std_rmse,mean_mae,std_mae,n_folds,best_model
THIA,ElasticNet,0.39654074393643846,0.15364418995212603,1.4876058206908382,0.18049028137831394,1.1614373718535307,0.10207385593709789,5,False
THIA,RandomForest,0.3653721190877672,0.12303051894507591,1.5265140798680084,0.042184496419919934,1.151269228319324,0.03975774915553119,5,False
THIA,XGBoost,0.5386567358381228,0.08866127515343088,1.3104673751901357,0.14663040266032099,0.9827069100621845,0.06502864045241828,5,True
