pollutant,model_name,mean_r2,std_r2,mean_rmse,std_rmse,mean_mae,std_mae,n_folds,best_model
THIA,ElasticNet,0.4070638831091281,0.14389018908050402,1.4769490742518916,0.18560242344466532,1.146066510258867,0.1040211541627147,5,False
THIA,RandomForest,0.36600148350405204,0.11030296233259715,1.528639391029565,0.05702706317003634,1.1621396341595522,0.03764677939263347,5,False
THIA,XGBoost,0.5376651781062647,0.1383029754388761,1.3006178217216129,0.1840296907296448,0.9584723882425076,0.0707783096529641,5,True
