PREC,T_M,T_W,DO,pH,COND,DOC,GPAM,WS,FER,PES,MO,CO,VE,FR,FERA,PESA,TSA,WA,CA,VEGA,IRR_W,AGR_W,UR,GAO,PR,SR,TR,GDP,UI,RI,UR_W,RU_W,IND_W,LIF_W,POP_TOT,Soil_IMI_agg,PREC_shap,T_M_shap,T_W_shap,DO_shap,pH_shap,COND_shap,DOC_shap,GPAM_shap,WS_shap,FER_shap,PES_shap,MO_shap,CO_shap,VE_shap,FR_shap,FERA_shap,PESA_shap,TSA_shap,WA_shap,CA_shap,VEGA_shap,IRR_W_shap,AGR_W_shap,UR_shap,GAO_shap,PR_shap,SR_shap,TR_shap,GDP_shap,UI_shap,RI_shap,UR_W_shap,RU_W_shap,IND_W_shap,LIF_W_shap,POP_TOT_shap,Soil_IMI_agg_shap,base_value
180.9,27.2,28.3,6.84,7.81,215.0,1.59,66.2474,1.0595,34376.0,483.0,28.7012,25.1718,28.6734,5797.0,379.3590535887702,5.33018451487596,90.616,40.315,35.368,6.809466666666666,17.150500621066524,0.5104117114683594,57.69,245093.0,4.046117032847509,70.70339991554594,25.250483051606547,87265.0,36610.0,23148.0,20.47279770573432,11.45791031431516,5.074354330870425,0.2603928326866012,70.9,5.125727712215015,4.1170943506682915,-1.3325890542877223,5.455197061952204,2.3234128050257765,-1.7150936523514497,-10.499772285160919,-6.210288100341955,0.13574762272958937,-0.9882313224549085,1.2164984031207862,0.6795235463542258,0.6682016481583309,-4.044800508897751,2.834861501057942,13.063748649843037,5.924318940422186,0.19621446185434888,0.21594689591477131,0.1681828501199686,-1.2473016748763612,-1.2303592747946575,1.5333573068243769,-7.204029222065582,0.41985900294656603,-0.14935503043234336,-0.20014185997347025,0.8575391324299072,0.1318257123169797,1.9087975428781156,0.014399039912968389,1.0164329400658598,0.8528907376279434,-0.6883179707018033,-0.3297327950845162,0.302912019168339,0.11032126736516634,-4.877416651956737,52.74290215969086
191.4,25.7,30.2,10.11,8.41,885.5,1.6,69.4828,1.3569,21994.0,591.6353864032538,9.1363,9.5518,7.95815,16641.32,381.11245884595394,10.251869457689375,57.71,25.24,23.82,2.36,23.245438704361963,0.4724934230642314,61.4,189959.29356481816,5.960707881876988,46.25281304491967,47.78647907320334,66835.0,38481.79,24326.61,8.747788017238738,6.746846249557248,4.849428335338578,0.4633533676333021,73.3,0.2750484946787324,0.7633065866647906,-2.835530066862702,1.8960643484381332,-2.6510819470944504,0.2790720996043336,-7.423739768043159,-3.7774274932748333,-0.5002901795444387,-1.2744898077659308,0.2835453996062268,-1.1014153563417495,-3.638100312966854,3.360352973950406,0.7306574501345554,2.195708081296955,0.21003741564229195,-0.7030192262896642,0.24280841143180854,-1.2762657110175744,1.08315062082683,-2.8199671286592873,-7.084037258268022,-7.544530340439329,0.2652735177303352,-1.1352186137344693,-0.40426994455357396,0.174151255134493,-0.06245158520837683,0.6090726731531317,-0.15451424518910448,0.3317838586897898,-1.1332210716046385,0.7870199709075196,-2.336268935383608,-0.24517512839597896,-0.041525883078575486,-12.789134359164164,52.74290215969086
324.2,27.7,27.9,6.74,7.495,355.5,4.52,65.48,1.159547297297297,35404.0,628.0,32.7396,23.8933,28.3358,18135.0,353.61566120655215,6.272473032361166,100.12,42.91,32.89,6.89,21.692116085648387,0.4183057432432432,45.82,494396.0,16.2,34.7,49.1,52830.0,29483.6,14569.4,30.782770270270262,13.408445945945948,0.4610408828493061,0.2022597972972973,44.72,25.441570396356155,4.642468522035828,5.862662490606308,6.6790634534011275,2.1860772758784393,3.4084726449785143,-9.85383861626188,-4.921883524026101,-3.592800813571859,-0.4400674861917917,0.6519653867992264,-0.573820881626259,-2.343099599738295,-4.764902962216487,1.3349253279281157,-0.1787225334501521,0.8373576658032834,0.1921078638049464,0.7858470587587609,-0.2023595807887618,-0.7987416969860585,-1.0761617615632708,-3.050891050410767,-10.608913257159289,0.03870555737055851,0.5334027576943233,0.35759593057756556,-0.09322496543327989,0.17376429977516317,0.07657507568597725,0.12588413697977904,-0.3757453745106855,-0.25148461855637433,-0.8274353771811978,0.25357447762042423,-0.09448193891594858,-0.7618203879178811,0.9261669607460506,52.74290215969086
324.2,27.7,28.9,7.24,7.75,337.0,3.7,65.48,1.159547297297297,35404.0,628.0,32.7396,23.8933,28.3358,18135.0,353.61566120655215,6.272473032361166,100.12,42.91,32.89,6.89,21.692116085648387,0.4183057432432432,45.82,494396.0,16.2,34.7,49.1,52830.0,29483.6,14569.4,30.782770270270262,13.408445945945948,0.4610408828493061,0.2022597972972973,44.72,20.20629617968777,4.4059902574277165,5.581651623776804,10.55061600698158,1.3788614013822134,0.5874815147432179,-10.34584602246682,-9.244374306189515,-1.647313828592499,-1.1734432047667598,0.7454736900205416,0.09828593720371585,0.34221320889890183,-5.0770049236466495,2.2567735335975887,1.6906263786833728,0.19400424439460137,-0.7257525113721695,-1.1034228894424942,-0.28621741604059964,-0.7181044872788086,-2.031559204477816,-7.625556213818491,-13.178379047078394,-0.13060244008588442,0.18153294999152436,0.13881288955919402,-0.05659941098342417,0.029114737920463263,-0.08102552669433265,0.24052205308650856,-0.347211429402232,0.25386482639238245,-0.9593429899495088,-0.021481050398821644,0.10944179384658821,-0.771815489499519,2.3627546140303224,52.74290215969086
434.4,27.7,29.9,9.085,7.93,884.0,4.52,92.75,1.5386300675675677,45158.0,696.0,33.0483,14.6795,94.9691,6452.0,387.35632183908046,5.970149253731344,116.58,42.49,20.02,31.74,25.258358901966528,0.555059543918919,52.85,465622.0,12.3,44.1,43.6,67794.0,41956.5,22104.5,40.84636824324324,17.791976351351355,0.9989242570341496,0.2683831925675676,59.34,6.6749876832164174,3.155748132194082,2.4588711868723236,7.157613387970875,-5.585417998122673,-2.207842443777869,-11.484242470708365,-4.236688230372967,5.516139332037419,-2.2997585283654436,-1.068150350215533,-0.3202846875538438,0.8595212965179234,2.424617244365315,-4.580853433820109,5.754201092825582,0.02550139471267669,0.10967504914850028,-0.4338896391540767,-1.0164961698961748,5.329995063673706,-2.891795265485223,-4.518413885552437,-5.627592332434529,0.08097082371513024,0.15593029394745864,0.0038722925695283314,-0.020130472344656408,0.2276355469847718,0.3835902630413572,-0.28016588794688363,0.24937369570136095,0.5315450842181848,-2.3248934309991705,0.02458963394164974,0.17043932564556386,-0.22321435252825417,8.858140980675815,52.74290215969086
233.8,27.8,29.1,3.65,7.705,454.5,3.68,107.34,6.28,66001.9,1675.31,49.3,18.28,103.68,17174.4,435.2825957923893,11.048671107300668,151.63,65.22,31.43,27.37,10.04493389674318,0.8095851014325984,41.74,774172.0,21.96364940618549,42.590832655196046,35.44551793861847,49137.0,30324.0,14574.0,6.059303494414041,4.22208657852724,0.6829462442173873,0.1613749773036768,55.57,1.466668729284413,8.2106813982067,3.7772987601999195,13.451439455567547,28.526581974166135,0.8118250671432646,-13.168434820075829,-4.048005300040047,1.442387564213328,8.858265288143107,-1.1579002742593483,0.9373260934154187,1.774817338666567,0.8182173483694596,-2.0783393801717693,3.144845926128326,-0.9592242570345627,4.253198572903251,-0.5682307518925519,-0.8531590640172366,-1.1752953352096174,-2.253826953417932,8.097870655475804,1.3510944255565611,-0.4461941405944527,1.2896366174550102,0.776994908905278,0.11864857348303115,0.5408015519070123,-0.4960445367637982,0.9735265374369911,-0.2567290264368068,-0.9746109224048753,2.5689061044404906,0.6722608233615762,0.9852337870436436,0.06992596884878921,-4.98842083713971,52.74290215969086
421.2,27.7,28.2,5.455,7.470000000000001,377.5,4.715,113.44,6.47,113005.25,3048.97,56.37,31.11,123.25,170899.0,632.6927383685123,17.070544762331334,178.61,74.6,52.48,33.02,11.832260392384752,1.0136065476243834,41.19,962714.0,23.22925734100645,37.059541398199215,39.71120126079434,40450.0,30441.0,14677.0,7.420621787035737,5.286083690348805,0.6079000575173069,0.2002013844757149,68.94,21.62126033199883,8.527121759851774,5.526703126883755,15.209745862695078,22.51272695249257,2.723488500012705,-13.46038698549072,-8.34054374470686,10.386958766113963,20.2004694267828,-2.286497052100797,0.8930708255805095,7.6977871789162355,-7.2227113341726366,-2.1346432198615126,-27.725886465162038,14.003204599084954,-0.762002777587624,-0.07670570975169493,7.778852573403466,-7.65394664445271,10.997503011338415,11.24287989398775,6.552917723090697,-0.27112980949381943,2.6932590565954633,1.758223425410689,0.4090085573991112,0.36251261969407533,-0.5562369007989748,0.2045240239861128,-0.5345166672642027,-0.0842337064320849,1.4648804403655236,0.7859993254331245,0.3798312131253345,0.880618986350797,4.3386644611383485,52.74290215969086
605.9,28.6,26.7,5.645,7.609999999999999,381.5,3.76,13.72,0.83,7014.7,78.24,7.31,3.49,34.58,2219.0,256.8546320029293,2.864884657634566,27.31,10.63,6.92,6.91,1.80918779080694,0.4565479911105388,75.7,148886.0,2.978968581939072,42.82646793950212,54.19456347855881,46502.0,34131.0,20135.0,14.867372524025823,2.380954321306591,0.8667399117112345,0.2182642305946436,75.16,8.33140635582175,9.049010878081123,5.346190803125502,9.497418145829194,22.565486648355918,2.2162057315123564,-12.571478639133275,-7.771971059193212,-14.4036580257304,-3.637595376009122,0.12084038208549124,2.1731823108407333,-2.778534528091549,23.96573895762985,3.7870450407111416,6.874175878564517,-11.43101254394278,3.6946945261706907,0.8247680501639847,-1.8237396194351214,9.522414215598253,4.573899116547158,23.38600039896245,-3.769969246129817,0.5866493092166891,-1.0336385564009367,-0.534824898752075,0.012921966028709875,-0.003520773723721208,-0.3780454669520254,0.005119767012073358,0.2010315826038518,0.1527271604910488,1.4934496983823669,0.16247699098040957,0.13284877540543652,1.1440789296850573,2.7362553772019846,52.74290215969086
115.2,28.8,29.4,2.42,7.52,524.0,8.27,60.6455,0.7705,18738.0,201.0,20.6519,13.225,27.4686,21790.0,236.6058463286824,2.5380390176147487,79.195,32.652,23.515,6.148,12.782698470895246,0.7724210753786316,47.21,209885.0,11.2,48.7,31.3,49780.0,37342.0,15884.0,8.251880779338212,6.642425473153561,0.2421040892193308,0.2176759611841297,53.7,16.023524337943662,11.787647820139924,8.147349448868383,13.469054121356459,23.560482371052107,7.095737055310356,-3.9535114249835424,14.04168857334182,-1.116587298515564,-2.579157999251041,-0.5487641050387181,-1.4095222409379982,-3.146271979951612,3.244783269334586,1.0748594994843046,2.251098186001183,-2.5762784095077484,0.933528583329171,-0.6982822735173008,-1.8965111988472423,3.1478130723536,-0.4819243409484623,10.063988399800534,-0.19664137404412063,-0.206234130579977,-2.1298431812630363,-0.1720491068686029,-0.4669558779429641,0.6681640907377009,-0.41991706912716165,-0.7945397578738641,-0.9812871540089443,-0.452197127981733,2.595538497650995,1.870856256416691,0.6228586127981535,0.0029076602061595125,4.340933094996338,52.74290215969086
331.5,28.3,29.8,3.2350000000000003,7.47,628.5,8.35,62.8682,0.7473,30465.0,544.0,23.7417,15.1611,35.7857,16160.0,391.6363496124131,6.993276684364113,77.789,31.907,28.226,8.037,12.555758966506351,0.9191379276851872,47.4,302484.0,8.8,57.3,33.9,63896.0,41068.0,18414.0,9.819277128486252,7.904115227830772,0.4381657992565056,0.2590222331408918,63.9,29.26528838066761,14.627336525321013,5.913484854723014,18.496799698788674,26.65505371912693,7.546659230962395,-6.539586073060828,8.317126818907758,-1.8866466119885459,-0.9986618478068472,-0.2786396604776377,-0.08605395934855024,-1.0431442162487652,0.5564957670494936,2.464895339601983,3.418042330341411,3.436651325083027,0.4261589326088622,-0.2784760435422277,-1.15074156951159,1.796821295513461,-0.9123082184853661,6.721016457639636,3.335411565657703,-0.4754907543025902,-0.715320848574238,-0.38500315735737417,-0.1311171752028161,0.580792809550959,1.119459395644564,1.4961992474769543,-0.006309195806582697,-0.45257639204772576,1.2755351607315226,1.2015047296074526,0.22047232968111827,0.33883608336870746,0.6038207035201282,52.74290215969086
116.8,28.8,28.9,3.4850000000000003,7.470000000000001,539.0,6.93,49.512,0.336,36853.0,138.0,15.7684,11.0015,49.6713,4038.0,582.73904587214,2.182128682342152,63.241,25.634,18.924,13.688,10.207596868462485,1.431208510245323,64.28,314899.0,7.9,22.3,69.8,42653.0,44208.0,19416.0,15.289797719630393,12.30765986180222,0.1473591078066914,0.4033288293821397,99.5,12.628785940272026,12.579501970012982,4.653878684012841,15.225866646269958,24.915147428835436,9.067227093415957,-7.386478242749966,8.906883922784276,-5.36989583959803,-1.5051728375131894,1.834804382262129,-1.7100927177071583,-2.8396252206526706,5.020480159744621,2.588368915493289,2.862104364248612,-5.126556297993907,-2.1922447829227907,-0.9717368569970114,-0.33875235810255155,0.8159001344007741,1.795801943844804,12.702982103011257,8.852316094785929,3.745567501174907,-0.7027007789288975,-0.9833566771820189,-0.7009160259800646,-2.979925017484153,-1.9385693175128333,-0.560424368297682,-0.031453233025967364,2.5156351522170026,-2.27394374914778,5.7027572197467125,0.47248040062685703,3.781632525368281,5.788681447583561,52.74290215969086
14.0,2.8,5.1,13.27,8.425,1215.0,6.35,66.2474,1.0595,34376.0,483.0,28.7012,25.1718,28.6734,5797.0,379.3590535887702,5.33018451487596,90.616,40.315,35.368,6.809466666666666,17.150500621066524,0.5104117114683594,57.69,245093.0,4.046117032847509,70.70339991554594,25.250483051606547,87265.0,36610.0,23148.0,20.47279770573432,11.45791031431516,5.074354330870425,0.2603928326866012,70.9,3.2342396446468475,-1.908129945298037,-2.2014506878331295,-5.032593682110309,-5.003492685494323,0.4466472641720121,0.24276535030454335,1.7612538051232687,0.7166787992479909,-1.7917019132090106,1.5917666763005156,0.0034730725735423462,-0.33139633634438087,-3.552052074028179,5.10078071653222,6.293958042946957,4.330395004569244,0.3874277431579925,-0.5010702831484375,-0.48041855451651055,-3.0007842311449355,0.07486407241473565,4.2620652606586615,-6.437692985295627,0.7119976321483644,-0.03246794785683349,0.2742850036794941,-0.12191316413072191,-0.48156794477254145,2.045039485699187,0.1020314927150805,0.5666480199371774,0.9975205861373498,-0.2683074623377368,-2.021220410739382,0.40446915687372237,0.36183411006194727,-1.1474787545949223,52.74290215969086
7.0,3.3,7.2,8.66,8.535,926.0,1.79,69.4828,1.3569,21994.0,591.6353864032538,9.1363,9.5518,7.95815,16641.32,381.11245884595394,10.251869457689375,57.71,25.24,23.82,2.36,23.245438704361963,0.4724934230642314,61.4,189959.29356481816,5.960707881876988,46.25281304491967,47.78647907320334,66835.0,38481.79,24326.61,8.747788017238738,6.746846249557248,4.849428335338578,0.4633533676333021,73.3,1.0444686710261386,-1.2006320306224125,-1.0636923598311832,-6.357583965044469,-3.396383196553216,-0.24136220595488833,4.175899568358435,-2.496115599907935,-1.82694169806006,-1.2504389115267738,0.9796748059956978,-0.27927288361514674,-4.484719942820568,2.2544899506370224,2.0121230772448087,1.8453240810955573,1.2668844845580554,-0.8799727023610225,-0.8654905378818518,-1.8385762448546796,1.0622997846143944,-1.8686791871674358,-8.134103344958275,-7.30657573936507,0.5790757529872154,-0.8842150380307178,-0.26724865346526067,-0.041159825635452695,-0.10227421717718288,0.3111830034665773,-0.013618326932192263,0.32282168255187543,-0.6610827358874184,0.5143856277316808,-2.184873198649536,-0.5021772359559944,0.39309799864267303,-7.410750515628607,52.74290215969086
38.0,2.8,6.7,14.595,8.315000000000001,483.5,1.51,65.48,1.159547297297297,35404.0,628.0,32.7396,23.8933,28.3358,18135.0,353.61566120655215,6.272473032361166,100.12,42.91,32.89,6.89,21.692116085648387,0.4183057432432432,45.82,494396.0,16.2,34.7,49.1,52830.0,29483.6,14569.4,30.782770270270262,13.408445945945948,0.4610408828493061,0.2022597972972973,44.72,22.49813964432792,1.3597984464342392,-1.4644122723707318,-4.424700208576396,-5.43759992800653,-1.2667384283710257,-8.266631345649559,-5.299792495419582,-0.7110038442940771,-1.9069929725117982,0.19717616004248492,-0.5112886147915076,-0.17253390504047247,-3.1393726723020285,1.052466710194324,0.8303247237391775,-1.1005234307268017,-0.7207370078066985,-0.09365470079084215,0.057076909293731735,-1.8240872374487418,-1.0356486315745856,-4.659157026658455,-8.7216538716387,0.003713449031735242,0.1567953564102449,0.2191150238302851,-0.15639211702470926,0.20825808460513842,-0.14456155364401746,-0.002225024184833465,-0.2650626970144612,-0.10894584987933549,-0.8942354932458453,0.08770891233036975,-0.029058479629457106,-1.097383657954633,1.1554539581077792,52.74290215969086
38.0,2.8,6.0,15.07,8.33,466.5,1.56,65.48,1.159547297297297,35404.0,628.0,32.7396,23.8933,28.3358,18135.0,353.61566120655215,6.272473032361166,100.12,42.91,32.89,6.89,21.692116085648387,0.4183057432432432,45.82,494396.0,16.2,34.7,49.1,52830.0,29483.6,14569.4,30.782770270270262,13.408445945945948,0.4610408828493061,0.2022597972972973,44.72,23.228451561024244,1.1451911251805724,-0.7113369278516618,-4.551135249755656,-5.624470928541075,-0.7359604355320336,-8.201298615286747,-4.081546270046383,-4.314200319588806,-1.6560741238482297,-0.11020585520192923,-0.16516989911595906,0.0736036029085519,-3.1983386604829387,1.5997351385528846,-0.01236641899993011,-0.3883541374094787,-0.5762856509039809,0.26129527630905297,-0.6135419094624621,-2.150993957910687,-0.5700408738106489,-3.464420063067228,-9.136531114106377,-0.12207604421923561,-0.013810397057484547,0.2371791474614282,-0.19191370695829324,-0.156274209910382,-0.005386333760495132,0.5030909551680088,-0.2332492442491155,-0.16751303695142283,-0.6760160000311828,0.01664596193780543,-0.09669724771752986,-1.1046270659317579,1.0665877576544875,52.74290215969086
25.0,2.6,7.4,11.635000000000002,7.975,1201.5,5.2,92.75,1.5386300675675677,45158.0,696.0,33.0483,14.6795,94.9691,6452.0,387.35632183908046,5.970149253731344,116.58,42.49,20.02,31.74,25.258358901966528,0.555059543918919,52.85,465622.0,12.3,44.1,43.6,67794.0,41956.5,22104.5,40.84636824324324,17.791976351351355,0.9989242570341496,0.2683831925675676,59.34,2.715959600996842,-2.461058001838004,-1.3758887900412085,-7.3582964695120845,-3.9109268414229166,-1.2006587030366072,5.291112319758784,3.026033780866614,1.9074355773255227,-0.8783288623516752,-0.7082678751150776,0.005542416889220784,-0.8474610569079712,1.7189740205494062,-4.542521155032641,3.4232140035803122,1.2649422262640047,-0.2934026199951754,-0.3812326590220125,-0.2936747061833736,4.297419057103495,-2.488735196568693,-6.06898170210421,-5.555801520571112,-0.09976107947217965,-0.07610845642785231,0.03646670124803982,0.11475452612464565,0.501029294344287,0.7580413071873281,-0.27222480605045957,0.3595777770442273,-0.1918825619357317,-1.9262364852428444,0.045109972084561654,0.3354982087543859,-0.37909652225052337,-2.6047589409413443,52.74290215969086
9.0,3.0,7.4,15.845,8.64,1008.5,9.28,107.34,6.28,66001.9,1675.31,49.3,18.28,103.68,17174.4,435.2825957923893,11.048671107300668,151.63,65.22,31.43,27.37,10.04493389674318,0.8095851014325984,41.74,774172.0,21.96364940618549,42.590832655196046,35.44551793861847,49137.0,30324.0,14574.0,6.059303494414041,4.22208657852724,0.6829462442173873,0.1613749773036768,55.57,3.742115871612638,-2.748495197246472,-0.9385649844134845,-5.878624220478038,-10.139258556663991,-3.344964623823762,9.390932919929424,-0.49069866868046336,0.6464407496340586,8.081478429095197,-1.6386856740837297,0.649848175731797,0.7145221818983556,-0.24739095685382573,-1.2607223844683413,0.7079282975010569,-0.20288249092797392,1.9142918774361413,0.3112286681681879,0.5458099966372064,-1.0793772310701508,-0.18607522981551838,5.042296125038217,0.8387023490915698,-0.7992032237040515,1.0960284821875383,0.5813752056099482,-0.0770017873744182,0.3305986590497181,-0.5900551140339415,0.27102847131590124,-0.12298794183259225,-0.3314444962081815,2.6545007555683457,0.22586491320903215,0.19196045341590917,0.16903542128701896,-0.6981462278341249,52.74290215969086
16.0,3.1,7.2,14.875,8.575,875.5,4.67,113.44,6.47,113005.25,3048.97,56.37,31.11,123.25,170899.0,632.6927383685123,17.070544762331334,178.61,74.6,52.48,33.02,11.832260392384752,1.0136065476243834,41.19,962714.0,23.22925734100645,37.059541398199215,39.71120126079434,40450.0,30441.0,14677.0,7.420621787035737,5.286083690348805,0.6079000575173069,0.2002013844757149,68.94,8.160935787680156,-3.728547975253313,-0.1821929745531338,-7.82549175355273,-6.656369977553065,-2.860619211336598,-14.426050134130444,-2.0577693018813927,5.176547056976706,7.00197039210548,-2.6736322632494063,0.476147493055711,3.0619493868822847,-3.201331753668686,-3.812349877326439,-12.078859214195981,6.883899134167781,-1.5778821407786257,0.2991445725535362,1.2062289053946738,-4.731277904569482,2.059598481431603,3.548888708958403,2.4320884003428116,-0.1086799458290136,0.6710442415717993,0.420078476384903,0.11343138634537649,0.06563524097825146,-0.4475699159316719,0.0681926641240717,-0.32665450263147594,-0.23486422551174976,1.6346716575231401,0.396260539283976,0.23191838174747878,0.040536518624672856,-0.2906403080994883,52.74290215969086
16.0,4.7,5.1,16.725,8.695,1068.5,6.3100000000000005,13.72,0.83,7014.7,78.24,7.31,3.49,34.58,2219.0,256.8546320029293,2.864884657634566,27.31,10.63,6.92,6.91,1.80918779080694,0.4565479911105388,75.7,148886.0,2.978968581939072,42.82646793950212,54.19456347855881,46502.0,34131.0,20135.0,14.867372524025823,2.380954321306591,0.8667399117112345,0.2182642305946436,75.16,4.2013546018234,-1.5666761899056532,-3.6925492630278076,-3.619299407166739,-7.724661670370651,-1.9796669825166464,11.151607651229327,1.5372819541425748,-9.284186394251885,-4.040616104255119,-0.5591744375259927,2.51334917111943,-2.363286975262065,15.131570235785716,3.259983159403006,5.99890773720108,-6.68187817397217,-0.6418980941673121,3.600377017222345,-2.179845770047977,6.02459239974618,3.1477112422138447,13.747415561595313,-5.811093010116989,0.9733266647284221,-0.1458893343744183,0.12230639447768536,0.7873447550212358,0.3118092890083788,-0.11700705003303795,0.030309882834554564,0.7681877177270748,0.6008993202292684,4.302299822264662,-0.1304259869021672,0.14418072495299109,1.5643126384665564,-1.5604982552615312,52.74290215969086
26.0,4.3,6.5,12.885000000000002,8.295,1150.5,9.9,60.6455,0.7705,18738.0,201.0,20.6519,13.225,27.4686,21790.0,236.6058463286824,2.5380390176147487,79.195,32.652,23.515,6.148,12.782698470895246,0.7724210753786316,47.21,209885.0,11.2,48.7,31.3,49780.0,37342.0,15884.0,8.251880779338212,6.642425473153561,0.2421040892193308,0.2176759611841297,53.7,3.5669591424478693,-2.1637903072436653,-1.8195778572155792,-4.803120475026467,-5.43337395808349,-0.846942875906825,4.948781097934892,-0.1442910708238682,-2.42343766838933,-4.956025359282893,-0.19936815831189283,0.7929403744637963,-1.2263133481206987,6.0909732461596535,3.3680220301200947,2.1097553155819564,-3.937418444712337,0.12631619003912084,-0.532062091628711,-1.5926942487433549,1.349964514334376,1.506135193357865,4.264896616432815,1.5976044641435128,-0.1876533890143032,-0.7140282517516369,-0.3772258890916902,0.17890160127853427,0.3193442297726869,-0.13102140025546158,-0.2850277543378364,-0.34483722625300367,-0.5384510703260693,0.7866452443785968,0.48890832082368413,0.3500003005191689,-0.12179233856809635,-0.4884611717549481,52.74290215969086
22.0,3.1,7.0,13.89,8.46,1088.5,5.42,62.8682,0.7473,30465.0,544.0,23.7417,15.1611,35.7857,16160.0,391.6363496124131,6.993276684364113,77.789,31.907,28.226,8.037,12.555758966506351,0.9191379276851872,47.4,302484.0,8.8,57.3,33.9,63896.0,41068.0,18414.0,9.819277128486252,7.904115227830772,0.4381657992565056,0.2590222331408918,63.9,17.682884965073303,-3.3507161717085783,-1.2312737089985368,-4.652464281193292,-6.931102379451815,0.9889145417635632,15.092536522774026,4.997344419627138,-1.390456546066951,-3.89766785588426,0.5150592445923626,-0.9211492028894517,-1.5179144134744995,1.5054630705217493,1.4582927375473096,2.869953797621031,2.2094141288101676,-0.37612490781893193,-0.3899075589577358,-1.5372625497790675,0.4013382511523848,0.003753186992060028,3.6295420979460076,1.7153786011350662,-0.09836404941665755,-0.2872299491241564,-0.06012801208843813,0.12020737799505514,0.42381155507328483,0.6805335073297213,0.4469910390426713,-0.12730373869339662,-0.5101538842668113,0.6629033911538637,0.7064170144218954,0.16511655814324833,0.28741328767811414,2.153224283742408,52.74290215969086
26.0,4.3,7.4,12.76,8.274999999999999,1099.0,6.26,49.512,0.336,36853.0,138.0,15.7684,11.0015,49.6713,4038.0,582.73904587214,2.182128682342152,63.241,25.634,18.924,13.688,10.207596868462485,1.431208510245323,64.28,314899.0,7.9,22.3,69.8,42653.0,44208.0,19416.0,15.289797719630393,12.30765986180222,0.1473591078066914,0.4033288293821397,99.5,11.046306952458142,-3.208197925724088,-1.7373571222834305,-6.974656015230963,-5.356724440666537,-1.4346848971831323,11.374489925124996,0.25579790872211144,-3.15229945241784,-3.0453673850993295,0.510698288107912,-1.3087307334442928,-2.5090625129019206,2.6093376488983644,2.3117392101138825,2.909069407743712,-2.872653588817144,-2.5770312614335364,0.14758721560239815,-1.6329677965492009,2.245725698017826,1.9817294945319504,7.822385120727122,6.566242782330761,1.238246547821909,-1.022427179167668,-0.4470944149233394,-1.6315237937619285,-1.1628496982374543,-1.1286570851722109,-0.4028066006085531,0.03685634533564208,0.5153742268774654,-0.8011121012084192,1.333522011892249,0.6103121876468247,4.464071023973325,1.9191731981560585,52.74290215969086
9.0,18.5,14.7,12.95,8.39,1258.5,1.26,66.2474,1.0595,34376.0,483.0,28.7012,25.1718,28.6734,5797.0,379.3590535887702,5.33018451487596,90.616,40.315,35.368,6.809466666666666,17.150500621066524,0.5104117114683594,57.69,245093.0,4.046117032847509,70.70339991554594,25.250483051606547,87265.0,36610.0,23148.0,20.47279770573432,11.45791031431516,5.074354330870425,0.2603928326866012,70.9,3.9111738197634,-1.3117798489130414,-1.3961092525022096,-13.354289443399757,-3.8315697911024706,0.45947913335480983,3.676902029297004,-4.02133160648557,2.5038970861677083,-1.2544051109875247,1.2112343615153809,1.400002004162718,0.9604720087473586,-1.5399595370267836,4.748624575429906,7.568045306252316,4.871382796984785,-0.05254682896658699,-0.4883277286589142,-1.1916770580954228,-2.4992474618740377,0.6956793871739256,3.524647520339737,-7.2634244076473,1.1324048894084993,0.12867862549300005,0.3107811169636743,0.15762321905543444,0.2977203411391631,1.085198027535032,0.15807962961494995,0.6766295781607422,1.3120428487410147,-0.5264138323254889,-2.0257161516540996,0.14676756056025622,0.8849494477361439,-0.4328260931527856,52.74290215969086
15.0,19.1,13.5,11.465,8.405000000000001,1105.5,1.17,69.4828,1.3569,21994.0,591.6353864032538,9.1363,9.5518,7.95815,16641.32,381.11245884595394,10.251869457689375,57.71,25.24,23.82,2.36,23.245438704361963,0.4724934230642314,61.4,189959.29356481816,5.960707881876988,46.25281304491967,47.78647907320334,66835.0,38481.79,24326.61,8.747788017238738,6.746846249557248,4.849428335338578,0.4633533676333021,73.3,3.041736100474441,-1.5106056014883025,-1.7937286853107315,-6.441399431551496,-2.196346316275497,0.9115079898573453,9.710350793311372,-3.5965851315390314,-0.6828159025901314,0.3072594430421782,1.0995204758768273,-0.5558402804347371,-4.865398670754705,4.290830126702786,2.2467009347770364,0.8682345302371934,1.2590660521450137,-1.3561545771981287,-1.275891232738892,-1.7536578731735546,3.3448568149842326,-4.5057946117532754,-9.556313183385258,-9.420626032631846,0.682900509579729,-1.0015187046366425,-0.2914982058076803,-0.023913903549934057,0.24046590822438288,0.484067546585574,-0.004537986715633509,0.49614900023986824,-1.1181637359720966,0.4022525403990105,-2.800553998658433,-0.37291841186583047,0.2745142772855849,-0.4662823841844996,52.74290215969086
4.0,19.0,15.1,14.72,8.325,554.5,1.54,65.48,1.159547297297297,35404.0,628.0,32.7396,23.8933,28.3358,18135.0,353.61566120655215,6.272473032361166,100.12,42.91,32.89,6.89,21.692116085648387,0.4183057432432432,45.82,494396.0,16.2,34.7,49.1,52830.0,29483.6,14569.4,30.782770270270262,13.408445945945948,0.4610408828493061,0.2022597972972973,44.72,9.104499705456112,-2.1012189546972513,-2.234044223623351,-8.479282226062692,-6.216653229709094,-0.6267738216354822,-7.800121024288238,-3.8073862239873666,-5.746488262237981,-0.5821662511552371,0.0944466252004099,-0.5239184408231324,-0.40673094284099837,-2.8750978530105207,2.007672417319069,1.7059641997221247,0.0064449681326125274,-0.5749014108162368,-0.004552988425518369,-0.8610923740578195,-1.018515227911994,-0.07552338266745179,-3.6492485860424737,-6.953215931056378,-0.22586232645747514,-0.15014077861172484,0.07941942873100373,0.04687447149927426,0.05953312349816159,-0.11699648694135273,0.15887822337448654,-0.12104286062841597,-0.25328503476455794,-0.8093914591024319,0.020854711038991544,0.03910726446037513,-0.5499061762681229,-0.12757505736468946,52.74290215969086
4.0,19.0,15.9,11.705,8.075,541.5,1.24,65.48,1.159547297297297,35404.0,628.0,32.7396,23.8933,28.3358,18135.0,353.61566120655215,6.272473032361166,100.12,42.91,32.89,6.89,21.692116085648387,0.4183057432432432,45.82,494396.0,16.2,34.7,49.1,52830.0,29483.6,14569.4,30.782770270270262,13.408445945945948,0.4610408828493061,0.2022597972972973,44.72,11.138980464784844,-3.295364679658475,-2.7178033831932904,-9.021757615477156,-2.6225484401049717,-1.3044358018583926,-9.412580557685965,-3.4146585529018196,-0.34473334530368477,-1.6367051592096689,0.3408861122373494,-0.2664933798089621,0.003904605563729948,-3.554082207375517,2.0875400753226128,0.407527794213965,-1.7886391600811227,-0.36516985659177065,-0.09759447616835455,-0.06244722996838344,-2.1794621730037034,-0.5555776107373331,-3.3762067272514114,-7.426719941042054,-0.028066356868172177,0.00607060313845705,0.17502717873081605,-0.1517968841642139,-0.08131346994390064,-0.08110678854088017,0.08874847680019804,-0.220120631620909,-0.2630595438741155,-0.8198217575686676,-0.028619786522661828,-0.011342585490396738,-0.6318281271091354,-0.01493105259723887,52.74290215969086
4.0,18.0,17.9,9.715,8.07,1461.0,2.24,92.75,1.5386300675675677,45158.0,696.0,33.0483,14.6795,94.9691,6452.0,387.35632183908046,5.970149253731344,116.58,42.49,20.02,31.74,25.258358901966528,0.555059543918919,52.85,465622.0,12.3,44.1,43.6,67794.0,41956.5,22104.5,40.84636824324324,17.791976351351355,0.9989242570341496,0.2683831925675676,59.34,135.3168770485248,-2.5191199250891807,-3.5739071753403793,1.8178680768515922,-2.2232554275790837,-1.7965380599349718,6.525556284580381,-0.6973676481408377,6.643240839506812,-0.646481887654712,-1.6962057750796296,1.1030620031245046,0.3001260571492225,4.337465893762807,-6.8799454681326955,4.98099285068301,2.4942786891385915,0.20796945025523517,0.22309166421493062,-0.35559753735860067,4.71816093245521,-0.2589947408810252,-4.72479427943627,-6.754003269573052,0.23138023718570633,0.40510542281592815,0.23796528400853192,0.10106515966355693,0.8788424419177074,0.444851617080469,-0.16035846054553962,0.27128199254473023,0.6680431437057762,-2.245068658335756,0.19330099929124187,0.19979674937824324,-0.0319552731824427,-0.17192870966469323,52.74290215969086
5.0,18.9,17.6,19.085,8.594999999999999,1018.0,4.43,107.34,6.28,66001.9,1675.31,49.3,18.28,103.68,17174.4,435.2825957923893,11.048671107300668,151.63,65.22,31.43,27.37,10.04493389674318,0.8095851014325984,41.74,774172.0,21.96364940618549,42.590832655196046,35.44551793861847,49137.0,30324.0,14574.0,6.059303494414041,4.22208657852724,0.6829462442173873,0.1613749773036768,55.57,4.981618989432193,-2.0003184576643003,-4.349555728081613,-6.346898583760485,-2.450325480513276,-2.101282278556996,11.8427799151279,1.2088078658282768,2.4727904576684026,9.356090310967216,-0.8916166617348793,-0.42387844825163484,0.7364113615887845,-1.5632002148342636,-1.8252962563683601,1.8346322853708028,0.7186055078761017,-0.2867288115248101,-0.22521058549483572,-0.4047865605664738,-1.344672200903295,2.600677324545882,5.808498136618486,0.04087610540290587,-0.7287152173183863,0.9116442633296039,0.2578814147412783,0.17141972888261017,0.8934241481063259,-0.4541196874777465,0.14919745049750008,-0.3333268937468518,-0.388790525055182,2.2249258411178974,0.6169231958873587,0.733478403606763,0.393993710375702,-5.892753963150706,52.74290215969086
25.0,18.4,22.0,13.445,8.2,893.0,1.65,113.44,6.47,113005.25,3048.97,56.37,31.11,123.25,170899.0,632.6927383685123,17.070544762331334,178.61,74.6,52.48,33.02,11.832260392384752,1.0136065476243834,41.19,962714.0,23.22925734100645,37.059541398199215,39.71120126079434,40450.0,30441.0,14677.0,7.420621787035737,5.286083690348805,0.6079000575173069,0.2002013844757149,68.94,26.92769847375856,-6.2135060536240525,-3.0122395321944104,0.0438366439348706,-4.49440728366375,-1.5892037326470014,-12.59097751378392,-4.837792788126195,2.92158529791981,10.301559930322691,-0.6863176568162946,-0.27557996052006867,1.2997183468441165,-3.984025989963363,-1.7548515579104427,-13.74923213101613,2.6727694383046288,-0.8552444446211056,-0.6400761706971866,1.5586092840352395,-2.6736404467560355,0.25174541771722275,2.835162267299992,1.090975902328889,0.08829976912587911,1.5108047292071103,0.5921174463753885,0.04302138306200498,0.2677329176633307,-0.3393019537969188,0.3914312228808807,-0.26616684549798575,-0.21363557352994964,0.6491176535623768,0.27446338860938857,0.2744596236820016,0.09009544093782695,-1.8938291422557085,52.74290215969086
15.0,20.5,18.1,9.7,8.629999999999999,1146.5,2.38,13.72,0.83,7014.7,78.24,7.31,3.49,34.58,2219.0,256.8546320029293,2.864884657634566,27.31,10.63,6.92,6.91,1.80918779080694,0.4565479911105388,75.7,148886.0,2.978968581939072,42.82646793950212,54.19456347855881,46502.0,34131.0,20135.0,14.867372524025823,2.380954321306591,0.8667399117112345,0.2182642305946436,75.16,3.9863148648584734,-2.5833819001819927,-1.9023629290082802,2.7456625894084574,-3.24783631614099,-2.4622549196844923,9.91586717851615,1.1663292679501065,-14.085437946226449,-2.158025326443218,-1.4190955054884158,6.271594954874988,-2.4569837805877133,9.111512207128108,4.727422058898955,11.665125778559599,-10.134603810642538,0.20423302068685464,0.5071132200832188,-6.262752337877951,18.03266643399683,5.367512266226111,16.184775909325108,-4.715125488949318,2.2769226014489936,-0.8741774616452561,-0.20041980373362644,0.39689637844140524,0.3895227715373049,-0.6905240660222871,0.3173996033829969,0.3974872781460495,0.2556677124649293,4.393090797575812,0.3418530211038881,0.5190715625137097,1.8578448256539801,-0.3172708746107909,52.74290215969086
15.0,20.0,19.4,9.77,8.1,1231.5,4.85,60.6455,0.7705,18738.0,201.0,20.6519,13.225,27.4686,21790.0,236.6058463286824,2.5380390176147487,79.195,32.652,23.515,6.148,12.782698470895246,0.7724210753786316,47.21,209885.0,11.2,48.7,31.3,49780.0,37342.0,15884.0,8.251880779338212,6.642425473153561,0.2421040892193308,0.2176759611841297,53.7,25.07451289065421,-2.583839556990814,-2.247452556788921,1.1869422240120657,-4.490660215467216,-2.229178013733277,7.053717646055545,-0.11626716096575151,-3.450896047493442,-2.8831050283461797,-0.35086450306077843,2.4403033692172422,-2.3359689748783916,3.434226825671891,5.543684216588734,1.7989850789184374,-7.146274531316011,3.3882564006776863,-0.007013440057634194,-2.6777394676270583,1.0507544332680598,1.4582223900780082,8.425746515961366,2.212178511650612,0.0036378667751956564,-0.9759534600625436,-0.15746489787474305,-0.00818736009299729,0.5520349809775759,-0.2320485330124701,-0.6331071504391724,-0.5186280255764721,-1.1097521081784125,1.0795786662648126,0.8459355333633711,0.5080713832378386,-0.2252085588003195,-0.936060860181847,52.74290215969086
19.0,18.6,23.8,17.225,8.89,1229.0,3.98,62.8682,0.7473,30465.0,544.0,23.7417,15.1611,35.7857,16160.0,391.6363496124131,6.993276684364113,77.789,31.907,28.226,8.037,12.555758966506351,0.9191379276851872,47.4,302484.0,8.8,57.3,33.9,63896.0,41068.0,18414.0,9.819277128486252,7.904115227830772,0.4381657992565056,0.2590222331408918,63.9,45.52963068779194,-2.922969953116649,-4.336548014059663,2.125327980505923,-7.777009596958135,-4.057476996034384,6.5124251499058055,-0.16051265002538825,-1.0406688466543954,-2.6975888712269573,-0.10502913970810734,0.4106185923144225,-2.082940908263747,0.13720881029342516,1.3761491591048747,2.5709484644047915,1.5141921480496732,0.31783200963089975,-0.47480817024906585,-0.6305022377210362,1.2853637257218358,-0.3355394361975286,4.262978996072586,2.2316104428811623,0.03678007946660067,-0.28159834171334924,-0.1426364575140188,-0.03350276417409267,0.599520799576616,0.7513646748103205,0.37396009608792724,-0.0036382256758704656,-1.2244173380080614,0.820286686730881,0.9058503277258326,0.554460897576063,0.15137561427739823,-1.377152504002055,52.74290215969086
15.0,20.0,21.5,13.56,8.575,1105.5,5.98,49.512,0.336,36853.0,138.0,15.7684,11.0015,49.6713,4038.0,582.73904587214,2.182128682342152,63.241,25.634,18.924,13.688,10.207596868462485,1.431208510245323,64.28,314899.0,7.9,22.3,69.8,42653.0,44208.0,19416.0,15.289797719630393,12.30765986180222,0.1473591078066914,0.4033288293821397,99.5,32.82975462646027,-2.753269385242213,-1.4534244878652187,-0.1759248275682325,-4.853407581193992,-5.905663514044137,8.133284091766303,-0.3858426225309565,-0.2654935360762005,-4.259903749100244,1.2843442683294415,-0.7948847958693896,-1.5714519401888047,1.0536591822591916,1.7763762466826778,1.3163675823404144,-3.0695609844631213,0.13295340683311174,-0.3934225429097822,-0.9287500645623842,1.1722922035058347,1.9580777269415546,5.529305031914265,5.3602221483768275,4.295694490987807,-1.450175245093801,-0.3568086791162681,-1.4172228421581294,-2.2862792634653553,-0.9720760645593209,-0.8140060549477747,-0.0500220349368945,1.1961893277398004,-1.0625775153096753,3.238255326797565,0.47212027002126017,2.264338537973041,-2.220156989463916,52.74290215969086
406.5,28.1,25.0,8.935,8.455,276.5,3.36,0.7773,0.0,12.0,0.6876815804764671,0.0007,0.0051,0.023982,5294.6,171.42857142857144,9.824022578235246,0.0699999999999999,0.0,0.01,0.01,0.02819581891016,0.1652892186691128,90.7,3055.4045483894115,0.0595207257760765,21.668917363058736,78.2715619111652,78113.0,49348.53,31412.48,18.77858494367249,2.360204165039463,3.730853285200316,0.6732214686623013,106.5,0.4500242378741525,2.665155386297654,4.5388411677690845,2.6743014448819067,-3.6718429238473376,-0.021791497720404934,-3.992763125151395,-6.470397121788314,-19.265741559776163,-5.224778396099185,-0.3563212575918686,0.1689570936063912,-2.3913773799749714,4.79586712082848,3.7423820710244287,3.9628383347640437,-11.77649199562458,-1.27233923147743,0.4568562600637473,-3.154153089672326,5.562332808940361,1.4935801051557067,7.3117209444722775,-8.489684156601628,2.0344261587907866,-2.030447322636222,-0.7453682154168693,-0.6742316186334943,-1.8679306612225863,0.7512837451075507,-0.8970890018747499,0.8052875851280984,-0.08644375670701325,1.5670443787146364,-0.7273726369937258,0.41532984908049375,1.7061387475083272,-17.71189364696232,52.74290215969086
406.5,28.1,32.4,20.44,9.01,370.5,4.62,2.90776,0.115,1588.0,7.908338175479372,0.089,0.2026,19.077820000000003,4092.3,329.46058091286307,1.640734061302774,4.82,0.14,0.34,3.98,1.9414835306710216,0.2504382101047163,73.3,43717.2909103953,2.133822472423064,34.05945495650095,63.80672257107598,57754.0,39953.37,32733.15,7.989646389078048,3.576066916726457,2.2858259152713347,0.3546265201122545,56.1,1.5446279891125174,6.247999251978473,2.3156955040649816,2.478523979689926,-4.743450196317088,-3.0930387779232125,-9.373830984135468,-4.119080243601154,-9.705598016058405,-2.9386582568970816,-0.27907619762544805,1.3354951437562699,-3.2108729073653617,9.092284323877346,3.717615835815669,4.846283231029906,2.993931748777006,3.942423278475181,0.8424633495385457,-3.037215278546016,14.060370490433028,1.0860843662265685,10.302303529335186,-7.3482985045388345,2.623353791882595,-3.490043620433037,-0.6568374835948142,-0.013080291648707387,-0.6110723126245036,2.265770103130491,-0.08736205658254415,2.81844672344625,-0.32512912106389685,3.314282672492167,-0.259880039406319,0.4129468789945041,-0.6189638269568477,-2.9135906521013624,52.74290215969086
136.1,26.7,28.2,8.015,7.975,330.5,1.53,49.1485,0.47,15878.0,356.18,8.5477,7.134794327171835,4.120444715233774,11534.0,282.58702925891646,6.339075959279561,56.188,19.8872,18.41727,0.953,16.5223150965168,0.404246719542003,47.87,256107.0,6.0117218158366414,18.17413190276764,75.81414628139571,45012.0,32296.0,14288.0,6.990829016588316,9.211165561563142,1.5733199943233478,0.2193897616698903,43.22460681495,1.012582575231462,2.35170768724444,-1.5294620152376595,3.2481421611147625,-3.4786893538665016,-1.39981076736624,-7.4472619061668714,-6.612687719827517,-2.7665465946448955,-6.283376491252953,-0.3372942189096155,-0.02132574615379172,-3.3661981241498147,3.4398191620161143,3.4383938665501774,-0.11474637108234102,-0.8034207996353512,-1.1871124743359784,-0.09785509672015887,-5.5755165765807035,2.865218204312646,0.022355690247689502,-1.092801318416992,-8.131439792693902,-0.03892305181051307,-0.7437478531555589,-0.7096792207720375,-1.699766064966098,-2.3516295397157463,-0.591373086549963,0.4219529448139176,-0.27906125616282185,-1.0295653578235455,0.0445317242387675,-0.31221157948176087,1.1399967469212902,-1.968590600391229,-5.055548630876778,52.74290215969086
218.7,27.6,28.8,5.44,7.505,662.5,3.62,94.75,0.975,80886.0,573.0,36.035,30.6179,69.9425,59746.0,503.33227546810537,3.5656280919222656,160.701,59.489,57.403,13.697,44.04493523854282,0.7705005543685988,37.51,683165.0,24.81513784080998,29.71825110917296,45.46661105001707,37563.0,37438.88,16936.21,15.717915646179634,15.449625511761106,1.4422353381379165,0.3216419673452932,70.17,12.338539423991762,4.5177672695554785,9.216254351747532,7.826126461184273,7.79156322707422,3.657034188819427,-12.087277832205094,-4.709112726716945,-0.5125699993253995,-1.1244099387464424,-0.5613471435320864,0.10662161609778902,-0.6886774026540404,-4.543357201827069,-1.639780396511778,-3.4809901001583796,1.812656811866909,-0.7261442366273458,-1.1541956068389114,0.24226012379862313,-2.060189700201155,-4.419305508825927,-18.935801024312774,0.13884663910915349,-0.9797391040002309,1.2753934581484654,1.262205618964507,0.2525178777302317,0.04008368916188676,-1.0860128643860414,0.18049790853944936,-0.07283748684761493,-0.0741604552293822,-1.4680471667026478,0.3321752416963375,-0.10238471064716492,0.6714328904698279,3.7214894149266193,52.74290215969086
434.4,27.7,30.1,7.905,7.795,856.5,4.22,92.75,1.5386300675675677,45158.0,696.0,33.0483,14.6795,94.9691,6452.0,387.35632183908046,5.970149253731344,116.58,42.49,20.02,31.74,25.258358901966528,0.555059543918919,52.85,465622.0,12.3,44.1,43.6,67794.0,41956.5,22104.5,40.84636824324324,17.791976351351355,0.9989242570341496,0.2683831925675676,59.34,4.867450389162925,3.4104438280748823,1.5630963758379217,4.977039116782447,-4.915768698472528,-2.132733456976712,-9.601182453309498,-3.1394503659941257,4.791926659218347,-1.2218093279190345,-0.3902171308547257,-0.553415718873343,-0.39900153682256817,1.9106508775210633,-6.292268345927198,2.314153441401819,-1.0934653929683062,-0.18028085462128227,-0.5993089492494855,0.24776677226647692,2.973871262970691,-2.0374439214821902,-3.380745861132939,-4.823602821060146,0.0066787538863719575,-0.21067589102933848,-0.15175473544125762,0.05886565452751954,0.16901798044020863,0.3152727044404801,-0.16431013500007494,0.08728013733091415,-0.10952791304017155,-1.9284067664543798,0.00541571974754292,0.09528919384504479,-0.25557509896035047,-6.034001522768908,52.74290215969086
605.9,28.6,26.7,3.3,7.68,349.5,6.06,13.72,0.83,7014.7,78.24,7.31,3.49,34.58,2219.0,256.8546320029293,2.864884657634566,27.31,10.63,6.92,6.91,1.80918779080694,0.4565479911105388,75.7,148886.0,2.978968581939072,42.82646793950212,54.19456347855881,46502.0,34131.0,20135.0,14.867372524025823,2.380954321306591,0.8667399117112345,0.2182642305946436,75.16,8.35255081261814,10.021919691652679,16.206540698067595,18.29563842076498,30.49565447062254,2.4857630092588585,-7.987276635157566,13.888643216630442,-11.305440764706582,-2.6571020314035327,-0.10045992038523277,0.7229455548276474,-2.7582727500920483,6.574695050232111,3.1357308340693497,4.154581291234742,-9.142600864420332,0.3995860275812477,1.3986401807516813,0.6862460356360914,4.9751927404509235,2.713697300267713,18.649241546330355,-4.590611121207478,1.976588111631572,-1.5829374273307621,-0.3872870198513052,0.03253685655693358,-0.0018455549577834536,-0.6226515573573602,-0.0586629164653513,0.18942007571458674,0.607853580315903,1.8398124620194256,0.13345824653903549,0.06551997326314662,1.2981191018627338,3.1708326451356226,52.74290215969086
307.4,28.4,27.3,2.87,7.675,501.5,2.75,97.05,1.21,106381.0,2590.42,55.63,35.38,100.73,137331.0,610.4028000918064,14.863552903373884,174.27999999999997,73.07,53.35,21.39,11.545413701275482,1.3286396630675812,42.31,858592.0,16.673582357043852,41.11565010222189,42.21076754073426,42877.0,31410.0,15449.0,10.182451797210655,6.929020407132105,0.954641587443107,0.2674869382660009,92.11,1.81734501345771,7.552291941552732,5.101815072012445,8.510381385516377,17.46377390109624,1.4700004562269917,-10.701179617593686,-5.81401115141188,4.529552828216302,-0.5565269515663415,6.626775096108517,1.996895614843817,16.39456331419448,-11.227568663849185,-7.219197945185008,-12.197346231831858,17.434646177589894,2.2039756825752557,0.6559822522600506,2.6177874319658927,-11.976166233395537,2.2315427306946356,12.631517589241264,13.700113778539624,-0.3412624525030458,1.284450515738378,-0.08255849930768111,-0.1336986274831006,0.14266394235193847,-0.6828492115810526,0.0602828673211239,-0.4306626014038919,-0.6510386713190629,0.4629311810247592,-0.000895828244588189,-0.011927379705011454,0.42307679012417765,-3.668010486743103,52.74290215969086
69.7,28.6,29.4,3.185,7.529999999999999,440.0,3.65,126.195,0.9478,45899.0,1702.0,58.722,16.8508,63.7322,13048.0,223.4017181377917,8.284052468910467,205.455,93.926,30.942,16.87,33.16205965449566,1.7174502122943875,39.64,605389.0,14.2,42.9,42.8,42227.0,38884.0,17032.0,18.34775726355647,14.769191834162667,0.4028414498141264,0.4839945952585677,119.4,0.78,5.452002323586495,3.671970731380085,11.038391725824525,18.441457480651636,0.8136300089458629,-8.869135887523493,-3.697363457046448,8.08888551600898,-1.7169618172819414,0.11758776498958519,-1.371943234012772,2.8012070633471033,1.8755190054513522,-0.26987859869375946,3.3814786045625804,-6.174097219463437,-1.1857052978749083,0.20972037170703306,4.930915821101518,-0.6928223905215655,0.15801149237279985,-13.849693785868586,21.095278254579757,-0.9931249642744664,2.0581380128550033,0.2302697266483061,0.16870938211679368,0.3967437328305093,-0.965909217617785,-0.04137946836029519,-0.13117576088756402,2.2968939483414084,-2.1547119875003893,2.042556070101758,-0.5692809614166615,3.43002103768289,-15.063885239167142,52.74290215969086
114.4,28.8,28.6,3.875,7.52,731.0,7.07,53.8484,0.7,22791.0,176.0,19.9075,9.7003,26.1024,22316.0,289.4793664503182,2.235459983996139,78.731,30.36,17.926,5.442,12.707805206288954,0.8544099046087655,49.59,270490.0,11.8,40.1,56.9,45128.0,39616.0,17109.0,9.127778739156234,7.347487394884943,0.1563167286245353,0.2407812308070261,59.4,10.223996980707671,9.03122914340968,8.30978748154516,14.05298056418387,25.124949330314994,8.071914198386175,-10.264660011629264,11.555289208522685,-1.3105606988755383,-3.0583370777840417,0.08732589270919533,-0.7249011789634805,-1.2056025907956067,2.031645334058751,-0.029332220082480376,2.1570969265482085,2.9798650229722266,0.22974210020775607,-0.13136259840180622,-2.1096737362568567,2.1509564104334764,-1.153086940633754,5.735899836855633,-0.7752684174974748,0.7718389927161221,-1.7550645924328514,0.3986234532420833,0.34601588803653865,-1.307811195639271,-1.1570451326947657,-0.6507547981788715,-0.5318362516816707,-1.2980962278135129,2.3836060870563003,1.6276333122700457,1.1187589509474722,0.2914931952798101,3.7453617864195254,52.74290215969086
594.3,28.0,27.4,6.365,7.775,1219.5,6.48,111.07,3.69,99177.0,1003.5,55.58,40.03,120.87,13627.5,546.7309812568908,5.531973539140021,181.40000000000003,73.25,59.84,31.27,12.01708770605562,1.3716441835883986,39.96,1202915.0,16.431187710251496,41.28557796152066,42.28323432822784,53308.0,32689.0,17803.0,9.539679628333618,7.153294308153317,1.1848298070618952,0.2653379822968679,91.37,93.20710810923477,0.5400800112510714,2.1815592793499423,8.38236331001545,23.033735582356655,-1.4463073561557866,-3.678602589834482,1.4349372013472006,1.8766755973485616,0.9027707665786148,-2.9875199477933347,-0.1697575945655497,3.015302274276813,-6.650666968418904,-7.461615970091273,1.327397123544168,-4.649677311728398,-0.8559929246331274,-0.42390247799456066,1.8797770960815245,-8.409616402344158,-1.9121398007248818,2.8918934243234506,7.771267557678123,-1.1534490876893198,0.3964670962902416,-0.34487014394874294,0.33684787571430164,-0.3727592086667819,-0.8556082856624107,-1.2233080959195888,-0.07110872864723561,-0.7951454150180025,0.0036868402951692283,-0.8066439397384718,0.33268850713968323,-2.1976839662591625,2.226754493021097,52.74290215969086
350.2,26.8,28.3,10.625,8.45,1078.5,2.18,97.153246,1.5051,22704.0,603.4405868680999,11.4219,8.4222,23.795409,18373.02,371.52675503190966,9.874661869875633,61.11,25.96,23.28,5.82,24.61494990856973,0.4775021872663257,65.5,193424.9506420834,3.786310606464182,52.02179642033601,44.19187938339238,90072.0,39502.4,26966.29,10.53622467854088,6.818367587891776,8.389512313189808,0.5234059869036483,82.8,1.3626002352514184,0.5712135443774372,-0.8778105231840166,2.8065332923394952,-3.6563399656862026,1.0143645022188628,5.309527614867935,0.5361735157606514,1.1923192990012461,0.2743770672629268,0.32168060170486523,-0.19756233836834566,-3.9561920373638464,4.2524689278441175,0.08079320797075813,1.6418109643335141,0.023530415110289304,-1.3311078959765548,-0.4137117208043731,-3.2825720630834496,1.0845173247779407,-2.401227556740244,-11.388009890882918,-8.524019622125973,1.9706315332806366,-1.3198334602235509,-0.4498705276163924,-0.06258888250837662,0.03485003044207868,2.6168735157698397,-0.14655197740221984,0.7373045919711396,-1.3978726802642158,1.154414988296727,-10.857371897486347,-1.6189885384434215,-0.10961530021081334,-4.394416973410795,52.74290215969086
3.0,3.8,7.2,11.245,8.260000000000002,303.0,7.99,0.7773,0.0,12.0,0.6876815804764671,0.0007,0.0051,0.023982,5294.6,171.42857142857144,9.824022578235246,0.0699999999999999,0.0,0.01,0.01,0.02819581891016,0.1652892186691128,90.7,3055.4045483894115,0.0595207257760765,21.668917363058736,78.2715619111652,78113.0,49348.53,31412.48,18.77858494367249,2.360204165039463,3.730853285200316,0.6732214686623013,106.5,0.9602772193550532,-4.409193133584534,-1.1778760887589315,-5.118846758411576,-3.100692001351465,-1.1191388462018217,-8.693698943952718,3.5412011718346417,-9.89249332698683,-5.767676827547451,-0.07857034641938836,-1.4910109277007482,-1.3043857487601536,5.640459730836253,4.849694866730521,2.4458239603508263,-9.117399723182123,-0.9432028811673326,0.21072811024573976,-3.164757265231264,3.7180266026997315,-2.2201027001657825,6.923948794808237,-11.415354962792868,0.3615856022698181,-0.6881591795819504,-0.10286553185433116,-0.13213268496096098,-1.0704980625584726,0.5225151631360255,-0.26004575851062933,0.2288898032406966,0.249209147207439,0.9545515176405508,-0.7220502673524122,-0.08759658475095992,0.04672685963412108,-6.1122142412140965,52.74290215969086
3.0,3.8,8.4,18.135,9.11,756.0,7.29,2.90776,0.115,1588.0,7.908338175479372,0.089,0.2026,19.077820000000003,4092.3,329.46058091286307,1.640734061302774,4.82,0.14,0.34,3.98,1.9414835306710216,0.2504382101047163,73.3,43717.2909103953,2.133822472423064,34.05945495650095,63.80672257107598,57754.0,39953.37,32733.15,7.989646389078048,3.576066916726457,2.2858259152713347,0.3546265201122545,56.1,2.687010548394757,-5.824241275731474,2.838031981736421,-5.275881657308589,7.519565724463514,-1.9818654893059282,-15.535236790552737,5.286147913516808,-12.182424721575032,-3.6507442651937403,-0.19170928989847477,2.7095232651134338,0.09787662170827427,13.812052716544516,2.580017048958688,2.164960792760054,0.7384938697392749,0.4063115625704321,0.8061584562125302,-1.9309568871123102,7.099608342057717,1.3291018346138301,13.912984454613179,-9.302816103051105,0.8209712463306885,-1.5900293783129495,-1.0712471960174523,-0.14212953150272392,-1.0132951265263064,0.5857005893935767,0.040625550318508306,2.688596673924476,0.0849683508525303,3.7403424212460714,0.013750783056020918,0.4806459552794689,-0.09182879967614932,0.047195119671523456,52.74290215969086
24.0,3.0,6.1,9.15,8.469999999999999,372.0,5.07,49.1485,0.47,15878.0,356.18,8.5477,7.134794327171835,4.120444715233774,11534.0,282.58702925891646,6.339075959279561,56.188,19.8872,18.41727,0.953,16.5223150965168,0.404246719542003,47.87,256107.0,6.0117218158366414,18.17413190276764,75.81414628139571,45012.0,32296.0,14288.0,6.990829016588316,9.211165561563142,1.5733199943233478,0.2193897616698903,43.22460681495,20.693675610297685,-3.507220864916841,-0.6932167998297754,-3.1165399654551096,-3.59437596662591,-0.25800493599536556,-9.819983995854855,-1.7086575602057081,-6.641048919366052,-1.2448693996388462,0.03329210721266832,-0.36481690688679597,-3.423090889292459,1.040832930949206,1.1206999843412389,1.6675843476752448,-1.4533421842288228,-1.5754959760792548,-0.22280887983739395,-1.842675046126048,0.15858354276356587,0.6639047848122814,-0.4923110385208082,-6.209782968216264,0.06352454728757277,-0.9572908389195808,-0.5381392984247452,-1.4519543577854837,-2.086610189583153,-0.3169829593474665,0.047819767445325866,-0.189359941966832,-0.7197080288454893,-0.44926625889725935,-0.013741048040489368,-0.07095725809534355,-2.6118711556276932,1.2035733439462877,52.74290215969086
27.0,3.0,6.5,10.395,8.365,897.5,4.06,94.75,0.975,80886.0,573.0,36.035,30.6179,69.9425,59746.0,503.33227546810537,3.5656280919222656,160.701,59.489,57.403,13.697,44.04493523854282,0.7705005543685988,37.51,683165.0,24.81513784080998,29.71825110917296,45.46661105001707,37563.0,37438.88,16936.21,15.717915646179634,15.449625511761106,1.4422353381379165,0.3216419673452932,70.17,40.50362978569502,-2.8892496161659564,-1.5193501710457111,-3.3296293117199087,-2.453417019800593,-0.9577639875343689,-8.956126116712886,-1.0443647660377122,0.20664751236947917,-1.665378202553839,-0.4903812223145118,-0.46261273135741593,-0.9470522305524604,-1.8445589151047181,-0.5002570034718772,-4.654362181459242,-1.8034725713512552,1.1807193804687521,-0.30638417754322234,0.0627761322073636,-3.8360218805354087,-0.8048872397157051,-9.016375447775548,-0.9086330259032547,-0.5061793516141676,0.16951577148710728,0.3712935951848828,0.002681423779576364,0.049122394149501925,-0.5130108749276653,-0.11192749300661113,-0.0871126649683962,0.15085548159355877,-1.1351689324714245,-0.22277878822137845,-0.03508585657303487,0.020673555204023846,0.5515541385548811,52.74290215969086
25.0,2.6,4.4,13.735,8.29,1140.5,5.25,92.75,1.5386300675675677,45158.0,696.0,33.0483,14.6795,94.9691,6452.0,387.35632183908046,5.970149253731344,116.58,42.49,20.02,31.74,25.258358901966528,0.555059543918919,52.85,465622.0,12.3,44.1,43.6,67794.0,41956.5,22104.5,40.84636824324324,17.791976351351355,0.9989242570341496,0.2683831925675676,59.34,3.852173933827239,-1.8301827044847112,-1.7197402839704097,-5.640957784987986,-5.386133988350629,-1.0447448696537565,6.358402481687565,3.2739283276287208,4.775993367989238,-1.5301843554837014,0.25328453009327195,-1.411332625808817,1.4247224402117233,2.969065203266219,-9.372660987926649,4.082508084923029,2.9714365005617336,-1.4455086466856317,-0.09088115895787811,-1.6734540569192402,2.396839144472032,-4.991096679888044,-5.269942147840435,-6.795484646235903,0.07949124137250123,0.1296102342319978,-0.1246670554329959,0.23878129173070217,0.43395402970413305,0.3968603761307892,-0.42890990361881737,0.1789370470245674,-0.19729110075781708,-2.2997911269466074,0.29965444045141404,0.0942396544478828,-0.16683354656522434,-1.979309131441015,52.74290215969086
16.0,4.7,5.8,16.335,8.58,1070.5,7.39,13.72,0.83,7014.7,78.24,7.31,3.49,34.58,2219.0,256.8546320029293,2.864884657634566,27.31,10.63,6.92,6.91,1.80918779080694,0.4565479911105388,75.7,148886.0,2.978968581939072,42.82646793950212,54.19456347855881,46502.0,34131.0,20135.0,14.867372524025823,2.380954321306591,0.8667399117112345,0.2182642305946436,75.16,4.645836694039559,-1.8654435415348665,-2.719730433200798,-0.9172353201173239,-8.014385124600183,-3.5537199155396455,9.42911883386473,0.7557489441242065,-15.722597511224444,-1.3265466462944955,0.6067096071659278,1.018867335142568,-2.9520414887182405,12.104225409133358,1.3804604408641656,3.787485075754423,-5.696476708545039,0.6262817865548036,1.6215799592124922,-3.173173428152998,12.010504672657698,1.9355635968968288,15.035529063188783,-1.9594458434358248,1.1200888449698694,-0.7303144052624706,-0.08260731138289061,0.2680338577056934,0.43062831421072323,-0.3231757801522804,0.048778049598137585,0.9513681729106854,0.3489265765560184,2.2882115720398732,0.5411132865181806,-0.06901867098795893,2.3792614107672123,0.41421784761051317,52.74290215969086
21.0,3.6,6.0,11.239999999999998,8.254999999999999,1068.5,5.37,97.05,1.21,106381.0,2590.42,55.63,35.38,100.73,137331.0,610.4028000918064,14.863552903373884,174.27999999999997,73.07,53.35,21.39,11.545413701275482,1.3286396630675812,42.31,858592.0,16.673582357043852,41.11565010222189,42.21076754073426,42877.0,31410.0,15449.0,10.182451797210655,6.929020407132105,0.954641587443107,0.2674869382660009,92.11,3.638021830398989,-2.1541607854732616,-2.861473563207934,-2.9633943981522086,-5.094997293750445,-1.2861438639679301,10.921860487361748,5.291092413465184,9.492724598978333,-2.6329118981398643,-0.16952017501306985,2.8137885265114413,3.6177701169842247,-7.797667115069927,-0.6637894749362024,-13.139547288256386,8.850309502848736,1.8300854715580754,0.06657285705208722,1.7244698410357024,-5.006543906467656,1.9053397626895459,9.575575432678063,11.257013557112463,-0.3869376840814951,0.46053451415772084,0.01681162339324782,-0.06137855708599016,-0.12417689940581855,-0.7805979437505194,0.24939743022744962,-0.5930723304984475,-0.46174053183446223,0.32465537811318984,0.26113991073022264,0.17761397947867685,0.28023366188630366,-0.3910889206702497,52.74290215969086
17.0,3.8,7.2,13.705,8.455,982.0,7.16,126.195,0.9478,45899.0,1702.0,58.722,16.8508,63.7322,13048.0,223.4017181377917,8.284052468910467,205.455,93.926,30.942,16.87,33.16205965449566,1.7174502122943875,39.64,605389.0,14.2,42.9,42.8,42227.0,38884.0,17032.0,18.34775726355647,14.769191834162667,0.4028414498141264,0.4839945952585677,119.4,2.64,-3.6969746496838813,-1.0183788546702515,-4.162575587251534,-5.5984425049958135,0.9809703595470646,6.9611946115891135,1.0332743538854021,3.8357492695438373,-1.4654367312354337,-0.24262477692837603,-0.9160738905767595,2.739939102648448,0.62555010334899,-0.5708741516557825,1.8223192119846725,-1.5725413239529977,-1.1583594245525701,-0.28965960285005526,2.9728706511420526,0.054699014214177666,-0.3831724483892325,-8.785609287048379,9.122849826496095,-0.7824171060013284,1.0434404300960411,-0.26349617976074463,0.06853397686034442,0.41569707854961396,-0.49324694558978016,-0.13441759788120797,-0.27163964214424396,0.7925075925017403,-1.1401678943323599,1.4140539500862355,-0.8851714299867556,0.8342678584406773,-0.5295830086867014,52.74290215969086
26.0,4.3,6.8,12.645,8.405000000000001,1516.5,7.39,53.8484,0.7,22791.0,176.0,19.9075,9.7003,26.1024,22316.0,289.4793664503182,2.235459983996139,78.731,30.36,17.926,5.442,12.707805206288954,0.8544099046087655,49.59,270490.0,11.8,40.1,56.9,45128.0,39616.0,17109.0,9.127778739156234,7.347487394884943,0.1563167286245353,0.2407812308070261,59.4,9.271308305264869,-3.5467501234604657,-2.293442680329705,-7.590989807359873,-4.4784856559460335,0.5071174876267713,-2.3073810560939214,-0.6673180082160975,-3.2655209574724253,-1.76786146470656,-0.6813197680438554,0.1964596106484541,-2.202064921275402,4.303218846445283,2.1794358872560164,2.081654699419935,-2.3532570057362325,0.43747727432598627,-0.13080901062115924,-1.4098748081177466,1.5963749715189133,0.6798957601872585,2.5893254963494834,0.36539684362709607,0.1376810667167104,-1.2804696171606578,0.10745369072382616,0.14057280393938262,-0.3841849667082225,-0.8116264437915127,-0.3055302594633164,-0.449937949553133,0.11288752269310187,0.9129487948957827,0.5808671778906129,0.2684622324444345,-0.044562789198633546,0.6013004380464553,52.74290215969086
11.0,3.3,5.6,13.0,8.15,1637.0,10.9,111.07,3.69,99177.0,1003.5,55.58,40.03,120.87,13627.5,546.7309812568908,5.531973539140021,181.40000000000003,73.25,59.84,31.27,12.01708770605562,1.3716441835883986,39.96,1202915.0,16.431187710251496,41.28557796152066,42.28323432822784,53308.0,32689.0,17803.0,9.539679628333618,7.153294308153317,1.1848298070618952,0.2653379822968679,91.37,5.750198179154094,-1.0628209076325097,-1.0281438641871012,-7.219829053990543,-4.909420584421605,-1.542392912271122,-4.026506588819125,-0.2092122339581457,2.9181786717971163,2.4247507613897326,-2.3559182380388175,-0.44177406427140165,2.155523579952618,-6.303359323019783,-2.4940733514105293,-0.7965110628431039,-3.5497382821949803,-1.264708782732487,-0.3658506633589669,0.6308659003054097,-4.830460651243725,-2.9238144928837806,2.5166238230404754,2.7967010846920313,-0.4573018592596054,0.29636449934914805,-0.36516984409963094,-0.02178674145912174,0.230324106278519,-0.09721437098458363,-0.2138153839483857,-0.05309712405626913,-1.2464855448591212,-0.6939056702703238,-0.46542881843944456,0.021242492583890254,-0.09045413146416366,-6.600257645876457,52.74290215969086
6.0,3.1,7.9,11.13,8.28,1119.5,7.6,97.153246,1.5051,22704.0,603.4405868680999,11.4219,8.4222,23.795409,18373.02,371.52675503190966,9.874661869875633,61.11,25.96,23.28,5.82,24.61494990856973,0.4775021872663257,65.5,193424.9506420834,3.786310606464182,52.02179642033601,44.19187938339238,90072.0,39502.4,26966.29,10.53622467854088,6.818367587891776,8.389512313189808,0.5234059869036483,82.8,3.360512964182968,-1.5912944457183276,-2.2203305418385813,-4.905594403728222,-3.5600418914544094,-0.5110603751366338,6.712185874525457,0.49581348142586634,1.3570001250691721,-0.23882279728849762,1.5328620371532937,-2.2204845632736867,-4.105776926608136,1.7509138277110952,0.21538890651737796,0.5333246713566285,0.9030064415248732,1.0242132294550539,-1.055581174182396,-1.4630986751988537,1.1997993367289503,-3.1188182363721233,-13.808916301677625,-6.499747141910095,1.219378473944962,-0.46422551943610113,-0.2010287716736404,0.1718459260774159,-0.012372682386388778,1.3053555757986997,-0.1291614380540936,0.36564315985888224,-0.6391207327507429,0.10504116796577989,-8.536609505116939,-1.4955151722145577,0.09091085421231826,-0.7863323416685059,52.74290215969086
0.0,20.3,15.2,11.685,8.274999999999999,352.0,2.82,0.7773,0.0,12.0,0.6876815804764671,0.0007,0.0051,0.023982,5294.6,171.42857142857144,9.824022578235246,0.0699999999999999,0.0,0.01,0.01,0.02819581891016,0.1652892186691128,90.7,3055.4045483894115,0.0595207257760765,21.668917363058736,78.2715619111652,78113.0,49348.53,31412.48,18.77858494367249,2.360204165039463,3.730853285200316,0.6732214686623013,106.5,0.9290853354101964,-5.640328013574084,-2.919345592207586,-5.629859443642197,-2.4973545688080283,-0.5318990629725159,-5.790097666379687,-2.264615687907984,-4.662258948916571,-2.4598001771979034,0.05781239951029402,1.8894515918226293,-4.689167772307992,3.493854735863085,-0.4315878809336567,2.207596883745863,-9.846537716553236,-1.3567136178600288,0.10015762096891806,-3.3766688634206865,3.760215940061025,-0.9395324678160244,5.928955437199523,-8.28134791117627,0.2950976814391712,-1.4783848857103539,-0.29395987128528406,-0.7044014796521517,-0.7743964040589829,0.7796624846756449,-0.11733199917090398,0.23213646563390888,0.14698910560458867,0.5383771883292747,-0.08961525256124636,-0.8668158176572369,0.6367476633160066,-7.108924088934437,52.74290215969086
0.0,20.3,17.4,14.575,8.485,947.5,5.62,2.90776,0.115,1588.0,7.908338175479372,0.089,0.2026,19.077820000000003,4092.3,329.46058091286307,1.640734061302774,4.82,0.14,0.34,3.98,1.9414835306710216,0.2504382101047163,73.3,43717.2909103953,2.133822472423064,34.05945495650095,63.80672257107598,57754.0,39953.37,32733.15,7.989646389078048,3.576066916726457,2.2858259152713347,0.3546265201122545,56.1,5.266389995566222,-8.097126337656134,-3.168811411832769,-5.364494042604541,-7.150095975175501,0.6225853214878593,8.708326967035733,1.3603489651841418,-8.966891776925575,-4.581119671892375,0.14940857173253988,3.22073108393699,-4.340765432702997,11.498280612028514,1.4124904075513285,3.6658834735800823,1.7189341817672055,3.6868413683430603,2.2784223095700136,-2.9133996191745,14.96205413106829,1.9449792141156894,15.16838406533934,-8.080161202037708,0.903122184189658,-2.143215094056601,-0.20291669697811207,-0.4138937743008131,-0.5733023924070099,0.6189705245383083,0.051464947722852226,1.0042857559273648,0.6437388430597876,2.7492615400472036,-0.4020748809414618,0.8185681353695687,-0.5615764478904509,-2.93605950133875,52.74290215969086
2.0,19.6,15.5,10.11,8.055,470.5,1.58,49.1485,0.47,15878.0,356.18,8.5477,7.134794327171835,4.120444715233774,11534.0,282.58702925891646,6.339075959279561,56.188,19.8872,18.41727,0.953,16.5223150965168,0.404246719542003,47.87,256107.0,6.0117218158366414,18.17413190276764,75.81414628139571,45012.0,32296.0,14288.0,6.990829016588316,9.211165561563142,1.5733199943233478,0.2193897616698903,43.22460681495,5.227757228635246,-7.260927898671167,-2.243636094906057,-7.636509159567456,-1.57908044402798,-0.4812765897484496,-6.80078924647222,-2.9333269807044413,-3.6479727729192626,-1.6963659780845044,0.5083600532837832,0.0889753900902968,-1.4582682618048664,0.9063575159168492,0.6518829909029114,0.7413408128901692,-1.2478936411874992,-0.5995614974014456,0.04565745092307468,-2.937155159590765,1.7046439021049686,-0.2245238533383237,-1.36616977878691,-5.7082420047869284,-0.08757431343818696,-0.6894311062681178,-0.1450108765065667,-0.9995078502502294,-1.9484727619619413,-0.34910782309869953,0.25881468319023687,-0.3984480583776413,-0.8229479343801119,0.1501064169562116,0.09222426020540282,-0.25137625528344265,-0.9555321950186054,-3.316343357888981,52.74290215969086
33.0,18.7,14.7,12.06,8.364999999999998,815.0,4.2,94.75,0.975,80886.0,573.0,36.035,30.6179,69.9425,59746.0,503.33227546810537,3.5656280919222656,160.701,59.489,57.403,13.697,44.04493523854282,0.7705005543685988,37.51,683165.0,24.81513784080998,29.71825110917296,45.46661105001707,37563.0,37438.88,16936.21,15.717915646179634,15.449625511761106,1.4422353381379165,0.3216419673452932,70.17,18.115996751473578,-1.8172580084825565,-2.666890377971965,-11.413112800583866,-1.6244717497394114,-1.1078935696184626,-7.246794057916849,-1.1882832455945511,-0.5803133749418574,-0.5875803870676709,0.07843118483200635,0.20631792870660595,-0.2206815647302819,-1.2139005528111009,-0.8691001558055477,-1.6255255536486704,-1.6023648443181695,0.7277931965515014,-0.22382850665599105,0.09937570635229405,-5.917315948484465,-0.5369370463583624,-10.678220326728187,-1.4398943790219099,-0.325365535933524,0.3328805013714982,0.24162037097538502,-0.07031230260928444,0.053486343274514105,-0.45508882254362093,-0.10131196995576269,-0.19841443344950674,-0.02716656424415642,-0.937041625818238,-0.3574043862614782,-0.03305315937846858,-0.014155444173764025,0.949643750824034,52.74290215969086
4.0,18.0,18.5,9.855,8.135,1184.0,2.99,92.75,1.5386300675675677,45158.0,696.0,33.0483,14.6795,94.9691,6452.0,387.35632183908046,5.970149253731344,116.58,42.49,20.02,31.74,25.258358901966528,0.555059543918919,52.85,465622.0,12.3,44.1,43.6,67794.0,41956.5,22104.5,40.84636824324324,17.791976351351355,0.9989242570341496,0.2683831925675676,59.34,1078.971856845633,-2.5168147644835206,-3.103250162806362,1.657118154062579,-2.891788809526093,-1.6467386152781538,8.127840189933776,-1.2097684860415743,5.346682888840635,-0.32846409186720793,-1.5405432919661195,0.4977516528591511,1.8586741978426768,3.446039790213108,-6.351268567085886,4.1141755309452614,3.6862638709507873,-0.9446682344935834,0.25754689201712616,-1.144772247181585,7.374757617302239,-2.932596944561227,-6.414323574950298,-6.46560858907799,0.09043487918873587,0.18915912656734438,0.19833511345088586,0.10889784257858921,0.5041657964264342,0.6491407306243984,-0.22387910651043144,0.5430911903828385,0.637180690128976,-1.9314120377227664,-0.059216401576995516,0.20541998057936528,0.04538665430309852,0.006344258223350607,52.74290215969086
15.0,20.5,17.9,9.925,8.280000000000001,1136.0,4.21,13.72,0.83,7014.7,78.24,7.31,3.49,34.58,2219.0,256.8546320029293,2.864884657634566,27.31,10.63,6.92,6.91,1.80918779080694,0.4565479911105388,75.7,148886.0,2.978968581939072,42.82646793950212,54.19456347855881,46502.0,34131.0,20135.0,14.867372524025823,2.380954321306591,0.8667399117112345,0.2182642305946436,75.16,5.177476499852394,-2.3054919752168157,-2.173523237512757,2.6589516443293544,-3.855497510811935,-1.8063393573525053,11.730832070782782,-1.560129354534049,-14.334153660219163,-2.8768025906756525,-2.4526997362760223,3.626541543801626,-2.757354431090255,13.983826455244175,5.863702717901518,10.550537205183257,-9.201667992593721,1.4131978017153835,1.5356689115737876,-5.112783655679473,9.652561641937742,3.4626049294198555,19.935595411267133,-9.157573553280285,1.1787296271324148,-0.5934761275102685,-0.03861120171224005,0.1814507793883493,0.8082131605781621,-0.400339866985257,0.14998060613870598,0.5813865486687665,0.8545163814878713,2.541170421404143,-0.2183615769011289,-0.13178301280054075,0.98938556270053,-4.65326946136231,52.74290215969086
46.0,19.0,18.4,7.425000000000001,8.035,1133.5,1.85,97.05,1.21,106381.0,2590.42,55.63,35.38,100.73,137331.0,610.4028000918064,14.863552903373884,174.27999999999997,73.07,53.35,21.39,11.545413701275482,1.3286396630675812,42.31,858592.0,16.673582357043852,41.11565010222189,42.21076754073426,42877.0,31410.0,15449.0,10.182451797210655,6.929020407132105,0.954641587443107,0.2674869382660009,92.11,3.725597131448213,0.39314990624785473,-2.201190971278894,2.2541136450196304,5.087688670766851,-2.346022461274018,6.852804440253725,-1.2888213088239235,6.111054140708099,-4.002632652545969,2.991784593109044,-10.01310234406963,16.645049212003745,-11.925116136490056,-0.1402906203828751,-21.98570298566172,22.86394222613424,0.5190464970997232,0.5151159143944576,12.452486256795625,-8.513377757867177,5.49558241577198,10.604216094085325,18.888701468383267,-0.4493479974567897,0.610073744443555,0.22539745620762286,0.11420003798479694,-0.23059772376592033,-0.5239353688557954,0.11555055211608616,-0.721273233772565,-0.7147864220415551,0.3313597741102172,0.28501942165816957,0.14941214869419758,-0.25897882367173847,-0.5470069877399752,52.74290215969086
28.0,19.1,18.5,8.9,8.17,1195.5,5.28,126.195,0.9478,45899.0,1702.0,58.722,16.8508,63.7322,13048.0,223.4017181377917,8.284052468910467,205.455,93.926,30.942,16.87,33.16205965449566,1.7174502122943875,39.64,605389.0,14.2,42.9,42.8,42227.0,38884.0,17032.0,18.34775726355647,14.769191834162667,0.4028414498141264,0.4839945952585677,119.4,4.48,-3.064874237241845,-1.9587330682824042,1.4106511117145402,-5.2830693175395345,-2.564113805781428,9.772138869526485,3.0200429993619533,6.499462372778605,-1.0770608735705416,0.121181145490457,-1.6561207164327305,2.101470452888558,-0.011460939912746326,-0.9897258887874602,1.7012627842028933,-3.6575606223878765,-1.2982168876503903,0.10283726992706448,2.7972927857004106,-1.1308419666687648,-0.3079665303664913,-7.64409576235339,11.340672675650566,-0.827242889398088,0.9391302953412133,-0.05620954283823506,-0.0600914858778312,0.00011503069351033919,-0.7645042133952185,-0.20979343009491766,-0.2363546427090958,1.9983827849136055,-0.8619998361604901,1.4213937899594509,-1.1245190404355523,0.03270900223404164,-0.008509815099338644,52.74290215969086
16.0,20.0,21.8,20.18,8.870000000000001,1195.5,9.67,53.8484,0.7,22791.0,176.0,19.9075,9.7003,26.1024,22316.0,289.4793664503182,2.235459983996139,78.731,30.36,17.926,5.442,12.707805206288954,0.8544099046087655,49.59,270490.0,11.8,40.1,56.9,45128.0,39616.0,17109.0,9.127778739156234,7.347487394884943,0.1563167286245353,0.2407812308070261,59.4,20.79326773904024,-2.656940779412785,-4.474871657161664,-1.7505901539915563,-8.437525547264764,-4.530767925186082,5.7757087737259765,0.4892718714537727,-2.9781649152624117,-5.073113063778728,-0.09851293606062672,-0.14624731615806782,-1.1847381718643017,4.558165637801091,2.35527550863102,1.4488380280509603,-0.202992848173403,-0.5134735123502706,-0.19041554188355883,-1.0339849139098083,1.374974388473978,-0.1495504464954148,2.5179757442387447,0.3274150595565626,0.5308188078925022,-1.4719520405059054,0.09814372441420922,0.2472088667439921,-0.7267792278031502,-1.4593301083954664,-0.8663768723296629,-0.10901484390099785,-0.09314681790769204,0.7697544167221837,1.4030913621963312,1.621810963191091,0.44729479891558466,0.32266728688652285,52.74290215969086
5.0,19.2,19.9,13.085,8.31,1622.0,6.03,111.07,3.69,99177.0,1003.5,55.58,40.03,120.87,13627.5,546.7309812568908,5.531973539140021,181.40000000000003,73.25,59.84,31.27,12.01708770605562,1.3716441835883986,39.96,1202915.0,16.431187710251496,41.28557796152066,42.28323432822784,53308.0,32689.0,17803.0,9.539679628333618,7.153294308153317,1.1848298070618952,0.2653379822968679,91.37,20.96864325323803,-3.3253963292141755,-2.133213259602586,1.401921682683751,-5.052244647722691,-1.4928327859255173,2.839342302965621,1.6975841909615956,1.761267829301455,2.1298875318405526,-1.1401359689794486,0.2133013059943917,0.8044118968645734,-8.756211157959575,-8.29373534810419,-0.055724486503750725,-0.7499247444514191,-0.38855358334879203,-0.6028760152744743,0.5688240695558496,-3.179202441473802,-2.6713050833375505,0.12406002262607115,4.402239844395468,-0.9006095968124767,0.68879075485592,-0.32614639050637645,-0.407282111272217,-0.6901312264737983,-0.28181190137751244,-0.7417247999707843,-0.03260513850177323,-0.9360324649574844,0.2507732347771527,0.11382360537847032,0.300400067518155,-0.9088778641819957,1.2216250173188739,52.74290215969086
4.0,19.6,13.6,11.905,8.355,1489.0,6.84,97.153246,1.5051,22704.0,603.4405868680999,11.4219,8.4222,23.795409,18373.02,371.52675503190966,9.874661869875633,61.11,25.96,23.28,5.82,24.61494990856973,0.4775021872663257,65.5,193424.9506420834,3.786310606464182,52.02179642033601,44.19187938339238,90072.0,39502.4,26966.29,10.53622467854088,6.818367587891776,8.389512313189808,0.5234059869036483,82.8,3.185516833347173,-2.9190797134116298,-2.503393342631558,-7.010765551514923,-3.302919565482687,-0.4852719377633177,1.0693254269969954,0.8622171249520033,0.2782364739912245,-0.6563647095734869,1.6929558009902632,-2.227605963852256,-3.7094851839604477,2.2593648836761706,-0.4942915530068179,1.0538427162822337,-0.4630766925401984,0.13040922657897078,-0.2187820060054458,-0.7008695345620319,1.3755592920382813,-2.6068718806964655,-9.129202035324026,-5.363233663104475,0.8173433402987822,-0.20017225588982215,-0.361025751022001,0.16896981005867287,0.1877436362331116,0.47062545406321715,-0.013125071513156042,0.40383705428180533,-0.95992722309505,0.28892238907205564,-7.0726151300283755,-1.1865841263967265,-0.11678928638808388,-0.5003749838781855,52.74290215969086
533.4,27.3,29.9,11.03,8.425,257.0,2.78,69.61883,3.1667,31295.0,362.9812608948286,7.9764,10.4369,90.661662,22830.6,431.0012394986916,4.999053310767506,72.61,11.98,17.16,25.54,29.247120158096035,0.4441104259190304,62.5,205105.4262142192,6.613355601948504,25.327743910925538,68.05890048712597,63992.0,36649.66,25491.99,8.611711314748359,6.341558665661586,2.4926882667224866,0.4481821796071095,70.9,4.709367975274306,6.133757144563522,-2.481637003685658,9.031740908088784,-4.18057498369366,0.4191669673348466,-12.344799548462033,-2.0956922795437265,-0.8500601688710342,5.362245182481904,-0.003249535125991354,7.464533510698627,-4.386709631656607,11.763079054877162,4.459457334363832,4.674643333206574,6.976325054752327,-0.3439308087155221,4.600528562578062,-1.468683406313259,6.942233032410343,3.280794495030617,-10.904234399196381,-9.273833842041592,2.0329135685724515,-0.9882873754079139,-0.05746055313075615,-0.1088342475177102,-0.5523618166334918,1.2711322087142614,0.04511161904161032,1.2354411574763555,-1.2644354246308391,2.542448761559401,-0.6445052234828473,-0.2742245703159522,0.2181073529118045,-0.7180264483268056,52.74290215969086
430.2,27.3,30.6,9.905,8.28,253.5,3.53,102.81,1.7645,47925.0,843.0,43.5255,20.1416,83.8778,77459.0,294.8686396357596,5.186734756660309,162.53,65.61,36.45,18.38,34.437046921982514,1.6325084864460302,44.34,791032.0,14.2,49.0,36.8,60352.0,33354.0,19580.0,15.09150601532647,12.226414519989854,1.982933986704912,0.251596591393268,73.72,4.753512394250155,3.5355809584942963,-1.9472522370486207,6.006607154238349,-5.59078186551109,-1.8429806422566386,-10.032395792578656,-2.231845482736827,5.494176125110438,-0.9349956501523655,0.2570357787112402,0.4490496902540322,0.15407313037353232,0.11872593389203279,-0.3990284143139918,-5.811099035084868,-1.5108771636554363,1.1144469183869663,-0.10362751290202195,1.9923593673296274,-0.22807897719244177,-0.4649584459699687,-11.934675119019424,20.376359145399178,-0.2083611541272461,0.8788889091772344,-0.03789289158458501,-0.04248555135602775,0.0017098281780878466,0.30646158308411703,0.04134924684961705,0.029013574291018696,0.012399932307501397,-0.23155203820827217,-0.4528203478145101,0.042262059254570904,0.18138152385751516,-0.9028646753945687,52.74290215969086
172.8,27.3,27.8,8.74,7.960000000000001,475.5,4.51,46.39,1.9696,37903.0,493.0,18.997,12.4084,46.2737,14888.0,438.5652299681805,5.704367949088805,86.425,31.048,20.027,9.119,23.6873667742644,0.5198347645921357,40.86,412043.0,11.40105756416319,43.837324276686296,44.76161815915051,46146.0,36086.43,16572.17,12.426995927713286,10.42342201495799,1.8765437977532649,0.2308378149566619,50.36,4.800184139932837,2.5982939446934807,-1.1896029453972974,4.091065120749797,-4.4407337612720825,-1.6096118957300973,-10.472418578291931,-2.13621560073768,-4.608496724584451,0.18797671752671427,-0.501801922631761,-0.009324658215046652,-1.9739150820610423,1.9071753759495909,-0.9115446195254727,2.122893259578074,2.130348235815763,0.6066663582219435,-0.33731612814590245,-1.1547095488384367,2.023016034321239,-0.10280969322969453,-9.414909742635983,-5.997790657921385,-0.753838461469858,-0.1381328602445621,-0.21735025392845206,-0.0717789993559322,0.18168625573627648,-0.34132631919036366,-0.09616135045265217,-0.3004611755659183,-0.26296875023283084,-0.603625223776326,-0.45810328083733687,0.3207470897864549,-0.3677063332032418,-3.4611273371335103,52.74290215969086
289.5,27.4,30.5,9.735,8.254999999999999,484.0,5.28,6.34,0.062,5772.0,77.0,1.413,0.9294,11.2908,1379.0,654.421768707483,8.73015873015873,8.82,2.541,2.176,2.684,2.417385883124235,0.1122410186812435,81.11,43475.0,1.100962322622737,39.02707551786005,59.87196215951721,72144.0,42390.12,23847.44,16.617634982053918,2.250591120086632,1.7613416385502103,0.1556184237048982,33.95,2.1063370494748503,4.163129096000146,-2.2719124359016623,3.932306348395844,-4.047222733016437,-1.0695951077776649,-9.295065024060511,-0.06581293440734459,-2.617506765679767,-2.5176073326232533,3.61022793141504,-3.550600084209192,-3.0984854029119013,1.1190003662090746,-1.0222215389460318,3.563183831047887,-0.026479260139168126,-3.415849544815719,-1.19423617011557,-6.167312696439524,2.6843270555449013,-3.4497686802782117,11.438201544837403,-11.382500221543012,-0.09758115620041903,-5.533824479260171,-1.844574515956143,-0.3533000618840248,-0.8439945167116821,0.5130992371588955,-0.5466375732949628,0.478577542876204,-0.5161249245796342,2.4350373414096738,0.8523789483153572,-1.454788691053788,-4.737688588260983,-4.4209010861255225,52.74290215969086
218.7,27.6,27.9,10.915,8.14,525.5,4.03,94.75,0.975,80886.0,573.0,36.035,30.6179,69.9425,59746.0,503.33227546810537,3.5656280919222656,160.701,59.489,57.403,13.697,44.04493523854282,0.7705005543685988,37.51,683165.0,24.81513784080998,29.71825110917296,45.46661105001707,37563.0,37438.88,16936.21,15.717915646179634,15.449625511761106,1.4422353381379165,0.3216419673452932,70.17,5.581862335582038,2.2326011772267518,4.4374895763086775,4.176560723253837,-3.6581888872136674,-1.4303834364625316,-7.476824903016289,-2.7293350449018177,-3.4108195589669053,-0.8953771664015954,0.3383170817357801,-0.9347702498796081,-0.7285683017720778,0.09150079209357502,-0.4492980488762262,-3.145798738176623,1.4726475760278597,2.914313962471981,-0.2403658547128238,0.673331749252975,-4.300287255800018,-0.2967782160329313,-19.1930494566448,-2.230660062109431,-0.7076093703818819,0.7043085787072777,0.8822172748980416,0.044382463581859564,0.032840391049783126,-0.7305253770947452,-0.02798904999469635,-0.17882237383474978,0.015359707437455924,-1.3252170086465767,-0.028141071243832434,-0.15822643509134707,0.2131025426462291,-5.5450615230388935,52.74290215969086
421.2,27.7,25.8,3.15,7.335,332.5,6.25,113.44,6.47,113005.25,3048.97,56.37,31.11,123.25,170899.0,632.6927383685123,17.070544762331334,178.61,74.6,52.48,33.02,11.832260392384752,1.0136065476243834,41.19,962714.0,23.22925734100645,37.059541398199215,39.71120126079434,40450.0,30441.0,14677.0,7.420621787035737,5.286083690348805,0.6079000575173069,0.2002013844757149,68.94,17.610233526673582,11.989585137212032,9.253010776645194,15.030218709011868,26.57819229464978,5.527991712316871,-6.6121773824344094,18.333587353037046,6.560790618235868,7.805784017785143,-2.81912412746499,6.179869631373634,11.45791817078367,-4.263947737207638,-3.078991122410321,-18.44027623405059,-6.982586050772419,1.4209593109165637,0.24914338802918903,1.4923589580692358,-3.810682491908468,7.6648630157982325,16.059959064560633,2.678883775888631,-0.04180460189779467,2.4159785760131975,1.9505953354046988,0.8610204068571349,0.7079510583418088,-0.619110779662928,0.2495213721816739,-0.5068980887904765,0.3912130504722399,1.6763990285961554,1.2983725612672679,0.8469838454946862,0.7865252663381407,5.771065553855149,52.74290215969086
331.5,28.3,26.8,2.28,7.7,1200.5,6.42,62.8682,0.7473,30465.0,544.0,23.7417,15.1611,35.7857,16160.0,391.6363496124131,6.993276684364113,77.789,31.907,28.226,8.037,12.555758966506351,0.9191379276851872,47.4,302484.0,8.8,57.3,33.9,63896.0,41068.0,18414.0,9.819277128486252,7.904115227830772,0.4381657992565056,0.2590222331408918,63.9,4.2285270887979305,1.073623489889626,2.7646758720247724,5.4345775032384935,24.629634099472312,-1.972316613874088,-2.501212213151158,1.7521966971146554,-2.7158091686790207,-3.864709143458555,1.4685367423668498,-1.3839108389647088,-2.617694493290037,1.6333120165641108,0.893736831278852,2.8091375635688496,2.7770578335536036,-0.8844465575739721,-0.781243116408587,-1.7578846842919809,2.282759381377449,-0.2638642434279112,5.919634506807974,0.6915912194550037,-0.2865321734361353,-0.4358222335452832,-0.2896460053386794,0.028271888118859206,0.5105621730598328,0.47460154999668447,-0.17096277682731356,-0.0787622318354746,-0.7426465481581795,0.5626697403689244,0.824714744649827,0.34218186402072465,0.1654514875852815,-4.32568712272371,52.74290215969086
453.1,28.0,28.0,8.735,8.125,1085.5,2.89,121.17,1.24,111887.0,1972.8,69.36,49.35,171.62,14251.0,484.1916219491085,8.537303098494027,231.08,91.11,77.42,35.98,15.308206323678789,1.4921568515595265,37.51,1010017.0,18.514367546917764,44.48838459533429,36.99724785774794,40876.0,30965.0,14316.0,9.36200276864403,7.781782798224389,1.0236131895309892,0.2773605197458011,95.51,3.800429000672996,0.2876385136383268,2.5227494150896868,2.0700001110384867,-3.283534492496401,-2.060360170913239,2.9399293278840677,-3.1340391089705117,4.24872685248653,-2.9767043229068317,-0.8146163382877892,0.7985211535232747,3.273932034472624,-15.618794944503653,-17.736126803522932,4.005103003891805,4.878625979243466,-0.3598053039486208,0.12149844639624059,4.069866092434775,-10.626311182336261,-3.3894813100559023,0.09435845211148264,9.206255911725263,-1.0415565211884676,0.7283587439606588,0.0025863279340160674,-0.611293357362351,-0.638089248128236,-0.2908118825778363,0.21871097251772875,-0.290808171145618,-0.6162177526981892,-0.17239735139533874,-0.24204208006461445,-0.16833759063854684,-1.0078840704758958,-4.211592830481627,52.74290215969086
331.5,28.3,29.5,3.38,7.415,443.0,4.14,62.8682,0.7473,30465.0,544.0,23.7417,15.1611,35.7857,16160.0,391.6363496124131,6.993276684364113,77.789,31.907,28.226,8.037,12.555758966506351,0.9191379276851872,47.4,302484.0,8.8,57.3,33.9,63896.0,41068.0,18414.0,9.819277128486252,7.904115227830772,0.4381657992565056,0.2590222331408918,63.9,19.001786887100703,9.322239487941067,5.042921752644083,17.275746820587667,23.678354861332725,5.970141255340226,-13.804481813292952,-3.54593797404319,-0.5258639396106215,-4.116633352984985,1.9505980103090412,0.2756732151967774,-2.5970502046992396,3.1360732898302377,0.8453846463933576,5.253251477715868,4.803320278643321,-1.2895989614973444,-0.40540793770923916,-2.2964304528944193,-0.4678937756021841,0.44817436388383375,8.090743760274103,3.2396672862706093,-0.25487593412399256,-0.34027569423119175,-0.3133671387719617,0.0949801466365671,0.6489134254741172,0.85148006218175,1.0776206522155551,-0.14685789539168326,-0.7318912882171565,0.9128741959544513,1.3611888495273876,0.1614706487705302,0.10811088533450963,4.088306303089484,52.74290215969086
114.4,28.8,28.6,2.3,7.42,419.0,4.52,53.8484,0.7,22791.0,176.0,19.9075,9.7003,26.1024,22316.0,289.4793664503182,2.235459983996139,78.731,30.36,17.926,5.442,12.707805206288954,0.8544099046087655,49.59,270490.0,11.8,40.1,56.9,45128.0,39616.0,17109.0,9.127778739156234,7.347487394884943,0.1563167286245353,0.2407812308070261,59.4,8.724904364000624,5.810394614127773,3.482828345404316,16.32121117302527,22.751982119549066,6.650060728558651,-10.482877753165862,-4.910573296354463,-5.60986154721429,-2.942641423440849,3.2038380103372037,0.44843204903105843,-2.076823130150636,6.6968808554112895,1.7529782984281574,3.2588519194908456,0.2522326199648302,0.6617244339361784,-0.5735491440072641,-1.0845187772996736,5.402004339912285,-1.8387427091350146,4.571011819656319,3.14049173961083,0.407791187564533,-1.870137373774001,-0.17712539141376737,0.09245510404308692,-0.57203240926688,-1.0506174401224904,-0.33743744378599,-0.29214519694758173,-0.5544376940280197,2.909669565893712,1.6822441341976344,0.6055285033024829,0.554391328149166,2.949514423497021,52.74290215969086
376.9,27.9,27.8,2.865,7.15,348.0,6.26,156.23,1.87,97710.0,1060.5399999999972,71.1,36.2,44.19,10480.0,463.12446677410185,5.026732391695883,210.98,98.81,63.08,12.67,11.72546549939368,1.018542407714805,36.2,633849.0,18.656421702718102,40.1694307582096,41.1741475390723,29464.0,31269.0,14895.0,17.562286116352706,10.924959818723158,0.0678323806069195,0.3802577434267549,98.99,18.2332812825693,9.8625303420797,6.410938370606551,12.13190635188172,27.27161854079924,9.329018504805864,-2.076843862583239,9.573440060267847,-1.2113361632575597,-0.06980425661429557,-4.265522345400723,-0.5097617219823078,10.766947961114347,-3.821309669284773,1.0256040156818915,3.2130355251456333,2.105220139063895,-2.7465682096531,0.14378371149301503,2.7083373615890687,-8.066565735470503,0.2875883192506956,13.495063787528002,3.356092798871297,-0.8160356875571093,0.8833419378101824,0.34490211259573716,0.02689416040976737,0.27872257812569473,-1.2090789439498117,-0.18656253789241065,-0.36786133478705807,0.3601500834027925,0.35352733131808467,1.4250862199999375,-0.48690087945821353,0.18497489958380578,3.886050686103602,52.74290215969086
4.0,2.7,5.1,15.275,8.79,769.0,7.105,69.61883,3.1667,31295.0,362.9812608948286,7.9764,10.4369,90.661662,22830.6,431.0012394986916,4.999053310767506,72.61,11.98,17.16,25.54,29.247120158096035,0.4441104259190304,62.5,205105.4262142192,6.613355601948504,25.327743910925538,68.05890048712597,63992.0,36649.66,25491.99,8.611711314748359,6.341558665661586,2.4926882667224866,0.4481821796071095,70.9,2.9025280989027755,-3.281821089116857,-0.8284878045010062,-3.532342754683146,-6.358641772319873,-3.561239481706483,-9.14094625187417,2.380584821221418,0.5812634523864837,3.88632268005982,1.0592221432458608,1.5401936379820116,-3.18244279411311,2.3241916537657388,0.2460446228273212,1.9434200649770599,2.766483685914427,-0.305595035410176,1.0138801764013872,-2.2842153640494995,3.4860968687338763,1.6872093687020246,-10.89052688060949,-5.710994951223644,1.0804474612387518,-0.9345807240934425,-0.13559023709967696,-0.3992352761887013,-0.7786051244040326,0.3722338212622951,-0.045304017278055365,0.6268147162161767,-0.7770905058116964,0.8947072643352053,-0.8466281631154319,-0.474067380850514,0.3329988238836326,-1.426767023745925,52.74290215969086
7.0,2.8,8.6,16.765,8.7,961.5,6.2,102.81,1.7645,47925.0,843.0,43.5255,20.1416,83.8778,77459.0,294.8686396357596,5.186734756660309,162.53,65.61,36.45,18.38,34.437046921982514,1.6325084864460302,44.34,791032.0,14.2,49.0,36.8,60352.0,33354.0,19580.0,15.09150601532647,12.226414519989854,1.982933986704912,0.251596591393268,73.72,2.103321289660515,-1.9867189934694522,-2.0179003426851696,-5.916482255496085,-8.22092023242265,-4.170729223339197,5.419223231421783,0.9607588772817207,5.88831435309102,0.9007608379671962,-0.45193994910145757,-0.44734540621129115,1.2779377918814618,0.21495955704711367,0.5476581378529465,-3.2446172775079805,0.9038544905806581,0.41356501666208195,0.16683020085717168,1.3241622505150736,-0.7708157999751477,0.029568406355877652,-13.933522497757027,15.315466944285044,-0.5854210148068765,0.868814460268866,-0.09822344081476435,0.07511659512451674,0.27478187479078686,0.19965187182649982,0.0884090641823918,0.034979779807230514,0.0062602974971124326,-0.4664410970235859,-0.299506094108025,0.2280035203322761,0.4152152956121912,-1.548084473709265,52.74290215969086
15.0,4.4,4.9,16.145,8.555,1004.5,5.68,46.39,1.9696,37903.0,493.0,18.997,12.4084,46.2737,14888.0,438.5652299681805,5.704367949088805,86.425,31.048,20.027,9.119,23.6873667742644,0.5198347645921357,40.86,412043.0,11.40105756416319,43.837324276686296,44.76161815915051,46146.0,36086.43,16572.17,12.426995927713286,10.42342201495799,1.8765437977532649,0.2308378149566619,50.36,23.85765789040939,-1.6648642541406051,-3.158178734139851,-4.321787030057361,-7.712154681372144,1.2630734461732216,5.568583624865859,0.8255086233746259,-1.2519615453450637,0.794982333568235,1.419921369931351,-0.756236396835496,-2.3717411365173757,2.1949003778460114,-1.8209876041486865,0.8667515116992103,-3.1795665751459694,-1.7571231672105683,-0.4493543714564292,-1.9569546755527452,0.6717363056043775,-0.6993965098386011,-9.897587984744462,-6.279060004986824,-0.6867249297133341,-0.4062948919894797,-0.11807604188720362,-0.0182665536863101,0.3455251735479881,-0.5392358085326839,-0.07263754783198288,-0.37539635416741124,-0.8890589813794944,-0.26624738377208584,-0.7696610202702381,0.30359749921287066,-0.23926205792774832,-0.6943033288605512,52.74290215969086
25.0,4.3,3.7,5.975,8.434999999999999,536.0,1.08,6.34,0.062,5772.0,77.0,1.413,0.9294,11.2908,1379.0,654.421768707483,8.73015873015873,8.82,2.541,2.176,2.684,2.417385883124235,0.1122410186812435,81.11,43475.0,1.100962322622737,39.02707551786005,59.87196215951721,72144.0,42390.12,23847.44,16.617634982053918,2.250591120086632,1.7613416385502103,0.1556184237048982,33.95,3.962150963586937,-3.6091121928362795,-1.3532557411647088,-6.78326698962599,7.758621225133538,0.6293167869653565,-10.56650049590816,-4.0856569379443926,-2.7876938606364035,-4.307705283546819,0.9832118744992965,-1.7463992863645146,-9.469888027645647,7.199356577340512,-1.6631727393902838,5.271981604980926,-2.506252683736384,-1.6889985345614453,-1.5468590818718084,-5.610285305827856,3.056752222664654,-3.0012609371232486,9.906289790263399,-11.842372294149051,-0.6147891456323368,-3.3889905307193597,-1.2155763499749208,-0.46747945729022305,-1.071678708946953,1.1523176770874612,-0.1448493277902406,0.47803919383945553,-0.20514232543607594,1.5460551058252647,0.04665009016792032,-2.409252380200972,-5.034698424190282,-0.6933720307300488,52.74290215969086
27.0,3.0,7.6,12.96,8.575,349.5,2.42,94.75,0.975,80886.0,573.0,36.035,30.6179,69.9425,59746.0,503.33227546810537,3.5656280919222656,160.701,59.489,57.403,13.697,44.04493523854282,0.7705005543685988,37.51,683165.0,24.81513784080998,29.71825110917296,45.46661105001707,37563.0,37438.88,16936.21,15.717915646179634,15.449625511761106,1.4422353381379165,0.3216419673452932,70.17,5.649746138342161,-3.5262001422358047,-0.8415682131750515,-6.157719994687166,-2.6094668256553506,-2.7309196005916845,-5.698488932584102,-0.38456648211305294,0.5776087787871556,-2.5991716736989714,-0.9350888443024207,-0.48931368384510315,-0.9889710429093489,-1.1473838785632207,-1.3502973012408859,-2.0290220303662747,-0.8700580845742182,0.20696423637680736,0.03803681620707124,-0.062478027772157975,-3.7417481126574184,0.5405883217804751,-11.681633827071636,-1.3614041538536545,-0.5971576245656854,0.30681350855932815,0.31689820899317617,0.06828728934129043,0.07582637757373385,-0.37609303838883895,-0.09561371361526295,-0.07666998048933814,0.29507254536884536,-1.6302027290624874,-0.3490428962341201,-0.11927952180306095,-0.07545795649290121,-2.4315253280072158,52.74290215969086
16.0,3.1,6.1,14.785,8.375,1078.5,3.85,113.44,6.47,113005.25,3048.97,56.37,31.11,123.25,170899.0,632.6927383685123,17.070544762331334,178.61,74.6,52.48,33.02,11.832260392384752,1.0136065476243834,41.19,962714.0,23.22925734100645,37.059541398199215,39.71120126079434,40450.0,30441.0,14677.0,7.420621787035737,5.286083690348805,0.6079000575173069,0.2002013844757149,68.94,12.986810380744233,-2.6873424328801527,-1.7492888640457143,-1.2263172779915215,-9.811332522456842,1.3892048752525188,10.628057138342408,-1.5294801592081788,3.1565881724531444,20.342179462391265,-1.7363548481402298,2.7453335725764436,4.753111333862569,-4.769860704808186,-4.080996397022778,-19.098720871005202,17.275674928271524,-1.690227289907633,-0.06083445479161931,4.678179062819107,-8.340242134382326,3.5845699432523315,8.3589924533541,5.014248437701415,0.1637712135538457,2.272403962174432,0.8054087412854015,0.4478962255020926,0.6422653964254996,0.7162628240883336,0.5903958875127131,0.27492001252869597,0.8191656470950677,1.0596547917369767,0.6764794533637662,0.46625293294278264,0.4443361806528013,2.3152550496657684,52.74290215969086
22.0,3.1,9.8,13.489999999999998,8.15,2355.0,17.85,62.8682,0.7473,30465.0,544.0,23.7417,15.1611,35.7857,16160.0,391.6363496124131,6.993276684364113,77.789,31.907,28.226,8.037,12.555758966506351,0.9191379276851872,47.4,302484.0,8.8,57.3,33.9,63896.0,41068.0,18414.0,9.819277128486252,7.904115227830772,0.4381657992565056,0.2590222331408918,63.9,16.811669570861437,-2.897004486282045,-1.8786931215971716,-8.586675825106601,-5.49646760744353,-2.2002279610931867,-0.3139785291813328,0.47745987753073305,-3.4959145018520448,-2.2349391889572146,0.8386547282586498,-0.7019158111574763,-0.8942765448614954,1.3697907789175712,1.056466891504825,2.2375980756680183,-0.30870531922516786,-0.9645481640907638,-0.08335798700650592,-0.4159224073775108,0.9357833768613636,-1.148741935702662,4.22106682450821,1.1546491873823115,-0.14200103294104358,-0.07945939663797545,-0.09850291917721392,0.04917275350540903,0.33306927333896336,0.5410652284386256,0.37208227111647485,-0.04728718152890791,-0.34917380899190914,0.3375397984000547,0.41169795106475665,0.15156179647271983,0.23534879907344722,1.0622793137033788,52.74290215969086
9.0,3.3,5.9,15.11,8.315,1625.0,11.5,121.17,1.24,111887.0,1972.8,69.36,49.35,171.62,14251.0,484.1916219491085,8.537303098494027,231.08,91.11,77.42,35.98,15.308206323678789,1.4921568515595265,37.51,1010017.0,18.514367546917764,44.48838459533429,36.99724785774794,40876.0,30965.0,14316.0,9.36200276864403,7.781782798224389,1.0236131895309892,0.2773605197458011,95.51,19.067224193042488,-2.240681931618602,-1.8792476078247036,-2.508572866804897,-7.834488704511895,-1.4560815192200247,-3.563741101951649,2.280687409446885,3.9494201611727475,-2.2227346683790294,-0.38994977537542486,-0.7984225910591584,2.429318964195747,-10.105227505204576,-10.01941507648987,0.8946354926377538,-0.7106056940307218,-0.3727340440514187,-0.446909247431905,1.5106556866814698,-5.712217590256284,-2.923219183959688,1.2473243818556274,5.325772949662061,-0.4146394275066753,0.19591412814954978,-0.3297949224151675,-0.30843082405626837,-0.3587865672633053,-0.3758482580104219,-0.12683119546001217,-0.18568836275488051,-0.6611659174412498,-0.30608123107502877,-0.16815070082122996,-0.1735792425771545,-0.24953246874113874,1.3220484202044707,52.74290215969086
22.0,3.1,6.3,11.835,8.155000000000001,1170.5,6.35,62.8682,0.7473,30465.0,544.0,23.7417,15.1611,35.7857,16160.0,391.6363496124131,6.993276684364113,77.789,31.907,28.226,8.037,12.555758966506351,0.9191379276851872,47.4,302484.0,8.8,57.3,33.9,63896.0,41068.0,18414.0,9.819277128486252,7.904115227830772,0.4381657992565056,0.2590222331408918,63.9,13.403589553731951,-2.628222575811669,-1.7407134923525163,-5.3732853707205495,-6.528430355855573,-1.6610792013071494,6.6688404291433585,0.5355705500580369,-2.278659358918667,-2.0766127512728185,1.009154913270226,-0.2529889280286935,-1.2519582120825843,1.3259531478645918,0.42020352695137336,2.6588244466700903,1.2959855876180033,-0.29369227507462004,-0.34136227314670897,-1.6273057420551782,-0.5142295364259427,-0.4013176397855072,4.256895602876319,2.0623415960433586,0.04742340500777035,-0.31350195918232043,-0.13941027346998572,0.5590366498256714,0.28563618282477093,0.7482986894467221,0.5601433523775382,0.010068836125234645,-0.4969052666984502,0.38391630979255,0.5753582726853574,0.11951332287862855,0.22351666298694864,2.2727620087253553,52.74290215969086
26.0,4.3,7.6,10.23,8.135000000000002,1123.5,5.73,53.8484,0.7,22791.0,176.0,19.9075,9.7003,26.1024,22316.0,289.4793664503182,2.235459983996139,78.731,30.36,17.926,5.442,12.707805206288954,0.8544099046087655,49.59,270490.0,11.8,40.1,56.9,45128.0,39616.0,17109.0,9.127778739156234,7.347487394884943,0.1563167286245353,0.2407812308070261,59.4,5.976898827490671,-6.059316155569007,-3.2694110600091517,-5.148855672031641,-5.617413934382301,-1.8555904576306548,12.823093688103057,1.4360290218951783,-4.69744000965729,-2.4833131495987373,-0.6452400309313099,0.05269803471863336,-2.0756279431283473,4.692898027983804,4.441590391782424,2.6465281161665932,-2.3529330959233152,0.4199795894945672,-0.2192529049391556,-2.110505973026155,3.2311058104534944,-0.12822454770405933,4.1200603495289885,1.3459505837659043,0.2530064315100515,-1.571197095178068,-0.08196694682662671,0.7186827888215573,-0.5989156073549141,-0.6184402486371514,-0.9094911291698603,0.0065037592810893345,0.2081541561024872,1.3901902780930195,1.3299774668924507,0.5372347828497487,0.1844253964225461,10.191032141080747,52.74290215969086
30.0,4.0,8.0,14.31,8.71,1752.5,7.77,156.23,1.87,97710.0,1060.5399999999972,71.1,36.2,44.19,10480.0,463.12446677410185,5.026732391695883,210.98,98.81,63.08,12.67,11.72546549939368,1.018542407714805,36.2,633849.0,18.656421702718102,40.1694307582096,41.1741475390723,29464.0,31269.0,14895.0,17.562286116352706,10.924959818723158,0.0678323806069195,0.3802577434267549,98.99,15.286782033626292,-2.940369278526243,-1.9466071569640186,-7.217026496815184,-7.567351835165174,-4.0202989213416975,0.22471115447891274,-1.2846544442450012,-0.626045838793119,-1.5438641102922468,-1.4423315467312923,-0.7784405879117552,5.696838945001364,-3.194188913504283,0.41673350011929805,3.173015457683554,-0.748698864926895,-1.1635596043616543,0.46361790275822035,1.4949680568013972,-5.262104153955978,-0.49699513573199433,4.694419894643748,2.2733816369871302,-0.9457556125707928,0.416978954492758,0.3878942567544679,0.008930018423123798,0.2515249360476943,-1.0247750727708143,0.059981699641794194,-0.4089306766850247,0.468663307999571,-0.3924749479815359,0.8928494961063066,-0.12684418266018196,0.4358121253860494,0.5776048347291841,52.74290215969086
32.0,18.8,19.7,14.185,8.67,1092.5,2.51,69.61883,3.1667,31295.0,362.9812608948286,7.9764,10.4369,90.661662,22830.6,431.0012394986916,4.999053310767506,72.61,11.98,17.16,25.54,29.247120158096035,0.4441104259190304,62.5,205105.4262142192,6.613355601948504,25.327743910925538,68.05890048712597,63992.0,36649.66,25491.99,8.611711314748359,6.341558665661586,2.4926882667224866,0.4481821796071095,70.9,7.754887266611711,-7.428369569322094,-2.520595439681784,3.2211742625292388,-3.78279354287001,-5.620619846167973,10.293167108846829,2.463761608600617,12.994556096573362,11.70473097861124,4.290936968649427,0.6738286229968079,-2.5707929646565257,13.790090545481076,14.842198814144359,5.0090005622509235,14.5625018280372,11.240165699034305,0.5667127119625605,-6.981968887488669,9.560760060201089,4.559641005904414,-8.237310884964343,-9.506164720482195,3.904961523616997,-2.1838159069077427,-0.5351931296444192,-0.5773301034420729,-1.8203942880686368,1.505657290033995,-0.21964343296674324,1.130892711825048,-1.2572667854403454,3.8413497498103717,-1.2884908904135217,-1.0614741966997607,0.1804794073632605,10.009428457037236,52.74290215969086
18.0,18.6,18.7,15.02,8.594999999999999,1057.5,3.56,102.81,1.7645,47925.0,843.0,43.5255,20.1416,83.8778,77459.0,294.8686396357596,5.186734756660309,162.53,65.61,36.45,18.38,34.437046921982514,1.6325084864460302,44.34,791032.0,14.2,49.0,36.8,60352.0,33354.0,19580.0,15.09150601532647,12.226414519989854,1.982933986704912,0.251596591393268,73.72,5.685706400706377,-1.9943599679165842,-2.9910617414644616,-0.6614339233686529,-11.716626247062038,-3.7594619656043755,5.051680614827202,-0.8391744125261903,4.019915110245346,-1.1149862997854758,-0.6434505006764084,-0.3763638235814862,0.09308530415097908,1.013575208519275,0.28454270329015907,-2.3828961063238485,0.11772931594401692,0.7068734318142141,-0.2216422428376963,1.5412523489693795,-0.4640714782228074,-0.051254689817626854,-13.53740544008091,18.624073979345464,-0.4612846432036411,0.7915122471128919,0.0022471722618985592,0.008715074354161523,0.03986386002972653,0.1837535437072321,0.16075971204166603,-0.0007345656026143862,0.3341516876158603,-0.16259154905875572,-0.25130812736849045,0.38077299684286164,0.09172820978797998,-3.231600045648713,52.74290215969086
13.0,20.0,15.9,10.365,8.315000000000001,916.5,2.82,46.39,1.9696,37903.0,493.0,18.997,12.4084,46.2737,14888.0,438.5652299681805,5.704367949088805,86.425,31.048,20.027,9.119,23.6873667742644,0.5198347645921357,40.86,412043.0,11.40105756416319,43.837324276686296,44.76161815915051,46146.0,36086.43,16572.17,12.426995927713286,10.42342201495799,1.8765437977532649,0.2308378149566619,50.36,7.036330296883316,1.3156296345684677,-3.3967259268152206,-22.128408668579848,-3.839763049113875,-0.6972646725022544,29.53324418594129,0.2814937895908957,-5.748231039913371,-2.5145112879884732,0.7173999374639232,-1.1225654379247378,-4.815347457801301,2.685536991134285,-1.9530026952984434,5.733588629993609,5.309215323204797,-1.732312414189801,0.011674657377104714,-3.3001668858807514,5.604574986721076,-3.212252669862161,-26.14139382775252,-17.34617908264976,-0.7537080567019689,-0.4245931457045177,0.011396708587804838,0.09527687979862005,-0.04299117265890118,-0.6153827056009317,-0.1723179461186127,-0.18687212628157157,-0.831902463464066,-0.7294654982630152,-1.1050400962913416,0.4459801029895132,-0.6444833385416643,12.516898251346623,52.74290215969086
29.0,20.0,15.0,10.785,8.315000000000001,584.0,3.07,6.34,0.062,5772.0,77.0,1.413,0.9294,11.2908,1379.0,654.421768707483,8.73015873015873,8.82,2.541,2.176,2.684,2.417385883124235,0.1122410186812435,81.11,43475.0,1.100962322622737,39.02707551786005,59.87196215951721,72144.0,42390.12,23847.44,16.617634982053918,2.250591120086632,1.7613416385502103,0.1556184237048982,33.95,57.86300945950197,-3.815407719990859,-2.2120376990611352,-12.192972985568147,-2.268749635219574,-0.5717550466551139,-9.728141386508943,-1.5549935634558405,-4.94312279044961,-1.036546489453564,-0.45017977818536253,-1.104142532404512,-3.6600651597045353,1.9290399585850528,0.5667235322048265,0.9430853234107298,-3.2563907891108337,-0.7342075260697557,-0.3296655233980464,-3.0299805197678507,2.45199447741732,-1.4866842815248924,6.821056615505369,-6.863112945786369,-0.08352669321621382,-1.1247538512417423,-0.46665606155991574,-0.10004298415034962,-0.8763073672975098,0.465162469378363,-0.22481864505447416,0.1244430433275792,0.0013931521090367882,1.0614939380375052,-0.06496507521718752,-0.3657119414334498,-1.4677486671631532,-2.905306056675812,52.74290215969086
33.0,18.7,15.6,11.495,8.52,449.0,3.755,94.75,0.975,80886.0,573.0,36.035,30.6179,69.9425,59746.0,503.33227546810537,3.5656280919222656,160.701,59.489,57.403,13.697,44.04493523854282,0.7705005543685988,37.51,683165.0,24.81513784080998,29.71825110917296,45.46661105001707,37563.0,37438.88,16936.21,15.717915646179634,15.449625511761106,1.4422353381379165,0.3216419673452932,70.17,9.7161768126748,-1.2545962029788644,-2.1436793901911,-11.361201976879187,-1.5996784951941418,-0.5969676865482082,-6.450468788780273,-1.318358964199821,1.5907369785786916,-2.296120733578379,-0.24662831626211626,-1.1591616240081688,-0.5003065389643112,-4.721151636422922,1.9881770916562524,-2.518420934739212,-0.5826258441247051,0.3871133841512109,-0.1940831577032803,-0.16596639288589304,-2.2914699501544242,-0.15733956281095737,-14.07240436341303,-1.4663667757933336,-0.3966254505142565,0.20845198949333313,0.24532683263222363,0.16120550962785843,0.06187072405902064,-0.23660187195986504,-0.05864017275162026,-0.18298469895186487,-0.1884612605099877,-0.8962943323204917,-0.17866968457276644,-0.030623106956482474,0.00553070761884306,0.01233787103866509,52.74290215969086
25.0,18.4,19.4,11.865,8.155000000000001,796.0,3.64,113.44,6.47,113005.25,3048.97,56.37,31.11,123.25,170899.0,632.6927383685123,17.070544762331334,178.61,74.6,52.48,33.02,11.832260392384752,1.0136065476243834,41.19,962714.0,23.22925734100645,37.059541398199215,39.71120126079434,40450.0,30441.0,14677.0,7.420621787035737,5.286083690348805,0.6079000575173069,0.2002013844757149,68.94,27.977142048237532,-5.033760002053654,-2.633000650101652,-0.38973095991027834,-4.133761041654894,-1.9181619586050511,-14.931597712536652,-2.8851458537640675,5.124633466831099,8.485562485866252,-0.9211936177592724,-2.256008804651599,2.4307434102954972,-4.588895906526596,-3.4535141065623605,-12.48309123435989,4.832318712305277,-2.1463928654945144,0.9696412219231328,2.2482723419616617,-3.0855406580617015,1.749032989960784,2.454936355787019,1.0046416394164168,-0.23796826169515764,0.998061483462031,0.360821276251227,0.1422296697894743,0.04343053737034482,-0.22995590672517782,0.25637138864025494,-0.16055136456464827,-0.10401967151711237,0.4326136016286914,0.19344508706902439,0.18893721358850465,0.10308017031910406,-4.89056269042194,52.74290215969086
19.0,18.6,21.0,12.24,8.32,2660.0,12.6,62.8682,0.7473,30465.0,544.0,23.7417,15.1611,35.7857,16160.0,391.6363496124131,6.993276684364113,77.789,31.907,28.226,8.037,12.555758966506351,0.9191379276851872,47.4,302484.0,8.8,57.3,33.9,63896.0,41068.0,18414.0,9.819277128486252,7.904115227830772,0.4381657992565056,0.2590222331408918,63.9,13.743012544696455,-3.2876928703424837,-2.544812722997739,1.3450974342599509,-4.833911496835449,-1.6680191130004838,2.283589223741243,-0.554647990974285,-5.103682389783983,-1.7451571884378785,-0.05728617819646983,-0.051054614769915276,-1.4135003618399296,0.8236423119778434,1.6757184564322227,3.508568388757606,0.08941203127304664,-0.2911145734538634,-0.1757942863305404,-1.7811700748993704,1.8827743229766698,-0.16424195608124256,2.5672247889824202,1.7873686368080481,-0.019840717632323646,-0.4985662302561102,-0.09359451409429316,-0.0473110592924059,0.3704325595435982,0.8021760783717037,0.665842211833222,0.04518593166023462,-0.3574255324341345,0.36670239913587704,0.6190803748865905,0.22819016260405434,0.4795363917325937,1.3480489217800404,52.74290215969086
10.0,18.9,20.3,12.95,8.41,1821.0,5.73,121.17,1.24,111887.0,1972.8,69.36,49.35,171.62,14251.0,484.1916219491085,8.537303098494027,231.08,91.11,77.42,35.98,15.308206323678789,1.4921568515595265,37.51,1010017.0,18.514367546917764,44.48838459533429,36.99724785774794,40876.0,30965.0,14316.0,9.36200276864403,7.781782798224389,1.0236131895309892,0.2773605197458011,95.51,5.806200833927778,-2.3596885251502195,-3.906191185166439,0.7102090481358267,-4.308231607768684,0.27550580194220037,0.763046001034478,2.0083905581943684,6.858655398531504,-2.031172196511179,0.11885121050290692,-0.18425357858339986,1.3928218951510896,-11.58390664615979,-10.40952383811896,3.9247306890537335,-1.7689690987393252,0.2427892833699774,-0.09885773431509692,5.252004029257223,-14.12179821719105,-3.052057227864861,0.86709038152049,10.15541452261309,-1.9524705132842055,0.7729824395415691,0.15843025175233683,-0.5630636972561472,-0.2641963369833922,-0.5093102865883469,0.172978264801204,-0.3714316226045293,-0.9788427892699846,-0.11090843538443185,-0.40749504529871056,-0.526133412253111,-0.5102951740411418,-4.235311742878208,52.74290215969086
19.0,18.6,18.8,7.435,7.835,1145.5,6.32,62.8682,0.7473,30465.0,544.0,23.7417,15.1611,35.7857,16160.0,391.6363496124131,6.993276684364113,77.789,31.907,28.226,8.037,12.555758966506351,0.9191379276851872,47.4,302484.0,8.8,57.3,33.9,63896.0,41068.0,18414.0,9.819277128486252,7.904115227830772,0.4381657992565056,0.2590222331408918,63.9,31.45530508497827,-3.2356190142097567,-2.2372549327773346,1.9668186320861192,7.086693835140518,-2.610070240084703,11.904789608766635,0.31368070944522825,-3.0491202366165795,-1.4973981677368287,-0.2876787890742225,0.1914952541142719,-1.2210123937452853,1.489549192575118,2.4620184624815966,4.597075458349037,1.6096425150272744,-0.3813829842551281,-0.3449627306560685,-1.4394520425579191,1.0189577684799822,0.34495684954648337,3.474545069361728,2.963261592375734,0.1658689712981385,-0.3174500489421194,0.026259024655447643,-0.0019032403578377692,0.5908117485822496,1.0373709256201977,0.6316286433270815,0.04413474347442303,-0.6159832332283267,0.6839069576313097,0.8618709938041865,0.378966498387357,0.2946262435739235,-1.495738993982475,52.74290215969086
16.0,20.0,18.5,8.765,8.075,1162.5,2.44,53.8484,0.7,22791.0,176.0,19.9075,9.7003,26.1024,22316.0,289.4793664503182,2.235459983996139,78.731,30.36,17.926,5.442,12.707805206288954,0.8544099046087655,49.59,270490.0,11.8,40.1,56.9,45128.0,39616.0,17109.0,9.127778739156234,7.347487394884943,0.1563167286245353,0.2407812308070261,59.4,20.01519471246627,-2.4882706417981537,-2.4229042360372834,2.4337461233511575,-4.160981005948658,-2.1272117617602153,12.718277421578145,1.1750063720407582,-3.8748209210112683,-2.856953717047969,-0.061817436168592955,0.6873721522527442,-2.2560892100880543,5.836635493729264,3.118539504452299,3.8425220739220585,-5.0470260293036695,-0.14718911752104624,-0.09194681826358024,-2.330093144836525,5.48828159733365,0.18712056736151172,4.159770844563223,1.5519814336175726,0.2926763500894121,-1.026743972407034,-0.14483900365109234,0.06573312787959888,-0.43290172301232843,-1.025618324717507,-0.44785805353894786,-0.26419375994553196,-0.29945427550313336,1.0649221824978783,1.3685433263890439,0.7213062243008359,-0.0949534084958336,1.143348148486887,52.74290215969086
34.0,19.2,21.6,9.34,7.91,1965.0,6.42,156.23,1.87,97710.0,1060.5399999999972,71.1,36.2,44.19,10480.0,463.12446677410185,5.026732391695883,210.98,98.81,63.08,12.67,11.72546549939368,1.018542407714805,36.2,633849.0,18.656421702718102,40.1694307582096,41.1741475390723,29464.0,31269.0,14895.0,17.562286116352706,10.924959818723158,0.0678323806069195,0.3802577434267549,98.99,57.461404692044624,0.5847947699266172,-1.6680600250698625,1.8905289178900426,-4.003803730389724,-2.2503622899701203,-0.6440883522729074,-0.6442478664591912,1.0668385160466027,-0.580109995578726,-0.8585589213420945,-0.7944281541307779,3.0626391395678128,-4.42821890923505,-0.24652804516255925,2.7352960751950754,-1.1953248835168793,-0.4341061452651995,0.5379802380253874,2.549722142796963,-5.502788507143657,1.039126592837275,4.1457159909109285,1.4863466498255733,-0.8244344997033476,0.575332260522992,0.2066462163502963,0.049614207223058905,0.0935897723647449,-1.2377539820658665,-0.026013714844981568,-0.2236072874565925,0.6400709781299033,-0.7430984091851863,0.9814188807892302,-0.33819424952380334,-0.0931830105247607,-0.14033813716222868,52.74290215969086
430.2,27.3,30.5,10.595,8.39,269.5,4.34,102.81,1.7645,47925.0,843.0,43.5255,20.1416,83.8778,77459.0,294.8686396357596,5.186734756660309,162.53,65.61,36.45,18.38,34.437046921982514,1.6325084864460302,44.34,791032.0,14.2,49.0,36.8,60352.0,33354.0,19580.0,15.09150601532647,12.226414519989854,1.982933986704912,0.251596591393268,73.72,3.8130281460792377,4.15255459556977,-1.2969627520224685,4.589263405523573,-4.816349670086056,-0.038751953464622346,-10.765937922733526,-2.3452285509432342,5.742363795191049,-0.07672496100887664,-0.5935337174373373,0.545410415368775,1.3367582484396794,0.132893846382698,0.18354131189485368,-3.8927704873370637,-1.2488279557973148,0.3028140087549887,-0.04780648934344504,1.4982176350367569,-1.145898685958237,0.6443501713747777,-10.441983001412202,16.928522912940632,0.010632666063804678,0.7588622868557775,0.03147801096861554,-0.12174879527961331,0.07313931991035634,0.22751021777279665,0.21697934781511638,0.03744331129516324,-0.09699174887190172,-0.7146535377639037,-0.1803553488415973,0.3130352045285203,0.3103019123648618,-1.0451512623267867,52.74290215969086
149.9,25.8,26.7,6.665,7.605,390.0,1.68,156.26,3.7,71109.0,604.0,25.5392,19.687,31.444,45417.0,639.9701205079514,5.435907589570977,111.113,48.363,43.95,6.87,30.453854606755456,0.8473062281162614,50.12,299186.0,8.188156481532047,41.53969380882165,50.2721497096463,56528.0,34807.04,22100.67,29.449202691670408,16.989687864542002,4.19935794066213,0.4460450312437009,97.31,2.1403374989644,1.5136122153388956,-1.6954738449802005,3.1036289604039253,0.4219281969809285,0.4416010150189198,-8.751938449131947,-3.667844430568318,-1.0175308141484853,0.06890349158396332,-0.037263514387110876,-1.1991537664209797,-1.8773787051439286,0.5768650251316522,-2.4536205794351793,-1.5099348322922983,-6.241968520469965,0.3474376734097799,-0.44801151286810553,-1.4269968204759056,-1.1468948863322548,-2.827155838360389,-9.37524259949724,-1.4966836773666239,-0.15618772897869385,-1.008300282253573,-0.21337653675427082,-0.03754247454926348,-0.029097703242053186,0.15902110696459829,-0.07076224680369074,-0.029744610047588438,1.719546907407542,-2.582996254824103,-1.9101171074435122,-0.9645567159603047,0.19840674808869765,-3.4208801794859274,52.74290215969086
221.9,27.5,28.1,9.205,8.59,278.5,4.34,41.8,0.9984,37631.0,382.0,12.2266,9.8512,26.4183,120170.0,481.9852705731668,4.89273134806276,78.075,30.563,28.728,4.991,21.398798506227283,0.8755846807233554,35.03,369846.0,16.504901960784316,31.65686274509804,51.83823529411765,26213.0,35691.1,13158.53,16.539135979595088,17.556710821702243,1.1884593356762363,0.355470066518847,77.55,0.7683396470948227,0.5656801986694331,-1.637069710896661,1.2293092419005316,-2.167343668770045,-4.333901890918303,-5.094883038966604,-2.2782529993945118,-7.689277663255731,-1.3359614721499382,0.10077285759927068,-0.4484756521694362,-1.4767698716636126,2.115236211035711,0.747332903859205,-7.526054785815069,0.6370323259988805,0.6169582633844884,-0.4029705212265253,-1.0422148753795777,-0.676545074414462,0.03405172418337251,-5.135293401628734,-0.506773072729508,-0.7470742718875405,-0.44181176482855067,0.07052778371920201,-0.2133405503102889,-0.22596274424344262,-1.3009257258800802,-0.06740983579618158,-0.3068076188676062,-0.05802015048296479,-2.1149907245176536,-0.3263227483583599,-0.2643711333908133,-0.07246559684164872,-10.876277517719815,52.74290215969086
472.3,28.1,29.8,8.225000000000001,8.395,391.0,3.49,47.0,1.3107136824324324,36372.0,288.0,18.2749,8.0877,23.6982,13421.0,653.2327586206897,5.172413793103448,55.68,23.55,11.03,7.75,12.063693803924313,0.472838893581081,63.26,168105.0,10.1,30.6,59.3,59606.0,41956.5,25127.5,34.79581925675675,15.15646114864865,0.5191153820594531,0.2286277449324324,50.55,22.22870253020206,6.041020671101287,1.4505708148144174,10.543331748054673,-3.589398761888344,0.5131211395778997,-12.110955115780234,-2.4397234031061337,0.5221866660037394,-0.024028039978195952,1.1823380367706227,-1.2848190058457358,-1.4964732808371393,-0.8257067545813825,-1.3657045819734535,3.2789407084913305,-2.5728368692907186,-0.4873921110915654,0.12696394381423914,0.1638122633472081,0.11669310101928865,-1.2000051831267775,5.496232073493302,-3.0650632051316413,0.12033111004158907,-3.5697769718617214,-0.5581945172200601,-1.4233920741205415,-1.5913793796052529,0.7810548677512753,-0.090258574063579,0.8361226491909471,-1.508073760087912,-2.3589665130463735,0.31528638725479485,-0.17139736717566803,-2.3258316633291543,2.296299450683098,52.74290215969086
421.2,27.7,28.7,4.36,7.37,447.0,7.87,113.44,6.47,113005.25,3048.97,56.37,31.11,123.25,170899.0,632.6927383685123,17.070544762331334,178.61,74.6,52.48,33.02,11.832260392384752,1.0136065476243834,41.19,962714.0,23.22925734100645,37.059541398199215,39.71120126079434,40450.0,30441.0,14677.0,7.420621787035737,5.286083690348805,0.6079000575173069,0.2002013844757149,68.94,21.59687412113981,11.942277419560895,9.6575939579991,15.821148651819678,24.374328498275332,4.061370843301216,-5.37803731804093,11.396406885484856,3.296405619041374,8.382869124679516,-1.700133099475254,3.928386806538325,7.082926730941981,-4.109886677538355,6.17977360691875,-18.492088754804183,2.9021608529767655,5.646818312611433,3.7992426344007266,2.7912112358833343,-7.929140227915096,5.790267245899886,12.80030720093598,1.0446209393565853,0.07279266999413696,2.6832641030040882,1.1735482965782305,0.7620319452385115,0.05392421872044739,-0.0561768299341221,1.1838988068575638,-0.25728288105999386,0.014408827442674799,1.9012580955773613,0.7245513714663678,0.6143051306344575,0.3916248837982617,5.512164245365805,52.74290215969086
421.2,27.7,27.4,4.69,7.699999999999999,438.0,1.68,113.44,6.47,113005.25,3048.97,56.37,31.11,123.25,170899.0,632.6927383685123,17.070544762331334,178.61,74.6,52.48,33.02,11.832260392384752,1.0136065476243834,41.19,962714.0,23.22925734100645,37.059541398199215,39.71120126079434,40450.0,30441.0,14677.0,7.420621787035737,5.286083690348805,0.6079000575173069,0.2002013844757149,68.94,9.014341839439314,6.57348318449532,6.025140327339371,13.37186310452409,17.304692339114847,3.0390755436259007,-15.775466340842344,-9.689319819721083,7.330820752549918,27.495266368184232,0.472190902053069,-0.1578278023004529,2.585115999008218,-5.8907610890517645,-3.7473595036255802,-19.97945981737847,10.636857293670376,-3.680681103803218,2.678117579122384,3.9122762780201956,-6.843927054529387,8.744770444566385,10.36084691081817,5.9609573905915,0.8655222650679445,4.88277013103788,3.9935634761241574,0.20387201224764176,0.7062797190869854,-0.2879569535050536,0.16517783973366176,-0.7588001664790011,-0.23641718399400627,1.1649837412436803,1.099609713014214,-0.6983664631781487,0.425955737382172,3.9331261290640906,52.74290215969086
307.4,28.4,27.6,3.465,7.49,659.0,2.58,97.05,1.21,106381.0,2590.42,55.63,35.38,100.73,137331.0,610.4028000918064,14.863552903373884,174.27999999999997,73.07,53.35,21.39,11.545413701275482,1.3286396630675812,42.31,858592.0,16.673582357043852,41.11565010222189,42.21076754073426,42877.0,31410.0,15449.0,10.182451797210655,6.929020407132105,0.954641587443107,0.2674869382660009,92.11,16.73514425103698,6.316318491079534,6.6830670572444815,7.110200902453312,18.05662339830771,3.3419407320084673,-13.071489387924474,-6.855099899681906,3.804069365163643,0.23519447688634365,-3.0360917576837037,3.2850676559253267,9.071583741490418,-11.437947905172285,3.218054684015613,-13.373643104732038,9.020035374263923,-0.7751694472723955,0.816901680752637,6.422577098117521,-9.437158019735168,7.79443011878369,11.891516268647585,15.400343140118444,-0.43172222310056174,0.7717797111657759,0.17860464614505597,0.012377856125433073,0.3336320684229337,-0.5962620486629499,-0.2549408635310817,-0.542053192189584,-0.5027458429709082,0.5866107480165853,0.07581386776019834,0.23149052147443192,-0.15070899239430968,3.3415153291945665,52.74290215969086
307.4,28.4,29.7,0.905,7.305,439.5,4.835,97.05,1.21,106381.0,2590.42,55.63,35.38,100.73,137331.0,610.4028000918064,14.863552903373884,174.27999999999997,73.07,53.35,21.39,11.545413701275482,1.3286396630675812,42.31,858592.0,16.673582357043852,41.11565010222189,42.21076754073426,42877.0,31410.0,15449.0,10.182451797210655,6.929020407132105,0.954641587443107,0.2674869382660009,92.11,12.545022291924267,8.668083127910892,6.2032293256993105,12.17953792963177,19.41489597608025,2.9731747384617715,-12.72264691336701,-5.940497376403463,6.460656885898984,-3.7231990524505574,10.552110175993297,0.9064708993521856,5.789126313527423,-9.391750247776509,0.42426813638768984,-18.960466845526046,9.271656930024426,-4.479889259884755,1.5686741872566443,5.695340107952556,-8.454307712006074,1.3470982079518337,13.082463280285397,21.807099549323322,-0.6897668420399213,1.5259515166468918,0.1878696213662634,-0.16471069360772805,0.04391549568623473,-0.6015132180539281,-0.5560253504601617,-0.24691084041880984,-0.7466841122383873,0.6893838419268535,0.27734172508741334,0.28966934700806846,-0.31897355877173617,4.073172726960231,52.74290215969086
354.1,28.0,26.9,2.185,7.359999999999999,305.5,7.57,78.86,1.51,42101.0,1310.02,57.39,30.39,103.24,45409.14,239.6050310170167,7.455580217403678,175.70999999999998,75.89,47.08,23.13,11.640145980325425,1.1288686636714582,52.2,686334.0,16.06716086336319,29.95130135865117,53.98150854710848,36106.0,32559.0,16815.0,12.881572327495135,5.887189901806822,0.6001059414337037,0.2742822855197458,94.45,5.921307455235644,5.585752318842957,45.226965446971974,18.051074367032076,27.49060122081389,15.736141122387101,-9.986668150871994,25.278821160588407,-0.27439797375351266,-3.0285718732948124,-0.23123554236566038,0.009989052365221815,2.6102374570506313,-9.01328005834172,-9.27364223105212,-5.617718739515792,-13.464315264075994,-0.5645517621127277,0.12804134423534208,1.8635054644073048,-4.159064515450348,-1.033969498202203,3.081880863166102,2.932829909318436,-0.005404003436366267,0.589167912633469,0.260959285491456,0.2671339428052324,-0.012982303500173487,-1.4222429198088733,0.3535436062018083,-0.19633506599192993,-0.5224155975008985,0.557410571941484,-0.2854120413338143,0.3660787059428821,-0.3769664454708505,13.51314002731815,52.74290215969086
354.1,28.0,27.4,2.175,7.355,445.5,5.34,78.86,1.51,42101.0,1310.02,57.39,30.39,103.24,45409.14,239.6050310170167,7.455580217403678,175.70999999999998,75.89,47.08,23.13,11.640145980325425,1.1288686636714582,52.2,686334.0,16.06716086336319,29.95130135865117,53.98150854710848,36106.0,32559.0,16815.0,12.881572327495135,5.887189901806822,0.6001059414337037,0.2742822855197458,94.45,6.586270544689371,6.761048101382332,31.66787525991288,16.419001401240628,29.305196244015047,9.232140612800919,-8.952714658379554,21.756805745872356,-1.555943987642728,-1.7934984286191558,-0.0013430819908760345,-0.8743643742551409,2.97517622217536,-6.696664799861609,-3.3590853159688407,-1.38648966471354,-5.5672829608929675,-0.7472744990947365,-1.2444447053472218,2.094096936564892,-4.484195738956332,-0.7705902898932484,3.627019685283301,1.9243229074652006,0.0032323005422950266,0.8462027630334094,0.3633529781674361,0.011945396456863952,0.14684070022156112,-0.7641118509912239,-0.19127984715004823,-0.07633070427924309,-0.9506942040845754,0.5515530787563563,0.11445782305672776,0.24729789348939946,-0.5230645855019503,16.32590744062016,52.74290215969086
7.0,2.8,8.8,14.115,8.465,971.0,3.57,102.81,1.7645,47925.0,843.0,43.5255,20.1416,83.8778,77459.0,294.8686396357596,5.186734756660309,162.53,65.61,36.45,18.38,34.437046921982514,1.6325084864460302,44.34,791032.0,14.2,49.0,36.8,60352.0,33354.0,19580.0,15.09150601532647,12.226414519989854,1.982933986704912,0.251596591393268,73.72,2.467194683039084,-2.5748504280485207,-1.9124320507670458,-6.767161177260178,-4.894008217963079,0.27660591935118006,7.508162842914462,-1.4313991788650544,7.409983036015181,-0.42290492095053267,-0.09606918316334534,0.48428389587750037,1.4298554491437983,0.8746020815117914,-3.563649921100587,-3.3320175949918727,-2.4722495426548026,-0.06065334710602969,-0.08962473889502427,1.0944281953014436,-0.4053960857850802,0.9197565255438284,-14.052102531337491,23.278636944880706,-0.2465316782829663,0.6659762711264205,-0.030916555176179195,0.04450961804017339,0.18251139567544147,0.052538299644366994,-0.1550256286375228,0.08222804588265771,0.16578273006404398,-0.44922255754470813,-0.09068127640833505,0.16763667793944434,0.5869567640032605,-1.8298993245822697,52.74290215969086
6.0,3.8,4.0,14.315,8.395,588.0,2.57,156.26,3.7,71109.0,604.0,25.5392,19.687,31.444,45417.0,639.9701205079514,5.435907589570977,111.113,48.363,43.95,6.87,30.453854606755456,0.8473062281162614,50.12,299186.0,8.188156481532047,41.53969380882165,50.2721497096463,56528.0,34807.04,22100.67,29.449202691670408,16.989687864542002,4.19935794066213,0.4460450312437009,97.31,20.350117123120206,-2.554932479939112,-1.3402135836208864,-3.7158162424527106,-4.573586438093335,0.39718767460125104,-7.353434171440701,-0.44528600651770905,-1.6813788093191882,-0.3966411043734601,-0.49002457883829864,-0.39183182136466055,-1.595084767611698,-0.15233462379003612,-1.0959183881431818,-1.276112843931963,-5.062923112759988,-0.13510991702477151,-0.5053195211788017,-0.6675750184307496,-2.0203087451371053,-1.606122393946474,-8.898429948886234,-0.813897384715577,-0.2905844356616336,-0.19884377222508245,-0.13827995948493524,-0.03406106362119347,0.11294339753687395,0.06166674490397176,-0.1164716297698521,0.0424739430565394,0.6299896918889131,-0.8096011698494358,-1.1549234985156598,-0.5233476491303491,-0.2506043937678135,0.24374708241472676,52.74290215969086
19.0,2.7,6.8,7.095,8.29,298.5,1.67,41.8,0.9984,37631.0,382.0,12.2266,9.8512,26.4183,120170.0,481.9852705731668,4.89273134806276,78.075,30.563,28.728,4.991,21.398798506227283,0.8755846807233554,35.03,369846.0,16.504901960784316,31.65686274509804,51.83823529411765,26213.0,35691.1,13158.53,16.539135979595088,17.556710821702243,1.1884593356762363,0.355470066518847,77.55,1.0431064703556387,-2.2936449612273524,-0.6593166445909687,-1.8364553177356722,0.6609910471892602,-1.0501877502538264,-6.927781377198795,-2.6881378979608415,-3.9755282938356196,-2.760334724069884,-0.6915375372270738,0.4510715581290432,-3.7538899238718053,2.99490369885539,1.5645651080459355,-9.186717511558284,-1.5621537545571726,0.388325249465803,-0.5040001399690904,-1.457394109374533,-1.5138907861523325,-1.350393303148449,-5.078213506074001,0.3217813197150828,-0.47605227910292663,-0.3884025551596033,0.06783406968539007,-0.07243535237386789,-0.10988948209832168,-1.2942253902119891,-0.0837422964597742,-0.33263903850379084,0.07687553058067924,-2.1570455824211243,-0.11613877983763769,-0.28374823720504805,-0.0033868785885481367,-4.463325507224848,52.74290215969086
31.0,3.9,6.9,15.045,8.495000000000001,879.0,1.98,47.0,1.3107136824324324,36372.0,288.0,18.2749,8.0877,23.6982,13421.0,653.2327586206897,5.172413793103448,55.68,23.55,11.03,7.75,12.063693803924313,0.472838893581081,63.26,168105.0,10.1,30.6,59.3,59606.0,41956.5,25127.5,34.79581925675675,15.15646114864865,0.5191153820594531,0.2286277449324324,50.55,7.512096606473468,-3.4222805118964357,-0.629895383628707,-4.47828662338977,-5.722332305163145,-0.09448921397018006,-12.417990658488124,-1.2619565915192166,0.7939426116583261,-1.6069748891207072,0.6029528001323343,-0.9673192863911387,-2.8432875880971547,1.5549658403173086,-1.8632045431683464,2.473620038088411,-5.953457165652266,0.6615277185415236,0.13802713933090174,-1.600026751893261,2.7395548557986817,-2.4943795863507936,2.150938373164584,-4.247532879573603,-0.38093494049894244,-1.9842696951826417,-0.24860369537025737,-0.34931632875464896,-1.6852227756567313,0.1346747871705638,-0.24390322312091817,0.30085906497513265,-1.0889553075687337,-1.9172306889264539,-0.31357112552970695,-0.040010161685446764,-1.5442019838839773,6.323245496203502,52.74290215969086
16.0,3.1,7.2,16.945,8.54,1064.5,4.44,113.44,6.47,113005.25,3048.97,56.37,31.11,123.25,170899.0,632.6927383685123,17.070544762331334,178.61,74.6,52.48,33.02,11.832260392384752,1.0136065476243834,41.19,962714.0,23.22925734100645,37.059541398199215,39.71120126079434,40450.0,30441.0,14677.0,7.420621787035737,5.286083690348805,0.6079000575173069,0.2002013844757149,68.94,7.335265276359636,7.237373892916369,11.395862714136017,8.990454224826147,28.05995551082616,3.7287974008483196,43.66992937573542,0.6394432699804499,15.205116746053099,36.40321900675073,2.1480361325790454,-0.5716978445773316,16.05946049222102,-11.61534417824199,-0.8850242500938474,-34.08952140122651,45.67171495790283,1.2715771125070745,0.3851522111147627,6.936020207963883,-8.239102634340526,8.825730514141421,6.5001424118752285,12.984736281925189,-0.39629914661248505,1.7424920802935964,4.556100697120029,1.0598849710822102,0.9285472540433201,-0.12351662442709059,4.463249394459029,0.7548635128388831,0.3321199179316565,1.1951669782213876,1.0869291095870255,1.310496269818392,1.5373235707543789,23.47820086343835,52.74290215969086
16.0,3.1,6.2,14.31,8.56,1012.0,5.54,113.44,6.47,113005.25,3048.97,56.37,31.11,123.25,170899.0,632.6927383685123,17.070544762331334,178.61,74.6,52.48,33.02,11.832260392384752,1.0136065476243834,41.19,962714.0,23.22925734100645,37.059541398199215,39.71120126079434,40450.0,30441.0,14677.0,7.420621787035737,5.286083690348805,0.6079000575173069,0.2002013844757149,68.94,4.093942171618086,-2.403429453107528,-1.974326257901266,-2.516678531107803,-8.627153511873138,-4.859572801212781,8.272804580881882,1.0506573739585778,4.707250434787323,11.424648981507247,-2.784613617112241,0.23349067296211926,4.897213499320982,-3.9420618315149727,-2.5803906492376725,-16.597162366186577,6.917345303914819,1.8841475809055073,0.008245434711375696,1.477849455870067,-3.8535530962888136,4.0845144002356895,10.187933886976294,1.2610644802575315,-0.4570061168540267,1.277437734007836,0.5510189503245068,-0.09810652149220396,0.35658410853706207,0.11342829392602057,0.570347303928187,0.03396653617421667,0.08954939700663071,0.8356772115671403,0.5100362567603578,0.6232785519585015,0.3261602792081728,-1.3748724746207397,52.74290215969086
21.0,3.6,7.6,14.59,8.475000000000001,1205.5,5.13,97.05,1.21,106381.0,2590.42,55.63,35.38,100.73,137331.0,610.4028000918064,14.863552903373884,174.27999999999997,73.07,53.35,21.39,11.545413701275482,1.3286396630675812,42.31,858592.0,16.673582357043852,41.11565010222189,42.21076754073426,42877.0,31410.0,15449.0,10.182451797210655,6.929020407132105,0.954641587443107,0.2674869382660009,92.11,21.39325372608155,-3.2700844327795004,-3.1194004350652293,-5.274685932851087,-9.402184330727904,1.4809211970400071,7.281512467513482,4.0782246329883725,3.5653006742149596,-2.6559669174440197,-2.4733209116073955,-2.155510205167035,7.261358634488036,-8.636817864856372,0.8770576360014584,-9.48642284585784,7.885002912313989,0.10866497376933815,-0.014616154960046313,6.564291273336857,-5.206976700878392,0.501886374928679,9.16882415196858,11.026647735591979,-0.20700697249422362,0.817076631070425,0.06495761661790311,0.08392625940963623,-0.10410303177932938,-0.7534787339437757,-0.1501034937178091,-0.3895450379575287,-0.5904685526092844,0.061322174814218755,0.11336201246206912,0.23839347790926682,-0.4239585698644331,2.8808072824838256,52.74290215969086
21.0,3.6,5.7,12.515,8.195,1158.5,6.7,97.05,1.21,106381.0,2590.42,55.63,35.38,100.73,137331.0,610.4028000918064,14.863552903373884,174.27999999999997,73.07,53.35,21.39,11.545413701275482,1.3286396630675812,42.31,858592.0,16.673582357043852,41.11565010222189,42.21076754073426,42877.0,31410.0,15449.0,10.182451797210655,6.929020407132105,0.954641587443107,0.2674869382660009,92.11,10.807503345179,-2.902429884445544,-2.074637132361532,-7.146548764028897,-5.589128900803625,-1.8191080545354634,4.119024115776023,-1.4610158973621827,7.967536750876654,-2.257379344236106,-2.4243067353529235,1.2058607028300559,5.064215855033448,-9.00788117168471,-2.0837484642149255,-10.638521634296826,7.853735434456419,-1.4024237119220204,-0.49392501305478237,3.712739668199793,-4.273290472204487,1.8221662937508267,8.616607302178942,12.83510679616903,-0.25112346503883715,0.9518811418705924,-0.06774754436065795,-0.1107096138037728,-0.004476954452693101,-0.41167216154436304,-0.34802544644723304,-0.29731723763048706,-0.6985928464774037,0.32043457996100244,0.1455058353021735,0.1961975992595161,-0.14566022429615266,1.0860535278233396,52.74290215969086
21.0,3.3,6.8,14.385000000000002,8.370000000000001,1125.5,5.43,78.86,1.51,42101.0,1310.02,57.39,30.39,103.24,45409.14,239.6050310170167,7.455580217403678,175.70999999999998,75.89,47.08,23.13,11.640145980325425,1.1288686636714582,52.2,686334.0,16.06716086336319,29.95130135865117,53.98150854710848,36106.0,32559.0,16815.0,12.881572327495135,5.887189901806822,0.6001059414337037,0.2742822855197458,94.45,16.782234187160675,-1.428757876940072,-3.303709706409523,1.8108441769859442,-8.792148903949808,0.8276289743122961,9.065932001781961,10.531545989566172,-1.5788688693071402,-2.5456385977193716,-0.3097937854317318,-0.10339766146615108,1.7865458180475977,-5.534462111548831,-4.14125010109196,-5.24866388273115,-11.009339421726764,-0.4550419974575446,-0.2792531816661352,3.1058407169332107,-6.146875905826065,-1.7059054742132627,1.5682424052804709,4.584562446953107,-0.018859999220196617,1.0006765354797247,0.3128740650042892,0.5618191625177849,0.045548440671216404,-0.7010196472735452,0.0968815672770124,-0.17520025186240704,-0.1340223216203357,0.4771917694527641,0.2872097992431379,0.16036325423667877,-0.154944433582326,5.18725978291283,52.74290215969086
21.0,3.3,7.7,12.81,8.35,1577.5,6.75,78.86,1.51,42101.0,1310.02,57.39,30.39,103.24,45409.14,239.6050310170167,7.455580217403678,175.70999999999998,75.89,47.08,23.13,11.640145980325425,1.1288686636714582,52.2,686334.0,16.06716086336319,29.95130135865117,53.98150854710848,36106.0,32559.0,16815.0,12.881572327495135,5.887189901806822,0.6001059414337037,0.2742822855197458,94.45,19.16356213556528,-2.7635817518147334,-4.337488657344754,-8.474266312448307,-4.192921632292371,-1.731187110462537,1.1772756630430625,4.79469961724244,1.4154250831032804,-0.852956448023518,0.36376499007145685,-1.4866609808523208,2.3363406854619586,-7.771553990251075,-4.361786659806968,-1.9456341195975746,-11.429671386691433,-0.9689473936210077,-0.349177550996343,1.2817475940100846,-5.278372569742302,-1.2593175871887548,2.266117592472584,3.4355198357626797,0.09894679521520929,0.4378077038253341,-0.08406825522581778,0.25997929052139296,-0.08699022145321027,-0.626116163348779,0.05804019969577586,-0.06880584639807481,-0.2153582963409515,0.22149671886116318,0.11135746627425085,0.10865928711990487,0.09447880375509543,2.7685425453695154,52.74290215969086
18.0,18.6,19.7,12.53,8.29,1063.0,2.45,102.81,1.7645,47925.0,843.0,43.5255,20.1416,83.8778,77459.0,294.8686396357596,5.186734756660309,162.53,65.61,36.45,18.38,34.437046921982514,1.6325084864460302,44.34,791032.0,14.2,49.0,36.8,60352.0,33354.0,19580.0,15.09150601532647,12.226414519989854,1.982933986704912,0.251596591393268,73.72,8.210517591898626,-2.5662547252606593,-1.9874785517000906,0.6168444313419364,-4.2686486185900865,-0.9935335420630871,13.131515610665085,0.5216952843839917,8.35881347597887,-0.9495559097857543,-0.18676257748156866,-0.42541801503238474,2.8703970246762047,1.2098609960265447,-2.7247792352425564,-4.755055958181619,-0.46748140587161097,1.0458601916146768,-0.004691916710387378,2.0636172152745247,-3.4525457155952837,0.4271703844641636,-14.70159034989153,25.21034622319353,-0.2958008714144433,1.528379792462414,-0.020225119007130903,-0.19231676450930438,0.09269928874448012,0.23382900788138405,-0.0019426583902288168,0.08126271415501869,-0.12181188501417894,-0.23118293782075247,0.2745462904746317,0.2982561131628844,0.4281279412346602,0.16899857160945805,52.74290215969086
15.0,19.5,14.3,12.83,8.605,634.0,1.75,156.26,3.7,71109.0,604.0,25.5392,19.687,31.444,45417.0,639.9701205079514,5.435907589570977,111.113,48.363,43.95,6.87,30.453854606755456,0.8473062281162614,50.12,299186.0,8.188156481532047,41.53969380882165,50.2721497096463,56528.0,34807.04,22100.67,29.449202691670408,16.989687864542002,4.19935794066213,0.4460450312437009,97.31,5.008872009132204,-2.62391047972565,-2.1975494122815626,-7.173475508961516,-2.051038359974821,-2.769226553283321,-7.70028778298758,-1.8480550584166007,-1.1069594587044167,1.016066642659716,-0.8763529258128259,-1.5915125379400952,-0.8802254399408892,-0.03578312371236614,0.33589549390288714,-2.8321026703761896,-3.7458833181407925,-0.45291057344836466,-0.5566768406704067,-0.33228315085483057,-1.5060369620611886,-2.099085063509022,-6.460666546641538,0.39308971416205174,0.023511419938876815,-0.3877119939681142,-0.2118183557751283,0.0617400751821696,-0.059326883160198685,0.00817929943713037,-0.04146293664661594,0.011734531739105275,0.34119807583279876,-1.8213480290770532,-0.7124529555750391,-0.28230439582218675,0.0077180366838972185,-2.5190277217980475,52.74290215969086
7.0,19.3,14.7,10.465,8.129999999999999,374.0,2.67,41.8,0.9984,37631.0,382.0,12.2266,9.8512,26.4183,120170.0,481.9852705731668,4.89273134806276,78.075,30.563,28.728,4.991,21.398798506227283,0.8755846807233554,35.03,369846.0,16.504901960784316,31.65686274509804,51.83823529411765,26213.0,35691.1,13158.53,16.539135979595088,17.556710821702243,1.1884593356762363,0.355470066518847,77.55,0.442719725079253,-2.3294461988921586,-1.1482115306798373,-9.280229990612717,-1.5767986948369075,-0.7668297448692226,-5.793452709894627,-0.8730089978966856,-6.2747727224665395,-0.7766435618232931,0.5724158754820627,-0.11485843948088592,-1.994345266837627,1.4983334105042745,0.41940936011883156,-6.999130651649708,0.09945280057378107,-0.255871882041296,-0.5452355257452773,-0.8621258541662243,-0.2388147031515834,-0.31726171189298197,-4.3084442780508345,-0.16785532047972093,-0.3592494011111557,-0.29168472010021423,0.022561486518631043,-0.1493484473911427,-0.13278286801030256,-0.7750146791618316,-0.07760253423514502,-0.28704095683371045,-0.02968377325683791,-1.1697368987866985,-0.2662008487557371,-0.011081169436995622,0.008533569201826774,-7.13728048553535,52.74290215969086
15.0,19.9,22.1,12.63,8.305,797.5,3.01,47.0,1.3107136824324324,36372.0,288.0,18.2749,8.0877,23.6982,13421.0,653.2327586206897,5.172413793103448,55.68,23.55,11.03,7.75,12.063693803924313,0.472838893581081,63.26,168105.0,10.1,30.6,59.3,59606.0,41956.5,25127.5,34.79581925675675,15.15646114864865,0.5191153820594531,0.2286277449324324,50.55,12.886759692649342,-6.756257455032319,-3.333821051226309,5.136679602911075,-2.318119470172872,-0.6581570381174484,-15.439357581237951,-1.1031862630695104,-3.422145251333713,-0.4434048264659929,-0.08032621971021126,0.3679716903809462,-2.677014067058142,0.15893845901514103,-0.8181548518066609,2.820045613208785,-3.035548694347963,0.39325383828952853,-0.04313910967980824,-1.435392545151214,2.149499048239861,-0.31418965506677815,2.362617707783356,-2.323492080454404,0.27948372545962563,-1.6782767859163383,-0.16720905625571833,-1.0673941721580926,-1.1747409794976307,0.3836521846738961,-0.21532636072176237,0.5567060090166822,-1.9261043536663056,-1.5127038823813204,-0.00855623425915771,-0.620652031246573,-1.7966284207440915,1.2508114138556026,52.74290215969086
25.0,18.4,23.9,10.975,8.545,916.0,3.14,113.44,6.47,113005.25,3048.97,56.37,31.11,123.25,170899.0,632.6927383685123,17.070544762331334,178.61,74.6,52.48,33.02,11.832260392384752,1.0136065476243834,41.19,962714.0,23.22925734100645,37.059541398199215,39.71120126079434,40450.0,30441.0,14677.0,7.420621787035737,5.286083690348805,0.6079000575173069,0.2002013844757149,68.94,20.8205083615894,-3.7578235818445695,-3.903906562111029,7.400852817433574,-6.433173079509285,5.493606425427519,46.821241152364145,-1.0790475450456143,18.48016765827624,33.466472217245034,3.708406118477382,3.242583202136059,9.948884465297066,-1.037918143582839,-15.712861088148008,-33.991357386549936,44.47350914003948,-2.1085065849870452,-2.041167314425111,1.2728000727730515,-3.2969635935438184,6.100421049641445,12.111593693501007,8.818907954636957,0.6757478813268234,5.704604976108921,2.3806696393092466,0.16364357899253612,0.8712506298782925,-0.7226111021762098,-0.06805314720918758,0.5465436796285185,0.2346551086443176,1.3902377162128676,0.6717334100852419,0.8523603692526617,1.7290430445658647,5.102488834398488,52.74290215969086
25.0,18.4,19.2,10.445,8.440000000000001,1120.5,3.21,113.44,6.47,113005.25,3048.97,56.37,31.11,123.25,170899.0,632.6927383685123,17.070544762331334,178.61,74.6,52.48,33.02,11.832260392384752,1.0136065476243834,41.19,962714.0,23.22925734100645,37.059541398199215,39.71120126079434,40450.0,30441.0,14677.0,7.420621787035737,5.286083690348805,0.6079000575173069,0.2002013844757149,68.94,4.55340300928301,-2.1827559229545286,-2.4413219557888794,2.181976491653671,-5.5599409799153605,2.399683260920767,13.162268763209388,-1.3015796687391898,11.041397373055416,17.134999277787283,-2.9439383804518733,5.7953513373558705,1.7876740414711334,-4.806759427543729,-2.7524590145486094,-12.411265514182546,15.268803461768352,0.8890745310423274,1.182276475857944,2.637782462903608,-6.136731473654508,4.607727330770965,11.058281328702966,5.666682493543871,0.04077199646582189,2.0375176021580894,1.6558540967976068,0.36571882628214897,0.08621433559805187,-0.09195037499691179,0.9602235503805182,0.028855797201394157,0.1559746030904353,0.5778028174365556,0.8207037417280185,0.7775634885765609,1.0468072965182362,0.8965445447340622,52.74290215969086
46.0,19.0,21.9,15.05,8.455,1037.0,1.12,97.05,1.21,106381.0,2590.42,55.63,35.38,100.73,137331.0,610.4028000918064,14.863552903373884,174.27999999999997,73.07,53.35,21.39,11.545413701275482,1.3286396630675812,42.31,858592.0,16.673582357043852,41.11565010222189,42.21076754073426,42877.0,31410.0,15449.0,10.182451797210655,6.929020407132105,0.954641587443107,0.2674869382660009,92.11,51.95550531921971,0.2854859389613069,-3.241291945601503,-1.28442646846796,-9.670630407606563,0.5095315194657694,4.603014870118349,-4.021665541020533,5.64146423396344,-2.05753993595019,1.3305162571743128,-0.4434780074469746,3.365668564060082,-6.846563613700369,0.11380333993894383,-17.22354036917289,8.378908889166388,-1.5810791294431938,0.08566825047756232,3.9440888930050035,-3.6022892147364716,1.2751232103972396,4.436658461609235,8.619146925037105,-0.22027325939387218,0.9686810412475219,0.05521610579143014,-0.0888550441960488,0.23237332506105388,-0.451604817807674,0.2658109191525728,-0.20975473547975176,-0.4873266908650593,0.17826475206762513,0.12944829605830188,0.24967251470933208,0.313102615115543,-6.670231352063517,52.74290215969086
46.0,19.0,18.7,9.575,7.970000000000001,1199.0,3.73,97.05,1.21,106381.0,2590.42,55.63,35.38,100.73,137331.0,610.4028000918064,14.863552903373884,174.27999999999997,73.07,53.35,21.39,11.545413701275482,1.3286396630675812,42.31,858592.0,16.673582357043852,41.11565010222189,42.21076754073426,42877.0,31410.0,15449.0,10.182451797210655,6.929020407132105,0.954641587443107,0.2674869382660009,92.11,23.283824038776093,0.3073596673676097,-2.9559301879256945,1.197792178560049,-4.392453308018546,-1.4951050060428672,7.621615811940283,-1.0896386108050742,4.49507820977519,-4.556318895729879,7.13958596210927,-2.924619037943581,10.622154680720222,-8.913279024263224,0.4504853847095112,-16.884913727436217,12.276188176559906,-2.9614697685713565,0.4887489399251835,2.9152240805576235,-8.578632281174263,1.6782082447595899,7.498032037795833,16.374315516833835,-0.41472746126353766,1.4739466819756968,0.2173500863462682,0.005014590534071199,0.0940430085733528,-0.5986333839719503,0.09616227749735066,-0.6501488708518446,-1.160440935008227,0.3795717664808039,0.12176277879315123,0.1907147240576664,-0.7069068868551408,2.42686764686058,52.74290215969086
32.0,18.3,21.0,14.54,8.29,901.0,4.82,78.86,1.51,42101.0,1310.02,57.39,30.39,103.24,45409.14,239.6050310170167,7.455580217403678,175.70999999999998,75.89,47.08,23.13,11.640145980325425,1.1288686636714582,52.2,686334.0,16.06716086336319,29.95130135865117,53.98150854710848,36106.0,32559.0,16815.0,12.881572327495135,5.887189901806822,0.6001059414337037,0.2742822855197458,94.45,13.427802281168196,-3.045070415946345,-3.203052163341393,-1.691365192262456,-7.190130717319747,-1.1054922606082018,-13.459696837443238,-1.9268337320039663,-0.21554317441458495,-1.3020450774642331,-0.3632946077113354,-0.9683663148060436,2.0851119226651886,-6.8728573247169455,-4.0121337095027165,-2.0524219144415103,-9.386989993412671,-0.2784044483397152,-0.4673050376120946,1.474089433386301,-3.7094138551503413,-1.567147496342659,2.763687995774672,3.881995870458583,-0.056882822820917,0.26475136941919725,0.0795738459626834,0.08550063977638905,0.051882825102657314,-0.5373303818826861,0.00517883269116239,-0.09012345723807813,-0.4705233933155733,0.2304247644854082,0.021206722526499817,0.06755599799876486,0.13403334767868116,0.6380621545575555,52.74290215969086
32.0,18.3,22.0,12.85,8.215,1955.0,7.06,78.86,1.51,42101.0,1310.02,57.39,30.39,103.24,45409.14,239.6050310170167,7.455580217403678,175.70999999999998,75.89,47.08,23.13,11.640145980325425,1.1288686636714582,52.2,686334.0,16.06716086336319,29.95130135865117,53.98150854710848,36106.0,32559.0,16815.0,12.881572327495135,5.887189901806822,0.6001059414337037,0.2742822855197458,94.45,13.159840230930527,-3.3552706850444274,-6.84949927508831,1.6856574706546956,-3.388868297797938,-1.645095711564644,2.9013790819328285,5.4559523983486,-2.067451336762558,-3.0620620036746065,-0.5770752736491461,-1.3088687506069745,2.356853358155738,-8.137140299056966,-7.321959220468997,-2.0320437535643587,-8.207683957247065,-0.6794338920650391,-0.5120874595642085,2.4163697598191596,-2.527564508703848,-1.8826022747096902,2.8613787567305073,2.4709864229771,-0.17076420727806862,0.43354320830975873,0.1409619412260755,0.4903671268001206,0.23476468751827895,-0.8894853178753216,0.09372512830421383,-0.1675550665271778,-0.4327163794140028,0.3841340827972936,0.1293576438228293,0.17611809520671753,-0.025158545852949448,3.995535800593595,52.74290215969086
406.5,28.1,31.4,10.41,8.215,628.5,1.83,1.2429,0.0576,178.0,2.865339918651946,0.0803,0.0452,0.0112959999999999,74.0,635.7142857142857,10.233356852328376,0.28,0.14,0.08,0.0,0.1127832756406402,0.0717922868966855,97.4,2310.438051510152,0.0183640280367156,11.209851980137037,88.77178399182625,126700.0,55075.29,33831.22,30.733895233898767,1.0251391827949203,4.746573554900874,1.0265837231057064,162.4,0.6665542247672352,3.994275542895,2.33568446094791,3.340002822416525,-3.4410633230581866,-1.300690986026699,-6.751915906158587,-2.6282041313995923,-2.3999034949578353,-0.8142642289958891,6.202995742168279,-0.9348440018730857,-4.777731408420951,5.237199025992303,0.12377843513463975,4.578474990986287,0.9699978529165184,0.663135189864164,-1.8785480577343454,-3.069746820420646,6.95580887498334,-0.9214621659989163,14.367259796767806,-9.241810397173587,1.2206023560216022,-1.2472697177932908,-0.3321473607917625,-1.1604406062575678,-1.9540621188748624,2.3833109299900634,-0.5200201138077909,0.7408660901275771,0.4018931263064342,1.2469301506939037,-2.1582585679118833,-1.7435133855976168,3.1641015840849533,-13.726147045766313,52.74290215969086
180.9,27.2,28.5,8.655000000000001,7.98,661.0,3.54,66.2474,1.0595,34376.0,483.0,28.7012,25.1718,28.6734,5797.0,379.3590535887702,5.33018451487596,90.616,40.315,35.368,6.809466666666666,17.150500621066524,0.5104117114683594,57.69,245093.0,4.046117032847509,70.70339991554594,25.250483051606547,87265.0,36610.0,23148.0,20.47279770573432,11.45791031431516,5.074354330870425,0.2603928326866012,70.9,9.723721415862345,2.971061150391277,-1.962342335811505,7.265704905809836,-4.551292169314499,-1.8263628910668201,-10.01381056563308,-2.734686395681153,0.9583504042774424,-1.2667800853711864,0.5717093304606786,-0.09922631070017769,-0.41433089773480997,-2.6762812417124717,3.8491573484241957,7.777432372799766,2.489901913361003,1.9173575542029007,0.27892104922483413,-0.26691485527281983,-1.865484276711939,0.06734201307718957,3.3398743155909085,-6.900513370701423,0.61601864144827,-0.45388558829824205,-0.4825225978965563,-0.3057803881882382,0.24325500351687257,1.6604654135927561,-0.12311528002222527,0.5016445756393167,0.8893797449332969,-0.7736496686345596,-1.6284739824198187,0.1571155074735476,0.10945497352629759,0.7159733408689503,52.74290215969086
320.3,27.8,28.9,15.805,8.215,788.5,5.87,79.7603,1.3218,37783.0,436.0,32.0201,11.986,58.2589,19506.0,317.1284444481749,3.659529465087586,119.14099999999998,45.663,16.368,14.3018,22.549304697785008,0.6391463480032891,44.35,477241.0,11.4,37.1,51.5,71561.0,34380.0,21443.0,14.98400185022494,14.347792906389309,1.8324918038196647,0.2479057292855512,67.5,4.085124946310582,5.662909176244091,2.8680085783358664,6.053945901306967,-14.261253694289676,-1.8999641819049897,-7.0216794864585,5.394370979011678,0.08280688520210482,-1.8211959961429247,0.4889578667283061,-0.4100957745437815,-0.5176449942030009,2.1896647211288403,-0.7737987172976131,2.432890926025187,-0.2793649556425721,-1.4620852575575325,0.13386257252345443,-0.5513284826092425,3.7489139833860095,-0.4207014714274564,-2.139986320814738,-1.3692861132354794,-0.16846632183839935,0.13093513939529652,-0.04684067812437842,-0.014815882053225296,-0.019325773306190303,1.6590153908108662,0.10306149380902478,0.12223668159606582,0.36803530820335073,-1.3967847150067474,0.09035865974302067,0.2935101862965774,0.26191666316861895,-2.0332102129856753,52.74290215969086
172.8,27.3,28.3,8.195,8.21,372.0,2.49,46.39,1.9696,37903.0,493.0,18.997,12.4084,46.2737,14888.0,438.5652299681805,5.704367949088805,86.425,31.048,20.027,9.119,23.6873667742644,0.5198347645921357,40.86,412043.0,11.40105756416319,43.837324276686296,44.76161815915051,46146.0,36086.43,16572.17,12.426995927713286,10.42342201495799,1.8765437977532649,0.2308378149566619,50.36,3.492049336293863,2.41737242577908,-1.3998500691726805,5.6908569453222055,-3.7304660883794227,-1.581971762335549,-11.636751809691392,-1.1073614959356677,-2.1161304103210563,-1.406928997604797,0.24006288245320384,-0.7438969146211951,-3.076044421239446,2.1794052884851896,1.4135930265920855,2.0217054352909325,1.1280407336975122,0.2340192313368131,-0.09046321957372101,-1.8885018655409418,0.8881915422156452,-0.670597644113005,-8.43629706710577,-6.6314527952981495,-0.8067451675981282,-0.2733216852446385,-0.2741847888194025,-0.0659899496225013,0.07959006359179766,-0.5221893100719894,-0.03357833303511256,-0.248881094263246,-0.5184941150651624,-0.5604475777130572,-0.6673699405261629,0.29394353223033304,-0.4213058344771469,-1.8688289818260817,52.74290215969086
218.7,27.6,27.1,5.27,7.38,366.5,3.81,94.75,0.975,80886.0,573.0,36.035,30.6179,69.9425,59746.0,503.33227546810537,3.5656280919222656,160.701,59.489,57.403,13.697,44.04493523854282,0.7705005543685988,37.51,683165.0,24.81513784080998,29.71825110917296,45.46661105001707,37563.0,37438.88,16936.21,15.717915646179634,15.449625511761106,1.4422353381379165,0.3216419673452932,70.17,12.69109026067178,3.8647833601074915,8.344675842635334,8.309915378394848,9.732071594571075,3.8959364858207604,-11.271898999555658,-4.012338897778342,0.5164863578602666,-1.036166650907447,-1.2892106537769241,1.3946877404550702,-1.4043346397578718,-0.05722067297125951,1.899390919003635,-7.070303208027036,-1.3454053231701257,0.014850941213469268,-0.08063840173184882,-1.2674974909176413,-1.3750092864160735,-4.223461449556053,-20.088601068969194,-2.1353576641964422,-0.8061368684408564,1.3303686113655566,1.4208543265983453,0.20945451297797182,0.05164475654562365,-1.0129151789347342,0.298757049248865,-0.13481857785334173,0.8217698422943543,-2.331582633070647,-0.003180002275234184,-0.13048348767061993,0.2967202474114791,3.6396002033663297,52.74290215969086
320.3,27.8,30.9,11.565,8.120000000000001,499.5,4.39,79.7603,1.3218,37783.0,436.0,32.0201,11.986,58.2589,19506.0,317.1284444481749,3.659529465087586,119.14099999999998,45.663,16.368,14.3018,22.549304697785008,0.6391463480032891,44.35,477241.0,11.4,37.1,51.5,71561.0,34380.0,21443.0,14.98400185022494,14.347792906389309,1.8324918038196647,0.2479057292855512,67.5,13.69067282586532,4.395650843285644,2.6839428743595874,6.011863004223753,-6.418795994694033,-2.6481776191418365,-13.043466552098595,-3.038748762458564,1.120919981102148,-0.35600935721149024,-0.2915128970829152,0.8456119365865981,0.004929962282379148,3.6670203250087803,0.2716082091815781,3.2155649625385805,-0.9365668267322077,0.17312344528113796,-0.1912469425797454,-0.7221524171686419,3.168360271478693,0.579508748656759,-2.3251400795703137,-4.46042348989596,-0.6651175381181135,0.47802028059338514,-0.27971130123982846,0.08737488213926732,0.12933473092814296,1.728288058896238,0.05599324629331637,0.4399069453186053,0.1885464629717187,-1.4570397543410465,-0.10489464851717134,0.3741887013489995,0.20687929041062633,1.0860061485568682,52.74290215969086
324.2,27.7,29.0,11.84,8.535,603.0,4.31,65.48,1.159547297297297,35404.0,628.0,32.7396,23.8933,28.3358,18135.0,353.61566120655215,6.272473032361166,100.12,42.91,32.89,6.89,21.692116085648387,0.4183057432432432,45.82,494396.0,16.2,34.7,49.1,52830.0,29483.6,14569.4,30.782770270270262,13.408445945945948,0.4610408828493061,0.2022597972972973,44.72,13.601983727914115,3.556536870157967,5.2183505669670796,6.770219940344492,-4.214920067967226,0.05222982739719203,-9.657855040977397,-4.778218210563064,-2.7294196473682923,-0.8863048977466916,0.6874735377853111,0.04896752118443389,0.34663090957949666,-4.010381090628604,1.1689819024441142,3.497769639482721,1.4958838306615745,-0.9754495100739101,0.3610980368405587,-0.7872899919127426,-1.059067739471794,-0.7143121335096659,-5.403804642682275,-10.365835149660706,-0.12637102300922023,0.29908279736836807,0.3216358014692869,-0.09280127023036118,0.03312555866936773,0.03334887771556764,0.16090362031012737,-0.3347031152745082,-0.5105129465088257,-0.6632628405218322,0.16598312318325092,-0.1039431543958685,-0.6190121306416883,2.0922852265462275,52.74290215969086
289.9,27.7,28.5,2.965,7.505,599.5,4.1,86.2176,3.9735,25523.0,815.0,31.1163,21.4397,17.1606,5383.0,209.2032032524324,6.680273112515471,122.001,42.695,30.889,6.378066666666666,23.09060459820272,0.495701072671828,46.74,578032.0,13.2,34.4,52.4,70896.0,35317.0,22722.0,12.79694947845151,11.127680470035047,1.418914034866713,0.2008954576580689,54.7,15.266293470304666,8.707014860128984,5.338285157568753,17.465280064493417,20.368806054294108,5.909339264469843,-12.202594823141894,-6.761717891357837,7.331833261257658,17.529287497984864,0.8913975273879865,0.9670535788809259,-1.2055612235888835,-1.4269427954343457,6.420916163151465,5.498320811750989,2.660434878105298,-0.19319536925603722,-0.09217243386432639,-0.34159406753257066,2.687258317799618,2.433627921013782,-10.356833671393494,-6.61433579041933,-0.2135715997467429,1.2990522153303024,0.41596911951278565,0.061851414168875074,0.09843171115964733,1.6357105057810744,0.04424002636223978,0.5391807028651204,-0.4101837165156998,-0.31781709039583933,0.1732260177594913,0.4087190195110919,-0.024042153066644662,3.2884134499914945,52.74290215969086
115.2,28.8,28.5,2.4450000000000003,7.52,241.5,8.35,60.6455,0.7705,18738.0,201.0,20.6519,13.225,27.4686,21790.0,236.6058463286824,2.5380390176147487,79.195,32.652,23.515,6.148,12.782698470895246,0.7724210753786316,47.21,209885.0,11.2,48.7,31.3,49780.0,37342.0,15884.0,8.251880779338212,6.642425473153561,0.2421040892193308,0.2176759611841297,53.7,6.020397819691004,6.014351301391919,13.473048958244425,14.184537022678803,28.06146186089764,8.485635518903532,-6.4018690010408585,14.401901088127246,-2.9077957460408435,-5.036931537153818,-0.5358383885336396,-0.5225740087404868,-2.81855300694083,2.7389615582923086,4.310475310360391,1.8917237073493502,-2.8581660847862564,1.3585967223532496,-0.33614061278601365,-1.3711346077919018,-0.05185457777231939,-0.6483230278392652,7.615357594216863,-0.47595109080895703,-0.39296527773141915,-1.1511828651838005,-0.15362954962998762,0.36079444631313545,0.8349618416838336,-0.2856798350065943,-0.3442298667070774,-0.3540516285846606,-1.2368322213304566,2.083267629407347,2.5557251169718813,0.8727135249351475,-0.26411723953361194,14.701504909781116,52.74290215969086
210.4,28.6,28.6,2.955,7.425000000000001,436.0,4.58,142.4267,0.98,46210.0,1116.0,70.9324,18.6665,46.0431,7546.0,207.0155004031897,4.999552011468507,223.22,96.741,33.206,13.388,36.02947095994996,1.9691703020360272,44.56,503654.0,12.3,40.9,46.8,38937.0,39286.0,17168.0,21.03691766650654,16.933855628952,0.4061223048327138,0.5549318265569341,136.9,11.620330284509972,8.860500460931407,4.951640260169904,10.32856720371172,23.33586929157376,7.160191321410238,-12.329918333639705,-2.7020602198472847,4.148888295016563,-1.7081122517368454,-0.02657627569511452,0.7160420336263865,6.032002499221512,-1.2381173817689224,0.2711449151424065,2.8833259517264866,0.942811867694059,-0.5057674244853336,1.3674141729002196,2.4683528487384314,-0.20031950137888335,1.7678820126503696,-14.922332030975573,12.547505735112352,-0.16305152835945305,0.9758851690279963,-0.0602937237297508,0.06200088317506077,0.24073758974981985,-0.8608343173532443,-0.08672452503194439,-0.1686325701822818,4.295458350790043,-3.828276405433814,1.8981566093023867,-2.1350928313657644,1.9109950008057073,3.003733431492,52.74290215969086
3.0,3.8,7.9,14.545,8.375,982.5,8.57,1.2429,0.0576,178.0,2.865339918651946,0.0803,0.0452,0.0112959999999999,74.0,635.7142857142857,10.233356852328376,0.28,0.14,0.08,0.0,0.1127832756406402,0.0717922868966855,97.4,2310.438051510152,0.0183640280367156,11.209851980137037,88.77178399182625,126700.0,55075.29,33831.22,30.733895233898767,1.0251391827949203,4.746573554900874,1.0265837231057064,162.4,0.3711674774241633,-2.2623762290490173,-0.9364806419673064,-4.576617351075014,-7.825260724021743,0.6215835608495391,3.804351750183851,1.4894978031329824,0.7408937112987038,-1.3570607460848993,1.3554321262550848,-1.8132055437502757,-1.31303119895359,6.197197532231608,0.3453719992982223,1.753809751390169,1.161571139091006,1.446555613142749,-1.886866109846159,-3.131168888571361,8.131367711809775,-2.7029757648613306,13.619756291490049,-10.890199837010975,0.7162540158846727,-0.898162627629936,-0.496230553754915,-0.9277983857256679,-2.2413308343850074,1.3290664557243392,-0.5363134732128441,0.2767326787052058,-0.001969977120557983,1.3833575139567265,-2.0690750312277424,0.5234467088958862,1.9722499205699815,-16.236195545860877,52.74290215969086
14.0,2.8,3.3,13.29,8.49,1280.0,4.44,66.2474,1.0595,34376.0,483.0,28.7012,25.1718,28.6734,5797.0,379.3590535887702,5.33018451487596,90.616,40.315,35.368,6.809466666666666,17.150500621066524,0.5104117114683594,57.69,245093.0,4.046117032847509,70.70339991554594,25.250483051606547,87265.0,36610.0,23148.0,20.47279770573432,11.45791031431516,5.074354330870425,0.2603928326866012,70.9,1.3829618890768682,-1.9596421412099154,-0.6294463208690292,-7.000254187521835,-3.8119444878523567,0.7036534394292779,1.9727787674404678,-1.0509639451249184,-1.747339752232655,-2.26158688624079,1.2434830979692435,0.8809502091320862,-0.8361882085725668,-4.084832428464046,3.0315374441134444,11.243643124690278,3.9923463601867355,0.5240452026513717,-0.019500149190425937,0.17494271651220794,-1.7245461476035413,0.749106505246211,5.801258627666782,-6.149781292676927,0.46747306906928526,0.3831487722694882,-0.06735355826715583,-0.36228094098779035,-0.23941016608849205,0.5367053690118109,0.11668270267546148,0.9514589608988403,0.9527444008737799,-0.49291749818250485,-2.0212134025432165,0.39295216592028775,0.650065100969126,-1.7939028790779414,52.74290215969086
16.0,3.3,7.0,12.265,8.295,1023.0,4.29,79.7603,1.3218,37783.0,436.0,32.0201,11.986,58.2589,19506.0,317.1284444481749,3.659529465087586,119.14099999999998,45.663,16.368,14.3018,22.549304697785008,0.6391463480032891,44.35,477241.0,11.4,37.1,51.5,71561.0,34380.0,21443.0,14.98400185022494,14.347792906389309,1.8324918038196647,0.2479057292855512,67.5,0.721354301166054,-1.950877948021516,-1.5160391388212655,-4.843087824266403,-4.366370504523318,-0.4743081506341686,3.9013752275488023,-1.0653901166220505,0.3619730725760264,-1.1579519991017873,-0.5582411865082874,-0.1200882360711697,-0.7216706999701757,3.205625002558033,-1.0407521651685236,1.4071590904363742,-2.7908578739315284,0.03865839284534367,0.11016934907995261,-0.601375869413218,4.347520389451334,0.21438351318861093,-2.6921749357134104,-2.924981033178046,-0.4923164924172072,0.30041695384929623,-0.12904113272825857,-0.13212586800257395,-0.2332467202687014,0.7145531347642332,0.08640717619409093,0.11873579270827284,-0.12699957367964107,-1.6193451002053907,-0.5844990422762933,0.09770248119408913,-0.039144229503969306,-21.8114043377464,52.74290215969086
15.0,4.4,7.4,13.355,8.18,1211.5,5.87,46.39,1.9696,37903.0,493.0,18.997,12.4084,46.2737,14888.0,438.5652299681805,5.704367949088805,86.425,31.048,20.027,9.119,23.6873667742644,0.5198347645921357,40.86,412043.0,11.40105756416319,43.837324276686296,44.76161815915051,46146.0,36086.43,16572.17,12.426995927713286,10.42342201495799,1.8765437977532649,0.2308378149566619,50.36,25.090870236832185,-1.6587168764229865,-3.075903565014402,-7.592340990832697,-3.6501085103427378,-1.2127499840781086,1.660699426097174,1.1512781541484096,-5.4958813238081845,-0.9422108151142795,-0.5983629889599981,-0.7520368905675907,-2.3882186318809775,2.2953580243140457,-0.4187837238361441,4.481960250368963,0.045801969952881695,-0.2755130937757591,-0.4187826845546563,-1.8247685022217535,0.6688244681246581,-1.5507636256764339,-7.674828178522486,-7.767684561262527,-0.23624417245388063,-0.5306696449096,-0.07037291053682626,-0.04834273903320222,0.20376008280863322,-0.8349705870263285,-0.24014586195970664,-0.32744053392981476,-0.18920287655045712,-0.9136588933846598,-0.6328802010913684,0.18522481967074253,-0.09232359521091042,-0.37341720850206794,52.74290215969086
27.0,3.0,7.7,16.884999999999998,8.47,250.5,3.6,94.75,0.975,80886.0,573.0,36.035,30.6179,69.9425,59746.0,503.33227546810537,3.5656280919222656,160.701,59.489,57.403,13.697,44.04493523854282,0.7705005543685988,37.51,683165.0,24.81513784080998,29.71825110917296,45.46661105001707,37563.0,37438.88,16936.21,15.717915646179634,15.449625511761106,1.4422353381379165,0.3216419673452932,70.17,15.214344686212351,-2.913778527465959,-0.8597091819159685,-6.250548819613954,-4.9972465626088285,0.10579430647815284,-6.979649630039931,-1.2889456964097914,-0.14695933568291317,-1.7728735213416318,-0.02124832439236335,-0.7514047828813396,0.002663904689251373,-2.4031371828603256,0.5320970108329005,-3.3119628917115436,-0.7442582170199609,0.17167067741354355,-0.18650289272268625,0.1730626424153646,-4.817812268594279,-0.23189507113148763,-13.192072133375332,-0.8332878615707164,-0.4340445479564367,0.22963866160561672,0.2767794555736089,0.07760899651795611,0.05775663618929666,-0.3413530942673475,-0.13124617536862632,-0.08730706813434762,-0.15110554495205408,-0.7646379083332914,-0.29803206089884093,0.1498618741364526,-0.015390758682042519,0.880259237394978,52.74290215969086
16.0,3.3,7.2,9.945,8.370000000000001,809.0,4.39,79.7603,1.3218,37783.0,436.0,32.0201,11.986,58.2589,19506.0,317.1284444481749,3.659529465087586,119.14099999999998,45.663,16.368,14.3018,22.549304697785008,0.6391463480032891,44.35,477241.0,11.4,37.1,51.5,71561.0,34380.0,21443.0,14.98400185022494,14.347792906389309,1.8324918038196647,0.2479057292855512,67.5,15.908271771964344,-4.242784134612108,0.007969012527415961,-8.54340637519335,-4.209474546847246,-0.2865258306544269,-15.750266199993591,-2.1470632357243447,-0.19834477181235885,-1.7845820046868182,-0.28295397140085704,1.4037953577066453,-0.0963466558046641,2.0771523517742763,0.19026403281216794,0.9348314462105439,-0.6014080451211584,1.1199872884775208,-0.05143511453022498,-0.1758608146601667,1.7286883603377892,0.23030665247390583,-3.074984653542439,-0.9159522930346432,-0.4366641517635448,-0.015519248861819287,0.0012429876935985777,0.0027721561118953333,-0.1138588090861828,0.7250672164062663,0.0009808298262452553,0.13867419829592084,-0.17179025936871742,-1.0023451823865361,-0.548492302239563,0.21203456195692164,0.07936257316730888,0.4126280323105547,52.74290215969086
38.0,2.8,7.6,13.955,8.295,825.5,1.9,65.48,1.159547297297297,35404.0,628.0,32.7396,23.8933,28.3358,18135.0,353.61566120655215,6.272473032361166,100.12,42.91,32.89,6.89,21.692116085648387,0.4183057432432432,45.82,494396.0,16.2,34.7,49.1,52830.0,29483.6,14569.4,30.782770270270262,13.408445945945948,0.4610408828493061,0.2022597972972973,44.72,12.21156768624623,1.0264090778740744,-1.0714246582643439,-7.422065854187434,-2.6524288394612583,-0.956419233133397,-9.082654623736941,-2.246665883238116,-1.384913778938353,-1.7625627959519623,0.31810373294477673,-0.8456425083366524,0.6508318653578561,-5.2627999763966855,1.8663434105739005,1.9183912778304266,-0.9979811294997739,-0.24726688978883024,-0.28902647831166756,-0.22479844975285201,-2.5350805784824004,-0.49881650894880303,-7.2406533562516175,-9.79755345289906,0.0714741688656314,0.17833413310349033,0.023256451071550055,0.040430243723094415,-0.042894754335284446,-0.2561014569426578,-0.06957922521357673,-0.2766943097052477,-0.21925044464568297,-0.6903397879873711,-0.02988838491340425,0.028778384228547615,-0.6770057899132373,1.1829415646816293,52.74290215969086
11.0,2.5,7.4,13.59,8.344999999999999,1163.5,5.85,86.2176,3.9735,25523.0,815.0,31.1163,21.4397,17.1606,5383.0,209.2032032524324,6.680273112515471,122.001,42.695,30.889,6.378066666666666,23.09060459820272,0.495701072671828,46.74,578032.0,13.2,34.4,52.4,70896.0,35317.0,22722.0,12.79694947845151,11.127680470035047,1.418914034866713,0.2008954576580689,54.7,5.777086391003529,-2.2769233276819194,-1.6681474539109817,-7.556573689539605,-5.628326500039549,-0.9468498851141579,8.065488700056449,1.7838372620008889,4.273088903647536,6.052402060907333,0.8081538899584362,-0.5426790749561047,-1.7380822535852587,-0.39777388833773547,5.930238738264889,4.2835297795385125,-3.139503468231608,0.007759069222957142,-0.19237626863022594,0.13541870449359164,2.1033562374052903,0.9847288514922067,-6.2427463247627015,-7.792684374290207,-0.1967295961019889,0.5241609900568925,0.01700482823265137,-0.04968946797773318,0.07474954886362124,0.9883341637626293,-0.06852617427706724,0.24820717186356456,-0.1134901920830204,-0.44188898462181186,-0.34673375163227416,0.09234430440391155,-0.06006055444168612,-4.46773211484775,52.74290215969086
26.0,4.3,6.9,11.255,8.18,1076.5,12.8,60.6455,0.7705,18738.0,201.0,20.6519,13.225,27.4686,21790.0,236.6058463286824,2.5380390176147487,79.195,32.652,23.515,6.148,12.782698470895246,0.7724210753786316,47.21,209885.0,11.2,48.7,31.3,49780.0,37342.0,15884.0,8.251880779338212,6.642425473153561,0.2421040892193308,0.2176759611841297,53.7,4.602757952986379,-3.4623172846281283,-2.062338867634535,-3.706077660381174,-4.5288394027451675,-1.9431275475708156,10.605873183530445,1.608267484509076,-3.109812632836402,-4.389526485179862,0.7060732601893438,0.10443914285550478,-2.36133493664985,5.013527223964533,2.77722695355614,1.7632706843813264,-6.813836829656115,1.0470265522537134,-0.2399647682284313,-1.566437819451093,2.8199125331081447,1.476607629843057,7.077765295219919,1.9518753704925385,-0.478263690223297,-0.8580739096831532,-0.12165840889016888,0.34146454788744496,0.373638903064033,-0.246022934842235,-0.30403503219286715,-0.6517666867747902,-0.19059849526733075,0.8513974479834244,0.8440369785452896,0.3559497254528103,-0.0629887666553272,-0.5173853828571735,52.74290215969086
17.0,3.9,7.0,11.115,8.27,1203.5,8.735,142.4267,0.98,46210.0,1116.0,70.9324,18.6665,46.0431,7546.0,207.0155004031897,4.999552011468507,223.22,96.741,33.206,13.388,36.02947095994996,1.9691703020360272,44.56,503654.0,12.3,40.9,46.8,38937.0,39286.0,17168.0,21.03691766650654,16.933855628952,0.4061223048327138,0.5549318265569341,136.9,8.808198790004276,-2.952141718914111,-2.2093393781594926,-7.1803626236257445,-5.002051933438827,-1.815519043089201,5.9744315921142706,-1.5096425389250125,2.2087138951011003,-1.946681932328891,-0.23135870077957618,-1.114200696907939,3.099886074749131,-0.7898925402822581,0.21726708353186788,1.873208204836895,-2.77880035909824,-0.3711043965940668,0.3839104479178787,1.6915568983213352,-0.6787568124135331,-0.21381327082713467,-9.30906003880625,11.9852772790504,-0.2538085680982718,0.6383657597067458,0.015121533361573588,0.4022565520306438,0.18262036065260467,-0.43878370736725625,-0.02746207380667413,-0.269776894692332,1.820697710712751,-1.694713825732471,1.3807475185890985,-0.9536282664164905,-0.12484919388468008,0.7335304694560673,52.74290215969086
0.0,20.3,17.6,13.415,8.335,1130.5,1.13,1.2429,0.0576,178.0,2.865339918651946,0.0803,0.0452,0.0112959999999999,74.0,635.7142857142857,10.233356852328376,0.28,0.14,0.08,0.0,0.1127832756406402,0.0717922868966855,97.4,2310.438051510152,0.0183640280367156,11.209851980137037,88.77178399182625,126700.0,55075.29,33831.22,30.733895233898767,1.0251391827949203,4.746573554900874,1.0265837231057064,162.4,0.5846043931333261,-7.5432805086920665,-1.0339939963817593,-5.6467182578829425,-2.3935033209404586,-0.22109149912372242,7.386046495772898,-2.0677372265793377,-1.4562081791274253,-1.6477506921626623,1.8885799551165359,-1.0422217610167956,-2.6038457053682453,5.050034809981784,-2.6632253490015874,4.480220163905373,3.2535972887898486,0.3510094813133288,0.1786902771859118,-1.8198671392910188,3.071927310035875,-1.807299240101128,11.64046141304386,-9.365453859766326,0.8154060986358673,-1.54431147601145,-0.3276720845699305,-0.5947141526577381,-2.1220653737336392,0.7294058842770746,-0.3950032085149237,0.47515654266501395,2.0213909704983224,0.7251027037700014,-1.1116795420212056,-0.8146504541734857,0.3585835599868255,-14.870256206203875,52.74290215969086
9.0,18.5,19.4,12.54,8.235,1169.0,1.615,66.2474,1.0595,34376.0,483.0,28.7012,25.1718,28.6734,5797.0,379.3590535887702,5.33018451487596,90.616,40.315,35.368,6.809466666666666,17.150500621066524,0.5104117114683594,57.69,245093.0,4.046117032847509,70.70339991554594,25.250483051606547,87265.0,36610.0,23148.0,20.47279770573432,11.45791031431516,5.074354330870425,0.2603928326866012,70.9,3.3891794516254303,-1.9177165603917088,-2.3560701130734145,2.270381619371473,-3.013260277124741,-0.7847327042495209,10.454861610041307,-4.3921685221822315,-2.2453283332226173,0.14497210023924723,0.5993660419806833,-0.12663255169987675,-0.20300797025673134,-2.786053645033389,3.164729284346104,8.617280565543721,11.694385525959852,1.7053778689727188,-0.46677421620115594,0.6240675094164901,-1.8739805310467876,0.13405469472209544,4.600458186510951,-6.175930811297147,0.8082096823615327,-0.35012751816461457,0.7056777074374277,0.34072515940293674,0.03237242215623404,2.315093579165017,0.44135890711098885,1.137592240963129,1.5307296396140015,-0.1737800749670718,-0.4680397706665091,0.4842137512813019,0.18323584702486842,-0.975957152172923,52.74290215969086
13.0,19.4,16.5,10.405,8.09,1208.0,1.99,79.7603,1.3218,37783.0,436.0,32.0201,11.986,58.2589,19506.0,317.1284444481749,3.659529465087586,119.14099999999998,45.663,16.368,14.3018,22.549304697785008,0.6391463480032891,44.35,477241.0,11.4,37.1,51.5,71561.0,34380.0,21443.0,14.98400185022494,14.347792906389309,1.8324918038196647,0.2479057292855512,67.5,0.9758434411314152,-1.3048256057376657,-1.7954626294846332,-12.158645764393732,-3.5566314946301296,-0.8066044835870465,4.243187201479452,0.26214570426071687,0.9327929349491976,-1.345754204876721,0.9902520329256848,-0.04017093594806923,-0.14492361057549571,3.241484675776833,0.7510281066798298,1.8740069455436121,0.2395186707563702,0.5572386799147346,-0.016684853242090014,-0.6703606369734426,4.550227557271719,1.0528173796087505,-3.552344672388086,-4.060195485645284,-0.5242677249542119,0.2624615401091672,-0.21474237103635976,-0.04876841039086403,-0.27226169356455454,0.9242300403087093,0.26980340896174343,0.35119524478446706,-0.11406846554328975,-1.3683461353058624,-0.4357805512907615,0.21235061741123543,0.17233406376714525,-10.931126141492276,52.74290215969086
13.0,20.0,17.5,16.494999999999997,8.594999999999999,904.0,1.74,46.39,1.9696,37903.0,493.0,18.997,12.4084,46.2737,14888.0,438.5652299681805,5.704367949088805,86.425,31.048,20.027,9.119,23.6873667742644,0.5198347645921357,40.86,412043.0,11.40105756416319,43.837324276686296,44.76161815915051,46146.0,36086.43,16572.17,12.426995927713286,10.42342201495799,1.8765437977532649,0.2308378149566619,50.36,4.540034839164837,-2.409868899459641,-2.642926634200848,-6.450066599486552,-5.6947891096243,-2.9599914550548423,-10.88620946361528,-2.5925940330078205,-3.3739963278360663,0.3967040271265436,0.6290858990885321,-0.7471487483118349,-1.602377092743603,0.7543219688441608,-0.3353670839841166,0.08117137398105224,-0.183828107115502,-0.6422366502198086,-0.589629216048246,-0.3760661685466766,1.196725572630142,-1.0895542128290978,-5.032273178002797,-4.083168811574578,-0.41024526137082473,-0.22709959212069805,-0.0648625285675133,0.01453047795376398,0.028881841534748737,-0.3864877801590281,-0.1623971264747283,-0.13670988108341833,-0.5579399648495018,-0.5790811440690115,-0.48951725659271056,0.20051920362593031,-0.32893347908277115,-0.9265264393272808,52.74290215969086
33.0,18.7,14.9,12.5,8.42,506.0,2.95,94.75,0.975,80886.0,573.0,36.035,30.6179,69.9425,59746.0,503.33227546810537,3.5656280919222656,160.701,59.489,57.403,13.697,44.04493523854282,0.7705005543685988,37.51,683165.0,24.81513784080998,29.71825110917296,45.46661105001707,37563.0,37438.88,16936.21,15.717915646179634,15.449625511761106,1.4422353381379165,0.3216419673452932,70.17,12.405266374471168,-2.026238114427154,-2.296440070898582,-13.203025389309042,-1.608195401870956,0.6440140590226905,-8.798730371197065,-1.2749072350189092,-0.4806222784457102,0.25305032335532207,-0.5775631846518565,0.3455680310601996,0.2717383804544806,-0.2311194649400812,-2.8894586589932447,-3.904128531209814,-0.7671779173798864,-0.6121353229507801,-0.038331707113732814,0.07695270306741166,-2.8838408111998195,0.32523527345464887,-12.047407001160707,-0.320184946308534,-0.4252326565453152,-0.004969254132981725,0.425113628522182,0.14743298813700678,0.009596015674372951,-0.3915425507832941,-0.04000671777253298,-0.14247272892544646,0.002910776305943802,-0.5985627368806555,0.036572429711619864,-0.003035179761548837,0.07473555099219113,0.7219419447239485,52.74290215969086
13.0,19.4,16.8,12.510000000000002,8.375,1018.0,4.88,79.7603,1.3218,37783.0,436.0,32.0201,11.986,58.2589,19506.0,317.1284444481749,3.659529465087586,119.14099999999998,45.663,16.368,14.3018,22.549304697785008,0.6391463480032891,44.35,477241.0,11.4,37.1,51.5,71561.0,34380.0,21443.0,14.98400185022494,14.347792906389309,1.8324918038196647,0.2479057292855512,67.5,108.77890045407382,-2.766982578725243,-1.5714778007132304,-10.833201484361973,-3.3953442892804744,0.7177249714468278,9.538720235169555,0.18233237763866791,2.048856500952193,-1.9192543852794917,-0.4448930119102202,0.35129969802995503,-0.9866424389866486,4.086579586698984,-0.3603263171979532,3.5738815595644216,2.074003169701124,0.11950856411829669,-0.17901074556012878,-0.4600158747378738,6.130264107479403,-0.5606973535691692,-2.1084088421737146,-2.50926890825232,-0.2927276531110203,0.11780023242036493,-0.5078096238213267,-0.2548297613486635,-0.1350660412634411,1.8108561494542916,0.030785242076961577,0.2062262170637649,0.22969526533347887,-1.3282015494319301,-0.44127585240950334,0.3282502960910388,0.3287321255573377,-0.718715147525072,52.74290215969086
4.0,19.0,14.5,10.57,8.23,913.5,3.15,65.48,1.159547297297297,35404.0,628.0,32.7396,23.8933,28.3358,18135.0,353.61566120655215,6.272473032361166,100.12,42.91,32.89,6.89,21.692116085648387,0.4183057432432432,45.82,494396.0,16.2,34.7,49.1,52830.0,29483.6,14569.4,30.782770270270262,13.408445945945948,0.4610408828493061,0.2022597972972973,44.72,11.458745925341564,-2.2835233476230257,-2.4833895096989966,-9.725398981422186,-2.767014123283637,-1.0185382627230146,-12.301489467392678,-1.6770091741097473,-1.618606933173724,-1.517703264551237,-0.17186551359792454,-0.5740286288472515,-0.35156533590362654,-2.444955098700399,2.6749722105047358,0.34636307485246465,-1.6080357112766548,0.6418081734701996,-0.36207093855366135,-0.5924397104543949,-2.184269676928719,-0.67329090801999,-3.0092255527215706,-7.34289555081632,-0.12821754706092175,-0.12461692094182046,0.07048934759882622,-0.1459536000899975,0.05626707982271906,-0.018868568747614983,0.017183367613082107,-0.09675531673555586,-0.35798604665013595,-0.650221497199187,0.049149504726131193,0.11561515844116556,-0.41696873565514964,0.0005296049856894173,52.74290215969086
9.0,19.2,23.6,14.19,8.595,1340.0,1.97,86.2176,3.9735,25523.0,815.0,31.1163,21.4397,17.1606,5383.0,209.2032032524324,6.680273112515471,122.001,42.695,30.889,6.378066666666666,23.09060459820272,0.495701072671828,46.74,578032.0,13.2,34.4,52.4,70896.0,35317.0,22722.0,12.79694947845151,11.127680470035047,1.418914034866713,0.2008954576580689,54.7,21.221468121451757,-3.109931269170095,-2.418249639098843,5.866221956036365,-3.8191103456293534,-4.399973916894134,8.257282910868526,-0.4167133260363102,4.953979192113814,14.13086819030965,1.2900012078074106,0.7564679204641527,-1.0055810819317894,-0.846800508058319,6.067100825266292,5.014529799322288,-2.680837256172671,0.8216849921985223,-0.28611888592441864,-1.0520022957896202,0.12840014748275275,0.9001312098962568,-6.230208292817696,-6.716652317460007,-0.038870709243542,1.1307423869023738,0.13757282354558478,0.14293284326170794,-0.004425098119924383,1.5764541319555911,0.08665281888097424,0.2737522589725745,-0.28280377039065,-0.3155208510532959,0.0489504601744318,0.25790290139925903,0.34062061226926704,1.8574918091126404,52.74290215969086
15.0,20.0,18.6,8.61,7.970000000000001,1374.0,1.5,60.6455,0.7705,18738.0,201.0,20.6519,13.225,27.4686,21790.0,236.6058463286824,2.5380390176147487,79.195,32.652,23.515,6.148,12.782698470895246,0.7724210753786316,47.21,209885.0,11.2,48.7,31.3,49780.0,37342.0,15884.0,8.251880779338212,6.642425473153561,0.2421040892193308,0.2176759611841297,53.7,15.626491885892351,-2.3504942916644107,-2.7178586698820184,1.6603270741955687,-2.8517364327330146,-1.353673500362783,6.477383537000665,-5.420581371538962,-1.9463334516094368,-5.579536431950206,-0.12685899129758305,0.7999891269765795,-1.0058377766236655,7.1587113848576935,3.9143482439219945,2.3838492730384067,-9.57513843030979,1.3028956164481735,-0.2897221111878743,-1.8468328817499184,2.828962868191302,1.8928668836380043,3.676672635767608,3.0472458462075642,-0.2941233411338189,-1.3852677312120798,-0.35480431863727596,0.12088865164046503,1.031383819791178,-0.3357848038927962,-0.5613168569095436,-0.5818584227624036,-0.706998748605451,1.995573945079619,0.8561153734164927,0.5474181462203473,-0.7711041684386629,1.4875183624836297,52.74290215969086
16.0,19.0,18.6,9.615,7.95,1228.5,3.71,142.4267,0.98,46210.0,1116.0,70.9324,18.6665,46.0431,7546.0,207.0155004031897,4.999552011468507,223.22,96.741,33.206,13.388,36.02947095994996,1.9691703020360272,44.56,503654.0,12.3,40.9,46.8,38937.0,39286.0,17168.0,21.03691766650654,16.933855628952,0.4061223048327138,0.5549318265569341,136.9,17.94879592442752,-1.8092104734076806,-1.5553631775515768,2.0370027059440803,-2.766145731968185,-2.0631091758733002,9.303809064608068,-0.684558999221772,3.6471439574162154,-0.856375044578065,0.18581704078863037,-1.4656972654288005,4.489116223671784,0.06898086592555004,-0.4807544825660677,1.2070319266431049,-4.2771230406127865,-0.310308220982552,-0.5180833394918603,3.016178411090127,-1.212377253764618,-0.5207401713604746,-10.951708323340862,13.675790214321268,-0.40675848690172156,1.1517033431306476,-0.026098326339076532,0.39025058234110394,0.7750737972122926,-0.2885805104176186,0.13145695365965407,-0.3002793039443599,2.58373447659115,-1.7161404624643408,1.8102540113714836,-2.839443550681074,-0.21531300305699297,0.002703188161055229,52.74290215969086
