pH,TN,TOC,Temp,Rain,EVI,FCOVER,LAI,LST,NDVI,CC,BD,GPAM,WS,FER,PES,MO,CO,VE,FR,FERA,PESA,TSA,WA,CA,VEGA,IRR_W,AGR_W,UR,GAO,PR,SR,TR,GDP,UI,RI,UR_W,RU_W,IND_W,LIF_W,POP_TOT,IMI,pH_shap,TN_shap,TOC_shap,Temp_shap,Rain_shap,EVI_shap,FCOVER_shap,LAI_shap,LST_shap,NDVI_shap,CC_shap,BD_shap,GPAM_shap,WS_shap,FER_shap,PES_shap,MO_shap,CO_shap,VE_shap,FR_shap,FERA_shap,PESA_shap,TSA_shap,WA_shap,CA_shap,VEGA_shap,IRR_W_shap,AGR_W_shap,UR_shap,GAO_shap,PR_shap,SR_shap,TR_shap,GDP_shap,UI_shap,RI_shap,UR_W_shap,RU_W_shap,IND_W_shap,LIF_W_shap,POP_TOT_shap,IMI_shap,base_value
6.44,0.1202515832103,1.380655427559,27.0,407.6,0.5278112292289734,0.6881611943244934,2.400000095367432,31.95000076293945,0.6005289554595947,260.6069030761719,129.9587097167969,146.82,2.55,54240.0,1270.57,40.6824,30.2805,30.43,8784.0,217.9459876481201,5.105376724300736,248.869,82.267,71.105,30.43,21.438604752014506,1.7255172022880916,45.35,732077.0,19.4,31.7,48.9,35573.0,35134.0,17406.0,18.86276651066043,10.95257410296412,10.95257410296412,1.971747299884448,117.01,20.12,0.005646673410417864,-0.012326534686188096,0.005434023394540417,-0.06244483415959985,-0.07818581809996976,0.0019983152071363294,0.017894202547497125,-0.015577641139592747,-0.05434301583998604,0.00014015440571529862,0.0037489860502828384,-0.006790655630305989,-0.010971720840432679,-0.000722518418493562,-0.007753176578436977,-0.00028715120712877326,0.0008005909947969468,0.0029139274252811486,0.005727922997015409,-0.0293570427523955,0.0038158661103807395,0.003999199406214755,0.004210735013592058,0.0038066125703626343,-0.0032291346779384235,0.0035247335567109967,-0.008938761287019589,-0.0032784284072113223,-7.940546191821558e-05,0.0013176396385533734,-0.00445118576211098,-0.01093255972134648,8.551608389825469e-05,-0.0007373401706863678,-0.003341517048495006,0.00019351897471642723,0.0011227988995669892,-0.006020425795009941,-0.004982504199870163,-0.0034906960552907535,-0.004672013477043948,-0.01487031329709862,0.2822287808806868
6.375,0.226203811064,2.268647150833,28.0,354.1,0.3739136755466461,0.5626747012138367,1.200000047683716,33.47000122070312,0.5001397728919983,370.5200500488281,132.7790679931641,78.86,1.51,42101.0,1310.02,57.39,30.39,23.13,2283.8,239.6050310170167,7.455580217403678,175.70999999999998,75.89,47.08,23.13,11.640145980325425,1.1288686636714582,52.2,686334.0,16.06716086336319,29.95130135865117,53.98150854710848,36106.0,32559.0,16815.0,12.881572327495135,5.887189901806822,5.887189901806822,0.6001059414337037,94.45,3.770000000000001,-0.021344097786684873,0.024268733870725555,-0.003173585079232004,-0.053598895037022885,-0.07080750621548214,-0.000779843108379283,0.01918684753938578,-0.013377300580490553,-0.04851840241936588,4.8788824220534686e-05,-0.011644217975896026,0.03230725965845341,-0.004984165543501149,-0.002493097241145734,-0.003347544998658128,-0.002747093066354861,0.0029575008184474427,0.001141533270681976,0.0026759089961269694,-0.010573653146988358,-0.007973373067739887,-0.0020352016420802097,0.0007401042923884197,0.0009394484294534807,0.0007580512162312494,-0.0004172556084158719,-0.0020010654544021234,-0.001961448389280121,-0.00016553614786244024,0.0017389021406124822,-0.0015812548118701649,-0.009619084398160336,-0.006760842622439668,-0.003883931450451203,0.007074173711967889,-0.001263653309360961,-0.004874109031443366,-0.00709569775352429,-0.007549915666386364,0.001982282458018742,7.804831172689034e-05,-0.07266561467718566,0.2822287808806868
7.08,0.1073563743704,1.491912923371,27.5,221.9,0.5748522281646729,0.199037492275238,4.300000190734863,28.63999938964844,0.2092299908399582,142.1536865234375,121.3395462036133,41.8,0.9984,37631.0,382.0,12.2266,9.8512,4.991,6472.866666666667,481.9852705731668,4.89273134806276,78.075,30.563,28.728,4.991,21.398798506227283,0.8755846807233554,35.03,369846.0,16.504901960784316,31.65686274509804,51.83823529411765,26213.0,35691.1,13158.53,16.539135979595088,17.556710821702243,17.556710821702243,1.1884593356762363,77.55,0.001414214,-0.025326291399724143,-0.024379033279736177,0.002359084291863839,-0.026532014931282898,-0.02956969534080417,0.0025857317308400525,-0.006883789277140751,-0.01573225652580004,-0.03368273571099416,-0.0020067833382636313,-0.002764917270746082,-0.011606535649501891,0.0034701308491130478,-0.0006937861002079441,0.0010562355672154823,0.0025574486527621043,-0.009845790205974484,-0.0018409188437071866,-0.005299439099828303,-0.007200230530375847,-0.000993102784486837,0.001724867828874268,-0.0008529402944986927,-0.01152913438515679,-0.001324680220306617,-0.006349167247812146,-0.0025770131444442083,-0.001014956312414142,0.0003744681484604376,0.00032937775300524643,-0.0005470023388406838,-0.0017648200605472095,-0.0010762844847995432,-0.0018141064862284121,-2.3048238108459104e-05,-0.0011196705102192958,-0.0014507944912766097,0.0005781564532517229,0.0005099496355978777,-0.0007694330689992069,0.0003212938165961526,-0.06124667924390087,0.2822287808806868
6.725,0.1294402405123,1.624522525286,27.5,221.9,0.5033127665519714,0.146291509270668,1.899999976158142,32.04999923706055,0.1670332103967667,227.2692108154297,129.4583129882813,41.8,0.9984,37631.0,382.0,12.2266,9.8512,4.991,6472.866666666667,481.9852705731668,4.89273134806276,78.075,30.563,28.728,4.991,21.398798506227283,0.8755846807233554,35.03,369846.0,16.504901960784316,31.65686274509804,51.83823529411765,26213.0,35691.1,13158.53,16.539135979595088,17.556710821702243,17.556710821702243,1.1884593356762363,77.55,0.001414214,0.0049732274894777224,-0.004650710294743478,0.00729256238605012,-0.03580788472387212,-0.041099646917762585,0.0008084567828191256,0.015024118755187369,-0.0148784834012331,-0.05139355876069749,-0.004079560094425687,-0.00014922414917964378,-0.0015962044864863858,0.000935335570764434,-0.0024469572008601987,-0.004062410372112935,0.004287729154093541,-0.011054576092108618,-0.012224188697146018,-0.005683072938612891,-0.028825306877915863,-0.009024366462690524,0.001977128278369493,-0.004649207925314838,0.0008149446665483992,6.071195594995341e-05,-0.00013967887988110373,-0.005304170810159122,0.0009451000095796206,0.0016809426151012294,-0.00011691203385998923,0.0004260592955397472,-0.008816286543471502,-0.00036070291374926323,-0.005149099212969304,0.0009351856353023347,-0.0034820888987160264,-0.0020588195409072794,0.0022712180366215827,0.0024582297731103554,-0.0055791863529884725,0.0010736079479102046,-0.064889394321719,0.2822287808806868
6.65,0.126125325302,1.313179613021,27.5,221.9,0.5431041121482849,0.358176589012146,2.0,32.54000091552734,0.3365412950515747,232.277587890625,129.3061218261719,41.8,0.9984,37631.0,382.0,12.2266,9.8512,4.991,6472.866666666667,481.9852705731668,4.89273134806276,78.075,30.563,28.728,4.991,21.398798506227283,0.8755846807233554,35.03,369846.0,16.504901960784316,31.65686274509804,51.83823529411765,26213.0,35691.1,13158.53,16.539135979595088,17.556710821702243,17.556710821702243,1.1884593356762363,77.55,1.17,0.010068838135077383,-0.00539735036622733,0.0066416806407360125,-0.031157683124940376,-0.03847459748628898,0.005679875197296498,0.0074205171918147236,-0.02306933832765208,-0.07330974549833628,1.56304455595103e-05,0.0007836145174805964,-0.005729836759332104,0.005684677793091393,0.0006019044301065164,-0.0013467615750341788,0.004043617876421193,-0.007815794493726566,-0.004609681688671117,-0.01213299927153275,-0.011949216922701452,-0.01054849954028032,0.0013260982540232351,-0.0017274852512782694,-0.004347133802293683,-0.0021272240568650843,-0.003056691275662159,-0.004683813670417295,0.0007255212588352144,0.0006653299772879103,-0.0020156625224190044,0.0003493085630325437,-0.007291450303251623,0.000317567037593109,-0.002592153219884494,-0.0007115918380441134,-0.00035629547610005664,-0.001046189974134903,0.0019233372824091917,0.0022270814647490636,-0.0006986919196933707,0.0002203607115661708,-0.07410555088280671,0.2822287808806868
6.26,0.1314114692684,1.542266446818,28.1,472.3,0.1815195679664612,0.1489138305187225,1.899999976158142,33.5099983215332,0.1576301604509354,79.36817169189453,41.61711502075195,47.0,1.3107136824324324,36372.0,288.0,18.2749,8.0877,7.75,507.0,653.2327586206897,5.172413793103448,55.68,23.55,11.03,7.75,12.063693803924313,0.472838893581081,63.26,168105.0,10.1,30.6,59.3,59606.0,41956.5,25127.5,34.79581925675675,15.15646114864865,15.15646114864865,0.5191153820594531,50.55,12.28,-0.022846414417552297,-0.01053326910858596,0.006534940731362443,-0.04757041401240712,-0.05495730259249104,-0.0037771602953725948,0.0415588470663497,-0.009730021271061559,-0.045573605646430225,-0.002403646447724895,-0.013975609985958726,-0.018826701487079843,-0.0011344325868267318,0.0003129119182340165,0.0004381497642098085,0.001930391571091605,-0.010076885644884898,-0.012028473220379966,-0.0010501756463781934,0.0035865312841196983,-0.02663218261719158,0.0021854783065864505,0.00024069019325543222,-0.000537400089262519,-0.00883955268061982,-0.008228191920570673,-0.0048329763168731,0.002266030216465886,0.001004694929681133,-0.0022852199885819565,0.0007506296482970405,-0.0050201057947197114,-0.008329341712968013,0.0016350865296844857,-0.008482329409831438,0.002182852212819854,0.006657259600484394,-0.000162427322946318,-3.6323270207505294e-05,0.00037911627368885303,-0.0010262394454039168,-0.024000591558280573,0.2822287808806868
6.515000000000001,0.06897301535367,0.6676463154617,27.7,447.3,0.7420581579208374,0.3893652856349945,2.599999904632568,30.68000030517578,0.3614922165870667,222.1938934326172,129.6773071289063,107.39,3.73,96920.32,2066.12,58.97,40.44,27.91,610.38,465.7391638635272,9.928495915425277,208.1,77.67,61.57,27.91,13.785865223981112,1.7056792964710272,34.96,786132.0,20.47490893033877,43.41481379464505,36.11027727501618,31295.0,29723.0,15547.0,9.581485948260582,8.895328795155292,8.895328795155292,0.8326497317534427,104.89,4.75,0.008956159177600065,-0.03439524478027307,0.002243560038768918,-0.05942945957454503,-0.028427304910874224,-0.005290193626526165,0.01909355560559197,-0.009155514721584039,-0.053088018264723355,2.9987602378242386e-05,-0.005322466083161994,-0.006914236811295269,-0.0006556193946889827,-0.0047030284845386615,-0.014221030792308739,-0.006530305359294287,0.005323229005298344,0.001833126385055947,0.0013384848247515034,0.0072445688083680555,-0.006203525808639832,-0.0066041117800632486,-8.200828940607943e-05,0.0017602367118961435,-0.0007757068439241318,0.00749548800919729,0.005899606915059852,-0.007028536341822471,0.0012485672795446582,0.0008387156944518205,-0.007427699330350155,0.0008168023151811272,-0.000846837900753594,-0.0024819929709774436,0.004996266397560255,-0.0011077162720757822,-0.0019485360983089776,-0.005977636713592799,-0.0067655105418234565,0.0009258390539180264,-0.0028333688772108883,-0.0731603538680938,0.2822287808806868
6.66,0.1829329069306,1.759549358588,27.7,434.4,0.4098489880561829,0.2989175021648407,2.0,30.52000045776367,0.2891339957714081,288.1651306152344,129.0,92.75,1.5386300675675677,45158.0,696.0,33.0483,14.6795,31.74,196.0,387.35632183908046,5.970149253731344,116.58,42.49,20.02,31.74,25.258358901966528,0.555059543918919,52.85,465622.0,12.3,44.1,43.6,67794.0,41956.5,22104.5,40.84636824324324,17.791976351351355,17.791976351351355,0.9989242570341496,59.34,5.39,0.004641547162929782,-0.0014604782060632594,6.623012719500733e-05,-0.06374314727213638,-0.0508577337886527,0.0018819494550407392,-0.034467781814520995,-0.006591160413372566,-0.07372620035798173,4.887199314544102e-05,0.00343407893301628,-0.013864934787525273,-0.0045979451543826195,0.0001168520962528419,-0.0008082398191763798,0.0022051988745515733,-0.000913915204611838,-0.005361347636033316,-0.0004280873914540347,0.010382661208350326,-0.005442540669006121,0.0005058947192083027,-0.00023509170497709584,0.0013699049122660608,-0.003214069272609776,0.006525137419906968,-0.011540789583668809,0.0046112466240447285,0.002327277239368407,-0.001925383917885486,-0.00025761937271453805,0.004410066508084125,-0.0015433331789390665,0.0016692206916777725,-0.006144723348799742,0.002044725737359838,0.007711571376421492,0.002999357594497276,0.0011829773398931165,-1.897236805234533e-05,0.0015531011046259733,-0.05387654245822341,0.2822287808806868
7.0,0.1451085078067,1.316145153978,27.7,447.3,0.4844832122325897,0.2686246037483215,3.0,31.1299991607666,0.2648997008800507,294.9383544921875,129.0,107.39,3.73,96920.32,2066.12,58.97,40.44,27.91,610.38,465.7391638635272,9.928495915425277,208.1,77.67,61.57,27.91,13.785865223981112,1.7056792964710272,34.96,786132.0,20.47490893033877,43.41481379464505,36.11027727501618,31295.0,29723.0,15547.0,9.581485948260582,8.895328795155292,8.895328795155292,0.8326497317534427,104.89,4.88,-0.029429437672522908,-8.380506680987407e-05,0.0051897730726195735,-0.060824330918105254,-0.024217373483916158,0.006088107753137591,-0.01750073556213465,-0.009134978235495514,-0.058903373269677095,1.1402555857786075e-05,-0.0017176729575803609,-0.01985985595788225,-0.00039888273153337715,0.004241994608404638,-0.009138400774594626,-0.008077959613816344,0.0009325420858367576,0.006076956455493934,0.009538999630400212,0.002166475541511317,-0.005167252877232385,-0.003796563689422329,0.001717431768716781,0.0009849029460165172,-0.004014093172649152,0.0153356238915585,-0.002702128103759605,-0.00618557868829521,-0.00022788878074789053,0.0031704084796729155,-0.002609778306534279,0.0005504748898674758,0.0013402469812717741,-0.002761079733521911,0.0002528486501105373,-0.00033836426203197247,-0.002492202160996385,-0.00432479623204563,-0.0019915154061891363,-0.0003305389207380363,-0.0011768164255627207,-0.06195886159777001,0.2822287808806868
6.984999999999999,0.2165105769995,2.120223873569,25.8,149.9,0.3598625957965851,0.3565589487552643,1.899999976158142,33.97000122070312,0.3352471590042114,260.8031616210938,134.8762664794922,156.26,3.7,71109.0,604.0,25.5392,19.687,6.87,4046.0666666666666,639.9701205079514,5.435907589570977,111.113,48.363,43.95,6.87,30.453854606755456,0.8473062281162614,50.12,299186.0,8.188156481532047,41.53969380882165,50.2721497096463,56528.0,34807.04,22100.67,29.449202691670408,16.989687864542002,16.989687864542002,4.19935794066213,97.31,2.8,-0.03173671345399635,0.035671485280312484,0.050815611860743945,-0.07823627606434455,-0.0018533453880518178,0.0038944431307463695,0.02003976871017948,-0.022100452993850925,-0.05698388832951604,0.00031329746590926866,0.008206874395429624,0.05371954199144966,0.00451719053133274,0.00011137651611352433,-0.01584399604605278,-0.0014893856211856539,0.0001856979299627708,-0.0024190063553833187,-0.0070084260899457105,-0.0024617024442559346,-0.03342527835752116,0.0044757044984435205,-0.002945782023802166,0.0017455608204472877,0.0043689331094792574,-0.005241017922788159,-0.03001311582840572,-0.011830177213036214,0.0013794244479795458,-0.0023213019860268127,0.0015653689910250222,0.0054594315970607574,-0.0002719463213288668,0.004110152585315519,0.0023265588024078154,0.0025610793917148827,0.014502110351793818,0.004276343663310402,0.004522205656365261,-0.005532507711381188,0.0010570163753145624,-0.12886168921335778,0.2822287808806868
6.855,0.04223930043189,0.4588025554773,25.7,191.4,0.3535537421703339,0.4277059733867645,0.8999999761581421,34.5099983215332,0.3921647965908051,275.0,128.1002197265625,69.4828,1.3569,21994.0,591.6353864032538,9.1363,9.5518,2.36,1603.85,381.11245884595394,10.251869457689375,57.71,25.24,23.82,2.36,23.245438704361963,0.4724934230642314,61.4,189959.29356481816,5.960707881876988,46.25281304491967,47.78647907320334,66835.0,38481.79,24326.61,8.747788017238738,6.746846249557248,6.746846249557248,4.849428335338578,73.3,0.32,0.00721889110376651,-0.02921505306466134,0.005282007608766435,-0.021104173858882858,-0.04292320412202389,-0.003558904891106067,0.009731450130799202,0.001300569886487211,-0.0374320964643266,2.9677197468116187e-05,0.0047347462875040975,-0.017109403186230335,-0.001138895926182158,-7.027740647026892e-05,-0.0016157188934739666,0.0026603480352496204,-0.009330663730084784,-0.00388896634248522,-0.0009352065182029051,-0.012553527732190562,-0.004916053444656424,-0.010476143405991022,-0.005109516440032167,-0.0012873071577050746,-0.004173345634451834,0.0011431370579230128,-0.008877511006226994,0.002185670509439665,0.0015156736401550012,-0.002067655341073984,-0.001493288336685506,0.002696729645555023,-0.0021581936133006833,0.002468065184642911,-0.002879747864528325,0.00034940149571048134,-0.0031073123857349866,-0.0028533358700005913,-0.0019761043727485232,-0.0074558957876724894,0.0002400520886003496,-0.08321799100199131,0.2822287808806868
6.960000000000001,0.1210049522633,1.606840166926,25.7,191.4,0.4354498386383057,0.3447339236736298,1.700000047683716,33.04000091552734,0.3257871270179749,241.7138519287109,128.9469604492188,69.4828,1.3569,21994.0,591.6353864032538,9.1363,9.5518,2.36,1603.85,381.11245884595394,10.251869457689375,57.71,25.24,23.82,2.36,23.245438704361963,0.4724934230642314,61.4,189959.29356481816,5.960707881876988,46.25281304491967,47.78647907320334,66835.0,38481.79,24326.61,8.747788017238738,6.746846249557248,6.746846249557248,4.849428335338578,73.3,0.001414214,-0.03244430610897689,-0.0031305469319995614,0.0035920118329231658,-0.038239621204003926,-0.01984707512483874,0.0014258001855341738,0.006015731376930487,-0.007001962715497939,-0.02048314104796737,2.9194205635577345e-05,0.0008740346231934394,-0.016057245206218797,-0.0016435915895563042,-0.0027532258604333047,0.0023309902541077503,0.0007664297512819762,-0.005458601953818287,-0.00432139645330608,-0.007735441978074957,-0.003986846757514284,-0.000905387233455255,-0.007030269466784378,-0.005127748724247793,-0.0017323345503682502,-0.002902997496908936,-0.008070827231407746,-0.0066352822182379895,0.001313803756274866,0.0021878935565327945,-0.0076177994922618395,-0.0014692161605271432,0.0027363791574098297,0.0003278787272283816,0.0013194497023505366,-0.0012495905241230493,0.0013437755641498397,-0.007691347990883515,-0.0035946806567371827,-0.00702118399256142,-0.007319717930542538,0.0008403249698312749,-0.07504446849535451,0.2822287808806868
6.535,0.1020147377599,1.311680485782,28.1,406.5,0.495362788438797,0.5626463294029236,1.5,34.83000183105469,0.5001170635223389,126.0672454833984,85.59015655517578,2.90776,0.115,1588.0,7.908338175479372,0.089,0.2026,3.98,913.13,329.46058091286307,1.640734061302774,4.82,0.14,0.34,3.98,1.9414835306710216,0.2504382101047163,73.3,43717.2909103953,2.133822472423064,34.05945495650095,63.80672257107598,57754.0,39953.37,32733.15,7.989646389078048,3.576066916726457,3.576066916726457,2.2858259152713347,56.1,1.7899999999999998,0.0044761143672803864,-0.04095529869463644,0.0054969571766705465,-0.03131346725065669,-0.05772720147375365,0.004625435368288892,0.006639175683696522,-0.016136535593890583,-0.020965551360044625,1.908769791771586e-05,-0.017226723082421812,-0.014967037720678486,-0.0020168368100275994,-0.002432177671696991,-0.0172927510952577,0.003582769935150279,-0.007137337162334005,-0.008391033474967117,0.001132442886635543,0.002158010879473296,-0.001698812566377455,0.012727036600772412,-0.006573913165833797,-0.002907481517744597,-0.005186904872665762,0.003157388034189352,0.001112551942322169,0.010396272219048113,-0.002826882269131604,-0.002515786202391611,0.002978496612544404,-0.0020425734593300148,-0.003754430182802028,0.00018506063088716436,-0.002453961994629935,-0.00029262523690704197,-0.00390653597493656,-0.0069407259456493176,-0.007937592137081086,-0.0017402325263246893,0.00048084526357706597,-0.05311022810342546,0.2822287808806868
6.4,0.1632344812459,1.467862611626,2.7,28.0,0.2166171818971634,0.1004345864057541,0.4000000059604645,9.220000267028809,0.1303476691246033,260.6069030761719,129.9587097167969,146.82,2.55,54240.0,1270.57,40.6824,30.2805,30.43,8784.0,217.9459876481201,5.105376724300736,248.869,82.267,71.105,30.43,21.438604752014506,1.7255172022880916,45.35,732077.0,19.4,31.7,48.9,35573.0,35134.0,17406.0,18.86276651066043,10.95257410296412,10.95257410296412,1.971747299884448,117.01,6.6,-0.049427101624431084,0.0004967968281707714,0.002854200887188193,-0.016596784645589644,0.000710127655547695,-0.0073304797096643585,0.03790083755516389,0.0015310277460230273,0.01759659068849579,-0.004147894479363455,0.001856544343521819,-0.012595926943438817,-0.011959508277126584,-0.003891892603816815,-0.00019044929287338074,-0.001495202714839248,0.0005047915121249469,-8.093351314892201e-05,0.004819282215685239,-0.060996129491773896,-0.010393137134815333,0.0026019859726075043,-0.0014444009253347747,0.001812892373316569,0.0038591526028176324,0.0004324450407293619,-0.0010074864468770158,-0.012203039045198242,0.0027106421916832874,0.0027794255053595397,-0.008616668800939807,-0.017913151009270222,-0.0029834766552376104,-0.00569841072912095,0.002867927566068837,-0.0010382657889276754,0.0010860156230628518,-0.006392721680109391,-0.004232667564821895,-0.0042244097227667286,-0.01057133219415846,-0.11150141176173929,0.2822287808806868
6.1,0.2302912650946,2.440129807002,3.3,21.0,0.3015008866786957,0.4831761121749878,0.699999988079071,8.09000015258789,0.4365409016609192,370.5200500488281,132.7790679931641,78.86,1.51,42101.0,1310.02,57.39,30.39,23.13,2283.8,239.6050310170167,7.455580217403678,175.70999999999998,75.89,47.08,23.13,11.640145980325425,1.1288686636714582,52.2,686334.0,16.06716086336319,29.95130135865117,53.98150854710848,36106.0,32559.0,16815.0,12.881572327495135,5.887189901806822,5.887189901806822,0.6001059414337037,94.45,22.12,0.010736331543099378,0.08552893678614053,-0.19231362942716804,0.06289262160327053,0.02860013114435423,-0.02624420882400592,0.050914467096561576,0.03675758683091407,0.1785653753527004,0.0015056491653667654,-0.029652994799573208,0.12061891499326158,-0.004446083916773205,0.0020560300694341975,-0.041576798455964306,-0.006197347343346338,-0.012694707144546563,0.006910793083079627,0.0014801057117583727,-0.005259662662749171,-0.13628122282966798,-0.0057624484658881535,-0.008673380696112884,-0.018386207774005,0.01654502299317393,-0.006681880152027593,-0.04399525814333175,-0.010161651377158704,-0.004151776382132069,0.02684481819366919,0.01317059536912713,-0.009854366889165259,-0.005380354873923354,-0.001338887412217446,0.01999046524276492,-0.001923047110933107,-0.008850451939055348,-0.024266644267830994,-0.02532740682910662,0.005160912006438595,0.005332622538269781,0.1076185087510239,0.2822287808806868
6.99,0.1059911845053,1.263483969206,2.7,19.0,0.1251616626977921,0.1729066520929337,0.300000011920929,4.829999923706055,0.1883253157138824,142.1536865234375,121.3395462036133,41.8,0.9984,37631.0,382.0,12.2266,9.8512,4.991,6472.866666666667,481.9852705731668,4.89273134806276,78.075,30.563,28.728,4.991,21.398798506227283,0.8755846807233554,35.03,369846.0,16.504901960784316,31.65686274509804,51.83823529411765,26213.0,35691.1,13158.53,16.539135979595088,17.556710821702243,17.556710821702243,1.1884593356762363,77.55,0.22,-0.03140864373155637,-0.047130424606715675,0.0036676039808371578,-0.007231407042534556,0.00018466611833718982,0.006085992431369965,0.009344811156450302,0.008987801675451922,-0.009156418180733452,-0.005715944300449335,-0.02403813639195869,-0.03209904334775637,5.0809610998839774e-05,0.002832560294147701,-0.00024092999089043494,0.007032842835600603,-0.008419227560836587,-0.008080971166229571,-0.005295040001612507,-0.02809814958271454,-0.003559301651359422,0.0038228714604774715,-0.002090448117902265,0.001034991850552614,-0.0057269399974466065,-0.010839876991973139,-0.007136558242724272,0.0008058938612375636,0.001754455193731701,-0.0025582530393585346,-0.004786992459499746,-0.009241601377550979,-0.0026152158730401477,-0.0031690768613771105,-0.0003029972065560294,0.00010763658453652216,-0.0005568995820940439,0.003469052527128951,0.0005861076029250373,-0.002349253855238203,-0.000249204795996773,-0.06894037853888586,0.2822287808806868
6.89,0.17364974024,2.296341613553,2.7,19.0,0.1220132410526276,0.2162890136241913,0.2000000029802322,8.630000114440918,0.2230312079191208,227.2692108154297,129.4583129882813,41.8,0.9984,37631.0,382.0,12.2266,9.8512,4.991,6472.866666666667,481.9852705731668,4.89273134806276,78.075,30.563,28.728,4.991,21.398798506227283,0.8755846807233554,35.03,369846.0,16.504901960784316,31.65686274509804,51.83823529411765,26213.0,35691.1,13158.53,16.539135979595088,17.556710821702243,17.556710821702243,1.1884593356762363,77.55,0.001414214,0.049458085695005136,0.000359801495680576,0.026973517019810978,0.00891822516411776,0.007219922411997683,0.03925824165952508,-0.044867607138730815,0.015752398920943957,0.0578330417887337,0.0009143514279276122,0.005646210308492302,0.0023327602703357084,0.0036563532477448487,-0.0008308090097780239,-0.0017916655903100001,0.010108640404774638,-0.016792690822039734,-0.02173518184553541,-0.0010543608649168103,-0.014012500812270437,1.2922401991090349e-05,0.007392918045632543,-0.0032049763415852835,-0.0014714507689932415,-0.004990547011781022,0.0048708697814145155,-0.009201006755989508,0.006787277051771523,0.013969608278712265,-0.0005099634992075129,0.006234043522912539,-0.032435001940408256,-0.004059092407362186,-0.00465150423068553,0.0032231126072001627,-0.00890580604042043,-0.00021231480495770977,0.010740124193835068,0.008716883094079092,-0.0021845306455361402,0.007436216363130374,-0.20969560679764254,0.2822287808806868
7.15,0.2125038355892,2.335936137249,2.7,19.0,0.1458965837955475,0.2414888739585876,0.25,8.65999984741211,0.2431910932064056,232.277587890625,129.3061218261719,41.8,0.9984,37631.0,382.0,12.2266,9.8512,4.991,6472.866666666667,481.9852705731668,4.89273134806276,78.075,30.563,28.728,4.991,21.398798506227283,0.8755846807233554,35.03,369846.0,16.504901960784316,31.65686274509804,51.83823529411765,26213.0,35691.1,13158.53,16.539135979595088,17.556710821702243,17.556710821702243,1.1884593356762363,77.55,1.5,-0.10155745522957296,0.05042047785851174,0.028363300042750776,0.030869512196310088,0.004232151419899311,0.025049876895805935,-0.02643725639600598,0.022417221093739496,0.025146220136710327,0.0006694330789032282,0.0036787168816081266,-0.004796600921094065,0.004029600765439682,-0.004273889250747746,-0.005568761130081837,0.008738694011270127,-0.009476977968399298,-0.015294073758923329,0.005675988315939323,-0.026587760185808294,0.003583644197758984,0.009032720704766692,0.0031541714905179144,-0.005181589211555543,-0.006535800861747698,-0.0013073471502138994,-0.009346608349165763,0.007364234376960666,0.005549683074001227,-0.00513405210140627,-0.005847695500953702,-0.019371256063837793,0.007166831513968644,-0.01086749926874472,0.011306768922229824,-0.001436641344800585,0.0016560231909097639,0.011807365248532728,0.014896775472647278,0.00025261540501378237,-0.0005718492658197665,-0.1322437174193037,0.2822287808806868
6.59,0.1651267123139,1.836242436349,3.9,31.0,0.2748605906963348,0.3992600440979004,0.6000000238418579,9.289999961853027,0.3694080412387848,79.36817169189453,41.61711502075195,47.0,1.3107136824324324,36372.0,288.0,18.2749,8.0877,7.75,507.0,653.2327586206897,5.172413793103448,55.68,23.55,11.03,7.75,12.063693803924313,0.472838893581081,63.26,168105.0,10.1,30.6,59.3,59606.0,41956.5,25127.5,34.79581925675675,15.15646114864865,15.15646114864865,0.5191153820594531,50.55,9.4,0.05406357382783609,-0.005745806463237394,0.013615884711063697,0.04200473165807489,0.0023627784056006974,-0.034963488676061395,0.026453185584046884,0.0408859574454109,0.07867029724603344,0.0006906305101292712,-0.06444918141278322,-0.06342506244617108,0.011100697836343893,0.0011329398118978067,0.0032691844452638176,0.005572728087834547,-0.022152585275296583,-0.02492407393039321,-0.01037922194192652,0.008277782584773376,-0.00275924714563007,0.010225753135484418,-0.004017849409952758,0.001343523526826175,-0.015657121070078585,-0.0033922661595570448,0.005555164843768581,0.006587902061728529,-0.00440310460180626,-0.00849771492747822,0.015119975822162813,-0.013418398463138154,-0.008881061396939914,0.001983449214414576,-0.008880541756050648,0.00035224775498500087,0.03180876767329756,0.006450184593850286,0.008427430503055802,0.0020119943080062486,-0.009245028214645571,-0.06145109647656501,0.2822287808806868
6.77,0.05802006594736,0.5796685970171,2.9,21.0,0.3063189685344696,0.4518246054649353,0.4000000059604645,6.610000133514404,0.4114596843719482,222.1938934326172,129.6773071289063,107.39,3.73,96920.32,2066.12,58.97,40.44,27.91,610.38,465.7391638635272,9.928495915425277,208.1,77.67,61.57,27.91,13.785865223981112,1.7056792964710272,34.96,786132.0,20.47490893033877,43.41481379464505,36.11027727501618,31295.0,29723.0,15547.0,9.581485948260582,8.895328795155292,8.895328795155292,0.8326497317534427,104.89,1.15,0.020763154354513973,-0.11500995699182384,0.0022999452904623454,0.04956535693974002,0.00534251331849373,-0.010480565525242123,0.028356259978172604,0.02285302946795127,0.06885859083477408,0.00036551301248254964,-0.029285957348489315,-0.005574243426599424,-0.0027613431592471843,-0.00046868623589398084,0.0024707425607921308,-0.014652840355905939,0.0020749506596475778,0.016485285029979417,0.017972552048478967,0.013735330725408853,0.00127504826174118,-0.007767331144219497,0.0028137392100616087,-0.00012438697600737278,0.005693082394369413,0.011694203404113068,0.009642601402010769,-0.009974242446434804,0.006407167129626037,0.004018894101609475,-0.008414277642732487,0.01570378638792317,0.01437335005801287,0.0024796749091183347,0.025514450716334975,-0.0017761217286169982,-0.007065088973482482,-0.007041253379167759,-0.00965009788708994,0.0015375134834321202,-0.010513119734707279,-0.24956068331752618,0.2822287808806868
6.915,0.1489192472501,1.309372686006,2.6,25.0,0.2328783720731735,0.3379221558570862,0.449999988079071,9.550000190734863,0.32033771276474,288.1651306152344,129.0,92.75,1.5386300675675677,45158.0,696.0,33.0483,14.6795,31.74,196.0,387.35632183908046,5.970149253731344,116.58,42.49,20.02,31.74,25.258358901966528,0.555059543918919,52.85,465622.0,12.3,44.1,43.6,67794.0,41956.5,22104.5,40.84636824324324,17.791976351351355,17.791976351351355,0.9989242570341496,59.34,2.44,0.007262682289772784,0.016512380138708975,0.004740209897834572,0.037751761094710685,-0.0013072764981771046,-0.013853502017096625,0.01886171555885812,0.030679083738679773,0.07776987911303877,0.0011785638792789627,0.02653289007467537,-0.03454047732448089,0.00432106790893885,0.005429856170194402,0.00352188026322984,0.012372565759629642,-0.003591732122913533,-0.024327370896862703,0.01541422396338021,0.047061897936946484,-0.012515170827828109,0.00676999806129606,-0.00029909445940574095,0.0005162064556061531,-0.015413613979006197,0.005307398977820417,0.006341558478903611,0.023428469512844458,0.005310317827592376,0.0011971106890705484,0.003739610812743198,0.023598831728595542,0.0039259771422657614,0.0026187251151423008,-0.014198047556652455,0.0025651555145595876,0.06915398422161526,0.012875455059373065,0.01701244883632171,0.004027724848259823,-0.00047358401028033543,-0.3243117491784942,0.2822287808806868
7.07,0.1704014639463,1.572112131902,2.9,21.0,0.3485862910747528,0.4600082337856293,0.6499999761581421,7.610000133514404,0.41800656914711,294.9383544921875,129.0,107.39,3.73,96920.32,2066.12,58.97,40.44,27.91,610.38,465.7391638635272,9.928495915425277,208.1,77.67,61.57,27.91,13.785865223981112,1.7056792964710272,34.96,786132.0,20.47490893033877,43.41481379464505,36.11027727501618,31295.0,29723.0,15547.0,9.581485948260582,8.895328795155292,8.895328795155292,0.8326497317534427,104.89,1.61,-0.12441298907011515,0.005905672983804841,0.00282649648602819,0.041731230228790085,0.00472209680981177,-0.006356237590560346,0.038653651842498214,0.023088123787252703,0.06365146766896942,0.00043986724704154627,0.0053851833412918515,-0.030855640775887882,-0.0026808804007014283,-0.00898422787967138,0.0042161230075144105,-0.01800555195860215,0.0022348666164762098,0.020626535847739436,0.007520962082053301,0.014941582207786273,-0.004909579724509968,-0.027906253485329224,0.0038678359478362873,0.0037962424896250033,0.007580878251377723,0.018355333079467528,0.017936657428319455,-0.00902644117191085,0.010997588292753786,0.0059359720022330335,-0.008818891270959292,0.028077097440138456,0.017345370298833592,-0.0005838612678635474,0.010357086034782702,-0.0014666064480261362,-0.010336909430450769,-0.014795300959085583,-0.013282917494594587,0.0005180127879721178,-0.004563077476253964,-0.19811222083984464,0.2822287808806868
7.24,0.2144586218815,2.681093961189,3.8,6.0,0.1706766188144684,0.2570461630821228,0.300000011920929,8.760000228881836,0.2556369304656982,260.8031616210938,134.8762664794922,156.26,3.7,71109.0,604.0,25.5392,19.687,6.87,4046.0666666666666,639.9701205079514,5.435907589570977,111.113,48.363,43.95,6.87,30.453854606755456,0.8473062281162614,50.12,299186.0,8.188156481532047,41.53969380882165,50.2721497096463,56528.0,34807.04,22100.67,29.449202691670408,16.989687864542002,16.989687864542002,4.19935794066213,97.31,62.8,-0.2997967182213615,0.1649706908667577,-0.11553892271663062,0.13675866446166765,0.021996299339516554,0.01938596160252927,-0.16811212140119458,0.02396852517683873,0.10580702652578475,0.001772343133110535,0.03527306334575406,0.13447632209362928,-0.03910949389851885,0.007832467635336796,-0.008629211633349756,0.023612466883161688,-0.006806796829478087,-0.004402130876551386,-0.0677079357118928,-0.04515168191930571,0.00018904803457553686,0.0004112585054826867,0.003418408926110708,-0.008010729607514772,-0.0003548958140454445,-0.048074900930572775,-0.03724160991341341,-0.001809576536295962,-0.01394741538420204,0.01435664045509476,0.012487169249812727,0.027150921872933394,-0.0016153203195717724,0.005096568142762404,-0.011517168860911623,-0.015230004087643467,0.08556006669867201,0.06152814348868563,0.06297076989628839,-0.024021770768682477,0.03523463788730441,0.693902087315335,0.2822287808806868
7.215,0.102587099731,1.127128519816,3.3,7.0,0.1354595273733139,0.2337662279605865,0.2000000029802322,7.46999979019165,0.2370129823684692,275.0,128.1002197265625,69.4828,1.3569,21994.0,591.6353864032538,9.1363,9.5518,2.36,1603.85,381.11245884595394,10.251869457689375,57.71,25.24,23.82,2.36,23.245438704361963,0.4724934230642314,61.4,189959.29356481816,5.960707881876988,46.25281304491967,47.78647907320334,66835.0,38481.79,24326.61,8.747788017238738,6.746846249557248,6.746846249557248,4.849428335338578,73.3,0.49,-0.0336186951831769,-0.039574720493488716,0.001877501568334992,0.005324966148531529,-0.003977704592543886,0.000529332955309655,-0.03101907644038146,0.006678392372021336,-0.005646897297134272,0.00014488720092049472,0.002909066484091455,-0.018414773355063516,0.0030906755737960365,0.0004681721446249868,0.005377368590299737,0.0036403893886745213,-0.015911057861012524,-0.0146308917800634,-0.007364924069814154,-0.0032592756253143327,-0.0008574280525936055,-0.009244352709443772,-0.004568737640467588,-0.005667675252043409,0.0005640547319053426,-0.008281375986727646,-0.007824928139467368,0.0020020145015005254,-0.0012189031133602846,-0.0030629379976890077,0.003570352131398976,0.004352259158185914,-0.00040914595119829626,-0.00045905092828615976,-0.004373536390732622,0.0018958440654387235,-0.007708838109203499,-0.006653329340668276,-0.004835477528060438,-0.011144938840094255,0.004247176030214176,-0.07785383339512918,0.2822287808806868
6.91,0.1548696238513,1.709914543751,3.3,7.0,0.2677996456623077,0.4793040454387665,0.3499999940395355,5.909999847412109,0.4334432482719421,241.7138519287109,128.9469604492188,69.4828,1.3569,21994.0,591.6353864032538,9.1363,9.5518,2.36,1603.85,381.11245884595394,10.251869457689375,57.71,25.24,23.82,2.36,23.245438704361963,0.4724934230642314,61.4,189959.29356481816,5.960707881876988,46.25281304491967,47.78647907320334,66835.0,38481.79,24326.61,8.747788017238738,6.746846249557248,6.746846249557248,4.849428335338578,73.3,0.32,0.03247677966309129,-0.0017069556075002697,0.0076709875637316115,0.02590595918879262,-0.0031683025277307,-0.01091662448110583,0.0352131955147197,0.02044699052014039,0.0135377411351219,0.0002140856690675815,0.005798386332215159,-0.027135667332899172,0.0018906385301233938,0.0004938016850792274,0.00010561889393283924,0.004722753584035671,-0.014115479722444434,-0.007782376918301448,-0.009829052554399828,-0.009928651571826775,0.001134701615636001,-0.013812568889290559,-0.004147511312068672,-0.005356865769426805,-0.006718333548575173,-0.015498773256316784,-0.017005666688768545,0.010509025071427463,0.012788972873917373,-0.007187023580976529,0.006322071847949704,0.013092820776801095,0.004864763507182944,-0.0007662371052865685,-0.009637921417655885,0.008747808289845126,-0.01257487340734224,-0.006555272327968853,-0.00829146245319862,-0.023301624511834228,0.004753238388831965,-0.18124905997045423,0.2822287808806868
7.095,0.1885120006796,1.781521666372,3.8,3.0,0.1531119793653488,0.2633763253688812,0.2000000029802322,6.300000190734863,0.260701060295105,126.0672454833984,85.59015655517578,2.90776,0.115,1588.0,7.908338175479372,0.089,0.2026,3.98,913.13,329.46058091286307,1.640734061302774,4.82,0.14,0.34,3.98,1.9414835306710216,0.2504382101047163,73.3,43717.2909103953,2.133822472423064,34.05945495650095,63.80672257107598,57754.0,39953.37,32733.15,7.989646389078048,3.576066916726457,3.576066916726457,2.2858259152713347,56.1,3.14,-0.03870325422532915,-0.005443402475459153,0.007942737090459558,0.009123022860745551,0.0011661514031729864,-0.004944687125127528,-0.03171048447178327,0.010948647398909087,-0.017308344569377368,7.1517134099847e-05,-0.014317294082313308,-0.023791063208453124,-0.003571649349702055,-0.004146127727144629,-0.01803744438450667,0.007400924667774235,-0.0009776409116893816,-0.011833020872829362,0.0012828524329379452,0.0037102766708267147,-0.009094521930310292,0.014304243914550166,-0.002007439489854735,-0.0009627032282878608,-0.016139294206528584,0.00044155262273852584,-0.0016332353243778957,0.00590514491328213,-0.0017103039011417444,-0.007297081027936654,-0.0025846048911480476,-0.007058517847020993,-0.015208731551567326,0.0012691489691860677,-0.007095665563640066,0.003512087509108824,-0.006083510181124438,-0.006956631271837975,-0.006485426301427654,-0.005928650748712236,0.0006607477931684102,-0.07795172606220149,0.2822287808806868
6.455,0.1959040303814,1.827906441274,18.2,0.0,0.4926227033138275,0.7589735388755798,1.799999952316284,25.32999992370605,0.6571788191795349,260.6069030761719,129.9587097167969,146.82,2.55,54240.0,1270.57,40.6824,30.2805,30.43,8784.0,217.9459876481201,5.105376724300736,248.869,82.267,71.105,30.43,21.438604752014506,1.7255172022880916,45.35,732077.0,19.4,31.7,48.9,35573.0,35134.0,17406.0,18.86276651066043,10.95257410296412,10.95257410296412,1.971747299884448,117.01,34.13,0.04024123250358389,0.019833559842663807,0.02373326872952748,0.04262870316109911,0.12558969038084616,0.04345392180411728,-0.001690089422671011,-0.04780069905717392,-0.03548300287729943,0.0021912548389518755,0.03277083293053146,-0.01209351707327005,-0.03358832385842106,-0.002837054927600541,-0.003481934531708253,-0.016848690411221456,-0.000498030982416825,0.016221627781807902,0.03015890276111895,-0.22410566224606013,-0.06865829272434351,0.018756627792696233,-0.018401693167834306,-0.003089111240042258,0.00932989729454857,0.01694380845836712,-0.007692383448331392,-0.06364908672822639,-0.011299256240818062,0.005638285919616468,-0.0010268438889470405,-0.012363192724587866,-0.005753430574928628,-0.012596191544376781,-0.008219432130485071,-0.0040195088222390015,0.01550554651224229,-0.014947308077811597,-0.009744032352027714,-0.016858800169371534,-0.022746576333593106,0.3892975095149304,0.2822287808806868
6.46,0.4073399839378,4.242409041675,18.3,32.0,0.6186338663101196,0.8797546029090881,3.0,23.60000038146973,0.7538036704063416,370.5200500488281,132.7790679931641,78.86,1.51,42101.0,1310.02,57.39,30.39,23.13,2283.8,239.6050310170167,7.455580217403678,175.70999999999998,75.89,47.08,23.13,11.640145980325425,1.1288686636714582,52.2,686334.0,16.06716086336319,29.95130135865117,53.98150854710848,36106.0,32559.0,16815.0,12.881572327495135,5.887189901806822,5.887189901806822,0.6001059414337037,94.45,9.44,0.04843271808359713,0.049975156540749605,-0.07215812127370737,0.007217718613363104,0.004235516735905551,-0.007338422572880515,0.006910196391792854,-0.023335199834749798,0.042692401541498844,0.000846225468922053,-0.026501494541385912,0.07650581610912924,-0.004280542410328042,-0.002772028411680366,-0.012583429460821204,-0.008948395218874784,-0.005792228889971744,0.007510295183368733,-0.0029219151150609857,0.004490436203413993,-0.029186701055499725,-0.011064140271773796,0.001311373965698292,0.00013884413559572053,-0.0019059048386407026,-0.007199218388574081,-0.02033784571607248,-0.003787346611032261,0.0023865283722116068,0.007689434316285763,-0.0018900577969907261,-0.019461527664723692,-0.005918245192966425,-0.0026001624448399553,0.005674392794913724,-0.0002951571864105107,-0.011224945079651657,-0.014146814500127215,-0.01863831794021826,0.004498156683228442,0.0010492776886094277,-0.08663773048763687,0.2822287808806868
6.975,0.3333314348394,4.644973571393,19.3,7.0,0.3762629628181458,0.6235977411270142,1.299999952316284,21.02000045776367,0.5488781929016113,142.1536865234375,121.3395462036133,41.8,0.9984,37631.0,382.0,12.2266,9.8512,4.991,6472.866666666667,481.9852705731668,4.89273134806276,78.075,30.563,28.728,4.991,21.398798506227283,0.8755846807233554,35.03,369846.0,16.504901960784316,31.65686274509804,51.83823529411765,26213.0,35691.1,13158.53,16.539135979595088,17.556710821702243,17.556710821702243,1.1884593356762363,77.55,0.54,-0.03230273375649995,0.01279127020807937,-0.03182074849122728,-0.03472879416095385,-0.002551472266102789,-0.002163482190269861,0.012428558802173941,-0.01726164239851641,0.012212439377617564,3.730575036024599e-05,-0.01802587671088258,-0.018686867704876934,0.001468953985284312,-0.0013222901710541908,-0.0058172336810093815,0.005125113548143417,-0.008204432757993348,-0.003579755566097443,-0.01079164373590902,-0.018048832719330676,-0.006893755144141321,0.002862951019495088,-0.0006238432434765822,0.00024517979810479844,-0.002928806710915526,-0.009268783300562062,-0.0014148959403973982,-0.0002874347481847543,0.0004407196744796218,-0.001989423917941167,-0.003636875664364196,-0.005687416199551081,-0.0001322749683604362,-0.004997904827003368,-0.001003729191113962,-0.0024316163132025435,-0.0009314565271633914,0.002797346391671457,0.004339585155525131,0.0002534289117902508,0.0005075269194057948,-0.089179269185217,0.2822287808806868
7.3,0.08830742099776,0.9563473484437,19.3,7.0,0.4589750170707703,0.6835933923721313,1.100000023841858,26.98999977111816,0.5968747138977051,227.2692108154297,129.4583129882813,41.8,0.9984,37631.0,382.0,12.2266,9.8512,4.991,6472.866666666667,481.9852705731668,4.89273134806276,78.075,30.563,28.728,4.991,21.398798506227283,0.8755846807233554,35.03,369846.0,16.504901960784316,31.65686274509804,51.83823529411765,26213.0,35691.1,13158.53,16.539135979595088,17.556710821702243,17.556710821702243,1.1884593356762363,77.55,0.05,-0.02085181625201949,-0.03592653987527593,0.004351088132068986,-0.04535464374651201,-0.005818344078405062,0.010821790889021942,0.020680800485424696,0.003827170047967232,-0.07131076206993021,5.685976846144017e-05,0.0019645861716853655,-0.008208056839124764,0.005619716570639871,-0.0011215342629002408,-0.0016055382979538936,0.007049492184873085,-0.00341141054776381,-0.016746782068439645,-0.0031234450020565375,-0.029120365597191267,-0.0009522041043237541,0.005939304311701557,-0.004654054796774292,0.0005476848504622444,-0.004407666562627133,-0.006986478475613692,-0.005295370651350821,0.0005762138181962702,-0.0011336980802589126,-0.0003098433768463987,0.00032828108749526725,-0.0053103051057187215,-0.003936757489427688,-0.00835802604693163,0.0030155933050409678,-0.002218832569415098,-0.0007934518444817509,0.0022104248681862363,0.000713102295645515,-0.003392748199898048,0.0017670529198221569,-0.0605998204855132,0.2822287808806868
6.805,0.1534663517208,1.867697387561,19.3,7.0,0.4930704534053802,0.8993932604789734,1.100000023841858,24.70999908447266,0.7695146203041077,232.277587890625,129.3061218261719,41.8,0.9984,37631.0,382.0,12.2266,9.8512,4.991,6472.866666666667,481.9852705731668,4.89273134806276,78.075,30.563,28.728,4.991,21.398798506227283,0.8755846807233554,35.03,369846.0,16.504901960784316,31.65686274509804,51.83823529411765,26213.0,35691.1,13158.53,16.539135979595088,17.556710821702243,17.556710821702243,1.1884593356762363,77.55,0.001414214,0.0017549639050266686,-0.0006914606655627674,0.009327571901696505,-0.07124757220486935,-0.0043333477252308515,0.0028700218206213343,-0.023716101408601385,0.0036171307915792545,-0.022936031463221297,3.604149392048817e-05,0.0018984376193111549,-0.009666517110672429,0.002783862515920189,0.00027198482491075967,-0.00391610829201818,0.00110871152371692,-0.0033701054483681213,-0.007551895868375141,-0.00035602003344683793,-0.029681765672939946,-0.013445702228331358,0.0022341640592349003,-0.0012624555127840724,-0.00560930806957185,-0.0029894442707736743,-0.0027395798878569588,-0.006882525601948143,0.002025200648888128,0.0012969188066344942,0.000581003802901252,-0.0028238809046451916,-0.004214347444474697,-0.0003222307848191105,-0.0015132060505275136,-0.00042918306851060667,-0.00287104045695742,-0.002052379083528651,0.0033936896902960105,0.001632403191717455,-0.0017588076671963802,-0.0013429359468282165,-0.0882674327477289,0.2822287808806868
6.66,0.1099732820411,1.044781490968,19.9,15.0,0.5384698510169983,0.7504218220710754,4.099999904632568,22.26000022888184,0.6503374576568604,79.36817169189453,41.61711502075195,47.0,1.3107136824324324,36372.0,288.0,18.2749,8.0877,7.75,507.0,653.2327586206897,5.172413793103448,55.68,23.55,11.03,7.75,12.063693803924313,0.472838893581081,63.26,168105.0,10.1,30.6,59.3,59606.0,41956.5,25127.5,34.79581925675675,15.15646114864865,15.15646114864865,0.5191153820594531,50.55,10.38,0.010866205654310764,-0.048242262927407874,0.004561181382567151,-0.06134045924727979,0.0005769046664208891,0.004450876175178565,-0.0009291681482427527,-0.02946695302745502,0.0024392648960347317,0.00019052664948685476,-0.029626393285303487,-0.035035729608425756,0.0020414279165415815,0.004444332750921602,0.0026172217645362246,0.0007488663009135074,-0.01655521540576592,-0.0091799774136889,-0.004613787390524518,0.004107971492107024,-0.018612446031489517,0.0030678550927113963,-0.005854645347077169,-0.009487926538786268,0.0023352688742452293,-0.009017418640956747,-0.0028192860674898816,0.006261985888369953,-0.00021772734282422417,-0.0026698053520522063,0.004778340450822728,-0.014103791357352752,-0.0029683630153740518,0.000222893239406405,-0.0052832517179194835,0.0004412797418335716,0.01060693928074034,0.0019737469960091447,0.002620178357014086,0.0015160834006528634,-0.0026296839500719238,-0.04210593888149015,0.2822287808806868
6.45,0.0752823382127,0.720559062291,18.0,8.0,0.4623614847660065,0.6657237410545349,1.399999976158142,25.68000030517578,0.5825790166854858,222.1938934326172,129.6773071289063,107.39,3.73,96920.32,2066.12,58.97,40.44,27.91,610.38,465.7391638635272,9.928495915425277,208.1,77.67,61.57,27.91,13.785865223981112,1.7056792964710272,34.96,786132.0,20.47490893033877,43.41481379464505,36.11027727501618,31295.0,29723.0,15547.0,9.581485948260582,8.895328795155292,8.895328795155292,0.8326497317534427,104.89,2.33,0.007126833485919635,-0.040964455328328764,0.002174637875286865,-0.0020751823463651792,-0.0065896827822143665,0.00900807668520429,0.024253633996311696,-0.02621574340296502,-0.06589476324823045,5.474220373435659e-05,-0.028633691103605096,-0.011686097802594303,0.0010682395314070175,0.0011380765255889864,-0.0073065828277758555,-0.010477178016444664,0.006162918586196606,0.007892431518877852,0.004345492118503906,0.007036080117686643,-0.005807663658779352,-0.008712372956986656,-0.0006603197597287373,0.000254949332331313,-0.003919496967515446,0.01237612831535807,-0.0005187859376310329,-0.006147267562148042,0.0022689953845983846,0.007274546782398824,-0.0067626986248651485,0.003178103121317691,0.00011276869341964087,-0.002735918014252094,0.0043462846026959615,-0.0004642786393233093,-0.009380388354518801,-0.00839919782668585,-0.004254050643532538,-0.0022537754781078593,-0.0019531118525483164,-0.11929411741912191,0.2822287808806868
6.745,0.165993909789,1.364430915429,18.0,4.0,0.5297542214393616,0.7643019556999207,2.700000047683716,25.06999969482422,0.6614415645599365,288.1651306152344,129.0,92.75,1.5386300675675677,45158.0,696.0,33.0483,14.6795,31.74,196.0,387.35632183908046,5.970149253731344,116.58,42.49,20.02,31.74,25.258358901966528,0.555059543918919,52.85,465622.0,12.3,44.1,43.6,67794.0,41956.5,22104.5,40.84636824324324,17.791976351351355,17.791976351351355,0.9989242570341496,59.34,22.28,0.02134329102726768,0.014193805473143587,0.02809998655965319,0.023493496049050013,0.03828618200027268,0.005456311472429679,0.007764041123547938,-0.05199355102698611,-0.2060583002968924,0.002227315872631147,0.04193647627804603,-0.049612009693635634,-0.0006617172090045739,0.007855941219721005,-0.005103839287330633,0.008375810263969472,0.008013255983503775,-0.01489422759256559,0.03301216106233186,0.04907346298098856,0.01805793948168866,0.010542161340563313,-0.00011594414305000911,-0.00678178121053496,-0.002074173842716828,0.027296830063438395,0.006129879702173641,0.02590289979740918,0.0014948251570604059,0.00017325285720290186,0.009258489930361987,0.009266322090552424,0.00042417242081137506,0.0029264903270232153,-0.008651614403701383,0.00594320420904842,0.06853888788152834,0.019979456896573548,0.013646182508979102,0.002536901340776229,0.00976582773707923,0.0691677578111121,0.2822287808806868
6.99,0.1358321727385,1.052298407994,18.0,8.0,0.689206063747406,0.9442567825317384,3.700000047683716,23.38999938964844,0.8054053783416748,294.9383544921875,129.0,107.39,3.73,96920.32,2066.12,58.97,40.44,27.91,610.38,465.7391638635272,9.928495915425277,208.1,77.67,61.57,27.91,13.785865223981112,1.7056792964710272,34.96,786132.0,20.47490893033877,43.41481379464505,36.11027727501618,31295.0,29723.0,15547.0,9.581485948260582,8.895328795155292,8.895328795155292,0.8326497317534427,104.89,3.79,-0.038439544080203635,-0.006842733323952417,0.004475317152333449,-0.0018567122085951285,-0.0032285437699465526,-0.009058287079969885,-0.036092933483698283,-0.021221717212567447,0.0030311592435755307,4.800963701564122e-05,-0.005079918512070438,-0.02444305368023925,-0.0022269766658064316,-0.008761343661652063,-0.0062892280291416665,-0.005519836729392407,0.0027541100389935334,0.00884807357781392,0.006612265226096492,0.006627459739320331,-0.008551455740176607,-0.015060467628471085,0.0006109831774374467,0.0026313560952257787,-0.0016529193530586757,0.0017138088036444993,0.0033243101285916057,-0.00384981942235026,0.0011642177467583678,0.004043890223547351,-0.001864507266320294,0.003073042441683356,0.0015187471045719572,-0.003023942806874401,0.0006815622862050045,-0.0009550000478921012,-0.011415200286530307,-0.01088320610116352,-0.004660553331705161,0.00022554230692912571,-0.003056688767283048,-0.09791429099588277,0.2822287808806868
7.1,0.2206431797445,2.782678939426,19.5,15.0,0.5342583656311035,0.7287935614585876,2.599999904632568,24.42000007629395,0.633034884929657,260.8031616210938,134.8762664794922,156.26,3.7,71109.0,604.0,25.5392,19.687,6.87,4046.0666666666666,639.9701205079514,5.435907589570977,111.113,48.363,43.95,6.87,30.453854606755456,0.8473062281162614,50.12,299186.0,8.188156481532047,41.53969380882165,50.2721497096463,56528.0,34807.04,22100.67,29.449202691670408,16.989687864542002,16.989687864542002,4.19935794066213,97.31,12.78,-0.0741972793377936,0.08177425206601037,-0.09688296799585805,-0.07662949361477514,0.013795367724145765,0.008305903179920287,0.005970040697531655,-0.07924818399776996,0.02098611608627834,0.0008921863525756691,0.019650884708913508,0.07268060530207003,0.01111368778921314,0.007380279119912297,-0.02102040440181736,0.006676496723084703,-0.007437257509678605,-0.002607729941562863,-0.011159423793316817,-0.026115183225716453,5.476503365206484e-05,0.010317925791721798,-0.004806495745375288,-0.006324015553051144,-0.00409605707047739,-0.01888510558199777,-0.02652823665538744,0.0068643146493705,-0.0013658986965019728,0.0003507999909343251,0.007296893468243073,0.007203156560542989,0.0005690402869368116,0.0061549538733961535,4.659193719271232e-05,0.006040887046037826,0.029293585459046877,0.005536103879290745,0.01418249390504206,-0.00407406390781398,0.0077919028309988755,0.04634609358437593,0.2822287808806868
7.35,0.0943848871141,1.053129111878,19.1,15.0,0.3182654678821564,0.497094988822937,0.699999988079071,30.11000061035156,0.4476760029792786,275.0,128.1002197265625,69.4828,1.3569,21994.0,591.6353864032538,9.1363,9.5518,2.36,1603.85,381.11245884595394,10.251869457689375,57.71,25.24,23.82,2.36,23.245438704361963,0.4724934230642314,61.4,189959.29356481816,5.960707881876988,46.25281304491967,47.78647907320334,66835.0,38481.79,24326.61,8.747788017238738,6.746846249557248,6.746846249557248,4.849428335338578,73.3,1.49,-0.04129727299513615,-0.04075844756657898,0.004981818251675576,-0.00440665485917998,0.0005508158021693829,-0.007576566435527637,0.01888910933633451,0.007434076679302961,-0.04170785683568829,4.5466195821061746e-05,0.0031185924690580588,-0.019526808911570697,-0.0010638530131109303,0.005952455588834718,0.00882943055353826,-0.0006043294184783004,-0.005167477748895184,-0.007195455789638798,-0.008524384030897636,-0.0058215303175093115,0.0005187029762018953,-0.011158862657946887,-0.013930871703043518,-0.007832115931174489,-0.003019572812219848,-0.0008671706036839132,-0.010517784758849302,0.0018842381077702123,8.087522949790405e-05,-0.005092255201816444,0.002940187401167354,0.0030728931595222107,0.0005641613829793616,0.0007775268463446975,-0.002675075061444657,-0.00029052945322473393,-0.0060642273027915515,-0.00389656798414944,-0.0021876933308667477,-0.016098149201061458,0.0024621152253967013,-0.07640180266475363,0.2822287808806868
6.3,0.09579494426716,2.166593862461,19.1,15.0,0.4532485902309418,0.5795559883117676,1.0,27.6299991607666,0.513644814491272,241.7138519287109,128.9469604492188,69.4828,1.3569,21994.0,591.6353864032538,9.1363,9.5518,2.36,1603.85,381.11245884595394,10.251869457689375,57.71,25.24,23.82,2.36,23.245438704361963,0.4724934230642314,61.4,189959.29356481816,5.960707881876988,46.25281304491967,47.78647907320334,66835.0,38481.79,24326.61,8.747788017238738,6.746846249557248,6.746846249557248,4.849428335338578,73.3,1.4300000000000002,-0.020808212052063024,-0.04109910941979615,-0.0009720623565081007,-0.005558868117470408,8.389655404607802e-05,0.0022075342197786082,0.012609746727663153,-0.0020109720165201023,-0.037237782885895285,4.3564890613196003e-05,-0.0008284462482406534,-0.015169488662199002,-0.0015640186216915025,0.0017635624375107028,-0.006895428736374017,0.0025964710933913003,-0.019629114004666912,-0.009254232988198056,0.00019236441682733254,-0.003614534821535924,-0.0036862408601446113,-0.005488389503967485,-0.0010653944858640915,-0.0029276900186378063,-0.0020173672324162923,-0.006585364099926663,-0.005505034157453332,0.0011070783894610945,-0.00039306333490822043,-0.003148184388192023,0.0026133910159987866,0.002196815534538473,0.0005750583880435444,0.0025254503608739464,-0.0046122466580854945,0.00138734596283757,-0.009045231846903331,-0.007134379982788231,-0.0027979595476790528,-0.010447794027175408,0.0022775878374377517,-0.08420877151109744,0.2822287808806868
6.905,0.1119911176749,0.877792920801,20.3,0.0,0.5412545204162598,0.7060145735740662,0.800000011920929,29.6299991607666,0.6148116588592529,126.0672454833984,85.59015655517578,2.90776,0.115,1588.0,7.908338175479372,0.089,0.2026,3.98,913.13,329.46058091286307,1.640734061302774,4.82,0.14,0.34,3.98,1.9414835306710216,0.2504382101047163,73.3,43717.2909103953,2.133822472423064,34.05945495650095,63.80672257107598,57754.0,39953.37,32733.15,7.989646389078048,3.576066916726457,3.576066916726457,2.2858259152713347,56.1,6.19,0.024263941370329122,-0.03785904480275348,0.0046247622758965,-0.05773458744834352,0.03495022221757972,0.00810213595899404,0.015385988563502906,0.02621256986062508,-0.05771337947425491,0.00016644610975345003,-0.031174486004281788,-0.03045821340063412,-0.0013898847331001898,0.00137083715757763,-0.0060609380797541175,0.006522275148512566,0.0019405978218419498,-0.02045151645076112,-0.003142029563765392,0.002822069962581733,0.007062732650840185,0.01770566166103526,-0.0010450434635567944,0.0007289742383291018,-0.014126010898893579,0.003307093910814734,0.007424735851862353,0.01075018205233209,0.0022997840013267664,-0.005898801800038203,0.002955458635828109,-0.007040263578703162,-0.00437546799876145,0.0028595335754216652,-0.0025879857584805,0.01170895268867025,-0.004725780924403808,-0.0004379467453691166,-0.0032416824625252057,-0.0008456105242075866,-0.0014795861014863456,-0.14489654368249466,0.2822287808806868
6.13,0.1132376351737,1.085110961347,28.8,116.8,0.6129671335220337,0.1863466501235962,1.799999952316284,32.68000030517578,0.1990773230791092,329.3404541015625,131.0,49.512,0.336,36853.0,138.0,15.7684,11.0015,13.688,535.0,582.73904587214,2.1821286823421517,63.241,25.634,18.924,13.688,10.207596868462485,1.431208510245323,64.28,314899.0,7.9,22.3,69.8,42653.0,44208.0,19416.0,15.289797719630393,12.30765986180222,12.30765986180222,0.1473591078066914,99.5,11.26,-0.01689407078626391,-0.029000733413093255,0.004772023022262149,-0.0485679497980309,0.002497348206503375,0.001676548054078017,-0.02203816888480651,-0.011212550628515599,-0.05692904955726408,-0.003492898847121978,-0.020683858268836043,-0.0020102061921425064,-0.002888034565599809,0.00032955869792203807,-0.0009361080445814896,0.0013074529593941394,-0.001705589677309035,-0.00561828884125862,-0.0007665746417405899,0.003399652694024555,-0.013332850058439361,0.006261854895186844,-0.0028462466124983617,0.0005801097101939399,-0.0016750531239304108,6.89190879711519e-05,0.005072628701185749,-0.003452365886972985,0.0004008621825778392,-0.0016347154726827295,-0.0002377643603249418,-0.00650915773514862,-0.0018893431869073524,-0.001021205813754933,-0.016225425947908653,0.0012123738041846083,-0.0027314756518972043,-0.0008908909366728036,-0.001120540914991581,0.0011970926300273292,-0.0001749550799795537,-0.03334497499574354,0.2822287808806868
6.34,0.1317107729302,1.346018965951,27.6,218.7,0.5788008570671082,0.3789136111736298,2.200000047683716,32.13000106811523,0.3531308770179749,226.8743743896484,128.2054748535156,94.75,0.975,80886.0,573.0,36.035,30.6179,13.697,2339.8,503.33227546810537,3.5656280919222656,160.701,59.489,57.403,13.697,44.04493523854282,0.7705005543685988,37.51,683165.0,24.81513784080998,29.71825110917296,45.46661105001707,37563.0,37438.88,16936.21,15.717915646179634,15.449625511761106,15.449625511761106,1.4422353381379165,70.17,6.38,-0.02025720569090481,-0.00816536072177405,0.006670858188808787,-0.04778769690504851,-0.041511617082316654,0.0055895890079555085,0.008982695923223216,-0.003331482652385603,-0.038612553688304616,1.6023683827372e-05,-0.009979747582910928,-0.029933617338931073,-0.0022446517932185072,-0.0007681571717257616,-0.006814519000872679,0.0006901825340901266,-0.0008792393425392251,0.0010771389773872216,0.0011534923877625268,-0.009545051775698081,-0.004523031195538355,0.004975626379389723,0.00015887564229342355,-0.0011251942906237641,-0.004209057692336498,-0.0005037029971135794,-0.02831034819675552,-0.0003789995319675663,0.0006807814215862889,0.0020183480042906036,-0.0022072403914498873,-0.010954181609493387,-0.0010569748307025291,-0.004368152769020524,-0.003851808981293288,2.939974663604505e-05,-0.0018592319572053387,0.0009259373081149582,-0.00011074384084349812,-0.00042647440911969183,0.0014711195814161315,-0.0325942865300458,0.2822287808806868
5.76,0.2009681707521,2.305766517037,27.6,218.7,0.4322603642940521,0.3183337450027466,1.899999976158142,32.65000152587891,0.3046669960021973,264.5146484375,130.0,94.75,0.975,80886.0,573.0,36.035,30.6179,13.697,2339.8,503.33227546810537,3.5656280919222656,160.701,59.489,57.403,13.697,44.04493523854282,0.7705005543685988,37.51,683165.0,24.81513784080998,29.71825110917296,45.46661105001707,37563.0,37438.88,16936.21,15.717915646179634,15.449625511761106,15.449625511761106,1.4422353381379165,70.17,26.06,-0.019754353778567747,0.006578501392417821,-0.001545170793498979,-0.04621078047198534,-0.07362454737976076,-0.000291039692601765,-0.0006263635717914424,-0.019242794361271076,-0.057993124330329014,5.355159477039128e-05,0.005257141675712769,-0.0074880037720286095,0.0011867178037937283,-0.0016892045704880703,-0.0030575986476033,0.0018507493722863706,-0.0029682254443905566,0.0003416169622505588,0.0009534407090686702,-0.014285941201334935,0.0007951172426837723,0.00921380669674545,0.0013379340430983587,-0.0007186876651830993,-0.005761405169381756,4.594620001444057e-05,-0.0326179139175656,0.00011320715598413436,0.0010625738892995277,0.0011260867824894355,-0.007886096849731987,-0.007506938634935069,-0.0019707996459910676,-0.0033948177013662607,7.2186277015137e-05,-0.0005773541815287875,-0.002852229345648076,0.004055123263213318,0.0005980812034395006,-0.0009134948276041551,0.0008129021885688447,-0.0035884915871138233,0.2822287808806868
6.59,0.2220461019333,2.274343786502,27.9,436.4,0.4671959280967712,0.1034901142120361,1.700000047683716,32.81999969482422,0.1327920854091644,260.926025390625,103.5349197387695,102.75,4.78,82098.0,1049.0,61.06,47.59,26.67,1144.0,402.7768238237748,5.1464455673845855,203.83,80.46,75.07,26.67,13.502993313811004,1.3571426592267275,41.38,826658.0,19.61414974691788,40.554352669645,39.83149758343712,37647.0,31064.0,14954.0,10.01000072751194,7.077667062460118,7.077667062460118,0.8315029869915178,92.59,22.630000000000003,0.025889253144792755,0.0429210592903255,-0.018199737750925114,-0.08222737593857163,-0.16613786639276076,0.030707745325504215,0.20384775828057902,-0.03166227589882328,-0.09058154767614907,-0.0032127334531978718,0.01575163066417736,-0.013355145864479709,0.001988308116400729,0.054243052222242114,-0.005491473284142559,-0.013552190417598461,0.027846767622657344,0.048195045679865864,0.002427885897661333,0.01592530775586784,0.0007732232729904337,0.02711200530387578,0.0008977104355289964,0.004837117374263481,0.04243577345611994,0.00046483814054226746,0.034225735576023,-0.03473200168178301,0.0053601644735608665,0.008708131360734114,0.013960558410166416,0.007762960342603037,0.014694852777029149,0.0007465312328422492,0.005346743455826074,0.0005934690042340644,-2.2316453192612606e-05,-0.006456048758060208,-0.0032190508420026297,0.0005003610840794883,0.013662016872578545,-0.08499438499580719,0.2822287808806868
6.78,0.2519742817932,2.374731592573,28.6,210.4,0.351541668176651,0.1127407252788544,0.699999988079071,34.59999847412109,0.1397272646427155,366.6012268066406,129.0,142.4267,0.98,46210.0,1116.0,70.9324,18.6665,13.388,492.0,207.0155004031897,4.999552011468507,223.22,96.741,33.206,13.388,36.02947095994996,1.9691703020360272,44.56,503654.0,12.3,40.9,46.8,38937.0,39286.0,17168.0,21.03691766650654,16.933855628952,16.933855628952,0.4061223048327138,136.9,16.61,-0.0029156280428651337,0.023236805899519826,-0.02648673511702509,-0.04775914864151855,-0.05546776542752195,-0.006804686537740056,0.02891368591405626,0.006595332092096215,-0.0672516219431127,-0.0035533467650384434,-0.01319745670848351,-0.016780718697802517,-0.01774759496525803,-0.0025451626691647086,-0.0009630211227486116,-0.003341731470034571,-0.0005080216688511387,-0.005213361428512142,0.0008179742038482771,0.0031767359899240537,-0.0011491846354183485,0.003523323154513487,-0.00028102159409900144,-0.0032994283384614395,-0.0020933168257179246,0.00021066740879905553,-0.025814369861007443,-0.012847327463430697,-0.0014366259232338047,-0.0017031832046923278,0.0007558593698631777,0.0010959752085764197,-0.003529623182286732,0.0004848565588326855,-0.008530178030516254,0.0008023830721649598,0.0017802770304551844,0.0038670187855750562,0.0007566760867630352,-0.0015631199175259111,-0.010759557531098835,-0.013318092218280073,0.2822287808806868
6.404999999999999,0.1673749854038,1.586555336748,27.9,436.4,0.3305558562278748,0.1889648139476776,2.200000047683716,32.59000015258789,0.2011718451976776,190.2931976318359,129.0,102.75,4.78,82098.0,1049.0,61.06,47.59,26.67,1144.0,402.7768238237748,5.1464455673845855,203.83,80.46,75.07,26.67,13.502993313811004,1.3571426592267275,41.38,826658.0,19.61414974691788,40.554352669645,39.83149758343712,37647.0,31064.0,14954.0,10.01000072751194,7.077667062460118,7.077667062460118,0.8315029869915178,92.59,26.52,-0.03124041802384454,0.0015227126006211642,0.006538630050999926,-0.05341167156412119,-0.05631832535093417,-0.009195720005824113,-0.02594494723714888,-0.013863849124863919,-0.06367339935489871,-0.006425440294915459,-0.01729885174077935,-0.0224152225778671,-0.004964447763537463,0.0022973280359001357,-0.017161410470420378,0.0029057946525281285,0.005846717776807056,0.012410175894052375,0.005943896424374545,0.005963007765865764,-0.01109615824988577,0.003967663796429405,0.00016957514592650524,0.0015783344021983766,0.0011605096698112886,0.00609720326161914,0.005775117657169176,-0.0032013024074403823,0.0005013115314141039,0.002225086002872558,-0.0010974078425206243,-0.0004478182291932168,-0.0004132314926100603,-0.0027127906107743908,0.0005242971064653833,-0.0007803589561735863,-0.0034390684818063136,-0.004623946195017196,-0.0016330061640765048,0.000769607691574493,-0.0001375797908840467,0.004466817894492117,0.2822287808806868
6.619999999999999,0.2002033955486,2.107310365125,28.0,453.1,0.4859171807765961,0.4767714738845825,1.399999976158142,34.45000076293945,0.4314171671867371,294.759033203125,128.2308044433594,121.17,1.24,111887.0,1972.8,69.36,49.35,35.98,2447.2,484.1916219491085,8.537303098494027,231.08,91.11,77.42,35.98,15.308206323678789,1.4921568515595265,37.51,1010017.0,18.514367546917764,44.48838459533429,36.99724785774794,40876.0,30965.0,14316.0,9.36200276864403,7.781782798224389,7.781782798224389,1.0236131895309892,95.51,2.63,0.011486680268862978,0.021498302907799367,0.041471996771273556,-0.09726893941508022,-0.055856813554390095,0.019742214214653355,0.02482268210634356,-0.019876337805282678,-0.0801268981438916,0.0001049281078740051,0.007864043374225724,-0.013248326914326753,-0.0025067256718903103,-9.752092417327808e-06,0.0022600200124579775,-0.007327237129444261,0.014198796079421297,0.019255214212098505,0.016562745185306992,-0.010549433284089898,0.0006397111157421066,-0.0052872097230283535,0.006566664877551372,0.002258269087411468,0.004541833512659655,0.015889563285309126,0.013062814465709375,-0.0013522713690472293,6.190101199899986e-05,-0.001249605640972731,-0.0013450290765613323,0.010745622969858232,0.0014100562109670167,-0.001970824698160866,0.004446240497578404,-0.0031261949597828813,-0.008988455215570863,-0.007499951673555187,-0.008180435544956708,0.0006996634038368935,8.335502247791725e-05,-0.1511853559411684,0.2822287808806868
6.695,0.1274662076636,0.9835741501016,28.0,453.1,0.3051283657550812,0.2235206067562103,2.299999952316284,34.84999847412109,0.2128068059682846,332.4620361328125,129.8257904052734,121.17,1.24,111887.0,1972.8,69.36,49.35,35.98,2447.2,484.1916219491085,8.537303098494027,231.08,91.11,77.42,35.98,15.308206323678789,1.4921568515595265,37.51,1010017.0,18.514367546917764,44.48838459533429,36.99724785774794,40876.0,30965.0,14316.0,9.36200276864403,7.781782798224389,7.781782798224389,1.0236131895309892,95.51,3.85,0.004851294200285342,-0.005323337963971424,0.00032396298091043503,-0.04982450071489438,-0.04363126371898398,-0.00758083257985709,-0.021831652168861185,-0.015631427566433556,-0.0372955948155286,-0.0029030261500156483,-0.013272141930072395,-0.005103193472175918,0.002323591768537879,-0.001268414127553114,0.0014222152185175223,-0.0031151369504950704,0.0026902101419836984,0.009084014671214391,-0.0007698126021714381,-0.015017954723429285,-0.000491556431756179,-0.002595131394962666,0.002339174745473431,0.0014757842428225537,0.002473180438755663,0.00020752507835277372,5.222239618888312e-05,-0.0055726637141488,0.0011973615439637866,-0.001062020491008297,-0.0009412076874141395,0.00195926587060967,-0.00026474204064288467,-0.0031837580772844376,8.083239896223212e-05,-0.00021003825914521889,-0.005751462026353692,-0.005545799878236725,-0.001299181850175955,-0.0008261905035906247,-0.0007021596742342799,-0.060453943446977076,0.2822287808806868
6.7,0.0676377974555,0.9316349549353,27.5,221.9,0.6179741621017456,0.1523949801921844,2.799999952316284,29.75,0.1719159781932831,158.2906188964844,116.0,41.8,0.9984,37631.0,382.0,12.2266,9.8512,4.991,6472.866666666667,481.9852705731668,4.89273134806276,78.075,30.563,28.728,4.991,21.398798506227283,0.8755846807233554,35.03,369846.0,16.504901960784316,31.65686274509804,51.83823529411765,26213.0,35691.1,13158.53,16.539135979595088,17.556710821702243,17.556710821702243,1.1884593356762363,77.55,0.001414214,0.0031184546708755076,-0.024690782517005575,0.0015289083417010262,-0.0393759896770498,-0.023136335495699316,0.0008360414397538995,0.01798124069948972,-0.013733716912684029,-0.03254516069445526,-0.0009161705977894586,-0.015533516476411024,-0.025632172299097877,0.008853699202052668,-0.0015986037871771265,0.0032105296063382415,0.004939671443658881,-0.0045597066860937055,-0.015873157409667327,-0.005082843930955276,-0.028727108359526028,-0.012764708564209285,0.0030393852814595453,-0.0018757338692666897,-0.005537282326113202,-0.0018868326927986342,-0.004938026306786925,-0.006442837580369088,-0.0006312573292525485,0.001144861631706592,0.00016366286536504147,-0.0005814532204094569,-0.0017784467605233656,-0.003216218679124718,-0.003945165289565924,-0.0006032661855715547,-0.0013552653024380573,-0.0004716746204503587,0.0018867404617922173,0.0006252142889861736,-0.004163252488986476,0.00037640064461447696,-0.04775117521140783,0.2822287808806868
6.83,0.2154186366291,2.091032440366,27.8,233.8,0.2987442910671234,0.2722972631454468,4.400000095367432,30.80999946594238,0.2678378224372864,255.4473724365234,130.0,107.34,6.28,66001.9,1675.31,49.3,18.28,27.37,612.65,435.2825957923893,11.048671107300668,151.63,65.22,31.43,27.37,10.04493389674318,0.8095851014325984,41.74,774172.0,21.96364940618549,42.590832655196046,35.44551793861847,49137.0,30324.0,14574.0,6.059303494414041,4.22208657852724,4.22208657852724,0.6829462442173873,55.57,5.42,-3.3472818104197357e-05,0.003051375033872321,0.009196101755995185,-0.0686700158976746,-0.055540808772377194,-0.007723297766202448,-0.024184390481415907,-0.012945459403970747,-0.04347619976622809,4.6930496086130616e-05,0.001711415130455861,-0.0013576030294643721,-0.0018140284696710304,0.006173957759077897,-0.003644385492101718,-0.0025382717872053017,0.002526579179197143,-0.004542239929513021,0.0010325803208397707,0.005701792138163002,-0.0077902517070688165,-0.014491342538647593,0.0004952184699795934,0.0020425654156642843,-0.0035940990586022987,0.0033112457694951434,0.008925950881373875,0.0014330067652626936,-0.0010697286670329064,0.0020613565272142287,-0.006714250668985183,0.003846618553390726,-0.000508613317375424,-0.0006003864449812676,0.004819894772583208,-0.0030248703323304676,-0.006590777801233341,-0.006304678804852295,0.0002704495177167695,0.001057372760944413,0.0025219906247803013,-0.06410352050806249,0.2822287808806868
6.73,0.1313806613633,1.671253791192,26.8,350.2,0.5449880957603455,0.5738555192947388,2.200000047683716,32.75,0.5090844035148621,218.3512725830078,128.90185546875,97.153246,1.5051,22704.0,603.4405868680999,11.4219,8.4222,5.82,881.58,371.52675503190966,9.874661869875633,61.11,25.96,23.28,5.82,24.614949908569734,0.4775021872663257,65.5,193424.9506420834,3.786310606464182,52.02179642033601,44.19187938339238,90072.0,39502.4,26966.29,10.53622467854088,6.818367587891776,6.818367587891776,8.389512313189808,82.8,2.51,0.0025544141723003165,-0.005341470600338651,0.0028785849170890297,-0.04667333530900942,-0.041472880460409214,0.0015585530086755135,0.010235479340139134,-0.008657093049943798,-0.03847329210062889,5.1785922594718965e-05,-0.015839943304774347,-0.019923772056659798,-0.0005263478868582757,-3.559665977809496e-05,0.0014736284321697902,-0.0008563520324387302,-0.007535635387277582,-0.013883822456300543,-0.0032489483598037634,0.0013726177645730796,0.0012424993432723545,-0.004354372782807332,-0.009327167853392894,-0.004194265347570761,0.0028862205652112607,-0.003556748073344352,-0.005209461986734821,0.006330288923156327,0.0006105592959211216,-0.001191623701022763,2.9075190774160814e-05,0.0007405485107301543,0.00043015150012797564,7.396173280723268e-05,-0.0019862363497377355,-0.0009942723792919416,-0.004852381922304633,-0.006539457362632675,-0.003425787341118849,-0.010727779768130857,0.0004846380934905024,-0.05582816257512604,0.2822287808806868
7.24,0.07033861606964,0.7803418654608,27.3,430.2,0.6268255710601807,0.7635214924812317,2.799999952316284,31.32999992370605,0.6608172059059143,289.1892700195313,131.0277252197266,102.81,1.7645,47925.0,843.0,43.5255,20.1416,18.38,35348.0,294.8686396357596,5.186734756660309,162.53,65.61,36.45,18.38,34.437046921982514,1.6325084864460302,44.34,791032.0,14.2,49.0,36.8,60352.0,33354.0,19580.0,15.09150601532647,12.226414519989854,12.226414519989854,1.982933986704912,73.72,2.31,-0.039584683530352764,-0.028998578904269386,0.0018447588414128389,-0.017391515109593456,-0.033012898168381065,-0.0014519288582523601,0.0015800919730245358,-0.0032472638824474417,-0.03451178549473116,9.977792855352123e-05,0.0005617096279456741,-0.0020510479000367876,-0.001232618999230908,-0.002084467577122268,-0.0017929103716305677,0.0017788015311089075,-0.0019052097656822226,-0.0044132305225939505,0.0014989901071530763,-0.030486323487915794,-0.003082721602506353,0.0010369299390586106,0.001287383451650385,-0.0007687752437050222,-0.0012915006544353656,0.004355491089881986,-0.034541740989268876,-0.005159235027633259,-0.0009346802520303746,0.0024471974418411296,-0.0006865395544955384,0.0033357441898842744,-9.087332019407755e-05,0.0016545656042289904,0.001196162297899719,-0.0007442308097379241,-0.0012391371679987054,-0.0022946955661318465,-0.004200407736629133,-0.005205586050113195,0.001742497166029352,-0.04362367182198795,0.2822287808806868
6.835,0.0723150022842,0.8170048577893,27.3,533.4,0.478956401348114,0.4987780153751373,1.399999976158142,35.33000183105469,0.4490224123001099,242.5231170654297,133.0,69.61883,3.1667,31295.0,362.9812608948286,7.9764,10.4369,25.54,1008.69,431.0012394986916,4.999053310767506,72.61,11.98,17.16,25.54,29.247120158096035,0.4441104259190304,62.5,205105.42621421916,6.613355601948504,25.327743910925538,68.05890048712597,63992.0,36649.66,25491.99,8.611711314748359,6.341558665661586,6.341558665661586,2.4926882667224866,70.9,4.33,0.007531336160209322,-0.05334920808910102,0.0008996603713312682,-0.031758674732613144,-0.049351500671065876,0.007031393134217069,0.015896914110810033,-0.010287405160444905,-0.032075630400511736,0.00010953840687580011,6.263184586714639e-05,0.019920252220268594,-0.0008560573948343559,-0.00252481067500048,-0.005432147895335221,0.003603623335453451,-0.03183912474455429,-0.0196033144146786,0.006014248489169409,0.010617862984916425,-0.002422860390652205,0.007119192968923017,-0.0002638391361906514,-0.010445503569237192,-0.009436911891352798,0.009731808037366138,-0.01596331292713148,0.004714434540059301,-0.00031734068103832913,-0.0006500864588742835,-0.0008618208803090985,-0.00781631478453346,-0.008858258010885038,0.0029026696122164152,-0.00023667555266002096,0.0008548227950232112,-0.008621778156462822,-0.007427207095970517,-0.0027929791571514252,-0.0001380519691738305,0.001446793671872002,-0.06649701978155645,0.2822287808806868
5.0600000000000005,0.1566062594814,1.649161457892,4.3,26.0,0.2916558682918549,0.5421540141105652,0.699999988079071,8.550000190734863,0.4837231934070587,329.3404541015625,131.0,49.512,0.336,36853.0,138.0,15.7684,11.0015,13.688,535.0,582.73904587214,2.1821286823421517,63.241,25.634,18.924,13.688,10.207596868462485,1.431208510245323,64.28,314899.0,7.9,22.3,69.8,42653.0,44208.0,19416.0,15.289797719630393,12.30765986180222,12.30765986180222,0.1473591078066914,99.5,13.99,-0.018903145674223208,-0.015584469765133679,0.02815033269004198,0.0563764153689699,0.005400032005622055,-0.024958157572007617,0.04050506615443737,0.04908501585664634,0.1389076658687991,0.0023046438146266278,-0.04845351365246461,0.012088451555580823,0.008871276270248921,0.006718408984481353,0.006837114336085507,0.006205007740820295,-0.026235860521512222,-0.015507395769862351,0.00013682283577510224,0.0340152185724146,0.03034225798831903,0.023682539613364494,-0.0014386948411411137,-0.0004853787595056946,-0.009459387068272932,0.0005666256202384784,0.006193656773044493,-0.013829517162492273,-0.0007821441341075124,-0.0044946686567854995,0.011972139707388117,-0.021866068883420648,0.04426216717307399,0.009001010633306574,-0.0480691277355363,0.006805057322955688,-0.011055313535442118,0.005702821396524088,-0.008015171092003578,0.01659250472713029,0.018350313225673744,0.10136807124922054,0.2822287808806868
6.23,0.203861600483,2.004570981987,3.0,27.0,0.2058755159378052,0.3090001046657562,0.449999988079071,9.1899995803833,0.297200083732605,226.8743743896484,128.2054748535156,94.75,0.975,80886.0,573.0,36.035,30.6179,13.697,2339.8,503.33227546810537,3.5656280919222656,160.701,59.489,57.403,13.697,44.04493523854282,0.7705005543685988,37.51,683165.0,24.81513784080998,29.71825110917296,45.46661105001707,37563.0,37438.88,16936.21,15.717915646179634,15.449625511761106,15.449625511761106,1.4422353381379165,70.17,8.379999999999999,-0.03967174554530356,0.0019207922675195783,0.006249454322532984,0.007305139799493191,8.108291303505783e-05,-0.019051990469193696,-0.032370303551200776,0.004147093129540735,0.015445452449028382,0.00012446731723321107,-0.019645931445535097,-0.029838446144691257,0.0016459561380615928,-0.0028663165432662933,-0.003976745525018488,0.0025534435700901685,-0.001671527401093048,0.002245697716374708,-0.002067253898836493,-0.013084959433072068,-0.004409617467234059,0.0062597461796030955,-0.00022884242828877287,0.002090873355467921,-0.00037164651887724114,-0.001646653787633115,-0.036727561750085444,0.0009817299974965853,-7.715537585318045e-05,0.0023171002911985825,-0.021154531656036847,-0.014291850712790613,-0.0004256354571552946,-0.0026273298265368783,-0.0066634166919611795,-0.0021465834984992433,-0.002078214507433582,0.0027428421398872165,0.0036760895910119863,-0.0013217518494857358,0.00018620364755042766,-0.08085566417845985,0.2822287808806868
5.615,0.141255779268,1.572929672943,3.0,27.0,0.2011622041463852,0.3816510736942291,0.6000000238418579,7.210000038146973,0.3553208410739899,264.5146484375,130.0,94.75,0.975,80886.0,573.0,36.035,30.6179,13.697,2339.8,503.33227546810537,3.5656280919222656,160.701,59.489,57.403,13.697,44.04493523854282,0.7705005543685988,37.51,683165.0,24.81513784080998,29.71825110917296,45.46661105001707,37563.0,37438.88,16936.21,15.717915646179634,15.449625511761106,15.449625511761106,1.4422353381379165,70.17,22.29,-0.019105070632824205,-0.020329944482684364,0.015990918509662153,0.03444464434232214,0.012082921559136593,-0.06084324640150588,0.02395710826126742,0.04725463394312829,0.08077688999395467,0.0017290225209872043,0.03423100710022846,0.006065188794615106,-0.00046308335044887016,-0.0010114982646773573,-0.00829233283794019,0.0028205031763063686,-0.004538040312210787,0.004723574678486331,-0.0033916032549750645,-0.013220925774017822,-0.004162955102132407,0.028061114181124135,-0.002487264790805059,0.0013059909095463867,0.0014457710215065173,-0.0038233949207206073,-0.13558550468093017,0.0015731522079586308,0.004171291436156022,0.01288412961887661,-0.029427025398836126,-0.04598890767825651,-0.0009606275306723574,-0.003677574527217073,-0.008137400000094197,-0.00039813881358713443,-0.007599600325556817,0.009947777862704248,0.012090890343388313,-0.007308011167391669,0.004065407742906248,0.12789355119007811,0.2822287808806868
5.985,0.1680037495316,1.757371613585,3.0,22.0,0.2996407449245453,0.4820165932178497,0.6000000238418579,9.25,0.4356132745742798,260.926025390625,103.5349197387695,102.75,4.78,82098.0,1049.0,61.06,47.59,26.67,1144.0,402.7768238237748,5.1464455673845855,203.83,80.46,75.07,26.67,13.502993313811004,1.3571426592267275,41.38,826658.0,19.61414974691788,40.554352669645,39.83149758343712,37647.0,31064.0,14954.0,10.01000072751194,7.077667062460118,7.077667062460118,0.8315029869915178,92.59,15.81,-0.04046248024253871,0.0086437701785908,0.029655646007216995,0.0516263206374715,0.06119316844278365,-0.06299550072768763,0.05195759554955295,0.07876903407354259,0.10397971337733906,0.0025032373877183823,0.055956209103009316,-0.18872973144109711,-0.02256278771662618,-0.01543927949653881,-0.013297416202869483,0.008471453970079885,0.01515863772174634,0.04362147765059491,0.0037118115714402044,0.011953150107030524,0.031975301532729636,0.019874653908162142,0.002000511910940994,-0.01051318303545122,0.03500193176208995,0.01064044121050392,0.01523990107839929,-0.015439358885661955,-0.0010488986724813021,0.05119838903630443,-0.02621833842727937,0.015606057226192205,0.017021322362124922,-0.0032352607592474715,0.09689023401324813,-0.006847983603365732,-0.02789428395990398,-0.014707455138879583,-0.023860215505745144,0.018702231043193015,0.002415581469191233,0.11088057674805167,0.2822287808806868
6.775,0.1495452637953,1.482051013111,3.9,17.0,0.3169166743755341,0.3141359686851501,0.6499999761581421,8.210000038146973,0.3013087809085846,366.6012268066406,129.0,142.4267,0.98,46210.0,1116.0,70.9324,18.6665,13.388,492.0,207.0155004031897,4.999552011468507,223.22,96.741,33.206,13.388,36.02947095994996,1.9691703020360272,44.56,503654.0,12.3,40.9,46.8,38937.0,39286.0,17168.0,21.03691766650654,16.933855628952,16.933855628952,0.4061223048327138,136.9,19.8,0.014138887327993867,0.018131700988349625,0.019887416420941016,0.04610215666063594,0.02832388105642166,-0.029174855469405875,-0.01783322097678319,0.028924664485079122,0.08928415745185339,0.002724094646968288,-0.028543021824792958,-0.058860367211193074,-0.015329723998394915,-0.011509078310395124,-0.0047844394844287295,-0.010729591912429903,-0.005983069916183026,-0.0037710358996991917,0.0029516106414958026,0.022202496683385108,-0.008654280066039062,0.00040830979669407295,-4.8502976074810134e-05,-0.01757199284079251,-0.001293626277067228,-0.003256190124418945,-0.02314622594752291,-0.033010489939770196,-0.0017509145921503766,-0.002651460920111273,0.00865619902759499,0.003945555080557836,-0.002324597284328757,-0.002463416342448914,-0.0038639954568352565,-3.8814124126984594e-07,0.023078595141574627,0.01214437016914598,0.020614529947779372,0.010261441585142177,-0.02611005806845788,0.03860933788014516,0.2822287808806868
6.555,0.2860426071757,5.111696182713,3.0,22.0,0.289913684129715,0.3692471086978912,0.6000000238418579,9.050000190734863,0.3453976809978485,190.2931976318359,129.0,102.75,4.78,82098.0,1049.0,61.06,47.59,26.67,1144.0,402.7768238237748,5.1464455673845855,203.83,80.46,75.07,26.67,13.502993313811004,1.3571426592267275,41.38,826658.0,19.61414974691788,40.554352669645,39.83149758343712,37647.0,31064.0,14954.0,10.01000072751194,7.077667062460118,7.077667062460118,0.8315029869915178,92.59,10.7,0.08630359912844139,0.11544747520629609,-0.1846332159314334,0.0778813446929271,0.02499926717131166,-0.051959557359485174,0.031454580838282696,0.10064643619261915,0.13651911243336506,0.0021927066695934805,-0.07182403283839814,-0.050452715970212,0.00010257161781191681,-0.007019226955453636,0.014762773966940576,-0.0030591400464181654,0.0009107446505222632,0.030005826902139238,0.019107810560803025,0.0030635312541417103,-0.009199201160794455,0.014125438645452928,0.00042891452641925234,-0.02477340923713927,0.027352022621067597,0.017438106960296858,0.03819142304595151,-0.00687410268290842,-0.00040357982341084064,0.02768583499200759,-0.031728710267256245,0.011367285974032712,0.009126844506768983,0.0033599617416912113,0.06432849844035808,0.002704442333022605,-0.017458474429266055,0.002981729407081726,-0.012852023959101639,0.03834307373082265,0.0126717480449297,0.01967445360636339,0.2822287808806868
6.92,0.1449557844545,1.523612043563,3.3,9.0,0.3074502944946289,0.5247359275817871,0.5,7.190000057220459,0.4697887301445007,294.759033203125,128.2308044433594,121.17,1.24,111887.0,1972.8,69.36,49.35,35.98,2447.2,484.1916219491085,8.537303098494027,231.08,91.11,77.42,35.98,15.308206323678789,1.4921568515595265,37.51,1010017.0,18.514367546917764,44.48838459533429,36.99724785774794,40876.0,30965.0,14316.0,9.36200276864403,7.781782798224389,7.781782798224389,1.0236131895309892,95.51,11.21,0.03064338002825388,-0.018667728253960368,0.03257202015572693,0.10723940638123894,0.05617642034924939,-0.022324128418520557,0.10589115305920131,0.0901535979869659,0.11377809090461233,0.0024372958141320898,0.05581259465214679,-0.04883623157875262,-0.022843360973143732,0.007831399398462969,0.017804637349909166,-0.06952278248622315,0.010479611320071854,0.0798320229963865,0.0850037676957727,-0.008887033680803144,0.0139267504409654,-0.006604618067067333,-0.00435458499428931,-0.007590554084687026,0.008445714397355922,0.04464326050461386,0.06845043443825853,-0.015001680876943277,-0.010329494978883297,0.03321743369655451,-0.011451530130289034,0.05045655595848801,0.03084058641854792,0.0003676506092306298,0.07480237100439265,-0.007995325383322788,-0.033616970980889165,-0.01658837345737265,-0.026004109146510024,-0.006027868721255813,-0.005237755011941794,0.054658158559264834,0.2822287808806868
6.885,0.1605434077526,1.438917600993,3.3,9.0,0.2447891235351562,0.3198673725128174,0.6000000238418579,8.010000228881836,0.3058938980102539,332.4620361328125,129.8257904052734,121.17,1.24,111887.0,1972.8,69.36,49.35,35.98,2447.2,484.1916219491085,8.537303098494027,231.08,91.11,77.42,35.98,15.308206323678789,1.4921568515595265,37.51,1010017.0,18.514367546917764,44.48838459533429,36.99724785774794,40876.0,30965.0,14316.0,9.36200276864403,7.781782798224389,7.781782798224389,1.0236131895309892,95.51,19.4,0.07134788939842837,-0.017939801256448843,0.030988283303129714,0.057258356235251995,0.025431363005016465,-0.037464774832842516,-0.030074991979854537,0.07451413548880373,0.12146173663246736,0.0012078793910332065,-0.08476602657479815,0.008043992034014083,-0.013847760275981263,-0.0164975447251636,-0.018786657637378083,-0.0102021889329335,0.014126654337203953,0.03715944018328446,0.035962115834583544,0.00010759969035280259,0.01703780806236318,-0.02142005572511698,-0.0003005492483207528,0.01120663082342073,0.004730889455240672,0.02892670593762886,0.01804901815712219,-0.01997839047634625,0.00646151468090829,0.014239355958969102,-0.014389513711881591,0.027286570817552275,0.010756285284907779,-0.0026353896532964383,0.02615279621440277,0.004578887612355184,-0.01942888958881668,-0.02724230110715144,-0.016458301268983636,0.010080667856294889,-0.0059538198361697185,0.07305295543298417,0.2822287808806868
6.89,0.2674164585093,3.37908423967,2.7,19.0,0.1469908207654953,0.2672204375267029,0.5,8.3100004196167,0.2637763321399689,158.2906188964844,116.0,41.8,0.9984,37631.0,382.0,12.2266,9.8512,4.991,6472.866666666667,481.9852705731668,4.89273134806276,78.075,30.563,28.728,4.991,21.398798506227283,0.8755846807233554,35.03,369846.0,16.504901960784316,31.65686274509804,51.83823529411765,26213.0,35691.1,13158.53,16.539135979595088,17.556710821702243,17.556710821702243,1.1884593356762363,77.55,0.6900000000000001,0.03766011647548294,0.05959413221260185,-0.040838772415751005,0.02047283105980023,0.002915023920999377,0.02533670482231537,-0.03542971044918523,0.021974822730640876,0.044063280279704485,0.0006146394972602141,-0.0278619344290928,-0.04330348558202968,0.009491839450012772,-0.0007980656009167475,-0.001003160139109245,0.008472509526895013,-0.010156217662195557,-0.01836249668852543,-0.004875177729205461,-0.027141113593213955,0.0028447972982103206,0.00943081882575643,-0.00298831217535189,-0.010617524419154511,-0.004350893459515644,0.003702294031623754,-0.001118417361867614,0.0025572542013251242,0.005125991383829387,-0.007095495231362291,-0.005444712123513449,-0.02637813014219865,0.00033694135688710494,0.007173469086177645,0.003015530682896502,-0.010670105680823322,0.005211449094116692,0.018492375214176716,0.017637589786463657,-0.00046843894854828175,0.0019685786866466552,-0.13535396801156457,0.2822287808806868
7.035,0.1555494286073,1.451284014927,3.0,9.0,0.2613529860973358,0.3172178268432617,0.5,7.230000019073486,0.3037742674350739,255.4473724365234,130.0,107.34,6.28,66001.9,1675.31,49.3,18.28,27.37,612.65,435.2825957923893,11.048671107300668,151.63,65.22,31.43,27.37,10.04493389674318,0.8095851014325984,41.74,774172.0,21.96364940618549,42.590832655196046,35.44551793861847,49137.0,30324.0,14574.0,6.059303494414041,4.22208657852724,4.22208657852724,0.6829462442173873,55.57,2.25,-0.075754629225994,0.005003584041463911,0.006128228801593657,0.03042617292195791,0.0031492175443563588,-0.008627807401149764,-0.00693808038192219,0.0157800971257675,0.040306872999470215,0.00040214063096209523,0.0068179949171608255,0.004137094820463965,-0.005256999341014307,0.008768555977498184,0.0012605712797085285,0.009466470704326643,0.0002668584628409007,0.0013855357626453048,0.022194875253146163,0.012163183580443736,0.004412998329498812,-0.00613419808403705,-0.00030641539774660663,0.0047640525718015865,-0.004968425935629057,0.01671963153041725,0.01549977503265836,0.0016707686364316062,0.0002867127474892164,0.003577989541430719,0.0009609627474274039,0.01895853962565889,0.02261870622332208,0.004550899412541179,0.01114412230270682,-0.0026190648242773065,-0.013248828923693515,-0.010297840197948972,-0.009781080063839905,0.0018386465501680487,0.0036078726989653732,-0.23053817931286175,0.2822287808806868
6.885,0.1148724190189,1.302710603876,3.1,6.0,0.2831749320030212,0.5371334552764893,0.550000011920929,7.849999904632568,0.4797067642211914,218.3512725830078,128.90185546875,97.153246,1.5051,22704.0,603.4405868680999,11.4219,8.4222,5.82,881.58,371.52675503190966,9.874661869875633,61.11,25.96,23.28,5.82,24.614949908569734,0.4775021872663257,65.5,193424.9506420834,3.786310606464182,52.02179642033601,44.19187938339238,90072.0,39502.4,26966.29,10.53622467854088,6.818367587891776,6.818367587891776,8.389512313189808,82.8,9.08,0.013536568129173246,-0.0622039379269554,0.004604816295817724,0.0005393515936448265,-0.004991062639637673,-0.00926502082202205,0.018987704714265422,0.015685679574206003,0.019407255714730128,0.0002921703876345361,-0.017852683862249256,-0.019573294303139848,0.0019974170642744855,0.0029799173744249896,0.005653894054645211,0.0005853530256426881,-0.024504727627470854,-0.0166717475024925,-0.008171950552306954,0.006433015784001328,0.0017563927115843412,-0.006841277797895599,-0.008199379388432135,-0.0056526025152998085,-0.0017653036429837801,-0.008667000724541143,-0.020422760346089485,0.004219596077877223,0.0015409053801849902,-0.006708333707647396,-0.0028677640113892286,-0.002261267151639919,0.000396812626655446,-0.0008996656338422328,-0.008873397813949847,-0.0032819847547943953,-0.006055101608551919,-0.005560371516185112,-0.0051059642009058746,-0.046269279532541986,0.0019278122984251237,-0.07856365141757124,0.2822287808806868
6.915,0.1822646103677,1.716971388361,2.8,7.0,0.3004625141620636,0.4256236851215363,0.4000000059604645,7.489999771118164,0.3904989361763,289.1892700195313,131.0277252197266,102.81,1.7645,47925.0,843.0,43.5255,20.1416,18.38,35348.0,294.8686396357596,5.186734756660309,162.53,65.61,36.45,18.38,34.437046921982514,1.6325084864460302,44.34,791032.0,14.2,49.0,36.8,60352.0,33354.0,19580.0,15.09150601532647,12.226414519989854,12.226414519989854,1.982933986704912,73.72,1.96,0.0013067219041113295,-0.008873877324527704,0.008596595871553285,0.043912605426623494,-0.008765379043179556,-0.010775463828831568,0.017570078486169215,0.010553022748543299,-0.00281642699665098,0.00011248685653845767,0.0045404022975271815,-0.002188740044774022,-0.0018239176069910206,-0.004749974319900496,0.0030043437561253082,0.003978711933770682,-0.0010478289091697633,-0.007806196347199144,0.009539621229021578,-0.14451267481583635,-0.01649287188235029,0.0015882077559945178,0.00017399197374470837,-0.002642730449122611,-0.006846166491537587,0.003959587720251881,-0.05806291119997331,-0.004899091838626196,9.815722244093323e-05,0.004338509409048124,0.0015555464103817961,0.006914879740375901,-0.0017334032934013526,0.0020742751070502003,0.0012096660354145496,0.0019418434254184866,-0.004431023775279758,-0.0028860194507869864,-0.006047818478866254,0.0006834408765716909,0.0032519747564801887,-0.11402700400963657,0.2822287808806868
7.12,0.05211915154462,0.6050561967567,2.7,4.0,0.1649818420410156,0.2946636974811554,0.4000000059604645,6.630000114440918,0.2857309579849243,242.5231170654297,133.0,69.61883,3.1667,31295.0,362.9812608948286,7.9764,10.4369,25.54,1008.69,431.0012394986916,4.999053310767506,72.61,11.98,17.16,25.54,29.247120158096035,0.4441104259190304,62.5,205105.42621421916,6.613355601948504,25.327743910925538,68.05890048712597,63992.0,36649.66,25491.99,8.611711314748359,6.341558665661586,6.341558665661586,2.4926882667224866,70.9,4.42,-0.051461347095959356,-0.051681612076732567,0.0032981910201197026,-0.005455398176767631,0.0012325439737032877,-0.003036741022646309,-0.029154158302131684,0.009817671627461092,0.0021451938595564513,0.00012429540822631786,0.0012960834658879321,0.01780341236341338,0.004905169989840944,-0.002933643968470275,-0.008772801379382144,0.006388729885453355,-0.005548558670139756,-0.011607005887082777,0.005756034043617549,0.0035749165322049537,-0.004661664177343483,0.005457550356368298,-0.0050456064347526985,-0.009939436617220052,-0.006650609870033806,0.010239274897103311,-0.03548780804374837,0.005725359598174689,-0.0014542778305476468,-0.0032633005221723577,0.0022549971689295486,-0.016388483987539077,-0.016547446820404724,0.004414328094077065,-0.0007957433664414532,0.002423939808053545,-0.003832722076564093,-0.009804534108727248,-0.005242547163914425,-0.004935780610976504,0.0038418837982171668,-0.07863160278116993,0.2822287808806868
6.665,0.2242042461774,3.310778092327,20.0,15.0,0.543432354927063,0.7203001976013184,1.700000047683716,25.68000030517578,0.6262401342391968,329.3404541015625,131.0,49.512,0.336,36853.0,138.0,15.7684,11.0015,13.688,535.0,582.73904587214,2.1821286823421517,63.241,25.634,18.924,13.688,10.207596868462485,1.431208510245323,64.28,314899.0,7.9,22.3,69.8,42653.0,44208.0,19416.0,15.289797719630393,12.30765986180222,12.30765986180222,0.1473591078066914,99.5,45.25,0.04396746888135384,0.10208344388636759,-0.170925536353956,-0.19800426883043837,0.024926054648123686,0.0019569554707268275,0.03775147137368913,-0.085761460700538,-0.1282622345357231,0.0025680773163476124,-0.08419062337983632,0.013581738415770817,0.021684644122869932,0.014522726465234882,0.007002314019744532,0.0057591256874002334,-0.017178926752836575,-0.018218976994598037,0.00274086730751152,0.035867946188067434,0.024534740985735,0.030314549780072413,0.0012964665989566096,-0.006048116991194554,-0.01097718753168009,-0.0035693701680283964,0.055846245500317325,-0.008825452370656415,0.007234396122425095,-0.007617893383110641,0.0058042841623537084,-0.022667048606934265,-0.010451199676113895,-0.00963220331213962,-0.01701427577035794,0.005872068642725946,-0.004290975156793149,0.0035259510995674726,0.0003920814965822434,0.010507192854754979,0.004426245159906106,0.4118709201653255,0.2822287808806868
7.09,0.2109943022505,2.236637401021,18.7,33.0,0.5615285038948059,0.8261546492576599,1.799999952316284,25.51000022888184,0.7109236717224121,226.8743743896484,128.2054748535156,94.75,0.975,80886.0,573.0,36.035,30.6179,13.697,2339.8,503.33227546810537,3.5656280919222656,160.701,59.489,57.403,13.697,44.04493523854282,0.7705005543685988,37.51,683165.0,24.81513784080998,29.71825110917296,45.46661105001707,37563.0,37438.88,16936.21,15.717915646179634,15.449625511761106,15.449625511761106,1.4422353381379165,70.17,3.71,-0.0348371811984398,0.011527916273378649,0.0026845443029815223,0.001107980699292963,0.0009785363526316365,0.003918150728190085,-0.004455713721545177,-0.014553872430289624,-0.04378028728495701,8.816264069173457e-05,-0.006430513616665851,-0.029673142604966413,0.0011253239792276876,-0.003139367441486682,-0.005704762035820748,0.002384436577092854,0.0007276209745323281,-0.003148706465042774,-0.0034821232226822803,-0.007974033106482242,-0.00667168629773369,0.01476188109742361,0.0024814538128266578,0.0005179879000061213,-0.0061258157899574135,-0.0008238904689787876,-0.03115797110345738,0.003290376357195783,0.0013220852461818147,0.004541730958779227,-0.003997052788909058,-0.007246712153559198,-0.0017475808799645158,-0.0022962797442451096,0.00024266790380352162,-3.8980076438747025e-05,-0.002598816254379927,0.0003566307472065095,-0.0005801326623477503,-0.010186317519284786,-4.3053422341472744e-05,-0.10231495621935027,0.2822287808806868
6.9,0.2105869040306,2.424899113622,18.7,33.0,0.7407733201980591,1.0,3.900000095367432,22.69000053405762,0.903842031955719,264.5146484375,130.0,94.75,0.975,80886.0,573.0,36.035,30.6179,13.697,2339.8,503.33227546810537,3.5656280919222656,160.701,59.489,57.403,13.697,44.04493523854282,0.7705005543685988,37.51,683165.0,24.81513784080998,29.71825110917296,45.46661105001707,37563.0,37438.88,16936.21,15.717915646179634,15.449625511761106,15.449625511761106,1.4422353381379165,70.17,8.98,0.03959277054149424,0.030088598166010345,-0.013769043025851713,0.011994914040289578,0.01090497704711743,0.01645690403084154,-0.017289589696287293,-0.03524731747066834,0.026917975257092618,0.0006611106100317593,0.011902312528021868,0.004317507899366314,-0.0005810563260602031,-0.0009172519727726494,-0.012606270717253204,0.0046931469815026505,-0.00624488053380628,0.004823090728081299,0.0001261758140462921,-0.009629522901930618,-0.01284526864202053,0.01863691097174888,0.003206541882100282,-0.00317617615993368,-0.0026122278139373485,-0.006751177678888781,-0.035532935792187345,-0.001048776137045928,0.0010132377881382209,0.008320509772689546,-0.007621981691190743,-0.011085884476109647,-0.0004017121075885331,-0.009159531281591632,-0.0038086296622932394,0.0026287262565165325,-0.004129343439912187,0.0030193302201514624,0.00040302957306266666,-0.0045623168492165845,0.003492121555929774,-0.1467100327259832,0.2822287808806868
6.625,0.09037240693334,0.9771361460098,18.1,31.0,0.5859137177467346,0.7720003128051758,2.700000047683716,23.25,0.6676002144813538,260.926025390625,103.5349197387695,102.75,4.78,82098.0,1049.0,61.06,47.59,26.67,1144.0,402.7768238237748,5.1464455673845855,203.83,80.46,75.07,26.67,13.502993313811004,1.3571426592267275,41.38,826658.0,19.61414974691788,40.554352669645,39.83149758343712,37647.0,31064.0,14954.0,10.01000072751194,7.077667062460118,7.077667062460118,0.8315029869915178,92.59,29.33,0.0344693072233931,-0.14517215572117131,0.009436976023891482,0.025742536861420372,0.01894985135606839,0.022183224489912386,-0.0284956596417469,-0.07007953979476587,0.08728874081006507,0.0012104210691177258,0.024851284287957232,-0.10300953916035357,0.0027672511908458583,-0.0010504344443906994,0.0025421801079937717,-0.00027906140507547863,0.010604113191802756,0.02979788614301653,0.01541811886341019,0.007239490731168191,0.023801601725426735,0.015082546177145559,0.0011126893855398557,0.00711448491553892,0.0398418778332416,0.016288930617272844,0.03575927884568227,-0.017571289955521922,0.013601560296316165,0.016644149044353976,0.006895841577090331,0.00095341130299494,0.013207644739421098,0.004781750205584098,0.008037437242775915,0.012969997337349926,-0.011174903987091967,-0.010799500028530012,-0.01227106072410242,0.0033326509290200284,0.0064257698468281835,0.1744596304653678,0.2822287808806868
6.91,0.3244494786224,3.620502949044,19.0,16.0,0.5620102882385254,0.6935369372367859,1.600000023841858,24.03000068664551,0.6048295497894287,366.6012268066406,129.0,142.4267,0.98,46210.0,1116.0,70.9324,18.6665,13.388,492.0,207.0155004031897,4.999552011468507,223.22,96.741,33.206,13.388,36.02947095994996,1.9691703020360272,44.56,503654.0,12.3,40.9,46.8,38937.0,39286.0,17168.0,21.03691766650654,16.933855628952,16.933855628952,0.4061223048327138,136.9,30.27,0.06350776905557724,0.06424639442772605,-0.16537978885797203,0.05690981524190282,0.031128099234920225,0.01926352637907257,0.0972220291011763,-0.04120657880388899,0.08181258234372946,0.003746628575099742,-0.04290973478223896,-0.0807190302858944,-0.00793562278809258,-0.017428368516848432,0.002440179906814599,-0.007342291740511407,0.004120510292399557,-0.004843549788201927,-0.020048959652951455,0.037097214853507476,0.03482092929436477,-0.020390850909199797,-0.002314636677037922,-0.005147019679832733,-0.0030690130194852864,-0.02940401575733268,0.02763425719848601,-0.04222825905450735,-0.001592927719961157,0.001605047054094036,0.010008145755447905,0.012108102740647142,0.0045703621734719535,-0.005484961725611362,-0.0020885304832918327,-0.005618060067645278,0.013128820071156951,0.021555122884601586,0.04011743563892377,0.011664163981564361,-0.01456014775036602,0.17436465729385964,0.2822287808806868
6.1850000000000005,0.2834978090305,2.721791227372,18.1,31.0,0.7229005098342896,1.0,4.800000190734863,20.29000091552734,0.8772516250610352,190.2931976318359,129.0,102.75,4.78,82098.0,1049.0,61.06,47.59,26.67,1144.0,402.7768238237748,5.1464455673845855,203.83,80.46,75.07,26.67,13.502993313811004,1.3571426592267275,41.38,826658.0,19.61414974691788,40.554352669645,39.83149758343712,37647.0,31064.0,14954.0,10.01000072751194,7.077667062460118,7.077667062460118,0.8315029869915178,92.59,31.89,-0.06785506583453388,0.11289440224898861,-0.10561640031370916,0.0437373681448371,0.021608361420454456,0.0037374653781589566,-0.17639952728510253,-0.038785698517443956,0.04195635333548126,0.001940158523619183,-0.016862078280828422,-0.08036866691085742,-0.02163836580433416,-0.0006540313766745381,0.004638930468616316,-0.011950111934405875,-0.0039121241708344485,0.03369888159717084,0.030270142823064818,0.010213339241308869,0.011668996646971195,0.00955014649161604,-0.0021342642449017095,-0.015635656876373118,0.013191463368973925,0.0229505798703467,0.005437128985970044,-0.013745803941914344,0.013283092463680073,0.01248478048376275,-0.010214276909915521,0.0072099360884458315,0.004349594333587439,0.005578428836452082,0.0198419514526613,0.0010510333529382535,-0.004429674687082291,-0.017967248541215654,0.013434109191817692,0.015076967000379225,0.009040231858118213,0.3498228568712366,0.2822287808806868
6.465,0.1521214355077,1.557262009841,18.9,10.0,0.591846227645874,0.8813539743423462,1.799999952316284,26.13999938964844,0.7550832033157349,294.759033203125,128.2308044433594,121.17,1.24,111887.0,1972.8,69.36,49.35,35.98,2447.2,484.1916219491085,8.537303098494027,231.08,91.11,77.42,35.98,15.308206323678789,1.4921568515595265,37.51,1010017.0,18.514367546917764,44.48838459533429,36.99724785774794,40876.0,30965.0,14316.0,9.36200276864403,7.781782798224389,7.781782798224389,1.0236131895309892,95.51,80.8,0.12938469753315443,0.04345388672585254,0.09149926890342608,0.23527003895150847,0.08970036232756687,0.05105530512475528,-0.24715288739799873,-0.1382004731915076,0.0678098254842043,0.007106317404482971,0.15157973142490666,-0.03746618103700164,0.024981885552275346,-0.0005446644249459426,0.20313062314040148,-0.025056655772263237,0.15999590730559435,0.30063578209606934,0.05606963841675318,-0.022562355145084447,0.09506956547347359,-0.09016032536095009,0.03194021525625431,0.073347859352245,0.049956970345374385,0.08509196054881614,0.1816159415746079,-0.010077879390417427,-0.05033534721293835,-0.02018274125058083,-0.03526447678660045,0.04153523233550371,-0.005735142265068149,-0.0574823124422692,-0.03553185703817869,-0.04034864043383275,-0.03613383080289352,-0.01477697774431724,-0.04764954558100731,0.0001590093746199228,-0.12303854975421565,1.36049865012466,0.2822287808806868
6.74,0.1080268747878,0.9551262178177,18.9,10.0,0.6282303333282471,0.8944280743598938,2.799999952316284,24.64999961853027,0.7655424475669861,332.4620361328125,129.8257904052734,121.17,1.24,111887.0,1972.8,69.36,49.35,35.98,2447.2,484.1916219491085,8.537303098494027,231.08,91.11,77.42,35.98,15.308206323678789,1.4921568515595265,37.51,1010017.0,18.514367546917764,44.48838459533429,36.99724785774794,40876.0,30965.0,14316.0,9.36200276864403,7.781782798224389,7.781782798224389,1.0236131895309892,95.51,2.63,0.000312420547088552,-0.053214532069425335,0.0015953935162542649,-0.005674408532329833,-0.0011859831994734107,-0.0037374464621243554,-0.027569041349299373,-0.008263571151015638,-0.03231044460707926,7.545488455798319e-05,-0.02028774749222793,-0.009869376140923123,-0.0062033232219691845,0.0001736426053321343,-0.0007938183961959999,-0.0060520294936432005,0.004501669508856139,0.006236874464550053,-0.003407536234226427,-0.0050275513620072175,0.0010883650888426923,-0.0011490432829668854,-0.0005943955946422642,-0.0003025168766471337,-0.0010564659642550358,0.0036986209467067973,0.0011111291553388553,-0.00055127691802045,0.00031174326949985447,-0.001431728036164718,-0.0008005431008205069,0.003621329484420133,0.0007478772833928829,-0.0008351515222457244,5.4472520751006406e-05,0.00037625586509239045,-0.004316296559409238,-0.004701767996652052,-0.0057915255928092,0.00031095295559498744,-0.002739575877872993,-0.09760184486674553,0.2822287808806868
7.105,0.1117993812063,1.349241221433,19.3,7.0,0.5908805727958679,0.8486366271972656,1.899999976158142,22.18000030517578,0.7289093136787415,158.2906188964844,116.0,41.8,0.9984,37631.0,382.0,12.2266,9.8512,4.991,6472.866666666667,481.9852705731668,4.89273134806276,78.075,30.563,28.728,4.991,21.398798506227283,0.8755846807233554,35.03,369846.0,16.504901960784316,31.65686274509804,51.83823529411765,26213.0,35691.1,13158.53,16.539135979595088,17.556710821702243,17.556710821702243,1.1884593356762363,77.55,3.78,-0.038366015314357356,-0.02476651281447994,0.0014012544390861875,-0.03538832583156181,-0.004156555137014948,0.004017954671668122,6.1561422189711375e-06,-0.01172163045158959,-0.0026542306455376082,1.700072859239372e-05,-0.008217669065459633,-0.022078541513270468,-0.000777615094979411,-0.0008742782826884666,0.0011175954396749146,0.007458264194807274,-0.012944462572602788,-0.008157344805382308,-0.0065140565660112785,-0.023881481178861578,-0.009823122540168698,0.0017817011194711096,-0.001841539569009909,-0.0003916078952461233,-0.00317494527456438,-0.013296942387896712,-0.0027468089709291226,0.0028265768733690493,0.000307725331629625,-0.0033358252545003775,-0.0026299027171626166,-0.008329584429564413,-0.003094239229132655,-0.0036680727208440677,0.0016090754417382401,-4.7515260797809145e-05,-0.0021267304298817164,0.0009486436212027907,0.0015757848565262976,-0.00097216314879188,0.001613717721644209,-0.050260801541022374,0.2822287808806868
6.775,0.2288318748659,2.309665035609,18.9,5.0,0.5791773200035095,0.874875009059906,3.700000047683716,24.38999938964844,0.7499000430107117,255.4473724365234,130.0,107.34,6.28,66001.9,1675.31,49.3,18.28,27.37,612.65,435.2825957923893,11.048671107300668,151.63,65.22,31.43,27.37,10.04493389674318,0.8095851014325984,41.74,774172.0,21.96364940618549,42.590832655196046,35.44551793861847,49137.0,30324.0,14574.0,6.059303494414041,4.22208657852724,4.22208657852724,0.6829462442173873,55.57,14.19,0.02965323672653175,0.06951976742994156,-0.021679022173455458,0.025129485474637465,0.02261256538704037,0.030033658049884247,-0.04946138986969891,-0.08155002384413093,0.020103753184259405,0.001000598709477335,0.022918437457265094,0.013654559054819387,0.016351783940102907,0.047516690657488654,0.009315117871708922,-0.0088197980724799,0.003253657470777402,-0.008498517487561905,0.008213175290060474,0.03627791660233924,0.03072190016481908,-0.03160459976573473,-0.0021973827022593374,0.002277748933702231,9.672957629663636e-05,0.008811750451772241,0.029420260890590733,0.010681108800374192,-0.0025803897433215677,0.01387465516154772,-0.0176302388504846,0.011120438910613314,0.0003890024991124008,0.003980425793008183,0.02046756940781779,-0.02330903807102004,-0.029791066988109384,-0.012191061327757765,-0.010925603350304297,0.006071162613574421,0.02106655480462359,0.0834226348329394,0.2822287808806868
6.34,0.1375358478178,1.206564715757,19.6,4.0,0.5365254282951355,0.7443121671676636,1.700000047683716,26.22999954223633,0.6454497575759888,218.3512725830078,128.90185546875,97.153246,1.5051,22704.0,603.4405868680999,11.4219,8.4222,5.82,881.58,371.52675503190966,9.874661869875633,61.11,25.96,23.28,5.82,24.614949908569734,0.4775021872663257,65.5,193424.9506420834,3.786310606464182,52.02179642033601,44.19187938339238,90072.0,39502.4,26966.29,10.53622467854088,6.818367587891776,6.818367587891776,8.389512313189808,82.8,9.83,-0.02451144453352026,-0.0049885641292930815,0.00629328995432297,-0.05622673337045124,0.001905624305407402,0.0011568181978655052,0.005948434901380096,-0.005905810104712147,-0.0417026243635919,6.496122064709125e-05,-0.01450553351921553,-0.013062812324504194,-0.0006447657393218845,-0.002026359280411271,0.0026322010532967414,0.0012228428796734094,-0.009011866506160007,-0.006032499726381502,-0.008740384360557074,0.0014676338560020684,0.0013968112164584445,-0.01328789870133914,-0.00650323583710997,-0.0005377926377259439,-0.0034744814797450082,-0.00617207158995734,-0.009455757267904118,0.0015681938446432456,0.00014173438789294018,0.00022229753129067946,0.00024386523193243147,0.0007549219943612171,-0.0007418962774390784,0.00026084913282829866,-0.002929757412435721,0.0013387038926302905,-0.0038514042217866486,-0.002895307880549809,-0.0042670732018596025,-0.02081700164101494,3.5223107850473e-05,-0.04600612036487291,0.2822287808806868
6.41,0.08634544989243,0.9901605200162,18.6,18.0,0.5740424394607544,0.876735508441925,1.600000023841858,26.56999969482422,0.751388430595398,289.1892700195313,131.0277252197266,102.81,1.7645,47925.0,843.0,43.5255,20.1416,18.38,35348.0,294.8686396357596,5.186734756660309,162.53,65.61,36.45,18.38,34.437046921982514,1.6325084864460302,44.34,791032.0,14.2,49.0,36.8,60352.0,33354.0,19580.0,15.09150601532647,12.226414519989854,12.226414519989854,1.982933986704912,73.72,8.26,-0.017381116140102675,-0.04246293485061324,0.005233565430185991,-0.0024113270986126753,0.0012511574025556949,0.0017324035753845239,-0.00224871663301019,-0.012594571294495833,-0.0328114249418868,0.00013004096814984794,0.00414820790484373,-0.001954533887488649,-0.001113858911863648,-0.002108137881732545,-0.0019377959411504004,0.0006788146366598066,0.0011280049269698778,-0.005325148903662914,0.0014960866439796534,-0.07361736825332628,-0.012196811688947486,0.0031364109415444553,-7.75375140074197e-05,-0.0002747988340415738,-0.00040599494989147127,0.002662353744832216,-0.013405838900085653,-0.0026904425481188805,-0.0013864848105731597,0.003301240998072897,-0.0015511004805739462,0.0034689766038063716,-0.0001370729425543686,0.0001449674433679343,0.0004596906535152788,-1.780769263860435e-06,-0.0012071913245163188,-0.0025620611629128664,-0.008063769466010852,-0.0013856328971160112,0.0023555232227809027,-0.07139902019313013,0.2822287808806868
6.855,0.03076168732213,0.273770872194,18.8,32.0,0.3367940187454224,0.4881641268730164,0.8999999761581421,30.17000007629395,0.4405312836170197,242.5231170654297,133.0,69.61883,3.1667,31295.0,362.9812608948286,7.9764,10.4369,25.54,1008.69,431.0012394986916,4.999053310767506,72.61,11.98,17.16,25.54,29.247120158096035,0.4441104259190304,62.5,205105.42621421916,6.613355601948504,25.327743910925538,68.05890048712597,63992.0,36649.66,25491.99,8.611711314748359,6.341558665661586,6.341558665661586,2.4926882667224866,70.9,2.49,0.007741482738012562,-0.06145217235680321,0.007871783451395456,0.00179763703390199,-0.0029612552619655624,-0.009215321613039125,0.02332935659917712,0.002060159835586093,-0.04856927340351104,9.247094568854923e-05,0.0005947498437744775,0.009938032387100977,-0.0035181100778281698,-0.010152249230450255,-0.00308869986666832,0.0034163838415115612,-0.009229084936814612,-0.012452598778851097,0.010727900789119301,0.00400175829498039,-0.007081438129709572,0.005431725314410869,-0.004412838342439494,-0.0068612130770343335,-0.013452718846849168,0.009428810263154444,-0.01842164110793965,0.0046919175848888686,0.0019231526795774716,-0.0012985571417812015,0.0035449031094758514,-0.016424708912541972,-0.0057155438187764945,0.0011480187018460132,-0.0031846718522720004,0.0017178501355519988,-0.009081625325343335,-0.006095322231150931,-0.007493945398397048,-0.006091906234330961,0.0034797620474710106,-0.11741829516805591,0.2822287808806868
6.15,0.2126568435834,2.075193026483,28.6,69.7,0.5422480702400208,0.0557925328612327,1.799999952316284,34.95000076293945,0.092973805963993,287.2151489257813,132.8357696533203,126.195,0.9478,45899.0,1702.0,58.722,16.8508,16.87,882.0,223.4017181377917,8.284052468910467,205.455,93.926,30.942,16.87,33.16205965449566,1.7174502122943875,39.64,605389.0,14.2,42.9,42.8,42227.0,38884.0,17032.0,18.34775726355647,14.769191834162667,14.769191834162667,0.4028414498141264,119.4,5.2700000000000005,-0.030862700871177363,0.008741003374918364,0.009191471390135129,-0.07772955146043388,-0.001982255136274042,0.006227626203486576,0.013440751059737525,-0.017530006712666368,-0.03697306839776866,-0.008178793334547668,0.004468258358174349,0.026393236496718597,-0.012064206894807278,-0.0028597809423517874,-0.005893294898298331,-0.007137608276883837,0.00964760321279028,-0.004653081383992684,0.004634578975994378,0.006058288017986342,-0.008157946654740952,-0.0029081254924822135,-0.0006329113190877266,0.00023017033557698463,-0.0006130047575425088,0.0016621371397559411,-0.022910080254325303,-0.006999632658698826,0.00028470174058747757,0.004614144773106089,-0.003480503798302383,0.003738072892432677,-0.00040884093176282634,-0.0006527316680730987,-0.0030621426155412303,-0.0006983848412055541,-0.0003255623944423872,0.00011239684867905679,0.000300723583888615,0.0025510050504526658,-0.007332685985922581,-0.11949403196430648,0.2822287808806868
6.3,0.06546488257556,0.5245143915534,28.8,115.2,0.4257345795631409,0.0,2.0,33.77999877929688,0.0467522889375686,270.0374450683594,130.0,60.6455,0.7705,18738.0,201.0,20.6519,13.225,6.148,775.0,236.6058463286824,2.5380390176147487,79.195,32.652,23.515,6.148,12.782698470895246,0.7724210753786316,47.21,209885.0,11.2,48.7,31.3,49780.0,37342.0,15884.0,8.251880779338212,6.642425473153561,6.642425473153561,0.2421040892193308,53.7,17.82,-0.05584414368889703,-0.07186026845809827,0.024279999449194296,-0.08350694143358849,0.0014427149042021512,0.012152943497028907,0.14995991492748728,-0.02440626766873174,-0.09765557650000847,-0.00650171508465428,0.015482525509389227,-0.012812769760348602,0.006034052695409612,-0.01503215497768543,-0.012674975141344483,0.02681546092442295,0.005646164768666498,-0.019870738836150852,0.007812714744941333,0.004209719192484052,0.005618210870132317,0.04111858435576142,0.004143265494771194,-9.222675007185404e-05,-0.02026562368280429,0.0036458467713819083,0.017305206411372648,0.007359084307376179,-0.002155352132525874,-0.008593359672435328,-0.0012867792138422387,0.006933055369358049,-0.0017382385109667622,-0.0011675002278352623,-0.006755396684457092,-0.005021223681047562,-0.011380172542150829,-0.006349049100506822,-0.00286157869163436,0.0011756410679081473,-0.0004274469190277179,-0.029161545610942995,0.2822287808806868
6.345,0.187590280695,1.564037081138,28.8,115.2,0.5304648280143738,0.1642918586730957,1.299999952316284,30.82999992370605,0.1783933937549591,334.9280090332031,131.3819274902344,60.6455,0.7705,18738.0,201.0,20.6519,13.225,6.148,775.0,236.6058463286824,2.5380390176147487,79.195,32.652,23.515,6.148,12.782698470895246,0.7724210753786316,47.21,209885.0,11.2,48.7,31.3,49780.0,37342.0,15884.0,8.251880779338212,6.642425473153561,6.642425473153561,0.2421040892193308,53.7,2.91,-0.030231508152304735,-0.0050904942128690844,0.010656203051832567,-0.06439464478607261,-0.0022878539650264366,0.005362824565941988,0.027372477900367807,-0.01803518433515273,-0.04771020908522768,-0.007528699336398858,-0.027310242383857264,0.03896222724956898,-0.00319782954138645,-0.002623109369640589,-0.007143903848118497,0.008407427045232911,-0.0037040490030776753,-0.011455389282629772,-0.0023273164017591627,0.005364333604127746,-0.004936833971427404,0.020123111392436832,0.001501072920931622,-0.003510108031216079,-0.006581440122645292,-0.0013183976607251693,0.004695013935015595,0.005503201357954831,0.0003514243020763388,-0.00805261109075945,0.0016138608660839896,0.0029853010793594874,0.0005288306467482499,-0.001061490682943257,0.0005255783948887215,-0.0023035861397365776,-0.00856171806655766,-0.005307395428288144,-0.008338753614967576,-0.0023464293556244263,0.005874982756344261,-0.13592909339935433,0.2822287808806868
5.9,0.1662771156886,1.71571893414,28.5,175.3,0.451192706823349,0.3462640643119812,2.400000095367432,32.81000137329102,0.3270112574100494,280.4542541503906,130.2056732177734,183.5192,0.98,54651.0,1569.0,81.283,53.4333,1.4101,409.22,223.51233078401705,6.416915463580222,244.51,108.676,89.27,1.4101,21.606103183901,1.091960683698584,44.1,646581.0,15.7,29.6,54.7,32791.0,38369.0,16598.0,29.188471783605653,21.4702652156679,21.4702652156679,0.2514382037807957,117.0,15.94,-0.010441258901788372,0.013257690779166293,0.0352007692125917,-0.08170427416285385,0.022440942847257252,0.07288150403974578,0.04064462621125857,0.013963395688013408,-0.168723144058662,0.00016944011130545777,0.04446155231357262,0.0003749555903486912,0.029703803821816123,-0.010164550567395052,0.0002128862801764591,-0.0038355873496911967,0.017421028884476986,0.07962434239212599,0.042171175666400815,0.025332057125749995,0.0040579267071152595,0.0014008044185757304,0.019606000152241905,0.022103810050291946,0.07107978809886847,0.01780927900536336,0.017760386874273528,-0.00213649308911409,-0.0015501731976255678,0.016835499987428174,0.0052300521615543496,-0.009690563323558306,-0.0005872366623807579,-0.004451458575698788,-0.00651002208783758,-0.0041099622419860735,0.04431478581836564,0.011265595906734233,0.012677329191210441,0.014469334001070828,-0.006346375551598608,-0.0011167488909559291,0.2822287808806868
6.45,0.1214945252553,1.579837550425,27.0,407.6,0.50328129529953,0.6838319897651672,1.600000023841858,30.72999954223633,0.5970655679702759,303.3760986328125,130.0,146.82,2.55,54240.0,1270.57,40.6824,30.2805,30.43,8784.0,217.9459876481201,5.105376724300736,248.869,82.267,71.105,30.43,21.438604752014506,1.7255172022880916,45.35,732077.0,19.4,31.7,48.9,35573.0,35134.0,17406.0,18.86276651066043,10.95257410296412,10.95257410296412,1.971747299884448,117.01,0.4599999999999999,0.0021915187956328746,-0.0033010191119974505,0.003709636877625598,-0.0461656480312813,-0.03469665148456988,0.001240882277706987,0.008180880102328956,-0.014609910650935493,-0.032855083701564584,6.898177129914999e-05,-0.008750995468086331,-0.004335795695587873,0.0007280557347257854,0.00020536166348028868,-0.007500960651028435,0.0005668825182947345,-0.00396632453585334,-0.0001772887284896615,0.002795476552520997,-0.03846642672251619,-0.004454820060549537,-0.00016776409948942908,3.5134267003740155e-05,0.0014589288886490976,-0.002061557225606523,0.0009733524784824107,-0.003557222033472498,0.007099459137607483,-0.0014489524486125433,0.00029193641852180246,3.571945821750121e-05,-0.005713251486071386,-0.0006829950738319885,-0.0013659344348998274,-0.001572546038150902,-0.000828147410298695,0.0010796357433719098,-0.0019028633871348566,-0.0029996180703164995,-0.002535007892773138,-0.001690238666080404,-0.08638088072896062,0.2822287808806868
6.545,0.1443703391467,1.448893289668,28.0,354.1,0.4328791797161102,0.4880608320236206,1.799999952316284,34.54000091552734,0.440448671579361,306.6544189453125,129.1849212646484,78.86,1.51,42101.0,1310.02,57.39,30.39,23.13,2283.8,239.6050310170167,7.455580217403678,175.70999999999998,75.89,47.08,23.13,11.640145980325425,1.1288686636714582,52.2,686334.0,16.06716086336319,29.95130135865117,53.98150854710848,36106.0,32559.0,16815.0,12.881572327495135,5.887189901806822,5.887189901806822,0.6001059414337037,94.45,3.3600000000000003,0.004487664500324169,-0.001990625367296166,0.0032937388008867827,-0.039143685482500586,-0.054391865280369524,0.003861199660619607,0.02117315899615642,-0.022814304904924938,-0.021842734901103545,8.15541389456473e-05,-0.010723556527475014,-0.02314129885569855,-0.002190631451696386,-0.004091633662115781,-0.007980790719899229,-0.004013692631822779,0.0018723323959420647,0.002022215376404348,0.002912568117215411,-0.004689769483928104,-0.013143324554999706,0.00014182342767890595,0.0011737027624767564,-0.0005136243685410615,-0.0017119212055695238,0.003897458543302488,-0.0017510460674238857,-0.002159430837215037,0.0006705118824757003,0.0035259231053933063,-0.002258859135108647,-0.008878822777449386,-0.0014873942184349307,-0.002187834206531991,0.003561251053586601,-0.001786469602491707,-0.0031925277250702475,-0.008536358479410408,-0.0012581680655130202,-0.0016259488163341295,0.00017509067572246093,-0.08667682535042695,0.2822287808806868
6.67,0.3496345721093,3.285947327853,28.4,307.4,0.5771974921226501,0.2246352732181549,1.5,32.88999938964844,0.2297082245349884,274.3808898925781,127.9325256347656,97.05,1.21,106381.0,2590.42,55.63,35.38,21.39,6084.07,610.4028000918064,14.863552903373884,174.27999999999997,73.07,53.35,21.39,11.545413701275482,1.3286396630675812,42.31,858592.0,16.673582357043852,41.11565010222189,42.21076754073426,42877.0,31410.0,15449.0,10.182451797210655,6.929020407132105,6.929020407132105,0.954641587443107,92.11,1.36,0.007212520940993272,0.026498125691621677,-0.019303598013138985,-0.045191216533319686,-0.03578473383700474,0.004725254282559035,-0.016395870525666396,-0.01368715078631067,-0.04270972093990713,4.1554008610547316e-05,0.0037006708035187395,-0.024578871040015653,-0.003603481058322357,-0.0011477991020947189,-0.0034886536084813976,-0.005837248691117564,4.925543679564841e-05,0.0027414519784797475,0.0004542465560734853,-0.028867263804495454,-0.00476264895085478,-0.004906817617607885,-0.0003796568474499516,0.00030507462703098764,0.0004242026327046914,-0.0007144105598126778,0.0033921510988802763,0.0009537245804240195,-0.00046316930366447197,0.0002899809361915669,-0.0011281184223116707,0.0013855600665337972,0.0008172307377972198,-0.0010482867266546248,0.0017876037815876798,-0.00030677591449057253,-0.006516827889339763,-0.0031731604668384524,-0.006907630130619508,0.0022585206553922023,0.00125486302904028,-0.06896272256794327,0.2822287808806868
6.245,0.1588374700712,1.276391951719,28.1,472.3,0.315296471118927,0.3112873136997223,2.599999904632568,31.51000022888184,0.2990298569202423,255.4457244873047,128.9045104980469,47.0,1.3107136824324324,36372.0,288.0,18.2749,8.0877,7.75,507.0,653.2327586206897,5.172413793103448,55.68,23.55,11.03,7.75,12.063693803924313,0.472838893581081,63.26,168105.0,10.1,30.6,59.3,59606.0,41956.5,25127.5,34.79581925675675,15.15646114864865,15.15646114864865,0.5191153820594531,50.55,24.98,-0.03470429567495011,-0.0015970919753308412,0.012208092011322157,-0.04367125281953486,-0.05485189378507492,-0.007481386501298401,-0.012284243515721755,-0.011030395391819181,-0.06442942328364007,9.009131585480744e-05,0.0034845934264594704,-0.022377658891549794,-0.002765346263957324,0.0018683958954788939,-0.0004369150635320701,0.006226652942699729,-0.005753772241019762,-0.020057855679056956,-0.004604032829563947,0.0027114200744763365,-0.00693498631331022,0.004311046165821614,-0.005550698203209325,-0.00315933503297856,-0.00822654133829201,-0.0025370518924464707,0.005717736003018218,0.0036769917289639097,-7.818148828664434e-05,-0.0034201661441475213,-0.0013859000856609842,-0.003290677554497966,-0.0038786265170347167,0.0017400659102131595,-0.005979757222143235,0.0017463261095690605,0.011707746941290688,0.0002941390513587991,0.002459561841693361,0.0011237161543685963,-0.0003038628457288724,-0.01010081383726356,0.2822287808806868
6.22,0.1396255252606,1.262405959324,27.7,421.2,0.3442819714546204,0.0872379466891288,1.700000047683716,32.13000106811523,0.1197903603315353,227.1785125732422,127.3537368774414,113.44,6.47,113005.25,3048.97,56.37,31.11,33.02,4048.8,632.6927383685123,17.070544762331334,178.61,74.6,52.48,33.02,11.832260392384752,1.0136065476243834,41.19,962714.0,23.22925734100645,37.059541398199215,39.71120126079434,40450.0,30441.0,14677.0,7.420621787035737,5.286083690348805,5.286083690348805,0.6079000575173069,68.94,7.709999999999999,-0.01236269733782683,0.0019431257601318086,0.0038407431660525612,-0.040800052684870025,-0.039044151165115185,-0.004152105167173434,0.012891685284172127,-0.013951934185330172,-0.02056123457851209,-0.0056253372462815605,-0.005375200301161386,-0.0223780628220411,-0.011391880752293217,-0.008325949214064168,-0.004556825849591406,-0.008936239673304954,0.0011887370528274944,0.00496975799450593,0.0009990636064176213,-0.014719060954710584,-0.012597354649096814,-0.025588433288736268,0.003496596926328495,0.0027730396895640263,-0.004469350809165918,0.0018947254108061316,0.0035342698649546956,0.0002767662890255455,-0.001180081702328605,0.0023177972272133062,-0.003298208429288932,-0.002787262160120009,2.536832358600782e-05,-1.1878602919750017e-05,0.0005229735695284023,-0.0026020405556046173,-0.005328776233494865,-0.00941516693198355,-0.0027553677639953087,-0.00036675778769131517,0.0028697459102113476,-0.04281692757410201,0.2822287808806868
6.805,0.1268252958939,1.320664001366,27.3,172.8,0.4161115288734436,0.2807495594024658,0.800000011920929,35.4900016784668,0.2745996415615082,284.4898376464844,130.9375762939453,46.39,1.9696,37903.0,493.0,18.997,12.4084,9.119,1097.6666666666667,438.5652299681805,5.704367949088805,86.425,31.048,20.027,9.119,23.6873667742644,0.5198347645921357,40.86,412043.0,11.40105756416319,43.837324276686296,44.76161815915051,46146.0,36086.43,16572.17,12.426995927713286,10.42342201495799,10.42342201495799,1.8765437977532649,50.36,4.55,0.0009305325479363094,-0.006910780049292952,0.0022536032380448883,-0.07203183818268008,-9.548431745497201e-05,0.001398093720432374,-0.023847474504174897,0.0046345594022568545,-0.04316074862891401,0.00012250712601235306,0.004494188021883019,-0.0036032621765334583,0.0031480087025411224,-0.0029252504982723655,-0.0003629886415146803,0.0027147016864473702,-0.006513521126835259,-0.007912776923461932,-0.0036317947031930115,-0.0014450690913945428,-0.016009887972148133,0.0015376755885954502,-0.0009989998928940618,-0.004097075726836921,-0.002715196043485776,-0.0022420702172239577,-0.01138927752293239,-7.606418513750744e-05,0.0012634135482803642,0.0001542905176902462,0.0025013205129071174,0.002655588347275625,-0.0007699960573518173,-0.004922214526173771,-0.001885334070466343,-0.0013058837643911856,-0.0029323277391813465,-0.0033419505566998865,-0.0038909746021963615,-0.003975405120829242,0.0008569186079548654,-0.07699376228827168,0.2822287808806868
6.725,0.1258579667521,1.354410811781,27.3,416.7,0.2475447058677673,0.1029258966445923,2.5,31.53000068664551,0.1314879506826401,271.5149230957031,131.2420196533203,94.5485,2.1563,46537.0,680.0,35.5076,21.2759,9.55653,702.0666666666667,383.5888559182328,5.60501153972964,121.32,51.283,28.768,9.556533333333334,22.96171465687948,0.7568755271663641,40.05,477450.0,5.7139813203593866,53.40210944990944,40.88390922973117,54771.0,36208.0,22771.0,14.874310622850874,16.990620933097066,16.990620933097066,2.7751741163370838,74.2,3.4799999999999995,0.000357191720642733,-0.007549885412314323,0.007526583613187537,-0.07084356252170984,-0.06301263361040037,-0.01666771132280701,0.042603962288558256,-0.012305502537434223,-0.061536312893535075,-0.0027559462842182266,0.0038632956726796707,0.01530344433556457,-0.0013297941587661686,-0.0016628349952516209,-0.0004605696895159843,0.004146084865642476,-0.0023662631790211906,-0.003534908562243801,-0.0014091056877659775,0.006143310943734827,0.011963806497646149,0.0015430332164687573,0.000986624310957268,-0.0010127035588593544,-0.0010883424235871662,0.00035969446614035486,-0.026359455063851782,0.003663106665859233,0.0002413188312784793,0.002943029126588952,-0.0024186355539568454,0.0024446590671286664,0.0005771119864948583,0.0007461256348178797,-0.00045609014443471536,0.0011679948592936875,-0.001989602424204344,-0.0008001734994904817,0.00022577659916714785,-0.001153862092643973,0.0022605735054239636,-0.1096128913692519,0.2822287808806868
7.115,0.1365566168923,1.569686265859,27.7,289.9,0.6096546649932861,0.1284908801317215,2.900000095367432,32.18999862670898,0.1527927070856094,219.2985229492188,131.0,86.2176,3.9735,25523.0,815.0,31.1163,21.4397,6.37807,471.8666666666667,209.2032032524324,6.680273112515471,122.001,42.695,30.889,6.378066666666666,23.090604598202717,0.495701072671828,46.74,578032.0,13.2,34.4,52.4,70896.0,35317.0,22722.0,12.79694947845151,11.127680470035047,11.127680470035047,1.418914034866713,54.7,13.36,-0.02512851090294862,-0.010691935425638798,0.009886541981104535,-0.030625854976795375,-0.10503045732731697,0.010301369634777076,0.11522303443588318,-0.0002477639394928732,-0.11990176537018124,-0.004063861829839878,-0.013955253767999243,-0.0009523186063597657,8.348598078009584e-05,0.08970757231966126,0.016853172925533726,0.005675180044272565,0.0023407511081968545,0.014098067265818831,-0.0051146744692668975,0.03392121065614628,0.03710814200880123,-0.004788471544627098,0.0020990700337279113,0.003304366017691794,0.000466709289699796,0.011670529838040237,-0.003949437748000495,0.017451032989469244,0.000754936864832419,0.0025590843771060466,0.00030323583845165495,-0.001898352502350463,0.0034162170686031445,0.007915119014585793,0.0034512914287770395,0.009722054275582193,-2.0462400891109454e-05,-0.005346624579477063,-0.0036898242411480217,-0.00022397532727337077,0.0018717059478949502,-0.13053248903356143,0.2822287808806868
5.555,0.2521590479137,2.278178500774,3.8,17.0,0.2121531069278717,0.277606874704361,0.449999988079071,8.529999732971191,0.2535617649555206,287.2151489257813,132.8357696533203,126.195,0.9478,45899.0,1702.0,58.722,16.8508,16.87,882.0,223.4017181377917,8.284052468910467,205.455,93.926,30.942,16.87,33.16205965449566,1.7174502122943875,39.64,605389.0,14.2,42.9,42.8,42227.0,38884.0,17032.0,18.34775726355647,14.769191834162667,14.769191834162667,0.4028414498141264,119.4,18.66,-0.0008456335491646399,0.0772501277362753,-0.03906787051988068,0.07047590564517306,0.019037332227337188,-0.005643770544091234,-0.20656653797111355,0.03557058520324063,0.14880642462320975,0.0020752897925849557,0.024888872141542385,0.16862578957236835,-0.0009886301301303315,-0.02913358700857499,-0.005380529372370801,-0.010751359505869921,-0.004080060447275174,-0.002985272067729955,0.01204437105753459,0.01075850890477886,-0.00397047399604343,-0.005582403760432517,0.005343895442725603,-0.0009754652031115363,0.0020679928643367097,0.01185202486574417,0.011311394323784035,-0.02517171941163542,0.0030684599415399306,-0.0006446147578244605,0.014035842652374422,0.02595010791410458,0.004797030840942164,0.0003805262350651928,0.0059282883202249545,9.580241329968652e-05,0.01836622116630315,0.01943567477210308,0.019624171614821544,0.025818560889631047,0.00040108099092322493,0.07203821934619921,0.2822287808806868
6.365,0.1147868051168,1.183626584146,4.3,26.0,0.1972007304430008,0.290416955947876,0.5,6.380000114440918,0.2823335528373718,270.0374450683594,130.0,60.6455,0.7705,18738.0,201.0,20.6519,13.225,6.148,775.0,236.6058463286824,2.5380390176147487,79.195,32.652,23.515,6.148,12.782698470895246,0.7724210753786316,47.21,209885.0,11.2,48.7,31.3,49780.0,37342.0,15884.0,8.251880779338212,6.642425473153561,6.642425473153561,0.2421040892193308,53.7,0.64,-0.042371293550575506,-0.04649924128687417,0.008546267954981885,0.001682043771055758,-0.0013909491164522468,-0.004347287755612345,-0.031927043481104186,0.00897026372580149,-0.010204539270824172,4.796131202601849e-05,0.0050917130839370625,-0.01389586626634991,-0.0014067852248845158,-0.0024862136052979608,-0.006629813140360055,0.004486930912375101,-0.0005963499380013686,-0.0070364301855151985,-0.004540781593546853,0.0032344795275275813,-0.012550384207293975,0.010171786271559544,0.002393630082093296,0.0014628719574393482,-0.006151864426050455,-0.00814127992236172,0.000865161063644334,0.0014583036624244434,0.0012642807499796617,-0.003132099771581129,-0.0010040988212858795,0.005293966326207733,3.516267062513975e-05,-0.0017538309531519212,-0.0036474411543749702,-0.0030696716213715245,-0.010994411299383496,-0.006229727080659353,-0.00496722182596568,0.0018399082499527156,0.0012876622196345143,-0.10373135285054014,0.2822287808806868
6.445,0.1367118254852,1.298144584647,4.3,26.0,0.2148696184158325,0.4087094664573669,0.4000000059604645,7.809999942779541,0.376967579126358,334.9280090332031,131.3819274902344,60.6455,0.7705,18738.0,201.0,20.6519,13.225,6.148,775.0,236.6058463286824,2.5380390176147487,79.195,32.652,23.515,6.148,12.782698470895246,0.7724210753786316,47.21,209885.0,11.2,48.7,31.3,49780.0,37342.0,15884.0,8.251880779338212,6.642425473153561,6.642425473153561,0.2421040892193308,53.7,1.87,0.041203698099780015,-0.010515106165432376,0.01311075600434559,0.005840430224779989,0.0002521890621428657,-0.006220317722327314,0.02252025332849007,0.02455099965023692,0.08879666753103084,0.0006021176558570013,-0.011376939350971954,0.0696666514776589,0.001119844326021846,-0.005149874285547421,-0.01124818012828473,0.012172943944868163,-0.006712777554450444,-0.012821424849826134,-0.010981854717625538,0.013123776419786732,-0.003279810310428724,0.03496242328280642,-0.00022176943114027154,0.00449859972661944,-0.006244023032544651,-0.017273508436919653,0.010307335806428453,0.0009567652565456275,0.0017160847177728963,-0.01521283234545262,0.0038372810636210426,0.02307880600713542,0.002639313133709951,0.0005491058034240333,-0.011210589085763781,-0.0058622801754099774,-0.01936598451099416,-0.009831971321298625,-0.010626091405458286,0.0055439096025948,-0.0036829681903182048,-0.2888697504407464,0.2822287808806868
6.105,0.1732695057781,1.83224403656,3.4,7.0,0.1602319031953812,0.2202560305595398,0.6000000238418579,8.40999984741211,0.2098356187343597,280.4542541503906,130.2056732177734,183.5192,0.98,54651.0,1569.0,81.283,53.4333,1.4101,409.22,223.51233078401705,6.416915463580222,244.51,108.676,89.27,1.4101,21.606103183901,1.091960683698584,44.1,646581.0,15.7,29.6,54.7,32791.0,38369.0,16598.0,29.188471783605653,21.4702652156679,21.4702652156679,0.2514382037807957,117.0,11.43,-0.06706487997456859,0.006467210600676479,0.009476272266037996,0.04140606859890976,0.013884998291934602,-0.016701171597582287,-0.11584570890190662,0.019580581725051165,0.09668861806578935,-0.008634673706401367,0.0221095995982032,0.004419292754202614,0.004170013708091583,-0.003877908987225967,-0.005660722577144039,-0.006659386318191532,-0.005127656806667806,0.02913585454743588,0.01291042566671968,0.0028581642162171213,-0.048139166455148374,0.0017720173762063502,-0.010828036183898809,-0.014440805736245238,0.021462124810175745,0.0027171432472969117,0.0006853632288984973,0.0021667207156569946,0.001784781951952022,0.009617240054809365,0.006776728632510637,-0.01630403034508345,-0.0030709679806459416,-0.005250972052308499,0.005099609218683329,-0.0012211446303408535,0.03552069735946133,0.02550554115144769,0.021078345486821488,0.01467365402789438,-0.0007009048555337322,0.0536094631615124,0.2822287808806868
6.220000000000001,0.07622649824215,0.7090772672491,2.7,28.0,0.130614772439003,0.1433392316102982,0.300000011920929,8.729999542236328,0.164671391248703,303.3760986328125,130.0,146.82,2.55,54240.0,1270.57,40.6824,30.2805,30.43,8784.0,217.9459876481201,5.105376724300736,248.869,82.267,71.105,30.43,21.438604752014506,1.7255172022880916,45.35,732077.0,19.4,31.7,48.9,35573.0,35134.0,17406.0,18.86276651066043,10.95257410296412,10.95257410296412,1.971747299884448,117.01,0.001414214,-0.02437078636835941,-0.04857055455718364,0.003379393188632086,-0.010246415761503157,-0.0007703174382186343,0.0026404018126486408,0.01890949853126222,0.005164121924157374,0.017062698284353247,-0.0037348592032212745,-0.01449620781758858,-0.003651198512692644,-0.0026018041653078387,0.002356752565101489,-0.00286119047824468,-0.0021817611076839953,-0.001505423503425844,0.0010658183160703618,0.002695066713742559,-0.05552589398241251,-0.02346979105682112,0.003527828273479826,0.006270569323787642,0.0004358124742720971,-0.00147482881491305,0.00648005792195908,-0.007112298931635448,-0.012419514720859297,0.0006660815891809738,0.002792028729149025,-0.004804976386840283,-0.009722082214109834,-0.005056192455158452,-0.004330304465431258,0.001880812854913536,-0.0009180917596095233,0.0013102693157052195,-0.005180687667685562,-0.005977239179905154,-0.0004414805944543281,-0.007115110665326938,-0.0997976294791224,0.2822287808806868
6.49,0.1605837784232,1.544346997286,3.3,21.0,0.3203232288360596,0.5338107943534851,0.6499999761581421,7.849999904632568,0.4770486354827881,306.6544189453125,129.1849212646484,78.86,1.51,42101.0,1310.02,57.39,30.39,23.13,2283.8,239.6050310170167,7.455580217403678,175.70999999999998,75.89,47.08,23.13,11.640145980325425,1.1288686636714582,52.2,686334.0,16.06716086336319,29.95130135865117,53.98150854710848,36106.0,32559.0,16815.0,12.881572327495135,5.887189901806822,5.887189901806822,0.6001059414337037,94.45,9.92,0.07782631574953848,0.022362881866865785,0.01752076541661518,0.044616791615510014,0.014267943370636207,-0.014230452537914964,0.056334797421615804,0.050872291932988443,0.0652702388534526,0.000732722496148193,-0.015053215762804032,-0.048373587662499634,0.005726619915832998,-0.003118042131303811,-0.02819482916714332,-0.011920500381384046,-0.014446663951137449,0.006584661116154154,0.0004302425841597124,-0.012197624598440598,-0.0601487533908512,-0.012942348429161943,-0.0028150751016946794,-0.009369922264362682,0.006871272657401281,-0.0031609194776683613,-0.018618571931147018,-0.009699945314961949,-0.00047124693909426777,0.009172807086230026,0.0025235582327586604,-0.02341654966617352,-0.014313153110473643,-0.0036488263229257343,0.014321784036350437,-0.003485616890393425,-0.007544463995029217,-0.012731866587069814,-0.014286627063440391,0.006105717860977166,-0.0003751283393648941,-0.0316398875371524,0.2822287808806868
6.565,0.2264315865326,2.033548315905,3.6,21.0,0.3838760256767273,0.5992656350135803,0.75,6.25,0.5294125080108643,274.3808898925781,127.9325256347656,97.05,1.21,106381.0,2590.42,55.63,35.38,21.39,6084.07,610.4028000918064,14.863552903373884,174.27999999999997,73.07,53.35,21.39,11.545413701275482,1.3286396630675812,42.31,858592.0,16.673582357043852,41.11565010222189,42.21076754073426,42877.0,31410.0,15449.0,10.182451797210655,6.929020407132105,6.929020407132105,0.954641587443107,92.11,2.95,0.0855986782674736,0.12511938357804323,0.05093816586854518,0.05822550657513784,0.00024439711641753017,-0.004704956019471867,0.05985041060805089,0.0356227376202587,0.08491931673215003,0.0017953320853703297,0.014040816761495082,-0.07607770112741856,-0.0064706187571864525,0.014611168688468762,0.006817573341337269,-0.025156564329488894,0.0070444776160584295,0.01604446774040116,0.013269238289663917,-0.05181368595993263,0.012920508106559281,-0.06162466892649535,0.005111734120480829,0.0028676752714091,0.005280221056949824,0.02474303660253645,0.02020131305651739,0.0005630133717641012,0.008499762296385592,0.009386887399217822,0.0010845483374432655,0.026864702494873195,0.017796763924823614,0.009188226523270702,0.009082101318534111,0.001488134848797932,-0.012565155177348065,-0.015997491920861646,-0.01629528131702681,0.009516721085092272,-0.0013154290022503261,-0.18469729651301167,0.2822287808806868
6.615,0.2498670891447,2.540322618316,3.9,31.0,0.2856614589691162,0.474615067243576,0.5,9.329999923706056,0.4296920597553253,255.4457244873047,128.9045104980469,47.0,1.3107136824324324,36372.0,288.0,18.2749,8.0877,7.75,507.0,653.2327586206897,5.172413793103448,55.68,23.55,11.03,7.75,12.063693803924313,0.472838893581081,63.26,168105.0,10.1,30.6,59.3,59606.0,41956.5,25127.5,34.79581925675675,15.15646114864865,15.15646114864865,0.5191153820594531,50.55,6.99,0.1322298078694148,0.1248531560160336,-0.0676483109742985,0.06466167304004193,0.004011441228911281,-0.02918307256211119,0.050799399010094934,0.07062757241973303,0.07565805730374994,0.002928825980096006,0.01816705125897715,-0.025975423123250952,0.027568704084987978,0.005875684275262773,-0.0025999249950691694,0.026703039784042613,-0.006142443908785933,-0.024683618682087398,-0.00949837546053459,0.018364394008167428,0.000281680874191817,0.017944474726537003,0.005312462055589995,0.005765152558393308,-0.020445264063746436,-0.014890394652349648,0.0053555078473582415,0.016448281608507392,-0.011371646158586372,-0.010721270218142304,0.0247556162524561,-0.016049145412660434,-0.015607185248605673,-0.0011235665513086106,-0.023514806366729306,0.009720092307397862,0.061724422673665694,0.012435961446637524,0.01445661419967656,0.012192561190895517,-0.01478576649626484,-0.2067615617022384,0.2822287808806868
6.6850000000000005,0.2234949169228,2.132437712,3.1,16.0,0.1741376221179962,0.2516548931598663,0.449999988079071,7.449999809265137,0.2513239085674286,227.1785125732422,127.3537368774414,113.44,6.47,113005.25,3048.97,56.37,31.11,33.02,4048.8,632.6927383685123,17.070544762331334,178.61,74.6,52.48,33.02,11.832260392384752,1.0136065476243834,41.19,962714.0,23.22925734100645,37.059541398199215,39.71120126079434,40450.0,30441.0,14677.0,7.420621787035737,5.286083690348805,5.286083690348805,0.6079000575173069,68.94,3.78,0.03782996719251969,0.07901425437771833,0.06920612677029567,0.020100541361985965,0.003189930889930112,0.0021862566659983738,-0.04214346654458496,0.016217907109909,0.020195888631147692,0.0002111894166155294,0.002141332686747776,-0.051893150943549696,-0.008608543535214262,-0.007397186453774336,-0.009662619012582571,-0.027683448655181565,0.007139250211854231,0.00849088905824465,0.009213481886850788,-0.017177876338042557,-0.025601410294184463,-0.04481988533260302,0.0012415676254022366,0.00020023278132430197,0.006229429604805771,-0.008677822465047936,0.01376603374502156,0.001515636579570126,0.0025430281074659373,0.005663618462946033,-0.014585950890410468,-0.03405199393071234,0.0042283241244149335,-0.006720903583045579,0.011385621868845192,-0.005784836925799024,-0.010852120216412003,-0.009155520774627805,-0.013692180583311708,-0.004124856202077353,0.011252228527941041,-0.16398989369992342,0.2822287808806868
6.744999999999999,0.190567550905,2.302765231833,4.4,15.0,0.3107393682003021,0.2610255777835846,0.300000011920929,10.78999996185303,0.2588204741477966,284.4898376464844,130.9375762939453,46.39,1.9696,37903.0,493.0,18.997,12.4084,9.119,1097.6666666666667,438.5652299681805,5.704367949088805,86.425,31.048,20.027,9.119,23.6873667742644,0.5198347645921357,40.86,412043.0,11.40105756416319,43.837324276686296,44.76161815915051,46146.0,36086.43,16572.17,12.426995927713286,10.42342201495799,10.42342201495799,1.8765437977532649,50.36,25.380000000000003,0.05980931943302857,-0.0017050974660814898,0.02411606451804982,0.0426397484751069,0.02828395798424027,-0.025785562185075828,-0.11009265909975512,0.031027365852845833,0.08823663260797912,0.0016956749204546206,0.026443274449382437,-0.004736540603917108,0.017347768484352852,0.02135977304961125,0.0034589761315874127,0.007189281659026156,-0.008775062487839028,-0.032879649458322086,-0.006004668265668448,0.014627326177826042,-0.028285475921758913,0.012927990158175815,-0.0031909385492908753,-0.004316658352210659,-0.01679343684576452,-0.002711171132890741,-0.04042037314575282,0.02434319525840693,-0.005374409299038233,0.005432418596144998,0.019759938701419757,0.015289954546635265,0.0030995844778662907,0.004359842437901532,0.014596672154351833,-0.004547310529742393,-0.009906981410254954,-0.00794007451820653,-0.0025402178326767166,-0.007752054463198865,0.01034273612729158,0.14735177079153075,0.2822287808806868
6.720000000000001,0.1999856564854,2.081625695475,2.5,13.0,0.2666166126728058,0.3510452210903168,0.5,8.289999961853027,0.3308361768722534,271.5149230957031,131.2420196533203,94.5485,2.1563,46537.0,680.0,35.5076,21.2759,9.55653,702.0666666666667,383.5888559182328,5.60501153972964,121.32,51.283,28.768,9.556533333333334,22.96171465687948,0.7568755271663641,40.05,477450.0,5.7139813203593866,53.40210944990944,40.88390922973117,54771.0,36208.0,22771.0,14.874310622850874,16.990620933097066,16.990620933097066,2.7751741163370838,74.2,3.45,0.04414061846735422,0.025608024937246232,0.03323557404287568,0.057297673318200404,0.002954426563461318,-0.03455804285051999,0.0380138422123273,0.03938839493074921,0.12508916825021155,0.00146928282889712,0.016193172820450852,0.04816781919125059,-0.004149215419252859,-0.004856009046023251,-0.002923478855183928,0.0080512977498147,0.011127796707718515,-0.0012672280163096654,-0.012269596546291723,0.029072167436970636,0.015715880700357947,0.012193249824078519,0.007174842918786455,0.0036358025247172866,0.0025000501823378663,-0.009317712880030735,-0.003685879044729509,0.00779627634884673,2.1921768930030504e-05,-0.005175997239974103,0.027559413009643312,0.0034441484150302083,-0.012003398283253775,0.004397016809307382,-0.0050762011757760645,0.007654175473711803,-0.007116038089501679,0.007611601404496471,0.009738264389452515,-0.02324569503527891,0.0033114973182382518,-0.2344100232907949,0.2822287808806868
7.02,0.06714716584645,0.6007905580112,2.5,11.0,0.2684709429740906,0.325076162815094,0.5,7.570000171661377,0.3100609183311462,219.2985229492188,131.0,86.2176,3.9735,25523.0,815.0,31.1163,21.4397,6.37807,471.8666666666667,209.2032032524324,6.680273112515471,122.001,42.695,30.889,6.378066666666666,23.090604598202717,0.495701072671828,46.74,578032.0,13.2,34.4,52.4,70896.0,35317.0,22722.0,12.79694947845151,11.127680470035047,11.127680470035047,1.418914034866713,54.7,0.7,-0.04772383747756248,-0.06059870111227791,0.005719481996668035,-0.012298391236588942,0.003973199116750043,-0.011144874835634259,0.0032812736825726476,0.008382039783376967,-0.007115596502757402,0.00024175967951305214,-0.023154100485931847,-0.0023000198741792706,0.0024820130515727204,-0.0010426323041901964,-0.005426032638395556,0.0036058157788211296,-0.0048275691157905415,-0.0017142399197764458,-0.008847090044670042,0.006914221989820358,-0.017274675587003,0.00030227832766831534,0.002398037128703438,-0.002637846460420405,-0.002804535350325754,-0.0016526177484774969,-0.0006992010793765026,0.003938902672685795,-0.0015759302921505877,0.0023814343795820615,0.0027794818796974185,-0.011657580025552311,-0.0049018520794052185,-0.00014722638113016687,-0.0005177096516854317,0.0020139288430073106,-0.005802410313131985,-0.005116623421781694,-0.0037021990493376505,-0.007242211063945433,0.0012911846700008102,-0.0782081256496167,0.2822287808806868
6.32,0.1405047339064,1.54002453671,19.1,28.0,0.6302679777145386,0.765863835811615,1.700000047683716,25.14999961853027,0.662691056728363,287.2151489257813,132.8357696533203,126.195,0.9478,45899.0,1702.0,58.722,16.8508,16.87,882.0,223.4017181377917,8.284052468910467,205.455,93.926,30.942,16.87,33.16205965449566,1.7174502122943875,39.64,605389.0,14.2,42.9,42.8,42227.0,38884.0,17032.0,18.34775726355647,14.769191834162667,14.769191834162667,0.4028414498141264,119.4,16.69,-0.03163196136012266,0.007697256425744856,0.019667965427099254,0.009561998254852367,0.0063441849328373795,-0.012736754349636614,0.025570523784626854,-0.044112277977277695,-0.11274367103321128,0.0008958368185994922,0.015801984355945032,0.07216022694273125,0.016126670068901144,0.0004076640823332249,-0.004552753957046666,-0.007420445242256393,0.003854514553429906,-0.005056160214851844,0.0003828523813135754,0.016138994316046595,-0.012297504505142567,-0.005428941820282489,0.0005307578144420344,0.0026129337947641052,-0.0016836790444940569,0.002916722086622027,-0.003462797541011235,-0.005791031982633294,0.003681675836764047,0.005920667446276641,0.0059338602518400835,0.007043808025438922,0.00042547856052987666,0.00032650302647379626,-0.004505818207224364,0.007958493567610279,0.0038928583853994588,0.0054360455002752175,0.005893322978838108,0.007531326115829876,-0.003990247928013562,-0.08421556926058837,0.2822287808806868
6.355,0.1134605722313,1.226288784831,20.0,15.0,0.5981937646865845,0.7840847373008728,1.5,25.61000061035156,0.6772677898406982,270.0374450683594,130.0,60.6455,0.7705,18738.0,201.0,20.6519,13.225,6.148,775.0,236.6058463286824,2.5380390176147487,79.195,32.652,23.515,6.148,12.782698470895246,0.7724210753786316,47.21,209885.0,11.2,48.7,31.3,49780.0,37342.0,15884.0,8.251880779338212,6.642425473153561,6.642425473153561,0.2421040892193308,53.7,20.130000000000003,-0.030503935231390646,-0.021181723471308943,0.006450866024912105,-0.057125836188221,0.0016582181840349229,-0.0031237912189099023,-0.0028974530602426944,-0.020598893047252202,-0.07431382624292746,5.898850281664796e-05,0.004006100202183005,-0.0075746645298932005,0.006020289759660958,-0.0022746770114608792,-0.0009493744084174974,0.008334611759913967,-0.017784426777390762,-0.013925862531425085,-0.0060613772335345855,0.0029338258073257767,-0.01181161609222181,0.01450069201510632,0.0004889876581582927,-0.0038039077999710512,-0.005965336709050464,0.00018524187570437503,-0.004802196496355458,0.003651361657030068,0.0006503521241538672,-0.006278277261648329,0.0006306256544921782,0.002356800062581898,-0.0006894019548490199,-0.0020011995127861143,-0.0022158741399762225,-0.0018173898506211109,-0.012790555273866628,-0.006396108314394955,-0.006578179135598473,0.001200181680862444,0.003807372173308976,-0.012764065397161175,0.2822287808806868
6.359999999999999,0.3182215058186,3.183907364943,20.0,15.0,0.6330850720405579,0.9256718158721924,1.5,23.90999984741211,0.790537416934967,334.9280090332031,131.3819274902344,60.6455,0.7705,18738.0,201.0,20.6519,13.225,6.148,775.0,236.6058463286824,2.5380390176147487,79.195,32.652,23.515,6.148,12.782698470895246,0.7724210753786316,47.21,209885.0,11.2,48.7,31.3,49780.0,37342.0,15884.0,8.251880779338212,6.642425473153561,6.642425473153561,0.2421040892193308,53.7,14.07,-0.015558053904685943,0.03611933174751175,-0.07476144088836736,-0.10130424509577278,0.010637214352813317,-0.0032256408385728727,-0.027856304375600306,-0.04284231476241257,0.03402471425035038,0.0008035085958254084,-0.02312149585349834,0.06984984243212966,-0.0033538051257783036,-0.011146542183341806,-0.0006776743867303578,0.012991524870507417,0.0016478989577153643,-0.007427087142175872,-0.003980986972426766,0.009440208787083976,0.0018515632058260921,0.032888064115002634,0.0021631636749079924,0.002870021903116137,-0.008998128966719384,-0.008123562639579173,0.0021339324880464148,0.006158018564747181,-0.003183731961151346,-0.010187114482847395,-0.003160817804920957,0.006417167536834312,-0.0011318895623990133,-0.0016107729369396057,-0.006226051688077862,-0.0031557513044972465,-0.013980730049093842,-0.005910170662798914,-0.0032434268808719953,0.0028745323151670153,0.005187576175667351,0.029600974501619935,0.2822287808806868
6.045,0.4323661659069,4.523324693613,18.6,4.0,0.5635682940483093,0.7286205291748047,1.700000047683716,23.09000015258789,0.6328964233398438,280.4542541503906,130.2056732177734,183.5192,0.98,54651.0,1569.0,81.283,53.4333,1.4101,409.22,223.51233078401705,6.416915463580222,244.51,108.676,89.27,1.4101,21.606103183901,1.091960683698584,44.1,646581.0,15.7,29.6,54.7,32791.0,38369.0,16598.0,29.188471783605653,21.4702652156679,21.4702652156679,0.2514382037807957,117.0,45.79,-0.06490893086564029,0.12402487041540733,-0.3080362694801006,0.11144360822404271,0.09914382068175474,0.04635633050309844,-0.003388580669648947,-0.055318743118506986,0.031351674827936195,0.002193271054537016,0.04847047411571838,-0.022188758857402735,0.008287270978471501,-0.005131302200112269,0.006146677329044922,-0.005710668400977717,-0.009697933018425841,0.0024458346675965276,-0.008758061276865186,0.021428043587220592,-0.057756578829183114,0.00392793126535256,-0.0310377901890024,-0.006175452703522741,-0.006909647978522121,-0.03623261345643551,0.03356696055186331,-0.001037377179629395,0.0018982932695071147,0.0369221150063386,0.009795436904183583,-0.009345673243456965,0.004543972912128089,-0.010015897139295713,0.009674302922358022,0.003437627450897704,0.10064010152721314,0.057606230744422636,0.04033042990553079,0.024829008620115934,-0.002019039782302606,0.7439806264550425,0.2822287808806868
6.93,0.05768797243834,0.6174817119731,18.2,0.0,0.4405795335769653,0.6189005970954895,1.299999952316284,25.8700008392334,0.5451204776763916,303.3760986328125,130.0,146.82,2.55,54240.0,1270.57,40.6824,30.2805,30.43,8784.0,217.9459876481201,5.105376724300736,248.869,82.267,71.105,30.43,21.438604752014506,1.7255172022880916,45.35,732077.0,19.4,31.7,48.9,35573.0,35134.0,17406.0,18.86276651066043,10.95257410296412,10.95257410296412,1.971747299884448,117.01,0.0699999999999999,-0.02643035415245686,-0.05839474348632211,0.008862936916200857,0.00046336976609018287,0.011462885801025552,0.0020403525314905036,0.015364684746658901,-0.011516057714092313,-0.026751424730100552,0.00021395783091429643,-0.00808048519668955,-0.008671504721525707,-0.012980250758642795,-0.0030167439882061485,-0.010755199726743742,0.000699391760550497,0.004387116116995454,-0.0005664254944276773,0.006248424165387403,-0.041453010680459555,-0.002145569398708177,0.0059546590306417835,0.0035732364599898535,0.003956681992582161,0.0024998066384141603,0.003701330595256877,-0.009013450779166307,-0.003920673906861341,-0.0004843004888243741,0.0002614071752905131,-0.004585132735723161,-0.005628330821971764,-0.0004807842984009797,-0.00409073836257448,0.0013703460021206445,-0.003123277162507286,0.003801696013426404,-0.005105590629013027,-0.002955611277458956,-0.00015769423614255814,-3.422915416012888e-05,-0.10599833493104963,0.2822287808806868
6.76,0.1383364927277,1.36151947826,18.3,32.0,0.6368365287780762,0.8975669741630554,2.400000095367432,24.67000007629395,0.7680535912513733,306.6544189453125,129.1849212646484,78.86,1.51,42101.0,1310.02,57.39,30.39,23.13,2283.8,239.6050310170167,7.455580217403678,175.70999999999998,75.89,47.08,23.13,11.640145980325425,1.1288686636714582,52.2,686334.0,16.06716086336319,29.95130135865117,53.98150854710848,36106.0,32559.0,16815.0,12.881572327495135,5.887189901806822,5.887189901806822,0.6001059414337037,94.45,13.6,0.002344596514507427,-0.0039834362179390174,0.009271889514275246,0.0016737955095450156,-0.0011443810629425577,-0.008066812702280005,-0.04245250804445095,-0.022588047860335792,-0.05410028816960403,0.00029489267400640873,-0.019625464697201098,-0.035485012620629273,-0.0037519537715415925,-0.0043938668365444715,-0.007364673272342767,-0.0033799975943984498,-0.0001481068642897293,0.0047162134127211154,-0.0017437766998627904,-0.000811397426557954,-0.016559571548656095,-0.003521142865123697,-0.002049809933465436,-0.001354706970829281,0.001209200772718758,0.001042771178676051,-0.011973891320594702,-0.003507282906983157,0.0014193888905137994,0.005440195993403904,0.002816390113759557,-0.009022468007824498,-0.009001874368710557,-0.001471583491846107,0.0005400369083581567,0.0004239556582906526,-0.00564419508480205,-0.007248565385714753,-0.011524309889064171,-0.003365300958233998,-0.000757622745353731,-0.014564383945755252,0.2822287808806868
6.675,0.2890472276714,3.014214178748,19.0,46.0,0.5933253765106201,0.8934727311134338,1.799999952316284,25.76000022888184,0.764778196811676,274.3808898925781,127.9325256347656,97.05,1.21,106381.0,2590.42,55.63,35.38,21.39,6084.07,610.4028000918064,14.863552903373884,174.27999999999997,73.07,53.35,21.39,11.545413701275482,1.3286396630675812,42.31,858592.0,16.673582357043852,41.11565010222189,42.21076754073426,42877.0,31410.0,15449.0,10.182451797210655,6.929020407132105,6.929020407132105,0.954641587443107,92.11,1.08,0.012200456569771628,0.01266539752438257,-0.018363685296404583,-0.0035403637227718714,0.00012311881905771176,0.0044830475553972035,-0.02940113044233294,-0.016925845334713814,-0.034333696017158216,0.0001719030239037268,0.004221383638068803,-0.032425601075490695,0.000582851473096528,-0.0004488436633400865,-0.0030992806628491964,-0.010260574925108809,0.0021983220484689814,0.003953138802215109,0.010825838673743423,-0.03700296288919343,-0.0154593223479751,-0.013469484634217228,0.00023329442177782872,-0.0014121715367655268,-0.0059647342420939805,0.0023046633804769947,0.004996057856216796,0.0021398172042972866,-0.0007684367931506176,-0.0012765789609693466,0.0012492558821104466,0.0015037396085244813,0.00013299631510744518,0.0001442277269670715,0.0005294841150753212,0.00039095699862810195,-0.0039452351400977945,-0.005419271496051805,-0.007888546675123504,-0.0008188762247300474,-0.0005782872209820195,-0.10364861665014177,0.2822287808806868
6.44,0.148192055009,1.388260746381,19.9,15.0,0.7444897890090942,1.0,4.5,23.97999954223633,0.8817965388298035,255.4457244873047,128.9045104980469,47.0,1.3107136824324324,36372.0,288.0,18.2749,8.0877,7.75,507.0,653.2327586206897,5.172413793103448,55.68,23.55,11.03,7.75,12.063693803924313,0.472838893581081,63.26,168105.0,10.1,30.6,59.3,59606.0,41956.5,25127.5,34.79581925675675,15.15646114864865,15.15646114864865,0.5191153820594531,50.55,13.580000000000002,0.02647161567512376,0.006902683673339197,0.00740459791211469,-0.15035823994956446,0.005243526272504824,0.010801843821085639,-0.02670251116981671,-0.04088374062487856,0.03629932279477362,0.000616013361664957,0.011243064259906534,-0.024965046497629373,0.005661308651440784,-0.0031315529733255956,-0.0014090981769550154,0.007749408702569778,-0.017231745462559046,-0.020910755436721953,-0.008819950557634001,0.008525656702448038,-0.03926458705101686,0.007988038910494651,-0.00504982060803741,0.0025979885004198946,-0.010653044872160537,-0.0037325246634573013,0.0012463141431071564,0.006306196280245776,-0.0011340380474430256,0.00023507008128217656,0.0018991104095621276,-0.005988633775588821,-0.007250650117261105,0.005594259212317408,0.006801121971482645,0.0034398648794158387,0.024565458002703967,0.0016479266532551246,0.0063090324560325884,0.003398287205258384,0.0031361119530483803,0.039992650382337167,0.2822287808806868
6.335,0.2632378178348,2.549147377755,18.4,25.0,0.3566314578056335,0.5036435127258301,1.799999952316284,23.96999931335449,0.4529148042201996,227.1785125732422,127.3537368774414,113.44,6.47,113005.25,3048.97,56.37,31.11,33.02,4048.8,632.6927383685123,17.070544762331334,178.61,74.6,52.48,33.02,11.832260392384752,1.0136065476243834,41.19,962714.0,23.22925734100645,37.059541398199215,39.71120126079434,40450.0,30441.0,14677.0,7.420621787035737,5.286083690348805,5.286083690348805,0.6079000575173069,68.94,2.7,-0.030031379430205563,0.02352785361946008,-0.028754743535442683,0.000650330345601106,6.644728741957593e-05,-0.009408275276378848,0.015511770598066507,-0.008959682834480192,0.007785688227930224,0.00012989543141884644,-0.009435155290222607,-0.03736126967348535,-0.0024834180383622863,-0.006308747023758772,-0.0053026872735499634,-0.005634081107891691,0.0013732243778868051,-0.0003473352439177683,0.009486031666943753,-0.012118519334610025,-0.022680974185270313,-0.022873875713361483,0.0047241914635596915,-0.001028837173202194,-0.0021289226461449298,0.006553984531994503,0.005352094266650966,-0.0010093961051024956,0.0006984750529227348,0.0005721738002757756,-0.004633415059601248,-0.004867626833729445,0.0003259083605589689,-0.0012397358509006128,0.0019727641306744766,-0.004696546219223825,-0.008774211096526414,-0.0042678242649562895,-0.006681775596836814,0.0005260173404531049,-0.0004340021610260029,-0.1188941042104125,0.2822287808806868
7.05,0.2009573923785,2.454004650977,20.0,13.0,0.6137903928756714,0.8649687767028809,1.200000047683716,24.61000061035156,0.7419750094413757,284.4898376464844,130.9375762939453,46.39,1.9696,37903.0,493.0,18.997,12.4084,9.119,1097.6666666666667,438.5652299681805,5.704367949088805,86.425,31.048,20.027,9.119,23.6873667742644,0.5198347645921357,40.86,412043.0,11.40105756416319,43.837324276686296,44.76161815915051,46146.0,36086.43,16572.17,12.426995927713286,10.42342201495799,10.42342201495799,1.8765437977532649,50.36,5.38,-0.03362901474750834,0.0034498617605713657,-0.021411127726431008,-0.07363832777937933,-3.396698168944912e-05,-0.001508173568247002,-0.0007703311841614757,-0.016354465160344264,-0.016387709531169095,9.035684680566457e-05,0.0037143964626884566,-0.0014489853717386716,0.007014519687058055,-0.0005548114103949072,-0.0008927270743879516,0.0007381854644918347,-0.004843130308669061,-0.008938774010181078,-0.002216619935832566,-7.411154947477728e-06,-0.011081294961171809,0.00040672683017328466,-0.0006550163298088618,-0.010582328481686994,-0.006871634924464157,-0.005590073646890235,-0.009451514077052707,0.002131238358982954,0.00024943584275024887,-0.003731091515248404,0.0040517138546856575,0.0021047670335829012,0.000107672314858065,-0.005236751519871172,0.00019553180452203423,-0.0012490575401461683,-0.0020795989596226723,-0.0019897444189846286,-0.002856179274138411,-0.0022034636442840533,0.00012092995668354012,-0.059490571734175324,0.2822287808806868
6.835,0.1208219338969,1.166843801582,18.2,18.0,0.4840219616889954,0.6705208420753479,2.799999952316284,23.81999969482422,0.5864166617393494,271.5149230957031,131.2420196533203,94.5485,2.1563,46537.0,680.0,35.5076,21.2759,9.55653,702.0666666666667,383.5888559182328,5.60501153972964,121.32,51.283,28.768,9.556533333333334,22.96171465687948,0.7568755271663641,40.05,477450.0,5.7139813203593866,53.40210944990944,40.88390922973117,54771.0,36208.0,22771.0,14.874310622850874,16.990620933097066,16.990620933097066,2.7751741163370838,74.2,1294.2,0.5879223233721713,-0.024371561724867243,0.271705337835796,0.45919513209516294,0.35421541500184683,0.12325518054622808,0.35098690364669893,0.06884218488953776,0.42089084621344225,0.04060039890978075,0.16150719771736483,0.3422520635954278,0.050004501565796076,-0.019329374863489616,0.4992433439008309,0.14750946401446702,0.36437086372959315,0.002777178716481965,-0.05775069123069989,0.2121816875049844,0.41637860675201227,0.0462738122006704,0.09388385147994263,0.012103986311762105,-0.05291420855117031,-0.08865958700707413,-0.015772923038399334,0.08548105489257422,0.0281550139973697,0.04066014461539456,0.02082867139868911,0.07810304507556434,0.01469270437571692,0.2725667862387199,-0.0059577871104702865,0.0897530720007489,0.02345801341693742,0.08993794404201615,0.12891494725333175,0.13270383236167263,0.045317804499063544,2.463487438441066,0.2822287808806868
7.195,0.1055744224005,0.8829123922879,19.2,9.0,0.6498844027519226,0.90932297706604,2.099999904632568,25.35000038146973,0.7774583697319031,219.2985229492188,131.0,86.2176,3.9735,25523.0,815.0,31.1163,21.4397,6.37807,471.8666666666667,209.2032032524324,6.680273112515471,122.001,42.695,30.889,6.378066666666666,23.090604598202717,0.495701072671828,46.74,578032.0,13.2,34.4,52.4,70896.0,35317.0,22722.0,12.79694947845151,11.127680470035047,11.127680470035047,1.418914034866713,54.7,1.06,-0.020390603503168677,-0.04020869144170138,0.006068998518938314,-0.0077198802754137414,-0.0016288006867107522,-0.001267242735630133,-0.03435163628977898,-0.01477047888253582,-0.026459531844797306,9.520668679033422e-05,-0.010431383941962849,-0.004592369217774829,-0.0014123100325814444,-0.0022978824475867413,-0.0038231774437736026,0.0014081060768221514,0.0004813033141981574,-0.0018292709018569425,-0.006455479699623538,0.003995129791830551,-0.002145082540242589,-0.0032344122440117634,0.0008731568936345907,-0.0016505855558207236,-0.001451900157961063,0.0007082374388992327,-0.0022852586457738615,0.0031793358472932574,-0.0026938600815919955,0.004482854762274657,-0.0010590868385625045,-0.0024826174654808734,-0.001814445807962332,0.003954200967011271,-0.001194298562200859,0.000400875834006003,-0.005004481698932066,-0.005172718561152576,-0.004666624881443569,-0.0016728226366685716,-0.0008552809410030005,-0.09214410743625194,0.2822287808806868
6.525,0.1198617483758,1.10340131925,28.6,210.4,0.4101231396198273,0.0063340114429593,1.5,32.63999938964844,0.0291978325694799,255.9736328125,128.0220336914063,142.4267,0.98,46210.0,1116.0,70.9324,18.6665,13.388,492.0,207.0155004031897,4.999552011468507,223.22,96.741,33.206,13.388,36.02947095994996,1.9691703020360272,44.56,503654.0,12.3,40.9,46.8,38937.0,39286.0,17168.0,21.03691766650654,16.933855628952,16.933855628952,0.4061223048327138,136.9,5.05,0.008055371028807715,-0.018708580744110807,0.002253206958586813,-0.06305443765444216,-0.024090368696459336,0.003150670841154346,0.054675088485433655,-0.008011340002252834,-0.031072170373561674,-0.021054852316156034,0.001041046530648604,-0.03827988761296728,-0.0077911397395655545,-0.005192976699108836,-0.004633808199600029,-0.005073238967772338,-0.002739851717677083,-0.0072830544261814735,0.000906367071889692,0.0047145560283388495,0.0022048684884939584,0.002024885769395039,-0.0019937328539817775,0.000860756262256473,-0.003167146445804974,-0.0006429102490073976,-0.027556549227680076,-0.001208987601712578,-0.0013912961164751327,0.001460538641083985,0.0007415165968777712,-0.0006856602323678056,-0.000759483568326685,-0.003900200053249136,-0.002603823531448142,-0.0006752696665353131,0.0037033762792998415,0.0011714908033754895,0.0012891140414285488,0.0003942245283396901,-0.011785322602416272,-0.07685097578770364,0.2822287808806868
6.015000000000001,0.166620465519,1.78404328372,27.9,376.9,0.2440312653779984,0.1749793887138367,1.5,34.84000015258789,0.1899835020303726,263.8450012207031,132.0,156.23,1.87,97710.0,1060.5399999999972,71.1,36.2,12.67,445.0,463.12446677410185,5.026732391695883,210.98,98.81,63.08,12.67,11.72546549939368,1.018542407714805,36.2,633849.0,18.656421702718102,40.1694307582096,41.1741475390723,29464.0,31269.0,14895.0,17.562286116352706,10.924959818723158,10.924959818723158,0.0678323806069195,98.99,12.21,0.017391015967645217,0.004478351605284842,0.015347710194328101,-0.0940404484631581,-0.08324489229891333,-0.008781847236008614,0.10160880779819854,-0.017817270013809325,-0.06839535729809723,-0.0043533320117276255,0.02420609338540817,0.05130063744388462,0.024964686316088773,-0.0069164818797871645,0.0002411685143597426,0.001109389398683562,0.0315739513567387,0.05805998367517897,-0.00530571123881964,0.03253300845847115,0.018193629977467936,0.00825187413925596,0.003060162435387612,0.027242947780963735,0.03541429306773352,0.016854951627814446,0.04334938335634069,0.04360554705161485,0.003102171452192122,0.0052782884556509075,-0.005280400090414329,0.0011084552871761856,-0.0007578669758513554,-0.004444279816612835,0.01109605370895588,-0.000907298229809387,-0.0025158163202868267,0.0054563625860755615,0.00505692126150826,-0.0041486076790752105,-0.001640029849921122,-0.039851756694071816,0.2822287808806868
6.68,0.262267499631,2.120456046221,28.3,331.5,0.4058118462562561,0.1438602954149246,1.0,34.59000015258789,0.1650882363319397,325.0343017578125,121.6630172729492,62.8682,0.7473,30465.0,544.0,23.7417,15.1611,8.037,883.0,391.6363496124131,6.993276684364113,77.789,31.907,28.226,8.037,12.555758966506351,0.9191379276851872,47.4,302484.0,8.8,57.3,33.9,63896.0,41068.0,18414.0,9.819277128486252,7.904115227830772,7.904115227830772,0.4381657992565056,63.9,12.05,0.03588189982125185,0.057782010484865164,0.06552318257096339,-0.0772453716833261,-0.07409898628527298,0.013494431203114799,0.1508378775279707,0.02175480597830028,-0.13230500436484,-0.0028960579976264845,-0.04089406842322205,-0.038376460021841925,-0.0022871690894826296,-0.006847714322313553,-0.001086644188108043,0.012867133589315932,-0.017759463161462912,-0.025522989343036893,0.006202474371923029,0.012441460179659783,0.01889902516189613,-0.0027205036420928147,0.006931000789409158,0.012268766875466103,-0.014730947623160314,0.004534106796782002,0.03445806823429302,0.00894766390818404,0.0011653339644253711,-0.0008921451782807649,0.005337341983889933,-0.003922662988217777,-0.0007743241895514147,0.004739078246115242,-0.012677243385231119,-0.004180323241627776,-0.003891138166582092,-0.0012679276932321924,-0.004221804696833714,0.0019931492519390283,0.0047795592389593385,-0.1330921125164168,0.2822287808806868
6.425000000000001,0.1688504759075,2.142072891536,27.4,289.5,0.467218428850174,0.4532169699668884,2.099999904632568,34.4900016784668,0.4125735759735107,256.8768005371094,130.0,6.34,0.062,5772.0,77.0,1.413,0.9294,2.684,76.2,654.421768707483,8.73015873015873,8.82,2.541,2.176,2.684,2.417385883124235,0.1122410186812435,81.11,43475.0,1.100962322622737,39.02707551786005,59.87196215951721,72144.0,42390.12,23847.44,16.617634982053918,2.250591120086632,2.250591120086632,1.7613416385502103,33.95,1.89,-0.02163700380740193,0.004702935327077288,-0.0009402513547684014,-0.044943070506589716,-0.054969239223253676,0.006643606181081852,0.017035769764785068,-0.010232077257067429,-0.024027949640920268,6.674013202427899e-05,-0.000791915386595065,-0.00639885634400707,0.008500453384483988,0.0006416842631588211,-0.0008417386795481416,0.005071712014818331,-0.011650973715630241,-0.013218088787565651,-0.002515056834046846,0.00838065724266926,-0.010287883570752453,-0.005711772325870697,-0.002786080727935772,-0.015628496122299114,-0.00872628165176138,0.0039449030730174875,0.011070792824801173,-0.0007858029659983022,-0.0009556830982764948,-0.007412560563810983,0.00145767955618794,0.0011299856928526427,-0.00656153309813817,0.0010165367499284906,-0.013310610546352108,0.0015450091041857364,-0.0027334658530016875,-0.001592972135593301,-0.007625067427135946,-0.0004510276535584147,0.0018120311574748474,-0.07754418833660019,0.2822287808806868
6.25,0.173983982049,2.03767651465,27.6,218.7,0.4115930199623108,0.2535823285579681,1.399999976158142,32.68000030517578,0.2528658509254456,267.5724487304688,131.7989349365234,94.75,0.975,80886.0,573.0,36.035,30.6179,13.697,2339.8,503.33227546810537,3.5656280919222656,160.701,59.489,57.403,13.697,44.04493523854282,0.7705005543685988,37.51,683165.0,24.81513784080998,29.71825110917296,45.46661105001707,37563.0,37438.88,16936.21,15.717915646179634,15.449625511761106,15.449625511761106,1.4422353381379165,70.17,12.3,-0.022748635296353317,0.0013758748162144916,0.006234002735065589,-0.07764842786426016,-0.0779607617565489,0.002034391651424813,-0.037038444802536104,-0.009236850650690031,-0.03920283971527533,4.180437821196059e-05,0.0059132169283257095,0.03978808290056622,0.00027678108973486654,-0.0005061201495846039,-0.014379368931564388,0.0008217337711248554,-0.0011943404245685057,0.0005967346094112173,-0.0002640226787480004,-0.005242978538342869,-0.007499015830107968,0.004158084182083256,0.0014484922400879437,-0.0019280697401991274,-0.009276037443007229,-0.001222216996597123,-0.01663836275089125,0.00201396212860709,0.0005972252255596696,0.0058724050797682075,-0.007433916728157785,-0.0028351508042105704,-0.0014153783751535212,-0.004005398818626423,-0.0011367147903511069,-0.0007823121938854438,-0.003499868209328271,0.0006406848064943933,0.0015119261824147574,-0.0007357995320926431,7.972719059034809e-05,-0.011205643483801393,0.2822287808806868
6.705,0.2003897513764,2.414483073552,26.7,136.1,0.6288979649543762,0.1016698405146599,3.799999952316284,31.25,0.1313358694314957,153.3260345458984,117.3640823364258,49.1485,0.47,15878.0,356.18,8.5477,7.134794327171835,0.953,926.17,282.58702925891646,6.339075959279561,56.188,19.8872,18.41727,0.953,16.5223150965168,0.404246719542003,47.87,256107.0,6.0117218158366414,18.174131902767638,75.81414628139571,45012.0,32296.0,14288.0,6.990829016588316,9.211165561563142,9.211165561563142,1.5733199943233478,43.22460681495,0.001414214,0.005647063500757218,0.007977949584019369,-0.014523623820612558,-0.04600184134647133,0.0007438449012406626,0.005832693687640132,0.0495563150420785,-0.013320559610583583,-0.047009095241010074,-0.0023248286604357405,-0.011471394404623426,-0.015622082965986916,-0.00471236437512562,-0.007152050439748566,-0.011585257804385034,0.00158806279754208,-0.019862488922270126,-0.010136531700729394,-0.005899186442635254,0.003989421955484429,0.00599603960502282,0.00018962447534432068,0.00011620693278382348,0.006289121885551132,-0.007502397131465839,0.0018352323770377554,0.00039440993645985055,0.006438625805370973,0.0004876546117156969,0.0008348837085068257,0.00011343949696311275,-0.00501121518394939,-0.0075966774202679485,-0.0018444769575435235,0.0005318178910529225,-0.003084107744885842,-0.0014380932370549983,-0.0024264923799491955,-0.00408326132949151,-0.0036321360704532684,0.00278156508227403,-0.1366849295752763,0.2822287808806868
7.02,0.216094553184,2.214483648776,25.8,149.9,0.4290626347064972,0.1921222656965256,2.200000047683716,32.20000076293945,0.2036978155374527,244.8415679931641,129.0,156.26,3.7,71109.0,604.0,25.5392,19.687,6.87,4046.0666666666666,639.9701205079514,5.435907589570977,111.113,48.363,43.95,6.87,30.453854606755456,0.8473062281162614,50.12,299186.0,8.188156481532047,41.53969380882165,50.2721497096463,56528.0,34807.04,22100.67,29.449202691670408,16.989687864542002,16.989687864542002,4.19935794066213,97.31,1.7,-0.02228432704346778,0.005611397858083369,0.0006227458148132419,-0.03789566588080925,-0.0001135287240904295,0.000949365342385135,-0.01974809864087728,-0.00798711657529202,-0.03515772566392843,-0.00589841081263148,-0.00013076587268733984,-0.017047447003351413,-0.0034390263481764104,0.0010254959299199943,-0.0028841589557268865,0.003554803439263194,-0.012052205829320876,-0.009876128461313785,-0.008207679087863655,-0.007023202140699141,-0.010625334761993146,0.004869714140557337,-0.0007001928333920577,0.0006361638755042782,-0.001853701069863747,-0.00355495907388831,-0.012953012525940721,-0.0026037099920067633,0.0009021126644947804,0.0007293507594295121,0.00021776410480379483,0.0019754126384068497,-0.0021269197170040595,0.00280406818537449,-0.0005532418129587316,0.0011950909963488812,0.009936134044983193,0.002362616390659242,0.0030401443164300808,-0.002322369861794869,-0.0019495699789986247,-0.09247941812178033,0.2822287808806868
7.12,0.1738742953797,2.067589227543,27.4,161.7,0.3403342366218567,0.1695738881826401,1.200000047683716,34.47000122070312,0.1841316670179367,232.0772094726563,132.0273895263672,90.0226,0.7435,42621.0,380.0,29.4862,26.9367,6.0698,1695.8666666666666,337.6107982224757,3.0100678849520373,126.243,48.203,43.513,6.0698,23.893469695255813,0.8922933064271592,52.67,391262.0,5.5,42.2,52.3,87708.0,38644.0,23300.0,29.21013066820637,20.030529177502824,20.030529177502824,4.456108026187788,110.8,1.67,-0.02241952606702398,0.004575968807912429,0.013119066951083364,-0.07595796510686341,-0.0018058978169283382,-0.013270760636369236,0.02253502240496164,-0.014153705692733633,-0.031274694888328666,-0.007076623185435886,5.829980820999288e-05,0.020462022046544005,-0.0006847286695701782,-0.0023641979289677675,-0.0020923087205810586,-0.003264705049456095,0.0010144946771033553,-0.002698106452240614,-0.000842395890504128,-0.010825509551184952,0.007108348266643594,0.015107942456103047,0.00041193335701245607,-0.007460834649587916,0.002679281863798676,-0.01059613947512116,-0.016832497873423554,0.001676161866227629,-0.0008079191263095729,0.0031573691904341144,0.001065634708240395,0.0022715855178103107,-0.0038214137237082496,0.0024154406573216013,-0.00013104707247111745,0.002694029786216557,0.004629820067362746,0.0025199692673195445,0.003445697080111133,-0.017121328190041824,-0.0032572597373218713,-0.14331382427609057,0.2822287808806868
6.815,0.1722557157185,1.662176009124,27.8,233.8,0.3344251811504364,0.4704570770263672,1.600000023841858,31.17000007629395,0.4263656735420227,243.0920715332031,129.7129364013672,107.34,6.28,66001.9,1675.31,49.3,18.28,27.37,612.65,435.2825957923893,11.048671107300668,151.63,65.22,31.43,27.37,10.04493389674318,0.8095851014325984,41.74,774172.0,21.96364940618549,42.590832655196046,35.44551793861847,49137.0,30324.0,14574.0,6.059303494414041,4.22208657852724,4.22208657852724,0.6829462442173873,55.57,1.26,-0.002505539764897548,0.005142021564352036,0.004485080457292495,-0.06654653559808503,-0.07264351621066453,-0.011479245719659959,0.018586991502874302,-0.009151300866506062,-0.05531935040288953,2.1737532821135254e-05,0.00038917508958547734,-0.008307874247795556,-0.0007822059476311515,-0.0043631019344174985,-0.0041429274664551525,-0.0049572542045789305,-0.0023444604897667892,-0.004020665975062004,0.0014733411158813392,0.0045859555969655,-0.0024963647123513503,-0.007393542402773162,0.0005656018455920323,0.0003838047170866061,-0.0033751512712187847,0.0018700926582096134,0.01391046031050791,0.0007111586096580184,-0.00031689829705282946,0.0009770349406317106,-0.002361889264400815,0.0013093926000292439,-0.0004604747486300784,-0.0012039749937393924,0.0019893277558294363,0.00010682005854323712,-0.005399994155712193,-0.005794135114061645,-0.006355338381399632,-3.1307574477978504e-05,0.0033165005320624865,-0.05877046387318115,0.2822287808806868
6.675,0.0339474408782,0.3884056913313,27.4,361.9,0.3381420075893402,0.3199940025806427,1.299999952316284,34.56000137329102,0.3059951961040497,242.6983489990234,130.4543762207031,63.2664,0.9452,27886.0,444.3569145845439,12.4604,9.594,4.24,5126.7,578.0679933665008,9.211378826379432,48.24,20.1,16.14,4.24,19.43094720323031,0.6227563491270615,69.0,193368.9479159194,3.5451066319090208,42.50639508474981,53.94849828334116,69659.0,40079.96,28518.51,16.15424853850087,8.892486399593126,8.892486399593126,7.63752247452101,120.4,2.59,0.008289188563023358,-0.031327004127757394,0.003140836040431165,-0.031853225638158615,-0.024362951159710065,-0.0014031524928286667,0.0023670211384014678,-0.01776911387323344,-0.027897785854220276,2.492513404286289e-05,0.0008940221555094469,-0.0015896349052491134,0.0023828309671516754,-4.169113552780074e-05,-0.006747410415744529,0.004356508700846459,-0.01996093343099347,-0.005688576212065526,-0.0014677872326137706,-0.020068077415679002,0.0017029621969413711,-0.0031140828919014895,0.0014301085417828287,-0.0036511857798031976,-0.006348834018601335,0.0002807538434135493,-0.0052700625532306694,0.0008212901497608993,-0.0014052246092178403,-0.006347203975688899,0.0029043606368650216,0.001164768151793398,-0.0017836653548729381,0.0025899815817247113,-0.007601483379025014,0.0010507957889349215,-0.002567185283071014,-0.002162431624179591,-0.008679495239455718,-0.003996605191074195,-0.00013981009392591558,-0.07172542668243113,0.2822287808806868
6.665,0.05964233918332,0.8830219718617,28.1,406.5,0.4921537339687347,0.4416697323322296,1.600000023841858,30.82999992370605,0.4033357799053192,203.751953125,130.9732818603516,2.90776,0.115,1588.0,7.908338175479372,0.089,0.2026,3.98,913.13,329.46058091286307,1.640734061302774,4.82,0.14,0.34,3.98,1.9414835306710216,0.2504382101047163,73.3,43717.2909103953,2.133822472423064,34.05945495650095,63.80672257107598,57754.0,39953.37,32733.15,7.989646389078048,3.576066916726457,3.576066916726457,2.2858259152713347,56.1,0.001414214,0.003453234205007907,-0.04388707682846871,0.003598070137290052,-0.05551087744541291,-0.053507055786467396,0.007067752998700598,0.012263068992077018,-0.00862813553320302,-0.028694682181958343,1.5927552274661125e-05,-0.01173824834889092,-0.004703106634930012,-0.004124824143160364,-0.005349879057946963,-0.0051960708350961785,0.0010611513416661188,-0.003792563276394504,-0.002741951304633403,0.0014100817057769752,0.0021344879303942443,-0.005246145723940566,0.011432950195187003,0.0003980798835982563,-0.001206473310536241,-0.006458096992922953,-0.00881507152742415,0.004341592280688927,0.0002721560805803162,-0.001281311560975156,-0.009019011472730196,0.001978131724157722,-0.0018753096041327784,-0.0022796367405389898,0.0006247329746402111,-0.0027085997303365724,0.0021421069226489615,-0.006017362082609905,0.0005957155438954917,-0.006370226651008127,-0.000977248152805252,0.004230119512605598,-0.058349463962673334,0.2822287808806868
6.715,0.07368863019858,0.9141029775597,28.1,406.5,0.3405666947364807,0.472159206867218,1.399999976158142,32.7599983215332,0.4277273416519165,185.4667510986328,133.9436645507813,1.2429,0.0576,178.0,2.865339918651946,0.0803,0.0452,0.01,4.47,635.7142857142857,10.233356852328376,0.28,0.14,0.08,0.0,0.1127832756406402,0.0717922868966855,97.4,2310.438051510152,0.0183640280367156,11.209851980137037,88.77178399182625,126700.0,55075.29,33831.22,30.733895233898767,1.0251391827949203,1.0251391827949203,4.746573554900874,162.4,0.39,0.0004946911876977563,-0.026835056599986272,0.0039594048421131445,-0.05208158095146792,-0.03163113820303988,-0.0048205533814907504,0.0117179687497628,-0.0034910308217949945,-0.017063998449753853,2.049325850385016e-05,-0.01318732823137543,0.011933971348305936,-0.0037955296622967567,-7.459000757080573e-05,-0.0011623062171856858,0.004780452288658124,-0.003078606745228173,-0.0093163703828468,-0.002568300510189149,0.005603912495600526,-0.0257632553347139,-0.0013180622215586487,-0.013451189210667508,-0.002208442379240298,-0.0033300999710481833,-0.0033136692408734236,0.008729249657408218,0.002908997611702942,-0.004559663184671082,-0.002223478033251014,0.0018965439479070479,-0.016365517321202786,-0.0006525940373685436,-0.0030130856960022363,-0.019902504605764988,0.0028154908021824675,0.0054336234268557715,-0.00883785064176481,-0.003796963249653348,-0.004566757515887729,-0.010231484817661113,-0.049280854436765366,0.2822287808806868
6.425,0.1813929308748,1.649603096967,3.9,17.0,0.1429540812969208,0.2226490825414658,0.4000000059604645,7.519999980926514,0.2120927721261978,255.9736328125,128.0220336914063,142.4267,0.98,46210.0,1116.0,70.9324,18.6665,13.388,492.0,207.0155004031897,4.999552011468507,223.22,96.741,33.206,13.388,36.02947095994996,1.9691703020360272,44.56,503654.0,12.3,40.9,46.8,38937.0,39286.0,17168.0,21.03691766650654,16.933855628952,16.933855628952,0.4061223048327138,136.9,3.33,-0.03978014012776839,-0.0030288640827057026,0.0060527008962963005,0.004279105265959515,0.0005197786869539426,-0.0015366010172183438,-0.04278612818595865,0.00658279021368071,-0.009485701828831223,-0.004854234775906659,0.0033873890530812753,-0.04594948675377965,-0.0032070745828896184,-0.001216889229879592,-0.004052864711062285,-0.0027404051954508708,-0.002214847225281119,0.00034057557508640306,-0.002403382551929096,0.004654905314440841,0.002860832649028453,0.002600160087764377,0.0023812855345459,-0.0008165445820341125,-0.005425237232557259,-6.473241986532375e-05,-0.022715355802603882,-0.006547529853174636,-0.0003674532868608352,-0.0016848290228081188,0.002303920668095088,0.00044999039816321225,-0.004338115769060104,-0.00047005866894324344,0.0003054975630366285,-0.001127415286260655,0.005166723157642996,0.0060511390673782415,0.004717385962416305,-0.003431759651895848,-0.006724169976587288,-0.11616981179234427,0.2822287808806868
5.765000000000001,0.2130431102024,2.310097577704,4.0,30.0,0.281296968460083,0.2954275012016296,0.4000000059604645,7.71999979019165,0.2863419950008392,263.8450012207031,132.0,156.23,1.87,97710.0,1060.5399999999972,71.1,36.2,12.67,445.0,463.12446677410185,5.026732391695883,210.98,98.81,63.08,12.67,11.72546549939368,1.018542407714805,36.2,633849.0,18.656421702718102,40.1694307582096,41.1741475390723,29464.0,31269.0,14895.0,17.562286116352706,10.924959818723158,10.924959818723158,0.0678323806069195,98.99,14.57,-0.03238632879118086,0.04312175222142832,-0.019241651905169403,0.06375834349745128,0.0039099476863630024,-0.060653937093113196,-0.17225444269365836,0.037517547601863044,0.1606613618557312,-0.0002929623394447772,0.038827043609504466,0.14936350616021082,-0.046830887502117544,-0.005138526855618691,0.010208814891026107,0.004271594329999059,0.0049905819487466915,0.024129847577292814,-0.017695077204902175,0.0055752995640796135,-0.005013415202061877,0.011165205693483598,0.0014793156384257712,-0.010239852479891846,0.010707027682947245,-0.015336643348651702,0.023363782751723194,-0.00624273745779646,0.002130953412430228,0.008588726883957865,0.0016945570589159743,0.009834214185495502,0.00817329626475112,-0.01500563854782377,0.022872580000315796,-0.0031720895688631427,0.001642385873637958,-0.009647303201636528,-0.010741358911851434,0.004864669082424375,0.0025809263724367953,0.1160398895758408,0.2822287808806868
6.65,0.1552940102061,1.245185176499,3.1,22.0,0.2493519634008408,0.2066291272640228,0.550000011920929,7.429999828338623,0.2153033018112183,325.0343017578125,121.6630172729492,62.8682,0.7473,30465.0,544.0,23.7417,15.1611,8.037,883.0,391.6363496124131,6.993276684364113,77.789,31.907,28.226,8.037,12.555758966506351,0.9191379276851872,47.4,302484.0,8.8,57.3,33.9,63896.0,41068.0,18414.0,9.819277128486252,7.904115227830772,7.904115227830772,0.4381657992565056,63.9,10.53,0.04926690306610544,0.0038601157675875577,0.017857802245212957,0.04527464153953769,0.008163743369936124,-0.017073596556103434,-0.09493533631307945,0.026393002663069643,0.07590055242646486,0.0007035732738586362,-0.015556302148004752,-0.07799066402566679,0.01144368454176583,0.004510158515826326,0.0004985861869063205,0.014711095444130476,0.0011998890517279607,-0.0064010521375021225,-0.004827485778543634,0.009568235195649321,0.009370136592377095,-0.001741024037502939,0.0019965100211556995,0.004336097804596648,-0.0010738819446705753,-0.004015842422129932,0.023361347950689376,0.007730834033442074,-0.0013357391257304632,-0.009208292324779897,0.012375637296558108,0.021699864677531877,0.0013435671890620101,0.001803923633502566,-0.021220639200095318,-0.0013791168214229376,-0.012521477284593857,-0.0060385795930924385,-0.007782048187538743,0.008936892936311787,0.0020699917671154226,-0.031148722681871722,0.2822287808806868
6.880000000000001,0.1336814520919,1.696561208858,4.3,25.0,0.3824531137943268,0.5343990325927734,0.5,8.850000381469727,0.4775192141532898,256.8768005371094,130.0,6.34,0.062,5772.0,77.0,1.413,0.9294,2.684,76.2,654.421768707483,8.73015873015873,8.82,2.541,2.176,2.684,2.417385883124235,0.1122410186812435,81.11,43475.0,1.100962322622737,39.02707551786005,59.87196215951721,72144.0,42390.12,23847.44,16.617634982053918,2.250591120086632,2.250591120086632,1.7613416385502103,33.95,3.13,0.032266976303144464,-0.020620583643656574,0.012037809973611733,0.012246683133649636,-0.0007556192412157513,0.002535943982045859,0.03730748038331512,0.028139519774413195,0.057845036725455434,0.0003949792239436551,0.014306492335599627,-0.0033390321791375724,0.024401471291130298,0.0024167833891842795,-0.006428673958056602,0.009532186905649729,-0.026837557272287083,-0.015279103070904965,-0.00880308196274564,0.01138044613327657,-0.009066488672891868,-0.006646207711688475,-0.009377308342896868,-0.0022067424158158213,-0.012756760261574527,-0.0001596289681037852,0.039852669725427406,-0.0033286948282766396,-0.009811070298543213,-0.01812110162398312,0.0035435804329754343,0.0020526723600632984,-0.01852545998329879,0.009908130640309536,-0.016176986417645825,0.0024761295016360223,0.0019542606952018147,-0.008242514614204988,-0.0054954133198771155,0.004322138855262888,0.0051015498022898105,-0.23338256309487043,0.2822287808806868
6.415,0.1007544961211,1.136353011331,3.0,27.0,0.2895459234714508,0.3809801042079926,0.3499999940395355,8.6899995803833,0.3547840714454651,267.5724487304688,131.7989349365234,94.75,0.975,80886.0,573.0,36.035,30.6179,13.697,2339.8,503.33227546810537,3.5656280919222656,160.701,59.489,57.403,13.697,44.04493523854282,0.7705005543685988,37.51,683165.0,24.81513784080998,29.71825110917296,45.46661105001707,37563.0,37438.88,16936.21,15.717915646179634,15.449625511761106,15.449625511761106,1.4422353381379165,70.17,41.0,-0.014751914710039265,-0.19891868807052376,0.026896739940500985,0.041184242692193944,0.02654131308004435,-0.04660238189481607,0.019270132230121827,0.01828076110874826,-0.014837060283287412,0.0015557257099426513,0.044921048175921914,0.16060151663373107,0.011600945101163242,0.007541706599717153,0.0015787791785696643,0.0022131610550277362,-0.00587104854961217,0.01625817950899363,-0.003996546851427416,-0.022570981027922245,-0.011313838264788498,0.037863723073838645,0.0009700243176193876,-0.0042976332005346275,0.002073923143660074,-0.003188677978265335,-0.10342191535190795,-0.0012692607931094446,0.010030894823779833,0.02348302326412522,-0.0322963533597067,-0.03252392495004461,0.0003410524219070787,-0.0021136467292672224,-0.015237168581457817,0.0026491923192224986,-0.004191230212716621,0.008034600300161402,0.014090665840209108,-0.0024820948120614084,0.0026693061536643844,0.2616109365976008,0.2822287808806868
6.98,0.3480176247829,4.071637583559,3.0,24.0,0.1359964907169342,0.2086603492498398,0.300000011920929,7.559999942779541,0.2169282734394073,153.3260345458984,117.3640823364258,49.1485,0.47,15878.0,356.18,8.5477,7.134794327171835,0.953,926.17,282.58702925891646,6.339075959279561,56.188,19.8872,18.41727,0.953,16.5223150965168,0.404246719542003,47.87,256107.0,6.0117218158366414,18.174131902767638,75.81414628139571,45012.0,32296.0,14288.0,6.990829016588316,9.211165561563142,9.211165561563142,1.5733199943233478,43.22460681495,0.5700000000000001,-0.03333862521869742,0.013127505722033677,-0.022482286511978596,0.004198191928328016,-0.001999809360539069,4.6776455055806514e-05,-0.023672064309430425,0.006182788969170358,-0.006961173422176214,5.3169137798251764e-05,-0.014950170348187386,-0.024416901244621838,-0.0007262667116083299,0.0029805509172001646,-0.010555725698752207,0.0057188929795083795,-0.00845863195738639,-0.016672439530884733,-0.007749645204690752,0.006473470153272498,-0.007281069415919769,-0.002699557251384244,-0.003689263452324664,-0.001923495023278521,-0.004154743013627016,0.00017165469199244783,0.0033272087305813306,0.006709343880967932,-0.0001326557095308087,0.00042744612597016144,0.0005015458391426336,-0.01639746608979477,-0.011201138944830744,-0.0019442574036074793,0.0011524234627504472,-0.002445757825684269,-0.01319466471996566,-0.0029316818440711344,-0.004050806887025829,-0.0040224523714132415,-0.0007560077871021339,-0.08330745158997889,0.2822287808806868
6.705,0.2523850853452,2.438119775099,3.8,6.0,0.2356555312871933,0.3786807954311371,0.300000011920929,8.529999732971191,0.3529446423053741,244.8415679931641,129.0,156.26,3.7,71109.0,604.0,25.5392,19.687,6.87,4046.0666666666666,639.9701205079514,5.435907589570977,111.113,48.363,43.95,6.87,30.453854606755456,0.8473062281162614,50.12,299186.0,8.188156481532047,41.53969380882165,50.2721497096463,56528.0,34807.04,22100.67,29.449202691670408,16.989687864542002,16.989687864542002,4.19935794066213,97.31,5.7,0.08771097631430894,0.11423005424093573,-0.04836714662145823,0.07888432151259621,-0.0022933937604975585,0.0020634548660018416,0.04311867075736518,0.0477544933904428,0.12232107589603403,0.001694153557560632,0.019164371055521788,-0.035804348695732194,-0.02379002041595231,0.012598219705338132,-0.007019437734968973,0.009006295714294534,-0.007337232650927042,-0.007019321289713843,-0.017869288904475984,-0.012887137476020142,0.002154780362325254,0.009690231633547227,-0.0012416955938388096,0.001199210849852525,9.702022903366331e-05,-0.013358974104252408,-0.023549128258688136,0.002080793797009396,0.0032503897337301177,0.0024495261244592294,0.022194392311183038,0.021254132726549864,0.000763585255685037,0.007307568248172169,0.004239606126793652,0.009455942067230355,0.04776584278829979,0.021072614702425194,0.018947645784093768,-0.015460580916522294,0.007644107518339285,-0.1462203499521711,0.2822287808806868
6.85,0.07623938666431,0.9117736874711,3.4,7.0,0.1214609667658806,0.1533065140247345,0.300000011920929,8.59000015258789,0.1726452112197876,232.0772094726563,132.0273895263672,90.0226,0.7435,42621.0,380.0,29.4862,26.9367,6.0698,1695.8666666666666,337.6107982224757,3.0100678849520373,126.243,48.203,43.513,6.0698,23.893469695255813,0.8922933064271592,52.67,391262.0,5.5,42.2,52.3,87708.0,38644.0,23300.0,29.21013066820637,20.030529177502824,20.030529177502824,4.456108026187788,110.8,0.38,0.03172812164804782,-0.1332201109943562,0.01175064425365417,0.04163034419791076,-0.010710146124038143,0.04625325849759973,0.01931570518706575,0.018894768273894434,0.08014276287723623,-0.007593812137783973,0.006603783760539959,0.07437340748107818,-0.004016997235303276,0.006640941882345952,-0.0037254893028584755,0.013626022013195321,-0.007465986775001522,0.009822450917650712,-0.008533690510012088,-0.002493785991362537,0.04592992103577126,0.03310015659595956,0.0012063290131336633,0.00709862624020023,0.0017054843950900275,-0.013487650314462368,-0.027622347686512522,0.00729780976366601,-0.0010819182698614787,0.007257319618714978,0.025891579790884845,0.0125124438147177,-0.0022874750179180405,-0.00090656666463474,-0.009827488426235494,0.007250682415207843,0.01974985545277014,0.017469100893591532,0.019903407871664967,-0.015988356801739427,-0.005031277206318917,-0.4217267547148804,0.2822287808806868
6.825,0.1765552201383,1.925569515421,3.0,9.0,0.3023658096790314,0.4583475291728973,0.6000000238418579,7.800000190734863,0.4166780114173889,243.0920715332031,129.7129364013672,107.34,6.28,66001.9,1675.31,49.3,18.28,27.37,612.65,435.2825957923893,11.048671107300668,151.63,65.22,31.43,27.37,10.04493389674318,0.8095851014325984,41.74,774172.0,21.96364940618549,42.590832655196046,35.44551793861847,49137.0,30324.0,14574.0,6.059303494414041,4.22208657852724,4.22208657852724,0.6829462442173873,55.57,3.8,0.02306991023587761,0.023558502709696776,0.058872679452819286,0.05788690355347355,0.00034976487548556563,-0.02433452056509849,0.04677432416938246,0.030276958363741863,0.1318940725449647,0.0012132697710767275,0.009422296031756556,0.010210449182617603,0.006170008115441304,-0.012771669245150418,0.0027083664320525667,-6.545984360943613e-07,0.010884323873993703,-0.009016332820116081,0.007387284914599168,0.05634902177045296,0.037338896651839606,-0.02208929026642,0.004052231085574036,0.006340848252613799,0.011927265991602326,0.009304504226980499,0.033142777167377055,0.01187124182746629,-0.000550261432363193,0.017283581288182182,-0.0258066196438158,0.04067987100270691,0.04201044622721384,0.0014480417251470589,0.03753495491133072,-0.010709626793919607,-0.03137947494606487,-0.005774907466155122,-0.0010623909270216128,0.009751853834866783,0.010368046460265755,-0.2343328873350256,0.2822287808806868
7.015000000000001,0.07736614263897,0.9251703495411,3.0,14.0,0.1248723119497299,0.2005982398986816,0.2000000029802322,7.369999885559082,0.2104785889387131,242.6983489990234,130.4543762207031,63.2664,0.9452,27886.0,444.3569145845439,12.4604,9.594,4.24,5126.7,578.0679933665008,9.211378826379432,48.24,20.1,16.14,4.24,19.43094720323031,0.6227563491270615,69.0,193368.9479159194,3.5451066319090208,42.50639508474981,53.94849828334116,69659.0,40079.96,28518.51,16.15424853850087,8.892486399593126,8.892486399593126,7.63752247452101,120.4,3.26,-0.03785883819441369,-0.03989773443352897,0.004070448720420243,0.004943202002439652,0.0008042192683205957,0.0015028679588795057,-0.029628776870478758,0.007932269602926681,-0.006209167416993293,-0.00423300240735989,0.001631929475202925,-0.004504339981504011,0.0004357187601708587,0.0022106139142269977,-6.534344768442581e-05,-0.0036033924630464753,-0.002663570312965021,-0.010036081976955758,-0.007009370181942356,-0.015592141889923371,-0.007136233325814827,-0.004885953428951319,-0.0037098833837226246,-0.00026658801501616675,-0.00628597695488133,-0.004366447782158502,-0.002808289967462768,0.00236604983395955,-0.005834519583004298,-0.0034501486085355276,-0.002446379406639607,0.0019129095799144083,-0.004181029259852949,0.004324807103403145,-0.004125322864681956,0.00028628221343388136,-0.003128587021637941,-0.0048697499492700485,-0.004126387184485798,-0.011154177887961855,-0.0030675549915031284,-0.07667121320152363,0.2822287808806868
7.01,0.0638351135086,0.7424533970044,3.8,3.0,0.1829661130905151,0.4541138708591461,0.25,7.429999828338623,0.4132910966873169,203.751953125,130.9732818603516,2.90776,0.115,1588.0,7.908338175479372,0.089,0.2026,3.98,913.13,329.46058091286307,1.640734061302774,4.82,0.14,0.34,3.98,1.9414835306710216,0.2504382101047163,73.3,43717.2909103953,2.133822472423064,34.05945495650095,63.80672257107598,57754.0,39953.37,32733.15,7.989646389078048,3.576066916726457,3.576066916726457,2.2858259152713347,56.1,0.45,-0.05815456662909128,-0.04299850716975925,0.007176829449090293,0.005255406229538494,-0.0007291944913013111,-0.007876443498287703,0.011735415585702865,0.011323805591528065,-0.004122666855218996,2.3538526700574364e-05,-0.020933170326054094,-0.005709929097123676,-0.009510578714776783,-0.014003552255540858,-0.018323266464503826,0.01202054953039624,-0.007956203129986534,-0.023060659723865676,-0.005061558760076878,0.0032132028264168153,-0.010546138077756038,0.024116124421983836,-0.008268379301007368,-0.0029567733893054496,-0.011495887064709675,0.0009765815835271537,0.017484414795995683,0.010185420415917176,-0.002533843558310761,-0.010290442705401802,-0.0018224655123194628,-0.001918878716474865,-0.011529963949418746,0.0006642305472632865,-0.004933508802801956,0.00014033964510599189,-0.0071893353895575276,-0.00807552638804191,-0.007205795789508555,-0.00542791156112798,0.0017956978453003106,-0.075136654327187,0.2822287808806868
7.195,0.1314135470274276,1.4353267236489895,3.8,3.0,0.1158771365880966,0.2247588932514191,0.2000000029802322,5.989999771118164,0.2298071086406708,185.4667510986328,133.9436645507813,1.2429,0.0576,178.0,2.865339918651946,0.0803,0.0452,0.01,4.47,635.7142857142857,10.233356852328376,0.28,0.14,0.08,0.0,0.1127832756406402,0.0717922868966855,97.4,2310.438051510152,0.0183640280367156,11.209851980137037,88.77178399182625,126700.0,55075.29,33831.22,30.733895233898767,1.0251391827949203,1.0251391827949203,4.746573554900874,162.4,0.001414214,-0.04315231650861097,-0.008597479837175346,0.006993022959155495,0.003035155410048901,-0.0004058453331817851,0.010098971033148697,-0.023414547227424917,0.008572347844048634,-0.023763735107917457,1.5344555882622204e-05,-0.02506807331457094,0.017327990059246078,-0.0008149321340024474,-0.0027433402563183337,-0.005934555196479776,-0.0013275067206996044,-0.006512684220622759,-0.006565044678296543,-0.005505756300772188,0.005163475118388303,-0.009145311102562118,-0.005360030977724817,-0.004302033246145584,-0.004610697022973909,-0.009664862571677077,-0.013980150331131879,0.018620524991187264,0.0004253666848526339,-0.0012400519972870826,-0.002603661148314132,-0.0033635694385739058,-0.01061368494351336,-0.01812079947732854,-0.006302891328159597,-0.011442397569335298,-0.00022354016249300727,0.005754223353607814,-0.0040832479402888545,-0.013493862674760748,-0.008441413703709258,-0.00847840369748883,-0.06799381797612296,0.2822287808806868
6.505000000000001,0.1717842430621,1.454843827059,19.0,16.0,0.5307262539863586,0.6367385983467102,2.400000095367432,24.40999984741211,0.5593908429145813,255.9736328125,128.0220336914063,142.4267,0.98,46210.0,1116.0,70.9324,18.6665,13.388,492.0,207.0155004031897,4.999552011468507,223.22,96.741,33.206,13.388,36.02947095994996,1.9691703020360272,44.56,503654.0,12.3,40.9,46.8,38937.0,39286.0,17168.0,21.03691766650654,16.933855628952,16.933855628952,0.4061223048327138,136.9,7.229999999999999,0.024064842610911,0.007053496599502977,0.007039148060954179,-0.004000613860145676,0.002303920141595886,0.007399985541895147,0.03726094129549165,-0.026420046274375643,-0.008459424742730332,0.00041161374334478527,0.008264559048227968,-0.05783332189089561,-0.014629519073932892,-0.00749873340345221,-0.007878934365347956,-0.0008519312829012117,0.00507785619272908,-2.6500033316549654e-05,-0.002461245388331005,0.010807334754557812,-0.007524158281281413,0.004144121587363762,-0.0018752750754065274,-0.008330348392802982,-0.001645573307672747,-0.00478336561296601,0.01239560686615005,-0.013025309408905745,-0.0009467131592391556,6.303387375373656e-05,0.003065838633265232,0.0014955849060206612,-0.0027855932497768666,-0.0007612698870943866,-0.0023995150901755446,0.001091736670889082,0.008490053739296856,0.01051930932771938,0.008021530705649638,0.0026875755593646425,-0.018248191783728537,-0.18273444737262617,0.2822287808806868
6.83,0.3290345806553,3.357728492649,19.2,34.0,0.6673039793968201,0.9679861664772034,2.0,22.77000045776367,0.8380921483039856,263.8450012207031,132.0,156.23,1.87,97710.0,1060.5399999999972,71.1,36.2,12.67,445.0,463.12446677410185,5.026732391695883,210.98,98.81,63.08,12.67,11.72546549939368,1.018542407714805,36.2,633849.0,18.656421702718102,40.1694307582096,41.1741475390723,29464.0,31269.0,14895.0,17.562286116352706,10.924959818723158,10.924959818723158,0.0678323806069195,98.99,96.0,0.02373005704715613,0.051708430183498445,-0.2907452486864059,0.0848078799730283,0.11013289443313261,-0.016584914747276327,-0.2363509374781279,-0.09426917499338743,0.012383425383333821,0.002457205961953124,0.04050725345191314,0.27912062614958266,-0.09112999596234297,-0.030786708488420134,-0.053436650972987956,-0.012360934772528689,0.027186518388334645,0.017826053332217283,-0.017876612284686424,0.059867240338819086,0.056591399802142374,0.021613754067933776,0.002647433197824278,0.03005222118250096,0.0015007630296749743,-0.02873426167813887,0.10822436099435437,0.005591746662830724,-0.023827658142385168,0.021925272735417847,-0.024337844300403914,0.010357609681668687,-0.007217420873028441,-0.031070771627157268,0.037145043014010296,-0.027258864617935624,0.0097951310632343,-0.01686995989663409,-0.01552441340808582,0.03225139982279511,-0.017560921003168955,0.8935348508103923,0.2822287808806868
6.82,0.2751994788049,3.039642289716,18.6,19.0,0.4976628124713898,0.4495828747749329,1.5,25.32999992370605,0.4096662998199463,325.0343017578125,121.6630172729492,62.8682,0.7473,30465.0,544.0,23.7417,15.1611,8.037,883.0,391.6363496124131,6.993276684364113,77.789,31.907,28.226,8.037,12.555758966506351,0.9191379276851872,47.4,302484.0,8.8,57.3,33.9,63896.0,41068.0,18414.0,9.819277128486252,7.904115227830772,7.904115227830772,0.4381657992565056,63.9,21.4,-0.005422517564642471,0.030268178024183735,-0.047440139278784044,-0.0021898089422466003,0.0017392382115358508,0.0019388124574325014,0.020202070091399942,-0.04896532437596761,-0.08959965635444678,8.029061503475468e-05,-0.02430701123534527,-0.037648632115815414,0.0018919914935977464,0.0041840131111821385,-0.005655491491517751,0.0038679024661541933,0.0009692080447857712,-0.009992587596920201,-0.007651550308481088,0.0053377143533143686,-0.0014205319533648433,-0.002861868539126591,-0.0035988988465978735,-0.000411547167430395,-0.003389025348675205,-0.0038773694321571433,0.010510661995533155,0.0006849116744851909,-0.0005089025253837483,-0.004897212176438191,0.00017667363182408924,-0.003466623471380445,-0.003521563139525822,0.001403918715644976,-0.013789436978535371,-0.00010796863638097582,-0.007980903533927629,-0.005203575467894552,-0.008331709755773773,0.002012006700097124,0.0013645844741113256,-0.02206064036773751,0.2822287808806868
6.885,0.08938325883726,0.9556439068384,20.0,29.0,0.676328182220459,0.9666127562522888,2.599999904632568,23.77000045776367,0.827003538608551,256.8768005371094,130.0,6.34,0.062,5772.0,77.0,1.413,0.9294,2.684,76.2,654.421768707483,8.73015873015873,8.82,2.541,2.176,2.684,2.417385883124235,0.1122410186812435,81.11,43475.0,1.100962322622737,39.02707551786005,59.87196215951721,72144.0,42390.12,23847.44,16.617634982053918,2.250591120086632,2.250591120086632,1.7613416385502103,33.95,60.27,0.11897312269131362,-0.21944369525095678,0.0007265638042299579,-0.23426399534184023,0.057073141674365634,0.0016980267500330368,-0.10534255974074766,-0.001988551404676418,-0.008760447895241656,0.002307097374126897,0.03968737557032729,0.014452139548258849,0.03127712925120431,0.05751477205564152,0.12215728971463977,-0.0051240300629869905,-0.09543199183666731,-0.05621647987217877,-0.007257775277175813,0.11837062236764176,0.006272019407711921,-0.016623691780026997,-0.03930538282282942,-0.06139104411037988,-0.021273515515757003,0.006572480693284882,0.26685566102289887,0.010673514822788995,0.003775284639254084,-0.05120203031373967,-0.014284378298470995,0.00699190619081492,-0.0008819949107128237,0.001177206886815841,-0.02787381260975963,0.009679649417972539,0.014108490587357674,0.046500946598142044,0.020133601811845436,0.00537490685956437,0.024766477875629772,0.6373930428762107,0.2822287808806868
6.41,0.1030776253343,1.047196481415,18.7,33.0,0.4507595300674438,0.6250419616699219,1.100000023841858,25.38999938964844,0.5500335693359375,267.5724487304688,131.7989349365234,94.75,0.975,80886.0,573.0,36.035,30.6179,13.697,2339.8,503.33227546810537,3.5656280919222656,160.701,59.489,57.403,13.697,44.04493523854282,0.7705005543685988,37.51,683165.0,24.81513784080998,29.71825110917296,45.46661105001707,37563.0,37438.88,16936.21,15.717915646179634,15.449625511761106,15.449625511761106,1.4422353381379165,70.17,18.08,-0.024172472981721517,-0.08873562202628818,0.024085930331319103,0.02168015894843848,0.0042944420739804605,0.03553395969503617,0.03302109185117297,0.014971691519924219,-0.15853633179640747,0.0004991982461360768,0.0195758962478867,0.08309894944287954,-0.0012394565384747772,0.00041880929713080246,-0.004036108158441491,0.008775286400225015,-0.0021630934113491098,0.013444028370940941,-0.004152631565870245,-0.01845561803500459,-0.0010433425793016828,0.02918457009037957,0.000378678502398546,-0.0018524393155239446,-0.0014563814433640708,-0.009404502609511832,-0.045907792502403025,0.0067127737917762696,0.0037749219348770556,0.0074496032049937615,-0.013982336730216044,-0.016342147657764143,-0.0010848188450618191,-0.00035512474837014337,-0.008187953973916598,0.0020580796488793565,-0.002047470411212998,0.004967131798766783,0.002634117659923497,-0.005921171779758877,0.007565665160305797,-0.02365165759426601,0.2822287808806868
7.055,0.126549624646,1.311102619606,19.6,2.0,0.5302199125289917,0.7814150452613831,1.600000023841858,24.65999984741211,0.6751320362091064,153.3260345458984,117.3640823364258,49.1485,0.47,15878.0,356.18,8.5477,7.134794327171835,0.953,926.17,282.58702925891646,6.339075959279561,56.188,19.8872,18.41727,0.953,16.5223150965168,0.404246719542003,47.87,256107.0,6.0117218158366414,18.174131902767638,75.81414628139571,45012.0,32296.0,14288.0,6.990829016588316,9.211165561563142,9.211165561563142,1.5733199943233478,43.22460681495,0.18,-0.015868680249121095,-0.005271343223139414,0.003272610807733144,-0.053737785059638554,3.831383581564523e-05,0.002451941097664532,-0.004093180529816888,-0.011416424967566854,-0.020055875310208648,3.7907901627476145e-05,-0.008288963538245297,-0.02067871398086572,-0.0003936091707582849,-0.004406686894377345,-0.009062047309256738,0.001689758035150591,-0.0012788531219994161,-0.015256343490618746,-0.002133452911511997,0.005569372814687089,-0.002666952212341129,0.00029284269116760847,-0.010177224684477551,0.00024522466557391493,-0.00417983524457668,-0.00642960232868791,0.0036991704177344207,0.0036686616059305385,-0.0009453299803426508,-0.0017445185969263532,0.0006098263561434625,-0.01741268979625602,-0.004339740908180827,-0.0015963552608300236,-0.0007929619614733411,-0.0024787473164324166,-0.010760361473076047,-0.002513599074954983,-0.0009553684154525382,-0.0003441952383145687,0.0017445347369648505,-0.06580403384243254,0.2822287808806868
7.25,0.1407529893279,1.80535505914,19.5,15.0,0.5652166604995728,0.7583724856376648,1.899999976158142,25.53000068664551,0.6566979885101318,244.8415679931641,129.0,156.26,3.7,71109.0,604.0,25.5392,19.687,6.87,4046.0666666666666,639.9701205079514,5.435907589570977,111.113,48.363,43.95,6.87,30.453854606755456,0.8473062281162614,50.12,299186.0,8.188156481532047,41.53969380882165,50.2721497096463,56528.0,34807.04,22100.67,29.449202691670408,16.989687864542002,16.989687864542002,4.19935794066213,97.31,2.98,-0.03948745478616911,0.00018776155800151207,0.004277926269642195,-0.050340780020647805,0.00041699248598888426,0.0017068256414495408,0.0010247427965223322,-0.009794444141531128,-0.030139496234056422,7.548545557074404e-05,0.0007466165039659231,-0.01196088598233473,-0.006887074934740672,-0.008501625802862693,0.0018523551116522868,0.00018088182545034065,0.001792279929679351,-0.006555621828330906,-0.006630051427251598,-0.01300631354334473,-0.022844511780305762,0.005595684505868123,-0.0001808002802863474,-0.0018235952983086455,0.0001858493531326532,-0.005253856663650363,-0.02083435814300901,-0.00025855038246664003,0.0011372349888406472,-0.006382437051186568,0.0005399797452701027,0.0021898117915116026,0.0002168559234123675,0.0007357058419438536,-0.0022773495225264944,-0.0005623607563175044,0.009447316007877817,0.0029248922535625734,-0.0010998639214667453,-0.006312561565660871,0.000381758292176526,-0.06573733288222137,0.2822287808806868
7.13,0.06015805778879,0.6011054421239,19.4,17.0,0.2714352309703827,0.3411122262477875,1.0,27.72999954223633,0.3228897750377655,232.0772094726563,132.0273895263672,90.0226,0.7435,42621.0,380.0,29.4862,26.9367,6.0698,1695.8666666666666,337.6107982224757,3.0100678849520373,126.243,48.203,43.513,6.0698,23.893469695255813,0.8922933064271592,52.67,391262.0,5.5,42.2,52.3,87708.0,38644.0,23300.0,29.21013066820637,20.030529177502824,20.030529177502824,4.456108026187788,110.8,0.16,-0.05103696046446567,-0.04385594585028593,0.004996640807781659,-0.05292060262948507,0.0009438030774035725,-0.007121262126587688,0.0037944666101248003,-0.0011076938818587268,-0.04578601355513819,5.343929605441989e-05,0.001141357141183109,0.025113200171123024,0.0005113371601037243,0.004377993296133354,-0.0019074937839468442,0.002956565159591266,-0.0019930427446088294,-0.0003123493950552071,-0.006385596780717604,-0.0108212024218883,-0.0004150483817502406,0.0046859762288950155,0.0003695479885209352,0.000830227335689418,0.0011995927832176654,-0.004173862288298547,-0.0081784069793066,0.0008031706712645248,0.0007995808315317835,7.246038451558141e-05,-0.00207262010179693,0.001233163254844841,-0.002434866831594263,0.0012074522694820228,-0.00159902614846942,0.0016979788088356158,0.009955607537631294,0.002800047374010318,0.0016297889572888368,-0.00860911484963435,-0.00017052194768620797,-0.10137877813544036,0.2822287808806868
7.225,0.1234688595027,1.205059814803,18.9,5.0,0.56145840883255,0.8666871786117554,2.599999904632568,24.04999923706055,0.7433497309684753,243.0920715332031,129.7129364013672,107.34,6.28,66001.9,1675.31,49.3,18.28,27.37,612.65,435.2825957923893,11.048671107300668,151.63,65.22,31.43,27.37,10.04493389674318,0.8095851014325984,41.74,774172.0,21.96364940618549,42.590832655196046,35.44551793861847,49137.0,30324.0,14574.0,6.059303494414041,4.22208657852724,4.22208657852724,0.6829462442173873,55.57,4.94,-0.0551628701822483,-0.0033461163272149852,0.013044941643529451,-0.007580919062296745,0.014475416135785055,0.0035098027223284603,0.006348621819241088,-0.00390101561170013,0.010648874150254412,0.0005128272396686887,0.014339475201071757,-0.0026731781535345362,0.002391546544226002,0.026834915799088775,-0.001431079891422994,-0.012194483025450608,0.008482756896613866,-0.0069159585017478055,0.027514992303076725,0.01192094345252553,-0.001648526250006396,-0.01261038542467576,0.001973251450079253,0.0010459245696984004,-0.0074679791252710934,0.015344461342421711,0.011489100245933517,0.012003808359033427,0.0011080785751109966,0.003157305813743736,-0.002243114069206061,0.007259130710284811,0.003909107128230968,-0.0019900494240428102,0.00264897212428332,-0.0033860196689493053,-0.015794864238094296,0.00015803585274261762,-0.007804109064258225,0.000426812540550605,0.002449970655390645,-0.262137908784578,0.2822287808806868
6.515000000000001,0.04013846537348,0.404672904159,19.5,13.0,0.3012502193450928,0.3733408749103546,0.6000000238418579,30.04999923706055,0.3486726880073547,242.6983489990234,130.4543762207031,63.2664,0.9452,27886.0,444.3569145845439,12.4604,9.594,4.24,5126.7,578.0679933665008,9.211378826379432,48.24,20.1,16.14,4.24,19.43094720323031,0.6227563491270615,69.0,193368.9479159194,3.5451066319090208,42.50639508474981,53.94849828334116,69659.0,40079.96,28518.51,16.15424853850087,8.892486399593126,8.892486399593126,7.63752247452101,120.4,2.96,0.010147474630706713,-0.047375300439569404,0.006050779308920028,-0.05152588095211832,0.0007951876363222234,-0.004695956295719951,0.010215651201011495,0.008412393379752758,-0.04168040499174095,1.6419463121568476e-05,0.0010036783022078452,-0.001534234841354188,0.0016341311694413854,-0.0009266368237731488,0.0015368832442327397,0.002051220242894488,-0.004829332384193549,-0.00729920843683067,-0.0011683921428339088,-0.012115692405946902,-0.006879438285832295,-0.000838561911441503,-0.0036274780026578817,-0.0052848776668542995,-0.005303570520918583,-0.015926818772320984,-0.002302565930018319,-0.000317968010131148,-0.002045816159865351,-0.002901989812613466,0.0010439658099930956,0.0006146700260142112,-0.002515926208012386,0.0015147421746805785,-0.003096373326290634,0.0018507647421938576,-0.0016152554757718428,-0.0011010289820405908,-0.004603489277767947,-0.008873996996539058,-0.00586842448920651,-0.08224188476894052,0.2822287808806868
6.63,0.0590718391242,0.5759403734802,20.3,0.0,0.5112689137458801,0.7386882901191711,1.0,28.56999969482422,0.640950620174408,203.751953125,130.9732818603516,2.90776,0.115,1588.0,7.908338175479372,0.089,0.2026,3.98,913.13,329.46058091286307,1.640734061302774,4.82,0.14,0.34,3.98,1.9414835306710216,0.2504382101047163,73.3,43717.2909103953,2.133822472423064,34.05945495650095,63.80672257107598,57754.0,39953.37,32733.15,7.989646389078048,3.576066916726457,3.576066916726457,2.2858259152713347,56.1,0.22,0.010853866082237798,-0.048979477972927274,0.00444173902987677,-0.047004683574108634,0.021317376019113002,0.0036088125953247117,0.007617901405028532,0.002247534257112424,-0.0453536035833822,0.00014012717298464636,-0.021824026622954986,-0.0037819369432399988,-0.004023333266304692,-0.0017018948355544093,-0.012860823489725592,-0.0008695412282977467,-0.004013308974273969,-0.014022283828817308,-0.009928863604814977,0.003762502796555054,-0.004067563653632534,0.011525045009606397,-0.006204347958933791,0.00466518908520811,-0.011180494693573562,-0.003851042377034901,0.010295182873131123,0.006392301222615059,0.0017597405350825272,-0.0030226258546317683,-0.0023287180700281144,-0.002844333230284974,-0.012275527081117616,0.0008977374581445492,-0.003010798172355864,0.00982239842964919,-0.00773451657065016,-0.006317731377726887,-0.005159808269963829,-0.0012917517155001418,0.0005144274604099367,-0.09624385219758551,0.2822287808806868
7.0,0.06498900503097,0.6232803354827,20.3,0.0,0.31899493932724,0.5351080298423767,0.8999999761581421,26.72999954223633,0.4780864417552948,185.4667510986328,133.9436645507813,1.2429,0.0576,178.0,2.865339918651946,0.0803,0.0452,0.01,4.47,635.7142857142857,10.233356852328376,0.28,0.14,0.08,0.0,0.1127832756406402,0.0717922868966855,97.4,2310.438051510152,0.0183640280367156,11.209851980137037,88.77178399182625,126700.0,55075.29,33831.22,30.733895233898767,1.0251391827949203,1.0251391827949203,4.746573554900874,162.4,0.2299999999999999,-0.03459771515681496,-0.03973358612801531,0.008214580014362583,-0.017915111489637637,0.01141527158817189,-0.001285196722339605,0.012784416954658808,0.0032736346324090844,-0.02395804694497201,2.579699712805082e-05,-0.01878737354699115,0.018154632275865883,-0.000964582181652081,0.0012591058577090745,-0.007850974680884975,0.000858040521867225,-0.010344057548485577,-0.010348715950691256,-0.013339988602201622,0.006857317138077632,-0.004952551264403149,-0.00936063244804973,-0.0002537523532664598,0.0019240787801754794,-0.0032931796503253264,-0.0009571859704956326,0.012347963671440082,0.0065233719304815165,-0.005122922527676565,-0.00398150758775591,0.0016536666975298455,-0.008070678433490686,-0.014208159781424905,0.000748838553539829,-0.02666881265597476,0.003619033469891296,0.008034432110987831,-0.00431640792524559,-0.007322380680270729,-0.008824295539779998,-0.007447764772921801,-0.09531601420001241,0.2822287808806868
6.265000000000001,0.08511240689968,0.790420141245,28.6,69.7,0.3084035217761993,0.0,1.100000023841858,32.20999908447266,0.0408003255724906,295.7795104980469,133.0,126.195,0.9478,45899.0,1702.0,58.722,16.8508,16.87,882.0,223.4017181377917,8.284052468910467,205.455,93.926,30.942,16.87,33.16205965449566,1.7174502122943875,39.64,605389.0,14.2,42.9,42.8,42227.0,38884.0,17032.0,18.34775726355647,14.769191834162667,14.769191834162667,0.4028414498141264,119.4,0.78,-0.019191232476834557,-0.03077275352293509,0.005308361724004494,-0.06930805954711104,-0.0021486353078944377,-0.007836031117833046,0.0470719846779175,0.0005050256854519812,-0.03941436004474235,-0.012120402630098396,-0.0042702903659374005,0.013615751567762346,-0.000585025360313011,-0.0034396340752937253,-0.002573338916692589,-0.005937033753230933,0.0010872061970148923,-0.004695921512502534,0.00536703882772417,0.004625811319318016,0.005656540391617454,-7.063993361952734e-06,0.0006533376784573205,2.148466844665046e-05,-0.002709488780492391,0.0031482722356086083,-0.017776933362918503,-0.004428937693555779,0.0001084904272065652,0.0009403006449065287,-0.0021187921244418258,0.0009815121306164666,-0.0006123488539160465,-0.0003320668626256504,-0.005127358731639102,-0.0015922880759462685,-0.0004622699907340606,0.0032950665057869637,-0.00011322205852048027,0.0005673775867981005,-0.0038649783441433057,-0.13291342700556563,0.2822287808806868
6.41,0.1613072752335,1.63910553182,28.4,307.4,0.5387269854545593,0.2874916791915894,1.600000023841858,33.0099983215332,0.2789454460144043,386.3236389160156,130.0,97.05,1.21,106381.0,2590.42,55.63,35.38,21.39,6084.07,610.4028000918064,14.863552903373884,174.27999999999997,73.07,53.35,21.39,11.545413701275482,1.3286396630675812,42.31,858592.0,16.673582357043852,41.11565010222189,42.21076754073426,42877.0,31410.0,15449.0,10.182451797210655,6.929020407132105,6.929020407132105,0.954641587443107,92.11,16.82,-0.015479578905527891,0.002546547311321777,0.003898277945831066,-0.03699307331963792,-0.02500407974560221,0.0035336108824267276,-0.02150259429984726,-0.018938817000715064,-0.052076074942146076,1.9764482582105854e-05,-0.01130177134750556,-0.006256868370481243,-0.003726341960515128,-0.0004221452639321781,-0.0076992990293365425,-0.007824186815530997,0.0008423243326251397,0.0043703020317188935,-0.0007242178517772129,-0.030633967242465587,-0.006753777851386987,-0.020077597285941006,0.0023488409870915357,0.0008190059639309785,0.0002483143682184134,-0.0021258709661924518,0.0007845084035507183,-0.00027983132520603276,-0.0016851097183825895,0.0008006658951708233,0.0012378580931399492,-0.00026466640581202297,5.965500377351279e-05,-0.0034159736959845726,0.001383557352921339,-0.0023809500596398713,-0.0031086880149596213,-0.005044647024740695,-0.003069551330234391,-0.00010117540812643898,0.00028550704527879114,-0.017732693531113907,0.2822287808806868
6.29,0.1958208053322,2.067808123632,28.3,331.5,0.5595869421958923,0.2621971964836121,2.099999904632568,32.27000045776367,0.2597577571868896,321.0201416015625,130.0,62.8682,0.7473,30465.0,544.0,23.7417,15.1611,8.037,883.0,391.6363496124131,6.993276684364113,77.789,31.907,28.226,8.037,12.555758966506351,0.9191379276851872,47.4,302484.0,8.8,57.3,33.9,63896.0,41068.0,18414.0,9.819277128486252,7.904115227830772,7.904115227830772,0.4381657992565056,63.9,31.630000000000003,-0.02796070139528456,0.0008181358405563487,0.009303859726409427,-0.05146674119617091,-0.061749527981563,0.005574591824581154,-0.02894332309612946,-0.018904676964884855,-0.05853715482768893,3.2308038644256946e-05,-0.010177379820728675,-0.005064513250676103,0.0011644146781036359,-5.16663291855359e-05,-0.0038085538702143868,0.0016499134510086176,-0.008531116209735047,-0.0028990270244394186,0.00017103366881929052,0.005387414734133926,-0.004325993789141646,-0.0025310628139850445,-0.0033884864967330926,0.0006070610720489665,-0.0034796818334289154,-0.004930689971268293,0.008198396866166151,0.0003145145889429855,0.0005850145127697049,-0.004836414767501996,-0.002004658227073376,-0.0008761945680744222,-0.0028350157058375748,0.0025212758580164555,-0.0037355271194246613,0.0002852311989918227,-0.004241353050121689,-0.004795004980660454,-0.0031544812796491877,-0.0040956402822193965,0.0007187388525926532,0.009066438916903282,0.2822287808806868
6.565,0.06248309925259,0.8169352225608,25.8,149.9,0.2579099237918854,0.2387939095497131,0.699999988079071,35.20999908447266,0.2410351186990738,55.81299209594727,28.23225402832031,156.26,3.7,71109.0,604.0,25.5392,19.687,6.87,4046.0666666666666,639.9701205079514,5.435907589570977,111.113,48.363,43.95,6.87,30.453854606755456,0.8473062281162614,50.12,299186.0,8.188156481532047,41.53969380882165,50.2721497096463,56528.0,34807.04,22100.67,29.449202691670408,16.989687864542002,16.989687864542002,4.19935794066213,97.31,0.48,0.006765181029113597,-0.040032015262971996,0.0034593659684105647,-0.026810338879120543,-0.0004469623238401215,-0.007940061975328715,-0.015580836635934247,0.0028477132510306546,-0.0391755152284677,4.490764113142254e-06,-0.014703060685278619,-0.008275597453859519,-0.006519295572383272,0.0014209755604679224,-0.00961302992879064,0.0039589018006954595,-0.001983582834436675,-0.005135401345876741,-0.0023884740517751187,-0.001187247256282717,-0.01349131429186673,0.00047685968836594947,-0.001192111251068126,-0.0029393444569868698,0.0003948494409996785,-0.00428133440301463,-0.012411999692485551,0.00016595501371193514,-0.0001861593032663242,-0.0013437526205088953,0.0010209168981818973,0.0008334133868338577,0.00028294469384127326,7.382186084578242e-05,-0.0007252091274640412,0.0012753101334237738,0.009352595681644742,0.0018584551712265216,0.0013264492417365576,-0.008766794436014604,0.0010600313211616588,-0.09270415959496313,0.2822287808806868
6.640000000000001,0.2558848001299,3.503101136478,27.7,219.6,0.4768135249614716,0.2010269314050674,1.600000023841858,35.20000076293945,0.2108215540647507,148.6543884277344,68.14414978027344,50.1,1.306,41383.0,353.0,16.046,12.1913,6.776,670.2,631.7050831934056,5.388490306823385,65.51,26.747,24.969,6.776,17.9549829028876,0.4442509992904584,49.43,209556.0,6.020172305106115,47.59403235973944,46.38579533515444,76037.0,38605.82,21713.2,14.86650338874155,8.90786065415315,8.90786065415315,3.334605630605978,50.07,4.32,0.0058371549521543786,0.02224632083911274,-0.012380764915171313,-0.061246690126557944,-0.0183428782113624,0.00732399317249656,-0.018035281304182717,-0.019240219369312396,-0.04889285350855789,-0.0057038116658732095,-0.01477230593195418,-0.02108326691394905,-0.002448686642965184,-0.0009453521771647455,-0.001546641080451079,0.002373517716077914,-0.001581221117216046,-0.007797050762826986,-0.004175697280734314,0.0016283289587954663,-0.008979444786484237,0.0018815092882723545,-0.0037507601201941755,-0.000710216987376043,-0.003183906703088723,-0.0010305376854666964,-0.0023670628531981494,2.3420125886334522e-05,0.0005748170081496884,-0.0015460719940747374,0.002774945338154791,0.006484369870959196,-0.001396516666551178,0.0004803844405541897,-0.0010204526375382557,0.001731946301850256,-0.002144355988581081,-0.004064505651622309,-0.002749036554800111,-0.0033192746764252657,-0.0015405232133634875,-0.05894103498476035,0.2822287808806868
6.734999999999999,0.1139399067812,1.809336543191,27.8,320.3,0.398882657289505,0.1910979747772217,2.0,32.47000122070312,0.2028783857822418,197.2183074951172,97.66290283203124,79.7603,1.3218,37783.0,436.0,32.0201,11.986,14.3018,1405.4666666666667,317.1284444481749,3.659529465087586,119.14099999999998,45.663,16.368,14.3018,22.549304697785008,0.6391463480032891,44.35,477241.0,11.4,37.1,51.5,71561.0,34380.0,21443.0,14.98400185022494,14.347792906389309,14.347792906389309,1.8324918038196647,67.5,19.35,0.003290360642189629,-0.018401809190589122,0.005113880354685536,-0.06731287844177859,-0.04085113267959969,0.0009176191728765808,-0.03539392363752995,-0.01479097201080731,-0.03097893312429369,-0.00586949497110618,-0.026673234329544365,-0.032807388265500774,-0.00021542146445426648,-7.506479969015317e-05,-0.0024446295909874597,0.004567378917301541,-0.0006256188136612815,-0.0077446698570202005,0.0004717776182951631,1.5222956906654805e-05,0.0017531560646311874,0.00886049254772661,-0.0008131115782744024,0.0005211851269777973,-0.004847446766536452,0.003319835383445026,-0.005623932426184184,0.0017364058260136562,0.00023372564383316606,-0.00041970699399826173,-0.0003940475845738564,0.0008689317405660429,-0.0020589534325408743,0.003975680070725505,-0.001776479508567716,0.0033703412001632412,-0.0023451793922140457,-0.000508424162180746,-0.0004624996902348355,-0.0035780635049595735,-0.0007272621806187124,-0.012506078601210894,0.2822287808806868
6.835,0.2152928664995,2.151346883201,27.7,421.2,0.4462528824806213,0.1177685037255287,2.099999904632568,31.95000076293945,0.1442147940397263,269.1738586425781,129.0,113.44,6.47,113005.25,3048.97,56.37,31.11,33.02,4048.8,632.6927383685123,17.070544762331334,178.61,74.6,52.48,33.02,11.832260392384752,1.0136065476243834,41.19,962714.0,23.22925734100645,37.059541398199215,39.71120126079434,40450.0,30441.0,14677.0,7.420621787035737,5.286083690348805,5.286083690348805,0.6079000575173069,68.94,10.54,0.012308324016979896,0.008919478917130621,0.0014870638594147736,-0.0609653198088854,-0.0488652320598776,0.012241020406378082,0.04262209221930243,-0.020161419097872568,-0.07318591346858012,-0.0021956163381400967,0.0047891621647140736,-0.01745186174205446,-0.0061013053518545355,0.016552492839400655,-0.005040654429132703,-0.02125875788716075,0.006941048613574826,0.0027276138602901484,0.005767920256766956,-0.020304591270367385,-0.013929323614152967,-0.024232303094482634,0.0005899572648922921,3.429303555457933e-05,0.0003255600684497013,-0.009281814352223588,0.005009453804334046,0.00013244736840715992,-0.0008422660511132564,0.00020425573766988235,-0.009364194410038183,-0.0044904241397453,0.0013982789933652364,-0.0018388171921251291,-0.0008511496344726727,-0.002748870356474068,-0.004987990957975859,-0.003953362856860619,-0.004415659650723684,-0.0036616657779959517,0.002353379659441999,-0.044655245356858365,0.2822287808806868
6.945,0.2137058061186,2.308573007529,28.0,594.3,0.5184149742126465,0.1792715638875961,2.299999952316284,34.25,0.1934172511100769,288.3624877929688,129.3096313476563,111.07,3.69,99177.0,1003.5,55.58,40.03,31.27,624.27,546.7309812568908,5.531973539140021,181.40000000000003,73.25,59.84,31.27,12.01708770605562,1.3716441835883986,39.96,1202915.0,16.431187710251496,41.28557796152066,42.28323432822784,53308.0,32689.0,17803.0,9.539679628333618,7.153294308153317,7.153294308153317,1.1848298070618952,91.37,119.78,0.12922469740515224,0.4238846043333469,0.04515669008041735,-0.02231114521989364,-0.5737102960689225,0.3021929723273279,1.0491380330582616,-0.48245909245032814,0.5774637915659185,-0.1075826199397562,0.20992297155823322,-0.03527580266396396,-0.10225415202489238,0.41624388204823476,-0.05110028325454915,0.0779374632169203,0.09449920251927696,1.376335454793618,0.24193186276912465,0.42689311707677546,0.06632776537284367,0.2982384418880102,0.1251346245458699,0.13428152969546497,0.829144544837007,0.1687599433445721,0.7718075853101325,0.07884309180450515,0.07123753501637826,-0.2284629584668146,-0.015991462425183314,0.12806256934331034,0.18041586048403396,0.17065253827319243,0.024237994616647503,0.014484708805946869,-0.0066809790156548724,0.009224017919856161,0.05365224701270923,0.05013529353064956,-0.02478187730943321,2.680294859386413,0.2822287808806868
7.1850000000000005,0.05666443727865,0.5661172965498,26.7,136.1,0.5981320142745972,0.1207273975014687,1.100000023841858,29.19000053405762,0.1465819180011749,233.8560638427734,119.8350448608398,49.1485,0.47,15878.0,356.18,8.5477,7.134794327171835,0.953,926.17,282.58702925891646,6.339075959279561,56.188,19.8872,18.41727,0.953,16.5223150965168,0.404246719542003,47.87,256107.0,6.0117218158366414,18.174131902767638,75.81414628139571,45012.0,32296.0,14288.0,6.990829016588316,9.211165561563142,9.211165561563142,1.5733199943233478,43.22460681495,0.2299999999999999,-0.010541778604696447,-0.044346296386065666,0.003771530591344346,-0.04242266196620767,0.0004038877242710447,0.011523377821693432,0.03956570629007912,0.0022152650431162303,-0.010078642830427264,-0.003218899370520373,-0.00020084155323274967,-0.022310119847599705,-0.006459879591740903,-0.009749982119043123,0.006753430812575974,0.0027512530640233313,-0.003734583772064066,-0.02072118072075682,-0.0032896322532469666,0.010063201684155502,-0.002633918285588152,-0.0010217686343821691,-0.0001791952513885956,-0.002562005094980121,-0.007211157698904574,-0.00455626454189769,-0.0022202541742663007,0.009039921902331114,0.0021371726628131014,-0.003103328751312801,0.00012525307936448707,-0.019199401007746926,-0.009314601399833916,-0.0015619549533294032,0.0018107716654340036,-0.004420581615093399,-0.00793673657834006,-0.001983827733842188,-0.005046308856821275,-0.0009817733093514126,0.005357392320976944,-0.12609822883393645,0.2822287808806868
6.85,0.2044854036256,4.393743349293,27.4,161.7,0.4772187471389771,0.1235397160053253,1.799999952316284,34.18999862670898,0.1388000845909119,243.8013305664063,129.2899780273438,90.0226,0.7435,42621.0,380.0,29.4862,26.9367,6.0698,1695.8666666666666,337.6107982224757,3.0100678849520373,126.243,48.203,43.513,6.0698,23.893469695255813,0.8922933064271592,52.67,391262.0,5.5,42.2,52.3,87708.0,38644.0,23300.0,29.21013066820637,20.030529177502824,20.030529177502824,4.456108026187788,110.8,0.3399999999999999,0.010328176556766263,0.009396472375185117,-0.029770095721934925,-0.049108203010924625,0.000177740733604882,0.005352004719679831,0.055728266981954225,-0.01541700197891623,-0.05041848514098092,-0.0027153711924329444,0.0005374834670365104,-0.02960868675283564,-0.0030264771317306495,-0.002054209897411054,-0.005981689084597742,0.009409720808747805,-0.011088064717478117,-0.0006579732415557385,-0.004915862484194801,-0.005541065277495364,0.010427926535820007,0.017650610791897635,0.001411149527368253,-0.006032809746830026,-0.003853349276985686,-0.005618137390090851,-0.0044448366801225474,-0.0020649502755259092,0.00032291970217192674,0.0029492716589593336,0.0028894611523719526,0.006514798458141746,-0.005616963040432899,0.002550121850639706,-0.0025131268963887133,0.0021731539153843175,0.004095187443206669,0.002410684971138834,-0.0013393050093727659,-0.0032657150008599213,-0.004875613274576608,-0.1759462726754573,0.2822287808806868
7.109999999999999,0.2359938898278,2.381356845608,27.3,416.7,0.2698071599006653,0.1796951144933701,1.0,34.31999969482422,0.1937560886144638,249.9428100585938,131.9918212890625,94.5485,2.1563,46537.0,680.0,35.5076,21.2759,9.55653,702.0666666666667,383.5888559182328,5.60501153972964,121.32,51.283,28.768,9.556533333333334,22.96171465687948,0.7568755271663641,40.05,477450.0,5.7139813203593866,53.40210944990944,40.88390922973117,54771.0,36208.0,22771.0,14.874310622850874,16.990620933097066,16.990620933097066,2.7751741163370838,74.2,15.77,-0.017378710195043827,0.02078531407407718,-0.02674063418552396,-0.08850181419358703,-0.06631245508516441,-0.009702446093142495,-0.03123968239178066,0.0026535572903230785,-0.0430184549826081,-0.005479743039250027,-0.0012438673572760287,0.010482375353371026,-0.0028266239738586616,-0.0019308291061242906,-0.002653692737061646,0.0017399572763097258,0.00019683763784996683,-0.005889061317720916,-0.004748462054485571,0.005290742146156852,0.004544711347625706,0.003753015141061037,9.002044663065887e-05,0.00037056661100359637,-0.0021773670839174857,-0.0013665310842770843,-0.010374775283300549,0.0016158531428518495,-0.0002607402196736082,-4.070389416301564e-05,-0.0015614048336210552,-0.0012603821654847717,-0.0013324821391433946,0.0009644976555428029,-0.0002390255263962896,0.0010233595574100029,-0.00033099464027327335,5.513155483640754e-05,0.0012990066448692263,-0.001144649144975121,0.0007150998024881111,-0.009032723316791814,0.2822287808806868
6.485,0.07505783322448,0.7726308297319,27.3,533.4,0.5887801647186279,0.7191327214241028,2.099999904632568,33.04000091552734,0.6253061890602112,255.7650146484375,133.0,69.61883,3.1667,31295.0,362.9812608948286,7.9764,10.4369,25.54,1008.69,431.0012394986916,4.999053310767506,72.61,11.98,17.16,25.54,29.247120158096035,0.4441104259190304,62.5,205105.42621421916,6.613355601948504,25.327743910925538,68.05890048712597,63992.0,36649.66,25491.99,8.611711314748359,6.341558665661586,6.341558665661586,2.4926882667224866,70.9,4.74,0.009565598296554527,-0.03151616750677931,-9.760359828942002e-05,-0.06151105702805217,-0.04085382363869575,0.010987756444461408,0.012959545900768716,-0.018104126240621556,-0.03768517417130352,2.6871106325413904e-05,0.0034072504417272274,0.02127038770569198,0.0009924475994775952,0.00012631306424736936,-0.0034852292902069195,0.003758147952903529,-0.012065804857207693,-0.010453791868974804,0.0030303680513607103,0.0015654106762231124,-0.0011007169667136617,0.0006716749283950774,-0.0018287625539523994,-0.008356637173390481,-0.004453898560808737,0.005551240491928182,-0.021169066636226495,0.0029691546446265456,-0.0012889953163830775,-0.004618545108212855,0.0024828967238863728,-0.00914965740844491,-0.011891646127463901,0.0019485669789282832,0.0003449040800042019,0.0036964938141463796,-0.0064090240497607755,-0.004419539993483339,-0.0077248151924723075,-0.0027884593523631296,0.0037039972674392614,-0.06952739391718933,0.2822287808806868
5.945,0.1522563317346,1.886986682136,3.8,17.0,0.1956540644168854,0.034642856568098,0.5,7.21999979019165,0.0600076392292976,295.7795104980469,133.0,126.195,0.9478,45899.0,1702.0,58.722,16.8508,16.87,882.0,223.4017181377917,8.284052468910467,205.455,93.926,30.942,16.87,33.16205965449566,1.7174502122943875,39.64,605389.0,14.2,42.9,42.8,42227.0,38884.0,17032.0,18.34775726355647,14.769191834162667,14.769191834162667,0.4028414498141264,119.4,2.64,0.015555267010873642,0.01884444509410241,0.04028918138342851,0.04754243263968966,0.013266320303780948,-0.01120911752808025,0.08635411801691224,0.022804464892804396,0.08949289566848893,-0.00866749121874455,0.024239766246770184,0.12821249498346882,0.011718774949462388,-0.009299712120788162,-0.011299235507511201,-0.00801379368436755,0.0025866308593685905,-0.0038984635505475984,0.011530710177554287,0.027674802857363828,0.02350349053586251,-0.0009626564417267245,0.00545887600441346,-0.007000246459763726,0.006897574454567798,0.005592674143059416,-0.023203269838035345,-0.03066202694925595,0.0042867714988242345,0.0073777767322317205,0.01531420869163412,0.04254882460471708,0.01931393507757457,0.007619321282938471,-0.008066164844000015,0.019509669004299214,0.012914076584042065,0.022734698225671306,0.009817598364345023,0.03640995750526782,-0.023891199011603012,-0.3525899237229969,0.2822287808806868
5.904999999999999,0.1922570584841,1.951581635845,3.6,21.0,0.4531041085720062,0.4497370719909668,0.8500000238418579,8.210000038146973,0.409789651632309,386.3236389160156,130.0,97.05,1.21,106381.0,2590.42,55.63,35.38,21.39,6084.07,610.4028000918064,14.863552903373884,174.27999999999997,73.07,53.35,21.39,11.545413701275482,1.3286396630675812,42.31,858592.0,16.673582357043852,41.11565010222189,42.21076754073426,42877.0,31410.0,15449.0,10.182451797210655,6.929020407132105,6.929020407132105,0.954641587443107,92.11,21.54,0.023035452993615774,-0.00403625309886411,0.021702979164838328,0.07388256567358621,0.02610337787351455,0.023735427873441968,0.05574592318723444,0.04280853030248545,0.08391773931708305,0.0015916013512178306,-0.031688984004984384,0.012103266094374713,-0.002628584068210327,0.010430947729822965,-0.020043516362813527,-0.03630176191103238,0.0053785067997959984,0.02034411685759551,0.006388561035957552,-0.07156038485714818,-0.013100265459681393,-0.06791848803995527,0.005208819695311823,0.0013104638557706356,0.005133885899500454,0.0017195702238386706,0.009346520541585052,0.003924524943839064,0.00279514958319487,0.001929380229063088,0.005608915665477979,0.004877802622417221,-0.0035237399024481445,0.0019084875548142032,0.017150752263405587,0.004138370789849427,-0.014266198778437664,-0.017285464233544184,-0.017370781448262283,-0.0005678152500477151,0.0033985432818299187,0.1241080737742013,0.2822287808806868
5.66,0.2095821009921,2.211532849444,3.1,22.0,0.1978944689035416,0.3411900699138641,0.800000011920929,7.630000114440918,0.3212240040302277,321.0201416015625,130.0,62.8682,0.7473,30465.0,544.0,23.7417,15.1611,8.037,883.0,391.6363496124131,6.993276684364113,77.789,31.907,28.226,8.037,12.555758966506351,0.9191379276851872,47.4,302484.0,8.8,57.3,33.9,63896.0,41068.0,18414.0,9.819277128486252,7.904115227830772,7.904115227830772,0.4381657992565056,63.9,16.95,-0.008374569024439556,0.025456887928783554,0.0016977052490110556,0.042791084836921074,0.04311383617710089,-0.003199356066295872,0.005140262404878726,0.047618779975542556,0.1300044237645925,0.0012094226630870203,-0.02948231511426274,0.012529633178841334,0.0047976045915129354,0.013165042595006527,-0.0043012309846526455,0.021088189794041676,0.006634011275775264,-0.015306846170031354,-0.003400444920334841,0.026145307549333675,0.021674079227086626,-0.009660652329912417,0.004901378847804161,0.00882349587333738,-0.001004092904448048,-0.009662231915193841,0.0395240213485231,0.0024995072345918774,-0.0025559890639706233,-0.013095752916269705,0.03281346107803983,0.0005093735611735511,-0.038085029910245795,-0.001435917061520736,-0.047594192373246205,0.0009702482209249963,-0.02341168793091493,-0.01405998236253799,-0.008951102347840804,0.018165000505512566,-0.0026521059142541963,0.10781828953156947,0.2822287808806868
6.785,0.1153866267697,1.123266199194,3.8,6.0,0.1045826151967049,0.1064843088388443,0.2000000029802322,8.489999771118164,0.1351874470710754,55.81299209594727,28.23225402832031,156.26,3.7,71109.0,604.0,25.5392,19.687,6.87,4046.0666666666666,639.9701205079514,5.435907589570977,111.113,48.363,43.95,6.87,30.453854606755456,0.8473062281162614,50.12,299186.0,8.188156481532047,41.53969380882165,50.2721497096463,56528.0,34807.04,22100.67,29.449202691670408,16.989687864542002,16.989687864542002,4.19935794066213,97.31,0.77,0.028319182162376822,-0.034739601931272776,0.0023808188842085673,0.049400103350373675,-0.008618016493826866,0.03550689885189058,0.05887466524718911,0.017311617599669264,0.053944066367083,-0.005872197372867954,-0.023049313810202872,-0.06281583681021584,-0.0037020418011088686,0.015382332411827519,4.778251661627948e-05,0.003303143179902695,-0.009800579655769984,-0.002790241175011038,-0.0029972181032353515,-0.014279766138279226,-0.022148064585489922,0.008929232480732026,-3.2516130653679334e-05,0.0014260270478844213,0.00029452739634143883,-0.0022638481387984924,-0.014478857825975864,0.007378154240694134,0.0018877871982112978,-0.0032300935428647773,0.011373543098685336,0.010802060777845323,0.003423486176907322,0.0018141565418191001,0.004907586752204226,0.0055087143889977624,0.026990376450063202,0.01338831557423691,0.011542897692415862,-0.014429641566181086,0.0012540268225420675,-0.1632874589850835,0.2822287808806868
6.645,0.2973392050863,3.882291161179,3.1,21.0,0.2597025632858276,0.3728253245353699,0.5,10.52000045776367,0.3482602834701538,148.6543884277344,68.14414978027344,50.1,1.306,41383.0,353.0,16.046,12.1913,6.776,670.2,631.7050831934056,5.388490306823385,65.51,26.747,24.969,6.776,17.9549829028876,0.4442509992904584,49.43,209556.0,6.020172305106115,47.59403235973944,46.38579533515444,76037.0,38605.82,21713.2,14.86650338874155,8.90786065415315,8.90786065415315,3.334605630605978,50.07,36.760000000000005,0.09949774273560616,0.1990079584841733,-0.14842418648200692,0.09317392910565832,0.060334470329253244,-0.06117903643485624,0.023181196574747456,0.08570711138640763,0.02909157389197208,0.0017699484883341777,-0.08243846557159851,-0.10838859197123385,0.03954947247808741,0.0057561724351253285,-0.004705117369885564,0.0214032774209918,-0.0077827684449439435,-0.034485438043018804,-0.03634438835570471,0.016832464342325687,-0.022853922607668206,0.015031517620460353,0.0002638284263666746,0.010939444248040674,-0.003521934899210466,-0.02721881833388761,-0.006141899993308482,0.007369072207016861,0.009583607726061,-0.027138798003288684,0.06609236652073743,0.022573712754572633,-0.00476118066217167,-0.022231080725978247,-0.02757368360973487,-0.011460174409221511,-0.005758587933494724,-0.007164976345316973,-0.003583026096108363,-0.03591322748755919,-0.032629767109683606,0.2950090360725444,0.2822287808806868
7.01,0.119155109289,1.256707293646,3.3,16.0,0.199992373585701,0.3218914866447449,0.300000011920929,9.979999542236328,0.3075131773948669,197.2183074951172,97.66290283203124,79.7603,1.3218,37783.0,436.0,32.0201,11.986,14.3018,1405.4666666666667,317.1284444481749,3.659529465087586,119.14099999999998,45.663,16.368,14.3018,22.549304697785008,0.6391463480032891,44.35,477241.0,11.4,37.1,51.5,71561.0,34380.0,21443.0,14.98400185022494,14.347792906389309,14.347792906389309,1.8324918038196647,67.5,3.45,-0.05905988930286549,-0.025841166198057174,0.00565412431629375,0.019502437492716122,0.0008115957702684709,-0.0025124440101062647,0.007067865233650078,0.018025800798925046,0.03153862068822492,0.000495586813674893,-0.02808605622134928,-0.05374236730919074,0.0017943987225007719,0.001062133822604666,0.0007316409151244419,0.007385562284121986,-0.002905110026826148,-0.008742877225682604,0.007678473027488508,-0.003881940288192709,-0.002540068698755937,0.014949759354261915,2.5857591521343676e-05,0.00015377794552477833,-0.007220976444339616,0.005318663381258375,-0.004904488923028105,0.006330308254051484,0.0005802197869925321,0.00137628112982202,0.002802476107142865,0.004005003637423219,-0.0036876648872275807,0.009796219800278779,0.0037702112362021575,0.004141852556975208,-0.0010948489403453995,0.005234397305059245,0.007035381517831412,0.0018704975614164132,-9.145194201846119e-05,-0.14986353010976747,0.2822287808806868
7.05,0.1691529316109,1.614295478722,3.1,16.0,0.4082054197788239,0.5365220308303833,0.75,7.329999923706055,0.4792176187038422,269.1738586425781,129.0,113.44,6.47,113005.25,3048.97,56.37,31.11,33.02,4048.8,632.6927383685123,17.070544762331334,178.61,74.6,52.48,33.02,11.832260392384752,1.0136065476243834,41.19,962714.0,23.22925734100645,37.059541398199215,39.71120126079434,40450.0,30441.0,14677.0,7.420621787035737,5.286083690348805,5.286083690348805,0.6079000575173069,68.94,4.13,-0.057051009711496604,-0.0026227035799529378,0.00844877196991001,0.01594094534705801,0.00855137040956469,0.0025401120657334046,0.021916940726267056,0.00729980571064516,-6.530345891951877e-05,0.00024282800033687763,0.006692269720457266,-0.025138982510179635,-0.003939090656087501,-0.03372626987456169,-0.004029542766598752,-0.01010356358393619,-8.265523500449148e-05,0.0038489251361752395,0.01010007097041671,-0.035851670097908926,-0.015050952438963584,-0.04408082286307763,0.002407875186807355,0.000713637626628044,0.0023762282574171035,0.018738217720921973,-0.00056310797597689,-0.00024828044843161376,-3.3128904324257986e-05,0.0013640819657594015,-0.008885812493404954,-0.0077192093756166345,0.0021758342338289334,-0.0049011828437360155,0.0007479464862553898,-0.003229083792510218,-0.010638765356430662,-0.007558899031108015,-0.007972858611261468,0.0008258889387507262,0.003315175641051611,-0.11476747484260703,0.2822287808806868
7.095,0.2514176443827,2.307216662407,3.3,11.0,0.3960256278514862,0.5645306706428528,0.699999988079071,6.389999866485596,0.5016245245933533,288.3624877929688,129.3096313476563,111.07,3.69,99177.0,1003.5,55.58,40.03,31.27,624.27,546.7309812568908,5.531973539140021,181.40000000000003,73.25,59.84,31.27,12.01708770605562,1.3716441835883986,39.96,1202915.0,16.431187710251496,41.28557796152066,42.28323432822784,53308.0,32689.0,17803.0,9.539679628333618,7.153294308153317,7.153294308153317,1.1848298070618952,91.37,5.05,-0.11985072644415777,0.11103192790132017,-0.025634587146603736,0.06213296361299582,-0.0009280574014119373,0.0020364321782835705,0.05413203216332478,0.03880457009171369,0.04573127903501155,0.0010885625923110626,0.018488979389978337,2.249115057930684e-05,-0.004252492609026368,0.0007104553886310927,-0.004274024418118633,0.005363582956080792,-0.0008519011670141414,0.013779177766933572,0.04574763646602515,0.01899663634793251,0.00021562480412830738,0.01597759969028994,0.003874984802358075,0.0019906808258092394,-0.008600926463914223,0.05009105646076204,0.03191141445553512,0.0006771530196710979,0.006426711311825778,0.004209247000340851,-9.969730637385404e-05,0.027098128483135954,0.023797936354443664,0.008950369381025659,0.015045530405433962,0.0027052087766933257,-0.016795080375683034,-0.014617915951122986,-0.011665577145118738,0.006613614886533467,0.0004802922181552205,-0.24754355671117087,0.2822287808806868
7.395,0.0643875669168,0.586354679176,3.0,24.0,0.1266993135213852,0.1343065798282623,0.25,8.890000343322754,0.1574452668428421,233.8560638427734,119.8350448608398,49.1485,0.47,15878.0,356.18,8.5477,7.134794327171835,0.953,926.17,282.58702925891646,6.339075959279561,56.188,19.8872,18.41727,0.953,16.5223150965168,0.404246719542003,47.87,256107.0,6.0117218158366414,18.174131902767638,75.81414628139571,45012.0,32296.0,14288.0,6.990829016588316,9.211165561563142,9.211165561563142,1.5733199943233478,43.22460681495,0.25,-0.04620540086684923,-0.0327569004006873,0.0043627569847594725,0.0008016712085809546,-0.0025761329234519513,-0.0021141141628831972,0.018032699682429675,0.007479482702088718,0.005521145349157447,-0.0014027881507572575,0.0003296344140107979,-0.02550557681490318,-0.0036319322282943227,-0.006663560498942386,0.0007874610235012354,0.009859733709075958,-0.012481296923360783,-0.011776346029997513,-0.007359553995149329,0.004193524965405228,0.01038854551140685,-0.0005722744552331238,-0.0004406348805350713,-0.0031275873411359513,-0.005667007914787972,-0.009418981393915601,-0.006494102036027469,0.007516669111457303,-0.0011131874909478937,-0.0016696771017450387,-0.0007052338272915263,-0.021288483571726826,-0.01253985184071644,-0.0016512630482902742,0.0014791663759096984,-0.0013134550303075224,-0.0057749964546528615,-0.00796454840269871,-0.007557935717122745,-0.004007332106921238,-0.0009532619999299651,-0.1073157647904518,0.2822287808806868
6.83,0.1606819690298,2.347291146801,3.4,7.0,0.1968807429075241,0.4173991978168488,0.4000000059604645,7.550000190734863,0.383919358253479,243.8013305664063,129.2899780273438,90.0226,0.7435,42621.0,380.0,29.4862,26.9367,6.0698,1695.8666666666666,337.6107982224757,3.0100678849520373,126.243,48.203,43.513,6.0698,23.893469695255813,0.8922933064271592,52.67,391262.0,5.5,42.2,52.3,87708.0,38644.0,23300.0,29.21013066820637,20.030529177502824,20.030529177502824,4.456108026187788,110.8,0.5700000000000001,0.021858684446924598,0.015239046677044833,-0.032145541538746325,0.05585945325571812,-0.008167408883135061,0.002430340059567237,0.023368534728622752,0.0376711196055985,0.021287645004704238,0.0007312502492277412,0.006194801060075411,-0.044477699844152084,0.0027207532339671133,0.014843137651769204,-0.005788865890208397,0.007215302961791167,-0.003922605601896066,0.010774600682765596,-0.013164226919587232,0.0005871795348357453,0.017262826787860827,0.028877588570263475,-0.0015503499776823456,-0.0009641511123627461,-0.005170639039832166,-0.0288630164599017,-0.017769097333628452,-0.0003700373656756767,0.0039224991985538585,0.002890287668677051,0.009579632443754243,0.005107598779883118,0.00827441000148247,0.0011922493542369926,-0.0010243496797193122,0.0019451293750316842,0.025110787274985346,0.011937377209425904,0.021610653019015446,-0.025566104347148212,-0.0019029777460091296,-0.23986257929621208,0.2822287808806868
6.869999999999999,0.1145043187526,1.247618436804,2.5,13.0,0.1359676569700241,0.2386392802000046,0.2000000029802322,7.710000038146973,0.2409114241600037,249.9428100585938,131.9918212890625,94.5485,2.1563,46537.0,680.0,35.5076,21.2759,9.55653,702.0666666666667,383.5888559182328,5.60501153972964,121.32,51.283,28.768,9.556533333333334,22.96171465687948,0.7568755271663641,40.05,477450.0,5.7139813203593866,53.40210944990944,40.88390922973117,54771.0,36208.0,22771.0,14.874310622850874,16.990620933097066,16.990620933097066,2.7751741163370838,74.2,1.42,0.033304268924446656,-0.11667051623055887,0.02631701482855715,0.008645311558531826,0.0039671937894017965,0.021510070044008907,-0.06373652418446726,0.00869413714599797,0.0590466609664436,0.001232630192680513,0.003980886465316869,0.057363744166461395,0.018422118606918957,0.011030304533123852,3.2585838664089815e-05,0.0045306760399689665,-0.0066516438331454975,-0.003127035793746468,0.008902394472024752,0.019508780310949075,0.011706475497456263,0.012210355878502019,0.008551299200145874,0.006957887584343553,-0.006298030965059306,-0.004445413051231295,-0.0009507552919531037,0.008036135113128695,0.0006129646210611163,-0.0014607548536732784,0.003358453949287653,0.00433455584009061,0.0017262052990263288,0.0037628580824821296,-0.003932782168936685,0.0005744787700095871,-0.0034837093280948466,0.01558675857406342,0.013811561604205052,-0.006625242049660307,-0.0012549474098486745,-0.2510382051065244,0.2822287808806868
7.01,0.1636396561405,1.491558335471,2.7,4.0,0.2174653857946396,0.3065177798271179,0.300000011920929,6.590000152587891,0.2952142357826233,255.7650146484375,133.0,69.61883,3.1667,31295.0,362.9812608948286,7.9764,10.4369,25.54,1008.69,431.0012394986916,4.999053310767506,72.61,11.98,17.16,25.54,29.247120158096035,0.4441104259190304,62.5,205105.42621421916,6.613355601948504,25.327743910925538,68.05890048712597,63992.0,36649.66,25491.99,8.611711314748359,6.341558665661586,6.341558665661586,2.4926882667224866,70.9,2.78,-0.04096882021443162,-0.0011943243496352787,0.008346189959789627,-0.016655329830391575,0.0009428037109464665,-0.003780186323507225,-0.04469196375807951,0.005041707633135958,-0.015214571293327022,8.356348767120138e-05,0.0057993174787261525,0.02399182985398511,0.004145270756911482,-0.0028237938582897177,0.0007388212262449082,0.0006527346391012497,-0.022268505455198467,-0.008842944505260675,0.0112574473056593,0.004066378271338183,-0.0054123239459586275,0.006631531573584653,-0.0018439680621886514,-0.006511784147587604,-0.0010377092612034176,0.002839322569489009,-0.02963050785122323,0.0029922847095585916,-0.0016033803165191756,-0.002619249975679851,-0.0009669546229561097,-0.01778454501015949,-0.014071806919353547,0.001477399376191896,-0.0011261468450102258,0.0016021143243997369,-0.004438909069096554,-0.005844657658788492,-0.00913518138616928,-0.002928698859846917,0.001432842105539751,-0.10162279545325145,0.2822287808806868
6.265,0.1382626852967,1.462918458051,19.1,28.0,0.5608036518096924,0.8136013150215149,1.899999976158142,21.82999992370605,0.7008810639381409,295.7795104980469,133.0,126.195,0.9478,45899.0,1702.0,58.722,16.8508,16.87,882.0,223.4017181377917,8.284052468910467,205.455,93.926,30.942,16.87,33.16205965449566,1.7174502122943875,39.64,605389.0,14.2,42.9,42.8,42227.0,38884.0,17032.0,18.34775726355647,14.769191834162667,14.769191834162667,0.4028414498141264,119.4,4.48,-0.028253168482071482,0.0014028715053718774,0.009082040415582016,-0.013286408011452294,0.0013908237899304433,0.003119320406665789,0.008319412554163136,-0.03446532926709915,0.048698318769223994,0.000747608669887995,-0.004126937635694041,0.07886185783994007,-0.003887637711886777,-0.0026889265035133563,-0.00776333564841479,-0.012261557828576766,0.016060434337414338,-0.00539018179278355,0.007592970726880592,0.012673643479443854,-0.005907800651824803,-0.015692455458251067,0.003410411089003894,-0.0014106944108352685,-0.003006726016843455,0.010822655222131291,0.017517903327541717,-0.009723623248893991,0.0027580692203773654,0.006086559125309561,-0.0004336397283332204,0.010720848973753165,0.00421747860977484,0.0016261247784423109,0.00039353259753261636,-0.0010484902294701874,0.0016847799131355617,0.008320312076728448,0.0010819538629875708,0.007453013803868089,-0.007112770203370024,-0.2727012617748696,0.2822287808806868
6.54,0.3783828045614,4.473671270399,19.0,46.0,0.6479945182800293,0.6949933767318726,2.299999952316284,24.85000038146973,0.605994701385498,386.3236389160156,130.0,97.05,1.21,106381.0,2590.42,55.63,35.38,21.39,6084.07,610.4028000918064,14.863552903373884,174.27999999999997,73.07,53.35,21.39,11.545413701275482,1.3286396630675812,42.31,858592.0,16.673582357043852,41.11565010222189,42.21076754073426,42877.0,31410.0,15449.0,10.182451797210655,6.929020407132105,6.929020407132105,0.954641587443107,92.11,52.58,0.10192787307524123,0.09496023201601932,-0.16989189605569116,0.06635566033021315,0.062179872097534825,0.0021861215964017883,0.08193699741359159,-0.10408812050591225,0.021739621246466383,0.003062605680825059,-0.0977795661710261,0.01698389702005079,0.0012393281106342579,0.01090182858589107,0.03727180402481465,-0.025068247570277903,0.0031985212766012473,0.05382659524197514,-0.00037592485750792965,-0.19625487478863216,-0.0002430218851950383,-0.06923066802811809,0.0013359919168287992,0.007953102977640816,0.01941600605397253,-0.012408280120260332,0.005967560302669879,-0.013604861438507221,-0.004116211631626354,0.01694041613457375,-0.008021526491997059,-0.011429853793524647,-0.021064461971938727,-0.012531576639798031,0.015874688974698063,-0.0068392264927388206,-0.02669197185646045,-0.03465843604825203,-0.02594060249809991,-0.006656490232984693,-0.0029322978929994803,0.7698011394342611,0.2822287808806868
6.385,0.1795637312951,1.79149926306,18.6,19.0,0.5894808769226074,0.7502785325050354,1.5,24.8700008392334,0.6502228379249573,321.0201416015625,130.0,62.8682,0.7473,30465.0,544.0,23.7417,15.1611,8.037,883.0,391.6363496124131,6.993276684364113,77.789,31.907,28.226,8.037,12.555758966506351,0.9191379276851872,47.4,302484.0,8.8,57.3,33.9,63896.0,41068.0,18414.0,9.819277128486252,7.904115227830772,7.904115227830772,0.4381657992565056,63.9,44.19,-0.07518022956186178,0.0216206670915417,0.01929573413568142,0.08014042652027273,0.03983571600104915,0.025501402192137906,0.01986005449415825,-0.058574932502422586,-0.014833603590988781,0.0018789505433087523,-0.039020399091401495,-0.0074253158675273824,0.001601603403047186,-0.026747241813762236,-0.008196819859265818,0.0026789279923687044,-0.0147748278408544,-0.027072202817027567,-0.014607972808335049,0.0414655529474694,0.021466522177739526,0.0026255251426191535,-0.003920873568888048,-0.006929015403089581,-0.012566577106044858,-0.017978487815707937,0.034909952559595704,-0.004119191816163946,-0.00031388619913195884,-0.02632099736799135,-0.011286886528600014,-0.005081720535148637,-0.00016525962797459963,0.002427000962939915,-0.038883346485716154,-0.004689740950969282,-0.024055636018732927,-0.008063690375187433,-0.007752407086081814,-0.000882696439832227,0.007033499395125551,0.4199313375509227,0.2822287808806868
6.77,0.1042940155616,1.036290954491,19.5,15.0,0.2182116806507111,0.2789719700813293,0.6000000238418579,27.09000015258789,0.2731775641441345,55.81299209594727,28.23225402832031,156.26,3.7,71109.0,604.0,25.5392,19.687,6.87,4046.0666666666666,639.9701205079514,5.435907589570977,111.113,48.363,43.95,6.87,30.453854606755456,0.8473062281162614,50.12,299186.0,8.188156481532047,41.53969380882165,50.2721497096463,56528.0,34807.04,22100.67,29.449202691670408,16.989687864542002,16.989687864542002,4.19935794066213,97.31,0.39,0.0012067374598409523,-0.03567065121595806,0.002432671034890518,-0.026375090128676677,0.00045315023061993893,-0.0012058808025685705,-0.02059303486497811,0.008083135979730288,-0.03299476023507304,7.688070811855099e-05,-0.01809666359908442,-0.022238202271983025,-0.010261832966643852,-0.005397057504909748,-0.0015568226740579143,0.0015863939864066202,-0.0028093552375357826,-0.004331436666136139,-0.007404697705365833,-0.005916674806416267,-0.019757502042266423,0.0008871542538836378,0.0005935332754452256,-5.702192876196894e-05,-0.0007238347711827308,-0.010492193082551237,-0.0032165744920057493,0.0005792861406152971,-0.0004301492730155613,-0.0026468176964554017,0.0029241139914520297,0.001911430249536352,-0.00021280875919910434,0.0006734220355720025,-0.0010922494271944742,0.002391488488327008,0.003704455212049652,0.001539602109391127,0.0032939964650140624,-0.0089390075751362,0.0004812544031155989,-0.07176146949144459,0.2822287808806868
7.08,0.1546684837325,2.108195949799,19.3,11.0,0.4887903034687042,0.6446688175201416,2.400000095367432,22.59000015258789,0.5657350420951843,148.6543884277344,68.14414978027344,50.1,1.306,41383.0,353.0,16.046,12.1913,6.776,670.2,631.7050831934056,5.388490306823385,65.51,26.747,24.969,6.776,17.9549829028876,0.4442509992904584,49.43,209556.0,6.020172305106115,47.59403235973944,46.38579533515444,76037.0,38605.82,21713.2,14.86650338874155,8.90786065415315,8.90786065415315,3.334605630605978,50.07,4.16,-0.038341502693598165,-0.005340972304489694,0.03485260065765759,-0.04691475960038951,0.001593532346567375,0.012945371983558296,0.012933419694702025,-0.017885398046593767,-0.005012844783996112,4.299521289066856e-05,-0.02820476795852301,-0.03011824196456291,0.013639701423991934,-0.004414974850064024,-0.0027368120127939633,0.00434401053011243,-0.005767411745793653,-0.0032685239642160024,-0.008091467394595384,0.0036530554976634414,-0.02191429304762278,0.0002551917716045861,-0.011619789633332397,-0.0031587517746665935,0.000667785639263459,-0.007799228693911574,-0.004626522377075159,0.0027554605223413103,0.00017208422491967035,-0.0026445554394740585,0.004377336166056922,0.006674571381518034,0.0002818561450403672,-0.000979348143140671,-0.0032344778962142334,0.0016249279165349423,-0.003883998750388854,-0.005213558244082372,-0.007453262919778353,-0.00965741596586304,-0.002252411723107797,-0.10125593618382116,0.2822287808806868
7.035,0.1068543922567,1.127225031548,19.4,13.0,0.4678736925125122,0.621826708316803,1.5,25.04999923706055,0.5474613904953003,197.2183074951172,97.66290283203124,79.7603,1.3218,37783.0,436.0,32.0201,11.986,14.3018,1405.4666666666667,317.1284444481749,3.659529465087586,119.14099999999998,45.663,16.368,14.3018,22.549304697785008,0.6391463480032891,44.35,477241.0,11.4,37.1,51.5,71561.0,34380.0,21443.0,14.98400185022494,14.347792906389309,14.347792906389309,1.8324918038196647,67.5,4.1,-0.025985238592285898,-0.06596987075514335,0.007560958870250034,-0.02734435462510737,0.00023610924590321798,0.007534445624900398,0.016862553003811627,-0.013039780823892216,-0.021047776300052647,1.879503150121405e-05,-0.015436083891152521,-0.033064163296076,-0.0022015102383011287,-0.002050730441435003,-0.006795609155320561,0.00522660852165427,-0.0027396404007886295,-0.00959453484673577,0.006494104200930448,0.004704915897455064,-0.003828494723027686,0.01207264904335898,-0.0008056894041656023,0.00017302758562437017,-0.008026643098681226,0.0037596052802837216,-0.004291000579672981,0.0027201458302442867,-0.0033111732272372947,-0.0014707663887384107,-0.00014108415327792248,0.000246462002163751,-0.0006813794204063005,0.002192888254518036,0.0018706569543574,0.0018987479716888662,-0.001214589378650997,-0.00040697447830461786,-6.0899627962497086e-05,-0.0007458366455975921,0.00053542514522269,-0.10530249151667521,0.2822287808806868
7.04,0.09079972775049,0.7268085050842,18.4,25.0,0.7011379599571228,0.9581373929977416,2.700000047683716,22.72999954223633,0.8165099024772644,269.1738586425781,129.0,113.44,6.47,113005.25,3048.97,56.37,31.11,33.02,4048.8,632.6927383685123,17.070544762331334,178.61,74.6,52.48,33.02,11.832260392384752,1.0136065476243834,41.19,962714.0,23.22925734100645,37.059541398199215,39.71120126079434,40450.0,30441.0,14677.0,7.420621787035737,5.286083690348805,5.286083690348805,0.6079000575173069,68.94,3.71,-0.03309770408677286,-0.03867986065197328,0.0028246027095738093,0.0011610062032777937,0.0013666333252040203,-0.002770942983013811,-0.021024368575905103,-0.006530583355241105,-0.0016230376829917026,0.00011303508921992143,0.0052443084075348475,-0.015921050738776105,-0.0015933575675735514,-0.0029332187949621556,-0.006441752065686158,-0.008625662569837007,0.0003430811175494422,-0.000220558365152098,0.0021060459829604977,-0.0191786611675634,-0.030552035603905098,-0.020664500363898698,-0.0006272886284132258,-0.0008279274734813958,-0.00021249434426135835,0.004591578494597342,0.002321938870169105,0.0015088889385951917,0.0008052116366598107,0.0031035053085797697,-0.008170242314110506,-0.0027211733642325286,0.000507421525151585,-0.0008318618913035574,0.0028999826351500824,0.00021884919458534671,-0.009928306401416193,-0.005287250864537784,-0.009130146731709829,-0.0011263563086686193,0.002028913306101456,-0.06423593760936638,0.2822287808806868
6.825,0.1973637230563,1.705108159192,19.2,5.0,0.5868080854415894,0.8374630212783813,2.299999952316284,25.04999923706055,0.7199704051017761,288.3624877929688,129.3096313476563,111.07,3.69,99177.0,1003.5,55.58,40.03,31.27,624.27,546.7309812568908,5.531973539140021,181.40000000000003,73.25,59.84,31.27,12.01708770605562,1.3716441835883986,39.96,1202915.0,16.431187710251496,41.28557796152066,42.28323432822784,53308.0,32689.0,17803.0,9.539679628333618,7.153294308153317,7.153294308153317,1.1848298070618952,91.37,10.61,0.00850713288775296,0.01805623277937412,0.017859059448441246,-0.025751481778046575,0.01708010094601195,0.016869337066280417,-0.016509935078604036,-0.07315775944432244,-0.13379087088453528,0.0006932780743518441,0.02055392833429505,-0.0001136580083111724,-0.008197202110983206,0.006805417578201742,-0.01235359465904185,-0.0006616376992023998,0.011703823628427928,0.0255058254157484,0.020656627708856845,0.014713064424751801,0.015231133990484522,0.018215149347146506,0.0042421628719603215,0.0021095997568336333,0.01491086242586608,0.01718224297858251,0.0454997329582984,-0.0031752064047614117,-0.0002986077446839819,0.005520919996692106,0.0044882799164042845,0.008102235812984871,0.0018137302391405686,0.004333664626115935,0.008599850110389527,-0.00037237902314518764,-0.012910630412749013,-0.006671298633678821,-0.008800443817919588,0.0018457785927166695,-0.009917269884841515,-0.09899076814748695,0.2822287808806868
6.875,0.1212168998997,2.241133393548,19.6,2.0,0.5695142149925232,0.8013975024223328,1.299999952316284,24.09000015258789,0.6911180019378662,233.8560638427734,119.8350448608398,49.1485,0.47,15878.0,356.18,8.5477,7.134794327171835,0.953,926.17,282.58702925891646,6.339075959279561,56.188,19.8872,18.41727,0.953,16.5223150965168,0.404246719542003,47.87,256107.0,6.0117218158366414,18.174131902767638,75.81414628139571,45012.0,32296.0,14288.0,6.990829016588316,9.211165561563142,9.211165561563142,1.5733199943233478,43.22460681495,1.42,0.011388400223935608,-0.005755618805196717,-0.0013983001530577877,-0.05203025043319213,0.0013792561610753175,0.0007843409887573205,-0.0018056004499667328,-0.020071559179850738,-0.012800746359273035,0.000129024698137074,0.0014890772308426726,-0.028848492986369816,-0.0014760558791531387,-0.004317502562160373,-0.013089703335994268,0.007829506416062944,-0.009977140024813706,-0.008386820872867249,-0.0014924411998217678,0.0015346342286502476,0.0019146001255867268,0.0010358668846165535,0.0007047923087229705,-0.00371423638984561,-0.007895814763935053,-0.01390679812157759,-0.00041704113743617176,0.0034756376456643923,0.0020953696924116243,-0.003292028651936562,-0.0001626206963846925,-0.013222385002045483,-0.004875004151632313,-0.006055981278899717,0.0007892569916002698,-0.0003306164350069614,-0.007276761994522531,-0.002934922225103943,-0.00301079800981097,-0.0005337796253734238,0.0020017400735232497,-0.08826076473073044,0.2822287808806868
7.19,0.1593194119943,2.625257472965,19.4,17.0,0.513699471950531,0.785018801689148,1.899999976158142,25.96999931335449,0.6780150532722473,243.8013305664063,129.2899780273438,90.0226,0.7435,42621.0,380.0,29.4862,26.9367,6.0698,1695.8666666666666,337.6107982224757,3.0100678849520373,126.243,48.203,43.513,6.0698,23.893469695255813,0.8922933064271592,52.67,391262.0,5.5,42.2,52.3,87708.0,38644.0,23300.0,29.21013066820637,20.030529177502824,20.030529177502824,4.456108026187788,110.8,6.790000000000001,-0.04747060183515714,0.0017908280259289326,-0.02661971642820572,-0.04680607014344423,0.0004383244194032188,-0.0013252049081856968,-0.0014068180746326085,-0.016633947925438406,-0.01951655425463105,0.0001826588486437687,4.242298095778014e-05,-0.01260186699172482,-0.0012827134989784135,-0.0018494154852378385,-0.006521746837344836,0.0031274385764845647,-0.0051108658439043214,-0.0008174128532555211,-0.006792726383253461,-0.011629683260995078,0.0032822143433295396,0.009705111702467543,0.00029940615063241507,-0.0020642133497021853,-0.0061156719651189635,-0.0021479905757732904,-0.006915214557360744,-0.0012720757101342302,-0.0004570042209961693,-0.0018631438129086738,-0.0022178968919470236,0.0023582751308858893,-0.0005966660548583612,0.007843922468440723,-0.003274113105537247,0.0015086188168934335,0.008038591688789896,0.0035495666533097376,0.001479368768137649,-0.005419986474094913,0.0007728890687576491,-0.08671685032463575,0.2822287808806868
7.12,0.1467348950418,1.467844401516,18.2,18.0,0.6687385439872742,0.8945724964141846,2.299999952316284,26.07999992370605,0.7656580209732056,249.9428100585938,131.9918212890625,94.5485,2.1563,46537.0,680.0,35.5076,21.2759,9.55653,702.0666666666667,383.5888559182328,5.60501153972964,121.32,51.283,28.768,9.556533333333334,22.96171465687948,0.7568755271663641,40.05,477450.0,5.7139813203593866,53.40210944990944,40.88390922973117,54771.0,36208.0,22771.0,14.874310622850874,16.990620933097066,16.990620933097066,2.7751741163370838,74.2,3.26,-0.060885773246860474,-0.0001615545429522149,0.0036393902360432524,-0.005934774971188744,0.0007624675181432436,-0.01802235652845411,-0.03193732445235218,-0.01943815843199263,-0.03441509506516741,9.590518780168994e-05,-0.0007079740117042095,0.03282803182363569,0.0004252011212083725,-0.003625996867398503,-0.003349422288403732,0.002948875224101358,-0.00121662882293458,-0.003923586564633301,-0.0028166396718443134,0.0053538495358807295,0.005008547636272849,0.0014731696333910808,0.0010325936870503988,-0.0013965443918568803,-0.0006941346471721714,-0.00606377667775086,-0.004928167326645054,0.0017657259971747396,0.0021348277185024933,0.0012762003111274633,0.0003919953577278618,-0.00023900078779842777,-0.0008339275911421288,0.002079348156781631,-0.00035941844189073767,0.002436104501335649,-0.003803086470667036,0.001571956049818253,-0.00025525528412254084,-0.003875263992755206,0.0008790191083971886,-0.13875911899543278,0.2822287808806868
6.635,0.2163291263279,1.973026965186,18.8,32.0,0.444529116153717,0.5849077701568604,1.100000023841858,28.04999923706055,0.5179262161254883,255.7650146484375,133.0,69.61883,3.1667,31295.0,362.9812608948286,7.9764,10.4369,25.54,1008.69,431.0012394986916,4.999053310767506,72.61,11.98,17.16,25.54,29.247120158096035,0.4441104259190304,62.5,205105.42621421916,6.613355601948504,25.327743910925538,68.05890048712597,63992.0,36649.66,25491.99,8.611711314748359,6.341558665661586,6.341558665661586,2.4926882667224866,70.9,8.18,0.025329693942650923,0.06715581721295892,0.03938769364163454,-0.003975000037535199,0.0004034334120806355,0.03643787624977994,0.048303347741777546,0.024542066622496344,-0.136580107815651,0.0002531528466788568,0.010268025699173441,0.051680999755844816,0.0025234039914503277,-0.01143533417259459,-0.005497685257374543,0.009687095644112558,-0.020002438421768597,-0.015378392348502532,0.013174397359747672,0.00747925761999795,-0.009272660117916522,0.005887913220256438,-0.0020116828434402017,-0.00457234030295513,-0.011397041875636204,0.01202014740371669,-0.03859113205352332,0.01626818848088441,-0.004983112927293406,-0.006197470892933782,0.009307724338301342,-0.031101347774325404,-0.024149036346178036,0.0025128088393685283,0.0024245903860137348,0.0031444385734939657,-0.01190246711624786,-0.008325441771710755,-0.00546303679374978,-0.00254767222118972,0.00745437635251438,-0.26170875176589464,0.2822287808806868
