PREC,T_M,T_W,DO,pH,COND,DOC,GPAM,WS,FER,PES,MO,CO,VE,FR,FERA,PESA,TSA,WA,CA,VEGA,IRR_W,AGR_W,UR,GAO,PR,SR,TR,GDP,UI,RI,UR_W,RU_W,IND_W,LIF_W,POP_TOT,Soil_IMI-UREA_agg,IMI,PREC_shap,T_M_shap,T_W_shap,DO_shap,pH_shap,COND_shap,DOC_shap,GPAM_shap,WS_shap,FER_shap,PES_shap,MO_shap,CO_shap,VE_shap,FR_shap,FERA_shap,PESA_shap,TSA_shap,WA_shap,CA_shap,VEGA_shap,IRR_W_shap,AGR_W_shap,UR_shap,GAO_shap,PR_shap,SR_shap,TR_shap,GDP_shap,UI_shap,RI_shap,UR_W_shap,RU_W_shap,IND_W_shap,LIF_W_shap,POP_TOT_shap,Soil_IMI-UREA_agg_shap,IMI_shap,base_value
406.5,28.1,31.4,10.41,8.215,628.5,1.83,1.2429,0.0576,178.0,2.865339918651946,0.0803,0.0452,0.0112959999999999,74.0,635.7142857142857,10.233356852328376,0.28,0.14,0.08,0.0,0.1127832756406402,0.0717922868966855,97.4,2310.438051510152,0.0183640280367156,11.209851980137037,88.77178399182625,126700.0,55075.29,33831.22,30.733895233898767,1.0251391827949203,4.746573554900874,1.0265837231057064,162.4,0.000707107,63.4,2.258438654774024,1.5394309941492974,0.6113625318091364,0.22250822879529272,-0.4595272810198369,0.1220828150787081,-3.357808102242028,0.408113155515554,-0.5360216439748179,0.9360795461541662,-0.5089538669104997,-0.9710044676383646,0.8679223747140109,0.011241994009663673,0.954289466131789,-1.3439809908702347,1.0467993134244655,-0.6821892269840465,-0.7472997265743714,0.4995226661488415,-1.072903390284628,2.5969034712373587,-0.8994861827076722,-0.09669293049257226,0.106666365470737,0.03247663333235918,-0.49555206170150395,-0.6442634161235765,-0.588816615625595,0.499545476430406,-0.1332315087163202,-0.7627043072351563,0.11269578577407313,-0.3951119622231151,0.34755272574722773,1.162824038877152,0.1494656324122723,-2.229293758623923,15.95543530177325
191.4,25.7,30.2,10.11,8.41,885.5,1.6,69.4828,1.3569,21994.0,591.6353864032538,9.1363,9.5518,7.95815,16641.32,381.11245884595394,10.251869457689375,57.71,25.24,23.82,2.36,23.245438704361963,0.4724934230642314,61.4,189959.29356481816,5.960707881876988,46.25281304491967,47.78647907320334,66835.0,38481.79,24326.61,8.747788017238738,6.746846249557248,4.849428335338578,0.4633533676333021,73.3,0.000707107,4.2,-0.22254820524326832,-2.6495057493867353,-1.1524824042967519,-0.596690203016624,-0.5748024030580807,-0.2521243605126315,-2.9538248861829435,-0.19336474827335537,-0.08751825207844376,0.2081187656940893,-0.17474372122747192,-0.46138186829009403,0.19734230726025995,-0.10541632883716384,-0.053596571461918256,-0.4776295672046642,0.006863701534457339,-0.002229714539522793,-0.40358373641191686,0.21778785807235798,-0.015607142186102837,-0.897968362343187,-0.46432101603597403,-0.008935141310406196,-0.17012831347373616,0.0452550872275606,0.09505692787856483,-0.09381267569338274,-0.10287739707777906,0.05583138219856983,-0.15197800128875913,0.029696006515684187,0.02735130982318279,-0.3289307626802475,0.07503796332205348,-0.11061177161211766,-0.08576653934394318,-4.092829927196726,15.95543530177325
320.3,27.8,28.9,15.805,8.215,788.5,5.87,79.7603,1.3218,37783.0,436.0,32.0201,11.986,58.2589,19506.0,317.1284444481749,3.659529465087586,119.14099999999998,45.663,16.368,14.3018,22.549304697785008,0.6391463480032891,44.35,477241.0,11.4,37.1,51.5,71561.0,34380.0,21443.0,14.98400185022494,14.347792906389309,1.8324918038196647,0.2479057292855512,67.5,0.000707107,97.6,0.5662527584517376,2.281773693578628,-0.6095215225336145,-2.007942504722935,-1.3305204666405916,0.41745441424194724,0.8901141356661294,0.20405653381409747,-0.3707002088023971,0.46313887970522044,-0.38311253591751043,-0.012230187915265756,0.5847438104916363,0.012692982054625768,0.43399066822603366,1.1162063201268515,-0.36106861868097123,-0.006559729889656178,-0.2034503932048876,1.0274822981671121,-0.11481293265242136,-1.2557916944210106,-0.44427837517267726,-0.0274649822215239,-0.04463263184763481,0.007139646718278603,-0.20393019362352768,-0.22381221875703552,-0.60449268718871,-0.17765735524318482,-0.09599752720134958,-0.15134568025513243,-0.24802804914613566,-0.23377470137241022,-0.3070644985946514,-0.28980875844291076,0.2118080589625364,-2.780387353377106,15.95543530177325
136.1,26.7,28.2,8.015,7.975,330.5,1.53,49.1485,0.47,15878.0,356.18,8.5477,7.134794327171835,4.120444715233774,11534.0,282.58702925891646,6.339075959279561,56.188,19.8872,18.41727,0.953,16.5223150965168,0.404246719542003,47.87,256107.0,6.0117218158366414,18.17413190276764,75.81414628139571,45012.0,32296.0,14288.0,6.990829016588316,9.211165561563142,1.5733199943233478,0.2193897616698903,43.22460681495,0.0850861831733457,4.6,-0.24163321104599148,-2.14867341128178,-1.5560562668166433,-0.5531331448955462,0.1563708282083584,-0.3688254848417516,-2.643075050637902,-0.17774896150998157,-0.17500539542486301,0.15292411704858153,-0.20599434924467142,-0.7982563825122391,0.47436295795564837,-0.182557244976051,0.23054939407932873,0.07309578625485305,-0.04252484849809355,-0.01078026386288314,-0.1476564704851868,0.38043928743029626,-0.18125032269240685,0.016449590239984362,-0.713221927510264,-0.00561383741442107,-0.08851589928458754,-0.03765706416685138,-0.41658678305024904,-0.28726065289229163,-0.03978323586750793,-0.16651735277225552,0.02379220933808628,0.0829688494326546,-0.13000434019602808,-0.21265777542100597,-0.1319436024486398,-0.31299304408797374,-0.768695813626206,-4.772678108092708,15.95543530177325
218.7,27.6,28.8,5.44,7.505,662.5,3.62,94.75,0.975,80886.0,573.0,36.035,30.6179,69.9425,59746.0,503.33227546810537,3.5656280919222656,160.701,59.489,57.403,13.697,44.04493523854282,0.7705005543685988,37.51,683165.0,24.81513784080998,29.71825110917296,45.46661105001707,37563.0,37438.88,16936.21,15.717915646179634,15.449625511761106,1.4422353381379165,0.3216419673452932,70.17,0.000707107,41.0,-0.24140083163666204,-0.49714362220683456,-1.8496342523830636,-0.9759819649051252,0.2611589926357069,-0.052771191364930324,-0.8824183564617609,0.19776353704277416,-0.37825105144797516,-0.2508420791787403,-0.08551539908008028,0.026539768888615103,-0.4697062609251587,-0.08957226255598162,-0.43789427259160835,-0.27203229647905863,-0.33248564134817554,-0.10181444715708488,-0.057009244786264984,-0.7942004489883162,-0.38410752611234783,-2.8821935169662662,-0.39125526314601294,-0.009158082447635765,-0.1365258655697107,-0.1523075846582653,-0.5129752529008934,-0.011692673574822711,0.06411963354408129,-0.026343283400249978,0.042481740098446685,-0.17551472331862883,-0.28200727031876655,-0.23474447961120556,-0.04385580286228391,-0.18437535599960633,-0.11228524828019254,-3.21105908008758,15.95543530177325
421.2,27.7,28.7,4.36,7.37,447.0,7.87,113.44,6.47,113005.25,3048.97,56.37,31.11,123.25,170899.0,632.6927383685123,17.070544762331334,178.61,74.6,52.48,33.02,11.832260392384752,1.0136065476243834,41.19,962714.0,23.22925734100645,37.059541398199215,39.71120126079434,40450.0,30441.0,14677.0,7.420621787035737,5.286083690348805,0.6079000575173069,0.2002013844757149,68.94,0.000707107,204.8,3.11312131528277,7.580571651967863,4.975358474247624,0.7896536267727301,1.1305234506462394,0.6409211782878262,3.4815471992990923,-0.0729158806366222,1.0113479161852348,-0.8061572164110844,0.9612998281450319,1.8884029188317548,-0.8606466887673981,-0.02526164719834889,-2.5820021024749935,-1.073152596253591,0.45227701878175125,0.7432860282591226,2.035538693658698,-0.8137058477414154,2.4311764006828893,5.384381410269999,1.6523003475833686,0.06335698668689756,-0.17547102204756815,-0.20239540177086912,-0.26500719597563166,0.5307010399286329,0.18915755915145102,-0.6328398419544108,0.143533688819346,0.30992307671035335,0.04734451661352016,0.10905081930415106,-0.06299427292930589,-0.10923693446597686,0.48267464499454915,10.37105777522549,15.95543530177325
421.2,27.7,27.4,4.69,7.699999999999999,438.0,1.68,113.44,6.47,113005.25,3048.97,56.37,31.11,123.25,170899.0,632.6927383685123,17.070544762331334,178.61,74.6,52.48,33.02,11.832260392384752,1.0136065476243834,41.19,962714.0,23.22925734100645,37.059541398199215,39.71120126079434,40450.0,30441.0,14677.0,7.420621787035737,5.286083690348805,0.6079000575173069,0.2002013844757149,68.94,0.000707107,222.8,0.538225361101795,4.177709841278071,10.789958472438933,-1.924505925206468,1.2045473431594051,-0.5686365086104097,-15.122062169029377,0.31865575183027733,3.249673549383878,-3.7167008703621094,3.1082820757028338,4.95568186583463,0.9276267792501796,0.8774461910889174,-5.439944869346608,-0.7928992286060628,4.562642491788914,0.176830728542991,0.43467023047463305,-0.3233732297085224,6.421505362212969,3.7668502179378023,1.4992464656398325,0.023733554723052386,-0.0522203243073703,-0.1956577356563257,-0.21469092330429781,0.2555874211077276,0.08360776340744087,-0.6111793271902324,0.13578231400189358,0.21818837562265525,0.12764979194073697,0.018068364998324798,-0.32848722982841244,-0.05555361051578026,0.6989693046081819,23.917863032799215,15.95543530177325
115.2,28.8,29.4,2.42,7.52,524.0,8.27,60.6455,0.7705,18738.0,201.0,20.6519,13.225,27.4686,21790.0,236.6058463286824,2.5380390176147487,79.195,32.652,23.515,6.148,12.782698470895246,0.7724210753786316,47.21,209885.0,11.2,48.7,31.3,49780.0,37342.0,15884.0,8.251880779338212,6.642425473153561,0.2421040892193308,0.2176759611841297,53.7,0.465247215807595,132.6,2.9060261939854057,5.090309098799093,2.097679538829252,0.9674088618702572,2.118494732536686,2.2258947366476054,3.7095394465451434,-0.12887286685872956,-0.5293559441296384,0.6837394711918501,-0.23594389030089058,-0.6444566696959869,0.9553527154571689,0.18861557004197124,0.8033841102058071,2.927355133377327,-0.02785467365756607,0.11517187897581611,-0.05300709807313971,0.7077502662067615,-0.25360810754510316,1.1271261713079486,0.5786077631451189,0.054044459834694226,0.07953959880396762,0.14028715628354518,0.3670805608388041,0.4282511887963243,-0.12643825975091513,0.13607416238170122,0.2456577603084349,0.29869983922534926,-0.013130365970234573,0.8472227120818574,-0.18218562557827633,-0.4998036978564526,1.0609961112573127,3.2272860717944183,15.95543530177325
114.4,28.8,28.6,3.875,7.52,731.0,7.07,53.8484,0.7,22791.0,176.0,19.9075,9.7003,26.1024,22316.0,289.4793664503182,2.235459983996139,78.731,30.36,17.926,5.442,12.707805206288954,0.8544099046087655,49.59,270490.0,11.8,40.1,56.9,45128.0,39616.0,17109.0,9.127778739156234,7.347487394884943,0.1563167286245353,0.2407812308070261,59.4,0.4017632799546473,110.0,2.6996757951177037,4.404583990912264,4.814740239255286,0.5562958769189815,3.812523270227636,1.0242589355803404,3.5747354186729834,-0.23089989890344453,-0.09798600242162747,0.41880534183699636,-0.6594228990298387,-0.16059475228966566,0.7031770843639967,-0.1775516237396125,0.28274976154013115,2.273629849387023,-0.21451748129756507,0.2429310826755436,0.07885081755618269,1.5938695903200035,-0.7024554473192736,0.8706886147443823,-0.2744123122142627,-0.006974061410873755,0.3632054369027416,0.04908867153804749,0.11618173235173639,-0.3991143367144585,0.42767195413820475,0.36882589912042035,0.29636901308937613,0.2979370834631842,0.1566989059854921,0.9779153934416049,-0.11751070620802591,-0.1571864941452316,1.0997428439309207,4.410225916025228,15.95543530177325
116.8,28.8,28.9,3.4850000000000003,7.470000000000001,539.0,6.93,49.512,0.336,36853.0,138.0,15.7684,11.0015,49.6713,4038.0,582.73904587214,2.182128682342152,63.241,25.634,18.924,13.688,10.207596868462485,1.431208510245323,64.28,314899.0,7.9,22.3,69.8,42653.0,44208.0,19416.0,15.289797719630393,12.30765986180222,0.1473591078066914,0.4033288293821397,99.5,0.000707107,191.0,0.9761152286191161,6.231739198009794,5.4589223240160685,0.21553429093677515,3.807699560984814,1.87709380572817,2.9186935653102886,0.15226411679759608,-0.7207175013159092,-0.04982742765530257,-0.9741113189545768,-0.6533342280968398,0.17102300778186552,-0.0754022852409008,0.4162346402741967,-2.6284550883442477,-0.7007281798869375,-0.3311518195706115,-0.42209648554989476,0.3382584522897383,-0.3193043871099747,2.9082194811447213,4.254570721931134,-0.05811682525090841,-0.014272241787984363,-0.2945249581787112,-0.8808022462809452,-1.8751531978199878,0.24980728165556979,0.3869577190311014,-0.12271620515733932,-0.04894015056081121,-0.06791041306530425,0.4791569423520318,-0.0360682505609787,0.5665148008242249,-0.22163518967727946,5.566136145419441,15.95543530177325
594.3,28.0,27.4,6.365,7.775,1219.5,6.48,111.07,3.69,99177.0,1003.5,55.58,40.03,120.87,13627.5,546.7309812568908,5.531973539140021,181.40000000000003,73.25,59.84,31.27,12.01708770605562,1.3716441835883986,39.96,1202915.0,16.431187710251496,41.28557796152066,42.28323432822784,53308.0,32689.0,17803.0,9.539679628333618,7.153294308153317,1.1848298070618952,0.2653379822968679,91.37,13.411880914679156,116.2,4.210639778305777,5.833896791767329,1.7894531765944943,-0.8927008953550838,3.593760044501785,2.1849862092283243,3.677915101282609,0.34465756822687904,0.023446132804577118,-0.16170079768790516,0.1479091825522484,0.8190241758277025,-0.11099062272192262,0.5502533775102353,0.3237512411409989,-2.5756325856922193,0.01555450321485563,0.519197497161416,0.8233229258640978,-0.28819633671237727,1.5452525999210778,3.0759799820153657,1.6978881271230055,0.07085260197209793,-0.5925491010521857,0.0806570118883001,0.7708585031454772,0.2529171444382516,0.05902231656247784,-0.32058714538657335,0.26601058806603134,1.0611142684643464,0.6878194105951123,0.07846190253427847,0.13359135195923302,0.9155908707374083,0.362013943547693,0.20112492199676738,15.95543530177325
3.0,3.8,7.9,14.545,8.375,982.5,8.57,1.2429,0.0576,178.0,2.865339918651946,0.0803,0.0452,0.0112959999999999,74.0,635.7142857142857,10.233356852328376,0.28,0.14,0.08,0.0,0.1127832756406402,0.0717922868966855,97.4,2310.438051510152,0.0183640280367156,11.209851980137037,88.77178399182625,126700.0,55075.29,33831.22,30.733895233898767,1.0251391827949203,4.746573554900874,1.0265837231057064,162.4,0.000707107,44.0,-3.8867473179637453,0.42977658367094884,-3.677849270434429,-0.6836355462173621,-0.8309817542741077,0.34221756050751223,0.6707815207564272,1.3064368364696082,-0.13588260422305512,0.5122765617561528,-0.3610086899111047,-1.1834924467389163,1.11315577789365,-0.9824667928460986,0.2710814993890624,-0.19270139548617096,0.36297928490986436,-0.3304691879513362,-0.4230754134974751,2.0924862956232393,-0.9963081545693181,2.8527687385825753,-3.000826484671173,-0.2386194191748896,-0.19876811079215242,-0.1359828082829094,-0.5169561225998528,-0.563635854178574,-0.07416313546864935,0.12516412564863766,-0.1094990414823405,-0.9135663998437423,0.31729974763157487,0.42646398877259334,1.6915371186674262,1.5417986740451308,0.12022027910376609,1.0533455710920194,15.95543530177325
7.0,3.3,7.2,8.66,8.535,926.0,1.79,69.4828,1.3569,21994.0,591.6353864032538,9.1363,9.5518,7.95815,16641.32,381.11245884595394,10.251869457689375,57.71,25.24,23.82,2.36,23.245438704361963,0.4724934230642314,61.4,189959.29356481816,5.960707881876988,46.25281304491967,47.78647907320334,66835.0,38481.79,24326.61,8.747788017238738,6.746846249557248,4.849428335338578,0.4633533676333021,73.3,0.2766214894872473,7.0,-2.383957736377294,-0.8468696190447856,0.679813595136317,-0.7805828593609235,-0.41194228976188857,-0.18723558410691735,-2.655679995785467,-0.06607114494855819,-0.11390346873396379,0.4750433746934868,-0.13595894563632704,-0.7060957093009104,0.2508250785712152,0.6040096792074232,0.1284752683527768,0.0528807396798705,0.3461284415757593,-0.04671765926604471,-0.0597202470401923,0.2717592354227479,0.11439943560399117,-0.5723915127261231,-0.1646965081912154,-0.059194766761114126,-0.08827163151154908,0.03793318478623408,0.08875809988472615,-0.10643865043219791,-0.034130642192127914,-0.10647037581695852,-0.17462320483367266,0.09338806224133193,0.1234658011157687,-0.27712328146056575,0.1393692488657931,-0.05794982443874069,0.08358938001794748,-4.7999700671442165,15.95543530177325
16.0,3.3,7.0,12.265,8.295,1023.0,4.29,79.7603,1.3218,37783.0,436.0,32.0201,11.986,58.2589,19506.0,317.1284444481749,3.659529465087586,119.14099999999998,45.663,16.368,14.3018,22.549304697785008,0.6391463480032891,44.35,477241.0,11.4,37.1,51.5,71561.0,34380.0,21443.0,14.98400185022494,14.347792906389309,1.8324918038196647,0.2479057292855512,67.5,0.2835569017626839,4.2,-0.12175886886892835,-0.700124165197679,-1.4844272292413125,-1.6467609221565853,-0.9963670556899161,-0.502462875683171,-1.278097166342195,-0.10757355255540464,-0.3066042614611797,-0.0023519328484933465,-0.1548710280035932,-0.21435732331049306,0.5348520263067137,-0.3835168551886456,-0.09234527008918421,-0.4214771599982244,-0.16006773047459602,0.018606117603679428,0.04034421273196728,0.09522758760799964,-0.2577877014766758,-0.35686114743119096,-0.1652508092819091,-0.2825940628396346,-0.1273125258631382,-0.0034125398611649462,0.005884528129827246,-0.051568867975535386,-0.2375996968305357,-0.10019166699610636,-0.10605129082454375,-0.32522839753190047,-0.6770224215936228,-0.12885376105861127,-0.010893260315836878,-0.27659294672620777,-0.04472271477027476,-4.888029214089427,15.95543530177325
24.0,3.0,6.1,9.15,8.469999999999999,372.0,5.07,49.1485,0.47,15878.0,356.18,8.5477,7.134794327171835,4.120444715233774,11534.0,282.58702925891646,6.339075959279561,56.188,19.8872,18.41727,0.953,16.5223150965168,0.404246719542003,47.87,256107.0,6.0117218158366414,18.17413190276764,75.81414628139571,45012.0,32296.0,14288.0,6.990829016588316,9.211165561563142,1.5733199943233478,0.2193897616698903,43.22460681495,0.4069576840105739,3.2,0.5798587830023223,2.187040892921698,6.308172524538823,3.400455866314781,0.8107226779203242,4.374263037413669,4.1863908029549455,-0.03252000379065623,-0.2534703078819442,-0.14203359335816215,0.1853221630506833,-0.29517281557588476,1.5931768228346483,1.2636834315738328,0.6413017120693497,3.3071166905947025,1.0717442077600088,0.010366259429914204,1.0284501819157357,0.2812578747188673,4.1178896723004685,1.4089251287576434,1.4546854949028545,0.12097186192714893,0.30860750942025317,1.0482657418369006,-0.357849133550189,-0.34288284856360396,0.35467072261497296,0.18296620108963343,0.4156324290763585,0.5219220204045996,0.46694814743008517,0.04830976279297202,0.17116086535000616,-0.6271127642070254,0.6815777523458623,-8.324655920301252,15.95543530177325
27.0,3.0,6.5,10.395,8.365,897.5,4.06,94.75,0.975,80886.0,573.0,36.035,30.6179,69.9425,59746.0,503.33227546810537,3.5656280919222656,160.701,59.489,57.403,13.697,44.04493523854282,0.7705005543685988,37.51,683165.0,24.81513784080998,29.71825110917296,45.46661105001707,37563.0,37438.88,16936.21,15.717915646179634,15.449625511761106,1.4422353381379165,0.3216419673452932,70.17,0.418846380889714,20.0,-0.12868065413320434,-1.226700171211269,-0.8088510286870102,-1.074778379916679,-0.5324823323078453,-0.2430313309150126,-1.155106930681504,0.10438958441450574,-0.23191431866493062,-0.1539243769234355,-0.16166342274751527,-0.13109954489395023,-0.3390774145140314,-0.36141466910640396,-0.09285379086931546,-0.36133331186370926,-0.06793097568365451,0.017552239801734665,0.014975651834781044,-0.2420670809208724,-0.07854182482464236,-3.006260657048163,-0.03669840596461051,0.019490210527243618,-0.010465799507995479,-0.01370223032000147,-0.24855019837850711,-0.02483600382770722,-0.031131013664416868,-0.0878784268884919,-0.02869126124773157,-0.22379360739296905,-0.7295792311818028,-0.15796673973090938,-0.11139704605176426,-0.17479620472450444,0.04547111664665854,-3.8461741122812967,15.95543530177325
16.0,3.1,7.2,16.945,8.54,1064.5,4.44,113.44,6.47,113005.25,3048.97,56.37,31.11,123.25,170899.0,632.6927383685123,17.070544762331334,178.61,74.6,52.48,33.02,11.832260392384752,1.0136065476243834,41.19,962714.0,23.22925734100645,37.059541398199215,39.71120126079434,40450.0,30441.0,14677.0,7.420621787035737,5.286083690348805,0.6079000575173069,0.2002013844757149,68.94,0.673603563910772,1441.0,4.047637365036645,10.075189956937296,-3.422606593249366,1.4872271943123394,0.21145059541488717,0.9262209065103283,4.787565555615972,-0.43549803480661226,0.47495852610406725,-3.4889760909741754,7.368390689902008,3.2403463239703947,-0.6934230915394924,4.917234484845151,-3.868887302179355,-5.656583530829908,3.2475748857762663,2.356492386326815,0.5238712288873894,-3.5119391532816615,4.46642839886248,7.1067658556237205,1.318693165134949,0.029957282034059823,-0.17124630520585962,-0.2753256940655415,-0.1419103114120667,0.013707035304979298,0.26405769274725294,-0.21085659820586353,0.04020963810384259,1.2192846542208764,1.3333693559654065,0.09275531137362132,-0.108413344882429,-0.10548061986608921,2.0188502833945674,25.28255285755033,15.95543530177325
16.0,3.1,6.2,14.31,8.56,1012.0,5.54,113.44,6.47,113005.25,3048.97,56.37,31.11,123.25,170899.0,632.6927383685123,17.070544762331334,178.61,74.6,52.48,33.02,11.832260392384752,1.0136065476243834,41.19,962714.0,23.22925734100645,37.059541398199215,39.71120126079434,40450.0,30441.0,14677.0,7.420621787035737,5.286083690348805,0.6079000575173069,0.2002013844757149,68.94,0.3723513525884867,39.8,0.026450451047470163,-0.14007240532975018,1.319923026766628,1.1000721656771688,-1.9044148484027632,-0.23540373668850692,1.148943655421026,-0.01619632045583171,0.12924715971574188,-0.5063733589043841,0.22533118034247324,0.09204432630756232,-0.200888870745742,0.24562339993892227,-0.45114431635011004,-1.1046138055141395,0.2942259408254174,0.018389710735840243,0.08635434503667083,-0.1409087349846959,0.3972209299867972,0.3316441775454828,0.06412406477456307,0.10628447671808898,-0.2998855243856087,-0.19986291717117033,-0.3621864585749184,-0.11657555838115508,0.09627685095183529,-0.15127289682083464,-0.03372844176677362,0.4066493184864522,0.42570832157352334,-0.46947611332327743,-0.46391168450005343,-0.5731019733116652,0.5289738907276965,-4.052343754620137,15.95543530177325
26.0,4.3,6.5,12.885000000000002,8.295,1150.5,9.9,60.6455,0.7705,18738.0,201.0,20.6519,13.225,27.4686,21790.0,236.6058463286824,2.5380390176147487,79.195,32.652,23.515,6.148,12.782698470895246,0.7724210753786316,47.21,209885.0,11.2,48.7,31.3,49780.0,37342.0,15884.0,8.251880779338212,6.642425473153561,0.2421040892193308,0.2176759611841297,53.7,0.1127795710059634,62.6,2.1692180113183954,0.18319370804044133,1.743565051302624,0.4415751614126682,-2.0968616405890015,0.20748091697227258,1.0614819567495337,0.09032897173427006,-0.18144081833151446,0.8908586602673557,-0.46455140232108577,-0.21293243593536357,0.3858292088145389,-0.1960956671182069,0.3823997582495215,1.1940495441279686,-0.24504163400735668,0.14714469902838312,-0.22409123852538562,0.534772939764274,-0.7157259547617284,0.5778894342854618,-0.251967441335631,0.07577931858443976,0.16341709556290893,0.1402484498087627,0.3835753650404512,0.09670825904235225,0.1179911888732259,0.5058844019627821,0.43446445223564895,0.5449709864721325,0.5446474908540649,0.610378757688838,-0.12060595931485289,-0.4306481633242221,-0.7157913736098758,-0.22078525398081772,15.95543530177325
26.0,4.3,6.8,12.645,8.405000000000001,1516.5,7.39,53.8484,0.7,22791.0,176.0,19.9075,9.7003,26.1024,22316.0,289.4793664503182,2.235459983996139,78.731,30.36,17.926,5.442,12.707805206288954,0.8544099046087655,49.59,270490.0,11.8,40.1,56.9,45128.0,39616.0,17109.0,9.127778739156234,7.347487394884943,0.1563167286245353,0.2407812308070261,59.4,0.2053633329615573,15.4,-0.05368739972822345,-1.3365389907530822,2.116677060350776,1.3223637595182909,-0.7965085566493993,-4.18920375351018,0.7061542392731647,0.11387544974839914,-0.10344160661566999,0.10567909693345402,-0.6626475992201207,-0.056598117623167576,0.28626297235178444,-0.05303133899035554,-0.04027015967527411,0.3911662000898893,-0.3196452343231067,0.11881188461557017,-0.08804989197601865,0.5422213380403506,-0.35763649174633105,0.08941642822853002,-0.0613684807127961,0.07235878832095015,0.10726490601198739,0.04292667667071023,0.15102783319850754,-0.14569547373258193,0.13492194697571291,0.04014083153024939,0.05419687628357994,0.2864397105869528,0.3149980764711898,0.16769054118388627,-0.09842290410151096,-0.11998295286980798,0.1453409017870823,-2.2135538855389068,15.95543530177325
26.0,4.3,7.4,12.76,8.274999999999999,1099.0,6.26,49.512,0.336,36853.0,138.0,15.7684,11.0015,49.6713,4038.0,582.73904587214,2.182128682342152,63.241,25.634,18.924,13.688,10.207596868462485,1.431208510245323,64.28,314899.0,7.9,22.3,69.8,42653.0,44208.0,19416.0,15.289797719630393,12.30765986180222,0.1473591078066914,0.4033288293821397,99.5,0.365984018097313,129.0,2.3205580428382384,0.8119287180528044,2.7576352824162065,0.9488784512023751,-0.802307562235122,0.21520756498134408,3.0333043801349895,0.6349644252114622,0.06208830615195119,0.42237445736924867,-1.0760359870207807,-0.7342822359874847,0.2587379337148739,0.017217233640452356,0.7142228943000859,-1.6479926878858049,-0.46353283206621826,0.057323902188799826,-0.3011030192688727,0.7031086240538079,-0.12781462009996178,1.9683159793463227,2.127326263054274,0.025518591688014885,0.20918938323700212,0.00870196969403588,-0.538902048102269,0.04671876883444703,0.513769587269053,0.20384286874284321,-0.20347711142773375,0.2166232549197352,0.3141118525946513,0.38357132501279273,-0.39005778536510954,0.15669163701434932,0.5674206899153068,2.5396384881925766,15.95543530177325
11.0,3.3,5.6,13.0,8.15,1637.0,10.9,111.07,3.69,99177.0,1003.5,55.58,40.03,120.87,13627.5,546.7309812568908,5.531973539140021,181.40000000000003,73.25,59.84,31.27,12.01708770605562,1.3716441835883986,39.96,1202915.0,16.431187710251496,41.28557796152066,42.28323432822784,53308.0,32689.0,17803.0,9.539679628333618,7.153294308153317,1.1848298070618952,0.2653379822968679,91.37,0.5367829208018758,3.6,-3.792248969561576,-1.8649481072214737,1.520929200424968,0.7036039236110323,-0.021610666033811825,-1.6438959498470649,0.0738875940364474,-0.01474474988024077,-0.04193411331468566,-0.09203326119109978,0.011193619354938586,-0.011978455792801915,-0.440979687172609,0.04446864901420985,-0.09827854408572119,0.08442608465751023,0.07308069793817888,-0.051637338499228025,0.035186389095615556,-0.2158361917858321,0.30453417590043214,0.03688211170413214,0.649871902066904,-0.01631575619025749,-0.4381678828938556,-0.007216251206894915,0.03461575156698641,0.08991094596063105,-0.0347275723485897,-0.028174729182695517,-0.04208841220786178,0.2765726042492313,0.24988912560045715,0.033144950301696764,0.03638006698805829,0.050786342106294145,0.09929711447407778,-3.0055833257998645,15.95543530177325
0.0,20.3,17.6,13.415,8.335,1130.5,1.13,1.2429,0.0576,178.0,2.865339918651946,0.0803,0.0452,0.0112959999999999,74.0,635.7142857142857,10.233356852328376,0.28,0.14,0.08,0.0,0.1127832756406402,0.0717922868966855,97.4,2310.438051510152,0.0183640280367156,11.209851980137037,88.77178399182625,126700.0,55075.29,33831.22,30.733895233898767,1.0251391827949203,4.746573554900874,1.0265837231057064,162.4,0.0086605414314611,28.4,-1.719852344926912,-1.074324972356359,-3.103039039946161,-0.38810825449802605,-0.45564214394583047,-0.30153639777253066,-1.9985082971180477,-0.7185561978165058,-0.23883080940693613,0.2531026750818515,-0.343915612938193,-0.7141263528261335,0.7009917516525211,-0.19333463738517231,0.2070093519690757,-1.6477092876199946,0.20064545742856965,-0.09242864994797845,-0.07419635937704384,0.3463336008073143,-0.5611701741395518,0.090707444481862,-1.0608181301814816,-0.13588242186078203,-0.1272116084164008,-0.04986293064585561,-0.06832917192718027,-0.3910725388148179,-0.5868619371678988,0.03086338663473721,-0.03412580718596778,-0.41837601841116934,0.09015324217112115,-0.11545124720626833,-0.03102113048546006,0.33630915291529767,-0.07137527182077372,-1.46653915877454,15.95543530177325
15.0,19.1,13.5,11.465,8.405000000000001,1105.5,1.17,69.4828,1.3569,21994.0,591.6353864032538,9.1363,9.5518,7.95815,16641.32,381.11245884595394,10.251869457689375,57.71,25.24,23.82,2.36,23.245438704361963,0.4724934230642314,61.4,189959.29356481816,5.960707881876988,46.25281304491967,47.78647907320334,66835.0,38481.79,24326.61,8.747788017238738,6.746846249557248,4.849428335338578,0.4633533676333021,73.3,0.000707107,73.6,-2.7112067774923823,-1.7688907649026557,-2.3759370204037986,-0.960604266296141,-0.5077798775187693,-0.3975214083818717,-2.224796444311893,-0.2741438899786833,-0.09397893577581273,0.12729304110941783,-0.020260956170968823,-0.9197987642729034,0.4033111404324883,0.1085195017823329,0.18065632819974173,0.12631608345933892,-0.07486308444601779,-0.10126839502559355,-0.24352347331975277,0.09693833130101363,-0.2322389475085462,-0.4156808192562311,-0.5174738158875455,-0.027714677249702252,-0.06937961893699447,-0.09352274677250544,0.047585999694031905,-0.04695668919322379,-0.08680691599380214,-0.055532870716415404,-0.1123551198126127,-0.026600454525711564,0.07921021368432159,-0.3045112106452385,-0.037557623659571,0.018791970903209092,-0.039226035931302895,-2.3754476873786188,15.95543530177325
13.0,19.4,16.5,10.405,8.09,1208.0,1.99,79.7603,1.3218,37783.0,436.0,32.0201,11.986,58.2589,19506.0,317.1284444481749,3.659529465087586,119.14099999999998,45.663,16.368,14.3018,22.549304697785008,0.6391463480032891,44.35,477241.0,11.4,37.1,51.5,71561.0,34380.0,21443.0,14.98400185022494,14.347792906389309,1.8324918038196647,0.2479057292855512,67.5,0.000707107,25.2,-1.5532761072926222,-1.6754907594722077,-4.790949870680925,-0.7350684327407118,0.21529571323733168,0.5531459311000071,-1.7702226513825983,-0.07079084254490825,-0.10725189489778125,0.002860536348695634,-0.11626492138719184,-0.2421167390514165,0.13905809292492144,-0.13027519404422488,-0.02660814651288093,-0.37630204673701256,-0.033906527360280346,-0.04518852561557055,0.03782191675001124,0.226618693600564,-0.22611739340781536,-0.7683719522715546,-0.12130920025985698,-0.023479148753297634,-0.08550529216649004,0.006788794522484067,-0.12447877449449167,-0.05877465467434381,-0.15137372519200024,-0.06481123353509859,-0.21304404610457506,-0.13284850248446076,-0.27400653399216623,-0.10051524995050072,-0.16794120031874638,-0.16235454624596368,-0.01758357516722772,-2.742849714801802,15.95543530177325
2.0,19.6,15.5,10.11,8.055,470.5,1.58,49.1485,0.47,15878.0,356.18,8.5477,7.134794327171835,4.120444715233774,11534.0,282.58702925891646,6.339075959279561,56.188,19.8872,18.41727,0.953,16.5223150965168,0.404246719542003,47.87,256107.0,6.0117218158366414,18.17413190276764,75.81414628139571,45012.0,32296.0,14288.0,6.990829016588316,9.211165561563142,1.5733199943233478,0.2193897616698903,43.22460681495,0.0623067877807608,0.040305087,-1.221015384324516,-2.678911581854336,-3.1578242688501876,-0.3931878487307887,0.1694883553730324,0.028301093406820025,-1.7647075821218703,-0.11187897038801269,-0.257825282413978,0.19572377842385333,-0.1565980186763529,-0.3340492760762574,0.10464109292409064,-0.667760187582268,0.1561802044588451,-0.05514032210145762,-0.007358056690233465,-0.07579372749586293,-0.09712425435349964,0.22890968912048262,-0.30431562505584825,-0.22515553912613526,-0.2251783683748605,0.00013556164999801076,-0.05638877489448819,-0.044284247717199236,-0.4090026167943142,-0.2537158977488677,-0.005593520933762082,-0.0631185388891025,-0.013376277789163183,0.05050337740064901,0.054560403850239886,-0.10634082259765515,-0.007633419208383775,-0.3868633015399487,-0.6654189665988087,-3.170630972588745,15.95543530177325
33.0,18.7,14.7,12.06,8.364999999999998,815.0,4.2,94.75,0.975,80886.0,573.0,36.035,30.6179,69.9425,59746.0,503.33227546810537,3.5656280919222656,160.701,59.489,57.403,13.697,44.04493523854282,0.7705005543685988,37.51,683165.0,24.81513784080998,29.71825110917296,45.46661105001707,37563.0,37438.88,16936.21,15.717915646179634,15.449625511761106,1.4422353381379165,0.3216419673452932,70.17,0.438525580977385,0.040305087,-0.09965451862430197,-2.475920882729503,-2.2883085602475326,-0.7629028091486543,-0.3881011130482268,0.0046730909263713325,-0.4618981062830425,-0.06296922998658079,-0.1183478643186391,-0.1793285705257824,-0.0934898106552039,-0.04718071194676051,-0.05503501672840979,-0.023342176632334805,-0.4834722220385448,-0.5190189319608421,-0.13776949656661594,-0.0020358523819596023,-0.024854126600548643,-0.5281817611881223,-0.08462774372659619,-2.5529437522248672,-0.08801921725195512,-0.03928757225473745,-0.028670161117333975,-0.11667751526149629,-0.308138416269794,-0.0678396884646888,-0.030236712581633504,-0.08972931439212216,-0.030454872107753984,-0.07970532222961374,-0.35376158090929194,-0.10181083106435833,-0.06635644260095432,-0.09179762918191652,0.11421352859741724,-3.167506303559834,15.95543530177325
25.0,18.4,23.9,10.975,8.545,916.0,3.14,113.44,6.47,113005.25,3048.97,56.37,31.11,123.25,170899.0,632.6927383685123,17.070544762331334,178.61,74.6,52.48,33.02,11.832260392384752,1.0136065476243834,41.19,962714.0,23.22925734100645,37.059541398199215,39.71120126079434,40450.0,30441.0,14677.0,7.420621787035737,5.286083690348805,0.6079000575173069,0.2002013844757149,68.94,0.5543262333524053,572.0,-0.7533896510070185,-4.842018476693581,11.907907886563335,5.4578454807850845,1.887668725685218,0.7315586541647404,-13.318710397079895,3.436636556767238,5.2169599004043254,-2.8115680550007767,0.3520484776251643,2.821447214640988,-1.7621557867185533,-0.882045804974624,-2.8556936372537165,-4.439786876163756,2.9366534408461304,0.38678243016513675,0.9580291240592486,-2.3126443249142423,5.069956976990215,5.827922755140656,3.1174447246889265,0.12295409806693551,-0.08373866655087676,0.038798968262660126,0.013179629108247512,0.05867657772265359,0.039510701947535844,-0.13298737813252945,-0.07419814514772409,-0.08535404685419101,0.3095877311471857,0.15182985339158614,-0.20365662331072024,-0.10902338545924606,3.1687444349828477,30.242482430644642,15.95543530177325
25.0,18.4,19.2,10.445,8.440000000000001,1120.5,3.21,113.44,6.47,113005.25,3048.97,56.37,31.11,123.25,170899.0,632.6927383685123,17.070544762331334,178.61,74.6,52.48,33.02,11.832260392384752,1.0136065476243834,41.19,962714.0,23.22925734100645,37.059541398199215,39.71120126079434,40450.0,30441.0,14677.0,7.420621787035737,5.286083690348805,0.6079000575173069,0.2002013844757149,68.94,0.0487313984353615,168.6,-0.2783863172649096,-2.5509642106667156,-3.0935791214881463,-0.6480845067021433,-0.30344115660293025,-0.6116820279423462,-3.3007846719135228,0.03571546958914657,-0.09576460145181037,-0.3380498525275229,0.5434767312766053,0.0742651604760128,-0.527804908861872,-0.11563088648021234,-0.9616398805193604,-1.7919469867801914,0.32979640117225556,-0.039133004782876714,0.08380774173807974,-0.2894058596893833,0.7056254556759572,0.2753101479246593,0.046034694401702686,0.035208111309136154,-0.19309576502845935,-0.07516433728160331,-0.09407515092442446,-0.005711033698171286,0.01813388484607775,-0.23172972258180377,-0.018960136013726363,0.029004026458133037,0.09000562015532813,-0.06754420508552955,-0.044073820160701944,-0.16535314859201508,-1.4366954426413088,-0.9076857865105074,15.95543530177325
15.0,20.0,19.4,9.77,8.1,1231.5,4.85,60.6455,0.7705,18738.0,201.0,20.6519,13.225,27.4686,21790.0,236.6058463286824,2.5380390176147487,79.195,32.652,23.515,6.148,12.782698470895246,0.7724210753786316,47.21,209885.0,11.2,48.7,31.3,49780.0,37342.0,15884.0,8.251880779338212,6.642425473153561,0.2421040892193308,0.2176759611841297,53.7,0.1601150419945027,33.8,-0.5909580751267883,-3.451882392903014,-3.7930005751852875,-0.7947583974649509,0.6388651592750104,-3.171716686171324,1.1689194029740368,0.0007675462728366315,-0.3535365731168228,0.5302490590512756,-0.3033187835205655,-0.3761802716522166,0.32198381038537854,0.08300150602279861,0.17946003733125201,1.8063854565044555,-0.1040132568380796,0.12217238416895276,-0.018601145215798382,0.6783282881369813,-0.358533355006948,0.5877366776609173,-0.19057817035975566,-0.06371871151961385,0.03795174014133703,-0.11730802862284102,0.5682434742385521,3.256622470711978,0.8270840508289016,0.457941282475367,0.3142288310127332,0.28981241002446056,0.444436286922234,0.3361421699759859,0.4489637910791983,-0.18742808144850018,0.5267167904127078,-1.42384144861872,15.95543530177325
16.0,20.0,21.8,20.18,8.870000000000001,1195.5,9.67,53.8484,0.7,22791.0,176.0,19.9075,9.7003,26.1024,22316.0,289.4793664503182,2.235459983996139,78.731,30.36,17.926,5.442,12.707805206288954,0.8544099046087655,49.59,270490.0,11.8,40.1,56.9,45128.0,39616.0,17109.0,9.127778739156234,7.347487394884943,0.1563167286245353,0.2407812308070261,59.4,0.4862810846964528,34.6,-0.3831623652429941,-2.722457694765181,-3.94398825599812,-1.4935975098198593,-1.2544658876031949,0.13040572317782784,0.0545775870746003,-0.04641215033208319,-0.24990417615588134,0.13300226184849928,-0.46868715327853966,-0.19938032856987156,0.1277069422959659,-0.09214508813961086,-0.08618996943968031,-0.03252417807156843,-0.30493650832834324,0.022913787200426295,-0.04140103793004529,0.30931133847994113,-0.2057287196923668,-0.006916068913414984,-0.04426012246714272,-0.05614112840034078,-0.006615814696997184,-0.05492428601409003,0.015185976170469186,-0.19153292750008388,-0.08092918810745071,0.008867612962300564,-0.053567402175006884,0.15580121457266308,0.08410310198552899,0.008202271307818622,-0.10808579134754846,-0.2584805310261437,0.05484404405501353,-4.642771124107143,15.95543530177325
15.0,20.0,21.5,13.56,8.575,1105.5,5.98,49.512,0.336,36853.0,138.0,15.7684,11.0015,49.6713,4038.0,582.73904587214,2.182128682342152,63.241,25.634,18.924,13.688,10.207596868462485,1.431208510245323,64.28,314899.0,7.9,22.3,69.8,42653.0,44208.0,19416.0,15.289797719630393,12.30765986180222,0.1473591078066914,0.4033288293821397,99.5,0.4654885744818201,28.6,-3.751272227719891,-0.9047861239283034,-4.440510964140607,-1.073922115934547,-1.1152131370377418,-0.19613618908450006,0.4214024120786539,-0.1220829988666811,-0.39408320421197757,0.13721841995449088,-0.2577076250353518,-0.08172153144764403,0.007570398796039407,-0.11887934869620938,0.0699630183897291,-0.42761695256611937,-0.16675259866441286,0.02112654182283834,-0.06853824556494752,0.09773016970604644,0.018862223729180765,0.1565603795942538,0.037392966188490515,-0.1784653091818714,-0.08557922922074784,0.001684542396105974,-0.23490196409945682,-0.6237881176918746,-0.07778107775220004,0.01639559368214887,-0.04267438271936658,-0.09619777606334541,-0.021532249537606924,0.011629117190216932,0.03787053557578485,0.07965665583033114,0.05435286661765215,-2.6147268818443017,15.95543530177325
5.0,19.2,19.9,13.085,8.31,1622.0,6.03,111.07,3.69,99177.0,1003.5,55.58,40.03,120.87,13627.5,546.7309812568908,5.531973539140021,181.40000000000003,73.25,59.84,31.27,12.01708770605562,1.3716441835883986,39.96,1202915.0,16.431187710251496,41.28557796152066,42.28323432822784,53308.0,32689.0,17803.0,9.539679628333618,7.153294308153317,1.1848298070618952,0.2653379822968679,91.37,0.8225115464461745,33.6,-1.760511743313012,-2.717041863279107,-2.858921683994122,-0.2502030467179914,-0.5758916243165731,-2.967858647934627,1.0766828672083406,0.3499060881463811,-0.002659124440203192,0.034874561930385774,0.8835006186645474,2.8659505188162435,-0.29448143012511224,0.3684733290830627,0.3958127403585239,0.30125220866951485,0.08351277979556475,1.0519217178877445,0.25766864736642076,-0.4929267787894546,0.8692205247903865,1.057942688688636,0.18254734740437306,0.22741150225667894,2.180271613293638,0.1343841125156419,0.13460157514394588,0.1506552729833251,-0.0884834935360897,0.1302941649345061,-0.03768883347666507,0.21525098986846083,0.23231499250046928,0.07695923262741437,0.1585733748615407,0.5637979164657496,-0.34751504107688885,-1.0906686004235722,15.95543530177325
406.5,28.1,32.4,20.44,9.01,370.5,4.62,2.90776,0.115,1588.0,7.908338175479372,0.089,0.2026,19.077820000000003,4092.3,329.46058091286307,1.640734061302774,4.82,0.14,0.34,3.98,1.9414835306710216,0.2504382101047163,73.3,43717.2909103953,2.133822472423064,34.05945495650095,63.80672257107598,57754.0,39953.37,32733.15,7.989646389078048,3.576066916726457,2.2858259152713347,0.3546265201122545,56.1,0.000707107,89.8,4.4143959339537355,2.3139616533865524,0.44063927474742154,-1.423836879651062,-3.547954322293711,3.2177379337263603,2.526034299295861,-0.08102072649324961,-0.45458342347449315,0.4312459237299233,-0.6282644294303222,-1.226521003289769,1.013971734434987,0.13188622208933012,0.5644734412493804,0.8587008297815921,-0.13420969869010158,-0.1999856462546931,-0.6929115420145294,1.5753828220286714,-0.6138712422332415,3.2838665541649483,-1.2936400665001324,0.25965509340632714,0.18944886118794493,0.2355058016488328,-0.15582154054815556,-0.4406359108770263,0.21906623416735505,0.6258676392476386,-0.3918445644791552,-0.10228710208709042,0.3293580710096282,0.16753255939266434,0.14665494759722306,-0.26937259987151824,0.40665832145450015,-0.7833977408815795,15.95543530177325
430.2,27.3,30.5,10.595,8.39,269.5,4.34,102.81,1.7645,47925.0,843.0,43.5255,20.1416,83.8778,77459.0,294.8686396357596,5.186734756660309,162.53,65.61,36.45,18.38,34.437046921982514,1.6325084864460302,44.34,791032.0,14.2,49.0,36.8,60352.0,33354.0,19580.0,15.09150601532647,12.226414519989854,1.982933986704912,0.251596591393268,73.72,0.000707107,77.6,4.326957519315184,-2.4383867704604447,-0.21007953460793946,-0.38075211142034626,-0.7363530305416014,0.5688086782845984,0.9988259486372889,0.45724889208252223,-0.24211038854594022,0.06542994673984766,-0.14362491084573156,0.24392964216880508,0.3879437846736981,-0.47606601376862545,-0.27119527072645694,0.5971079578700788,-0.05029053388318657,-0.04632579632724335,0.20721480435536563,-0.16046211791069576,0.054094417076557856,-2.480557160836954,2.4703278702326745,0.726011063153856,0.41649769036254547,0.11055624546483145,0.4803297297485794,0.7961511633343378,-0.10111625807980669,0.22053284961730246,0.33423015228938296,-0.13688951660568516,-0.09526106158581855,0.5051421557816985,-0.1059219571637614,0.051708039129153005,0.19868844340089717,-1.902482620971277,15.95543530177325
172.8,27.3,28.3,8.195,8.21,372.0,2.49,46.39,1.9696,37903.0,493.0,18.997,12.4084,46.2737,14888.0,438.5652299681805,5.704367949088805,86.425,31.048,20.027,9.119,23.6873667742644,0.5198347645921357,40.86,412043.0,11.40105756416319,43.837324276686296,44.76161815915051,46146.0,36086.43,16572.17,12.426995927713286,10.42342201495799,1.8765437977532649,0.2308378149566619,50.36,0.0007071069999999,15.2,-0.7172312960928924,-0.31107504158280797,-1.0435773212354011,2.871860972254847,0.016898232189317446,1.1030238687107339,-1.862940851099168,-0.5685963446584837,0.3159014564333483,0.2998202052107081,-0.05771780915713557,-0.07607183694218596,0.9064512793067844,0.186341871532301,0.4489052743542321,0.9521112792411198,-0.097430249696287,-0.012562002786435378,-0.10142566248308878,0.8786920514687276,-0.4462350719422103,-0.862596941535982,-0.5985393559979276,0.08068438025036222,0.15351087618308745,0.08247333044807108,0.8995722696014369,0.1915592483927805,0.1623020414744193,-0.01994211159180827,0.8265267033316196,0.4052520894414435,0.13225908197152134,-0.19451474790927026,-0.10216192170046264,-0.28011398902939005,0.11383284103746238,-4.035063851180798,15.95543530177325
289.5,27.4,30.5,9.735,8.254999999999999,484.0,5.28,6.34,0.062,5772.0,77.0,1.413,0.9294,11.2908,1379.0,654.421768707483,8.73015873015873,8.82,2.541,2.176,2.684,2.417385883124235,0.1122410186812435,81.11,43475.0,1.100962322622737,39.02707551786005,59.87196215951721,72144.0,42390.12,23847.44,16.617634982053918,2.250591120086632,1.7613416385502103,0.1556184237048982,33.95,0.000707107,10.4,-0.25759404804868014,-2.011784232243275,-1.7907250438397755,-0.4424813153361898,-1.1204687231996404,-0.15750057789497063,0.26918437452210725,0.27752784587598106,-0.4904293475129331,0.5317605783371255,-0.5257472620888922,-1.705760831516236,0.34314852034517856,-0.35690756123357786,0.3200862574189283,-1.2835573513945564,-0.036878037255567785,-0.1554970814955109,-0.34174928547193595,1.073267991039902,-0.8609315487199153,0.8021759198396469,-1.8072218262225699,-0.2342649903567506,-0.026308894294003543,-0.0727863503511376,-0.09911814465963602,-0.1382304861629383,-0.21369915932727376,0.06288795219113429,-0.18442212277557699,-0.06417276296764603,0.1680601259755593,-0.11164113893949745,-0.19121862003269308,-0.45950337440396366,-0.07682510631158959,-4.550748386811466,15.95543530177325
324.2,27.7,29.0,11.84,8.535,603.0,4.31,65.48,1.159547297297297,35404.0,628.0,32.7396,23.8933,28.3358,18135.0,353.61566120655215,6.272473032361166,100.12,42.91,32.89,6.89,21.692116085648387,0.4183057432432432,45.82,494396.0,16.2,34.7,49.1,52830.0,29483.6,14569.4,30.782770270270262,13.408445945945948,0.4610408828493061,0.2022597972972973,44.72,0.000707107,54.2,-0.001385949023533603,-0.4536220696832363,-1.2329332284637105,-1.4986386025308942,-0.9085566463197271,-0.025708466432212803,-1.3171379226438393,-0.175155635975922,-0.3648054241342471,0.33565790667741857,-0.3992513084458187,-0.0490189120251065,-0.5716913321497847,0.084459104326864,0.6009345123637467,-0.0641882211140663,-0.2957485639754063,-0.07899400461620344,-0.31198126369311163,-0.475191367091611,-0.4926946128314981,-1.5763090095591423,-1.6114269100533176,0.007678296123631158,0.01996926047295964,0.030758951812361882,-0.1735180462656234,-0.052576716935727706,-0.06109613549429902,-0.2601712545674914,-0.007299322676844894,-0.8923235153779387,-0.10938403613399734,0.12226737016346313,-0.24285044468784092,-0.4691468823064739,-0.08029133077400434,-2.868664447430055,15.95543530177325
472.3,28.1,29.8,8.225000000000001,8.395,391.0,3.49,47.0,1.3107136824324324,36372.0,288.0,18.2749,8.0877,23.6982,13421.0,653.2327586206897,5.172413793103448,55.68,23.55,11.03,7.75,12.063693803924313,0.472838893581081,63.26,168105.0,10.1,30.6,59.3,59606.0,41956.5,25127.5,34.79581925675675,15.15646114864865,0.5191153820594531,0.2286277449324324,50.55,0.000707107,42.2,1.8689659351762382,2.3458677833387633,-0.7307877628582841,1.0637741109573593,-0.61413481238919,-0.27705789811909215,-0.16334887271281306,0.38538036038788653,-0.13196261036209758,0.2974460567301138,-0.563983491730566,-1.2144107015632712,0.7061123757731793,-0.707595463373388,1.1424041438180337,-8.134685570038856,-0.26569837752108794,-0.11108159668743585,-1.29972413217028,1.234421691740863,-1.0742809937568383,1.1343911866346994,-1.9881949200186257,-0.0713990274506312,0.17513018550196047,0.026926018536711577,-0.48508258660789544,-0.1963015246608604,-0.04044945021315174,0.407179663983795,-0.11547797912731787,-0.5467363019163409,-0.35881302194669856,0.10990623923018561,-0.10195308288248899,-0.422855668257301,0.17434320242920287,-0.9352460997722423,15.95543530177325
434.4,27.7,30.1,7.905,7.795,856.5,4.22,92.75,1.5386300675675677,45158.0,696.0,33.0483,14.6795,94.9691,6452.0,387.35632183908046,5.970149253731344,116.58,42.49,20.02,31.74,25.258358901966528,0.555059543918919,52.85,465622.0,12.3,44.1,43.6,67794.0,41956.5,22104.5,40.84636824324324,17.791976351351355,0.9989242570341496,0.2683831925675676,59.34,0.000707107,8.0,1.836439605704509,2.970679094394048,-0.8301375692524017,-0.5997480893709386,0.6652756361601252,-0.0779313152454173,-1.0836927019276965,0.9860021434832983,-0.11208772321231657,0.3259871012965841,0.04567792858307562,-0.4600762594863772,0.5259754644644759,-0.5581219760483752,0.8452266697399317,0.4920627445215364,0.17539338467642682,-0.29844411949161415,0.23276961850933728,0.7587636878558742,-0.726347516233412,-0.60686784506465,-0.4519301004397372,-0.019701865403912944,0.12126572992652666,-0.16983413309479745,0.22021996957249956,0.1466199713014067,-0.17834613924225173,0.5456834428943693,-0.20665361704072005,-0.7800715714615457,-0.1528094604875271,0.09998887709652389,-0.05350820603625236,-0.0905806170760964,0.07112798711905881,-9.409500118539825,15.95543530177325
421.2,27.7,28.2,5.455,7.470000000000001,377.5,4.715,113.44,6.47,113005.25,3048.97,56.37,31.11,123.25,170899.0,632.6927383685123,17.070544762331334,178.61,74.6,52.48,33.02,11.832260392384752,1.0136065476243834,41.19,962714.0,23.22925734100645,37.059541398199215,39.71120126079434,40450.0,30441.0,14677.0,7.420621787035737,5.286083690348805,0.6079000575173069,0.2002013844757149,68.94,0.06065230858481,118.8,2.5609914231766013,2.069395809285343,2.805201870442058,-0.7917538687959315,1.853874029004946,0.02664492868042308,2.49356364428997,-1.879081391344468,-0.8463709649412579,-1.1016715493363642,1.7145613339652002,0.8005276682864254,-0.2662651228951292,2.0607041685981673,-1.3853656086201467,-2.9946637431547667,0.9022770987994345,0.33805528450757266,0.6603419108813005,-0.6607580804405736,1.9117896274399637,1.3352860683435577,-0.22538821239490017,0.009052338913704125,-0.6851398383950192,-0.4922903252687927,-0.14239129200422496,0.24112891482499718,0.1806778211131069,-0.3509689230813334,0.07694455718776856,0.15344158843935748,0.20412109087221353,0.011691447482444106,-0.3894049113367995,-0.24957167606490308,-2.2283002449184033,-1.2672397605950632,15.95543530177325
453.1,28.0,28.0,8.735,8.125,1085.5,2.89,121.17,1.24,111887.0,1972.8,69.36,49.35,171.62,14251.0,484.1916219491085,8.537303098494027,231.08,91.11,77.42,35.98,15.308206323678789,1.4921568515595265,37.51,1010017.0,18.514367546917764,44.48838459533429,36.99724785774794,40876.0,30965.0,14316.0,9.36200276864403,7.781782798224389,1.0236131895309892,0.2773605197458011,95.51,0.0205880395160743,10.2,1.5796134592328848,3.0021703612082633,1.489377173248213,0.2818921222289399,0.15977317103184788,-0.8174665076021722,-4.6090320493397305,1.8900749907735737,-0.43927382811593496,0.07755827294973072,0.39115188494014247,1.2441574665779866,-1.084869282877383,1.5930731654617312,1.0391480606406307,0.09694307643376902,0.0330110267208269,0.23121188696163406,0.9622771704786768,-1.1695993974991141,2.2359407732573646,0.13223476610146456,2.5670637181665126,0.24793011997826422,0.11446584536849207,-0.3211455720771728,0.36434727554442325,0.5213263753398011,0.16350240988967324,-0.2888979293452578,-0.049597218764635555,-0.05389106308265257,0.1559562381985592,-0.008046155632473406,0.0708115842255458,0.17118825684611974,0.17531463661851945,-4.85536618974215,15.95543530177325
307.4,28.4,27.6,3.465,7.49,659.0,2.58,97.05,1.21,106381.0,2590.42,55.63,35.38,100.73,137331.0,610.4028000918064,14.863552903373884,174.27999999999997,73.07,53.35,21.39,11.545413701275482,1.3286396630675812,42.31,858592.0,16.673582357043852,41.11565010222189,42.21076754073426,42877.0,31410.0,15449.0,10.182451797210655,6.929020407132105,0.954641587443107,0.2674869382660009,92.11,0.000707107,83.6,0.43414532754570234,1.978932027294455,0.6951875458611173,-0.35472815624283033,1.0567845139512793,0.09242793403410647,-6.750711709226793,0.6228720817482102,-0.6338953572620328,-0.6311819004810725,-0.08709239962665993,1.2051799093481774,-0.812311100739365,-0.07855592897006629,-1.3336641390156003,0.03423303882746631,0.4235165785377227,0.0065973362311101584,0.6954775189476399,-1.0216667863586915,0.8225273465132341,0.9338792414761459,1.6720489235261145,0.012131388643756366,0.1952193134091796,0.07318718619334237,0.09465907943435008,0.06428611529835815,0.05541394767351482,-0.15231394560774794,0.05013227228540951,0.0978155379338811,0.1336679300852117,0.1169268980917212,-0.07734343091025979,0.14201672313114014,0.12108157637063437,-1.2660998594760893,15.95543530177325
331.5,28.3,29.5,3.38,7.415,443.0,4.14,62.8682,0.7473,30465.0,544.0,23.7417,15.1611,35.7857,16160.0,391.6363496124131,6.993276684364113,77.789,31.907,28.226,8.037,12.555758966506351,0.9191379276851872,47.4,302484.0,8.8,57.3,33.9,63896.0,41068.0,18414.0,9.819277128486252,7.904115227830772,0.4381657992565056,0.2590222331408918,63.9,0.1682138299838335,124.6,2.3132590116669114,2.3457264534958333,3.6393493236632395,0.6925654763868079,0.5396700153655067,-0.9195880439536023,0.4744299984971678,0.16549461920900885,-0.8599083992373199,0.40349909530021266,-0.3999124207720157,-0.8362726623076013,0.6463172555916632,-0.18719183316454258,0.7516126204119061,1.248223958432985,-0.19009294952886782,-0.029749741742076452,-0.34474930370536955,0.45915104393226364,-0.020805091716659934,1.3107562234563133,0.5783190578718983,0.04511850441805976,-0.07031682129328469,0.015579661037772752,0.43194197325191136,0.4194077942660079,-0.08901828675220431,0.30335509308613845,0.06616297487169542,0.15025901037889197,0.04798029486089946,0.20091944077673066,0.01766132076891765,-0.29274802694407615,-0.09082714356326822,-0.24381898205106456,15.95543530177325
3.0,3.8,8.4,18.135,9.11,756.0,7.29,2.90776,0.115,1588.0,7.908338175479372,0.089,0.2026,19.077820000000003,4092.3,329.46058091286307,1.640734061302774,4.82,0.14,0.34,3.98,1.9414835306710216,0.2504382101047163,73.3,43717.2909103953,2.133822472423064,34.05945495650095,63.80672257107598,57754.0,39953.37,32733.15,7.989646389078048,3.576066916726457,2.2858259152713347,0.3546265201122545,56.1,0.000707107,118.2,-4.961061281567284,-1.4909694352140648,-2.185630623625281,-0.7291319891189536,-2.0831150142739836,0.05934431055560707,0.2791122340441993,-0.5614678530162202,-0.04666895882071293,0.008215543193121637,-0.15431144895497717,-0.9494839278313639,0.3345909694675358,-0.22278569242140892,0.08373606208711872,-0.07368554269972562,-0.11213471131864948,-0.14856633094760277,-0.29629755552004416,0.5384915923482428,0.006652947753512602,-0.004826149965325867,-0.6361388415191321,-0.11472015199018647,-0.08240739199643334,-0.12381117548948768,-0.08991561927832663,-0.17408234710649886,-0.02453054383474719,0.04832312804802022,-0.2735024243127555,0.01298634290151924,0.0642011842535188,-0.1812627214953925,0.002260749342385633,-0.11954294241188722,-0.09129455985967098,-1.4292564915943273,15.95543530177325
7.0,2.8,8.8,14.115,8.465,971.0,3.57,102.81,1.7645,47925.0,843.0,43.5255,20.1416,83.8778,77459.0,294.8686396357596,5.186734756660309,162.53,65.61,36.45,18.38,34.437046921982514,1.6325084864460302,44.34,791032.0,14.2,49.0,36.8,60352.0,33354.0,19580.0,15.09150601532647,12.226414519989854,1.982933986704912,0.251596591393268,73.72,0.000707107,44.8,-4.290546796383182,0.9405461603635921,-3.0169904289410137,-0.1449620930695285,-0.42178228998246287,0.6985266235431968,-0.6834115119689764,0.17562148821540183,-0.10680972930199166,-0.14357712844852352,-0.010537188402376885,0.1750629958650093,0.14819319951192791,-0.23939733748246586,-0.39606170128410073,0.8224650531091416,-0.14147896892856807,0.06167058047372859,0.11281048317439855,-0.09717112559049086,-0.06748986172179376,-1.8927982448646798,1.530646447343752,0.12830344824741288,0.9833787041266137,0.11291702750604592,0.8144166665027539,1.1884078796580435,0.03373683063934235,0.1926038144047686,0.3150374870964639,-0.44652012380926553,-0.01479033509269323,0.023838160620070898,-0.3128476040437817,0.21255714922056854,0.16534672654389074,1.4656730532661697,15.95543530177325
15.0,4.4,7.4,13.355,8.18,1211.5,5.87,46.39,1.9696,37903.0,493.0,18.997,12.4084,46.2737,14888.0,438.5652299681805,5.704367949088805,86.425,31.048,20.027,9.119,23.6873667742644,0.5198347645921357,40.86,412043.0,11.40105756416319,43.837324276686296,44.76161815915051,46146.0,36086.43,16572.17,12.426995927713286,10.42342201495799,1.8765437977532649,0.2308378149566619,50.36,0.7364668749725505,4.0,-3.3025083882765216,-1.2575819442265979,0.29900589087667556,-0.8585110784182324,0.1464226723151903,0.24797111787522838,0.8644625101913697,-0.02296440660798288,0.06865879065822805,-0.024989276452300285,-0.27445988196025906,-0.13874004856760933,0.3226321445537421,-0.2990607009471085,0.10375980334123582,-0.6190286397157855,-0.17010494097058362,-0.044575457593115764,-0.10267905472777787,0.48659690417349327,-0.41163730888937894,-1.7260360158599595,-0.4174383794950942,-0.03522426790480193,-0.08220218865821749,-0.03352356718465064,0.07340142148546874,-0.00027669901493930044,-0.04282280784565957,-0.04923683368756101,-0.09569584615528559,0.08321342765974493,0.03918038542071972,-0.12272969877036917,-0.08408726892589292,-0.31874904347273186,-2.5719305218593216,-3.2332969857131446,15.95543530177325
25.0,4.3,3.7,5.975,8.434999999999999,536.0,1.08,6.34,0.062,5772.0,77.0,1.413,0.9294,11.2908,1379.0,654.421768707483,8.73015873015873,8.82,2.541,2.176,2.684,2.417385883124235,0.1122410186812435,81.11,43475.0,1.100962322622737,39.02707551786005,59.87196215951721,72144.0,42390.12,23847.44,16.617634982053918,2.250591120086632,1.7613416385502103,0.1556184237048982,33.95,0.3519145104314481,2.4,-0.1320942503524323,-1.1960120335019504,-0.34944068366506453,-2.880332247338568,-0.38266834311963377,-0.05277709399970864,-2.697403645302789,-0.9358975511447837,-0.18148836804786672,0.16553230436674002,-0.36662467397749426,-0.3730065742709365,0.6782776126327615,-0.18940850197337566,0.2157879784920562,-1.9048076944953454,-0.07612313895408669,-0.12541624321136619,-0.26352436383410044,0.02436406838707632,0.1884929880158356,0.6546708488534204,-1.6378776242157134,-0.21232445374596867,-0.02363962497872625,0.022456331856859375,-0.06303534286717578,-0.245802514925599,-0.22926245299633596,0.13043868400311734,-0.11746930930763518,-0.017437996757216915,0.023751438915108666,-0.06197715962771317,-0.22318299525572605,-0.28986463931233936,-0.0032331438548861557,-2.798161444628301,15.95543530177325
38.0,2.8,7.6,13.955,8.295,825.5,1.9,65.48,1.159547297297297,35404.0,628.0,32.7396,23.8933,28.3358,18135.0,353.61566120655215,6.272473032361166,100.12,42.91,32.89,6.89,21.692116085648387,0.4183057432432432,45.82,494396.0,16.2,34.7,49.1,52830.0,29483.6,14569.4,30.782770270270262,13.408445945945948,0.4610408828493061,0.2022597972972973,44.72,0.4157055381048856,7.6,-0.030405315027261775,-0.7498742680142945,-0.5528741053965255,0.5179928555355097,-0.6583444558813548,0.13433295997325326,-2.6444501494600745,-0.05018083541654043,-0.026173735782504093,0.06654627687297754,-0.0400410094981393,-0.32237927283315587,-0.2558754574880003,-0.13686530797897523,0.05103243775355315,-0.06535316133871664,-0.15902553400800878,0.03606432662966367,0.04057198788039368,0.027501161391846624,-0.43497204878057016,-0.9869958679789366,-1.2702597682907555,0.10820236760579656,0.038357480511379625,0.019880408487903584,-0.16763749336202916,0.026540421474104292,0.06393756210648761,0.032946924096904806,0.10964330862431437,-0.8898493515389662,-0.24741402046289296,-0.11013807234975194,-0.4173465510147312,-0.5814964660365755,0.05906352451381588,-2.5643591994737895,15.95543530177325
31.0,3.9,6.9,15.045,8.495000000000001,879.0,1.98,47.0,1.3107136824324324,36372.0,288.0,18.2749,8.0877,23.6982,13421.0,653.2327586206897,5.172413793103448,55.68,23.55,11.03,7.75,12.063693803924313,0.472838893581081,63.26,168105.0,10.1,30.6,59.3,59606.0,41956.5,25127.5,34.79581925675675,15.15646114864865,0.5191153820594531,0.2286277449324324,50.55,0.7360139538974008,14.2,-0.2790820318429421,-0.6573726321167002,1.4297434444290895,0.8391735806517925,-0.23150579501253832,0.08397521689689401,-2.2934808722588547,-0.1537766883545554,-0.09231482725900886,0.18689392761792997,-0.2837369077404341,-0.39242022206385924,0.28685584100894623,-0.21079181671142588,0.33147822104860086,-1.661055258361933,-0.2554768070050825,-0.05007236091109605,-0.4398358766331026,0.7915136478096244,-0.76644864136974,-0.11478538090285528,-0.29424281833538174,-0.21484279903583228,-0.03536631988206255,-0.014473535561313292,-0.20039167766614496,-0.22775129489135001,-0.25853318604330217,0.010503343002249735,-0.1963058958699305,-0.6907638141311084,0.18601205696817494,-0.06445465155877166,-0.07369260280548277,-0.24106411730094504,0.2654582252011945,-2.5659195097551364,15.95543530177325
25.0,2.6,4.4,13.735,8.29,1140.5,5.25,92.75,1.5386300675675677,45158.0,696.0,33.0483,14.6795,94.9691,6452.0,387.35632183908046,5.970149253731344,116.58,42.49,20.02,31.74,25.258358901966528,0.555059543918919,52.85,465622.0,12.3,44.1,43.6,67794.0,41956.5,22104.5,40.84636824324324,17.791976351351355,0.9989242570341496,0.2683831925675676,59.34,0.3684999128499692,16.2,-0.00478477181090653,-1.3634939076937733,3.302184843576203,0.8742067866966439,-0.6872635813973221,-0.20065173933592936,1.247226924897016,0.18675812346550336,0.08596130999115609,0.004882718569909368,-0.031567832830672694,-0.3318831994043045,0.08154784596525137,0.15889071701249727,-0.09955169597330177,-0.4272619496999927,-0.24057357470194465,-0.045501068855325566,0.09990500042835875,0.30738554948940866,-0.25039772054801374,-0.8646597751881927,-0.4253326106707875,-0.18088453927543036,0.05645911870369066,0.08289954240899551,0.19596059276101488,0.040920930499365994,0.07461343618885906,-0.038928221242191995,-0.061177185478930675,-0.5441633411590011,-0.4646520043971636,-0.035872713758920594,0.04776617565968403,-0.37253699736048773,0.30419329247592664,-6.19796163524889,15.95543530177325
16.0,3.1,7.2,14.875,8.575,875.5,4.67,113.44,6.47,113005.25,3048.97,56.37,31.11,123.25,170899.0,632.6927383685123,17.070544762331334,178.61,74.6,52.48,33.02,11.832260392384752,1.0136065476243834,41.19,962714.0,23.22925734100645,37.059541398199215,39.71120126079434,40450.0,30441.0,14677.0,7.420621787035737,5.286083690348805,0.6079000575173069,0.2002013844757149,68.94,0.6680236430225203,15.0,0.017597714324171527,-1.5253541404443478,2.0489371187550325,0.8202977040875705,-1.4476014331402263,0.1493047160034379,1.375937119103037,0.23880961190288233,0.07606386139833721,-0.5796032208188746,0.36794421171924735,0.09335041563957924,-0.4184617213361585,-0.05295323246003444,-0.22745285051719577,-0.7817687660610927,0.14771269808523368,0.37196315375467154,0.1142615620062372,-0.4971204987447709,0.1853608632134276,0.2073528289267174,0.23983007803016052,0.16265304594455884,-0.26367022754546837,-0.28076628036797063,-0.20221738838125017,0.08432431013168129,-0.02120353542733951,-0.15066008776115888,-0.04315620103230041,0.3857104321351898,0.48047815992807347,-0.14821290775357462,-0.29664614544250073,-0.40642162033356727,0.3665865307099496,-5.54959852405979,15.95543530177325
9.0,3.3,5.9,15.11,8.315,1625.0,11.5,121.17,1.24,111887.0,1972.8,69.36,49.35,171.62,14251.0,484.1916219491085,8.537303098494027,231.08,91.11,77.42,35.98,15.308206323678789,1.4921568515595265,37.51,1010017.0,18.514367546917764,44.48838459533429,36.99724785774794,40876.0,30965.0,14316.0,9.36200276864403,7.781782798224389,1.0236131895309892,0.2773605197458011,95.51,0.5021895899984435,8.0,-2.214142603872654,-1.0832550450445464,1.351710771420039,0.3298335531928265,-0.7582513704585532,-3.5498457611274605,-0.019210471101105037,0.003019442640555351,-0.1995902813955521,-0.013507799284222263,-0.07549146406197305,0.01853730442312847,-0.6953553816350176,0.3166821547364816,0.0583898490093027,-0.05479824962870524,-0.07620234510550872,-0.04818068612366929,0.2092374814767393,-0.7334182386767738,0.2126094754676644,0.06833666886823886,0.5043583521712574,0.16920872653058408,-0.1407136035896838,-0.05965318880043905,0.05079599914141012,0.03900194060988745,0.08011146956123401,-0.11419276629419362,0.17291188048509262,0.2811342456176255,0.23072345895847923,0.029692604265486144,-0.07767916735572133,0.09360369450878352,0.13826263327772426,-2.3197128860326486,15.95543530177325
21.0,3.6,7.6,14.59,8.475000000000001,1205.5,5.13,97.05,1.21,106381.0,2590.42,55.63,35.38,100.73,137331.0,610.4028000918064,14.863552903373884,174.27999999999997,73.07,53.35,21.39,11.545413701275482,1.3286396630675812,42.31,858592.0,16.673582357043852,41.11565010222189,42.21076754073426,42877.0,31410.0,15449.0,10.182451797210655,6.929020407132105,0.954641587443107,0.2674869382660009,92.11,0.6076384077977878,91.0,1.8058914625644684,1.47017375165907,1.8334153683297336,-0.5667032487007476,-1.0419798765548811,0.2676416466090208,2.0939129693581098,0.2952665233813849,-0.390438589169644,-0.3628922680967175,1.7465861332742498,1.0061670411967982,-1.1110974878678097,-0.08380218660458964,-1.0743724906397987,-2.8266714448652546,0.5815277038623269,0.13661925160791819,0.23483226477944621,-1.0730714392211913,0.7626993264257909,2.2276416406501096,2.0504454944531125,-0.023080628748672966,-0.014212121968157762,-0.07591418897422608,0.0715657872551434,-0.020952378912673913,-0.07092230750403046,-0.19851163794752189,-0.0449661361845212,0.5742385114822536,0.8044646887791651,-0.052587769377666106,0.0018536424931756557,-0.03036215219181034,0.5429354604162897,-2.5525853092037143,15.95543530177325
22.0,3.1,6.3,11.835,8.155000000000001,1170.5,6.35,62.8682,0.7473,30465.0,544.0,23.7417,15.1611,35.7857,16160.0,391.6363496124131,6.993276684364113,77.789,31.907,28.226,8.037,12.555758966506351,0.9191379276851872,47.4,302484.0,8.8,57.3,33.9,63896.0,41068.0,18414.0,9.819277128486252,7.904115227830772,0.4381657992565056,0.2590222331408918,63.9,0.531627164455946,56.0,1.1360122044958796,0.2739831121157234,4.018101425226777,-1.226185696477381,1.4959881974135836,1.0736511736161387,2.0600481970701363,0.598918665703386,-0.3963803819768749,0.4099153904259824,-0.6241073599395648,-0.1867377725786842,0.33153758147576173,-0.10026329301763282,0.41573693513404547,0.6132754370803012,-0.052880376602212786,-0.08800824445982787,-0.4142631740790483,-0.03123559017200021,-0.6013742052624004,1.2147611501083404,-0.17682392553271153,-0.011062201534708679,-0.20978142018274668,0.1673071894748138,0.1021037743473423,-0.16826552415887516,-0.13875078923534567,0.19518938750959927,0.027258059921053752,0.6207710435986521,1.0791121459286661,0.260400879519681,-0.2801319578584905,-0.5603440227840722,0.02093689261159574,1.8725739104424919,15.95543530177325
0.0,20.3,17.4,14.575,8.485,947.5,5.62,2.90776,0.115,1588.0,7.908338175479372,0.089,0.2026,19.077820000000003,4092.3,329.46058091286307,1.640734061302774,4.82,0.14,0.34,3.98,1.9414835306710216,0.2504382101047163,73.3,43717.2909103953,2.133822472423064,34.05945495650095,63.80672257107598,57754.0,39953.37,32733.15,7.989646389078048,3.576066916726457,2.2858259152713347,0.3546265201122545,56.1,0.1775921096395235,77.4,-2.9471021160824846,-2.0996832832616446,-3.684999978075114,-0.6705710878269747,-0.5219024293792124,-0.2586347602734654,0.25460079852802053,-0.5190054993564259,-0.08547058688631921,0.026651397474731147,-0.43979589433021204,-0.6748641823480525,0.03891170555725701,-0.2154147190297954,0.013218620161060296,-0.0028492851446693113,-0.22913176116844017,-0.07909603368568557,0.006241168676254682,0.5150668228774643,-0.3841378263089185,0.24429389678019398,-0.7694682303133109,-0.1188684640172869,-0.06353900304840245,-0.02312275609777621,-0.1110307075828314,-0.23200046297628443,-0.04566417008948809,0.10189333095991367,-0.2613268138747663,-0.016177202691324083,0.06349009778661036,-0.2694174754642881,-0.049448973291243176,-0.1288075686098696,-0.06966969660017656,-2.219242945713922,15.95543530177325
18.0,18.6,19.7,12.53,8.29,1063.0,2.45,102.81,1.7645,47925.0,843.0,43.5255,20.1416,83.8778,77459.0,294.8686396357596,5.186734756660309,162.53,65.61,36.45,18.38,34.437046921982514,1.6325084864460302,44.34,791032.0,14.2,49.0,36.8,60352.0,33354.0,19580.0,15.09150601532647,12.226414519989854,1.982933986704912,0.251596591393268,73.72,0.1363463623144619,101.4,-0.10977531108772381,-2.6903174918253594,-2.7472753687583222,-0.48721140023476134,-0.8738719116011633,-0.6084416198489876,-2.85852405721865,0.04563556045138578,-0.29845662882551555,0.049932076156449734,-0.250462896877434,-0.10051266290480267,0.03335236401529964,-0.21186450621578837,-0.2303798250085675,0.2256082996415596,-0.09310707910063983,-0.031946544311164504,0.10636658305845552,-0.03245941563897461,-0.05232987076897792,-1.6384743553136165,0.041190574128025514,-0.011403191008915625,-0.09541784627595894,-0.03991145537622892,0.08732839850243186,0.041823543618277836,-0.08882974971784285,-0.09697396920528262,-0.020410530867520666,-0.0893665922852231,-0.2086581058908874,-0.1438871471785631,-0.04823879848855241,-0.16941639773392425,-0.8130172758192442,-1.4149431404556767,15.95543530177325
13.0,20.0,17.5,16.494999999999997,8.594999999999999,904.0,1.74,46.39,1.9696,37903.0,493.0,18.997,12.4084,46.2737,14888.0,438.5652299681805,5.704367949088805,86.425,31.048,20.027,9.119,23.6873667742644,0.5198347645921357,40.86,412043.0,11.40105756416319,43.837324276686296,44.76161815915051,46146.0,36086.43,16572.17,12.426995927713286,10.42342201495799,1.8765437977532649,0.2308378149566619,50.36,0.0007071069999999,0.040305087,-1.0402965799494026,-2.1014920527037853,-3.4123951020658327,-0.6384229373256675,-0.44718226124687743,-0.16484355891589067,-2.037667233488367,-0.30055049906795234,-0.03216164635494337,0.0885720856534316,-0.08279909005854288,-0.1822812176247439,0.44370335963011415,-0.0358176935603843,0.007995963181989758,-0.22638419451968117,-0.1060513753350824,-0.014209695841806466,-0.05796883253225433,0.0494784695251534,-0.28894107299779237,-0.1354944744061989,-0.8961591565267493,0.03120575158080698,-0.075277314299407,-0.041109516658664975,-0.011615108530192294,-0.042929238689442456,0.01959080720475564,-0.11469482265723245,0.009076084373518875,-0.041876514631634006,-0.1267249673154824,-0.06736650743521738,-0.03651688558670377,-0.09076408217040201,-0.06575749010778983,-3.661419944554412,15.95543530177325
29.0,20.0,15.0,10.785,8.315000000000001,584.0,3.07,6.34,0.062,5772.0,77.0,1.413,0.9294,11.2908,1379.0,654.421768707483,8.73015873015873,8.82,2.541,2.176,2.684,2.417385883124235,0.1122410186812435,81.11,43475.0,1.100962322622737,39.02707551786005,59.87196215951721,72144.0,42390.12,23847.44,16.617634982053918,2.250591120086632,1.7613416385502103,0.1556184237048982,33.95,1.1988541938299866,0.040305087,-0.30788984009918446,-1.180143072589611,-3.403386562676945,-0.3757596869572686,-0.6810156453525026,-0.10149524614214896,-1.4859882488319027,-0.5797859323381759,-0.48679725085385134,0.16149391001711288,-0.5868807015304142,-0.6270627635119793,0.22470471240735304,0.24075703417727093,0.275170336063796,-0.8706128202634864,0.0586515968463693,-0.00476839535248792,-0.37357389656128365,0.36684226097306244,-0.6065826197636003,0.17087771523045361,-0.7838276349116736,-0.08310779651006045,-0.10630463717427714,-0.05281805949440845,-0.02173560818967708,-0.2618179546575991,-0.1530224649887532,0.10082969956720851,-0.1665156068730477,-0.003491998688162449,-0.016215094030679476,-0.1207351899535084,-0.2265674256005635,-0.3812180584684636,-0.16826063965524876,-3.310305526560017,15.95543530177325
4.0,19.0,14.5,10.57,8.23,913.5,3.15,65.48,1.159547297297297,35404.0,628.0,32.7396,23.8933,28.3358,18135.0,353.61566120655215,6.272473032361166,100.12,42.91,32.89,6.89,21.692116085648387,0.4183057432432432,45.82,494396.0,16.2,34.7,49.1,52830.0,29483.6,14569.4,30.782770270270262,13.408445945945948,0.4610408828493061,0.2022597972972973,44.72,0.0785412389567555,0.040305087,-1.056332907579684,-1.3611913819114367,-2.4160662432635824,-0.41113695958474045,-0.2982256747844319,-0.1484518682785952,-3.0717633622302674,-0.3630827423953451,-0.25055418178904804,-0.04602696334322278,-0.2770365945692173,-0.10194942934593805,-0.11862004312841827,-0.12249056923047948,0.22497105995814015,0.3518949108066349,-0.1479668332193978,-0.08003917265993848,-0.1991889253375121,-0.07629314805148173,0.07796897915036725,-0.6640347968515321,-0.4196652800256076,-0.029820971917361067,-0.04672107714693974,-0.02339982731345421,-0.0679682511743158,0.0031816784990951336,-0.04205199597481013,-0.0987867926658751,0.0036154776299373074,-0.5571026124285222,-0.09104994238354276,0.006161204254410001,-0.11099700153184433,-0.270772707326493,-0.5629150201776065,-3.0647397037184176,15.95543530177325
15.0,19.9,22.1,12.63,8.305,797.5,3.01,47.0,1.3107136824324324,36372.0,288.0,18.2749,8.0877,23.6982,13421.0,653.2327586206897,5.172413793103448,55.68,23.55,11.03,7.75,12.063693803924313,0.472838893581081,63.26,168105.0,10.1,30.6,59.3,59606.0,41956.5,25127.5,34.79581925675675,15.15646114864865,0.5191153820594531,0.2286277449324324,50.55,0.2664964033046201,20.4,-1.8943067977740429,-1.2291651344237229,-2.8167276813470132,-0.3492498865436453,-0.5491571655403821,-0.10089378089721614,-2.272793998760172,-0.2796519765863195,-0.18207445756532248,0.03105060265321895,-0.20875053214685393,-0.20445116155082363,0.2357819846792458,-0.033336820693997016,0.10666393251468749,-1.005650079602686,-0.1565334881981835,-0.021240114066749805,-0.09374664465974396,0.41239147127605985,-0.41446954504586736,-0.03133554384267581,-0.1477208875065359,-0.1500527284666895,-0.15748223199974737,-0.04480011801312989,-0.1928285308694467,-0.1070564199316626,-0.05187598376767696,0.033495902894064664,-0.11570126823925724,-0.5409184861291819,-0.2007865119803075,0.02603390795877204,-0.037503374943820326,-0.1137562797909293,-0.030869047917270454,-3.0378319746317963,15.95543530177325
4.0,18.0,18.5,9.855,8.135,1184.0,2.99,92.75,1.5386300675675677,45158.0,696.0,33.0483,14.6795,94.9691,6452.0,387.35632183908046,5.970149253731344,116.58,42.49,20.02,31.74,25.258358901966528,0.555059543918919,52.85,465622.0,12.3,44.1,43.6,67794.0,41956.5,22104.5,40.84636824324324,17.791976351351355,0.9989242570341496,0.2683831925675676,59.34,10.961877910265033,35.4,-3.80487543444382,-2.2581724789366127,-1.4563887576099175,-0.5061230256439497,0.03681184230527539,0.036356035831074086,-1.463597885774604,0.10728831440210342,-0.33008998333942147,0.008414712739177084,-0.010555867000172603,-0.1502011597637708,0.07552606990871363,-0.2967742508789526,0.10562545412918545,-0.08605647575731064,-0.08242618682018153,0.03165689255266151,-0.10044557535555226,0.08456599996890866,-0.3486128861185471,-0.037756039527400066,-0.4752427477032568,-0.05954313301791744,-0.07107380587607637,-0.05048258783140528,0.006084437398239995,-0.07886806309688828,-0.09585311443389703,-0.03404987551427153,-0.14803142549702877,-0.9659084460721349,-0.07050932860157143,-0.05193704483642563,-0.050465451856143845,-0.24673517695705727,-0.1670905692673599,-2.920166097129696,15.95543530177325
25.0,18.4,22.0,13.445,8.2,893.0,1.65,113.44,6.47,113005.25,3048.97,56.37,31.11,123.25,170899.0,632.6927383685123,17.070544762331334,178.61,74.6,52.48,33.02,11.832260392384752,1.0136065476243834,41.19,962714.0,23.22925734100645,37.059541398199215,39.71120126079434,40450.0,30441.0,14677.0,7.420621787035737,5.286083690348805,0.6079000575173069,0.2002013844757149,68.94,0.5609660392734762,18.4,-0.2383629633020609,-3.6267926639582337,-3.8497283903447284,-0.9060453152175368,-0.25125764910442133,-0.40816065178718414,-3.2452078917816594,0.07665667942414688,0.18364779391015582,-0.6305112260906026,0.6256155036964142,0.39040306450411033,-0.13179190443983912,-0.16674810310980925,-1.1548354646734271,-1.467561090410843,0.29439568541323125,0.02068063039798294,0.09652210573510574,-0.22611570477175205,0.03689321059112747,0.25782187573456516,0.09608487742332135,0.01206280059802019,-0.09157275095737234,-0.022765901938546437,-0.04541893002266683,0.0037068445251014583,-0.038880611858330694,-0.06758962335220224,0.0849336158437655,0.004247152825507125,0.03451899244450037,-0.004915803357337929,-0.06432098663101597,-0.18243330118556825,0.09883436571030575,-1.4216585072750847,15.95543530177325
10.0,18.9,20.3,12.95,8.41,1821.0,5.73,121.17,1.24,111887.0,1972.8,69.36,49.35,171.62,14251.0,484.1916219491085,8.537303098494027,231.08,91.11,77.42,35.98,15.308206323678789,1.4921568515595265,37.51,1010017.0,18.514367546917764,44.48838459533429,36.99724785774794,40876.0,30965.0,14316.0,9.36200276864403,7.781782798224389,1.0236131895309892,0.2773605197458011,95.51,0.1437028985003544,19.8,-2.205332228981425,-3.0893221753711497,-2.1306267319091905,-0.46871756379492574,-0.9350338188869256,-1.714263717328043,0.5093875592427017,0.3379256245998355,-0.15577800372925896,-0.2655619265162387,0.1981893130609146,0.05153338642946135,-0.20082092628503867,1.2164717341152331,0.39545358932887503,0.5028341665910557,0.06072029672019815,0.10147140592647096,0.17781212279107414,-0.008177789320082637,1.3128645293057586,0.26470851148944335,0.4387349012447522,0.17858426713539913,0.6086566807539203,0.32399172691162664,0.18337851363389449,0.2988346740029131,0.0773428114705408,0.12368054587859678,0.10072055721965945,0.24919800760224478,0.05302042535040532,-0.07016540979656098,0.04441543532768274,0.9154547444459363,0.3787320679162318,-1.6839614935421074,15.95543530177325
46.0,19.0,21.9,15.05,8.455,1037.0,1.12,97.05,1.21,106381.0,2590.42,55.63,35.38,100.73,137331.0,610.4028000918064,14.863552903373884,174.27999999999997,73.07,53.35,21.39,11.545413701275482,1.3286396630675812,42.31,858592.0,16.673582357043852,41.11565010222189,42.21076754073426,42877.0,31410.0,15449.0,10.182451797210655,6.929020407132105,0.954641587443107,0.2674869382660009,92.11,0.7920657978156488,35.2,-0.08438574042869725,-1.944379883374398,-3.5993501935084358,-0.6510230261459945,-0.5467574166180564,-0.2770882842394835,-2.6699172540622143,-0.039043631814420256,-0.38599121857124047,-0.17744433735186851,-0.17962503064889482,-0.004342578742653157,-0.019888372717735487,-0.2598724398777512,-0.4489048606933404,-1.0892573087577084,0.1493174288825442,0.004526315308175932,-0.020697550539237563,-0.3715873606471966,-0.001860943706706128,0.36528944122216966,-0.1199011253410328,-0.003085496334048444,0.06124200656389205,-0.03174540093556672,-0.01893135604138184,-0.06725129887151246,0.04055296062026176,-0.0506417904607952,0.044879824301848725,-0.008323466662938433,0.03435560364586615,-0.06866761324383923,-0.0063164859078823415,-0.030509737468479927,-0.5080117153298733,-2.942497946637061,15.95543530177325
19.0,18.6,18.8,7.435,7.835,1145.5,6.32,62.8682,0.7473,30465.0,544.0,23.7417,15.1611,35.7857,16160.0,391.6363496124131,6.993276684364113,77.789,31.907,28.226,8.037,12.555758966506351,0.9191379276851872,47.4,302484.0,8.8,57.3,33.9,63896.0,41068.0,18414.0,9.819277128486252,7.904115227830772,0.4381657992565056,0.2590222331408918,63.9,0.4035584358811308,138.8,1.6454924454012263,-5.309029698919816,-2.754359725078879,4.074115284957611,3.1162807902228082,4.646039652968756,1.1526551400388902,-0.24271087341941966,-0.25364102377556286,0.2024209156570341,-0.6241929876757782,-0.3224084948577605,0.1714732955753182,-0.0009105159047370451,0.3431813943230859,1.091690726047382,0.010004232286786078,-0.05511371638160193,-0.06918575808405836,0.119831358649147,-0.13470926978314948,1.0415525070143241,0.08090529642999134,0.13927776564843983,0.5439666647790004,0.08662728262133872,0.5315592980819446,-0.011640129946172362,-0.294906084380733,0.740484868705583,0.032639645383072326,0.38456301015956923,0.3069529794265213,0.14624484162932858,-0.09037051660474356,-0.2736695020490636,0.7955279640015213,3.2405786044398943,15.95543530177325
180.9,27.2,28.5,8.655000000000001,7.98,661.0,3.54,66.2474,1.0595,34376.0,483.0,28.7012,25.1718,28.6734,5797.0,379.3590535887702,5.33018451487596,90.616,40.315,35.368,6.809466666666666,17.150500621066524,0.5104117114683594,57.69,245093.0,4.046117032847509,70.70339991554594,25.250483051606547,87265.0,36610.0,23148.0,20.47279770573432,11.45791031431516,5.074354330870425,0.2603928326866012,70.9,0.3517853788937556,53.4,-0.15749582950879507,-1.9193219663854684,1.1180011069340012,1.6572282350816139,1.136769442001047,0.04799913526047043,0.060343475635163256,1.744939667073389,-0.46647804317685465,0.31323355371908596,0.1523618749234205,-0.0724001371099922,0.014387372095758725,0.3898912734274443,2.3919058528371777,2.4504450549216323,-0.3241090415713068,0.07799088893458224,0.1214935107032457,-0.4461143663215139,-0.10918397114146468,0.6296246556472035,-1.847698354305079,0.12468051799107349,-0.21935683916012425,0.12390211278417444,1.3543576606875287,2.790051221745865,-0.34490307578584195,0.19199436819336038,0.2813051436717309,-0.12152615933058149,-0.08632660271289454,-0.7947003587909661,-0.1875127081433311,-0.03467731663336356,0.020598325061922385,-1.5550759600304687,15.95543530177325
180.9,27.2,28.3,6.84,7.81,215.0,1.59,66.2474,1.0595,34376.0,483.0,28.7012,25.1718,28.6734,5797.0,379.3590535887702,5.33018451487596,90.616,40.315,35.368,6.809466666666666,17.150500621066524,0.5104117114683594,57.69,245093.0,4.046117032847509,70.70339991554594,25.250483051606547,87265.0,36610.0,23148.0,20.47279770573432,11.45791031431516,5.074354330870425,0.2603928326866012,70.9,0.000707107,48.0,-0.6213959796307609,-1.5314231942780314,0.1726315293523172,0.3129614413188149,0.6445861749863252,-0.04808650846903532,-5.818899301001802,-0.24538928785206102,-0.27739361109056815,0.12460055839425577,0.16232353047778236,-0.045335209888095696,0.22804903131754448,0.8000593230857825,0.8915057146440569,0.11460793393819303,-0.1981650450049589,0.1355261889845131,-0.07358765056356774,-0.1335335372869547,-0.4266444251018889,0.7573998080271608,-1.0189507005720713,-0.2067250094609335,0.0531988162081688,0.026478019397084867,0.7791834150829042,0.9535333904003104,-0.3549427459947765,0.29854971081018444,-0.0853789671106886,-0.34251355386804755,-0.18346689022301396,-0.8500182470741372,-0.05364039108933268,0.04414465762985259,0.020410460972537663,-1.7837065539136525,15.95543530177325
172.8,27.3,27.8,8.74,7.960000000000001,475.5,4.51,46.39,1.9696,37903.0,493.0,18.997,12.4084,46.2737,14888.0,438.5652299681805,5.704367949088805,86.425,31.048,20.027,9.119,23.6873667742644,0.5198347645921357,40.86,412043.0,11.40105756416319,43.837324276686296,44.76161815915051,46146.0,36086.43,16572.17,12.426995927713286,10.42342201495799,1.8765437977532649,0.2308378149566619,50.36,0.000707107,14.2,-0.3401410864386707,-1.6079943881975485,-1.39101934097164,0.8796077792439613,1.1420705729606568,-0.22476060368663953,0.8946831785670176,-0.07944646049135695,0.1890802629850804,0.5305937670373045,-0.3181530008589229,-1.2124464529155132,0.7168366815910364,-0.09680772535270073,0.34838764127809546,-0.5092513910060127,-0.018297190022033893,-0.22202534703382595,-0.09359178535950681,0.33734594783900923,-0.4972150141272384,-0.943166459466641,-1.1997178584026793,0.10483134631533171,0.24664859335248657,0.36556608964844317,0.48640973499665635,0.018872426568220007,0.3760485313584409,-0.05404651838509974,0.28248976030697404,0.05526298683912804,0.12067649744839089,0.15239834884492057,0.032370268615583654,-0.33549262651552764,0.11162548312296479,-4.54955513560446,15.95543530177325
324.2,27.7,27.9,6.74,7.495,355.5,4.52,65.48,1.159547297297297,35404.0,628.0,32.7396,23.8933,28.3358,18135.0,353.61566120655215,6.272473032361166,100.12,42.91,32.89,6.89,21.692116085648387,0.4183057432432432,45.82,494396.0,16.2,34.7,49.1,52830.0,29483.6,14569.4,30.782770270270262,13.408445945945948,0.4610408828493061,0.2022597972972973,44.72,0.000707107,47.0,0.23100585410371424,2.1939988821605225,1.0015566530001039,0.4897879639283443,2.6012635912637543,4.128475160943345,2.302900898276518,0.4343525233616428,-1.4927867395042753,0.49534810332426144,-1.7107195923446366,-0.3795725245634092,-1.149950925031056,-1.5812136466056108,-0.023780456452319854,0.09150106892300165,0.06748630228452386,-0.1727788328922669,-1.0389016315620399,-1.0069133439768725,-0.7346111034244919,-2.663002226529643,-1.9326623658478879,0.016830984709474306,0.08174588850854587,-0.06807768533161503,-0.3958540153130888,-0.20496928877197185,-0.003936008930516784,-0.8620676786219695,0.12188142196740988,-0.34269531458305824,-0.09305254355383401,0.1756773744073387,-0.18217535296144605,-0.6132118376034001,0.3441467087467509,-2.309223240250722,15.95543530177325
324.2,27.7,28.9,7.24,7.75,337.0,3.7,65.48,1.159547297297297,35404.0,628.0,32.7396,23.8933,28.3358,18135.0,353.61566120655215,6.272473032361166,100.12,42.91,32.89,6.89,21.692116085648387,0.4183057432432432,45.82,494396.0,16.2,34.7,49.1,52830.0,29483.6,14569.4,30.782770270270262,13.408445945945948,0.4610408828493061,0.2022597972972973,44.72,0.0007071069999999,30.8,0.04717221342958516,-0.3740635412015645,-1.513676115041599,-0.5780228643026203,0.40900321442401016,-0.12562444345870385,-1.1058479676054171,-0.7189663713813447,-0.20003393088001742,0.21131334607334187,-0.25912641709204753,-0.19120894951745862,-0.8077759401345007,0.009527179052432333,0.35488341523955275,-0.05222320875773819,0.06533986622467625,0.055635801294508354,0.04331479652163887,-0.10564045167062419,-0.5645331051254956,-1.182493314620418,-2.2096779579964156,0.04825578490737823,0.11749303513206545,-0.03057281384554994,-0.2701294758589936,-0.1245256324422857,-0.1387228167134649,-0.3260767586932827,0.030339461537078116,-0.5133324439683931,-0.0808180591852093,0.005425823046825952,-0.2720007668109611,-0.28996030008109885,-0.025994804658306114,-5.260078198336996,15.95543530177325
434.4,27.7,29.9,9.085,7.93,884.0,4.52,92.75,1.5386300675675677,45158.0,696.0,33.0483,14.6795,94.9691,6452.0,387.35632183908046,5.970149253731344,116.58,42.49,20.02,31.74,25.258358901966528,0.555059543918919,52.85,465622.0,12.3,44.1,43.6,67794.0,41956.5,22104.5,40.84636824324324,17.791976351351355,0.9989242570341496,0.2683831925675676,59.34,0.0301282013379407,68.6,3.5449849532187607,2.3175918166354923,1.9945862959558143,1.6092166004128134,1.2390617591841144,0.8771326640574263,2.2516170619629943,0.6212165109751124,-0.0968886956976102,0.18329457611466463,0.45561518986321303,0.4703689384460448,0.5089071104039129,-0.08280401450892298,0.8898625129119807,0.8943620202845586,-0.25371802991566583,-0.31166398595552874,0.0894150478703278,1.3300871549624327,0.15787108986948883,-1.9446062445702648,-0.24180717331667756,-0.0737901282993459,-0.006191468941979157,-0.010989388956998672,-0.08002954084115717,0.10943471867280707,-0.19515483334660497,0.6079496983997523,-0.17947863008361273,-0.43693880963760146,-0.7260136472674397,0.2044200263964012,-0.12707460756879296,-0.612496220579681,0.046906552246461196,-3.315519054909236,15.95543530177325
605.9,28.6,26.7,5.645,7.609999999999999,381.5,3.76,13.72,0.83,7014.7,78.24,7.31,3.49,34.58,2219.0,256.8546320029293,2.864884657634566,27.31,10.63,6.92,6.91,1.80918779080694,0.4565479911105388,75.7,148886.0,2.978968581939072,42.82646793950212,54.19456347855881,46502.0,34131.0,20135.0,14.867372524025823,2.380954321306591,0.8667399117112345,0.2182642305946436,75.16,0.0279893170322035,139.8,2.503798001649169,2.7589109867842248,2.7617000551987445,-1.3841289907709384,1.6548662776950127,-0.6033544073378043,-1.5790963341124975,-3.8095321340439843,-0.5103928826345755,0.54853866000815,0.6244298261714483,-1.1199229051141693,4.271526147684393,0.39630755648560134,0.5893990525587772,-0.7632835908932609,0.5428096670750526,-0.09420244748704139,-1.3644211428969477,1.9766743086092173,0.5249733526445929,6.2663444166405435,-1.1745004536413277,-0.24309920360489423,0.0062959747388956116,0.2179405931352322,0.054394932533614306,-0.3056846750481051,0.04002406498417255,-0.14097881108056773,-0.0868696165146922,-0.03183898699469867,-0.0783864354233567,-0.06375751061209793,-0.03715538641437958,-0.07240481513086709,-0.3763462920797364,2.108233237311554,15.95543530177325
210.4,28.6,28.6,2.955,7.425000000000001,436.0,4.58,142.4267,0.98,46210.0,1116.0,70.9324,18.6665,46.0431,7546.0,207.0155004031897,4.999552011468507,223.22,96.741,33.206,13.388,36.02947095994996,1.9691703020360272,44.56,503654.0,12.3,40.9,46.8,38937.0,39286.0,17168.0,21.03691766650654,16.933855628952,0.4061223048327138,0.5549318265569341,136.9,0.040091598110692,141.6,1.781691646113371,2.2116491088589343,3.6958189163232835,0.14057727067731332,1.7741000685157877,-0.8505373478075491,2.282547791077134,0.012849289172639574,-0.3373702133446932,0.026150962302150527,-0.2400089381930106,0.500349088398119,-0.0344826991483567,-0.014106889348477,0.2614826420446236,2.1736647395541264,-0.40852448078027576,0.07351546192231266,0.34801356811076406,-0.20468076210158578,0.045026542131478386,-3.929957074599806,1.8927253800242518,-0.05211897521124498,0.03977728636004026,-0.06086055641683371,0.0633317143718403,-0.11413542515442947,-0.047581669439872076,0.03538323042138125,-0.10657504844634487,0.0077312147834650196,-0.6531621088429046,0.1669571357360109,0.19214177660333606,0.7298954091997197,-0.5801378507198146,2.045640529015411,15.95543530177325
331.5,28.3,29.8,3.2350000000000003,7.47,628.5,8.35,62.8682,0.7473,30465.0,544.0,23.7417,15.1611,35.7857,16160.0,391.6363496124131,6.993276684364113,77.789,31.907,28.226,8.037,12.555758966506351,0.9191379276851872,47.4,302484.0,8.8,57.3,33.9,63896.0,41068.0,18414.0,9.819277128486252,7.904115227830772,0.4381657992565056,0.2590222331408918,63.9,0.0007071069999999,199.4,3.166475416853403,4.103432859059733,7.579274343553311,3.458005746554895,3.3032077785208815,1.6725813229025028,3.910284328007448,-0.27768066138184366,-0.46800197665424365,0.3707822270815564,-0.16027483342681048,-0.6100999806464338,0.49782692504270704,0.5885244722416,1.0145216902174674,1.8002521061198795,0.22267761100394137,0.13827572188340032,0.11693058481440029,-0.20851461341915037,0.33326044216907286,2.0806992811042186,0.03778231467741285,0.033577610485566435,0.001113642648172597,0.09041323194745858,0.32792327729053844,-0.07954890810108466,-0.31952682998186593,0.1794057463125013,0.08676970801316175,0.14943351058444598,-0.053052817370432326,0.2903965326274429,-0.0442068644938991,-0.22265194113987175,0.2363445785051832,12.67891196056735,15.95543530177325
354.1,28.0,26.9,2.185,7.359999999999999,305.5,7.57,78.86,1.51,42101.0,1310.02,57.39,30.39,103.24,45409.14,239.6050310170167,7.455580217403678,175.70999999999998,75.89,47.08,23.13,11.640145980325425,1.1288686636714582,52.2,686334.0,16.06716086336319,29.95130135865117,53.98150854710848,36106.0,32559.0,16815.0,12.881572327495135,5.887189901806822,0.6001059414337037,0.2742822855197458,94.45,0.0702772648963651,255.4,6.3537615567150825,5.653731289510616,10.094685322263588,-2.1464758348604653,0.7836783619923522,0.8638640245733171,5.480812366319199,-1.1352911455137664,-1.169754501860589,-0.6625475459499287,-0.2743483924462156,-0.16895701384637496,-1.3060439885159327,-2.24374473073054,-0.5326960901170974,-4.334232585371162,0.07872629153076634,-0.9166508872248239,-1.0474307328897223,-1.3941139371180906,-0.25374972277786617,2.5136834882215284,-0.8769069918260587,-0.1291875088804709,-0.1209702505000559,0.010021538040602055,-0.5399270830194783,-0.31443801638515145,0.1923427328700197,-0.08328812990803214,0.04996099645427132,0.050503569807236914,0.24637671064895925,0.2922389672525858,-0.1000529421912506,0.23294598737731542,-2.145855133133009,25.078093420701723,15.95543530177325
376.9,27.9,27.8,2.865,7.15,348.0,6.26,156.23,1.87,97710.0,1060.5399999999972,71.1,36.2,44.19,10480.0,463.12446677410185,5.026732391695883,210.98,98.81,63.08,12.67,11.72546549939368,1.018542407714805,36.2,633849.0,18.656421702718102,40.1694307582096,41.1741475390723,29464.0,31269.0,14895.0,17.562286116352706,10.924959818723158,0.0678323806069195,0.3802577434267549,98.99,0.6586094943052254,331.0,4.352034460538998,1.8854836672684179,13.61289557084907,0.9055129348859193,0.11248148618421228,2.8426720239485923,3.6787310465921954,-0.9389754359486185,-0.7332790178464111,-3.0834238931039972,-0.7277254034470145,3.4817627215618274,-2.644626887297879,-0.2702613656269384,-0.15063941102319708,-1.1059693909979724,-1.5294279750064022,0.26673768066956355,1.3601455552565558,-3.0482483701718355,-0.19486366731269897,5.134631164425519,2.261830593443787,0.035825068006913284,0.11953808836638939,-0.04477901943493601,-0.07302547801441224,0.07996235352009551,0.07117038932473685,-0.06521121568589816,-0.049612366072833446,0.1719281291759868,-0.09823414720439683,0.09662443749140885,-0.09105642286129223,0.1465692884381863,0.07519805799859218,25.28451824372324,15.95543530177325
14.0,2.8,3.3,13.29,8.49,1280.0,4.44,66.2474,1.0595,34376.0,483.0,28.7012,25.1718,28.6734,5797.0,379.3590535887702,5.33018451487596,90.616,40.315,35.368,6.809466666666666,17.150500621066524,0.5104117114683594,57.69,245093.0,4.046117032847509,70.70339991554594,25.250483051606547,87265.0,36610.0,23148.0,20.47279770573432,11.45791031431516,5.074354330870425,0.2603928326866012,70.9,0.0475939217266114,52.8,0.9515476261156924,1.5625809108527997,4.023376441360452,0.11526991048439698,-0.03551524749025677,-3.8870748157255974,1.426755339188191,0.9996827971097079,-0.11881278747071826,0.47177538740759095,0.007741119009442817,-0.10334875872048233,-0.157521987025005,-0.17020819512351118,0.6436302094875528,1.3570268690803402,-0.3750273082281153,0.10775007587236629,0.046123449628551826,0.3176611677138136,-0.29305137423798444,0.6248733288957741,-1.1592217540259784,0.0006197876421107548,-0.20239571903832262,-0.16594794463831933,-1.1193972020130603,-0.0829778604077485,-0.5328900974973417,-0.011529057027461506,-0.007111852099187632,-1.8676278925283505,-0.9577436946813637,-0.15858561761522028,-0.06982604651867123,-0.150738794538968,0.18424828430948162,0.8567182840453458,15.95543530177325
14.0,2.8,5.1,13.27,8.425,1215.0,6.35,66.2474,1.0595,34376.0,483.0,28.7012,25.1718,28.6734,5797.0,379.3590535887702,5.33018451487596,90.616,40.315,35.368,6.809466666666666,17.150500621066524,0.5104117114683594,57.69,245093.0,4.046117032847509,70.70339991554594,25.250483051606547,87265.0,36610.0,23148.0,20.47279770573432,11.45791031431516,5.074354330870425,0.2603928326866012,70.9,0.0705518819088564,73.0,-2.7577962532003095,-1.3280254170143355,-1.0294321545244505,-0.7207587584946306,-0.6698061331307206,-0.1745833896628272,0.27105466594764344,-0.3254798379175677,-0.07088561066736764,0.08223236887094885,-0.053991307724888145,0.023488142749605204,-0.24708421378241216,-0.022291551402304256,0.138093381213645,-0.4602126708130043,-0.11092147166840728,0.012967477655038272,-0.07910467810152741,0.20285736269628005,-0.10296937202569086,-0.25145467342808836,-0.6232814702034619,-0.09344026043079784,-0.14613219552052523,-0.09394519171056652,-0.3071803967856491,-0.1014906169900982,-0.2651363849748547,-0.0559532433856899,-0.09690112482911588,-0.4072896336593355,-0.38269610217772404,-0.6796922509449844,-0.06166988772805776,-0.12135580018473158,-1.4106315157360705,-3.399815392976937,15.95543530177325
15.0,4.4,4.9,16.145,8.555,1004.5,5.68,46.39,1.9696,37903.0,493.0,18.997,12.4084,46.2737,14888.0,438.5652299681805,5.704367949088805,86.425,31.048,20.027,9.119,23.6873667742644,0.5198347645921357,40.86,412043.0,11.40105756416319,43.837324276686296,44.76161815915051,46146.0,36086.43,16572.17,12.426995927713286,10.42342201495799,1.8765437977532649,0.2308378149566619,50.36,0.6672608451215256,16.0,-4.091342927768516,-0.48906471439171556,2.6794588559353727,0.9823674851593874,-0.964999174928137,0.3487435006489976,0.9802727074579648,-0.27747105660848337,-0.060042402281736594,0.11975036214881896,-0.1988128434726968,-0.6846902097435668,0.24102077376640726,0.10476304415613398,0.027639605940785333,-0.5611535173033673,-0.04646204332200188,-0.19058178032748427,-0.18003263208704665,0.33992864514235394,-0.3910974315041679,-0.646641602408296,-0.7412446864795245,0.022822481103551746,-0.1869989316499171,-0.03476451119097549,0.1375122920066736,-0.10117412886427095,0.07021698037783326,-0.20823115660808963,-0.0834413704431306,0.19996675325091937,0.13522043935023267,0.005487267334635153,-0.10717083007718121,-0.21684295850728327,0.33572074230527504,-1.3879132974954944,15.95543530177325
38.0,2.8,6.7,14.595,8.315000000000001,483.5,1.51,65.48,1.159547297297297,35404.0,628.0,32.7396,23.8933,28.3358,18135.0,353.61566120655215,6.272473032361166,100.12,42.91,32.89,6.89,21.692116085648387,0.4183057432432432,45.82,494396.0,16.2,34.7,49.1,52830.0,29483.6,14569.4,30.782770270270262,13.408445945945948,0.4610408828493061,0.2022597972972973,44.72,0.3653888995533689,5.6,0.06494670206370444,-0.14449906728696074,0.40297143930879736,0.6959307089603192,-0.5505986372722932,0.1170685349699732,-3.527021526109117,-0.2561074977042154,-0.5063706415208675,-0.0012080883203695232,-0.19229824816963334,0.04177233127721902,-0.39258275070538123,-0.2717056843009777,-0.11289004330833756,0.16079348531862103,0.047649854621073816,0.014167382786981856,0.03381984132186824,0.01066518785431971,-0.340518335715557,-0.19958690393871323,-1.4619795383008505,0.19713779745623483,-0.00944661711653072,0.030473526131051143,-0.18324741080092877,-0.1054880672600121,0.014102488781015055,-0.14308197765145422,0.0412606799975036,-1.396508603861245,-0.1066240725821505,-0.11786162329682469,-0.2421313197538256,-0.21729328265879314,0.05957209363812584,-3.354455734207295,15.95543530177325
38.0,2.8,6.0,15.07,8.33,466.5,1.56,65.48,1.159547297297297,35404.0,628.0,32.7396,23.8933,28.3358,18135.0,353.61566120655215,6.272473032361166,100.12,42.91,32.89,6.89,21.692116085648387,0.4183057432432432,45.82,494396.0,16.2,34.7,49.1,52830.0,29483.6,14569.4,30.782770270270262,13.408445945945948,0.4610408828493061,0.2022597972972973,44.72,0.3779349401428466,4.6,-0.040697656301781494,-0.45812551361043,2.394009818797931,0.6134347514435651,-0.7127631084620951,0.43158660725535225,-2.870351012064299,0.31738567249539,-0.2289834994465734,0.1505938093643638,-0.27231158378922043,-0.21389435261798406,-0.3594678595196454,-0.027235189923085268,-0.15345046962223327,0.12388136158542096,-0.19521593881926194,-0.0265552872419359,-0.11952478714442505,0.22942566237567638,-0.6555723959331711,-0.7360923113417813,-1.3716029905419178,-0.021197170144878246,-0.020406436153377044,0.2715556433424352,-0.02933083360161015,0.0977341540173318,-0.004705444456388597,-0.5071267222675185,0.02777765159805608,-1.5873347175222203,-0.05336409373985007,-0.10219493429021291,-0.3908091624422621,-0.28125025896665956,0.1521098479116334,-3.37561898958714,15.95543530177325
25.0,2.6,7.4,11.635000000000002,7.975,1201.5,5.2,92.75,1.5386300675675677,45158.0,696.0,33.0483,14.6795,94.9691,6452.0,387.35632183908046,5.970149253731344,116.58,42.49,20.02,31.74,25.258358901966528,0.555059543918919,52.85,465622.0,12.3,44.1,43.6,67794.0,41956.5,22104.5,40.84636824324324,17.791976351351355,0.9989242570341496,0.2683831925675676,59.34,0.4053382949044974,51.8,0.23948853495375536,0.4840411420663195,1.194737933077849,0.10802841731502366,1.0942157005782556,-0.27325604910341394,1.7940502167229229,0.27238856353020907,-0.5243886072623227,-0.1488798699900503,-0.28034409794646004,-0.08224059786026701,0.3949118135419363,-0.1272160661701732,0.6020303594646976,1.2069550922388832,-0.03783804661904755,0.0943948407362527,-0.004112096199144544,0.7533221072982994,0.5501399131833262,-1.47106432079648,-0.4354230569101245,-0.13744862586259857,-0.038658885272840816,-0.1289084609846273,0.14958204095872718,0.06659522332716716,-0.054718185711341384,0.25935764094969854,-0.21682023205018242,0.4285069033984718,-0.9079574625023331,-0.037957824734039525,-0.07259721320588186,-0.3952954267912232,0.00428375416435293,-0.005867442398642453,15.95543530177325
16.0,4.7,5.1,16.725,8.695,1068.5,6.3100000000000005,13.72,0.83,7014.7,78.24,7.31,3.49,34.58,2219.0,256.8546320029293,2.864884657634566,27.31,10.63,6.92,6.91,1.80918779080694,0.4565479911105388,75.7,148886.0,2.978968581939072,42.82646793950212,54.19456347855881,46502.0,34131.0,20135.0,14.867372524025823,2.380954321306591,0.8667399117112345,0.2182642305946436,75.16,0.4197143883719417,126.8,1.554034529921288,0.6299546813328439,4.082883331336391,-0.1832663615358372,-3.0416052474159128,0.21658574754216997,2.9067145258281375,-0.2503903623678101,0.0018929135209571069,1.006082814739396,-0.4469732806816076,-0.7865715675102543,0.6386032129715508,0.02857933305514389,0.5236208716671289,0.40223185642001535,-0.46228804645749416,-0.5644545347305637,-0.38354740523422737,1.056673589947944,-0.501319719601888,2.2378107639246934,-0.9619440941745413,-0.059403155964488606,-0.11174442228240311,-0.0008403501147405216,0.0171030043003458,-0.06993483478669042,0.07281872881576401,-0.3266248219211895,-0.005446657685873306,0.1041978927546489,0.5974355650134383,0.024504223877253928,-0.0940314380979786,-0.04391934566355005,0.5481059713273616,0.8227114077393587,15.95543530177325
17.0,3.9,7.0,11.115,8.27,1203.5,8.735,142.4267,0.98,46210.0,1116.0,70.9324,18.6665,46.0431,7546.0,207.0155004031897,4.999552011468507,223.22,96.741,33.206,13.388,36.02947095994996,1.9691703020360272,44.56,503654.0,12.3,40.9,46.8,38937.0,39286.0,17168.0,21.03691766650654,16.933855628952,0.4061223048327138,0.5549318265569341,136.9,0.2077206793071366,43.0,0.18226819232106214,0.9022409054466213,1.5047061672434208,-1.3492708732063574,-1.288992226024469,0.5218462569794312,2.70980007735081,-0.5716043580152715,-0.05830489543111406,-0.041162373390980056,0.03925331836100687,0.17154642313563548,-0.003218402552107961,-0.036983278143840025,0.3057656948020064,0.8207833251527824,-0.33591555436762693,0.12352665182823926,0.4180802439153195,0.02359311850275847,0.31166391718511766,-1.7376550347660669,0.5939600964573527,0.1486502294413122,-0.04678785224057062,-0.032178385976392,0.02952719597922034,0.06207652766257491,-0.029910983755252696,0.03414415336834864,-0.028266439901975342,-0.007129942701819066,-0.8258065119447805,0.14973010898412512,0.3651936038816348,1.1296315303056808,0.04604180571467927,0.9023198313234996,15.95543530177325
22.0,3.1,7.0,13.89,8.46,1088.5,5.42,62.8682,0.7473,30465.0,544.0,23.7417,15.1611,35.7857,16160.0,391.6363496124131,6.993276684364113,77.789,31.907,28.226,8.037,12.555758966506351,0.9191379276851872,47.4,302484.0,8.8,57.3,33.9,63896.0,41068.0,18414.0,9.819277128486252,7.904115227830772,0.4381657992565056,0.2590222331408918,63.9,0.6015966992703121,108.8,2.091375817731022,2.82177511049745,3.6718685409333554,-0.7532435721578078,-0.34970749123332395,-0.12358042829514826,1.7796937477402388,0.0057197630048420045,-0.16683608621048437,0.21366038202308105,-0.2555385634272049,-0.5238942480770253,0.034876285898499525,-0.4224012772599239,0.7785648786307623,0.9615810317778964,-0.2977341933408752,-0.056568987853824915,-0.5852541031191744,-0.16574358438141626,-0.3280555265552058,1.2066907946998255,-0.14380451483031123,-0.010105296314383653,-0.1203051738968739,0.03566678298016409,0.085735637190131,-0.010861609748875326,-0.20056944964298387,0.16417980047253292,-0.09735402377787968,0.6482054609293116,1.106615743761261,0.22510480568278624,-0.07250734904470546,-0.1714827979278438,0.7583170378565166,1.4573529202848052,15.95543530177325
21.0,3.3,6.8,14.385000000000002,8.370000000000001,1125.5,5.43,78.86,1.51,42101.0,1310.02,57.39,30.39,103.24,45409.14,239.6050310170167,7.455580217403678,175.70999999999998,75.89,47.08,23.13,11.640145980325425,1.1288686636714582,52.2,686334.0,16.06716086336319,29.95130135865117,53.98150854710848,36106.0,32559.0,16815.0,12.881572327495135,5.887189901806822,0.6001059414337037,0.2742822855197458,94.45,0.5600416940454859,125.0,2.156522039965106,2.41928239461345,0.9871065353245161,0.8218779567241049,-0.3331391742344321,-0.023077627985427746,2.369812981779688,-0.0069474225258453854,-0.14163716297907122,-0.09036824556688461,-0.0913582046283407,0.15670823094900724,-0.46694298474118123,-1.2533338540419934,-0.46340708245057655,-1.0768206454642741,-0.019888069638982264,-0.07763392225839187,0.1588428998102124,-0.3939531673723829,-0.27500984008734436,0.15155194868644073,0.0015711894227812273,-0.03737056086615972,-0.16076844571934404,-0.020472613113622067,-0.36956943484023225,-0.14347822486267706,0.07056471338495562,-0.3208840342642121,0.0604226721000544,0.264345770397534,1.0839234649995346,-0.05288078401548154,-0.09222925867885357,0.021584344670797135,0.5387904454239951,1.4784743089089172,15.95543530177325
30.0,4.0,8.0,14.31,8.71,1752.5,7.77,156.23,1.87,97710.0,1060.5399999999972,71.1,36.2,44.19,10480.0,463.12446677410185,5.026732391695883,210.98,98.81,63.08,12.67,11.72546549939368,1.018542407714805,36.2,633849.0,18.656421702718102,40.1694307582096,41.1741475390723,29464.0,31269.0,14895.0,17.562286116352706,10.924959818723158,0.0678323806069195,0.3802577434267549,98.99,0.7327810113895494,23.2,-0.1806077460882564,-0.8637600509899978,-3.1477202311577273,-0.3893896842949713,-1.853676756871864,-3.9611482510017235,0.3059759963699618,-0.18915678308655817,-0.13377252929999175,-0.37912997275746124,-0.38406963683664785,0.013937060129828654,-0.2598890305946893,-0.49365936970648666,0.028060928387567397,-0.10143198927398768,-0.2923153098889936,-0.012189202886074798,0.04522556060925129,-0.3510824566055089,-0.18447863383373872,0.17553960399702193,0.05682099119760095,0.042589633263026755,-0.11031410436301187,0.09732270843194181,-0.08947317730945838,0.005114848225687703,0.12483944447555882,-0.16835707918585582,-0.04406192909770947,-0.24072324888470267,-0.15365338597757114,-0.009120757772276873,-0.0527848965969559,0.04746774110011756,-0.006450706926795118,-2.8171939464448954,15.95543530177325
9.0,18.5,19.4,12.54,8.235,1169.0,1.615,66.2474,1.0595,34376.0,483.0,28.7012,25.1718,28.6734,5797.0,379.3590535887702,5.33018451487596,90.616,40.315,35.368,6.809466666666666,17.150500621066524,0.5104117114683594,57.69,245093.0,4.046117032847509,70.70339991554594,25.250483051606547,87265.0,36610.0,23148.0,20.47279770573432,11.45791031431516,5.074354330870425,0.2603928326866012,70.9,0.000707107,373.6,-2.135951186705691,-2.6133388727887845,-2.976959994533099,-1.2052906719781455,1.032832726947187,2.67022507949577,-2.7105002388521098,0.026278890719016457,-0.4389669472010184,0.09319721759141723,-0.3109363538182028,0.518018806865439,0.2432527776908443,0.17909427278131798,0.571837312135225,1.073077084805506,0.13696516004391024,0.12266384686653768,0.3912026880588379,0.3549055706337096,0.07017770734770845,0.8252340894037237,-0.15595304843348753,-0.03472911949424692,0.5553748274299626,0.3607587616750971,0.03160292138035089,-0.44816154738577746,-0.5386695676172772,0.00943114808760596,-0.07930982472064567,-0.30801558228287185,-0.04756822057999658,-0.16720777218385274,-0.06732715918837735,-0.13522554916019225,0.2436345373947795,13.557045159363966,15.95543530177325
9.0,18.5,14.7,12.95,8.39,1258.5,1.26,66.2474,1.0595,34376.0,483.0,28.7012,25.1718,28.6734,5797.0,379.3590535887702,5.33018451487596,90.616,40.315,35.368,6.809466666666666,17.150500621066524,0.5104117114683594,57.69,245093.0,4.046117032847509,70.70339991554594,25.250483051606547,87265.0,36610.0,23148.0,20.47279770573432,11.45791031431516,5.074354330870425,0.2603928326866012,70.9,0.000707107,39.6,-2.6116182270358936,-2.4749225015441576,-2.39598551913475,-0.6422235143518384,-0.23270823412885266,-0.9574826515504778,-1.385120758959092,-0.07122703533930079,-0.377449371398737,0.039981679322663825,-0.11530755716220799,-0.17727964926821493,-0.1334695433227656,-0.12112906118078776,0.08242400095177199,-0.02659728894786287,-0.04352379635752488,0.04961139390865952,-0.18998791410277296,-0.07257766437406345,-0.5300619078210245,-0.052158907710109004,-0.46401057091774417,-0.17482019672247873,-0.08413607456410922,-0.03240004353070007,0.06964688069109494,0.06599916835858789,-0.22144240499784543,-0.039316781496939505,-0.0445724665218345,-0.2578393569720599,-0.167331170182054,-0.12045777678877727,-0.049151389877467096,-0.05016954811755575,-0.04299097977889064,-1.8740536525310016,15.95543530177325
13.0,20.0,15.9,10.365,8.315000000000001,916.5,2.82,46.39,1.9696,37903.0,493.0,18.997,12.4084,46.2737,14888.0,438.5652299681805,5.704367949088805,86.425,31.048,20.027,9.119,23.6873667742644,0.5198347645921357,40.86,412043.0,11.40105756416319,43.837324276686296,44.76161815915051,46146.0,36086.43,16572.17,12.426995927713286,10.42342201495799,1.8765437977532649,0.2308378149566619,50.36,0.0391810716137385,44.8,-1.017012596858355,-2.3011169939433844,-3.6773421692576562,-0.5559382990157854,-0.616304140496844,-0.2934833613045824,-1.819638620719779,-0.07702237608454506,-0.404544498809458,0.09925201047211896,-0.2617758242126243,-0.6318426121662681,0.1397500377381222,-0.2114376002449232,0.20761184767897545,-0.34575309138745064,-0.18199576606896414,-0.010368435125953077,-0.16877438195437813,0.25278031251238026,-0.3401908347569405,-0.6596039052431782,-0.6234287342079915,0.036684607074906506,-0.12946376370033255,-0.04482438331857941,0.02947280573193008,0.021444331294235952,-0.0782953516549121,-0.09797392421867691,0.004688464421002858,0.030728650504412827,0.03143535761317853,-0.10840364146977678,-0.14532061970016602,-0.3564934060761395,-0.22854590683399376,-1.3864547773481657,15.95543530177325
4.0,19.0,15.1,14.72,8.325,554.5,1.54,65.48,1.159547297297297,35404.0,628.0,32.7396,23.8933,28.3358,18135.0,353.61566120655215,6.272473032361166,100.12,42.91,32.89,6.89,21.692116085648387,0.4183057432432432,45.82,494396.0,16.2,34.7,49.1,52830.0,29483.6,14569.4,30.782770270270262,13.408445945945948,0.4610408828493061,0.2022597972972973,44.72,0.1927277667188531,0.040305087,-2.7309115492141185,-2.008510546791367,-2.763216965151951,-0.4672482307123331,-0.31228425341347865,-0.22186808011727402,-0.8793853698096546,0.029346737787127472,-0.2806885897228495,0.006565927897269771,-0.11410073147077748,-0.08036046938660239,-0.15437432886411745,-0.1011795285561432,0.0062651955243199125,-0.38462438438863805,-0.00680971976059181,-0.06271669899579137,-0.06581524172564969,0.021316116671077866,-0.25358750350618103,-0.5726036107889378,-0.8065815710485914,0.004861856683467856,-0.02683454126119612,-0.01747605855421473,-0.01912458741726976,-0.041801559605325354,0.012015219870954807,-0.11223076636126882,0.003983329934999484,-0.5307751430703015,-0.12443223210206862,-0.12061973460484265,-0.03148561789654191,-0.15757832237829764,-0.045993190697239034,-2.5161959650639134,15.95543530177325
4.0,19.0,15.9,11.705,8.075,541.5,1.24,65.48,1.159547297297297,35404.0,628.0,32.7396,23.8933,28.3358,18135.0,353.61566120655215,6.272473032361166,100.12,42.91,32.89,6.89,21.692116085648387,0.4183057432432432,45.82,494396.0,16.2,34.7,49.1,52830.0,29483.6,14569.4,30.782770270270262,13.408445945945948,0.4610408828493061,0.2022597972972973,44.72,0.1987524848621839,0.040305087,-2.7554440948405925,-1.2409963316245314,-1.1998217199075347,-1.1106954717271342,0.15890920800622546,-0.04061779327069723,-1.9658279352557535,-0.13839161298858607,-0.280910773653692,-0.044195882761850845,-0.036712075673664656,0.011006060047075245,-0.022338846776013648,-0.12999438302746671,-0.11390532875588782,-0.22606175454799085,-0.009464942590178303,-0.07257345658183714,-0.1495898097575022,0.0949724786837275,-0.36612308718574543,-0.17070556388236582,-0.5556351827752467,0.02021426755469301,-0.022047662030284482,-0.011676722459184517,-0.07145604536868629,-0.08996966714505107,-0.06409090269900243,-0.05178383951385814,0.047997645116411254,-0.45350165629604205,-0.05306614490458741,0.009620879492722471,-0.13232655799792464,-0.25162233301438397,-0.02340385653544227,-4.4142944238746225,15.95543530177325
4.0,18.0,17.9,9.715,8.07,1461.0,2.24,92.75,1.5386300675675677,45158.0,696.0,33.0483,14.6795,94.9691,6452.0,387.35632183908046,5.970149253731344,116.58,42.49,20.02,31.74,25.258358901966528,0.555059543918919,52.85,465622.0,12.3,44.1,43.6,67794.0,41956.5,22104.5,40.84636824324324,17.791976351351355,0.9989242570341496,0.2683831925675676,59.34,1.767996659297583,101.4,-1.3333189140306787,-2.04190666731447,-3.70099139597655,-0.28765882351435734,0.06529356973245741,-2.5047031420088994,-0.838965641714167,-0.15391275784155967,-0.13656315661733967,-0.05813323350468038,-0.18566990096277236,0.10918726728452981,0.03502952898852523,-0.3464220867274949,0.09684485465210553,-0.07037188325853401,-0.12921295402183516,-0.029059484080256295,-0.05363781640461329,0.07227092024714994,0.29114979628628745,-0.9446623445263443,-0.3036383156385272,-0.02789857104110213,-0.07700934333183491,-0.05176542608843492,0.010042533418163782,0.026682128820878864,-0.18503521439774562,0.11511471371632076,-0.09042539384992172,-0.5737095138446117,-0.48447837382865444,-0.0442937633922944,-0.09686846404646828,-0.22425975898280717,-0.10158903719391699,-1.6717991917588126,15.95543530177325
15.0,20.5,18.1,9.7,8.629999999999999,1146.5,2.38,13.72,0.83,7014.7,78.24,7.31,3.49,34.58,2219.0,256.8546320029293,2.864884657634566,27.31,10.63,6.92,6.91,1.80918779080694,0.4565479911105388,75.7,148886.0,2.978968581939072,42.82646793950212,54.19456347855881,46502.0,34131.0,20135.0,14.867372524025823,2.380954321306591,0.8667399117112345,0.2182642305946436,75.16,0.0208008705310269,141.8,-2.4332876204536293,-2.1328713556968917,-3.5899734701852624,-0.3723013095449033,-0.8494516790580627,-0.06923980464537931,-3.189787406828254,-0.932955145047357,-0.20660110556830938,0.48132673869064696,-0.33105685588438044,-0.3082407961056257,0.191644755882832,-0.07245131767510125,0.15139422305859615,-0.1756901954129959,-0.17145321438399455,-0.011233216997546478,-0.3391959009179845,0.3950360023416577,-0.22941908154791854,0.2142627102679883,-0.6373436116660017,-0.11804312826289483,-0.07582045476728426,0.08293922872592997,-0.005424052447391012,-0.16562741905606035,-0.006973693861315809,-0.10147055903294439,-0.054768943347347075,-0.030886486885137936,0.036178390453569666,-0.0595613858848808,-0.13367086137179263,-0.02287088617061575,-0.18120442898866415,-0.4686975615906217,15.95543530177325
16.0,19.0,18.6,9.615,7.95,1228.5,3.71,142.4267,0.98,46210.0,1116.0,70.9324,18.6665,46.0431,7546.0,207.0155004031897,4.999552011468507,223.22,96.741,33.206,13.388,36.02947095994996,1.9691703020360272,44.56,503654.0,12.3,40.9,46.8,38937.0,39286.0,17168.0,21.03691766650654,16.933855628952,0.4061223048327138,0.5549318265569341,136.9,0.3616216942683167,84.0,1.3926572739208736,-2.4592459815585364,-2.6783306105202063,7.074748157742434,4.45058566455574,4.135185044636018,1.6022061938932166,-0.23306686085726422,-0.09140486504106475,0.008989700723129324,-0.09409057459949217,0.8272395479880897,0.2923192157293672,-0.16161576936331926,0.20386084862363854,2.8606533251423394,-0.21827466754398017,0.21755641156807556,0.42882148897120137,0.2973103786911819,-0.42204748873288384,-3.049993629246019,1.0951617833079463,0.03360835848997031,0.41360092849470637,0.07095447304037661,0.05549983916648974,-0.10229797296846925,0.15628816598871084,-0.0215107776224616,0.04639061741220422,-0.38310475164946795,-0.48956387106639615,0.3033286134169129,3.2843731639394544,4.418553302115761,1.06152918329152,1.3516782649047672,15.95543530177325
19.0,18.6,23.8,17.225,8.89,1229.0,3.98,62.8682,0.7473,30465.0,544.0,23.7417,15.1611,35.7857,16160.0,391.6363496124131,6.993276684364113,77.789,31.907,28.226,8.037,12.555758966506351,0.9191379276851872,47.4,302484.0,8.8,57.3,33.9,63896.0,41068.0,18414.0,9.819277128486252,7.904115227830772,0.4381657992565056,0.2590222331408918,63.9,0.8084033007296876,41.0,-0.4617309180196995,-3.296878055140066,-1.6771544548706157,-0.9825416083680464,-2.488803569537898,-3.1801255116378893,-0.4484464187469954,-0.24817349858426807,-0.6160673945536838,0.17342504927578062,-0.09759378121700128,-0.1380776368733496,0.030384400176505455,-0.040420874066185185,0.1736032213301708,-0.2624623551700883,0.03106652998210245,-0.024150136282357085,-0.14607883723763118,0.16389143792136254,-0.36774148180925587,0.07884060501276223,-0.14020894446255017,-0.012985549640531183,-0.15798777710025516,-0.05473593444563448,0.12256569813936957,0.05543384722744413,-0.15694639854288345,0.04612334490753708,-0.03568606824924541,0.04921404906703788,-0.011899777286065241,-0.007927374245288466,-0.015235243301528062,-0.27074769895523815,-0.2761745940692102,-1.2354099895230803,15.95543530177325
32.0,18.3,21.0,14.54,8.29,901.0,4.82,78.86,1.51,42101.0,1310.02,57.39,30.39,103.24,45409.14,239.6050310170167,7.455580217403678,175.70999999999998,75.89,47.08,23.13,11.640145980325425,1.1288686636714582,52.2,686334.0,16.06716086336319,29.95130135865117,53.98150854710848,36106.0,32559.0,16815.0,12.881572327495135,5.887189901806822,0.6001059414337037,0.2742822855197458,94.45,0.2026344183178309,0.040305087,-0.2441681370449562,-2.911641134326347,-4.849129555684825,-0.7715890483325348,-0.7429112578804293,-0.3069885407947003,0.6004998917062768,-0.2315844878647476,-0.08249642830652473,-0.021729898438789072,-0.09704721950925886,-0.12748720378614967,-0.29326703642339774,-0.2850377814161282,-0.24934642787246664,-0.20169273511429006,-0.03677614318982996,-0.018980582813577132,-0.004781059254892361,-0.14425068461491394,-0.12043103181058527,0.05582901992214228,0.15023102748828623,-0.17407596801950911,-0.007167320203346317,0.029136702626322692,-0.5297093007915341,-0.3175177247698107,0.21411846352896347,-0.07555422859499232,0.050448521842869576,-0.09181925758564219,0.03599203105860684,-0.06963455414709949,-0.04021048778202393,-0.11388476702539842,-0.0884097961196678,-3.812885722409313,15.95543530177325
34.0,19.2,21.6,9.34,7.91,1965.0,6.42,156.23,1.87,97710.0,1060.5399999999972,71.1,36.2,44.19,10480.0,463.12446677410185,5.026732391695883,210.98,98.81,63.08,12.67,11.72546549939368,1.018542407714805,36.2,633849.0,18.656421702718102,40.1694307582096,41.1741475390723,29464.0,31269.0,14895.0,17.562286116352706,10.924959818723158,0.0678323806069195,0.3802577434267549,98.99,0.5001704948475848,34.6,-0.20030619893999146,-2.6048212667438198,-3.185485098947151,0.5471092466187355,0.2016007566180392,-4.5548636512349665,0.6356745374916741,-0.5228288402128962,-0.12646549238823365,-0.30604492458049215,-0.22141854363027938,0.25880440338204314,-0.4314957309343543,-0.16106984612221528,0.02710259063945451,-0.6799500302613404,-0.22340976034911955,0.16153202662089208,0.24441506458446385,-0.4233099727503334,-0.0644774941743044,0.4150879338057713,-0.11939982399344425,0.004184032160167459,-0.08423447392880923,-0.036806088737212056,-0.12370609302849807,0.0710434185232346,0.15111555596425516,-0.03219122111952563,0.008917696255569756,-0.21172197772189968,-0.22694601147746044,-0.07890938618530816,-0.1605398598879884,0.05805680645164094,0.10273700032383198,-4.031531198994878,15.95543530177325
406.5,28.1,25.0,8.935,8.455,276.5,3.36,0.7773,0.0,12.0,0.6876815804764671,0.0007,0.0051,0.023982,5294.6,171.42857142857144,9.824022578235246,0.0699999999999999,0.0,0.01,0.01,0.02819581891016,0.1652892186691128,90.7,3055.4045483894115,0.0595207257760765,21.668917363058736,78.2715619111652,78113.0,49348.53,31412.48,18.77858494367249,2.360204165039463,3.730853285200316,0.6732214686623013,106.5,0.000707107,6.2,1.99042183189032,1.7814392649770403,-1.4869698937066522,0.01810436597249147,-0.7179809007553075,-0.17473059441739058,-0.8762817055328442,-1.237997287455946,-0.3969506744830869,-0.027076267561254325,-0.3386829457168159,-0.6773811331694014,1.051335016610101,0.3944634249558054,0.43532876677500726,-1.2949227820352343,-0.12054737064366539,-0.05978690884076058,-0.49278916087467234,0.6999884299507055,-0.29335544658514356,1.0208034701816118,-1.7625550256110731,-0.17796591410258175,-0.042222145278938084,0.21367015197873127,-0.34100047341858364,-0.4959714478875199,-0.43369170690886677,0.3769585414246346,-0.22912881031011537,-0.05251407298569873,0.19777234259527188,-0.24223463205775883,-0.005812617909784064,0.4126286469850067,0.22345042227922626,-8.09316823484376,15.95543530177325
533.4,27.3,29.9,11.03,8.425,257.0,2.78,69.61883,3.1667,31295.0,362.9812608948286,7.9764,10.4369,90.661662,22830.6,431.0012394986916,4.999053310767506,72.61,11.98,17.16,25.54,29.247120158096035,0.4441104259190304,62.5,205105.4262142192,6.613355601948504,25.327743910925538,68.05890048712597,63992.0,36649.66,25491.99,8.611711314748359,6.341558665661586,2.4926882667224866,0.4481821796071095,70.9,0.000707107,145.4,3.4934694748744373,0.16507016655368104,1.503558052799975,1.1095943230437115,-0.13891721950611094,1.1548144531498352,-2.1463432749880793,0.11840273348925008,2.4806833319567767,1.2249009174186114,0.7005722819695563,-0.8891024478121352,1.5274176446596783,0.02528334294445826,1.0804323642995828,1.5240776539524086,0.1576916361258676,-0.05402849228742246,0.16054210284647233,4.06183035329838,0.9046167831402276,-0.012090920276629835,-1.4770311241651266,-0.0031275094114242195,-0.1155195778398775,0.029588961532960718,-0.3694769345433451,-0.5116852829085355,-0.017647990342229636,0.151480382983573,-0.05307380988961086,0.538253366576197,0.223941681450233,-0.15636609989994535,0.21512000572246812,-0.07436151212935031,0.3173200124346962,2.847663300841426,15.95543530177325
430.2,27.3,30.6,9.905,8.28,253.5,3.53,102.81,1.7645,47925.0,843.0,43.5255,20.1416,83.8778,77459.0,294.8686396357596,5.186734756660309,162.53,65.61,36.45,18.38,34.437046921982514,1.6325084864460302,44.34,791032.0,14.2,49.0,36.8,60352.0,33354.0,19580.0,15.09150601532647,12.226414519989854,1.982933986704912,0.251596591393268,73.72,0.1691975063874144,62.2,2.8998191919379557,-2.5218117243408535,0.35383087992047263,0.019878250372130313,-0.8557418046550206,0.2974952869474267,0.15083801793555415,1.6911041342187676,-0.00563047683176902,-0.22959465682506552,0.21231611294516659,0.04500245765782888,0.5226332117260123,-0.10248487782354121,-0.7528570780375353,0.219378630689656,-0.025114563565390657,-0.03250193354673675,0.09890846649650477,-0.04645702715342211,0.2804861367183425,-3.900513702894095,2.1716877469513567,0.08102120053333546,0.30600594181101776,0.33669054446586727,0.9807179674537233,0.7671967341999211,0.38082769834746927,-0.21670006516079066,0.07209336518309972,-0.18644825342576968,-0.35701453377337494,0.5441567781707272,0.10627150713931743,0.3692226413715008,-0.1612937919686858,-1.9291751413559541,15.95543530177325
149.9,25.8,26.7,6.665,7.605,390.0,1.68,156.26,3.7,71109.0,604.0,25.5392,19.687,31.444,45417.0,639.9701205079514,5.435907589570977,111.113,48.363,43.95,6.87,30.453854606755456,0.8473062281162614,50.12,299186.0,8.188156481532047,41.53969380882165,50.2721497096463,56528.0,34807.04,22100.67,29.449202691670408,16.989687864542002,4.19935794066213,0.4460450312437009,97.31,0.0474135991682632,3.6,-0.20925624020475284,-1.535342433704063,-0.5867155662745549,-0.8146093761796753,0.23309461057807015,-0.3147792235692032,-1.8040579603527052,-0.184436958404258,0.02577626588443906,-0.30878200069225076,-0.18558580349509915,-0.37777130679072196,0.05810247717890909,-0.26342397383957467,-0.4080042613794406,-2.0239808494062164,-0.13383147054041422,-0.017998558596397315,0.017058402722080656,-0.06748783537652339,-0.3875899394174726,-1.3898790453871095,-0.2656561787178116,-0.019582014953096593,-0.01225882627613232,-0.017549677352265803,-0.009279466605900495,-0.09008234315707046,-0.06661620282335208,-0.05639180179219689,-0.1312059712363406,-0.6613903696679821,-0.32159196202487994,-0.24830210242730877,-0.030491615559440077,-0.00258172623347488,-0.09559307080538325,-3.2178874003530162,15.95543530177325
221.9,27.5,28.1,9.205,8.59,278.5,4.34,41.8,0.9984,37631.0,382.0,12.2266,9.8512,26.4183,120170.0,481.9852705731668,4.89273134806276,78.075,30.563,28.728,4.991,21.398798506227283,0.8755846807233554,35.03,369846.0,16.504901960784316,31.65686274509804,51.83823529411765,26213.0,35691.1,13158.53,16.539135979595088,17.556710821702243,1.1884593356762363,0.355470066518847,77.55,0.0007071069999999,0.040305087,-0.33727191690665975,-2.3108083455474113,-1.0748302876406037,-0.2155089468547763,-1.6797476205400503,-0.21044452692537266,-0.47251249555731195,-0.38899613818619394,-0.26234529980613525,0.3615482271291935,-0.21707792027387773,-0.8979961690725761,0.60751171423976,-0.05793992614839217,-0.8884656422034216,-0.6108148765556203,-0.3539558793309456,-0.009338387384389963,-0.2717451550485565,0.24167702236368005,-0.6095232391450555,-0.9402983093742902,-0.17452618205842252,0.020097071339842055,0.02562561049126096,-0.025608408004045485,-0.37149253442495445,-0.12510813618699698,0.0756151486576225,-0.13462110927794133,0.06714348343200986,-0.14363558905975274,-0.35945407831730947,-0.10383339944450798,-0.0983701266619998,-0.07456896588361499,0.01708337122264009,-3.922414976200088,15.95543530177325
218.7,27.6,27.9,10.915,8.14,525.5,4.03,94.75,0.975,80886.0,573.0,36.035,30.6179,69.9425,59746.0,503.33227546810537,3.5656280919222656,160.701,59.489,57.403,13.697,44.04493523854282,0.7705005543685988,37.51,683165.0,24.81513784080998,29.71825110917296,45.46661105001707,37563.0,37438.88,16936.21,15.717915646179634,15.449625511761106,1.4422353381379165,0.3216419673452932,70.17,0.0007071069999999,11.0,-0.331892322017035,-1.2811619880042662,-1.1679454843707695,-0.7536462115791314,0.029272972265413855,0.07411533543219169,-0.890925756529905,0.252750849717607,-0.3795951088517902,0.0072807823199154825,-0.1606204935411614,-0.05942212200878802,-0.5381304669395709,-0.4062610481555265,-0.1649828939333867,-0.29746051246766,-0.5825666436071818,0.002623345232568764,-0.19821742965994993,-0.6812589271514055,-0.5725909460576561,-3.007751217070035,-0.4242224159495283,-0.015806552854676935,-0.00029497623754058677,-0.04064524782666324,-0.28775354347346965,-0.00492532118223607,-0.08023468472373992,-0.1277185752630854,-0.03857407339693355,-0.10114445191652814,-0.404382873099918,-0.07218239893050256,-0.017317243631308276,-0.15813565100698418,-0.0655844715982675,-2.9815397869073794,15.95543530177325
233.8,27.8,29.1,3.65,7.705,454.5,3.68,107.34,6.28,66001.9,1675.31,49.3,18.28,103.68,17174.4,435.2825957923893,11.048671107300668,151.63,65.22,31.43,27.37,10.04493389674318,0.8095851014325984,41.74,774172.0,21.96364940618549,42.590832655196046,35.44551793861847,49137.0,30324.0,14574.0,6.059303494414041,4.22208657852724,0.6829462442173873,0.1613749773036768,55.57,0.0100645675865619,113.8,1.0955346584164847,4.536291718355691,1.9864752906948946,-0.8583399536615857,2.3127843506696326,1.0204255195210379,-0.33950745307995617,0.7369448245922102,0.8786411831636599,-0.10046618188886562,0.201531571129648,0.5323668813907231,0.04448768940443711,-0.899241890176199,0.20979009898689918,-0.4255310191221848,-0.002365972253804601,-0.04544405361792666,0.1261477582653366,0.03992917794423834,-0.055075585415276386,0.5887912607813872,-0.09145828702331826,0.08817277297532773,-0.4333812343034274,0.013931577969341932,0.3509928691402699,1.266125898531949,0.29125661268054204,-0.7895721310563389,0.21201394087169345,0.49643574492384984,0.01951689950345707,0.465330111008758,-0.37411799301548543,-0.633997256535416,0.023428741130823088,3.084197087109399,15.95543530177325
421.2,27.7,25.8,3.15,7.335,332.5,6.25,113.44,6.47,113005.25,3048.97,56.37,31.11,123.25,170899.0,632.6927383685123,17.070544762331334,178.61,74.6,52.48,33.02,11.832260392384752,1.0136065476243834,41.19,962714.0,23.22925734100645,37.059541398199215,39.71120126079434,40450.0,30441.0,14677.0,7.420621787035737,5.286083690348805,0.6079000575173069,0.2002013844757149,68.94,0.4350562125379583,116.4,2.4668698832004634,3.1795655359545107,0.7850613124358158,-1.098787983173194,0.17252670072329565,-0.9077560940819485,1.511626441456998,-0.1776032929883032,0.45364775107552563,-1.0907526506142071,1.090174618903548,0.8509907618444418,-0.5752661874331535,-0.046703604835396074,-1.9814083974016832,-2.727854355488283,0.8438835978476954,0.25402909669404217,0.6376859788177535,-0.9159349490158887,1.2325807216685887,1.8848014655197038,0.49690624966906993,0.09002234166022409,-0.31239620094963655,-0.553651346610859,-0.4170336403620121,0.23886446421655538,0.1919787661529455,-0.669449435033214,-0.05045085948271033,0.03683817982052743,0.22207667284800356,0.0056444755072396395,-0.05886727140905945,-0.1849618809980651,0.07135670148612332,-0.41267057411062263,15.95543530177325
115.2,28.8,28.5,2.4450000000000003,7.52,241.5,8.35,60.6455,0.7705,18738.0,201.0,20.6519,13.225,27.4686,21790.0,236.6058463286824,2.5380390176147487,79.195,32.652,23.515,6.148,12.782698470895246,0.7724210753786316,47.21,209885.0,11.2,48.7,31.3,49780.0,37342.0,15884.0,8.251880779338212,6.642425473153561,0.2421040892193308,0.2176759611841297,53.7,0.0746881442797349,158.8,1.8292211386701094,4.469705879986287,1.9647871698749564,-0.9925437506179638,3.5229653378312165,-1.5360148965676006,2.716294546102484,-0.31379023735566697,-0.3350378047224754,0.08834688199373557,-0.28394125822931526,-0.515298355364551,0.6606612705020236,0.3748321921207635,0.4487515176941333,1.8923412378784275,-0.6960385774821042,-0.19351526570040697,-0.17588446038309513,0.9886559962993489,-0.775407708467295,1.5869069643520437,-0.0637241406909504,0.05005807100329562,0.08508287185803039,0.0031166502274575514,0.24256181901476115,0.5341522231635943,0.37093824519465385,-0.19545015946030597,0.25337322004760326,0.21843932226144988,0.1320000603608785,0.5877618563159679,-0.0580522687205427,-0.18867755988147147,-1.9226041316209983,3.159792369341788,15.95543530177325
354.1,28.0,27.4,2.175,7.355,445.5,5.34,78.86,1.51,42101.0,1310.02,57.39,30.39,103.24,45409.14,239.6050310170167,7.455580217403678,175.70999999999998,75.89,47.08,23.13,11.640145980325425,1.1288686636714582,52.2,686334.0,16.06716086336319,29.95130135865117,53.98150854710848,36106.0,32559.0,16815.0,12.881572327495135,5.887189901806822,0.6001059414337037,0.2742822855197458,94.45,0.0877373243595731,206.6,2.5117622253081446,5.775317293605767,3.872448270563812,-1.1235082712722944,0.7632709868454066,-0.0638795914345726,2.9888489778619256,-0.3969039311415205,-0.8171260693265746,-0.0035613348412633825,-0.06997539381186153,0.18604078307592609,-0.5718832352524631,-1.0858519138721743,-0.49407353991797703,-0.6814055753778668,-0.15310250954081583,-0.2107839148305355,0.10298245217185438,-0.6367098635140183,-1.175512828586313,0.3670487081026663,0.488554500195508,-0.03616545149280389,0.009524434098663251,-0.08372955304648085,-0.5834700897227352,-0.3534139317631099,-0.029438674557022686,-0.2500473404458415,0.04059127243080433,0.043494905705253085,0.15908730672206728,0.10510422522357328,-0.12779164597392093,0.06796293058432597,-1.2764378747964897,5.250180955855176,15.95543530177325
3.0,3.8,7.2,11.245,8.260000000000002,303.0,7.99,0.7773,0.0,12.0,0.6876815804764671,0.0007,0.0051,0.023982,5294.6,171.42857142857144,9.824022578235246,0.0699999999999999,0.0,0.01,0.01,0.02819581891016,0.1652892186691128,90.7,3055.4045483894115,0.0595207257760765,21.668917363058736,78.2715619111652,78113.0,49348.53,31412.48,18.77858494367249,2.360204165039463,3.730853285200316,0.6732214686623013,106.5,0.000707107,4.8,-3.480005948538116,-1.6674072338500991,1.5373421684481825,-1.242307175914757,-0.6663060763439475,0.11060994531804103,0.9038856231312579,-0.34834590026643125,-0.45436587971479936,0.11973736179371709,-0.27420587068578844,-0.8389524944607792,0.0598341204575265,-0.190890928125009,0.24721985336858784,-0.15162317107586798,0.09590533997941149,-0.22331365335732675,-0.7807866080136346,-0.17644736906203098,-0.07858830692557013,0.24870836237755908,-0.4399637559133893,-0.3264367054697748,-0.22066176974214616,-0.06755571751855315,-0.6642927357787264,-0.3548190977478711,-0.10052450630503403,0.004112101164646609,-0.1844474167128404,-0.06176562051288801,0.4111906609311699,-0.2749585427436978,0.2568550290927913,0.09927834575452522,-0.04632103499956434,-2.5104254186960557,15.95543530177325
4.0,2.7,5.1,15.275,8.79,769.0,7.105,69.61883,3.1667,31295.0,362.9812608948286,7.9764,10.4369,90.661662,22830.6,431.0012394986916,4.999053310767506,72.61,11.98,17.16,25.54,29.247120158096035,0.4441104259190304,62.5,205105.4262142192,6.613355601948504,25.327743910925538,68.05890048712597,63992.0,36649.66,25491.99,8.611711314748359,6.341558665661586,2.4926882667224866,0.4481821796071095,70.9,0.000707107,40.6,-4.99696463352923,-0.43011317624555284,3.8087407704341842,1.4115649744387095,-0.841904454056639,0.09367695204059918,0.2223307514229481,-0.1589890500639254,0.040674092317931364,0.032118518768499436,0.12209604529663902,-0.5024184529126311,0.09785158190798642,-0.023486309965761953,-0.1280102439985301,-0.08400009192060676,-0.07985450340590101,-0.0005310137430203735,-0.19227533917253195,0.06473863914065688,0.04765973828112113,-1.6604278593657853,-0.7916982669134938,-0.1208555332198739,-0.037792485007084875,-0.08313499599384762,-0.2809505288070067,-0.33024694568322366,-0.03436611319271243,-0.05060831555165368,-0.12179722610550629,0.1972825031789641,0.2929142744528751,-0.0439146695906916,0.06063982800735775,-0.008779548127204273,0.3778281398722901,-0.24056513674402003,15.95543530177325
7.0,2.8,8.6,16.765,8.7,961.5,6.2,102.81,1.7645,47925.0,843.0,43.5255,20.1416,83.8778,77459.0,294.8686396357596,5.186734756660309,162.53,65.61,36.45,18.38,34.437046921982514,1.6325084864460302,44.34,791032.0,14.2,49.0,36.8,60352.0,33354.0,19580.0,15.09150601532647,12.226414519989854,1.982933986704912,0.251596591393268,73.72,0.1403432183050988,43.6,-3.9420172700860228,0.1385115116322414,-2.2594679939250155,-0.9724270697434741,-1.1537994832211795,1.103355384305275,0.7092438631675516,0.04275636566802835,-0.13621432877611372,0.004151307824067918,-0.06011137241109543,0.1828183028412362,-0.026366901160217764,-0.3109610621941584,-0.3961634635358739,0.7195922359824181,-0.14729497957974674,0.024180394499562663,0.12531157096615061,-0.10594374654116107,0.14889319440660354,-3.161834463569491,2.0101839991208785,0.03027925290477775,0.43671743314247574,0.15420850154322915,0.712634680559859,1.7126491475291552,0.21943456838217865,0.2224461335983747,0.6341300517631075,-0.1091496816820773,-0.3303102916292846,0.0026018286356703593,-0.26681493281076346,-0.2570978670443096,0.5061474822197729,1.592867316098418,15.95543530177325
6.0,3.8,4.0,14.315,8.395,588.0,2.57,156.26,3.7,71109.0,604.0,25.5392,19.687,31.444,45417.0,639.9701205079514,5.435907589570977,111.113,48.363,43.95,6.87,30.453854606755456,0.8473062281162614,50.12,299186.0,8.188156481532047,41.53969380882165,50.2721497096463,56528.0,34807.04,22100.67,29.449202691670408,16.989687864542002,4.19935794066213,0.4460450312437009,97.31,0.6860047090658341,3.8,-2.0537992795719764,0.1265823806651558,4.8392609889106835,2.4624219579684237,0.0426320182446697,0.28769525366059184,-0.19346972236720228,-0.31029790632426735,-0.2705093334848059,0.061159605752521516,-0.005273561209129436,0.562348193656653,0.07519756408718721,-0.2755507256696001,0.5218366412376051,-0.8225744650070556,0.006286679805877715,0.3597609530513492,-0.17845570874245228,0.024892899692834997,-0.08880914501690622,0.05780953757232058,0.09844695433042927,0.006525686698344672,0.10153380482069523,0.08105011758316931,0.026926470165296146,-0.005912210547054504,-0.10379449328252432,0.06304305874587339,-0.11126186290988704,0.9985459835493629,-0.33724478210788233,-0.028895362988114386,-0.0061101539075991695,0.10071555605158193,0.6831321807190157,-1.3402665187216674,15.95543530177325
19.0,2.7,6.8,7.095,8.29,298.5,1.67,41.8,0.9984,37631.0,382.0,12.2266,9.8512,26.4183,120170.0,481.9852705731668,4.89273134806276,78.075,30.563,28.728,4.991,21.398798506227283,0.8755846807233554,35.03,369846.0,16.504901960784316,31.65686274509804,51.83823529411765,26213.0,35691.1,13158.53,16.539135979595088,17.556710821702243,1.1884593356762363,0.355470066518847,77.55,0.4338664068721385,3.0,-0.10152050097162496,-0.4823474900734921,-1.9462553943608274,-2.600143537696761,-0.6370287989638747,-0.3137384074049381,-2.0404988245153803,0.05080580714934808,-0.2495333996880801,-0.02898357651662095,-0.2275115640461444,-0.5828408696254094,0.30897534732551624,-0.05947194485149057,-0.9702987446837744,-0.5934270993503741,-0.3127271092714121,-0.03717078431509442,-0.1565284587318698,0.14845996826887148,-0.4328546321042812,-0.591432383651069,-0.17521661673517275,-0.04976969346016024,0.10332959269949538,-0.05883917112834755,-0.263256569338652,-0.07921201595570888,0.10124401387913769,-0.16871355593204493,0.04751100259600205,-0.08175212650327023,-0.6659150497545487,-0.07290686473560837,-0.003827724334939117,-0.1353007333663603,0.06859967682355406,-2.6351742385420946,15.95543530177325
27.0,3.0,7.6,12.96,8.575,349.5,2.42,94.75,0.975,80886.0,573.0,36.035,30.6179,69.9425,59746.0,503.33227546810537,3.5656280919222656,160.701,59.489,57.403,13.697,44.04493523854282,0.7705005543685988,37.51,683165.0,24.81513784080998,29.71825110917296,45.46661105001707,37563.0,37438.88,16936.21,15.717915646179634,15.449625511761106,1.4422353381379165,0.3216419673452932,70.17,0.0286673910608251,0.040305087,-0.09213430564307308,0.34137710665895904,1.5259403756315197,1.737835559826344,-0.07451321452700821,1.441471303686655,-2.3044250088666254,0.020397057166943993,-0.08190751923403389,-0.0955610018495157,-0.062206862052747024,-0.07291104801930483,-0.3657451305212451,0.037184090383816336,-0.44836751366810285,-0.37006352509604756,-0.027868938548490523,-0.006234049289487324,-0.06302960050913177,-0.18083585115692904,-0.20193866579948597,-1.4117874505401902,-0.11437912636048468,0.06060596303548682,-0.06811793039397655,0.02490912970931573,-0.3237850794925667,-0.11736458725684011,-0.23567510728957122,-0.12377341798196251,0.020575538030049523,-0.6809397753351364,-2.0060882780638827,-0.18467205810593465,-0.09155391644376025,-0.1303210405702703,0.32375616309698674,-2.1150942651554945,15.95543530177325
9.0,3.0,7.4,15.845,8.64,1008.5,9.28,107.34,6.28,66001.9,1675.31,49.3,18.28,103.68,17174.4,435.2825957923893,11.048671107300668,151.63,65.22,31.43,27.37,10.04493389674318,0.8095851014325984,41.74,774172.0,21.96364940618549,42.590832655196046,35.44551793861847,49137.0,30324.0,14574.0,6.059303494414041,4.22208657852724,0.6829462442173873,0.1613749773036768,55.57,0.5609464122081518,47.2,-6.7879335998580785,2.6132893055886965,2.033331875847652,0.35823891904127453,-0.8836749423512565,1.492916565655421,1.501976665627056,0.33145456536052137,0.6314804148813707,-0.07468888165118821,0.012061328984175964,0.22700545239727946,0.09175039272677754,-0.18320034944607566,-0.04892867925732103,0.1758745675891017,-0.07853432601472954,0.022653077444992824,0.0783321951748807,-0.15321921981095077,-0.45420232011315703,0.7173011000826953,0.08815224289738859,0.0522903384796037,-0.022030919830625145,0.12439113971544431,0.08506535097801415,0.136893159649335,0.005077334628440733,0.13581264911297067,0.020721507379785287,0.2874081778666,0.5124947605654601,-0.2999635805306023,-0.25087429915399573,-0.7314078527549279,0.12060818665971396,3.235331969860321,15.95543530177325
16.0,3.1,6.1,14.785,8.375,1078.5,3.85,113.44,6.47,113005.25,3048.97,56.37,31.11,123.25,170899.0,632.6927383685123,17.070544762331334,178.61,74.6,52.48,33.02,11.832260392384752,1.0136065476243834,41.19,962714.0,23.22925734100645,37.059541398199215,39.71120126079434,40450.0,30441.0,14677.0,7.420621787035737,5.286083690348805,0.6079000575173069,0.2002013844757149,68.94,0.7565632161191372,94.6,1.3339349889693164,1.8306614049904362,2.908815051363005,0.80209908084323,-0.4831122518796472,0.14456975404949243,-0.09858688653989993,0.05123033665120621,0.7352374603816618,-0.4812716069538144,1.929211671455608,0.04570612090251728,-0.40823600215526934,0.31015836568704497,-0.7714277669973674,-1.1217141975858251,0.9153547033000119,0.018735670928532937,0.29010205261176464,-0.5275486778126409,1.482205198944236,0.6846784437199434,0.2269678379486626,-0.003192073679529228,-0.18027682745829207,-0.14812480755072735,-0.04688815241679515,0.06772383548940224,0.05615759723276518,-0.18487153723370287,0.031351309473005205,0.29909392487102504,0.42043585040218523,-0.022728535931091882,-0.16047239394315213,-0.12140352576039759,0.3845982428554752,-0.704319959480781,15.95543530177325
26.0,4.3,6.9,11.255,8.18,1076.5,12.8,60.6455,0.7705,18738.0,201.0,20.6519,13.225,27.4686,21790.0,236.6058463286824,2.5380390176147487,79.195,32.652,23.515,6.148,12.782698470895246,0.7724210753786316,47.21,209885.0,11.2,48.7,31.3,49780.0,37342.0,15884.0,8.251880779338212,6.642425473153561,0.2421040892193308,0.2176759611841297,53.7,0.3080474479950241,55.2,1.3892693443782633,1.378107453087966,1.9345482632595428,-0.2514340243550643,0.537253631316125,0.023389083609605937,0.8738562544248993,0.10084703732592344,-0.23727584070526087,0.3756749884846309,-0.5507799168257046,-0.24753180272411543,0.5668620181130241,0.014392565498128876,0.27805949332347807,1.3970908101042736,-0.21873279064583265,-0.02756318952733065,-0.14158507587077707,0.49476623296737676,-0.4472430496802553,1.4794326219831904,0.09989658090906794,-0.01431215828595104,0.033682830847489464,0.15401607063598943,0.26814337513409536,0.10624155763536718,0.044209077600390057,-0.14859434267816427,0.0670097757456826,0.7690898526816942,0.7762300487250711,0.321954498609218,-0.1714089155429975,-0.47683051796009174,-0.21158828111365416,0.5291096448215349,15.95543530177325
21.0,3.3,7.7,12.81,8.35,1577.5,6.75,78.86,1.51,42101.0,1310.02,57.39,30.39,103.24,45409.14,239.6050310170167,7.455580217403678,175.70999999999998,75.89,47.08,23.13,11.640145980325425,1.1288686636714582,52.2,686334.0,16.06716086336319,29.95130135865117,53.98150854710848,36106.0,32559.0,16815.0,12.881572327495135,5.887189901806822,0.6001059414337037,0.2742822855197458,94.45,0.5623703006439188,16.4,-0.3501830542242774,-1.4900149043812416,-2.7314781321724872,-0.615653520617634,-0.6086426315115143,-3.8244824166308775,0.23468653014938654,-0.247034308682196,-0.10065765234796947,-0.026680447252777656,-0.02596904375435158,-0.04846362506039419,-0.36485603381724435,-0.45225631848132847,-0.09803772445147219,-0.12554458839197938,-0.06935720340038352,-0.04059307749072694,0.005028724951359337,-0.11992703256352506,-0.3618033014703544,-0.14721887309414636,0.12823118561645983,-0.10083755392581224,0.10761538178349545,0.040764943342655624,-0.2855899615772068,-0.4619683652728177,0.004311890172151138,-0.1031281561000893,0.010915684448555235,-0.08156382856114451,-0.033163077145193974,-0.11377129357773824,-0.04963845950008064,0.055288436965396044,0.03323837760603053,-3.4663175231559826,15.95543530177325
0.0,20.3,15.2,11.685,8.274999999999999,352.0,2.82,0.7773,0.0,12.0,0.6876815804764671,0.0007,0.0051,0.023982,5294.6,171.42857142857144,9.824022578235246,0.0699999999999999,0.0,0.01,0.01,0.02819581891016,0.1652892186691128,90.7,3055.4045483894115,0.0595207257760765,21.668917363058736,78.2715619111652,78113.0,49348.53,31412.48,18.77858494367249,2.360204165039463,3.730853285200316,0.6732214686623013,106.5,0.0204145059503481,0.040305087,-2.188482372211292,-1.6049838384784134,-2.4948571357270706,-1.2539801763882858,-0.6619416457709545,0.15306615885812785,-1.3147924894808483,-0.31012086988892396,-0.09322379979615388,-0.03616193150946255,-0.1888070613689099,-0.8535357001485924,0.2665113741733754,-0.061356914656547155,0.15506406521735092,-0.06305184023532394,-0.0462805762312686,-0.03696505632561942,-0.22806857891225554,0.4062897575600071,-0.02068653696449471,0.644012205680677,-1.9835849300430468,-0.2854681104126697,-0.08239571243136497,-0.005698226797394445,-0.26004384880730264,-0.25591839523520327,-0.07229752148656782,0.04171469683293264,-0.14125319316051907,-0.07931755873685085,0.04202596506103882,-0.18866238603213178,0.04523480767384186,0.04563045515834049,-0.09619513328808055,-2.8161548567858214,15.95543530177325
32.0,18.8,19.7,14.185,8.67,1092.5,2.51,69.61883,3.1667,31295.0,362.9812608948286,7.9764,10.4369,90.661662,22830.6,431.0012394986916,4.999053310767506,72.61,11.98,17.16,25.54,29.247120158096035,0.4441104259190304,62.5,205105.4262142192,6.613355601948504,25.327743910925538,68.05890048712597,63992.0,36649.66,25491.99,8.611711314748359,6.341558665661586,2.4926882667224866,0.4481821796071095,70.9,0.2036161333645245,217.2,-0.34100869246603294,-1.925183776686123,-3.23155537519604,-1.1831106339565787,-1.3910337931849064,-0.2730842640344054,-2.484412855726356,0.06661376826930805,0.3300584084168077,0.06274016779537,-0.09419263303435077,-0.851231708480045,0.15481332767133907,-0.20802714645086484,0.13514227180586502,-0.34177539913915106,-0.18012588129844517,-0.07921419324042889,-0.4576447329002746,0.3556474603122723,-0.14445932035955286,-1.756476565455863,-0.6853775688617799,-0.057637253180146224,-0.022271108054555983,-0.007929979336137686,-0.2589166076807304,-0.3450828272740667,-0.1226538892447327,-0.01496869666812327,-0.11353138853485373,0.04396391368083028,0.06033669966117792,-0.07642967710892372,0.020237712546562158,-0.23833473999518892,0.008382535315274008,-0.2790688186325133,15.95543530177325
18.0,18.6,18.7,15.02,8.594999999999999,1057.5,3.56,102.81,1.7645,47925.0,843.0,43.5255,20.1416,83.8778,77459.0,294.8686396357596,5.186734756660309,162.53,65.61,36.45,18.38,34.437046921982514,1.6325084864460302,44.34,791032.0,14.2,49.0,36.8,60352.0,33354.0,19580.0,15.09150601532647,12.226414519989854,1.982933986704912,0.251596591393268,73.72,0.0544952487314042,42.0,-0.31241960738319896,-2.121373496830929,-3.5930955436367853,-0.8510530566424132,-1.3432490853949766,-0.3630079966271296,-0.4129022522006804,0.06605908931698665,-0.33232708583120263,0.062227173332745855,-0.09319064964695534,0.009473961134596573,-0.04548153502556185,-0.20368958722334343,-0.367740553523569,0.1270415825846915,-0.07136866670024257,-0.0364499478406894,0.18994027760035034,0.06213359075908853,0.0015225639582301849,-2.256970453115646,0.18883857447886845,-0.019212839245641038,-0.04652785830742972,0.0021448961971327536,0.022373166134736205,0.07365019260284808,-0.11961590778393055,-0.08066606017760937,-0.06382361247825115,-0.15887139486692228,-0.10172143111626301,0.005260420860722548,-0.10551068904887255,-0.13400403687963255,-0.6704168132878842,-2.833113194426211,15.95543530177325
15.0,19.5,14.3,12.83,8.605,634.0,1.75,156.26,3.7,71109.0,604.0,25.5392,19.687,31.444,45417.0,639.9701205079514,5.435907589570977,111.113,48.363,43.95,6.87,30.453854606755456,0.8473062281162614,50.12,299186.0,8.188156481532047,41.53969380882165,50.2721497096463,56528.0,34807.04,22100.67,29.449202691670408,16.989687864542002,4.19935794066213,0.4460450312437009,97.31,0.0348044820653952,0.040305087,-0.7374279121053405,-1.589499842901714,-2.438580208871669,-0.7567165341290334,-1.5168511270506617,0.016290936095174232,-2.1485350884900742,0.0385947325546293,-0.03517776079786328,-0.06930722955459094,-0.33306278023403135,-0.13919864752795552,-0.00013381797587503955,-0.05914233611275754,0.14010352324849626,-0.8069740029067423,-0.2714049051733068,-0.015578245652529065,-0.04200881707947695,-0.2017168050957844,-0.35139064153966787,-1.683179533351989,-0.09707828860729943,-0.07005533355909078,-0.032884996351785774,0.007170083480111052,-0.030873434587071216,-0.09419348753678296,0.012579349782317862,-0.017856258161676585,-0.09666776423963391,-0.2597218031133525,-0.059493788944867766,-0.17876285010405502,-0.023534499218221778,0.04698351262835789,-0.060873270443019815,-1.9712946348769276,15.95543530177325
7.0,19.3,14.7,10.465,8.129999999999999,374.0,2.67,41.8,0.9984,37631.0,382.0,12.2266,9.8512,26.4183,120170.0,481.9852705731668,4.89273134806276,78.075,30.563,28.728,4.991,21.398798506227283,0.8755846807233554,35.03,369846.0,16.504901960784316,31.65686274509804,51.83823529411765,26213.0,35691.1,13158.53,16.539135979595088,17.556710821702243,1.1884593356762363,0.355470066518847,77.55,0.0007071069999999,0.040305087,-3.115070120825743,-1.821873270221986,-1.4354435220616868,-0.5677177746392166,0.07365191351156669,-0.44880595503219683,-1.219776755993565,-0.3139375823712908,-0.46251044611136116,0.3000288249459118,-0.3721415797201917,-0.5505437877262012,0.22231766152195634,0.007060991836867096,-0.7416807435499503,-0.452261698221943,-0.15656897073611623,-0.018993637820240043,-0.08450524404567372,0.2235178703799223,-0.5269442443984249,-0.4830528052616865,-0.09623147352831429,0.0516445002146065,0.01331025984526308,-0.0900650846143254,-0.2592784380253093,-0.03822621151494491,-0.06308506987368075,-0.06779012002516539,0.05812499850988395,-0.06577573891030623,-0.5859605151337263,-0.05828034069544307,0.023532109609804827,-0.14928679316692675,-0.02498391546774632,-2.629319397462532,15.95543530177325
33.0,18.7,15.6,11.495,8.52,449.0,3.755,94.75,0.975,80886.0,573.0,36.035,30.6179,69.9425,59746.0,503.33227546810537,3.5656280919222656,160.701,59.489,57.403,13.697,44.04493523854282,0.7705005543685988,37.51,683165.0,24.81513784080998,29.71825110917296,45.46661105001707,37563.0,37438.88,16936.21,15.717915646179634,15.449625511761106,1.4422353381379165,0.3216419673452932,70.17,0.1476037831832092,0.040305087,-0.16133109101559948,-1.6960769699420777,-2.9519522908004006,-0.9143577215905921,-0.2338860088734266,-0.03798646745194381,-0.8189856979468213,-0.06159505579154947,-0.22455567272379973,-0.12505333413369954,-0.6389691256871446,-0.2928726003334546,-0.1826631219793733,-0.2116071887430735,-0.008099613768669486,-0.03740548751316958,-0.5529648835832875,-0.015366623043082653,0.014222811538881068,-0.492853332425778,-0.3533206550311297,-2.6414759131078607,-0.22990601380666095,0.026264886929808922,0.0006806060966724724,-0.09776464026964593,-0.34546377636026593,-0.0579148935588698,-0.07553092285525027,-0.05658951893138394,-0.04380662249711653,-0.10772070335845146,-0.21281416038206472,-0.033063016201679916,-0.04600082189155119,-0.17729201285711804,0.0902735204955873,-1.9219838891752687,15.95543530177325
5.0,18.9,17.6,19.085,8.594999999999999,1018.0,4.43,107.34,6.28,66001.9,1675.31,49.3,18.28,103.68,17174.4,435.2825957923893,11.048671107300668,151.63,65.22,31.43,27.37,10.04493389674318,0.8095851014325984,41.74,774172.0,21.96364940618549,42.590832655196046,35.44551793861847,49137.0,30324.0,14574.0,6.059303494414041,4.22208657852724,0.6829462442173873,0.1613749773036768,55.57,0.220284984732853,62.8,-4.3979884306504395,-2.294035455663688,-2.860400327340079,-1.004133331462896,-1.2630253082195608,-0.27529162046654765,0.3003375542039672,-0.017471414258858824,-0.1308019981121956,-0.025598103323330595,-0.01917186196815858,0.03601869070824865,0.13575583816661205,-0.5186601795939105,-0.017898742745940846,-0.25129604178403203,-0.03134753007131328,-0.012913844821353751,0.021761202844791078,0.009233063439217764,0.14305075603149195,0.0893495266814716,-0.1332058414219256,0.02116577000745258,-0.17234750617450742,-0.037349113163848674,0.02998103979509333,0.08258711975766352,-0.003406306353087069,-0.22308998313266792,0.03166125081013884,0.03238583155286798,0.05966078212795147,-0.027584108499189297,-0.24515328183149268,-0.18956121434612816,-0.04233785657910605,-2.7250544262848178,15.95543530177325
25.0,18.4,19.4,11.865,8.155000000000001,796.0,3.64,113.44,6.47,113005.25,3048.97,56.37,31.11,123.25,170899.0,632.6927383685123,17.070544762331334,178.61,74.6,52.48,33.02,11.832260392384752,1.0136065476243834,41.19,962714.0,23.22925734100645,37.059541398199215,39.71120126079434,40450.0,30441.0,14677.0,7.420621787035737,5.286083690348805,0.6079000575173069,0.2002013844757149,68.94,0.3232034677323929,8.0,-0.30518641512220107,-3.2801847487276725,-4.095798165524999,-1.4402441832283512,-0.014958430979556228,-0.2575581052495786,-0.48506218151732655,-0.08965064585053667,0.18346789891443535,-0.686414373581453,-0.27940979370692137,0.3785598649565751,-0.1872545535311414,-0.06441540793515749,-0.6313060491438955,-1.133540593794702,0.09427906686595329,0.1447819042547295,0.05502232928682737,-0.3158759975029776,0.15593006336595872,0.1884770471331042,0.041088768641153996,0.009158149583575659,-0.14002531290364761,-0.06423060191174351,-0.1342472638228599,0.01971928324860849,-0.03152765483750641,-0.06252805916514864,0.10493984531611196,-0.03078881283911532,0.061977389326784836,0.006354427616267186,-0.08522944570674251,-0.1705289795249699,-0.042897057782392944,-3.341706313130756,15.95543530177325
15.0,20.0,18.6,8.61,7.970000000000001,1374.0,1.5,60.6455,0.7705,18738.0,201.0,20.6519,13.225,27.4686,21790.0,236.6058463286824,2.5380390176147487,79.195,32.652,23.515,6.148,12.782698470895246,0.7724210753786316,47.21,209885.0,11.2,48.7,31.3,49780.0,37342.0,15884.0,8.251880779338212,6.642425473153561,0.2421040892193308,0.2176759611841297,53.7,0.2096119033204493,37.0,-2.2201787461386995,-2.7538321720560397,-2.1179600011960917,2.5453882953446985,0.726733295652084,-1.2298060512620337,-1.9823312918577967,0.01984859815798697,-0.34913213133035875,0.34743969346551823,-0.2591284580621866,-0.02183182865070814,0.20841736570311076,0.09868759481391572,0.25512584122984355,0.5765772836251805,-0.06269993375521135,0.07034930144126234,-0.03062040826228114,0.5178453763574362,0.321541391684053,1.6714205889900524,1.360620905608715,0.6186869656092797,-0.1924745848666254,0.5607538728959239,2.405188369890675,2.0714165843402346,1.7802391085866838,1.059925490608439,0.986604757681489,0.15147331461620814,0.2251138135720976,0.3787389387019599,1.489173230680948,1.730008268744374,0.2644676277103523,-2.1624321740516463,15.95543530177325
32.0,18.3,22.0,12.85,8.215,1955.0,7.06,78.86,1.51,42101.0,1310.02,57.39,30.39,103.24,45409.14,239.6050310170167,7.455580217403678,175.70999999999998,75.89,47.08,23.13,11.640145980325425,1.1288686636714582,52.2,686334.0,16.06716086336319,29.95130135865117,53.98150854710848,36106.0,32559.0,16815.0,12.881572327495135,5.887189901806822,0.6001059414337037,0.2742822855197458,94.45,0.2694816291154529,45.4,-0.322891243432338,-2.827672558279397,-2.948356731526243,-0.7926703432931873,-0.6444710487127302,-4.22663447341416,0.4716912685070808,-0.02841670204730064,-0.21313676746717344,0.015817761014526047,-0.1783789827302098,0.029372356288755914,-0.4221610903305309,-0.17356966491788625,0.024879869342160566,-0.4865191535775861,-0.02035119487904009,-0.02499140450886105,0.007383396814887679,-0.2164139266839872,-0.22918446670441597,0.09166008662587642,0.012235752665437652,-0.05832305548402165,-0.018930505793541663,-0.015878467992879564,-0.27673227358299,-0.14481824583994857,0.06168678098047765,-0.16554299481368298,-0.0274473181460053,-0.044771453843762556,0.04412551810033591,-0.020026951471033217,-0.05268682291731208,-0.11105749179298662,-0.04986511906298502,-1.9429356167015308,15.95543530177325
218.7,27.6,27.1,5.27,7.38,366.5,3.81,94.75,0.975,80886.0,573.0,36.035,30.6179,69.9425,59746.0,503.33227546810537,3.5656280919222656,160.701,59.489,57.403,13.697,44.04493523854282,0.7705005543685988,37.51,683165.0,24.81513784080998,29.71825110917296,45.46661105001707,37563.0,37438.88,16936.21,15.717915646179634,15.449625511761106,1.4422353381379165,0.3216419673452932,70.17,0.000707107,51.2,-0.331637559547089,-2.1135342649789526,-1.4130231034530638,-0.7054260124824943,-0.438031850112602,0.1479578764286513,-0.801431756787157,-0.0699613387805099,-0.20704713832897437,-0.17979916124915085,-0.34144023698599396,-0.036828885533226115,-0.4253368519541496,-0.14573587208831068,-0.11275757067526393,-0.7575629077975949,-0.1127689839356268,-0.031208627500260804,0.024304162338376064,-0.28464706110147125,-0.2583456956238177,-3.47432081114656,-0.4076861138067518,-0.004511952299314295,-0.181394368809027,-0.1536107691703366,-0.3626529906115806,-0.04625914888301238,-0.0340634755945454,0.0202724043031534,-0.0053676815625900735,-0.05677379543427372,-0.369745233389549,-0.11420969437342127,-0.08126187495421601,-0.20442290511447936,0.10245862462713078,-1.9548395433587331,15.95543530177325
320.3,27.8,30.9,11.565,8.120000000000001,499.5,4.39,79.7603,1.3218,37783.0,436.0,32.0201,11.986,58.2589,19506.0,317.1284444481749,3.659529465087586,119.14099999999998,45.663,16.368,14.3018,22.549304697785008,0.6391463480032891,44.35,477241.0,11.4,37.1,51.5,71561.0,34380.0,21443.0,14.98400185022494,14.347792906389309,1.8324918038196647,0.2479057292855512,67.5,0.0007071069999999,17.4,0.42247323163319367,2.577259654408941,-0.8061031429267794,-1.207459938406634,1.1499738467702019,0.14951744429301464,1.3214449742995202,0.15099517578259145,-0.14178180915769187,0.6402220359661928,0.03110025142629928,0.022061419182767588,0.6796348425373436,-0.01976345997303734,-0.021118429380779496,0.9222794714197516,-0.40130029826425023,-0.0731531362018238,0.10518848350737224,0.55035276246878,0.06434293448304158,-0.24546896147774544,0.23113083999448822,-0.005251910428826778,-0.1243017271083472,0.22384122410013066,-0.05903860748900728,-0.2147843934735283,-0.479997459483954,0.043373946401600895,-0.16103498201662036,-0.15271513862380134,-0.40249411765330784,-0.26560115368105447,0.005719084522376498,-0.009221201514204228,0.28309302700062605,-7.200535265374153,15.95543530177325
289.9,27.7,28.5,2.965,7.505,599.5,4.1,86.2176,3.9735,25523.0,815.0,31.1163,21.4397,17.1606,5383.0,209.2032032524324,6.680273112515471,122.001,42.695,30.889,6.378066666666666,23.09060459820272,0.495701072671828,46.74,578032.0,13.2,34.4,52.4,70896.0,35317.0,22722.0,12.79694947845151,11.127680470035047,1.418914034866713,0.2008954576580689,54.7,0.0007071069999999,162.0,1.327959506448048,5.511310114557855,1.874788676877506,0.9499389122985301,1.8241322805142648,1.723253720447732,-1.6991845626252087,1.7523938969429587,4.375626408255969,0.710083154312645,-0.4030006192453832,-0.5658502470732977,0.8793329475416489,1.8912037898320708,3.0153095501118017,3.5907766757579513,-0.2287425132219992,-0.13732444984838374,-0.056284613007058816,0.33038864983556177,-0.5751994163046278,-0.4971353372085529,-1.562902590379429,-0.0004726070507119484,-0.012209644087900854,-0.07219617113471004,-0.5510746984013042,-0.25676665826855793,-0.1522277491679417,-0.07879425298888239,-0.1550067227768399,-0.10540736944569828,-0.11939424554041304,-0.20430766575504133,-0.199831013614312,-0.4570651085209099,-0.40103374660946445,7.430990562764927,15.95543530177325
605.9,28.6,26.7,3.3,7.68,349.5,6.06,13.72,0.83,7014.7,78.24,7.31,3.49,34.58,2219.0,256.8546320029293,2.864884657634566,27.31,10.63,6.92,6.91,1.80918779080694,0.4565479911105388,75.7,148886.0,2.978968581939072,42.82646793950212,54.19456347855881,46502.0,34131.0,20135.0,14.867372524025823,2.380954321306591,0.8667399117112345,0.2182642305946436,75.16,0.0421158364848365,216.8,3.660918839325508,1.850740022614288,6.147187016646687,0.15912563323974607,2.6501604099757965,-0.18785947175075593,1.8244059788373608,-0.9617171555353949,-0.16628788992296858,0.5856313871204231,-0.749966177036986,-1.2087480361557874,0.9640079606029515,-0.376616091377412,0.16284071521833546,0.5245862468378618,-0.6952152765681966,-0.1289241421750432,-0.7365136724586289,0.8828215879426958,-0.09607999930546329,1.6813921583777607,-1.0237626666094486,-0.26408630207025735,0.03486256220533165,0.06633551867213061,0.16242977455724036,-0.3862789537943893,0.09338160214480018,0.020131294766130885,-0.07196298894006725,-0.036678313338198265,0.08752880860275243,0.11878896957108154,-0.011134971883148085,-0.04323025734784647,-0.7410800780386976,5.7805073764679635,15.95543530177325
307.4,28.4,27.3,2.87,7.675,501.5,2.75,97.05,1.21,106381.0,2590.42,55.63,35.38,100.73,137331.0,610.4028000918064,14.863552903373884,174.27999999999997,73.07,53.35,21.39,11.545413701275482,1.3286396630675812,42.31,858592.0,16.673582357043852,41.11565010222189,42.21076754073426,42877.0,31410.0,15449.0,10.182451797210655,6.929020407132105,0.954641587443107,0.2674869382660009,92.11,0.0139818417793049,145.4,0.037467711934199066,2.7182212003863726,2.0286513460008426,-0.6030656241361675,1.6878171475526564,0.2203292440126341,-7.037502671047114,0.23821011621815433,-0.878016523416154,-0.16978429261595,0.027982481589230595,0.7045006868584703,-1.8470722562167794,-0.11799468698911386,-2.3490469521656636,1.1879594971433594,0.023274066509523905,0.04194983085772641,0.684302989613886,-1.3637651843950158,0.9469688402954488,3.5580419021006677,1.9389311177004132,0.0683710347954185,-0.0689818708676222,0.03349715862112727,0.0017794833611697314,0.17715873566766582,0.02387722954774918,-0.2929985748495287,0.0022798637564605726,0.20168118768371643,0.10371200460164487,0.027777627880374522,-0.048912054294099505,0.06085168923096148,0.008199790509728225,1.5491450015921144,15.95543530177325
331.5,28.3,26.8,2.28,7.7,1200.5,6.42,62.8682,0.7473,30465.0,544.0,23.7417,15.1611,35.7857,16160.0,391.6363496124131,6.993276684364113,77.789,31.907,28.226,8.037,12.555758966506351,0.9191379276851872,47.4,302484.0,8.8,57.3,33.9,63896.0,41068.0,18414.0,9.819277128486252,7.904115227830772,0.4381657992565056,0.2590222331408918,63.9,0.0958648073205075,46.8,2.90402403516074,1.7058613866350303,0.5466198899953935,1.9291937468006897,5.073183324158503,1.5937173395122712,4.383474936837641,0.16687542775490596,-0.1607856587941446,0.24895437893457753,-0.4089243977144356,-0.25612662757281274,0.4044999150543787,-0.4135418555171535,0.521382416919805,1.2402690904090812,0.035068894604531366,-0.17788760526260963,-0.42223759207486494,0.018662969915507126,-0.4281717499826727,2.3202973887293283,0.13784006956499115,-0.026318250958187555,-0.15680594616879992,0.22042735629715096,1.0020451252752298,0.24684834439462625,-0.28105882627734385,0.6697939757335307,0.0508504917410512,0.4748448851502814,0.44477933487544447,0.8225002993860592,-0.022950909213783916,-0.42438045011212483,-0.9264236712843795,-0.36411263306935665,15.95543530177325
307.4,28.4,29.7,0.905,7.305,439.5,4.835,97.05,1.21,106381.0,2590.42,55.63,35.38,100.73,137331.0,610.4028000918064,14.863552903373884,174.27999999999997,73.07,53.35,21.39,11.545413701275482,1.3286396630675812,42.31,858592.0,16.673582357043852,41.11565010222189,42.21076754073426,42877.0,31410.0,15449.0,10.182451797210655,6.929020407132105,0.954641587443107,0.2674869382660009,92.11,0.1635280990613012,101.0,1.3906278678914532,1.4045855773892253,2.357669755925114,-1.0034743393228076,0.0643420810221383,-0.6028786174859854,2.94878550638988,-0.1391237786614028,-0.4862501310153553,-0.7809595053441204,0.2959086280968039,0.8498063850278661,-0.5088655912938219,0.6276220790483057,-0.705072877497102,-2.31897873293298,0.39331558128818905,0.046138298134319466,0.5214367776876317,-0.6502667420528209,0.6875831739759696,1.484974035928026,0.6383758044421364,0.03161599989825207,-0.2439532762020824,-0.04769538880015426,-0.038961671143770214,0.014186351423462437,0.09173703427736961,-0.1350078195317961,-0.01671615493328593,0.0852103274563946,0.12210983949247767,0.16419346107635654,-0.06250660155899812,0.21828431670243528,-0.014938570236166404,-2.1744996780824537,15.95543530177325
69.7,28.6,29.4,3.185,7.529999999999999,440.0,3.65,126.195,0.9478,45899.0,1702.0,58.722,16.8508,63.7322,13048.0,223.4017181377917,8.284052468910467,205.455,93.926,30.942,16.87,33.16205965449566,1.7174502122943875,39.64,605389.0,14.2,42.9,42.8,42227.0,38884.0,17032.0,18.34775726355647,14.769191834162667,0.4028414498141264,0.4839945952585677,119.4,0.000707107,109.4,1.7121733430804067,2.122423802178043,3.284453841318221,-0.17586502750559405,1.4655594194990895,-0.3646245662836976,0.24645957851006375,0.6621358462392046,-0.4886948090760657,-0.05858380583114867,-0.1551844153429068,0.38627447028954837,0.22269344928208712,-0.3503502185239145,1.0159422805967429,-0.1612951830836633,-0.0679946117366977,0.00010436839268845866,0.6900300190271809,0.22000984115836508,-0.3602804819587617,-3.458736453295375,2.131123865544796,0.049971730102163825,0.08310922983878599,-0.035603847973980196,-0.0371080569457265,0.05784226622432431,-0.0619237336081766,0.27595131502021103,-0.04901329633158961,0.12089928444785321,-0.22316840779812383,0.26347555396767963,-0.06802489472863527,0.37523269801167825,-0.1698116782602542,0.2578262873707962,15.95543530177325
114.4,28.8,28.6,2.3,7.42,419.0,4.52,53.8484,0.7,22791.0,176.0,19.9075,9.7003,26.1024,22316.0,289.4793664503182,2.235459983996139,78.731,30.36,17.926,5.442,12.707805206288954,0.8544099046087655,49.59,270490.0,11.8,40.1,56.9,45128.0,39616.0,17109.0,9.127778739156234,7.347487394884943,0.1563167286245353,0.2407812308070261,59.4,0.3372408896038045,97.0,1.371449246336706,2.5924330763937906,2.008771831667206,-1.399234037436545,-0.21277657232712924,-1.1882856422523034,1.6131932170720151,0.02965032843562465,-0.34357042296634394,-0.04818893266841817,-0.6407073744727915,-0.5064818543436315,0.5513261471502481,0.004120569423151643,0.6417243346044174,0.7698237569350747,-0.921912545425196,-0.08055655392507706,-0.719972598000119,0.7171647481123604,-0.5153430329713352,0.5215497893234711,0.023398061657014118,-0.15658652948758855,-0.3488466867237971,0.06351260659595333,-0.12146610816940646,-0.5441821207913263,0.029078668439760664,-0.05123686667066041,0.02461588589785017,-0.16214488048572062,0.15963313226432843,0.2835364616072426,-0.23921968777508829,-0.34294190729502594,-0.13648977394526218,-2.4763984475440033,15.95543530177325
350.2,26.8,28.3,10.625,8.45,1078.5,2.18,97.153246,1.5051,22704.0,603.4405868680999,11.4219,8.4222,23.795409,18373.02,371.52675503190966,9.874661869875633,61.11,25.96,23.28,5.82,24.61494990856973,0.4775021872663257,65.5,193424.9506420834,3.786310606464182,52.02179642033601,44.19187938339238,90072.0,39502.4,26966.29,10.53622467854088,6.818367587891776,8.389512313189808,0.5234059869036483,82.8,0.000707107,19.4,0.1612803236837497,-1.7922945674726118,-1.0613129931680547,-0.4367164045060054,-0.5780102988223855,-0.3289321119710803,-3.4152214583009486,0.028036215157868898,-0.20939700023892005,0.41205248683225365,-0.37130610740433134,-0.6898874599610764,0.35095414342513925,-0.31612237429556755,-0.08052760876249504,-0.02006082044759123,-0.11980608340663212,-0.07112937641330054,-0.03805888336927937,0.17072778064912783,-0.24832040921784929,-1.1083379633375445,-0.7573826789405814,-0.11453405999423312,-0.015465748395460359,-0.03403180118494981,0.06878724785211186,-0.014613143382594,-0.26892661760716385,-0.025003922244844334,-0.09935042998598265,0.029305890522276234,0.06159507856549068,-0.5611136167713752,0.011699856946555428,-0.057864637101689854,-0.009967904201087976,-4.379442924283601,15.95543530177325
27.0,3.0,7.7,16.884999999999998,8.47,250.5,3.6,94.75,0.975,80886.0,573.0,36.035,30.6179,69.9425,59746.0,503.33227546810537,3.5656280919222656,160.701,59.489,57.403,13.697,44.04493523854282,0.7705005543685988,37.51,683165.0,24.81513784080998,29.71825110917296,45.46661105001707,37563.0,37438.88,16936.21,15.717915646179634,15.449625511761106,1.4422353381379165,0.3216419673452932,70.17,0.1909981261632336,1.2,-0.2670705695543436,-1.2213456705088415,-3.2607452628125126,-0.4142571131590134,-0.5488654847450866,0.10001833883502216,-0.565309336207186,-0.05561776688632864,-0.3249607221921906,-0.13613974450000868,-0.008370504387033439,0.01739340096479275,-0.1738953941641377,-0.12034181388715887,-0.21088850911085788,-0.996822430343988,-0.19181883589054174,-0.015838446921358426,-0.01620148734810442,-0.5618015000705298,-0.08889743781493348,-1.9081126837913567,-0.2790190293655421,-0.05440284129387379,-0.024546760268664657,-0.058999948146908225,-0.1687066953256726,-0.048258024925987,0.034360275097812226,0.01412173799782361,-0.014347317096156298,-0.13534310340726127,-0.4896603604654471,-0.03244467700055482,-0.06154042071973272,-0.125720089894409,-0.10827943617322805,-3.4009732019373526,15.95543530177325
16.0,3.3,7.2,9.945,8.370000000000001,809.0,4.39,79.7603,1.3218,37783.0,436.0,32.0201,11.986,58.2589,19506.0,317.1284444481749,3.659529465087586,119.14099999999998,45.663,16.368,14.3018,22.549304697785008,0.6391463480032891,44.35,477241.0,11.4,37.1,51.5,71561.0,34380.0,21443.0,14.98400185022494,14.347792906389309,1.8324918038196647,0.2479057292855512,67.5,0.3794672560358734,9.8,-0.021588447097067975,-1.721505582622873,0.76042960942102,-0.4274947389510149,-0.5175362641441948,0.15891862032003692,1.5995215022431999,0.15268536314523481,-0.4947514575230889,0.023214971606309493,-0.33824818939281,-0.30558700798545013,0.2653682243342819,-0.3394279700641832,0.20748933520323273,0.31884828191871467,-0.42088383312957967,-0.05272557664507418,-0.03849898374949884,0.035405158051289576,-0.3742434488298991,-0.8358073270584768,-0.6255561176345997,-0.24313668544093772,0.10220773485178751,0.021032049804925568,-0.004222822099303404,0.10086684704137348,-0.3673853415452564,-0.14266431803504623,-0.10672586568631226,-0.6761649493065972,-1.2241412414687998,-0.08487227065488663,-0.17879332052078076,-0.19551348471393193,0.1043855957011693,-7.508162462215405,15.95543530177325
11.0,2.5,7.4,13.59,8.344999999999999,1163.5,5.85,86.2176,3.9735,25523.0,815.0,31.1163,21.4397,17.1606,5383.0,209.2032032524324,6.680273112515471,122.001,42.695,30.889,6.378066666666666,23.09060459820272,0.495701072671828,46.74,578032.0,13.2,34.4,52.4,70896.0,35317.0,22722.0,12.79694947845151,11.127680470035047,1.418914034866713,0.2008954576580689,54.7,0.5449835525267653,46.0,-5.729048015299099,0.5097232750314288,1.19182113832018,0.45523052451355994,-0.8672863711230457,-0.12818618816323576,1.003965964720119,0.05303369199701909,0.25921330104349144,0.3463473343693962,-0.16682362015359087,-0.057010617788570604,-0.08999423920797782,-0.31774194359158453,0.18927835268744575,1.8731526655082904,-0.07269659844382355,0.06402953771098208,-0.0165923036743576,0.23325305579385414,-0.4816407307765133,-0.7398678769761075,-0.6137520567156995,-0.05333541260256136,-0.10659531808613483,-0.025178803621480766,-0.008429355686530285,-0.14639823817647998,-0.07063996599831952,-0.20053222004091364,-0.07798410532685618,0.2898063639256479,0.12056033870050058,-0.10855509961179137,-0.23660103186499307,-0.3901700464566238,0.14645627155744792,1.9409152121438336,15.95543530177325
16.0,4.7,5.8,16.335,8.58,1070.5,7.39,13.72,0.83,7014.7,78.24,7.31,3.49,34.58,2219.0,256.8546320029293,2.864884657634566,27.31,10.63,6.92,6.91,1.80918779080694,0.4565479911105388,75.7,148886.0,2.978968581939072,42.82646793950212,54.19456347855881,46502.0,34131.0,20135.0,14.867372524025823,2.380954321306591,0.8667399117112345,0.2182642305946436,75.16,0.4310707626936481,55.6,1.5480470482927435,1.8226373504040148,2.103063493895655,-0.11847792245137168,-2.193033573267361,0.1173310229570294,1.6262374157016168,-0.48430537634373977,-0.10972283681233767,0.32979180056136115,-0.3368564079189673,-0.6174063438751423,0.27285483339801436,-0.22974310231162196,0.12382455929803353,-0.1584576862196747,-0.4510277703171595,0.036587872680586976,-0.4231384768911324,-0.17156556554449134,-0.07460905768132482,0.9820146415615452,-0.5404897488312175,-0.08956965229163583,0.1590995462797579,0.037684070197865425,0.08446772767851736,-0.2735197128277895,0.019336582197186925,-0.35040124971109105,-0.16847594641304253,0.19139706230567186,0.3360218752920627,-0.04680670770661299,-0.2404494365522014,-0.2995161788181087,0.2103620975930244,-0.4840017983053501,15.95543530177325
21.0,3.6,6.0,11.239999999999998,8.254999999999999,1068.5,5.37,97.05,1.21,106381.0,2590.42,55.63,35.38,100.73,137331.0,610.4028000918064,14.863552903373884,174.27999999999997,73.07,53.35,21.39,11.545413701275482,1.3286396630675812,42.31,858592.0,16.673582357043852,41.11565010222189,42.21076754073426,42877.0,31410.0,15449.0,10.182451797210655,6.929020407132105,0.954641587443107,0.2674869382660009,92.11,0.3765393955780732,120.8,2.896061291716373,2.4145969257705526,0.4644806003586079,0.15072951627972828,-0.9596936256438499,0.7556701817565289,3.349543428609613,0.47298526704156146,-0.4170744086289779,-0.6330714298800261,0.8490140469667194,1.361155982959705,-0.6160934194161862,0.28465065444353965,-0.5701183961518107,-1.126211729972468,0.9543881191538337,0.054407945199248665,0.5473297556668207,-0.3919565788734087,0.7805918658121181,2.070279323922005,0.8232207622022062,-0.05005312708827351,-0.3717577412289877,-0.23925150175811702,-0.05587337540152171,0.10769877868083617,0.1091135526945195,-0.18677786737059585,-0.00831017416591425,0.7515605526068247,1.009304767440384,-0.09407812561218905,0.002499446426518004,-0.381836708568347,0.5925009123872343,2.081522939608743,15.95543530177325
22.0,3.1,9.8,13.489999999999998,8.15,2355.0,17.85,62.8682,0.7473,30465.0,544.0,23.7417,15.1611,35.7857,16160.0,391.6363496124131,6.993276684364113,77.789,31.907,28.226,8.037,12.555758966506351,0.9191379276851872,47.4,302484.0,8.8,57.3,33.9,63896.0,41068.0,18414.0,9.819277128486252,7.904115227830772,0.4381657992565056,0.2590222331408918,63.9,0.5203674571259791,41.8,-0.3054791452797752,-1.1344217271807913,-1.950999674407455,-1.072899947687984,0.12812549172978246,-5.12204017418592,-0.17271922208368787,0.03767233352797743,-0.19130809993638329,0.08368640031743181,-0.05359168875807257,-0.11175710901928444,0.234775002285217,-0.12404041353069861,-0.08906118122705563,-0.18175674181431514,-0.09790019591183712,-0.04434076332331945,-0.11863325019987912,0.19887616329904023,-0.6026512437763936,-0.08155944174155601,-0.015365161273318037,0.024207904306240396,-0.1434828217521619,0.002166474535285063,0.1731052182801068,0.03174991845618938,-0.21831397373539696,-0.04532149927457795,-0.041920544385599494,0.12112674635990213,-0.0518219111013846,-0.09995764981179184,-0.10640973668235047,-0.016226069366869874,-0.008070729972484208,-4.75942932288628,15.95543530177325
21.0,3.6,5.7,12.515,8.195,1158.5,6.7,97.05,1.21,106381.0,2590.42,55.63,35.38,100.73,137331.0,610.4028000918064,14.863552903373884,174.27999999999997,73.07,53.35,21.39,11.545413701275482,1.3286396630675812,42.31,858592.0,16.673582357043852,41.11565010222189,42.21076754073426,42877.0,31410.0,15449.0,10.182451797210655,6.929020407132105,0.954641587443107,0.2674869382660009,92.11,0.4846066775398466,33.6,0.20772781996832532,-0.33000533937166127,3.2416933254478497,1.9265182076332472,0.2099006338813341,0.5950462588396234,2.066367396961432,0.34482030940242087,-0.2540238282068947,0.3035402481164782,0.02819298076753814,0.08045812848800216,-0.42870486542427316,-0.2982194105675439,0.11247816520587883,-0.3795186503867927,0.5581275654211644,-0.030577050099770558,0.14874995306755134,-0.3529714724281803,0.3846748260517294,0.5119084723169607,1.2612624826359873,0.12923879742001487,-0.12365783799129242,0.17430303468989858,0.06146765716994832,0.3880660671927038,0.12694907911121855,-0.02201794336549952,0.12760711853392412,1.5035576188541018,0.6952105818782002,0.21169890529398483,0.1788547330163421,0.21087851491911938,0.48843007099038555,-6.842557975614909,15.95543530177325
17.0,3.8,7.2,13.705,8.455,982.0,7.16,126.195,0.9478,45899.0,1702.0,58.722,16.8508,63.7322,13048.0,223.4017181377917,8.284052468910467,205.455,93.926,30.942,16.87,33.16205965449566,1.7174502122943875,39.64,605389.0,14.2,42.9,42.8,42227.0,38884.0,17032.0,18.34775726355647,14.769191834162667,0.4028414498141264,0.4839945952585677,119.4,0.98,59.4,1.0450732139280685,1.6785321886915094,1.39332191200306,-0.6230154914114002,-0.19473661055943628,1.4674515115035074,1.6557004242778446,0.42628223305568086,-0.20433602873546355,0.4010787621854497,-0.20914289933784613,0.15505466599327802,0.00491981360285217,-0.14108036346267908,0.08177047275317213,0.18698528790225621,-0.26507000351945603,-0.0276297351842123,0.0686377522628756,0.281314947968349,-0.15634638849645843,-1.5675260258869574,0.8199898830956472,0.13370521529732873,0.07715580065734733,0.035447882344015115,0.06822670376704391,0.10759499111988895,-0.07501647903118284,0.037282008393667354,-0.037637251527048665,2.0829346753610296,-2.0807326251951364,-0.009613362077313151,0.39381529314133035,1.6940724352855856,-0.5711818093930682,0.7590829059497141,15.95543530177325
26.0,4.3,7.6,10.23,8.135000000000002,1123.5,5.73,53.8484,0.7,22791.0,176.0,19.9075,9.7003,26.1024,22316.0,289.4793664503182,2.235459983996139,78.731,30.36,17.926,5.442,12.707805206288954,0.8544099046087655,49.59,270490.0,11.8,40.1,56.9,45128.0,39616.0,17109.0,9.127778739156234,7.347487394884943,0.1563167286245353,0.2407812308070261,59.4,0.1517945863315601,49.8,0.7635429092574242,1.85772622632018,4.222383044702001,1.5583939164799323,1.9542296929005536,0.5391990579540532,3.9385768623603514,-0.8166163175289213,-0.9334857970057059,0.10717461205863639,-0.2803903559378038,-0.09285299867701997,0.6822569759376348,0.2503309731402749,0.1570214291413626,1.6559222597892707,-1.2451537341189878,0.002605401887558534,-0.35681225719085563,0.21300413693922313,0.3095931462602068,1.1096338117728008,-0.36450509553464755,-0.041332343189666686,0.9309712368265414,0.19381695894834886,0.3201125324486442,-0.2395833735478418,0.3947118710338448,0.6688968518779924,0.32966745411511483,0.5119653919463355,0.6903488667169583,0.5299315953332308,0.04500584954706355,-0.27633746479948385,1.5755997679413607,1.3315308281950033,15.95543530177325
6.0,3.1,7.9,11.13,8.28,1119.5,7.6,97.153246,1.5051,22704.0,603.4405868680999,11.4219,8.4222,23.795409,18373.02,371.52675503190966,9.874661869875633,61.11,25.96,23.28,5.82,24.61494990856973,0.4775021872663257,65.5,193424.9506420834,3.786310606464182,52.02179642033601,44.19187938339238,90072.0,39502.4,26966.29,10.53622467854088,6.818367587891776,8.389512313189808,0.5234059869036483,82.8,0.000707107,12.2,-2.4359554183498644,-1.10442894292064,-2.371498420187272,-0.912048968047214,-0.7652400702036299,-0.3779805742281801,0.3945943849673494,-0.12781794709153463,-0.2438161048106848,0.20760747705120608,-0.12179891215947765,-0.8401152420276774,0.21475686546259887,-0.1608975979033856,-0.059591166432946895,-0.15960183344393353,0.12914995116802555,-0.0021292601370566135,-0.1030758801428598,0.05539563193141168,-0.07732191479454441,-0.44639885792663936,-0.3912965651562748,-0.11931728637001172,-0.08714027401835978,-0.0019756015809252038,0.015896391284186455,-0.05549668529381344,-0.2780862713217115,-0.025456991877096394,-0.10589126867086941,0.02225365404505279,0.0035438353428616075,-0.7275711385191729,0.0015831407027630852,-0.0775142156759587,-0.005128293725040937,-4.786115688087884,15.95543530177325
33.0,18.7,14.9,12.5,8.42,506.0,2.95,94.75,0.975,80886.0,573.0,36.035,30.6179,69.9425,59746.0,503.33227546810537,3.5656280919222656,160.701,59.489,57.403,13.697,44.04493523854282,0.7705005543685988,37.51,683165.0,24.81513784080998,29.71825110917296,45.46661105001707,37563.0,37438.88,16936.21,15.717915646179634,15.449625511761106,1.4422353381379165,0.3216419673452932,70.17,0.2269071718495843,12.8,-0.16742472902406003,-3.0162549300771206,-3.2134828469910044,-0.2623300417109082,-0.4378728506908131,-0.1116269250780656,-1.7311957944603638,-0.054237765888683474,-0.16216954761339974,-0.013034604582935448,-0.2409655504557302,-0.04872520723535371,-0.3990490552193175,-0.1258656276242498,-0.11620143965585149,-0.3852779690905784,-0.23821165256047003,0.03794432572089149,-0.1083855142475416,-0.3604332867823541,-0.12458867685093226,-0.7180666061133768,-0.396851677284576,-0.004141840847830072,-0.04674205467881006,0.02997371183397891,-0.3414360474795102,-0.03829457327413067,0.01165062445371085,-0.03559612695282951,0.004488279875367821,-0.13665259231192353,-0.46484273685608074,-0.017909677831921763,-0.051144926074581765,-0.1420887981370713,-0.03036962595302593,-2.2711323108749153,15.95543530177325
13.0,19.4,16.8,12.510000000000002,8.375,1018.0,4.88,79.7603,1.3218,37783.0,436.0,32.0201,11.986,58.2589,19506.0,317.1284444481749,3.659529465087586,119.14099999999998,45.663,16.368,14.3018,22.549304697785008,0.6391463480032891,44.35,477241.0,11.4,37.1,51.5,71561.0,34380.0,21443.0,14.98400185022494,14.347792906389309,1.8324918038196647,0.2479057292855512,67.5,1.198789525393494,73.8,-3.561270193213907,-2.4281695748105023,-3.88623653988121,-0.532905579265207,-0.6122650163108484,-0.45156735048163665,0.6343739871742825,0.006358324787579496,-0.23016257018937403,-0.02127393162731688,-0.3143357461923731,0.08379226686200121,0.10739081631492191,-0.17281837165898964,-0.0024178069216818907,-0.07047842940160397,-0.07176240973950676,0.03657689188451827,-0.017944985458161786,0.24527504326620464,-0.39000852455540214,-0.5400410720185996,-0.2100109596767773,0.013993502591426038,-0.10949696559303755,-0.02569998933623231,-0.19067158951812094,-0.06839822408587988,-0.14866078078125924,-0.16307771706643218,-0.047199118567320286,-0.09652243715633324,-0.20709525845867258,-0.0711286068800836,-0.13005764948204177,-0.1784576507921641,-0.15826321712772676,-1.9459486168374616,15.95543530177325
9.0,19.2,23.6,14.19,8.595,1340.0,1.97,86.2176,3.9735,25523.0,815.0,31.1163,21.4397,17.1606,5383.0,209.2032032524324,6.680273112515471,122.001,42.695,30.889,6.378066666666666,23.09060459820272,0.495701072671828,46.74,578032.0,13.2,34.4,52.4,70896.0,35317.0,22722.0,12.79694947845151,11.127680470035047,1.418914034866713,0.2008954576580689,54.7,0.621934958090488,117.8,-2.048934893782716,-1.6937784966345255,-3.155114690955573,-0.41067067198765767,-0.765635665061418,-1.579362268645782,-2.8253989267613115,-0.027126299586767887,0.015767360126289136,0.16667895321656645,-0.0492971914773808,-0.06988729216313617,-0.04408905498683461,0.011071554850010712,0.021573591848524837,-0.04686684016681581,-0.09362297884499032,0.009360448298975779,0.0349997379304841,-0.07963075704562143,-0.4145312268969912,-0.5171023558476008,-0.19910867937374868,-0.007881176004496684,-0.055209360852992884,-0.040766335690083484,-0.035949111188917075,-0.10341759962184978,-0.07993216919557496,-0.1815258852439002,-0.059460864982878274,-0.05829827686306085,-0.0979939199921983,-0.1313681119532944,-0.11891438211314387,-0.17842851831344886,0.04694290387832261,-1.064546751427309,15.95543530177325
15.0,20.5,17.9,9.925,8.280000000000001,1136.0,4.21,13.72,0.83,7014.7,78.24,7.31,3.49,34.58,2219.0,256.8546320029293,2.864884657634566,27.31,10.63,6.92,6.91,1.80918779080694,0.4565479911105388,75.7,148886.0,2.978968581939072,42.82646793950212,54.19456347855881,46502.0,34131.0,20135.0,14.867372524025823,2.380954321306591,0.8667399117112345,0.2182642305946436,75.16,0.0312052674278546,91.4,-3.709677642195796,-2.193649066674212,-3.5223640594538304,-0.6790235390979795,-0.5444796476598519,-0.3186322940257376,-0.5483978901617227,-0.3711409043264577,-0.022366551859304296,0.2884700205976454,-0.208844838271228,-0.5552001934646007,0.10890281632542609,-0.20226109644242865,0.35676745443682484,0.06789601844657847,-0.05543584693068002,-0.19091847546243426,-0.5918582322378645,0.07950806000580389,-0.5418515020282939,0.2984378067784321,-0.4667620572533145,-0.1719040074486596,-0.060861236768153686,0.04249671416201952,0.006512686635833094,-0.19228726128116247,-0.013269716269957378,-0.1594613186921925,-0.0905715196952222,-0.01436728856060654,0.11359795515580702,-0.05100311432965094,-0.11672618107792614,0.007559829312376712,-0.1334092461729113,-1.5741349847738941,15.95543530177325
46.0,19.0,18.4,7.425000000000001,8.035,1133.5,1.85,97.05,1.21,106381.0,2590.42,55.63,35.38,100.73,137331.0,610.4028000918064,14.863552903373884,174.27999999999997,73.07,53.35,21.39,11.545413701275482,1.3286396630675812,42.31,858592.0,16.673582357043852,41.11565010222189,42.21076754073426,42877.0,31410.0,15449.0,10.182451797210655,6.929020407132105,0.954641587443107,0.2674869382660009,92.11,0.0694498464226269,71.4,-0.08800486550200719,-1.786229514232837,-3.4511964383271216,-0.4301163641184878,0.1897856543057909,-0.4421595676569268,-3.1799985492268266,0.1282802084934276,-0.16451684494735672,-0.12334825069022685,0.006577353357182227,0.2070060362278794,-0.47516655001634106,0.13922845309134568,-0.5371396716008894,-1.9642683247282793,0.3647935788022974,-0.03132802572567004,0.07942892543195461,-0.13094072030236334,-0.082453932814921,0.20437483371002604,-0.1979145373256569,-0.019890949275965426,-0.2422306194063275,-0.027388438528869064,-0.042387797407185096,0.022582867513410498,-0.032863449957997636,-0.19981569183912748,0.0629888070452337,-0.07875120131531722,0.04740121937744948,-0.03191367921885107,-0.05020723323415341,0.040003335181778815,-0.9448217353768024,-2.6592409429280086,15.95543530177325
19.0,18.6,21.0,12.24,8.32,2660.0,12.6,62.8682,0.7473,30465.0,544.0,23.7417,15.1611,35.7857,16160.0,391.6363496124131,6.993276684364113,77.789,31.907,28.226,8.037,12.555758966506351,0.9191379276851872,47.4,302484.0,8.8,57.3,33.9,63896.0,41068.0,18414.0,9.819277128486252,7.904115227830772,0.4381657992565056,0.2590222331408918,63.9,0.4366754532612953,71.6,-0.28768544860494644,-2.0795965093684696,-3.465786592688722,-1.127112388148283,-0.8667979907686822,-4.048334168924485,-0.15152729524842778,-0.08340698770480237,-0.12182262771142027,0.2999780755039925,-0.1188774821938325,-0.32142005801666523,0.10997520481081065,-0.08887794013290355,0.19760146640396367,-0.31000201853147386,-0.25094899348448957,-0.0024183610562854545,-0.08659230269336453,0.11666932010247048,-0.339535208712332,0.08733194094461705,-0.24382720116913925,-0.006071257009170802,-0.04119236732367404,-0.0006130678493840464,0.08383214209539203,0.01949731511995211,-0.12675198655109854,-0.036202649505187985,-0.040402558064088254,0.023869359059414536,-0.07318376700238644,-0.0006501283838103606,-0.01053087583277367,-0.20530020567898963,0.02668976439163098,-2.354864980369651,15.95543530177325
46.0,19.0,18.7,9.575,7.970000000000001,1199.0,3.73,97.05,1.21,106381.0,2590.42,55.63,35.38,100.73,137331.0,610.4028000918064,14.863552903373884,174.27999999999997,73.07,53.35,21.39,11.545413701275482,1.3286396630675812,42.31,858592.0,16.673582357043852,41.11565010222189,42.21076754073426,42877.0,31410.0,15449.0,10.182451797210655,6.929020407132105,0.954641587443107,0.2674869382660009,92.11,0.2481863927437484,86.0,0.11778917515339955,-4.723491788301618,-2.922993032332355,4.619805317722881,1.5109044872721034,3.4371543597600733,-0.9614848942402752,0.3268994119623676,-0.31479294349594644,-0.5452089578441033,1.1976696441539871,0.6534160479484128,-0.928420528268131,-0.09723153184478472,-0.7128297066401378,-1.2828888739847268,0.9154361362522468,0.17304946437943702,0.5632883787822601,-0.7928367632146305,-0.01992317692066233,2.0347884931182487,1.6599980406432102,0.23551767456888548,0.3161545427764458,-0.20458532670202337,-0.22009935048486415,0.5206907584549242,-0.048198925360726785,-0.38981532990311546,0.05447407701984044,0.4685799102454135,0.4103972650583214,-0.5964449509295324,-0.2262721593740086,0.1514137688015276,0.41158955371317757,-0.4300371311201403,15.95543530177325
28.0,19.1,18.5,8.9,8.17,1195.5,5.28,126.195,0.9478,45899.0,1702.0,58.722,16.8508,63.7322,13048.0,223.4017181377917,8.284052468910467,205.455,93.926,30.942,16.87,33.16205965449566,1.7174502122943875,39.64,605389.0,14.2,42.9,42.8,42227.0,38884.0,17032.0,18.34775726355647,14.769191834162667,0.4028414498141264,0.4839945952585677,119.4,0.1399999999999999,57.8,0.24773511486593636,-2.626022164781267,-3.1901745152069876,4.2081285791409515,1.1246809976625567,4.107223117916534,2.0337811028910804,0.3150755185478678,-0.21519054425414638,0.05848602640442537,0.1307517531327904,0.21699945361819098,-0.054813018647643486,-0.2142821131149928,-0.005859880220766001,0.10522493801390163,-0.02001618929672951,0.10312405024344706,0.10347679007953665,0.01986326531351834,-0.022162619441126925,-1.300898051438077,0.6859235334567102,0.7245715897204357,0.24565802467366069,0.2402960725951319,0.4642395505728197,0.5684333522291857,0.28310459314379843,0.525803749693247,-0.029583991686813915,-0.5711378332925957,-0.9198667128772167,0.1624532105261464,2.2628122597521485,4.995847110309017,-0.4782353423256429,1.136833799458109,15.95543530177325
16.0,20.0,18.5,8.765,8.075,1162.5,2.44,53.8484,0.7,22791.0,176.0,19.9075,9.7003,26.1024,22316.0,289.4793664503182,2.235459983996139,78.731,30.36,17.926,5.442,12.707805206288954,0.8544099046087655,49.59,270490.0,11.8,40.1,56.9,45128.0,39616.0,17109.0,9.127778739156234,7.347487394884943,0.1563167286245353,0.2407812308070261,59.4,0.3203209195609928,108.0,0.6430446958557393,-2.752026371190635,-3.3740592809277588,5.208197624503324,1.29333183232074,5.503134454653288,-6.63732102334189,0.14515203219139963,-0.4219701167366776,0.5481013744526232,-0.06518529164294422,-0.07549268805577097,0.8538962581862387,0.7165561709040779,0.23226034491788597,1.5897959533690786,-0.21431950925538937,0.39298751737301507,-0.2575002320188409,0.421281305680362,-0.5859915728432435,0.8780921502100926,0.7993638750165702,0.03127787974352616,1.2037407462966316,0.31303186873905336,0.30847379366401606,-0.20402752269525126,0.3848397215222939,1.023639661941367,0.40903984219767153,0.6666588068831092,0.35437145006066845,0.9654546549807611,-0.2857878338173036,-0.2696272674653057,0.696179578180114,2.511474041058682,15.95543530177325
4.0,19.6,13.6,11.905,8.355,1489.0,6.84,97.153246,1.5051,22704.0,603.4405868680999,11.4219,8.4222,23.795409,18373.02,371.52675503190966,9.874661869875633,61.11,25.96,23.28,5.82,24.61494990856973,0.4775021872663257,65.5,193424.9506420834,3.786310606464182,52.02179642033601,44.19187938339238,90072.0,39502.4,26966.29,10.53622467854088,6.818367587891776,8.389512313189808,0.5234059869036483,82.8,0.000707107,9.4,-2.706624805091415,-1.359630277714847,-3.1630052599008196,-0.9897301040698463,-0.8183579612026611,-0.9505020392065245,0.10831000027867659,-0.00492361533843589,-0.050494568688639614,-0.05403962785300479,-0.25520599210790035,-0.43639429705372684,0.034300975330794764,-0.10512248939058434,-0.09311593382696925,0.29636120076912165,0.009285577211218553,0.010483811713444681,-0.14785390474290283,0.08415304385280842,-0.3412818995234555,-0.6578810195438566,-0.8094567633668581,-0.15299772018721944,-0.1623431436329458,-0.028794446914301608,0.0753746296783598,-0.011405780689480493,-0.21278407734042648,-0.05668906518723837,-0.14985857782963038,0.11062321111327045,0.0026976705940129574,-0.6594247883418575,0.0020260396033215645,-0.07815033522900212,-0.0055765511879387235,-2.1999651461063574,15.95543530177325
