PREC,T_M,T_W,DO,pH,COND,DOC,GPAM,WS,FER,PES,MO,CO,VE,FR,FERA,PESA,TSA,WA,CA,VEGA,IRR_W,AGR_W,UR,GAO,PR,SR,TR,GDP,UI,RI,UR_W,RU_W,IND_W,LIF_W,POP_TOT,Soil_DN-IMI_agg,IMI,PREC_shap,T_M_shap,T_W_shap,DO_shap,pH_shap,COND_shap,DOC_shap,GPAM_shap,WS_shap,FER_shap,PES_shap,MO_shap,CO_shap,VE_shap,FR_shap,FERA_shap,PESA_shap,TSA_shap,WA_shap,CA_shap,VEGA_shap,IRR_W_shap,AGR_W_shap,UR_shap,GAO_shap,PR_shap,SR_shap,TR_shap,GDP_shap,UI_shap,RI_shap,UR_W_shap,RU_W_shap,IND_W_shap,LIF_W_shap,POP_TOT_shap,Soil_DN-IMI_agg_shap,IMI_shap,base_value
172.8,27.3,27.8,8.74,7.960000000000001,475.5,4.51,46.39,1.9696,37903.0,493.0,18.997,12.4084,46.2737,14888.0,438.5652299681805,5.704367949088805,86.425,31.048,20.027,9.119,23.6873667742644,0.5198347645921357,40.86,412043.0,11.40105756416319,43.837324276686296,44.76161815915051,46146.0,36086.43,16572.17,12.426995927713286,10.42342201495799,1.8765437977532649,0.2308378149566619,50.36,1.9341593167066704,14.2,-71.48297136041141,-17.335641038186928,-20.644369577578427,-2.7170063641717834,-6.195159358097396,-31.5992411165211,0.7721396187087525,-3.31067836839861,-1.3161250277247747,-1.4584407512044228,0.584381157981698,1.2398359233827805,-3.258439279468343,-0.5954962739588998,-0.09436491884291381,-1.7665097173617692,-0.7073295877935979,-0.23841193212817272,-0.6401839470483072,-1.1384787437603034,5.3537307963415515,2.2213047914400996,-0.03188627654492535,1.2209545558729853,3.4356734292791216,0.48506580530277815,-0.6225648243876646,0.3435848434444055,-0.984164083672995,-0.5956792487526184,0.07716760510656616,0.12170201725947333,0.5270921053737397,-1.078917122000519,-0.0005124998659190022,-1.6778779941556643,2.714783311177358,-21.463373978861682,171.9172617459856
172.8,27.3,28.3,8.195,8.21,372.0,2.49,46.39,1.9696,37903.0,493.0,18.997,12.4084,46.2737,14888.0,438.5652299681805,5.704367949088805,86.425,31.048,20.027,9.119,23.6873667742644,0.5198347645921357,40.86,412043.0,11.40105756416319,43.837324276686296,44.76161815915051,46146.0,36086.43,16572.17,12.426995927713286,10.42342201495799,1.8765437977532649,0.2308378149566619,50.36,1.082305525153899,15.2,-31.38087655034499,-11.51298390164874,-22.607170546725005,-1.4705057163303723,-1.221804915365453,-21.30360184532571,0.30750201590786125,-1.3552810905959143,-1.317416868864094,-1.531085450920509,-0.555627034101441,0.6459290719127361,-1.6035010147044293,0.617319364690725,-1.3489180958317573,-0.9070474525867023,-0.16759343209715175,0.0065618306627342375,-0.5124227628274819,-0.3251044376807614,0.9267695063478714,0.6060734064093171,-0.07941493529942978,0.19143919543828805,1.379344293924901,0.556048206679599,-0.17269390359346182,-0.6309357506537355,0.3558411198136533,-0.7689073700710064,0.3606007440624915,0.23184911779826325,1.2985534147697064,-0.2649941681965678,0.05205800071281069,-2.0465059547506574,-18.87353636327083,-57.47681094338905,171.9172617459856
221.9,27.5,28.1,9.205,8.59,278.5,4.34,41.8,0.9984,37631.0,382.0,12.2266,9.8512,26.4183,120170.0,481.9852705731668,4.89273134806276,78.075,30.563,28.728,4.991,21.398798506227283,0.8755846807233554,35.03,369846.0,16.504901960784316,31.65686274509804,51.83823529411765,26213.0,35691.1,13158.53,16.539135979595088,17.556710821702243,1.1884593356762363,0.355470066518847,77.55,0.4452915324977993,0.040305087,-56.886238965860485,-27.112395592360603,-41.83931327522577,-1.9495634861065396,14.187120005183388,-4.332791921159951,1.6833176989702023,-4.965125275116494,-3.0236509497514135,0.2601369709839739,-0.10732860768136343,-1.0556294049877517,-0.8405811720388012,3.696285010193629,1.0422739497929183,-2.1930555609780513,-0.6662555792143882,-0.4876708333077849,-1.0864801491059703,-0.383303946937668,7.189027198985766,2.779947178076642,-3.311907873726838,0.2780339933970643,3.7947129627406415,1.8647080118798964,3.9778487523971138,0.5098825222630238,3.949467856668635,0.8509837457374676,0.8956557464467672,-1.8124578248236032,-4.7902870863109515,1.422140647789926,0.5896635253754607,-0.16623846147170665,-33.779563198049246,-30.064553411414767,171.9172617459856
289.5,27.4,30.5,9.735,8.254999999999999,484.0,5.28,6.34,0.062,5772.0,77.0,1.413,0.9294,11.2908,1379.0,654.421768707483,8.73015873015873,8.82,2.541,2.176,2.684,2.417385883124235,0.1122410186812435,81.11,43475.0,1.100962322622737,39.02707551786005,59.87196215951721,72144.0,42390.12,23847.44,16.617634982053918,2.250591120086632,1.7613416385502103,0.1556184237048982,33.95,0.6535970093832635,10.4,-61.36001398279157,-7.223452606019563,3.2085615390671105,-4.760085561680998,-1.1032032874971602,-25.352853839661694,0.3393071414390583,-1.9704615050241896,-2.097744775010895,-0.47701096247183195,-1.9678467955587744,-1.3755430363103127,-0.3932774925243571,2.5066844385256983,-3.018187056661121,1.3003408527506206,-0.3654809791462819,0.2307643987991217,-1.3552149249023453,1.6710511490419353,3.7269538174402754,-0.2256346157550203,1.2037014114629705,-3.0398934992177717,-0.26450071548267157,-0.696737516981861,1.1861224178034662,2.557800005611112,-3.0958956772729294,0.22475655908269454,-0.5984758433940197,-0.5317176304835202,0.07675294509235027,-0.347592634278502,-0.16139787299286787,-1.0792136050673433,-45.10607167946717,-22.15219489530777,171.9172617459856
605.9,28.6,26.7,5.645,7.609999999999999,381.5,3.76,13.72,0.83,7014.7,78.24,7.31,3.49,34.58,2219.0,256.8546320029293,2.864884657634566,27.31,10.63,6.92,6.91,1.80918779080694,0.4565479911105388,75.7,148886.0,2.978968581939072,42.82646793950212,54.19456347855881,46502.0,34131.0,20135.0,14.867372524025823,2.380954321306591,0.8667399117112345,0.2182642305946436,75.16,7.125476864303916,139.8,-163.15944172158333,-10.200325224314577,6.681883408925887,49.50092071043908,-2.12929238772951,-43.2519602984454,25.39909149089013,-9.077938733852939,-3.9757688896668433,-0.3047611920690782,-0.7621382611027593,-8.256585196388183,3.9569121225154924,14.037312103560739,8.572486651826962,4.466715652408703,-4.96148246047087,-1.521423694853824,-6.540936648203062,5.1747833390863756,7.410484217385915,6.412292659702555,8.746403913764135,0.4165786130120995,-6.2084897692532595,-25.836583165076252,-8.903814063371,4.945575068976805,2.9922269161293946,4.641620998593665,-1.4336886791504633,1.465528205486482,10.095378142360131,0.8458651720235767,-0.687373413896809,3.534147042382194,89.48318161239149,170.12912354283074,171.9172617459856
331.5,28.3,26.8,2.28,7.7,1200.5,6.42,62.8682,0.7473,30465.0,544.0,23.7417,15.1611,35.7857,16160.0,391.6363496124131,6.993276684364113,77.789,31.907,28.226,8.037,12.555758966506351,0.9191379276851872,47.4,302484.0,8.8,57.3,33.9,63896.0,41068.0,18414.0,9.819277128486252,7.904115227830772,0.4381657992565056,0.2590222331408918,63.9,1.1819181459549215,46.8,-57.51403771570262,-22.247518004285713,-11.314921147175674,-19.129266814649647,-4.379808321870709,-1.747766328491271,-9.775446922213304,-2.4490399461119265,-1.3126874689361994,0.19168336061450444,-1.013751854051758,0.019712075678399315,-3.0556015029510792,3.124398654624818,-3.0133231415603485,-1.0051367220418375,-0.4381860099387492,-0.673164013605953,-0.18955961503282603,-3.737929528849976,4.0738626447056125,1.9997105086975109,0.5131848000979541,0.4888578994832135,1.5313859957522566,1.4567607153862883,-1.2929472790154006,-1.5677768141330068,-1.506958993346779,-0.324060582173989,0.3417384700837995,1.0619125376959948,0.1622466614980179,-0.7902523481997212,-0.1798876937975502,-0.15015926531554752,-21.61223365335105,-16.407644976621185,171.9172617459856
307.4,28.4,27.6,3.465,7.49,659.0,2.58,97.05,1.21,106381.0,2590.42,55.63,35.38,100.73,137331.0,610.4028000918064,14.863552903373884,174.27999999999997,73.07,53.35,21.39,11.545413701275482,1.3286396630675812,42.31,858592.0,16.673582357043852,41.11565010222189,42.21076754073426,42877.0,31410.0,15449.0,10.182451797210655,6.929020407132105,0.954641587443107,0.2674869382660009,92.11,2.6381685439854934,83.6,-44.18135255445765,-15.251990806944667,-46.20251025443275,-9.113281075793006,-14.023164097063708,-32.67085547891329,0.36320113066816867,-1.0102080260849726,-3.38246340809468,-2.837205277551742,2.8223036722095745,1.6973593610726923,-3.2601835501941,-3.2207960434878857,0.5717813642753753,-2.2371401800269575,8.52627086288063,0.9657465256859236,1.9029898322645276,0.9904875633690975,-1.5840576238456823,0.1597303669616454,-3.773470044258675,1.784793288621587,-2.1413330761715743,0.41508905090934883,0.4167952081700789,-0.4668741191333799,1.654490447371112,-1.5633711635624028,0.7502141224786958,1.1473202634075028,0.7596819225714239,-0.022282001838709636,0.9813531811744897,0.7106279757114448,2.252203431306404,-13.680274074722547,171.9172617459856
115.2,28.8,28.5,2.4450000000000003,7.52,241.5,8.35,60.6455,0.7705,18738.0,201.0,20.6519,13.225,27.4686,21790.0,236.6058463286824,2.5380390176147487,79.195,32.652,23.515,6.148,12.782698470895246,0.7724210753786316,47.21,209885.0,11.2,48.7,31.3,49780.0,37342.0,15884.0,8.251880779338212,6.642425473153561,0.2421040892193308,0.2176759611841297,53.7,1.588962337464466,158.8,-28.442590694188837,-22.62636435308106,-33.66709788813663,-30.005692003324707,1.7520907776352648,-21.641588569822872,-21.95809665547723,-1.2917865175396825,-4.941823640214281,-0.289301974887103,-0.9066353439132215,1.3504153159672116,-2.8368833299974576,10.35320570368397,-1.741764795114291,2.0043389074058107,-4.615712095402024,-0.9701871128496736,0.06575769613885002,-1.304083657428465,3.3502448572534695,0.45120305890411494,0.047833969463050935,0.0516441093732519,-0.8683134241371094,1.4475751598396631,-3.06048557771525,-3.8765027616351553,0.8008744657284118,1.803401146640154,0.4981736523184597,1.3875207846301298,0.7002117563853972,-0.8949533818033492,0.0698057304912546,-1.457818369025871,-56.865485868922356,46.28083084471795,171.9172617459856
210.4,28.6,28.6,2.955,7.425000000000001,436.0,4.58,142.4267,0.98,46210.0,1116.0,70.9324,18.6665,46.0431,7546.0,207.0155004031897,4.999552011468507,223.22,96.741,33.206,13.388,36.02947095994996,1.9691703020360272,44.56,503654.0,12.3,40.9,46.8,38937.0,39286.0,17168.0,21.03691766650654,16.933855628952,0.4061223048327138,0.5549318265569341,136.9,6.518109544565655,141.6,-79.69616925612559,-8.482828641714686,-28.651462190307985,-35.24159361097496,-31.188133205448583,-57.55296665188817,5.902214908679402,13.147711668983106,-0.5999479695161174,-0.97638030489441,2.9613583355629842,7.940855246979434,-0.3781749760111186,5.72572149268196,7.01007572516411,14.180076376185363,-3.1772059398152237,2.786198460302162,15.44950638417077,3.757357283877211,8.759200820057108,-9.201764667913467,-13.609850371150921,3.0188266851473617,-1.426312742787416,3.7237504451240704,0.623452938110571,2.911855050255543,-4.993621941171587,0.19123059285494262,0.8870527698542013,-12.53649777350792,-9.618095290400088,2.724198922852518,10.133357485979795,5.780123314800828,31.701231236318126,92.9470967501464,171.9172617459856
114.4,28.8,28.6,3.875,7.52,731.0,7.07,53.8484,0.7,22791.0,176.0,19.9075,9.7003,26.1024,22316.0,289.4793664503182,2.235459983996139,78.731,30.36,17.926,5.442,12.707805206288954,0.8544099046087655,49.59,270490.0,11.8,40.1,56.9,45128.0,39616.0,17109.0,9.127778739156234,7.347487394884943,0.1563167286245353,0.2407812308070261,59.4,6.699316703145422,110.0,-77.25764153640873,-27.684603482773525,-20.662112932400785,59.863003971975594,11.070590777549276,-51.94433539275701,-14.619428412684554,-1.261333019457914,-2.1863068041515867,-1.5584897953737518,-6.855795335299334,-4.507451385882066,0.4270705975219637,10.982177749949043,1.4598352518072337,11.10872455257767,-11.82712995890916,-0.6866983109153821,-1.4507632502711714,-2.0768003096757464,13.41516080509716,2.3530692604013406,-0.946125251799819,-0.19486638262712397,-19.546481901239602,-2.0759758218858977,3.4649125146206186,-3.3026183350663643,-5.430939624511322,8.186525073789525,2.447867194136293,8.118628663007792,6.462490770950289,0.451226685213235,-0.9438070612012703,-4.209370245654138,38.378484178464866,-33.19899634927899,171.9172617459856
376.9,27.9,27.8,2.865,7.15,348.0,6.26,156.23,1.87,97710.0,1060.5399999999972,71.1,36.2,44.19,10480.0,463.12446677410185,5.026732391695883,210.98,98.81,63.08,12.67,11.72546549939368,1.018542407714805,36.2,633849.0,18.656421702718102,40.1694307582096,41.1741475390723,29464.0,31269.0,14895.0,17.562286116352706,10.924959818723158,0.0678323806069195,0.3802577434267549,98.99,2.372509440069276,331.0,-136.60132874922905,-25.12856917086756,-50.2206683548082,-32.87425501573987,69.4211698987473,-85.12757576663704,-7.101749378347691,24.79435316036843,1.1271806413369874,-1.7296923761124112,-3.1826576610103547,16.817178523419816,-2.243425387358295,4.59344891129139,-0.7174494563648448,-12.750143242465183,-4.4922459650691655,2.710135354270849,10.387917759058373,-2.622607484630621,1.1151882599558072,0.17353348473281324,10.963744988218727,0.9188207037444208,0.5567565995361652,-1.8786035421067673,0.5735014722597193,-0.6256506018367767,10.907636958142584,4.926062434075087,5.3340420750041515,-19.828525630102956,-13.362128378762863,-1.7970854890183585,0.4018943092428812,3.6335664698760968,27.783715206537554,148.40155384212423,171.9172617459856
15.0,4.4,4.9,16.145,8.555,1004.5,5.68,46.39,1.9696,37903.0,493.0,18.997,12.4084,46.2737,14888.0,438.5652299681805,5.704367949088805,86.425,31.048,20.027,9.119,23.6873667742644,0.5198347645921357,40.86,412043.0,11.40105756416319,43.837324276686296,44.76161815915051,46146.0,36086.43,16572.17,12.426995927713286,10.42342201495799,1.8765437977532649,0.2308378149566619,50.36,3.714990012378263,16.0,17.768184519016646,-37.9744935023319,-42.59232518885518,-4.732721334421076,17.413910572385646,-30.87503986833112,2.189871499249712,-4.517158498840095,-0.09613777268134956,0.23167448830324897,-1.993737956415859,0.7572370234178369,-0.6444356105686205,5.016292525868242,-3.017189299889527,-3.369000436646552,-1.5050699883722667,-0.5682196387213968,-0.9153586286554716,-0.9529757988383049,3.530772758510432,3.0463809237877495,-0.2039785705824988,4.660183210310838,4.504126570886,3.2760832753692113,-1.2100046872262213,-0.5221851295523829,2.2245847845077535,2.664066454884594,0.43253770140776066,-0.8628710159054043,2.8170166575800004,-1.2573094401927685,-0.14592818549290834,-5.982641218543677,4.70602553672468,-95.25858000072145,171.9172617459856
15.0,4.4,7.4,13.355,8.18,1211.5,5.87,46.39,1.9696,37903.0,493.0,18.997,12.4084,46.2737,14888.0,438.5652299681805,5.704367949088805,86.425,31.048,20.027,9.119,23.6873667742644,0.5198347645921357,40.86,412043.0,11.40105756416319,43.837324276686296,44.76161815915051,46146.0,36086.43,16572.17,12.426995927713286,10.42342201495799,1.8765437977532649,0.2308378149566619,50.36,1.7290219689106685,4.0,9.378823698594545,-37.59981202482323,-27.863300187960267,0.5395463041893296,-0.2513695805189978,-2.786735447843481,-1.351958483707665,-3.098361628830123,-2.23739156898965,0.054156878287905164,1.0220445027419671,1.482296138713137,-2.6853629170556075,0.877997876996718,-3.011693520723688,-0.7072489207998544,-1.8107606971388055,0.4693191219338535,0.38571045950598476,-1.1546123523024516,2.365516272443347,-1.5053923703555478,1.178476469744151,1.1160274297984636,0.06082492456208721,2.0628834675046765,-1.4761913937144013,-2.004878408224323,-0.31623596184770586,1.817141063523011,0.23468054528348414,-0.09027993959297194,4.624983532386056,0.362209238434831,-0.4587951321659301,-2.2614122990871954,-34.59127902696569,-72.48938961263377,171.9172617459856
19.0,2.7,6.8,7.095,8.29,298.5,1.67,41.8,0.9984,37631.0,382.0,12.2266,9.8512,26.4183,120170.0,481.9852705731668,4.89273134806276,78.075,30.563,28.728,4.991,21.398798506227283,0.8755846807233554,35.03,369846.0,16.504901960784316,31.65686274509804,51.83823529411765,26213.0,35691.1,13158.53,16.539135979595088,17.556710821702243,1.1884593356762363,0.355470066518847,77.55,0.2154614463950197,3.0,-10.95104956504268,-35.039421280190005,-44.95844842560356,-2.858033294369232,-0.40365378478541963,-25.27580652875923,0.27007234289660076,-1.5993279281995874,-2.5513535714694693,-1.0802616769560478,-0.586172483183133,0.030777607169774956,-0.6317573809515072,3.1271212937593575,-0.1858767028515773,-1.4518569046026102,-1.8298988357426966,-0.0010268522899925428,0.3130057961458833,-1.1476280038815458,5.201468617995272,2.5537591183550354,0.06043177565792655,0.7081358155398632,2.7730251487592863,1.4077035758469718,0.8392256752698474,-0.1328604202663218,2.9593490002847584,1.4161978782734785,1.2895119685889207,-1.776646362655061,-7.199564690528594,0.5797248747649917,2.581459349512199,-0.3584477383398929,-37.34921108885184,-20.624631979063853,171.9172617459856
25.0,4.3,3.7,5.975,8.434999999999999,536.0,1.08,6.34,0.062,5772.0,77.0,1.413,0.9294,11.2908,1379.0,654.421768707483,8.73015873015873,8.82,2.541,2.176,2.684,2.417385883124235,0.1122410186812435,81.11,43475.0,1.100962322622737,39.02707551786005,59.87196215951721,72144.0,42390.12,23847.44,16.617634982053918,2.250591120086632,1.7613416385502103,0.1556184237048982,33.95,1.618246680955575,2.4,-2.4376053841419822,-30.755861797681224,-23.245545309591105,-1.7214069004019263,3.720476650723722,-39.7263920152525,0.9477050014232128,-2.268775665992095,-2.562536994305748,-1.264118437810879,-0.6140966612713724,-0.03188335455100224,-2.254235959768218,4.222168208210882,-1.1999756509888297,-2.2146986698370887,-0.31327235633507317,0.1576199981985469,-2.1859591956343496,-1.5644351252719464,2.1993296968424696,0.669887763106574,1.514808014530378,-1.3522531395281359,0.38998945590302464,-1.4747318084755283,0.3808025465005396,1.5816200769048512,-1.2763289787294354,0.28440172850154405,-0.4049526571792865,-0.9989882248779774,0.7434430597606099,0.8034755864615235,-0.22690957121473396,-1.2367353932516798,-23.41577121460733,-44.73752125640748,171.9172617459856
16.0,4.7,5.1,16.725,8.695,1068.5,6.3100000000000005,13.72,0.83,7014.7,78.24,7.31,3.49,34.58,2219.0,256.8546320029293,2.864884657634566,27.31,10.63,6.92,6.91,1.80918779080694,0.4565479911105388,75.7,148886.0,2.978968581939072,42.82646793950212,54.19456347855881,46502.0,34131.0,20135.0,14.867372524025823,2.380954321306591,0.8667399117112345,0.2182642305946436,75.16,4.373838804856724,126.8,25.266667978914143,0.2817402025684732,-60.74212582570502,-3.4281934064549087,-83.43433640064052,17.4543166664949,-25.881422941000977,-6.844206403312275,-5.581223945540842,2.1595581434589532,-4.480773206317483,-6.600535553692221,4.89975120164454,7.856955842695508,0.8117123373458099,8.718427028586149,-8.536676134009221,-2.465400245302977,-4.3280689089551245,1.6058729582481766,8.554355425207566,2.8871948396352436,0.4107490418789288,-10.518912766457847,3.4877760574019767,-6.606246579860645,-4.791727443163596,-0.003922586608675023,2.293360994085671,-0.1854107038956112,-0.5033247781575968,-2.4095188675929498,-10.806666632555427,-0.3175759769013788,-5.7973549831875895,-0.0008858882915170341,21.204252784412816,48.405148970055556,171.9172617459856
22.0,3.1,9.8,13.489999999999998,8.15,2355.0,17.85,62.8682,0.7473,30465.0,544.0,23.7417,15.1611,35.7857,16160.0,391.6363496124131,6.993276684364113,77.789,31.907,28.226,8.037,12.555758966506351,0.9191379276851872,47.4,302484.0,8.8,57.3,33.9,63896.0,41068.0,18414.0,9.819277128486252,7.904115227830772,0.4381657992565056,0.2590222331408918,63.9,3.151057560822632,41.8,-8.95853996528235,-58.70321195944289,-29.126028077467343,-1.5473196121289705,-0.7308150369340259,-7.0275125544595864,-15.551692344664291,-2.088966233874673,-2.9514029555030485,0.37865708063046233,-1.6777236689642656,-0.5538222454348589,-3.4997412756116426,7.26717751476836,-2.5844606193977726,-0.6562884610883563,-1.261902243209382,-0.5927501558644375,-2.060123113932398,-0.9820805098519957,1.9274466619725974,-0.29748175287696627,0.40389614200297186,1.095449619258287,3.227010511562692,0.9515819623600702,-5.630541532787028,-3.227070867170113,-1.7436470057520415,1.9731392343342267,1.0486743649335908,2.4987083606972984,3.792430822660681,-0.11646041695183924,1.0956869505400177,-1.962357501248673,0.2497318935906505,-41.958714187054426,171.9172617459856
21.0,3.6,7.6,14.59,8.475000000000001,1205.5,5.13,97.05,1.21,106381.0,2590.42,55.63,35.38,100.73,137331.0,610.4028000918064,14.863552903373884,174.27999999999997,73.07,53.35,21.39,11.545413701275482,1.3286396630675812,42.31,858592.0,16.673582357043852,41.11565010222189,42.21076754073426,42877.0,31410.0,15449.0,10.182451797210655,6.929020407132105,0.954641587443107,0.2674869382660009,92.11,5.009722965410093,91.0,-3.438800844107756,-91.82517374755817,-56.90940364758794,-3.912752781123851,16.575255638227485,9.239239663056408,5.5681315492101335,1.1121102042325441,-0.23142177855906265,-3.3844501115009185,9.187984180169488,-0.4247980949476681,-2.7236291894479603,-9.266792343221606,6.956806277772412,-8.633912122515028,11.349778845794498,0.7317052669272138,3.300460714607812,6.353551586680113,-1.7542891135951473,-1.857411653144905,-2.6195158995866494,2.843457637676036,-6.56354132086194,2.4274042701558183,-0.3815349553261586,-1.8500451063096994,3.927400591049032,-1.8696731094201116,1.763044372036431,6.783183279416215,2.5442198299294465,-1.3870107649949717,0.9636136113805698,-0.019555870119948675,7.620212845049491,-20.67978946499759,171.9172617459856
26.0,4.3,6.9,11.255,8.18,1076.5,12.8,60.6455,0.7705,18738.0,201.0,20.6519,13.225,27.4686,21790.0,236.6058463286824,2.5380390176147487,79.195,32.652,23.515,6.148,12.782698470895246,0.7724210753786316,47.21,209885.0,11.2,48.7,31.3,49780.0,37342.0,15884.0,8.251880779338212,6.642425473153561,0.2421040892193308,0.2176759611841297,53.7,1.7519988101637531,55.2,2.4236263065800716,-60.86428336867752,-46.39428889837348,0.33119512934858514,0.35040051931360017,-1.8061790593822156,-22.62885794506253,-0.6638863454122724,-2.6577624878613277,1.1394122715139154,-2.37331927360889,0.776299350148379,1.699069777295614,4.921652427685135,-3.022176305636141,5.365033711184123,-6.155869697618763,-0.45991152509581495,-0.9494665817349842,0.04305560686315143,7.888754727950629,0.04849446617920513,-2.8006366505939497,0.2735567283048286,2.497795890069878,1.9029880970049058,-2.1983587048140643,-3.4166736055452667,0.3566850915333862,-1.102159894566676,-0.6169062087343397,4.250235217634277,3.0517460198894444,0.9340227937100781,0.6169182893959814,-2.7104063697718046,1.4752318336830161,-29.65593329179644,171.9172617459856
17.0,3.9,7.0,11.115,8.27,1203.5,8.735,142.4267,0.98,46210.0,1116.0,70.9324,18.6665,46.0431,7546.0,207.0155004031897,4.999552011468507,223.22,96.741,33.206,13.388,36.02947095994996,1.9691703020360272,44.56,503654.0,12.3,40.9,46.8,38937.0,39286.0,17168.0,21.03691766650654,16.933855628952,0.4061223048327138,0.5549318265569341,136.9,2.7108269603169006,43.0,24.21232631100652,-93.79186519623113,-52.308073250569095,-1.4750113734447712,0.7538841274163399,15.402943197048737,-20.49495463561577,3.9812215987096238,-4.290517754801551,-0.1123937137572432,0.7026476467167949,2.2922831640066588,-1.856628825656759,4.206086423082744,-0.17203252273145905,9.259385776138707,-3.138527467846869,0.619966848418894,1.4240347862476481,-3.294127410982427,5.346118667242891,1.0403616991235551,-6.523178106985675,1.4865326590013372,3.1924501096744393,0.16845659953076395,1.8621918062764846,-0.8740828387462524,3.6150393324764445,1.7354548599206232,2.4027220267942138,-6.12688507159939,-2.432412562607013,-2.2142919039974616,6.732669076154323,5.7243163498553145,5.617090876283281,-50.36936319802343,171.9172617459856
26.0,4.3,6.8,12.645,8.405000000000001,1516.5,7.39,53.8484,0.7,22791.0,176.0,19.9075,9.7003,26.1024,22316.0,289.4793664503182,2.235459983996139,78.731,30.36,17.926,5.442,12.707805206288954,0.8544099046087655,49.59,270490.0,11.8,40.1,56.9,45128.0,39616.0,17109.0,9.127778739156234,7.347487394884943,0.1563167286245353,0.2407812308070261,59.4,3.0094695374858413,15.4,-1.8360352133117466,-36.76586990777015,-24.669800709281116,-0.8861214911177125,-10.58002872970809,-8.6124548070773,-13.514080275044156,-1.0657578295531371,-3.243355953360441,-0.2569826906577985,-1.9861765582192064,0.45653967431435943,-1.2460216774892374,6.030591543076251,-1.9156180958201496,2.507440898562781,-5.065150416872155,-0.24060685229953324,-1.1657111315429185,-0.5303099464989885,4.883383478988737,-1.2408211998920895,0.021594839966080803,0.3690389032172983,1.1958097607960596,3.121538196119943,1.2884590013658925,1.8483829502303486,0.18912805049369696,1.8963978410186257,0.49083303355767355,0.8895813464753622,1.2082376588721917,-0.8382087882235684,0.23403911623366255,-0.44013459154753876,0.9279430065870575,-83.20424803850669,171.9172617459856
30.0,4.0,8.0,14.31,8.71,1752.5,7.77,156.23,1.87,97710.0,1060.5399999999972,71.1,36.2,44.19,10480.0,463.12446677410185,5.026732391695883,210.98,98.81,63.08,12.67,11.72546549939368,1.018542407714805,36.2,633849.0,18.656421702718102,40.1694307582096,41.1741475390723,29464.0,31269.0,14895.0,17.562286116352706,10.924959818723158,0.0678323806069195,0.3802577434267549,98.99,3.794342011931909,23.2,-9.182247111210597,-42.8987361683192,-28.556668202520424,-4.7193114698111716,-23.75440322492815,-4.1019466149543105,-13.466075094022479,5.2349396177109675,0.1733559962008909,-1.481224088997118,0.9479891417361808,0.5356596644789301,-3.014838449539774,5.270521456141335,-4.036574340539521,-1.357725844976182,-2.551577028115278,0.12320959901126723,0.03959413228091028,0.6487868966224308,2.148635357687406,-1.2036831927245177,0.9461862891512763,3.876831631838187,1.3566231488401546,-0.5046945586094341,0.20510588521021603,-1.6143563814112019,5.034348405822338,1.5147117564051074,0.256186365804947,-5.769491971696258,-1.2869558205750458,-0.21014799147766952,0.666326095846015,0.7814127775250624,1.6406232420075668,-53.548080169637295,171.9172617459856
13.0,20.0,15.9,10.365,8.315000000000001,916.5,2.82,46.39,1.9696,37903.0,493.0,18.997,12.4084,46.2737,14888.0,438.5652299681805,5.704367949088805,86.425,31.048,20.027,9.119,23.6873667742644,0.5198347645921357,40.86,412043.0,11.40105756416319,43.837324276686296,44.76161815915051,46146.0,36086.43,16572.17,12.426995927713286,10.42342201495799,1.8765437977532649,0.2308378149566619,50.36,0.839252536039598,44.8,30.97835080444503,37.26388553313212,20.29471266916876,3.310115154211721,0.3110688960055488,-97.95441717467503,10.235206000021039,-5.893996997820213,2.4881752505370707,-1.5391945612539253,-2.477771910669595,-0.20356457287212434,-3.7403738484174642,3.0656762735988017,-5.457233571442781,-0.7433998304372632,-2.8905113042557296,0.8063543141276263,1.1648174065724035,-2.8022465702363593,7.74668326398125,3.805276206684453,1.6298249072907478,1.8807345194881775,1.96570901678332,-1.2981818860707155,-2.4474283689842573,-0.8912305048923028,1.4167927797099873,1.6438895309274049,0.9172700030977549,0.40380212303561497,2.0116682433934567,-1.894381646675367,-0.27099835092434715,-0.5729372645099616,-86.98756138214377,-55.122653916912775,171.9172617459856
13.0,20.0,17.5,16.494999999999997,8.594999999999999,904.0,1.74,46.39,1.9696,37903.0,493.0,18.997,12.4084,46.2737,14888.0,438.5652299681805,5.704367949088805,86.425,31.048,20.027,9.119,23.6873667742644,0.5198347645921357,40.86,412043.0,11.40105756416319,43.837324276686296,44.76161815915051,46146.0,36086.43,16572.17,12.426995927713286,10.42342201495799,1.8765437977532649,0.2308378149566619,50.36,0.7271660972304038,0.040305087,38.23256807173681,32.67552771364028,21.337343070597075,0.05186669429453783,30.057454069309557,-52.59461938050731,8.808759114132263,-4.817388995384491,1.815618870874552,-0.8823470097500818,-0.3462111708692568,1.0187265784712516,-2.7182531221886186,7.148457860279205,-1.97118681500666,0.9306462776785113,-2.599461302030054,-0.39143332029072003,0.6149257235710183,-2.436957092575416,5.522264930865883,1.4907081096867731,0.9746049256203735,2.280043240670737,0.5985542057671952,4.994901522335901,-2.2017672251646103,1.4603679316273563,3.1120499131052437,-0.7650378569308659,2.2500590044958515,0.23784007394065534,4.506836850558561,-2.6193052821404597,1.2253062308346878,-1.9150810417300084,-88.02045392364495,-74.705639448214,171.9172617459856
7.0,19.3,14.7,10.465,8.129999999999999,374.0,2.67,41.8,0.9984,37631.0,382.0,12.2266,9.8512,26.4183,120170.0,481.9852705731668,4.89273134806276,78.075,30.563,28.728,4.991,21.398798506227283,0.8755846807233554,35.03,369846.0,16.504901960784316,31.65686274509804,51.83823529411765,26213.0,35691.1,13158.53,16.539135979595088,17.556710821702243,1.1884593356762363,0.355470066518847,77.55,0.0800572642206149,0.040305087,11.295566874384726,11.424332263019558,-2.922299385094084,-1.3829472466620316,-2.0861290378371877,-74.40256425729642,2.6778893324957855,-2.641776867828645,-2.2762784971110537,-0.16977109511537977,0.23048543518719625,-0.8499969623005007,-1.1928353956923816,5.837719187970891,-1.456662677109706,-4.238646859324848,-4.6078031487235185,-0.601607422434416,-0.7179323253640882,2.337745969109235,6.6595198599311205,1.0039982175268243,-1.3875441777116302,1.0119212123534331,4.569776107167516,-0.32611116217759584,2.289353440188183,2.246694379265732,6.849274971648117,-0.12861607775868522,0.9690901510246701,-0.9554304284478232,-7.215531350422341,-0.05029605216967418,1.8082730563574776,-1.8388334587557857,-51.79736614589734,-63.33982603438043,171.9172617459856
29.0,20.0,15.0,10.785,8.315000000000001,584.0,3.07,6.34,0.062,5772.0,77.0,1.413,0.9294,11.2908,1379.0,654.421768707483,8.73015873015873,8.82,2.541,2.176,2.684,2.417385883124235,0.1122410186812435,81.11,43475.0,1.100962322622737,39.02707551786005,59.87196215951721,72144.0,42390.12,23847.44,16.617634982053918,2.250591120086632,1.7613416385502103,0.1556184237048982,33.95,2.306634995984916,0.040305087,-15.696871690643022,15.184983997717497,13.026208857002977,-4.3934700949071,2.1237114788203777,-72.77104971203177,9.411366800680602,-6.204492289864767,-7.121119359689765,1.7270951160881653,-1.5695366485983424,-0.951299434299579,-1.19072283802554,9.081339785087232,-1.2324374494577444,-7.473212685828716,0.28056471712732245,-2.068796121931324,-2.598576973228099,-2.879150612105926,9.93077621094262,1.8304695398057806,-0.7012811007474875,-5.489227414711692,2.280826805057002,-3.5474302651834044,1.6913705376690924,2.3175518865215916,-5.2252211670701705,-0.4656640603781386,-1.6127184189949173,-3.3277290221163978,1.4744205272523685,-1.7004821481524617,-3.340080396865185,-0.698029601561529,6.331376376412034,-80.56227654203695,171.9172617459856
15.0,20.5,18.1,9.7,8.629999999999999,1146.5,2.38,13.72,0.83,7014.7,78.24,7.31,3.49,34.58,2219.0,256.8546320029293,2.864884657634566,27.31,10.63,6.92,6.91,1.80918779080694,0.4565479911105388,75.7,148886.0,2.978968581939072,42.82646793950212,54.19456347855881,46502.0,34131.0,20135.0,14.867372524025823,2.380954321306591,0.8667399117112345,0.2182642305946436,75.16,2.894327630731943,141.8,131.5317117459172,263.43211181688895,168.54598715696173,15.899444841236487,87.91722796010397,240.11031117608775,88.10076131449391,-61.882908486983105,-13.049089729694357,13.835412151450297,0.14697782034365284,-15.451328643765272,80.98646311777952,90.3622161825164,0.16889428311339097,74.80970296483643,-30.45903574059407,-3.68193840481185,-30.073171851656706,11.160959529665597,39.371991316615606,20.9118712854106,39.245277409482135,-87.12536015649171,29.623466033555246,-22.67502673314263,-67.2434102555108,1.0177865264161003,20.201775541226382,3.9151162675721687,-17.057879452331317,13.501447244368839,-60.11021716138658,-14.718688941152458,-26.29446239458088,-13.637496538997311,210.54986182646746,585.5732965685412,171.9172617459856
19.0,18.6,21.0,12.24,8.32,2660.0,12.6,62.8682,0.7473,30465.0,544.0,23.7417,15.1611,35.7857,16160.0,391.6363496124131,6.993276684364113,77.789,31.907,28.226,8.037,12.555758966506351,0.9191379276851872,47.4,302484.0,8.8,57.3,33.9,63896.0,41068.0,18414.0,9.819277128486252,7.904115227830772,0.4381657992565056,0.2590222331408918,63.9,3.0296616352303296,71.6,1.425124642602943,44.01077870100814,28.084682548365095,-0.71716592208017,-1.6341991123463988,18.783046547060366,-66.12606651109253,-4.125880494210093,-6.3576358362923715,-0.9481811709065653,-2.06744427908677,-3.7287466318889813,-0.823505564974622,7.550860122203207,-7.282798534721755,-18.206080610821953,-4.846613236578807,-3.3959871629190963,-4.633638238288309,-9.366344223897906,11.807740337946456,-7.026417433040529,0.03689522274925139,2.6687952755655453,7.080454231689995,-0.324953075304317,-13.756158926928569,-7.309555545529968,-6.555650463880348,-0.7068545618141092,0.28631128587759963,13.458515264646463,12.920558457459942,1.0124880319290561,-0.9367069753864806,-3.7290353191954395,8.001787292291409,-17.317914739476205,171.9172617459856
46.0,19.0,21.9,15.05,8.455,1037.0,1.12,97.05,1.21,106381.0,2590.42,55.63,35.38,100.73,137331.0,610.4028000918064,14.863552903373884,174.27999999999997,73.07,53.35,21.39,11.545413701275482,1.3286396630675812,42.31,858592.0,16.673582357043852,41.11565010222189,42.21076754073426,42877.0,31410.0,15449.0,10.182451797210655,6.929020407132105,0.954641587443107,0.2674869382660009,92.11,6.531774847218244,35.2,-3.704342689460604,96.85004564560637,51.13262745533138,2.075967326266691,45.32837912695405,55.86020151545139,9.107816805696741,-2.9136229195166385,-5.175672148869691,-7.760304627669973,7.246160164025309,2.969278512713496,2.1636923375027237,-32.16987472684278,23.994588378386876,-16.759498803811923,17.234298483796113,-3.8913218070225146,-10.53935847776476,13.548891530488618,-11.701078734782838,-5.220824652540812,-29.989667462627395,4.393031564145356,-19.628054748680444,0.5120369412827591,1.1053963228687635,-2.4733374439614493,11.037867563959056,-1.793550686083415,6.941045639653072,18.519040182062106,17.093232950512323,-0.7629897630043878,3.2163708640340087,7.56097246329455,60.11566322776488,-123.58987267037696,171.9172617459856
15.0,20.0,18.6,8.61,7.970000000000001,1374.0,1.5,60.6455,0.7705,18738.0,201.0,20.6519,13.225,27.4686,21790.0,236.6058463286824,2.5380390176147487,79.195,32.652,23.515,6.148,12.782698470895246,0.7724210753786316,47.21,209885.0,11.2,48.7,31.3,49780.0,37342.0,15884.0,8.251880779338212,6.642425473153561,0.2421040892193308,0.2176759611841297,53.7,5.306920259030424,37.0,76.57524464105488,99.83964421074371,66.44505334599408,-1.149310036632232,-44.77894406372448,70.69980710933451,5.98159514653108,-4.743868252928375,-5.322699237088671,2.6642440905204636,-8.180543845500791,3.186951981335882,-3.063139009337558,14.906233652483982,-1.7492240365191047,8.410158198417637,-14.977648856202146,1.1746678542547524,0.15965463267794652,-8.469876367716731,19.060631873219588,-4.421072442453979,0.6347151165936751,0.8214998976218872,7.286186187851709,2.6448486378307776,-6.191604018076319,-10.064384539931396,0.750091109300655,-2.371725820413173,3.1583425002948737,11.380495965372148,3.0023864180439426,-2.9372663041250804,-1.46225641228569,-6.73818280444481,57.9553494114972,-38.663932913955456,171.9172617459856
16.0,19.0,18.6,9.615,7.95,1228.5,3.71,142.4267,0.98,46210.0,1116.0,70.9324,18.6665,46.0431,7546.0,207.0155004031897,4.999552011468507,223.22,96.741,33.206,13.388,36.02947095994996,1.9691703020360272,44.56,503654.0,12.3,40.9,46.8,38937.0,39286.0,17168.0,21.03691766650654,16.933855628952,0.4061223048327138,0.5549318265569341,136.9,4.76180761953941,84.0,167.50347141855863,178.8424347559254,94.3585135169374,6.422348381675164,-50.41891228504482,153.78536367758178,59.49830927757236,26.126772222192955,-4.429815281337741,-2.892670406765909,-1.5192590764103002,13.56668137233705,-3.433988054979904,-2.3132712051738054,-1.1085835236295456,18.039035653943824,-4.167349208813789,9.448596734286603,17.729224461888293,-3.465907924962231,12.299305580309591,3.473283537028687,22.886069666658667,4.258217510726915,3.222431490222604,3.285051512618864,3.552604948158065,1.514147400575067,25.2705680735355,0.04492881886196187,7.656795190802465,-15.45163370851427,1.8980635145337825,-7.329330265053225,20.53245067042298,51.71807689452544,47.20095803084782,26.23671288978463,171.9172617459856
16.0,20.0,21.8,20.18,8.870000000000001,1195.5,9.67,53.8484,0.7,22791.0,176.0,19.9075,9.7003,26.1024,22316.0,289.4793664503182,2.235459983996139,78.731,30.36,17.926,5.442,12.707805206288954,0.8544099046087655,49.59,270490.0,11.8,40.1,56.9,45128.0,39616.0,17109.0,9.127778739156234,7.347487394884943,0.1563167286245353,0.2407812308070261,59.4,5.532584235404354,34.6,103.21843694795388,74.05446088634277,83.4094406383244,-4.614783687664516,-62.58247432878395,93.9037131369572,-59.90966994287212,-7.48396577363136,-6.278574638334103,8.76389469525777,-7.433625170597797,-6.362055470417258,8.267836089772182,29.01296759086041,-3.1741626958129907,19.294825098194806,-22.40406947924212,-1.2018354095875654,-2.5835597605335914,2.439073427033918,31.130947727410444,-5.205824088584637,12.022839534135224,2.937325644216809,14.570351257622244,-0.12258389014440023,6.158284829081194,21.55310140661273,3.237348354478985,5.176817596408079,7.703751377252235,12.560509016090073,5.02811606537551,6.423591133607551,0.5443298734724541,-1.2349960347691844,56.40626932424493,-44.93030033040326,171.9172617459856
34.0,19.2,21.6,9.34,7.91,1965.0,6.42,156.23,1.87,97710.0,1060.5399999999972,71.1,36.2,44.19,10480.0,463.12446677410185,5.026732391695883,210.98,98.81,63.08,12.67,11.72546549939368,1.018542407714805,36.2,633849.0,18.656421702718102,40.1694307582096,41.1741475390723,29464.0,31269.0,14895.0,17.562286116352706,10.924959818723158,0.0678323806069195,0.3802577434267549,98.99,6.8356151166072925,34.6,-59.52611703390255,41.42807816635661,34.82964956827306,-2.286332215039684,-20.530529745543994,7.055604218353206,-15.416220055565551,17.423897383374474,-1.0762639901600757,5.313810887131839,2.3279281205218254,-4.995307383377417,-13.778895640244395,12.778317543646942,-9.230939913045924,-4.100717120982396,-7.072461986242171,-0.6541591960191736,6.936131636306333,1.0987963594822208,3.811845061641654,-0.907941577034079,4.909338130640488,0.593142464288201,2.9078278205605854,-3.052092577725025,2.927293197000403,-3.8059096713946166,21.988172647478066,4.5332343786970455,3.3496948071670114,-21.828643480517588,-14.201931408089587,-3.4677240292192444,-1.7732490434683896,2.8400870994695766,37.53664781678623,-55.96540074437857,171.9172617459856
406.5,28.1,32.4,20.44,9.01,370.5,4.62,2.90776,0.115,1588.0,7.908338175479372,0.089,0.2026,19.077820000000003,4092.3,329.46058091286307,1.640734061302774,4.82,0.14,0.34,3.98,1.9414835306710216,0.2504382101047163,73.3,43717.2909103953,2.133822472423064,34.05945495650095,63.80672257107598,57754.0,39953.37,32733.15,7.989646389078048,3.576066916726457,2.2858259152713347,0.3546265201122545,56.1,0.9135240399892162,89.8,-25.304340693438423,-19.677740091384234,8.284248947084995,-3.198728437872294,-18.59979279225537,-57.01955101943497,-0.050187882808969096,-1.3103120668333332,-3.726002591287252,0.16812269430918048,-0.7302093460511733,-0.16421712445638537,-1.1497358462338656,3.2257668387431955,-0.9863925960264163,-0.5525251127061587,-3.607681999107202,-0.6556024015388274,-0.8933804629215337,0.8761179125611666,3.8945980698444593,-0.7229204604297418,4.213252767209585,-8.073430047669296,-6.074099684422836,-1.3080161200939138,0.9446478893801885,1.1891982618758143,-0.07442840420602181,0.2026408018998347,1.6496660915595331,0.19391294695048902,-0.29982251419918565,0.8032660417918424,0.8297121487720861,-2.6687250994572747,-39.662617320931744,-1.851302050255083,171.9172617459856
406.5,28.1,31.4,10.41,8.215,628.5,1.83,1.2429,0.0576,178.0,2.865339918651946,0.0803,0.0452,0.0112959999999999,74.0,635.7142857142857,10.233356852328376,0.28,0.14,0.08,0.0,0.1127832756406402,0.0717922868966855,97.4,2310.438051510152,0.0183640280367156,11.209851980137037,88.77178399182625,126700.0,55075.29,33831.22,30.733895233898767,1.0251391827949203,4.746573554900874,1.0265837231057064,162.4,0.4361749232765252,63.4,-61.985683661287965,-7.767072105649082,5.676095207103838,-3.488670289249471,-2.4268649379443383,-36.92711585957634,2.2974877747287947,3.9290751120347243,-2.722259569300027,1.6959037534822714,-2.264365737256593,-1.6429720337223257,1.9979853174245605,3.247852823724969,-0.606086483473579,0.2190426081931208,0.572985271083503,1.465995153727322,-0.2145990317982314,-1.7644361852086174,9.506209274463664,-1.064067257566687,1.4641182810502753,-3.0099456900063277,-1.176443952310365,-0.3494481855196237,1.8800508688149657,0.22596993501143178,1.3886525191141608,10.717832328942604,0.5883336909379194,-21.81895635777929,5.792306376119767,0.6266980457003243,3.7805912312756607,0.3345623329631045,-32.00217305734133,-9.31173332061308,171.9172617459856
430.2,27.3,30.6,9.905,8.28,253.5,3.53,102.81,1.7645,47925.0,843.0,43.5255,20.1416,83.8778,77459.0,294.8686396357596,5.186734756660309,162.53,65.61,36.45,18.38,34.437046921982514,1.6325084864460302,44.34,791032.0,14.2,49.0,36.8,60352.0,33354.0,19580.0,15.09150601532647,12.226414519989854,1.982933986704912,0.251596591393268,73.72,3.536396985501275,62.2,-77.28040549671745,-21.19288237670825,11.251373193266337,-5.396426584280564,1.1692023434854735,-39.02739066804604,1.949524687857287,1.2812769629030198,0.12283707641996526,-0.7747126680255549,-1.1034301444760055,-0.47175822705107917,-0.9571537956544968,-1.430955113457361,0.2544604797125798,3.2260410144490503,-0.962442510405867,0.16285320503792375,1.1365627173753452,-0.6791804117263146,-3.493905286628287,-2.5367030210447634,-2.9759095931511084,2.0724920684200114,3.1450716285966323,-2.3052177531559344,-1.443500750893728,-2.376443699095401,-2.3283925491715,-0.3119223677335927,0.26537137499001584,-4.7544571641949,-6.911032542945274,-0.07496611149904112,0.5100765408893756,-0.6107749751939741,2.9430817102939635,-21.96985935198842,171.9172617459856
320.3,27.8,28.9,15.805,8.215,788.5,5.87,79.7603,1.3218,37783.0,436.0,32.0201,11.986,58.2589,19506.0,317.1284444481749,3.659529465087586,119.14099999999998,45.663,16.368,14.3018,22.549304697785008,0.6391463480032891,44.35,477241.0,11.4,37.1,51.5,71561.0,34380.0,21443.0,14.98400185022494,14.347792906389309,1.8324918038196647,0.2479057292855512,67.5,0.9587223719698724,97.6,-34.53186324060895,-11.817968450716386,-14.128268606024017,-2.710252904815132,-0.1859876885854951,-33.14126782406393,-1.4404596228773396,-1.988017169790498,0.042592159442137616,-1.314962315617209,-0.5764279743470248,0.8783328747392308,-2.4858521264186133,0.29232458440470493,-0.8035948720752885,0.4821714964159767,-1.419428106374107,-0.3906841370152907,0.010728409595322041,-0.7565448094182644,1.2196040319961792,-0.014927827578503555,0.3305114230055666,1.5438535876215147,0.14900755735463345,4.349297999157571,0.5715565867295173,-0.6557662198351063,0.14259701550084403,-0.6541036557980496,-0.5108817812024302,-1.8986258267882903,-0.5123033204566069,-0.5852445821495107,0.5298581384960562,-0.9600359157872562,-57.47768010999775,-11.419587783027673,171.9172617459856
324.2,27.7,29.0,11.84,8.535,603.0,4.31,65.48,1.159547297297297,35404.0,628.0,32.7396,23.8933,28.3358,18135.0,353.61566120655215,6.272473032361166,100.12,42.91,32.89,6.89,21.692116085648387,0.4183057432432432,45.82,494396.0,16.2,34.7,49.1,52830.0,29483.6,14569.4,30.782770270270262,13.408445945945948,0.4610408828493061,0.2022597972972973,44.72,3.707980110894497,54.2,-55.933772653602055,-14.54419057939706,-7.225610377593742,-1.987208927585744,5.936703761829219,-49.66753729769416,0.7534238632822737,-3.4423242051860643,-1.1054511725809437,-0.8957793937421722,-1.6036158280198773,0.6620999121844456,-2.367881656743896,3.050688559705545,-3.5399096451792857,0.2117899973558559,-0.7077542352653118,-0.36627227142918845,-0.3919996902874365,-2.6579678691062125,4.012696808550972,-1.5863658238590403,2.7558496088658795,1.5336349366015452,1.9391544637084028,1.8371431969168286,-0.2319686919419716,-0.24555726589014082,-0.21775686329385976,0.22756304550140202,0.23608092734512473,-13.151463887655021,-2.9523014926871607,-0.36596482902609906,-0.8800411508201326,-0.6561244213464673,0.5693305859947565,-28.846459804776824,171.9172617459856
434.4,27.7,29.9,9.085,7.93,884.0,4.52,92.75,1.5386300675675677,45158.0,696.0,33.0483,14.6795,94.9691,6452.0,387.35632183908046,5.970149253731344,116.58,42.49,20.02,31.74,25.258358901966528,0.555059543918919,52.85,465622.0,12.3,44.1,43.6,67794.0,41956.5,22104.5,40.84636824324324,17.791976351351355,0.9989242570341496,0.2683831925675676,59.34,3.4885865612199147,68.6,-37.39416326592948,-18.884113664415207,9.159891884312577,-3.7160745275183573,-5.256801261228201,-26.687423475290803,-1.664363475840074,-0.9686940898505658,2.7693248937255697,1.9250061626146389,-1.2837030031803678,0.7467405751809345,-3.650279820570725,-4.037752262214975,-5.280237033809924,-1.6426484691072263,-1.8211291634636755,0.09173002809596371,-0.2373790745336247,0.4588718156446688,-10.876147858891636,0.9688259447905399,-1.7753158549002046,-0.1714029096004861,-1.1540959540129798,1.3602871502194696,-0.9291951410553855,-1.2265544310840795,-1.7300978628829278,1.202739715203643,3.1574569156754317,-23.035779879384986,-24.822753885229663,-0.6321899424598079,-1.0049423132301325,0.8196530972650119,1.2537775969423826,-15.895681889028445,171.9172617459856
233.8,27.8,29.1,3.65,7.705,454.5,3.68,107.34,6.28,66001.9,1675.31,49.3,18.28,103.68,17174.4,435.2825957923893,11.048671107300668,151.63,65.22,31.43,27.37,10.04493389674318,0.8095851014325984,41.74,774172.0,21.96364940618549,42.590832655196046,35.44551793861847,49137.0,30324.0,14574.0,6.059303494414041,4.22208657852724,0.6829462442173873,0.1613749773036768,55.57,3.200306683498825,113.8,-118.97769142113395,-28.67241753935426,35.30460146824674,64.35347403813775,-6.654106153890798,-73.3197452482193,13.722849323142627,2.2375299578035865,3.1380059356320076,-1.1760261430110133,1.8987268743338095,5.663600487373768,-2.737779910361084,-10.02736072535937,0.6299610754102501,-1.4600525049989483,4.92298408443962,-0.26289154766903655,5.761066856050555,0.960300095309501,-5.192617755602116,3.1752848936524285,-2.6541388361652705,1.6471065038815114,9.282077885942224,14.524450960039779,-5.819116984527404,1.7685877346829522,11.411658563065961,-6.175818331832995,-0.43122431676058737,26.502720991599688,6.02470504566561,6.960453466800973,16.871155641598936,5.255871627662949,9.47327818371433,-77.12568720292766,171.9172617459856
289.9,27.7,28.5,2.965,7.505,599.5,4.1,86.2176,3.9735,25523.0,815.0,31.1163,21.4397,17.1606,5383.0,209.2032032524324,6.680273112515471,122.001,42.695,30.889,6.378066666666666,23.09060459820272,0.495701072671828,46.74,578032.0,13.2,34.4,52.4,70896.0,35317.0,22722.0,12.79694947845151,11.127680470035047,1.418914034866713,0.2008954576580689,54.7,3.823301981301257,162.0,-103.19255824356726,-43.071438877391635,-51.208361955034384,-24.616702542962358,2.4422676302127813,-42.77923274073594,6.190778347708595,5.496256095572217,17.798288150050986,0.7938268240052276,-0.7290451975748861,0.16314797474847934,-0.6014069358111978,19.23876047211467,1.1858600929022416,5.829202008200032,0.40424011072260235,-0.672377037846794,2.422439746641709,1.8422287345782367,25.093450921128195,0.10451860471318179,8.791330244303678,0.9230554843670739,6.3005476915937235,6.337409677794977,8.946854116687705,9.45182662450592,0.5163833898298135,5.253260865573924,5.30655407128623,10.882806076440026,3.1274001403490543,4.0318018412636585,1.6605695590826979,4.358957686873622,12.368454211943321,99.11431224618961,171.9172617459856
421.2,27.7,25.8,3.15,7.335,332.5,6.25,113.44,6.47,113005.25,3048.97,56.37,31.11,123.25,170899.0,632.6927383685123,17.070544762331334,178.61,74.6,52.48,33.02,11.832260392384752,1.0136065476243834,41.19,962714.0,23.22925734100645,37.059541398199215,39.71120126079434,40450.0,30441.0,14677.0,7.420621787035737,5.286083690348805,0.6079000575173069,0.2002013844757149,68.94,2.9276694455737826,116.4,-54.08252259387441,-9.02461770756791,-0.5225777509201255,-16.23896931624506,-36.203077917948825,-40.7213226481205,-4.898195825146781,0.5664132726984104,2.919570865375768,-0.5824700759440521,2.431966910811219,2.1505726390692868,-0.6295988310314695,-5.55793480308959,3.702582068531385,-2.9813221040472833,4.70422692416818,0.3376819275979252,0.5087587129014236,-0.533246280914172,-5.675571711987722,0.36396740468801186,-0.5404179298664283,1.2317542166681943,-1.511436956221007,-1.4730289715854468,1.214152887024685,-0.5202727465141413,0.9891263083964198,-0.38227654412544104,1.25212092912911,2.0162542566967505,0.2977062251054052,0.20164261385681978,-0.2224094551669736,0.4962287707597705,1.5155424599141905,-16.421683969516113,171.9172617459856
307.4,28.4,27.3,2.87,7.675,501.5,2.75,97.05,1.21,106381.0,2590.42,55.63,35.38,100.73,137331.0,610.4028000918064,14.863552903373884,174.27999999999997,73.07,53.35,21.39,11.545413701275482,1.3286396630675812,42.31,858592.0,16.673582357043852,41.11565010222189,42.21076754073426,42877.0,31410.0,15449.0,10.182451797210655,6.929020407132105,0.954641587443107,0.2674869382660009,92.11,0.7650179205042184,145.4,-20.23650960839664,-21.65569596006613,-31.51929680826764,-8.451499771983363,-5.171618242433762,-58.80686394453631,0.13077822336539133,-1.9692172323989963,-1.918120367208805,-1.1983032657221577,1.9130234046451111,1.1197385336776864,-1.755729286139056,-6.115398115138522,-1.1578531334234856,-0.9166143343589894,3.265645927099202,0.11686259520317806,0.09508560357479519,0.55161475791984,-2.443776603438504,1.7679505651948633,-1.24708813268536,0.9041694968135557,-0.9022156516307339,1.18439585924226,-0.4999552165965248,-1.7527118065169391,0.6534542342694479,1.2364910070411856,0.019658252980249927,0.8141297284769814,0.42830301132596765,0.14252285901534714,0.4998333037023746,2.371282879953894,-42.111084657750126,20.743215085169457,171.9172617459856
453.1,28.0,28.0,8.735,8.125,1085.5,2.89,121.17,1.24,111887.0,1972.8,69.36,49.35,171.62,14251.0,484.1916219491085,8.537303098494027,231.08,91.11,77.42,35.98,15.308206323678789,1.4921568515595265,37.51,1010017.0,18.514367546917764,44.48838459533429,36.99724785774794,40876.0,30965.0,14316.0,9.36200276864403,7.781782798224389,1.0236131895309892,0.2773605197458011,95.51,1.0682843849976655,10.2,-39.189338453053885,-15.414996602117318,-23.45305297869413,-1.126416239841685,0.12954047544373948,-3.738582008520218,2.7464015845252043,1.3458456274529442,-0.9552123689131499,-2.3929080069228044,0.6828684964954537,1.8214035706679956,-2.715391553989612,-7.333674291839899,-0.025919436444916445,0.7203632165192775,0.7714345179110138,-1.140416809878466,1.017835712517843,-0.10969164480920746,-3.098977902220796,0.7988774628584109,-1.3274399385217142,1.173997590383322,-0.8506261324211178,0.958864032008374,-0.3022383002284927,-0.7224639148928708,2.6806918504481043,-1.0235233328508915,0.3803663941468909,0.5581639678407616,0.3688106204534414,0.2409181121876455,0.34326129948371326,0.14666883149999232,-50.819704209386835,-33.0068210388559,171.9172617459856
3.0,3.8,8.4,18.135,9.11,756.0,7.29,2.90776,0.115,1588.0,7.908338175479372,0.089,0.2026,19.077820000000003,4092.3,329.46058091286307,1.640734061302774,4.82,0.14,0.34,3.98,1.9414835306710216,0.2504382101047163,73.3,43717.2909103953,2.133822472423064,34.05945495650095,63.80672257107598,57754.0,39953.37,32733.15,7.989646389078048,3.576066916726457,2.2858259152713347,0.3546265201122545,56.1,1.3862737136567596,118.2,0.4254230941804898,-26.586008396031875,-37.799270207888135,-1.3299232401388386,-7.821205188082531,-38.04083845912207,-13.926613951618394,-1.9775601847372783,-2.3525513294447835,0.6687718734284878,-2.450832618788507,-0.39818920674345676,1.6187594166929646,2.798444204568707,-2.403757832767443,0.65061327790143,-4.811754882645329,-0.43654443770491685,-3.376733823706551,-1.1505583021752932,7.47742789486501,0.04612984706337192,0.24950277340908908,-2.0428866463779305,1.9142604202707287,-1.7308103386824951,1.7231501204481656,2.898992221591761,0.0037032717249039504,0.6207215149595872,-3.6470912208307222,1.8947335659557327,-0.25222869503777584,0.023985136410144003,3.7168617935769714,0.0570773291036795,-31.916929974148715,-14.19213962536383,171.9172617459856
3.0,3.8,7.9,14.545,8.375,982.5,8.57,1.2429,0.0576,178.0,2.865339918651946,0.0803,0.0452,0.0112959999999999,74.0,635.7142857142857,10.233356852328376,0.28,0.14,0.08,0.0,0.1127832756406402,0.0717922868966855,97.4,2310.438051510152,0.0183640280367156,11.209851980137037,88.77178399182625,126700.0,55075.29,33831.22,30.733895233898767,1.0251391827949203,4.746573554900874,1.0265837231057064,162.4,0.0828767350084526,44.0,3.3692263740922,-41.02708480101932,-24.756928592221815,-3.6403703256261863,-7.350787508653787,-22.56945884546808,-14.131405169835778,-4.339704541423513,-3.7246886547895457,2.2647118905217676,-3.0597933540803717,-1.6689363663899732,3.1878665726554245,5.961852578997303,-3.2051308698253727,-2.748618770456718,0.2834305254044011,-0.43999571728908266,-7.157209422004719,2.979824739926649,4.920311838012034,-0.3595935498829936,0.6988428023822292,-2.027521604749684,2.2090594613458947,0.7205409116235858,3.1873891047496965,2.168428492951207,-8.221391466307297,-2.3028783492309337,-2.0071383390195345,-10.415610706311028,-1.8434669106453654,2.2990225049162607,1.3902502137236306,4.9772768650755,-21.67362575451455,-23.715577334024317,171.9172617459856
7.0,2.8,8.6,16.765,8.7,961.5,6.2,102.81,1.7645,47925.0,843.0,43.5255,20.1416,83.8778,77459.0,294.8686396357596,5.186734756660309,162.53,65.61,36.45,18.38,34.437046921982514,1.6325084864460302,44.34,791032.0,14.2,49.0,36.8,60352.0,33354.0,19580.0,15.09150601532647,12.226414519989854,1.982933986704912,0.251596591393268,73.72,1.6047331291458136,43.6,6.297998923071815,-30.07781257737467,-20.65497402953527,-1.8461566452658733,-17.769145226564724,-32.62134672813777,-3.5488668910670107,0.2536654685414406,-1.6628388638778928,-1.2876818201395988,2.5032781065938368,0.7929608111184395,0.5727289317354253,-0.782241329997,-2.710597344796016,1.708561522179127,-0.858104030870214,0.2552986097941163,1.0614511466383294,-3.346359702008779,-1.5935330688996077,-0.5640386519193034,0.4032333785338172,0.6971153766002208,1.618678587221848,-1.0351266723855692,-2.6876329083725174,-2.986723853746271,-0.17074531744234023,0.2003898050422637,1.1506446740077798,-0.2205953521355203,-0.8394300471207418,-0.29966281904606085,0.5987687631805121,-0.7368644920224341,-47.68266527977617,-14.007277505085026,171.9172617459856
16.0,3.3,7.0,12.265,8.295,1023.0,4.29,79.7603,1.3218,37783.0,436.0,32.0201,11.986,58.2589,19506.0,317.1284444481749,3.659529465087586,119.14099999999998,45.663,16.368,14.3018,22.549304697785008,0.6391463480032891,44.35,477241.0,11.4,37.1,51.5,71561.0,34380.0,21443.0,14.98400185022494,14.347792906389309,1.8324918038196647,0.2479057292855512,67.5,0.1672320568252076,4.2,5.804905268007034,-51.53068291009674,-17.586172165502795,-0.7549990617856389,1.2296003033756293,-0.6343052499163112,-0.0454597393465998,0.794849330324214,-1.1385121452750162,-2.1074064739444305,-1.8478626969402334,0.3780647726279398,-0.6565365532125971,1.195708295156559,-1.1573918795989202,0.5124440930391808,-4.23703595317745,-0.4835573303792619,0.7145898888128183,-1.8395053850840022,-0.7430547797330643,0.1901218942816647,-0.6850657575076905,1.3729855024690416,0.9690506093110888,-0.35775104374392,0.7191160832547266,1.0757362745120191,-4.887075198025756,0.06899998262796313,1.121301855895436,-0.9045905495846319,-5.638374717348874,-1.0620151194278153,-0.1208771773249235,-0.8224018707623085,-39.28811705745329,-49.51260220471499,171.9172617459856
38.0,2.8,7.6,13.955,8.295,825.5,1.9,65.48,1.159547297297297,35404.0,628.0,32.7396,23.8933,28.3358,18135.0,353.61566120655215,6.272473032361166,100.12,42.91,32.89,6.89,21.692116085648387,0.4183057432432432,45.82,494396.0,16.2,34.7,49.1,52830.0,29483.6,14569.4,30.782770270270262,13.408445945945948,0.4610408828493061,0.2022597972972973,44.72,1.925112535577532,7.6,-7.2006919362667645,-21.058742757486183,-22.014496841880415,-3.4273211892795143,0.48559569278460213,-47.63892982543678,0.37406784387382513,1.218002425766705,-0.2496054071793333,-1.481897169609242,-0.9430129549372971,-0.5898347065981944,1.5725845996259398,2.1155178318813,-2.333160154157082,2.647028932186077,-2.083838139406871,-0.07734485371658828,-2.33393961446515,-1.6907257548805026,2.7377070593709747,-0.3994822853264255,0.4331136180763117,-0.07967235984978892,0.8022468747423641,1.6993714358564456,2.0180596054221196,-0.08961306647552802,-0.12217979928284357,0.1620167847466649,0.20896189788007094,-12.514158348185783,-2.16794990049287,-0.8779870623866247,-0.3495096150428667,1.2370787378361774,2.09955751100361,-61.96664783068118,171.9172617459856
25.0,2.6,7.4,11.635000000000002,7.975,1201.5,5.2,92.75,1.5386300675675677,45158.0,696.0,33.0483,14.6795,94.9691,6452.0,387.35632183908046,5.970149253731344,116.58,42.49,20.02,31.74,25.258358901966528,0.555059543918919,52.85,465622.0,12.3,44.1,43.6,67794.0,41956.5,22104.5,40.84636824324324,17.791976351351355,0.9989242570341496,0.2683831925675676,59.34,2.2573827403871096,51.8,-11.546892328299974,-43.64026096548886,-25.307818951903226,-1.3026490935015769,-9.23291653461599,0.6509899030113581,-1.196176910498954,0.4893708169072249,-1.1711512609439287,-2.151718079619266,0.7789383843160859,0.5660250664463571,-3.575515874190413,-5.2407176493244085,-3.831625434863381,-0.4331263860633309,-0.6873730536464903,0.15619023179479866,0.49325501289839363,1.2874042091130578,-6.636654629546684,2.3753706402750665,-0.8027807520353205,-0.737074517522316,1.4422055439938195,2.4663122656770673,-2.8148782128126655,-1.5070142229343768,-4.275425071499,-0.8560053564468384,-1.528513589641081,-16.28408500486364,-8.165654212965942,-0.323909493522564,0.43836358351012134,-1.8259437325169925,3.766500424679057,-31.48387624653677,171.9172617459856
9.0,3.0,7.4,15.845,8.64,1008.5,9.28,107.34,6.28,66001.9,1675.31,49.3,18.28,103.68,17174.4,435.2825957923893,11.048671107300668,151.63,65.22,31.43,27.37,10.04493389674318,0.8095851014325984,41.74,774172.0,21.96364940618549,42.590832655196046,35.44551793861847,49137.0,30324.0,14574.0,6.059303494414041,4.22208657852724,0.6829462442173873,0.1613749773036768,55.57,3.037306421527774,47.2,5.391462684910121,-47.40492415484196,-26.287073107812702,-2.1217570159103114,-9.80234653521717,-25.725211221696423,-13.208405690810176,-2.536463649873623,1.1220903242666598,0.17696224894297075,0.7835872507165208,0.7674330734306318,-1.983780141054499,-6.219741811060037,-3.4181129283287244,0.05190483535795128,1.5591969065197444,0.7191591543098909,0.8958499796711844,-4.868187722669297,-4.327694646549255,3.126664598290034,0.11886170635931026,0.848196050810317,-1.6576347417376631,-0.32339666311629245,-1.0933119344408624,-2.7255718555340214,1.0767334584550308,-0.8985926014200457,0.6299750487770276,1.6418128787796027,-1.260611182791181,-0.7733307570017253,-0.35819793469195105,1.0919346715952274,1.1218502982123741,-35.93036632244126,171.9172617459856
11.0,2.5,7.4,13.59,8.344999999999999,1163.5,5.85,86.2176,3.9735,25523.0,815.0,31.1163,21.4397,17.1606,5383.0,209.2032032524324,6.680273112515471,122.001,42.695,30.889,6.378066666666666,23.09060459820272,0.495701072671828,46.74,578032.0,13.2,34.4,52.4,70896.0,35317.0,22722.0,12.79694947845151,11.127680470035047,1.418914034866713,0.2008954576580689,54.7,1.4837156518106458,46.0,18.759380933239594,-96.97129569551053,-49.67912029732213,-0.963221390342807,1.955062719666553,21.240652444328493,6.2962589572998695,-0.00503139854331125,0.47912822591994647,2.6312044275326953,-1.5317432624901048,0.6802939748771829,-1.7694802182943876,10.794827527223775,-3.679772879555044,0.1760653572964166,-1.4255425337189804,0.15670180125627478,0.7556051545008123,-0.3770679021238661,8.073052341261256,3.540505185783841,1.8206068350312592,0.786617765063416,1.8049971949231525,3.11546870393135,2.2686928642191933,3.3294400577945606,-5.933445625603976,-0.27462376287750107,-0.9561738978912283,0.3654666309431219,0.1445818962622436,-0.007626102695549901,-1.1851849904097622,-2.98043921911313,-45.73186157249379,-34.32862078716358,171.9172617459856
16.0,3.1,6.1,14.785,8.375,1078.5,3.85,113.44,6.47,113005.25,3048.97,56.37,31.11,123.25,170899.0,632.6927383685123,17.070544762331334,178.61,74.6,52.48,33.02,11.832260392384752,1.0136065476243834,41.19,962714.0,23.22925734100645,37.059541398199215,39.71120126079434,40450.0,30441.0,14677.0,7.420621787035737,5.286083690348805,0.6079000575173069,0.2002013844757149,68.94,4.035604718365323,94.6,27.530722586982886,-115.23021166223721,-56.324484301044926,-3.039209783196759,-28.53886151494923,22.752971033457822,11.352900532570976,4.584325404472183,2.9545708095926493,0.6719042933251069,8.71205921641396,3.2301423377070275,2.3110051878044984,-9.835278868217328,8.440052172279296,-2.6820255642966373,20.46891347597042,0.5464782056429752,0.5520562943738604,0.46925529500546787,-16.96051929178105,-3.3303532359818937,0.4642877500434383,2.405035585056369,-0.8090052095381566,2.598991860401197,3.8544249486069475,-3.762622742452655,1.9398055513435999,0.934216623129324,0.8831962994874164,1.7947318969022819,-0.7048972816493692,0.3774817630493367,-0.6582368776404008,0.031191399379941014,7.593861311087384,-20.020604715348064,171.9172617459856
21.0,3.6,6.0,11.239999999999998,8.254999999999999,1068.5,5.37,97.05,1.21,106381.0,2590.42,55.63,35.38,100.73,137331.0,610.4028000918064,14.863552903373884,174.27999999999997,73.07,53.35,21.39,11.545413701275482,1.3286396630675812,42.31,858592.0,16.673582357043852,41.11565010222189,42.21076754073426,42877.0,31410.0,15449.0,10.182451797210655,6.929020407132105,0.954641587443107,0.2674869382660009,92.11,1.8627796943869903,120.8,1.2007107664799952,-90.15393670898823,-46.907471770745865,0.7426991982711453,3.274480830165557,10.078558921956768,5.570667571617137,3.1736114020901742,-1.734603129277625,-4.220205152001771,8.296795839725528,3.0838275327781832,-2.470835085347454,-7.726024538154403,3.4473968520713973,-6.595170590438266,12.822014154564433,1.0090168928153196,2.735919889385501,-0.4042364644290224,-6.41597059675182,-4.230881076471412,-1.7320909009920424,4.116304301484489,-3.4826616999087876,1.9199555796152001,-0.7621083544303353,-0.3205805409660873,3.9809575977409257,-3.2334567106685914,1.5973736848177698,5.543901110314761,5.415833911962494,-1.1260028835075613,-0.16372976749281865,2.4199473140140406,5.33172468053022,-15.391400271437595,171.9172617459856
9.0,3.3,5.9,15.11,8.315,1625.0,11.5,121.17,1.24,111887.0,1972.8,69.36,49.35,171.62,14251.0,484.1916219491085,8.537303098494027,231.08,91.11,77.42,35.98,15.308206323678789,1.4921568515595265,37.51,1010017.0,18.514367546917764,44.48838459533429,36.99724785774794,40876.0,30965.0,14316.0,9.36200276864403,7.781782798224389,1.0236131895309892,0.2773605197458011,95.51,2.768622661645136,8.0,9.612207338442872,-44.73659780933212,-39.899029101637815,-2.4114446790625026,1.5868942654365659,-8.216167432259924,-16.45792209002655,1.7303293802728865,-3.285573270291401,-0.7158417547990868,2.138074715196466,1.7666436098236604,-3.425574681653329,-8.263301182636837,-1.1654157926444892,-1.3714452363247995,-0.49776888166864586,0.02254127614976187,1.207560629268023,-0.6334451713537191,-7.245272804481599,1.512204988038479,-3.499091501282527,1.1310391969466596,-2.512127629059056,-0.11593439127396173,0.30789317408110994,-0.3794835008890376,3.322977634088605,-0.606873930239431,0.752641204707324,0.1475885888972944,0.5830962455963399,-0.01120331246250795,1.147470945394599,2.0653606385194414,2.1391830239499288,-52.23152994027515,171.9172617459856
0.0,20.3,17.4,14.575,8.485,947.5,5.62,2.90776,0.115,1588.0,7.908338175479372,0.089,0.2026,19.077820000000003,4092.3,329.46058091286307,1.640734061302774,4.82,0.14,0.34,3.98,1.9414835306710216,0.2504382101047163,73.3,43717.2909103953,2.133822472423064,34.05945495650095,63.80672257107598,57754.0,39953.37,32733.15,7.989646389078048,3.576066916726457,2.2858259152713347,0.3546265201122545,56.1,3.143757454428649,77.4,30.58190643119005,50.72307494064018,28.85851559250771,-2.783020552770855,34.67344691005069,-132.48766928930766,5.467093507070089,-23.27283309300275,-5.77461274207104,10.52757521574618,-8.970504435842548,-7.119431695511248,5.982244654472449,15.779653169359852,-12.79457779770407,1.048507326235221,-30.74893708402678,0.5263392202711392,-16.763080556575826,-2.7069478259375352,16.97849404512284,-1.9614590671223826,3.1648833966922645,-7.717795958641607,6.4920299300000375,-12.860110737670524,13.760441677219541,14.653972164539931,-10.042756691243653,-0.10532942101825367,-16.707366537360162,9.052547595441963,-2.6384076691900042,-0.12917393626955942,13.325972798086392,-7.421743094342141,16.42678922755023,-58.45692587185108,171.9172617459856
0.0,20.3,17.6,13.415,8.335,1130.5,1.13,1.2429,0.0576,178.0,2.865339918651946,0.0803,0.0452,0.0112959999999999,74.0,635.7142857142857,10.233356852328376,0.28,0.14,0.08,0.0,0.1127832756406402,0.0717922868966855,97.4,2310.438051510152,0.0183640280367156,11.209851980137037,88.77178399182625,126700.0,55075.29,33831.22,30.733895233898767,1.0251391827949203,4.746573554900874,1.0265837231057064,162.4,0.297841810791129,28.4,28.408922858336012,58.66769002857696,49.02605825687758,-1.8092693529743638,9.35544922277332,50.9723109663014,19.470191890352094,-3.3810970679887817,-6.5749933196666355,7.03659602608532,-2.841408074605281,-0.2546247782728906,3.3558878838922817,24.39452092474016,5.6469658292566125,-7.854468888542615,3.7415942551133536,0.10294664312619517,-5.818451571054758,6.423459439746414,30.55094934319301,9.969748804764812,9.440796557865097,-10.249365492143351,4.933472887463869,5.519707663220662,5.247901286256188,10.640848302484178,-18.390882913384903,0.6861447412179184,0.5743101267361433,-18.50434319240352,-8.786696168600269,8.114099674302455,6.10486403115327,-3.4460398914959947,-90.64784050167538,-22.631829016855917,171.9172617459856
18.0,18.6,18.7,15.02,8.594999999999999,1057.5,3.56,102.81,1.7645,47925.0,843.0,43.5255,20.1416,83.8778,77459.0,294.8686396357596,5.186734756660309,162.53,65.61,36.45,18.38,34.437046921982514,1.6325084864460302,44.34,791032.0,14.2,49.0,36.8,60352.0,33354.0,19580.0,15.09150601532647,12.226414519989854,1.982933986704912,0.251596591393268,73.72,3.703050757937504,42.0,97.55616866509119,86.95957346070867,67.93790202526763,-5.8620982423758505,45.77400683534177,89.60950968240546,10.536218986393262,-2.332284761969941,-6.3771694148595826,-14.948310734488373,-3.388166769063871,-1.9003282988785475,-19.360876632133348,-28.60113340231435,-11.694771236036901,-6.234908379977575,-11.513475324393566,0.2862577482856234,7.317180626716774,-19.350611679101526,-3.315598545114826,4.9092379309718135,-9.006503756353627,2.1363991199371752,-28.288464888363773,3.022904961680375,-28.30281216528577,-11.681875435436757,-13.209334821171744,-1.9880214850503546,-1.3285283950568794,-11.612866887633388,-5.08013467544146,-2.449573565733933,-5.233116410099906,-4.4839347836049255,31.39159681318793,-18.484183634688762,171.9172617459856
13.0,19.4,16.5,10.405,8.09,1208.0,1.99,79.7603,1.3218,37783.0,436.0,32.0201,11.986,58.2589,19506.0,317.1284444481749,3.659529465087586,119.14099999999998,45.663,16.368,14.3018,22.549304697785008,0.6391463480032891,44.35,477241.0,11.4,37.1,51.5,71561.0,34380.0,21443.0,14.98400185022494,14.347792906389309,1.8324918038196647,0.2479057292855512,67.5,0.2425162536584248,25.2,62.13115107574888,48.34332639448112,53.52255097092013,-2.786546573647455,-4.0080281989462705,44.53637254519854,18.90292818193324,7.390312770230231,-2.8381889597388543,-1.4600867592085471,-1.500919001745834,-9.530919152790839,-2.6310360432905124,-10.805726203034476,-9.978868969913266,-11.19293482763615,-0.3739279889850877,-0.5468884817177114,-5.364997279543125,-12.496313495367453,-18.977226961030002,-7.521864560642281,-5.7920696728009124,2.9352234873967245,0.4431866840668934,1.1092037911984776,2.6282565757073457,0.09318131156343235,-5.315869173530952,-1.2488518428336828,-1.5624725037533735,-4.881988517532597,-7.874100007095837,-1.4532972777448634,-1.6835133307209862,-4.452383483466689,-96.532613554328,-42.86829720068956,171.9172617459856
4.0,19.0,14.5,10.57,8.23,913.5,3.15,65.48,1.159547297297297,35404.0,628.0,32.7396,23.8933,28.3358,18135.0,353.61566120655215,6.272473032361166,100.12,42.91,32.89,6.89,21.692116085648387,0.4183057432432432,45.82,494396.0,16.2,34.7,49.1,52830.0,29483.6,14569.4,30.782770270270262,13.408445945945948,0.4610408828493061,0.2022597972972973,44.72,2.968340907496371,0.040305087,23.998701619147326,32.1675470407214,-8.918988679690909,-3.0898789476774,-0.692508706566881,-42.42934338943412,11.985794014014152,-2.702315321411008,-1.7631792989668158,-2.423082465056018,-1.5380254213946545,1.706807570094245,0.5483559006545656,5.303964201007813,-4.665210982738066,-0.3332995502348067,-3.0772310557325038,-0.21309054843227968,-2.1088433972156326,1.675001758957903,4.873850039627093,-1.4541855366714274,-1.6406444913024698,1.5429406526436402,3.204947942897365,1.9448851153953,2.6481737122436364,-0.7935776170808847,0.1777626483576992,2.3753070069601154,1.1490254163338498,-24.585987282567658,-3.574873737284604,-1.7291740323525522,-0.5036374738424362,-3.084040440476189,7.189064959407166,-84.53697291949142,171.9172617459856
4.0,18.0,17.9,9.715,8.07,1461.0,2.24,92.75,1.5386300675675677,45158.0,696.0,33.0483,14.6795,94.9691,6452.0,387.35632183908046,5.970149253731344,116.58,42.49,20.02,31.74,25.258358901966528,0.555059543918919,52.85,465622.0,12.3,44.1,43.6,67794.0,41956.5,22104.5,40.84636824324324,17.791976351351355,0.9989242570341496,0.2683831925675676,59.34,3.2347418220885573,101.4,89.5583156032185,57.709798900250654,54.72972313103111,7.5828065902212005,0.418854000722052,39.85239916814025,30.454570494474222,0.14910584598935372,-6.329944590281234,-3.2725374840068007,-6.828036853941147,-2.069362216889855,1.6379808315572657,-28.160621372934745,-12.735616660611706,-4.5306922505035425,-7.4956153289973715,-3.6434493991422094,-4.255157556125582,-2.078376805003117,-39.72634683328837,-16.863082529522174,-3.141944873868494,-3.562851890504047,-3.8559627174027256,-3.8172832050166705,-14.84610216702179,-7.277100384209,-16.400762721949725,5.870055585054216,-5.952354344303405,-36.889675541936114,0.9797508331295136,-5.125703053912151,-1.8126821841904928,-7.538359841920127,24.962964182035062,20.69533154997044,171.9172617459856
5.0,18.9,17.6,19.085,8.594999999999999,1018.0,4.43,107.34,6.28,66001.9,1675.31,49.3,18.28,103.68,17174.4,435.2825957923893,11.048671107300668,151.63,65.22,31.43,27.37,10.04493389674318,0.8095851014325984,41.74,774172.0,21.96364940618549,42.590832655196046,35.44551793861847,49137.0,30324.0,14574.0,6.059303494414041,4.22208657852724,0.6829462442173873,0.1613749773036768,55.57,1.743132531423104,62.8,58.40094449964817,64.35610339027052,61.90641282456383,-2.3774851444006657,45.932564148145424,82.92500586690461,6.831309738780832,8.937535499797669,23.636001803590133,-3.7274785511575934,18.486315288102876,0.15770748907079243,2.83337108552224,-34.95459032590268,-7.620426557454437,-3.791666926319396,21.716206156769005,2.517673377306972,6.568927728049459,-1.278571317022049,-42.83169503576742,-7.329089513451332,-1.15211194705374,12.235063081028253,-7.960369431738907,0.47122404447678673,-22.214495483185946,-18.014711766315152,-3.37598157911561,-4.606795124365019,9.582175174475026,38.6028056165374,-10.54196937141009,-12.254219735328414,-47.13489978828,-4.903990285359317,-9.181860146791049,-1.5749751868099011,171.9172617459856
9.0,19.2,23.6,14.19,8.595,1340.0,1.97,86.2176,3.9735,25523.0,815.0,31.1163,21.4397,17.1606,5383.0,209.2032032524324,6.680273112515471,122.001,42.695,30.889,6.378066666666666,23.09060459820272,0.495701072671828,46.74,578032.0,13.2,34.4,52.4,70896.0,35317.0,22722.0,12.79694947845151,11.127680470035047,1.418914034866713,0.2008954576580689,54.7,6.714196435747437,117.8,149.9001571790346,101.27442528784275,96.97980216169265,-2.436388335929562,107.82417371298965,172.73191817588017,-16.819914685275098,32.622993959183816,16.43804454413863,2.029536897636317,10.428492268162472,-0.8986121981125356,6.679765822199788,55.35262491036826,2.656035636759673,-8.16653121373151,-3.6672304733097527,17.839154176255693,-2.163006821072974,-0.2030424295490126,40.40196896106936,24.697942321067675,3.164865878991172,9.830994470592891,4.013119383224591,14.960457912374595,62.22691417031302,54.03086136875828,-27.519502412406727,0.9872195351869001,-13.089101485057435,40.002836223638944,33.856539791645496,12.305030310324689,-11.88135726445043,12.827610081389238,111.12491986686207,36.74951861220102,171.9172617459856
25.0,18.4,19.4,11.865,8.155000000000001,796.0,3.64,113.44,6.47,113005.25,3048.97,56.37,31.11,123.25,170899.0,632.6927383685123,17.070544762331334,178.61,74.6,52.48,33.02,11.832260392384752,1.0136065476243834,41.19,962714.0,23.22925734100645,37.059541398199215,39.71120126079434,40450.0,30441.0,14677.0,7.420621787035737,5.286083690348805,0.6079000575173069,0.2002013844757149,68.94,6.948430842739532,8.0,-5.631899323075388,11.201333145066549,15.476036144742586,-3.979467991990965,0.6733112927572801,-89.76171753171054,6.780129994773307,3.531158600070049,5.019584823793266,0.4720464731760603,6.237508742182203,2.2600514801017324,-0.32873156916582946,-13.28020612315585,6.448663236857392,3.371106568198494,10.062728272856523,1.9771337989655653,0.12251792644926662,0.9313049207224203,-12.640509728863448,2.9491113256601023,-2.588971984495872,2.3558446739970953,-0.2024734219249026,0.430231660354566,4.3833239095968475,-2.227325561163013,3.060012804066453,-1.330922132579918,2.549143188018348,7.513959832205444,3.0809683342487557,1.454805896148706,-0.28106522275600687,-1.7404332376329699,14.475392069322988,-126.34098365289667,171.9172617459856
46.0,19.0,18.4,7.425000000000001,8.035,1133.5,1.85,97.05,1.21,106381.0,2590.42,55.63,35.38,100.73,137331.0,610.4028000918064,14.863552903373884,174.27999999999997,73.07,53.35,21.39,11.545413701275482,1.3286396630675812,42.31,858592.0,16.673582357043852,41.11565010222189,42.21076754073426,42877.0,31410.0,15449.0,10.182451797210655,6.929020407132105,0.954641587443107,0.2674869382660009,92.11,0.9417771134586967,71.4,31.198462693009066,50.52793373577607,68.74128043985459,-1.1436075060954345,9.942193359949934,84.13784857143803,10.692678251137636,-2.0118185891878473,-13.114165247967469,-9.30375317391473,6.416369337008028,-1.0511069777483673,3.678529132301914,-34.64531009913422,0.0514742653180574,-2.4114668468168605,18.44897903530549,5.394378253061636,-4.924500278135143,0.25549791422906115,-12.900824726416417,-8.146293844291952,-37.52058453149939,3.6575428857638843,8.831847696984196,8.069597266479393,2.0892303892830313,-4.43579517228141,5.680229872496177,6.8364098735495205,3.222890354723978,1.4014268446930995,16.644864885245138,2.28087847673955,-0.38248899054247865,2.0231993668697146,-137.92694906170402,52.29267504697045,171.9172617459856
10.0,18.9,20.3,12.95,8.41,1821.0,5.73,121.17,1.24,111887.0,1972.8,69.36,49.35,171.62,14251.0,484.1916219491085,8.537303098494027,231.08,91.11,77.42,35.98,15.308206323678789,1.4921568515595265,37.51,1010017.0,18.514367546917764,44.48838459533429,36.99724785774794,40876.0,30965.0,14316.0,9.36200276864403,7.781782798224389,1.0236131895309892,0.2773605197458011,95.51,2.302843462287003,19.8,37.187489484132584,22.8779724740951,15.859897592935397,-3.387868928224778,-22.792739987071442,-9.463534569816353,-2.2692711481498526,6.0814547901608345,-1.0532688925663605,-3.832400986148668,3.6253991792250098,3.0039626696007296,-5.136257032517654,-16.27855650917316,-4.2129355424906425,-1.9908261866013834,2.8185407571277294,2.7503838534397076,0.2880427999670336,-2.390242996052842,-15.804488546172314,1.5140694995488344,2.5342249125374128,9.64524435957428,4.800220554407374,0.9717263105899735,-1.1906363238440851,-1.8380322550547568,6.576881780466063,3.7653512680002805,5.381414429534537,3.944068709627411,1.26791354976905,1.4619315249736704,1.5283936756756182,2.991931452810142,12.64171808763873,-144.0361881824505,171.9172617459856
406.5,28.1,25.0,8.935,8.455,276.5,3.36,0.7773,0.0,12.0,0.6876815804764671,0.0007,0.0051,0.023982,5294.6,171.42857142857144,9.824022578235246,0.0699999999999999,0.0,0.01,0.01,0.02819581891016,0.1652892186691128,90.7,3055.4045483894115,0.0595207257760765,21.668917363058736,78.2715619111652,78113.0,49348.53,31412.48,18.77858494367249,2.360204165039463,3.730853285200316,0.6732214686623013,106.5,0.2217536280750525,6.2,-59.005976730798146,-21.106566883728373,4.7917283212234425,-2.8319320426947265,3.455354057915199,-22.58871622192557,3.2969693829216205,0.1367461117360899,-3.164405509293235,-0.04299385795990577,-1.7718960063186622,-1.7794044300029055,-1.7190319377032577,5.2130182257465405,-2.6529392433430425,0.036133306045474226,1.2076452498595842,0.16813004606636228,-2.7232389577082348,0.33191260810669854,6.112209810845088,0.6528529614706828,0.3654007743493033,-0.7514656007274366,1.1924201688639984,0.9165648544645709,2.3207652785322463,4.240525618505198,-1.3514166578937636,-0.03378722051585492,-1.170174511289224,-3.816452822778372,0.3748964835994402,-0.27246862250147313,2.2713810634939007,2.728272538648453,-30.39394555343897,-54.516906647423745,171.9172617459856
180.9,27.2,28.3,6.84,7.81,215.0,1.59,66.2474,1.0595,34376.0,483.0,28.7012,25.1718,28.6734,5797.0,379.3590535887702,5.33018451487596,90.616,40.315,35.368,6.809466666666666,17.150500621066524,0.5104117114683594,57.69,245093.0,4.046117032847509,70.70339991554594,25.250483051606547,87265.0,36610.0,23148.0,20.47279770573432,11.45791031431516,5.074354330870425,0.2603928326866012,70.9,4.952299332174055,48.0,-34.321188223343725,-24.481981958479153,-17.09215091695194,-2.5220062638299203,-7.488326473226771,-53.8068423977929,1.704933742379848,-0.4635375756886775,-4.299626874738219,0.28399647221822993,-2.225877775936,-0.028708690274505417,0.3971871472332465,3.701945469890102,-4.813459494846565,1.1447349099527735,-2.0554884568089604,-0.17667323106162555,-0.6969011271419013,-1.4189121232705648,4.763994580055583,0.5442439707228898,0.7749040849382691,-0.12236721231912624,4.149261419515432,0.7132267491500063,-3.1887951655926483,-2.744719575285755,-5.718701190357486,-0.022984919568213635,-0.2859329675161269,-5.228697245996447,-2.735501161137751,-0.6571975089283643,-0.1889752641102901,0.036060209998782976,1.1358292271433554,-14.442302154974314,171.9172617459856
136.1,26.7,28.2,8.015,7.975,330.5,1.53,49.1485,0.47,15878.0,356.18,8.5477,7.134794327171835,4.120444715233774,11534.0,282.58702925891646,6.339075959279561,56.188,19.8872,18.41727,0.953,16.5223150965168,0.404246719542003,47.87,256107.0,6.0117218158366414,18.17413190276764,75.81414628139571,45012.0,32296.0,14288.0,6.990829016588316,9.211165561563142,1.5733199943233478,0.2193897616698903,43.22460681495,0.2320021538408503,4.6,-36.915689699951706,-16.42664155393412,-22.55695298658257,-2.330871628623378,-7.781519205628041,-29.59927736579712,-0.27526727361526965,-2.2749438835591222,-3.0390445673380344,-0.32614079580952715,-0.08513178004805529,0.9388672764832159,-0.3649732377108503,2.742511312226611,-0.03126985036574079,-0.6336729466775426,-2.2978242312371715,-0.25947583669718927,0.023055410862434123,0.47338419181139474,4.550596997417742,0.9360878442553792,-0.23575210518746767,0.4335647808492647,1.0467796115251242,-0.24973675456053454,3.236322781621322,2.4827813016281763,-0.07342590226248664,0.44492942174896594,1.4976774259214303,0.6619376831039957,0.27704032757940283,1.170415177925799,-0.04359292224049594,-2.1475374617687586,-41.30860730301588,-23.552734849926008,171.9172617459856
218.7,27.6,27.9,10.915,8.14,525.5,4.03,94.75,0.975,80886.0,573.0,36.035,30.6179,69.9425,59746.0,503.33227546810537,3.5656280919222656,160.701,59.489,57.403,13.697,44.04493523854282,0.7705005543685988,37.51,683165.0,24.81513784080998,29.71825110917296,45.46661105001707,37563.0,37438.88,16936.21,15.717915646179634,15.449625511761106,1.4422353381379165,0.3216419673452932,70.17,0.5816238191028411,11.0,-33.97647118712426,-8.13774650632404,-37.189857298565336,-1.625225553456694,-0.3112534021506624,-28.831910708129097,1.3617561902691755,1.5895355141333594,-3.1136425072387426,-0.16974248862670227,-0.8230192998730731,-0.05030144019440482,-0.07068471215083276,-1.336259879410887,-2.1536225678135326,0.5555982796172626,-4.554220674751945,0.32112341950570084,0.6390543196451214,-0.09380657549326533,0.9957820415702506,4.0638763781927985,-0.9050206698632467,2.450821085450784,-0.0886448667175153,0.8816683240735447,5.4992171797102,-0.12308340018692727,1.0227270645640476,0.23960263760760345,0.5455200636464493,-1.0888614209337792,-4.5077993064959685,-0.25544851130495483,0.1024581880626866,-0.2547698920088194,-36.703865523826096,-25.784239808000468,171.9172617459856
218.7,27.6,27.1,5.27,7.38,366.5,3.81,94.75,0.975,80886.0,573.0,36.035,30.6179,69.9425,59746.0,503.33227546810537,3.5656280919222656,160.701,59.489,57.403,13.697,44.04493523854282,0.7705005543685988,37.51,683165.0,24.81513784080998,29.71825110917296,45.46661105001707,37563.0,37438.88,16936.21,15.717915646179634,15.449625511761106,1.4422353381379165,0.3216419673452932,70.17,1.943079920796184,51.2,-55.656176952038656,-23.677145566800604,-34.097277915097074,22.255541603694436,-13.124437314290937,-39.69130540079243,1.2982132198622762,-0.02605608972798414,-5.954739001178342,0.02546518618706532,0.15480023813356333,0.37358616634582437,-0.8671776982307593,-2.260710439877583,-2.000589855993942,-1.2917478961908895,-4.194483477824832,0.03223745606063524,-0.865602770159022,0.7985128325084222,0.5620915329270065,3.5372595496165253,0.09740373446528605,1.199374430031747,-0.7558333828831855,4.603016875858109,3.0928078321095858,0.1548347621151078,2.407286260335241,0.971238909416133,1.5378717265864068,-0.6197609196859415,-4.481524689261181,-0.42521677583999223,1.144320647839922,0.012225111461398264,1.1779922562864764,-27.264108204750034,171.9172617459856
324.2,27.7,28.9,7.24,7.75,337.0,3.7,65.48,1.159547297297297,35404.0,628.0,32.7396,23.8933,28.3358,18135.0,353.61566120655215,6.272473032361166,100.12,42.91,32.89,6.89,21.692116085648387,0.4183057432432432,45.82,494396.0,16.2,34.7,49.1,52830.0,29483.6,14569.4,30.782770270270262,13.408445945945948,0.4610408828493061,0.2022597972972973,44.72,3.794964011183334,30.8,-42.7716056787467,-17.885488507271127,-11.863711031429313,-3.676743032293549,-6.989319778094845,-39.7511990725249,3.672637005717647,-0.3786547293545069,-1.7431508572508276,-2.923683060605546,-1.2051373607238436,0.45682601505735004,-3.533563118245602,4.519305755915895,0.00011574541839332042,-2.504797487377656,-0.2886051587620739,-0.021980008413857593,-0.4209337760973751,-0.779321078293337,4.725007686038343,0.2865521518777436,1.9170412152512786,0.3140334402467119,2.168220853910316,1.1945389339971983,1.6383195731850957,-0.32155908890223767,0.09013222162223873,0.9236530858837059,0.47807174535545904,-20.31543146901919,-2.0043833502731268,-1.015169892663445,-0.2318209703398547,-1.9986816893044537,0.8451999722933388,-32.48351708825523,171.9172617459856
472.3,28.1,29.8,8.225000000000001,8.395,391.0,3.49,47.0,1.3107136824324324,36372.0,288.0,18.2749,8.0877,23.6982,13421.0,653.2327586206897,5.172413793103448,55.68,23.55,11.03,7.75,12.063693803924313,0.472838893581081,63.26,168105.0,10.1,30.6,59.3,59606.0,41956.5,25127.5,34.79581925675675,15.15646114864865,0.5191153820594531,0.2286277449324324,50.55,2.8584572661892107,42.2,-56.189931695218355,-21.14704784317175,-1.17547071270179,-2.646460696510814,-9.031200763227343,-37.04005183463605,4.576774597854042,-3.13400735755063,-4.2502109206390255,0.11931426256972644,-1.178370192050935,0.5112891512922929,1.3980972847955597,1.140010251952723,0.776576093937425,-1.994347544114574,-1.6305668323475369,-0.30469585448813835,-0.385581637855307,-0.032645169786022755,6.065351928917998,0.0634269673974857,-1.133248853056381,-3.003680789862605,-0.3179624396733307,1.9787313942541365,0.5157924337009907,0.36252487224876023,-0.5632462477567578,0.8084069695610875,-1.5667519499640898,-12.908780239690097,-7.569395377016625,-0.06076479814946484,1.0755896636758335,0.9470238145887065,0.5132706870165777,-25.478582656967145,171.9172617459856
605.9,28.6,26.7,3.3,7.68,349.5,6.06,13.72,0.83,7014.7,78.24,7.31,3.49,34.58,2219.0,256.8546320029293,2.864884657634566,27.31,10.63,6.92,6.91,1.80918779080694,0.4565479911105388,75.7,148886.0,2.978968581939072,42.82646793950212,54.19456347855881,46502.0,34131.0,20135.0,14.867372524025823,2.380954321306591,0.8667399117112345,0.2182642305946436,75.16,6.241278028132487,216.8,-140.63107945310338,-25.792044017099162,5.0774458490211245,-13.431611151044876,-2.0925648429857877,-3.5926891836572494,-5.414181549335673,-8.340371942246955,-5.092889397109389,3.6274849557391575,-4.564808973264101,-3.5123441152262984,2.6531769269545697,7.926312507612166,4.7736072765019095,3.822028169853921,-5.467236488747101,1.2455476717336615,-6.190638338375145,2.642301361675686,7.180818485819035,11.713587920418165,6.177059506240763,-4.078235787257238,4.257391257111064,9.147633814688303,-3.113503185478034,1.4821771935621844,4.85060394964491,7.7240300406251725,0.9919503819725156,-0.12221671717862155,7.218985199190601,0.5930969534441818,0.26499091379576994,-1.960232173885843,58.200870124757245,132.2332210227331,171.9172617459856
421.2,27.7,27.4,4.69,7.699999999999999,438.0,1.68,113.44,6.47,113005.25,3048.97,56.37,31.11,123.25,170899.0,632.6927383685123,17.070544762331334,178.61,74.6,52.48,33.02,11.832260392384752,1.0136065476243834,41.19,962714.0,23.22925734100645,37.059541398199215,39.71120126079434,40450.0,30441.0,14677.0,7.420621787035737,5.286083690348805,0.6079000575173069,0.2002013844757149,68.94,6.791045914922005,222.8,-161.4248486504898,-9.291214601248504,-231.49263573111386,149.7802866242989,-31.012170437892966,-20.73921854294371,-7.145470734657709,30.224820056562706,69.61212077983423,1.0075991578136285,11.475647357626976,12.80915942974466,14.857984519648207,-52.6879760371397,-43.28482405850821,-24.326189331193458,53.68928886521298,3.2403139543067634,16.253640543667906,17.117063541925354,-27.526239847783,14.830330285689948,4.725337168409031,12.376922728970724,4.994628858012143,24.431266643684353,9.175870990940213,-0.5292155403861093,-16.363942483464086,-77.36089619779956,-18.25610403529214,30.172062046874,17.533959548661944,-0.06775003472730538,-0.397737165680927,-17.89414627743575,69.5904094482997,228.56753693014153,171.9172617459856
354.1,28.0,26.9,2.185,7.359999999999999,305.5,7.57,78.86,1.51,42101.0,1310.02,57.39,30.39,103.24,45409.14,239.6050310170167,7.455580217403678,175.70999999999998,75.89,47.08,23.13,11.640145980325425,1.1288686636714582,52.2,686334.0,16.06716086336319,29.95130135865117,53.98150854710848,36106.0,32559.0,16815.0,12.881572327495135,5.887189901806822,0.6001059414337037,0.2742822855197458,94.45,1.898747634180644,255.4,-93.11583018251851,-30.875232485204464,-6.53846655459803,-25.103236500013153,-31.593513122059324,-53.90359658622959,-23.956671435060755,0.569814550656201,-6.308881208377425,-1.2974992968933658,0.9379594078822979,3.8438457025835917,-3.5389804379005554,-6.202016154874972,-4.215137184613853,8.530619759350861,0.37030256468337,0.2502383563962461,3.1189221189442695,-3.6733386432053527,-6.6579768982785765,1.8809153957944396,1.8331265725924955,4.388087938660756,1.9128205520539365,-0.33879000906755063,2.922921733765399,1.867258891482292,7.799039897257853,3.2462815307934494,5.251593186134318,4.774930888265373,4.673985800452066,-2.3676743890387772,2.69476568196357,6.715906654718178,8.24880575567057,121.4676030278237,171.9172617459856
594.3,28.0,27.4,6.365,7.775,1219.5,6.48,111.07,3.69,99177.0,1003.5,55.58,40.03,120.87,13627.5,546.7309812568908,5.531973539140021,181.40000000000003,73.25,59.84,31.27,12.01708770605562,1.3716441835883986,39.96,1202915.0,16.431187710251496,41.28557796152066,42.28323432822784,53308.0,32689.0,17803.0,9.539679628333618,7.153294308153317,1.1848298070618952,0.2653379822968679,91.37,2.633425714619168,116.2,-57.332981465795505,-20.640022444591548,-56.48437766780961,-2.511426264971182,-7.710857581214515,-5.305708458630057,-7.366163553550918,1.176441728667512,-0.13625429217199242,0.1909884886463025,-0.4518317713638916,3.4418224030601166,-4.983111010910947,-6.817834077135583,-1.0972571952369377,-2.2175864709273436,0.0013920916725547183,0.9662898845303208,1.4374745161858558,0.26248024017628047,-5.887440522835046,-1.014763522737194,-0.05886075951392031,3.6661222090455676,-1.6186734093019435,2.5102976009893876,-0.5004337033730314,-1.7997878278116695,0.6139954544270095,0.8572606356065564,0.8810875674410865,1.548576656828324,0.5756569029546026,-1.0021945786375264,0.9246887588376796,0.23704072367012055,0.6681025302621598,-6.84016870512239,171.9172617459856
3.0,3.8,7.2,11.245,8.260000000000002,303.0,7.99,0.7773,0.0,12.0,0.6876815804764671,0.0007,0.0051,0.023982,5294.6,171.42857142857144,9.824022578235246,0.0699999999999999,0.0,0.01,0.01,0.02819581891016,0.1652892186691128,90.7,3055.4045483894115,0.0595207257760765,21.668917363058736,78.2715619111652,78113.0,49348.53,31412.48,18.77858494367249,2.360204165039463,3.730853285200316,0.6732214686623013,106.5,0.1776234126915184,4.8,2.506843906500532,-13.071245205043036,-32.17220756754318,-0.46493714906042505,-0.3564787406827494,-24.337365598179556,-15.509493217595155,-0.5833749567872532,-0.47159919314241616,1.358559470162726,-3.2582139130336394,-0.2565640777136035,0.3703773651419527,7.923071148681141,-1.0305971932077453,0.7253008876667199,1.133760232171047,-0.10017936700916251,-1.2083657725302812,2.973835678097483,2.3828954271359044,-0.5257336955230371,0.22916100115360113,-4.185658368825292,0.8818668022565546,0.07437564815782555,5.821469902502918,3.8777953112668673,-1.9501367131915586,1.0433273964549885,-1.2226677074376509,-3.1671571597868247,-0.19075757067650445,0.7956625340230908,1.5331482714903544,0.09588042088318584,-20.740929594728318,-80.81422166592053,171.9172617459856
14.0,2.8,5.1,13.27,8.425,1215.0,6.35,66.2474,1.0595,34376.0,483.0,28.7012,25.1718,28.6734,5797.0,379.3590535887702,5.33018451487596,90.616,40.315,35.368,6.809466666666666,17.150500621066524,0.5104117114683594,57.69,245093.0,4.046117032847509,70.70339991554594,25.250483051606547,87265.0,36610.0,23148.0,20.47279770573432,11.45791031431516,5.074354330870425,0.2603928326866012,70.9,0.3694630545104699,73.0,18.000638838411934,-83.29764018573333,-28.165036898420656,-1.4887726861463566,16.211573493859422,9.918494525602242,-11.328286170864788,-2.8398441106406973,-1.4340576223811727,-1.238930359367904,-1.5381753568568586,0.27013206787717864,-0.6440673960481468,5.709555399493934,-2.4508690972230407,1.2828768162879425,-2.992911631912771,-0.07074770208137589,-1.4221970441060445,0.9162965665222161,6.74315658319819,2.877708481328249,3.4786998986491646,-0.5127634232351551,3.582279676880377,0.258643541036484,-2.1228802180010837,-4.831276280279268,-5.6166168100146265,0.378843973708959,-0.12244743486866454,-3.2236143024304567,0.8504412095046892,5.108321870036112,0.052947759669432846,-0.8576906901621243,-45.45291999285652,-4.298743306393735,171.9172617459856
24.0,3.0,6.1,9.15,8.469999999999999,372.0,5.07,49.1485,0.47,15878.0,356.18,8.5477,7.134794327171835,4.120444715233774,11534.0,282.58702925891646,6.339075959279561,56.188,19.8872,18.41727,0.953,16.5223150965168,0.404246719542003,47.87,256107.0,6.0117218158366414,18.17413190276764,75.81414628139571,45012.0,32296.0,14288.0,6.990829016588316,9.211165561563142,1.5733199943233478,0.2193897616698903,43.22460681495,0.6497257180629703,3.2,-8.59652480994351,-45.76355656465865,-19.277266689761316,-1.9047675701568363,6.888500048150305,-28.613851267092006,2.56420008063976,-1.1700972209564238,-2.8320175997194994,0.04091438715113396,-1.4961401892414639,-3.107193983624841,-1.9291478617477686,0.8530767853138984,-2.044690372558542,1.2394835147075352,-0.11271661409448536,-0.18703930745172817,-0.4194952642979735,-0.13706950144920044,6.314781807423959,-0.3095735700506119,-0.06204965178622013,1.9957422013441093,-0.24103195369476396,0.6503772829884301,4.730383852270508,0.43178007039202626,0.9915135318987732,0.317980112489314,-0.022061742715304408,2.856430907609564,0.6951865536863157,2.3913214073357323,0.1727043014376708,-0.8189053591348522,-33.99818910921808,-51.97383030278143,171.9172617459856
27.0,3.0,7.6,12.96,8.575,349.5,2.42,94.75,0.975,80886.0,573.0,36.035,30.6179,69.9425,59746.0,503.33227546810537,3.5656280919222656,160.701,59.489,57.403,13.697,44.04493523854282,0.7705005543685988,37.51,683165.0,24.81513784080998,29.71825110917296,45.46661105001707,37563.0,37438.88,16936.21,15.717915646179634,15.449625511761106,1.4422353381379165,0.3216419673452932,70.17,0.3648298597351473,0.040305087,-11.200465530811343,-35.54878528567108,-14.430027370733056,-1.6456719266631017,11.505643463896897,-36.30031638560778,3.383109752647581,0.2564941827518236,-3.60954192438008,-5.822620805560923,-0.5558133500985175,-1.0020560431573533,-0.9726345099027572,-1.8389894239441482,0.7925359811563982,-3.6726972264330837,-3.582394298927395,0.8460324490993908,2.234670462196229,0.3820150916340455,0.05917694413956905,-0.97305125821925,1.4839274196497483,3.7184547803155117,2.258755669003195,-2.681717338633413,3.7003031492124623,-0.2659941477157795,2.55702888818613,1.25064334526891,0.20817040560223868,-0.014912715285705624,-6.862605344849484,0.3088616954123906,1.3854196765995592,0.74126975990405,-23.937077819025145,-53.98144105837137,171.9172617459856
27.0,3.0,7.7,16.884999999999998,8.47,250.5,3.6,94.75,0.975,80886.0,573.0,36.035,30.6179,69.9425,59746.0,503.33227546810537,3.5656280919222656,160.701,59.489,57.403,13.697,44.04493523854282,0.7705005543685988,37.51,683165.0,24.81513784080998,29.71825110917296,45.46661105001707,37563.0,37438.88,16936.21,15.717915646179634,15.449625511761106,1.4422353381379165,0.3216419673452932,70.17,1.4923483582576018,1.2,-5.028765193914293,-36.90372354754246,-23.493380154951396,-1.1487661163896947,8.435189152472496,-32.66428708325334,1.0773074190182765,-1.0585382518878503,-2.9704120038232467,-1.054490026476173,-1.7995965272374466,0.9908383036734684,-1.1522041571955186,0.5733187975101935,-3.6602344870353902,0.5542290439926256,-1.9579763599415312,0.034165381488078836,0.3567244272073728,0.24443509224802254,0.18965217294016268,3.1147822764515865,0.9942821942106828,1.1351293586613602,1.6923975329582266,-1.2431081848382028,1.701025665682199,-0.13085520283512977,0.18397395501281907,1.1867670968570725,0.8139558694069281,-2.4176596425458157,-3.189761992335164,0.6646469972247718,1.1090120578021747,-0.3526938825651707,-23.643551028429062,-53.06277992053908,171.9172617459856
38.0,2.8,6.0,15.07,8.33,466.5,1.56,65.48,1.159547297297297,35404.0,628.0,32.7396,23.8933,28.3358,18135.0,353.61566120655215,6.272473032361166,100.12,42.91,32.89,6.89,21.692116085648387,0.4183057432432432,45.82,494396.0,16.2,34.7,49.1,52830.0,29483.6,14569.4,30.782770270270262,13.408445945945948,0.4610408828493061,0.2022597972972973,44.72,2.7626199012669885,4.6,-7.385590880491848,-23.35251851738276,-26.393816410309324,-1.566651697455285,0.14662139441662522,-40.091037699909265,-0.6070748532198688,-2.496801961298722,-3.488307266083234,1.9494770250143496,0.20193371579516714,0.18071835576401282,-5.820437298459002,7.254714251544793,-2.667289406989001,-0.9458061886640873,0.3127485095554314,-2.2532604916246304,-1.1083331638892808,-1.5169877605466155,3.947574896444566,1.3569696103579665,-0.4640968850666352,1.4430846749184065,2.867991759282304,0.5466238469413188,3.4605935975528954,0.3227112409224109,0.017484219719191552,-0.3820993481141868,0.1524462493264565,-21.306409708815632,-6.759393631984324,-0.27452683747901174,-0.5226925491619229,0.16680190328663813,1.1000238691053033,-47.90549782541037,171.9172617459856
31.0,3.9,6.9,15.045,8.495000000000001,879.0,1.98,47.0,1.3107136824324324,36372.0,288.0,18.2749,8.0877,23.6982,13421.0,653.2327586206897,5.172413793103448,55.68,23.55,11.03,7.75,12.063693803924313,0.472838893581081,63.26,168105.0,10.1,30.6,59.3,59606.0,41956.5,25127.5,34.79581925675675,15.15646114864865,0.5191153820594531,0.2286277449324324,50.55,1.0424781970353116,14.2,-10.120401050649818,-31.17423517790157,-19.364048346115936,-2.136553638271286,10.144946275495851,-48.78485586979736,0.5109221090807122,-1.694083388788859,-3.311991976222488,-1.4906944484224878,-0.30630244177067756,-1.1499122362552794,-3.441960588042471,2.62970031547787,0.34481807258523345,-3.0424784928304143,-0.7492724877945145,-0.7740396306865559,-0.26187835910124757,-0.7015145018498866,4.121566469118311,-1.4563010445384632,1.9400216585498622,-1.3190201905377523,0.20551534173428024,-0.6416661115817273,3.287215864464331,2.4069710998050886,-0.6144953116343795,-0.7345291034991787,-0.8958929922668419,-11.643184243567909,-5.294689522527622,-0.6290138615407833,-0.011752232448198743,-0.1294452279472454,-22.161969084242596,-23.41145479289776,171.9172617459856
16.0,4.7,5.8,16.335,8.58,1070.5,7.39,13.72,0.83,7014.7,78.24,7.31,3.49,34.58,2219.0,256.8546320029293,2.864884657634566,27.31,10.63,6.92,6.91,1.80918779080694,0.4565479911105388,75.7,148886.0,2.978968581939072,42.82646793950212,54.19456347855881,46502.0,34131.0,20135.0,14.867372524025823,2.380954321306591,0.8667399117112345,0.2182642305946436,75.16,4.120915913484182,55.6,20.450044948305003,-5.833717668122067,-63.9590858187899,-3.854814130441907,16.852162972198176,14.438168379364841,-41.269043275474104,-6.372997196052844,-4.376574013332527,7.122776583133575,-4.066698810638239,-0.025683542779879016,2.1342545185129445,10.062168613328831,-6.619082141801094,6.267584950962725,-8.895161163935752,-2.1405698339090025,-6.238953875551623,2.2801054930062197,7.004803626672363,-4.865929560804893,-2.390290824011123,-10.070855547475317,4.667671390209192,-0.8522459283529317,-3.1487070895141644,2.172034762753174,1.8749268477394512,-0.8063931290091318,-1.0367943418010455,-1.7055750539262469,-13.26341967290927,-2.7373742051857164,-1.6520637743035327,-0.41337486976137,12.137414022779561,-29.835854368513292,171.9172617459856
16.0,3.1,6.2,14.31,8.56,1012.0,5.54,113.44,6.47,113005.25,3048.97,56.37,31.11,123.25,170899.0,632.6927383685123,17.070544762331334,178.61,74.6,52.48,33.02,11.832260392384752,1.0136065476243834,41.19,962714.0,23.22925734100645,37.059541398199215,39.71120126079434,40450.0,30441.0,14677.0,7.420621787035737,5.286083690348805,0.6079000575173069,0.2002013844757149,68.94,4.090535388196412,39.8,16.664820011545284,-102.15990811462903,-66.69937522353528,-3.643421988193879,13.450331917859147,28.58620540255137,6.0781777560090084,3.769235076446396,6.29621517491682,-0.1059558394333946,6.63028981915675,1.9231151071811698,-0.2635841978069715,-9.732491547302343,10.776932779620402,-2.0105172100414843,13.884602922367243,0.15223828277938675,2.0170417662927256,2.1175821469305087,-18.96195809710849,-0.7187594720798879,-0.2822541492797102,3.563413705395068,-8.813366323375766,-1.2980318312548749,5.009671884179113,-2.331354554708423,4.649247672866721,0.15885486219156242,0.9745910945829649,4.363239851075534,-0.8421605080940427,-1.3666259264883933,-0.9754210090621708,-0.01579783548290359,6.659581866106016,-65.13523665927505,171.9172617459856
21.0,3.3,6.8,14.385000000000002,8.370000000000001,1125.5,5.43,78.86,1.51,42101.0,1310.02,57.39,30.39,103.24,45409.14,239.6050310170167,7.455580217403678,175.70999999999998,75.89,47.08,23.13,11.640145980325425,1.1288686636714582,52.2,686334.0,16.06716086336319,29.95130135865117,53.98150854710848,36106.0,32559.0,16815.0,12.881572327495135,5.887189901806822,0.6001059414337037,0.2742822855197458,94.45,3.2767096560012816,125.0,3.677115972326915,-115.54848368334274,-60.22892738315431,-6.2979693158661645,-21.712559724823418,25.418700604662302,6.2195239351367775,-1.5045355593420862,-0.38754430823804437,-1.8886180859524782,3.547047742140322,3.2835217948894324,-3.9556582456120952,-14.68174058753299,0.4478043622119993,7.965853542382444,-0.3540231346758098,0.4463596382457758,3.719821499126654,-3.416866759511951,-5.883797981726623,-0.5548713810912661,2.250662572632234,-0.46040435950271935,0.38598150407391046,-0.9631495431880447,3.7131500141912475,3.2323261992260828,11.031831959198849,-1.1196513061908349,0.3234849741674625,5.091730122735802,4.602995316218581,-1.0778642340865918,0.8124872195503346,-0.8262012631578068,13.127146426166874,58.57654939678497,171.9172617459856
11.0,3.3,5.6,13.0,8.15,1637.0,10.9,111.07,3.69,99177.0,1003.5,55.58,40.03,120.87,13627.5,546.7309812568908,5.531973539140021,181.40000000000003,73.25,59.84,31.27,12.01708770605562,1.3716441835883986,39.96,1202915.0,16.431187710251496,41.28557796152066,42.28323432822784,53308.0,32689.0,17803.0,9.539679628333618,7.153294308153317,1.1848298070618952,0.2653379822968679,91.37,4.437215481956764,3.6,13.711792665258983,-36.51790339443212,-23.39177009518414,-1.068668506746569,-0.1692319874659484,-4.159202345911571,-17.610618000836883,0.9879008013533923,-1.5031812208052733,-2.5127295535729126,2.876287055082311,-0.18896602674969412,-1.3478188633957568,-8.105819559418206,-5.014756239394967,-4.12222504853193,-2.352022809597354,0.9985508447590595,0.7429872427880766,2.216784674340545,-5.344526664196748,0.005670673604275016,-1.5429290178976967,1.9431282648370447,-5.200848795497633,1.1050428845236706,-0.4679034565528856,-0.8568379287196621,-0.2857729661127086,-0.5099676432902911,0.34597201358682717,0.7368543310746672,-1.6991092427315528,0.5893298892603117,-0.29372199310145014,-0.8624356520203115,2.7432558062303958,-75.74829536911876,171.9172617459856
0.0,20.3,15.2,11.685,8.274999999999999,352.0,2.82,0.7773,0.0,12.0,0.6876815804764671,0.0007,0.0051,0.023982,5294.6,171.42857142857144,9.824022578235246,0.0699999999999999,0.0,0.01,0.01,0.02819581891016,0.1652892186691128,90.7,3055.4045483894115,0.0595207257760765,21.668917363058736,78.2715619111652,78113.0,49348.53,31412.48,18.77858494367249,2.360204165039463,3.730853285200316,0.6732214686623013,106.5,0.4262650739453049,0.040305087,10.618440126839173,15.832937374589966,9.357632699192813,-2.904897544862081,1.7890160381266218,-78.51398359795645,3.9959740244674813,-2.653586373272507,-2.9136062819541735,2.048592817533452,-3.482111069250385,-2.158717851220476,-1.6932764912334601,5.28582931736562,-1.4060162308936306,2.350211582800067,4.065619987947866,0.05828982634625257,-4.14922196712345,0.18589783377363153,8.399281816497291,-0.9181093244867736,0.29010414834600073,-3.1984335871754825,3.388053922633017,0.24000197188928615,3.787652794142098,2.2075616211413105,-8.24187175844408,-0.951427031455872,-4.881828297937753,-4.239846979193392,2.1128209096829735,2.097718569549419,11.143349561121624,0.0524120449942207,-58.72861348753174,-62.73754235010981,171.9172617459856
9.0,18.5,14.7,12.95,8.39,1258.5,1.26,66.2474,1.0595,34376.0,483.0,28.7012,25.1718,28.6734,5797.0,379.3590535887702,5.33018451487596,90.616,40.315,35.368,6.809466666666666,17.150500621066524,0.5104117114683594,57.69,245093.0,4.046117032847509,70.70339991554594,25.250483051606547,87265.0,36610.0,23148.0,20.47279770573432,11.45791031431516,5.074354330870425,0.2603928326866012,70.9,1.8900360645324183,39.6,60.999270949450626,35.40888372166859,-8.469404157438937,2.7581007602546976,-34.792681868885026,53.85313823879309,8.027022608942351,-4.576931525285667,1.3536698961537301,-0.3690602850743255,-1.6141919404221703,1.0455430447605132,-1.5070556644210562,9.921241866481335,-5.820564734370756,5.059516836148685,-2.583101443105066,-0.6002630604306857,-0.7762285022996357,-1.7787775106277965,16.929362318017517,-0.18210769835859844,-2.8789220594987284,-1.5277910796894385,5.672075745564264,1.810259877174784,-4.317560020095359,1.5571781246348557,-12.825890130547341,2.0496139503922337,-2.536769574113809,-12.676029555140994,-3.138833559605603,13.423596694814039,0.3036986963295701,0.5756188187639518,14.01786755460781,-40.84491235296475,171.9172617459856
2.0,19.6,15.5,10.11,8.055,470.5,1.58,49.1485,0.47,15878.0,356.18,8.5477,7.134794327171835,4.120444715233774,11534.0,282.58702925891646,6.339075959279561,56.188,19.8872,18.41727,0.953,16.5223150965168,0.404246719542003,47.87,256107.0,6.0117218158366414,18.17413190276764,75.81414628139571,45012.0,32296.0,14288.0,6.990829016588316,9.211165561563142,1.5733199943233478,0.2193897616698903,43.22460681495,0.1155366286046257,0.040305087,9.486787418074286,32.266600318271664,10.365771419156808,-3.066612883564084,-1.9124906818537657,-72.29418102496383,-2.144797671179599,-2.99752976208149,-3.4386213508977854,1.395195777976573,-4.123111819941552,-1.7447322362257782,-0.32842584409285225,9.979039373335736,-1.7425336809875465,6.522159133686994,0.009706850065849334,-0.12430944060286013,-2.8748877976819265,-1.5626165388803954,11.098475569949175,-2.8467909255173645,-5.3225931715561705,0.920153567943878,0.30751740455782706,0.13249498397267243,6.155004900914309,4.728981429454868,0.8933919520753726,0.8309181458867799,0.16331199802768648,1.8433538579195758,1.7794990788400202,-0.3644446295577395,0.21069050233034822,-1.566736998309694,-71.03864058377685,-76.28789410605405,171.9172617459856
33.0,18.7,15.6,11.495,8.52,449.0,3.755,94.75,0.975,80886.0,573.0,36.035,30.6179,69.9425,59746.0,503.33227546810537,3.5656280919222656,160.701,59.489,57.403,13.697,44.04493523854282,0.7705005543685988,37.51,683165.0,24.81513784080998,29.71825110917296,45.46661105001707,37563.0,37438.88,16936.21,15.717915646179634,15.449625511761106,1.4422353381379165,0.3216419673452932,70.17,0.4591470253019626,0.040305087,-7.904162614792585,10.358666911375094,6.65396406714649,-1.2045910960047816,13.742748770467008,-75.06895307131578,8.405594085009458,-1.3117746707207207,-2.114381616949105,-0.8801621745542324,-0.9357230834569797,-0.10638049693467777,1.3096275289426522,-0.6629257589423422,1.281349464892409,-1.5680450520819667,-1.945689449434477,0.5699769386773317,0.6448297034033265,0.5781969441131966,0.774170405982684,0.1901609394078423,0.15973243631655346,1.584460802942824,1.198993748428766,-1.1960592649318256,3.9392852060062205,-0.25612977280281507,3.375870811450295,-0.35791456593355847,1.7475755470090863,-1.457844764345013,-8.430319273063603,-1.429384763419317,1.4372445185078948,0.06393573780544104,-43.06976691371528,-72.67338627854362,171.9172617459856
33.0,18.7,14.9,12.5,8.42,506.0,2.95,94.75,0.975,80886.0,573.0,36.035,30.6179,69.9425,59746.0,503.33227546810537,3.5656280919222656,160.701,59.489,57.403,13.697,44.04493523854282,0.7705005543685988,37.51,683165.0,24.81513784080998,29.71825110917296,45.46661105001707,37563.0,37438.88,16936.21,15.717915646179634,15.449625511761106,1.4422353381379165,0.3216419673452932,70.17,1.7698174247271723,12.8,-17.0436722394304,8.410078676280877,8.851597253403936,-1.6091140679502856,18.13380619764017,-77.10667377744024,4.399924800257819,-1.640824726846379,-2.0237269026180713,-1.369094188775244,1.9749022733792663,0.9035847707123793,-1.1589129243480663,-1.5818704881767418,-0.9323908175465947,-5.843285374927022,-3.72048344233694,1.6186047355380504,1.2870179738352676,0.7657245881327729,2.2207916362831983,3.5136200644665734,0.3955364209351436,2.5531154916621714,0.46679442379623676,-2.1130586230995463,4.8932257472553,1.8365197389246912,5.759949880282707,2.718112119318299,2.4339382327937784,-3.9526930212974567,-9.812708549854966,-0.5226287134752283,-0.054814878585747184,-0.501400719028902,-0.2809908476681456,-109.39090363035054,171.9172617459856
4.0,19.0,15.9,11.705,8.075,541.5,1.24,65.48,1.159547297297297,35404.0,628.0,32.7396,23.8933,28.3358,18135.0,353.61566120655215,6.272473032361166,100.12,42.91,32.89,6.89,21.692116085648387,0.4183057432432432,45.82,494396.0,16.2,34.7,49.1,52830.0,29483.6,14569.4,30.782770270270262,13.408445945945948,0.4610408828493061,0.2022597972972973,44.72,3.3500482216313023,0.040305087,18.05556848732134,29.04690349339352,17.071541692415874,-3.060938578216982,-0.10597148153465212,-87.35819075384488,7.414897633325311,-2.773099303077908,-4.728384156137079,-2.706682412672483,-0.4136193085089328,2.7211272083610925,-1.2842833904627076,8.02213299913487,-1.652279148295829,-0.26857621226304706,-1.0748072050853308,-1.8256459004664798,0.10518290107138177,-0.01218864346854076,7.076902510871489,-3.719792789852557,2.058615705848983,1.871676135302204,0.05780285605850629,0.36063162931861975,5.067747569239388,0.4994750494230553,-1.0850136898814993,1.3801057133094092,2.223893387766239,-20.972390486570077,-0.6489384106383644,-0.2428848933909702,-1.3562612489300463,-3.5624144037611107,7.7779841677099455,-85.28394500566257,171.9172617459856
15.0,19.9,22.1,12.63,8.305,797.5,3.01,47.0,1.3107136824324324,36372.0,288.0,18.2749,8.0877,23.6982,13421.0,653.2327586206897,5.172413793103448,55.68,23.55,11.03,7.75,12.063693803924313,0.472838893581081,63.26,168105.0,10.1,30.6,59.3,59606.0,41956.5,25127.5,34.79581925675675,15.15646114864865,0.5191153820594531,0.2286277449324324,50.55,4.950104654230505,20.4,23.215119436409633,16.855047346653883,15.346330918738774,-2.159227443801551,0.3085098974142834,-81.10791787050822,8.313411233572603,-6.516942670505181,-1.232834996857369,2.055125556147344,-1.8426675429552206,-2.007425752302325,-1.4407091779455874,4.240075361923469,-0.992860646327026,-2.7472025904998483,-3.3859570380998814,-0.49651524325366836,-3.106689736879586,-0.2024269768851791,5.352711725107706,-0.5682703072593224,2.0468873631147058,-2.059792348931854,1.4054603399910688,2.1123630151121584,4.759961504458135,3.9169043801321344,-1.2422013847747195,-0.7508550268473725,-1.565712927735098,-23.92089459173226,-2.4654894816549473,-0.05599443460969796,-0.43034284036606535,1.3086858742521115,5.942718016508347,-106.4022340544189,171.9172617459856
15.0,20.5,17.9,9.925,8.280000000000001,1136.0,4.21,13.72,0.83,7014.7,78.24,7.31,3.49,34.58,2219.0,256.8546320029293,2.864884657634566,27.31,10.63,6.92,6.91,1.80918779080694,0.4565479911105388,75.7,148886.0,2.978968581939072,42.82646793950212,54.19456347855881,46502.0,34131.0,20135.0,14.867372524025823,2.380954321306591,0.8667399117112345,0.2182642305946436,75.16,3.3883570176787634,91.4,65.42676140244585,87.65439105355956,109.3484961813657,6.960199833377259,12.752535209059722,127.46104591807038,27.05408894640937,-28.51249705428259,-10.701814563893718,19.607820990599375,-17.225421631295845,-7.0098399221470205,13.411388743243494,14.237750394429716,-22.52522223793436,22.2005770307919,-19.08524129635964,0.41585061776606597,-16.098557436148006,5.941319223797566,30.159720536898828,3.7726982353891523,-5.163737418712121,-9.462191173602655,-22.32509480648751,-18.268684382278774,-11.394643157478425,4.430663246423934,2.9727164169773297,-1.5778750741388758,-3.1942428149577844,0.4178773222180728,-1.8815660034849582,-4.519780499390328,-12.45834809717257,-1.6128048338089205,32.00413690850838,32.807945551725574,171.9172617459856
25.0,18.4,19.2,10.445,8.440000000000001,1120.5,3.21,113.44,6.47,113005.25,3048.97,56.37,31.11,123.25,170899.0,632.6927383685123,17.070544762331334,178.61,74.6,52.48,33.02,11.832260392384752,1.0136065476243834,41.19,962714.0,23.22925734100645,37.059541398199215,39.71120126079434,40450.0,30441.0,14677.0,7.420621787035737,5.286083690348805,0.6079000575173069,0.2002013844757149,68.94,3.278778137280772,168.6,72.76433338399356,336.50127030697803,225.9762801579246,38.46685282492388,121.1602825013424,340.5898283750704,115.28888980284177,79.72899616867925,97.38737939369241,42.585192756311336,37.233102342709884,32.1756230758922,15.509814065339377,-70.09192403012035,141.88378682891684,-27.60256274429619,16.21842591864524,-2.193456920258079,19.780033976994478,-12.599434476969764,-86.28636289151075,-3.8163970136626895,28.262707587818955,10.189621998087214,-88.54567624330365,-0.5239256090546528,38.05174712187611,-8.40498317134645,20.205417458700655,-12.734883165320687,24.75036146716833,120.18590545776765,56.63950803276155,-18.121021305973013,-4.130848675630972,-0.07773905800658791,201.08203017995228,557.0142401094549,171.9172617459856
32.0,18.3,21.0,14.54,8.29,901.0,4.82,78.86,1.51,42101.0,1310.02,57.39,30.39,103.24,45409.14,239.6050310170167,7.455580217403678,175.70999999999998,75.89,47.08,23.13,11.640145980325425,1.1288686636714582,52.2,686334.0,16.06716086336319,29.95130135865117,53.98150854710848,36106.0,32559.0,16815.0,12.881572327495135,5.887189901806822,0.6001059414337037,0.2742822855197458,94.45,4.615623136374077,0.040305087,-19.69453822598948,31.446566873568415,22.340083231612414,8.425568495905031,4.74327529045132,-26.244999066689047,-0.5115692439170866,0.5596848944458168,-0.2003409757713467,-0.7869938340596837,1.8788457215810206,7.747200545044616,-7.410706065466321,-11.420953547859105,-2.8590450319834044,7.350134491279413,-0.41180399233475296,1.4353246357291969,7.9403544244403,-5.4232246409046185,-9.87756712988174,1.245412632388379,2.9414995282539174,0.5884808566141878,0.4576472088089177,-1.531453628567979,3.8742461987026027,2.8969020887929915,6.471295320944242,1.5946845287922766,2.4884560921431187,5.929324962622488,12.676111758699022,-1.4769772605675602,2.4831873662428294,1.1393463141626405,14.154443539266163,-121.46903817279731,171.9172617459856
5.0,19.2,19.9,13.085,8.31,1622.0,6.03,111.07,3.69,99177.0,1003.5,55.58,40.03,120.87,13627.5,546.7309812568908,5.531973539140021,181.40000000000003,73.25,59.84,31.27,12.01708770605562,1.3716441835883986,39.96,1202915.0,16.431187710251496,41.28557796152066,42.28323432822784,53308.0,32689.0,17803.0,9.539679628333618,7.153294308153317,1.1848298070618952,0.2653379822968679,91.37,5.441859668756404,33.6,50.98374099242502,50.02620773157571,31.672967370344946,-0.42585455482670537,4.008630018654903,29.377964846005977,-11.810901797402186,-0.5929893414303642,2.7044104885170213,-0.9334397371035692,-0.6083149925029522,-1.98766208781628,-18.480964556063217,-20.868386819888837,-5.9751861942668185,-5.450551797083265,-5.458819660243267,-0.39071654496093505,0.8887236080799923,-6.1935085881563525,-20.15026143893832,-2.0394750411886164,-8.53543836478299,3.535938223583313,-27.437390971112382,-1.3494531654721758,0.7340775503901131,-1.1101085062573344,-4.950673404660384,-1.3753997237530164,-1.018283585313089,4.538981116212284,-11.58819915665003,-0.03773879146358183,0.6017814385642607,-0.12197616330192436,20.835376510089258,-63.2211098198523,171.9172617459856
180.9,27.2,28.5,8.655000000000001,7.98,661.0,3.54,66.2474,1.0595,34376.0,483.0,28.7012,25.1718,28.6734,5797.0,379.3590535887702,5.33018451487596,90.616,40.315,35.368,6.809466666666666,17.150500621066524,0.5104117114683594,57.69,245093.0,4.046117032847509,70.70339991554594,25.250483051606547,87265.0,36610.0,23148.0,20.47279770573432,11.45791031431516,5.074354330870425,0.2603928326866012,70.9,3.928546632852875,53.4,-54.70092987826637,-19.348146456109045,-18.03725754218836,-2.1861840550135785,-6.141653079366854,-27.468212714285283,1.889686107512875,-1.6527056470420225,-1.6492652398161594,0.2671648846861607,0.09886857815009126,-0.5389702245523218,-3.684713181595626,3.371569473642546,-0.41783359664336867,0.11288355608548267,-1.4941724815390398,-0.25218661563470995,-1.2763680170957616,-2.409542184431339,5.036099052567346,-0.019691862128675425,0.24585511098693402,-1.503450428523745,-0.5989135723452393,-0.6250948517272885,-3.1297683219565076,-0.7297378452875036,-6.12247981006047,-0.17036780002682125,0.15659791075934937,-4.072780262437495,-1.2602383597102016,-0.8072519296000243,0.003000374186473226,-0.33797765850167044,0.7336591108096752,-23.09543228353374,171.9172617459856
320.3,27.8,30.9,11.565,8.120000000000001,499.5,4.39,79.7603,1.3218,37783.0,436.0,32.0201,11.986,58.2589,19506.0,317.1284444481749,3.659529465087586,119.14099999999998,45.663,16.368,14.3018,22.549304697785008,0.6391463480032891,44.35,477241.0,11.4,37.1,51.5,71561.0,34380.0,21443.0,14.98400185022494,14.347792906389309,1.8324918038196647,0.2479057292855512,67.5,2.985491223289303,17.4,-34.26642576157872,-12.041982740996561,6.022875263381283,-2.2748273732753783,-1.8381269970264584,-52.724501486915784,-0.34924492650471056,-1.0219883820600824,-3.209888711851866,-0.7922172214090833,-0.5825714576127948,1.3618846552027382,-0.5182785767673848,-0.5230045025153488,-0.6125010946660769,-0.3770629044713371,-2.9434667461547837,0.0018292613816429937,1.8538676953564084,-0.9110772757053697,-3.8286569061169096,0.07889516882249341,-1.5644099552126132,2.1557853891894543,-0.19161415137195195,-0.4550287684992285,1.6185379461183533,2.1557132393121727,7.397122535325277,-0.35667818248815414,-0.5608657197654238,1.0918776861236743,-12.305573589199922,-0.7481396465802869,0.691690463214763,-0.631602934599698,1.5427578175983723,-62.22613345216728,171.9172617459856
324.2,27.7,27.9,6.74,7.495,355.5,4.52,65.48,1.159547297297297,35404.0,628.0,32.7396,23.8933,28.3358,18135.0,353.61566120655215,6.272473032361166,100.12,42.91,32.89,6.89,21.692116085648387,0.4183057432432432,45.82,494396.0,16.2,34.7,49.1,52830.0,29483.6,14569.4,30.782770270270262,13.408445945945948,0.4610408828493061,0.2022597972972973,44.72,4.086742271925711,47.0,-45.77290340083031,-24.440653871645328,-23.915086233215792,-1.3645460080405847,1.2462781837970647,-31.35805035993282,-1.7171649655315557,-2.458250572463344,-4.073874120279601,0.07029328110899623,-0.3132563752995341,-0.6092314540501694,-1.339407897194614,3.7477030935316944,1.8674156438625256,1.9722084753063969,-1.1625323149138895,-0.3176031089884564,0.35742155845742524,-3.317084478399872,1.3976604809860387,1.7996164988928156,-1.100267904449332,0.2925776682301265,2.639194233155188,-0.768822339947801,1.9983539292402543,-0.11584082250328202,0.2870716542506126,-0.5666372119192965,0.46061887635965926,-17.2534169518544,-1.6764969246058412,-0.43842540590597023,-0.20075870080462963,0.48155232274439314,2.3144474198591585,-28.54250369644258,171.9172617459856
421.2,27.7,28.2,5.455,7.470000000000001,377.5,4.715,113.44,6.47,113005.25,3048.97,56.37,31.11,123.25,170899.0,632.6927383685123,17.070544762331334,178.61,74.6,52.48,33.02,11.832260392384752,1.0136065476243834,41.19,962714.0,23.22925734100645,37.059541398199215,39.71120126079434,40450.0,30441.0,14677.0,7.420621787035737,5.286083690348805,0.6079000575173069,0.2002013844757149,68.94,3.4033918980432745,118.8,-36.22295719415764,-12.87288927820356,-46.4823961645163,0.5693584448491059,-24.73121660226937,-40.90750446004831,-0.428102625638712,1.5142435930246334,3.5306499638974995,-1.1506475768868893,2.876890076266912,1.00440823494457,0.8578443531641567,-10.002310441998995,1.0418197542390175,-1.6741265813082766,5.4560140134692965,1.2674105985749813,1.9821978303176973,-2.3046130907946907,-5.665225425012566,-0.5952706456882871,1.1537393575642871,2.010679708269113,-1.8135847626087072,2.3019895752992796,1.7299106956121968,-0.9571557031137253,1.888546030220267,-1.6998032651787318,-0.5913493009055178,2.594725632429665,-0.020076470156200104,-0.9471484684905355,-0.24040658443855822,0.08675459755895021,2.3865692045260207,-16.78113672748402,171.9172617459856
331.5,28.3,29.5,3.38,7.415,443.0,4.14,62.8682,0.7473,30465.0,544.0,23.7417,15.1611,35.7857,16160.0,391.6363496124131,6.993276684364113,77.789,31.907,28.226,8.037,12.555758966506351,0.9191379276851872,47.4,302484.0,8.8,57.3,33.9,63896.0,41068.0,18414.0,9.819277128486252,7.904115227830772,0.4381657992565056,0.2590222331408918,63.9,2.720495145707087,124.6,-81.21007347652612,-32.642902301121495,54.28329191789846,-9.41095796510325,-21.230297499106964,-34.1680308716457,0.7059952907411708,-0.7016732834760763,1.6821880351030292,-0.9364927097607834,-2.6382810263638414,-3.460236128975714,2.406280762463959,3.565229707569038,3.3626268006158835,-9.331213903068566,0.300598132051528,-1.9657282407317929,-4.398959289733322,-7.1883123798051365,5.90371227771529,-6.985545544017415,-0.0892578936321667,1.2536814478132898,1.5716708627917475,4.718002202085532,1.642994536516875,5.325724064556414,16.728249088961935,21.75977600694556,2.007710623967774,11.72035111837089,8.015649021616362,1.2639363769511684,-0.2346316160478925,-1.208664847532832,14.87389940276121,85.98606358636947,171.9172617459856
115.2,28.8,29.4,2.42,7.52,524.0,8.27,60.6455,0.7705,18738.0,201.0,20.6519,13.225,27.4686,21790.0,236.6058463286824,2.5380390176147487,79.195,32.652,23.515,6.148,12.782698470895246,0.7724210753786316,47.21,209885.0,11.2,48.7,31.3,49780.0,37342.0,15884.0,8.251880779338212,6.642425473153561,0.2421040892193308,0.2176759611841297,53.7,2.45225246547886,132.6,-88.73469121237365,-41.43765972738077,45.86412333903601,-19.270395444286986,12.326976597451136,-29.476806449227343,-12.435069447068189,-1.5355542112219451,0.9675480584613961,3.8012260019274753,-1.0860040215511475,-4.2245956067500305,-0.8790202273987227,8.262861186031563,0.25311695526897154,7.159026417118341,-4.984175505697105,-0.35604488553091446,-1.5074924894841395,-0.7510518508171646,19.99457039989997,8.709504878505445,7.542037797173637,1.5714120044078062,-34.912714323224506,-22.79029496321067,3.782039303255734,21.60592646759469,-10.792581218821775,-1.4200980125747942,-10.992727836120565,16.079857536534934,17.254416815874478,2.4995157430134722,0.5163930214568951,5.263340745274909,15.720114302098906,104.64774669058777,171.9172617459856
114.4,28.8,28.6,2.3,7.42,419.0,4.52,53.8484,0.7,22791.0,176.0,19.9075,9.7003,26.1024,22316.0,289.4793664503182,2.235459983996139,78.731,30.36,17.926,5.442,12.707805206288954,0.8544099046087655,49.59,270490.0,11.8,40.1,56.9,45128.0,39616.0,17109.0,9.127778739156234,7.347487394884943,0.1563167286245353,0.2407812308070261,59.4,5.085638593409238,97.0,-51.1750480821849,-21.740783669693243,-7.097142996397257,-22.29717593398489,-15.449870448851335,-36.49377406125112,0.2197036494594081,-2.8201604747954625,-1.9794821706111538,0.03014394398701044,-0.44256633889279323,-0.9412103364150961,-1.064993727796243,1.91663588220176,-4.036351166652748,2.4397703013285827,-3.5967216097602326,0.007597155750263799,-0.22780867180476672,-0.70557914586505,2.8668536709939763,0.9491949491505522,1.1802406251050208,0.14823487522856524,-0.36508960681618124,0.09774104105153221,0.4565692268331374,0.49779216493383,-2.020194522123782,0.9373209841533887,1.4606135718035518,0.8888037215662189,0.5234202316147282,-0.9826482411551608,0.47680207129490265,0.4468142411415439,2.008576958119132,-15.915263621210274,171.9172617459856
331.5,28.3,29.8,3.2350000000000003,7.47,628.5,8.35,62.8682,0.7473,30465.0,544.0,23.7417,15.1611,35.7857,16160.0,391.6363496124131,6.993276684364113,77.789,31.907,28.226,8.037,12.555758966506351,0.9191379276851872,47.4,302484.0,8.8,57.3,33.9,63896.0,41068.0,18414.0,9.819277128486252,7.904115227830772,0.4381657992565056,0.2590222331408918,63.9,3.616379583914095,199.4,-99.22217875201625,-49.3919908089307,108.76419513346764,14.324022270788747,-24.632980953268714,-19.389639289575467,-12.588265099849666,-8.965439794959183,-2.242011269505605,0.4322824987807922,-0.9332168030599126,-3.9121641532300644,-8.293206994739982,3.8501550861820526,2.930930748741762,-16.999312803496917,1.863455902025258,-6.892259507275486,-1.806728727451989,-5.702978764564807,8.908240277207609,-1.0289867117015383,7.396602741960668,9.96157733442456,7.431909937628856,0.951601893547141,-9.800418970600777,16.278347315356758,29.88129123846302,35.549459207846475,0.4228380219013606,29.671104944896257,20.45093999817424,1.6456492634804443,1.7784349456126793,6.1684865491835295,19.913691668851147,136.51428725198608,171.9172617459856
116.8,28.8,28.9,3.4850000000000003,7.470000000000001,539.0,6.93,49.512,0.336,36853.0,138.0,15.7684,11.0015,49.6713,4038.0,582.73904587214,2.182128682342152,63.241,25.634,18.924,13.688,10.207596868462485,1.431208510245323,64.28,314899.0,7.9,22.3,69.8,42653.0,44208.0,19416.0,15.289797719630393,12.30765986180222,0.1473591078066914,0.4033288293821397,99.5,3.327338090375408,191.0,-53.16426102782831,-22.17122820533385,-16.55655212272851,-20.666529039982706,-15.605922313227781,-35.067248061635375,-8.251559060682,-0.4830357983688974,-3.5194704057951465,-0.8729905265988783,-1.344602841672797,-1.3092641329780843,-1.0494569203738735,0.5462582548731005,-3.2479101620909447,-3.7649047204145862,-5.0803632440580975,-0.1538822501094547,0.07536530047034147,-1.0972220731813773,-0.5859312540063771,0.9906621747223356,-3.6847445525842097,-1.6753382138581945,1.2898058307450264,-0.7210598514244593,-0.8238108579162517,-1.3328169726906343,1.6192584518777802,1.2065453410202944,0.9340866517725717,-2.0744396221401016,-5.83509819795067,-1.1522229354692781,4.2849966662710814,-1.3776279350599123,4.844262191800322,25.1990859443283,171.9172617459856
350.2,26.8,28.3,10.625,8.45,1078.5,2.18,97.153246,1.5051,22704.0,603.4405868680999,11.4219,8.4222,23.795409,18373.02,371.52675503190966,9.874661869875633,61.11,25.96,23.28,5.82,24.61494990856973,0.4775021872663257,65.5,193424.9506420834,3.786310606464182,52.02179642033601,44.19187938339238,90072.0,39502.4,26966.29,10.53622467854088,6.818367587891776,8.389512313189808,0.5234059869036483,82.8,0.98883290167377,19.4,-39.196556826029365,-25.073316406862972,-17.373085424897727,-1.6090529884345595,11.30051494980619,-4.1365265042521076,-0.9781925973055561,2.5757710486700924,-3.0253965142330514,-2.0517688055243335,-0.16413759466959432,1.2055365513971392,-3.9027217321125,3.2322993230493733,-3.065967104074078,0.7738431688770652,1.4193836706609007,0.044081996853542,0.5380417003536885,-2.9456030402053144,5.272762751680956,0.1928062083345136,1.1866942443333868,-0.9553180143947247,1.108502667462455,1.0236123895621851,-1.584881018443655,-0.757605193859586,-1.9756580081803252,0.5777141471191649,-2.6814584622896915,0.866171498439121,0.25681227226411735,1.7864553660911053,3.4352690763569735,0.038164414934968964,-48.514125406915944,-48.720467051387345,171.9172617459856
14.0,2.8,3.3,13.29,8.49,1280.0,4.44,66.2474,1.0595,34376.0,483.0,28.7012,25.1718,28.6734,5797.0,379.3590535887702,5.33018451487596,90.616,40.315,35.368,6.809466666666666,17.150500621066524,0.5104117114683594,57.69,245093.0,4.046117032847509,70.70339991554594,25.250483051606547,87265.0,36610.0,23148.0,20.47279770573432,11.45791031431516,5.074354330870425,0.2603928326866012,70.9,0.7107491578200742,52.8,20.684613993940875,-97.02690519621596,-33.453397564728895,-1.6130837048737623,12.686934339709886,11.687872139324126,-0.03284702976001489,-3.6631508240957413,-1.8186947582848356,-2.586091045381035,0.22675009164493284,0.10119739386874034,-0.04802112049655949,4.038102050377442,-2.880736813157174,2.1690099709822506,-2.157798987828821,-0.9587453193566774,-0.5956855480636815,0.6440269398037312,5.262194892936391,2.990703804478206,4.062241365110967,-1.3709004425474738,5.603141271790181,1.6769306579278798,-5.8983502322854475,-4.017789562649563,-9.249484151105085,0.30643527396489006,-0.9826720626015856,-7.2629170222991775,-0.15579499069833794,9.08341011364401,-0.004241120787338811,1.2331511744655057,-48.035854783514516,-13.219376645766898,171.9172617459856
16.0,3.3,7.2,9.945,8.370000000000001,809.0,4.39,79.7603,1.3218,37783.0,436.0,32.0201,11.986,58.2589,19506.0,317.1284444481749,3.659529465087586,119.14099999999998,45.663,16.368,14.3018,22.549304697785008,0.6391463480032891,44.35,477241.0,11.4,37.1,51.5,71561.0,34380.0,21443.0,14.98400185022494,14.347792906389309,1.8324918038196647,0.2479057292855512,67.5,3.014611914581984,9.8,5.74377975845108,-63.06792529806495,-4.294029273558408,-1.7187048265865676,-7.717814596566605,-20.754355241738956,-0.37435912832850526,-2.2803485496012326,-1.398742628120815,-0.7286309085239214,-0.6607285654335308,0.27423999383308334,-1.4693685713406495,1.3380812802672153,-0.6995975617606499,0.9795270938767731,-2.731998981875755,-0.12417809352899485,-0.8965317847005404,-0.4367450863487719,0.16804663385303328,-2.1694092405459373,-1.9364204599498753,1.5595555326870318,-0.782431888794526,1.124780035588577,0.9915802572023463,-0.4315361760739096,-1.7441322804028927,0.2966808572093334,-0.0073007897780429,-0.500445957408134,-5.940274507676172,-0.4574939165388547,-0.09318255772270977,-0.35595839113036015,1.6176410601303577,-62.16126006614534,171.9172617459856
38.0,2.8,6.7,14.595,8.315000000000001,483.5,1.51,65.48,1.159547297297297,35404.0,628.0,32.7396,23.8933,28.3358,18135.0,353.61566120655215,6.272473032361166,100.12,42.91,32.89,6.89,21.692116085648387,0.4183057432432432,45.82,494396.0,16.2,34.7,49.1,52830.0,29483.6,14569.4,30.782770270270262,13.408445945945948,0.4610408828493061,0.2022597972972973,44.72,2.2827147444547324,5.6,-3.3507183279523933,-38.920715181524095,-19.767620321925104,-3.2116108586662446,-0.0734281005978101,-61.14209408167982,0.5389062890480285,-2.6371327986746733,-2.096434284094719,-2.425789818367924,-0.523511489958036,2.809105623386954,-3.826307882926972,5.110852877444122,-2.8623505276876173,-0.5506779966937992,-0.6384376331993077,-0.4041264473320935,-0.28492856662022015,-2.17325585937826,3.120820253502266,1.3446984451233106,1.3392392128310153,0.4882857846903322,2.464141762486347,1.7851889124365214,0.6475585379187643,0.9681065672814525,0.20524321404751542,-0.6468848586214394,0.2762039912356233,-5.511972002817784,-0.795315090449682,-0.23091345155456403,-0.022476532987008847,-0.2152901922158589,3.7210585796611846,-44.38880100422228,171.9172617459856
16.0,3.1,7.2,14.875,8.575,875.5,4.67,113.44,6.47,113005.25,3048.97,56.37,31.11,123.25,170899.0,632.6927383685123,17.070544762331334,178.61,74.6,52.48,33.02,11.832260392384752,1.0136065476243834,41.19,962714.0,23.22925734100645,37.059541398199215,39.71120126079434,40450.0,30441.0,14677.0,7.420621787035737,5.286083690348805,0.6079000575173069,0.2002013844757149,68.94,1.4432685887296943,15.0,3.0884246020476955,-27.047642606919016,-31.377959346940433,-0.8052795938728391,8.117670262883573,-47.01591181494916,1.4609162122826092,1.0609757102323545,3.496801245815586,1.239056894511061,4.385954166871187,-0.3663450525840735,-0.22965198289680666,-4.865387544267968,4.946739764127414,-3.0712130948582956,5.441790110821988,-0.10163943291098464,1.7534883684959877,-0.11217732337458712,-5.5192027423297985,0.6583192711688257,0.3052921379668021,1.6063336975531037,-0.008615372407560237,-0.6811714116103644,0.9165425716876067,-1.3765147543357055,2.4833022792552004,0.4014307059696866,0.6967344964419807,1.9892286885390054,-0.21970504065044208,-0.4266834891424514,-0.14100242825535503,0.7430842581368061,-39.5348232079375,-45.51583271660299,171.9172617459856
22.0,3.1,6.3,11.835,8.155000000000001,1170.5,6.35,62.8682,0.7473,30465.0,544.0,23.7417,15.1611,35.7857,16160.0,391.6363496124131,6.993276684364113,77.789,31.907,28.226,8.037,12.555758966506351,0.9191379276851872,47.4,302484.0,8.8,57.3,33.9,63896.0,41068.0,18414.0,9.819277128486252,7.904115227830772,0.4381657992565056,0.2590222331408918,63.9,3.0768836702110125,56.0,7.447764478307214,-72.23818480201378,-46.10941784569838,-0.7459876927593742,-2.3038470806957556,11.658184482618239,-12.924920111276831,-1.4428192231268622,-3.582974739662994,-0.9027208231599082,-1.2551639213583765,1.0579115739495795,-3.6635872706670014,5.325012591881677,-3.6160542990453526,-3.4475909530899167,-1.832710430431178,-1.8839393078923805,-0.4406846414033015,-3.2048147364954147,3.0778230061863265,-1.2853907561069358,-1.0288483326509617,0.778179726289428,3.0978297464277897,3.481138261849995,-2.439912349348113,-3.9755349844546672,-4.746965264733106,1.2012763136345894,1.3853528939668724,4.016443882789463,4.748006195404256,1.1822786345767493,0.5706861418221761,-4.558027891604383,4.3609440610635435,-23.530860399561934,171.9172617459856
26.0,4.3,6.5,12.885000000000002,8.295,1150.5,9.9,60.6455,0.7705,18738.0,201.0,20.6519,13.225,27.4686,21790.0,236.6058463286824,2.5380390176147487,79.195,32.652,23.515,6.148,12.782698470895246,0.7724210753786316,47.21,209885.0,11.2,48.7,31.3,49780.0,37342.0,15884.0,8.251880779338212,6.642425473153561,0.2421040892193308,0.2176759611841297,53.7,0.7822386588884974,62.6,0.7036957289596718,-42.86949756012414,-36.813992026940305,-0.34938203196739887,1.2194369467778579,14.746604862459938,-21.023463080452444,-0.8595258465160941,-3.149657667313779,1.6453971234654723,-1.3090694464774155,-0.796902384796025,-0.8632739400009948,5.998746549779706,-2.7044644896794736,5.220776371179771,-5.059239249257373,-0.40249355995950026,0.1439190203285173,0.04556473052051565,4.490209269715705,-0.33332819747893544,-0.4218906139240894,0.48008364418676863,0.5642327386016661,-0.7594204236070325,-4.647970233489759,-3.712731962800803,-0.44909877696384964,1.0887451991035304,1.9092461603103814,2.225377746121181,0.38967766990574787,-1.4052601866641379,-0.6313832701447764,0.07283956374041296,-52.99489365126704,-11.479480887210622,171.9172617459856
26.0,4.3,7.6,10.23,8.135000000000002,1123.5,5.73,53.8484,0.7,22791.0,176.0,19.9075,9.7003,26.1024,22316.0,289.4793664503182,2.235459983996139,78.731,30.36,17.926,5.442,12.707805206288954,0.8544099046087655,49.59,270490.0,11.8,40.1,56.9,45128.0,39616.0,17109.0,9.127778739156234,7.347487394884943,0.1563167286245353,0.2407812308070261,59.4,2.0007670121887227,49.8,-5.582990993163548,-72.76642291273689,-45.26447829913658,-1.2532824453307938,1.0855924604095846,13.54777783175542,2.995101811654552,-8.81231104654881,-3.82609509131095,0.294551148155391,-2.996036011901063,-1.4539733778095492,-0.9757630341205145,7.369675312305333,-1.4020937205369899,5.433360930657943,-6.658471132211851,0.48407156370036847,-2.6264025963159905,0.8323653236667957,4.936458641465286,-0.7253386327461344,0.16841367620198686,0.16528077314608072,2.6834150957362737,-0.46003228707472,1.664237699751588,4.029241671259515,1.4912901749508434,-0.01229563595416261,2.4975067160154425,6.63185923803908,3.026266686402572,0.4901531708256008,1.5675358590638897,-0.7358527511203038,11.484106999160725,-70.99276712759863,171.9172617459856
22.0,3.1,7.0,13.89,8.46,1088.5,5.42,62.8682,0.7473,30465.0,544.0,23.7417,15.1611,35.7857,16160.0,391.6363496124131,6.993276684364113,77.789,31.907,28.226,8.037,12.555758966506351,0.9191379276851872,47.4,302484.0,8.8,57.3,33.9,63896.0,41068.0,18414.0,9.819277128486252,7.904115227830772,0.4381657992565056,0.2590222331408918,63.9,2.757495600065547,108.8,-1.261798922431579,-98.17794020973962,-54.53951314453035,2.6155836686670457,17.51235605425357,17.453621031555034,3.9570186393110394,0.21648641310477265,-8.104084512934397,-1.3355953017940456,-3.152008132670694,-0.5148357190719507,-3.4929090291936915,3.146052691234898,-0.7325742732035021,-3.6100426092899096,0.28627123378683034,-1.4875453483189138,-2.894728615036391,-2.4821204162947876,5.924268112746844,-6.874734354147999,0.5325965825910656,2.734709918612301,7.964801726939623,1.8237354190601016,-5.968627438040759,-3.4882499802205706,-4.268520888069954,5.869501544778859,1.0360531716537646,11.547544999641056,5.050366721838559,-0.19538564449331433,0.9119882806297378,-0.6792665199718142,8.051550998970248,-18.98145436929539,171.9172617459856
26.0,4.3,7.4,12.76,8.274999999999999,1099.0,6.26,49.512,0.336,36853.0,138.0,15.7684,11.0015,49.6713,4038.0,582.73904587214,2.182128682342152,63.241,25.634,18.924,13.688,10.207596868462485,1.431208510245323,64.28,314899.0,7.9,22.3,69.8,42653.0,44208.0,19416.0,15.289797719630393,12.30765986180222,0.1473591078066914,0.4033288293821397,99.5,2.1733031334286337,129.0,-17.06233566317009,-85.29130214919569,-54.63210695729359,1.4320288277246689,2.546521398004456,22.360530756023554,-15.918060246815438,-13.52312746237653,-22.096094072825895,-2.57856334797728,-2.946241985478751,-2.7070034428033964,-9.117510235804753,3.551982713879552,-3.5642450369366756,-21.94505571693803,-15.912466144668864,-3.068755513021415,-8.465577207839432,-2.9911924165518307,1.8668442909993874,-1.006551626176412,-27.442181131695403,18.016911276550967,0.5622667076035107,8.161723964808822,0.4593956722815789,3.2102439828682656,6.939801455967438,-7.357419171705839,-0.7092274527655288,-13.862265801901621,-10.62427694063478,-3.097948017429258,-12.842738792352998,-9.693349492270505,26.439333258629006,128.39594521150926,171.9172617459856
6.0,3.1,7.9,11.13,8.28,1119.5,7.6,97.153246,1.5051,22704.0,603.4405868680999,11.4219,8.4222,23.795409,18373.02,371.52675503190966,9.874661869875633,61.11,25.96,23.28,5.82,24.61494990856973,0.4775021872663257,65.5,193424.9506420834,3.786310606464182,52.02179642033601,44.19187938339238,90072.0,39502.4,26966.29,10.53622467854088,6.818367587891776,8.389512313189808,0.5234059869036483,82.8,0.1346825839646933,12.2,1.6523810029557593,-44.824876338591956,-11.551777600731002,-1.0545878963323743,-0.3850572411005853,-0.6534848481121763,-10.632020166653286,0.4216854743566372,-0.09344986255203275,-0.07195137238091372,1.8170329388844133,-2.330954376426917,-2.3500020265237724,3.5787106490647425,-1.9268568524198282,2.327741103900867,0.6897365939931497,-0.10904228063416722,0.07273714495939086,-5.281892048351389,4.834070576287341,3.18864161743317,-0.7982867643524302,-1.6660833523686351,0.5184550463346141,1.7437217029220973,-0.874517178748695,0.042282212052183875,-4.15422038971757,-0.5088045269475957,-3.0200185853708525,1.869522374262644,0.584127206963798,-0.11563897814601752,3.944464930396063,1.28239132135505,-46.96768845555644,-61.07575650227256,171.9172617459856
9.0,18.5,19.4,12.54,8.235,1169.0,1.615,66.2474,1.0595,34376.0,483.0,28.7012,25.1718,28.6734,5797.0,379.3590535887702,5.33018451487596,90.616,40.315,35.368,6.809466666666666,17.150500621066524,0.5104117114683594,57.69,245093.0,4.046117032847509,70.70339991554594,25.250483051606547,87265.0,36610.0,23148.0,20.47279770573432,11.45791031431516,5.074354330870425,0.2603928326866012,70.9,2.133218633360323,373.6,125.81390721418119,151.93677078462983,113.98331176818893,4.612056698231034,-5.003533497292078,167.75500665175028,19.465680751153275,-1.832556584754511,-10.595193641978922,-3.1465218361125706,-0.680884064751068,-9.45323442578006,-12.307236011102779,27.8102657998035,10.68879636014345,4.6113131300049615,-7.336302473323085,-5.573394897008916,0.3725476103105301,-12.955170410910315,35.4733066053797,-16.777120672872616,-7.7875033889741845,-8.634221594422117,4.946703787401013,-26.913825348199662,-18.726553523975117,-26.37602563391361,-55.35810138404213,-2.2787859164900284,-11.74713469892586,-49.704968193103575,-11.89233195610501,32.21407140482916,-6.771122271396845,1.6414521606173385,102.76242257302624,356.46720870792393,171.9172617459856
13.0,19.4,16.8,12.510000000000002,8.375,1018.0,4.88,79.7603,1.3218,37783.0,436.0,32.0201,11.986,58.2589,19506.0,317.1284444481749,3.659529465087586,119.14099999999998,45.663,16.368,14.3018,22.549304697785008,0.6391463480032891,44.35,477241.0,11.4,37.1,51.5,71561.0,34380.0,21443.0,14.98400185022494,14.347792906389309,1.8324918038196647,0.2479057292855512,67.5,3.413325574768469,73.8,78.02610441084795,71.89538981167755,68.99698918967198,3.407716581439599,-51.318726708727574,60.51984262240975,6.291125712153345,-0.3864813153042152,-5.590635415949703,-7.832397666789279,-0.3666291818271124,-18.881521704720026,1.6591113854106467,-2.313201256994308,-5.36440749290865,-7.037831194632845,-17.427708357154238,-0.4685462376056198,-1.605460725439091,-15.606418346474726,-7.216782381239656,-6.8452925792344255,-8.771673174172951,4.740305812203636,5.641099234339783,-4.283418080552167,1.959783782122339,-4.260402641797744,-22.971702828066583,-14.649858411056925,-21.15973765512928,-3.7922813524088497,-16.142019469118676,-2.8117198785301234,1.5105448587114576,-1.6254702611888387,44.74423787644676,-0.4277910013186445,171.9172617459856
4.0,19.0,15.1,14.72,8.325,554.5,1.54,65.48,1.159547297297297,35404.0,628.0,32.7396,23.8933,28.3358,18135.0,353.61566120655215,6.272473032361166,100.12,42.91,32.89,6.89,21.692116085648387,0.4183057432432432,45.82,494396.0,16.2,34.7,49.1,52830.0,29483.6,14569.4,30.782770270270262,13.408445945945948,0.4610408828493061,0.2022597972972973,44.72,2.6222170643410347,0.040305087,23.829007794681626,30.1732383737387,23.566639533679318,-3.416384966756839,1.2906521724055813,-89.51574825292452,4.798837414809191,-3.857909429281331,-3.9660205750384674,-0.6591889786533981,-0.8316665826955232,0.017834078722321383,-2.6347071094950674,6.762251116416107,-2.4078881515935087,1.4965470812562902,-0.8672755719566126,-0.4278925424984988,-0.47238683842743406,-0.09635891519486932,6.117343759018309,-3.2797309263361,-0.4136245259735721,-0.12977162580936863,3.662164349473701,0.3374432807244994,3.513315714397468,2.361515890754139,-0.16729877210998279,1.7860487476922575,0.8209704256585516,-16.56259484471598,-3.1474866861167,-1.5789839696791008,-0.9680888122785815,-3.46664924093522,9.20110690698338,-91.79104801494783,171.9172617459856
25.0,18.4,22.0,13.445,8.2,893.0,1.65,113.44,6.47,113005.25,3048.97,56.37,31.11,123.25,170899.0,632.6927383685123,17.070544762331334,178.61,74.6,52.48,33.02,11.832260392384752,1.0136065476243834,41.19,962714.0,23.22925734100645,37.059541398199215,39.71120126079434,40450.0,30441.0,14677.0,7.420621787035737,5.286083690348805,0.6079000575173069,0.2002013844757149,68.94,7.271473609154181,18.4,-4.155297468105179,7.410533817110895,16.659963436421624,-5.2187445298861705,1.3601764806608347,-76.49010948212816,1.0557314980938095,3.334674553318569,8.501286787272745,-0.579527584375267,6.540766768055423,-0.4232788419413079,-0.9873117282746042,-4.386529464468675,7.81834958974117,2.0466358503210347,10.104224631356388,-0.29105563791934436,2.2572798081487457,1.2366973324228685,-6.574128737902694,1.2520243894355367,-0.29713085305178666,3.3807106581563118,-0.04454326904301187,1.2153505515726275,2.729593443868994,-0.24320905669359552,1.7698394816399865,0.8720461645085972,0.82060216314625,3.047615551215712,5.261080759964729,0.6205209648539305,0.009285923456773482,0.16252793307261104,12.716005103893886,-123.48638052589803,171.9172617459856
19.0,18.6,18.8,7.435,7.835,1145.5,6.32,62.8682,0.7473,30465.0,544.0,23.7417,15.1611,35.7857,16160.0,391.6363496124131,6.993276684364113,77.789,31.907,28.226,8.037,12.555758966506351,0.9191379276851872,47.4,302484.0,8.8,57.3,33.9,63896.0,41068.0,18414.0,9.819277128486252,7.904115227830772,0.4381657992565056,0.2590222331408918,63.9,3.979109530584812,138.8,54.52687426350699,150.05130498292544,62.88105631055697,4.079950341622652,-64.17221753971728,114.89993832897396,-49.618222049529784,-10.758631185256734,-13.69427379797058,-4.304480218112013,-21.84414531740981,-0.5911871204602784,5.20799876167284,11.424204905897687,-9.994415751892767,-27.044420591023123,-8.48738921815217,-4.874772116112681,-19.12174848681937,-18.45411699781815,24.6935514533023,-16.41964575316834,-70.69819193540219,8.422810297509033,18.63339724095849,1.6251980550028335,-24.447144036054762,-15.914197751018996,-29.754024038484783,-10.946798819401309,-1.8788335949105022,64.0570661439374,99.85269683576347,0.561430086000661,1.0643260278258058,-5.6612874932447435,76.92105111164507,304.343608461842,171.9172617459856
15.0,20.0,19.4,9.77,8.1,1231.5,4.85,60.6455,0.7705,18738.0,201.0,20.6519,13.225,27.4686,21790.0,236.6058463286824,2.5380390176147487,79.195,32.652,23.515,6.148,12.782698470895246,0.7724210753786316,47.21,209885.0,11.2,48.7,31.3,49780.0,37342.0,15884.0,8.251880779338212,6.642425473153561,0.2421040892193308,0.2176759611841297,53.7,1.4316290125621989,33.8,45.522783491394165,64.13454400925899,39.91071877335198,0.08626945916874067,-1.4361009298823806,47.94417975772986,5.406641248716043,-4.458288447470404,-5.642321289405223,5.556533195295678,-6.326073690968717,2.8309118181141124,1.0944377906542855,21.148460116957622,-6.328727096329281,15.55798984838029,-13.969754453121375,-1.3630545331304897,-3.3477676754801853,-2.688609634304113,13.820483865030113,-5.099696109309249,2.375755954383252,0.23470106252313686,6.836492184324503,0.19743954179497733,-4.737079803699165,-5.7918921749992265,0.23605214624044635,0.8233356102315413,2.7808779872713285,8.101156616466277,0.6584148670717447,-5.662500689287359,-0.5024248905712762,-4.568827986383505,-117.9965249877384,-0.55413654201431,171.9172617459856
16.0,20.0,18.5,8.765,8.075,1162.5,2.44,53.8484,0.7,22791.0,176.0,19.9075,9.7003,26.1024,22316.0,289.4793664503182,2.235459983996139,78.731,30.36,17.926,5.442,12.707805206288954,0.8544099046087655,49.59,270490.0,11.8,40.1,56.9,45128.0,39616.0,17109.0,9.127778739156234,7.347487394884943,0.1563167286245353,0.2407812308070261,59.4,4.283374391240886,108.0,100.00907169226555,204.43259011500982,93.53576744331356,12.390003105710882,5.23500607082466,130.24225061022986,21.03486302929155,-10.468101080923796,-4.132878133182707,6.2701642426227595,-13.101575096452924,-6.048202322356713,13.41679170050037,32.03561671356281,-13.946857430986137,5.78257415079355,-38.88314120844472,-5.594765252245907,-11.409528889229213,26.781806744959514,29.12427498411853,3.587827832560675,19.428928915521443,0.603389778137983,14.342312045343377,6.902952100607403,11.71835632084636,27.337987742776367,14.064072581756248,3.349188127119566,4.00560859009003,22.134978959279426,8.561443335800432,8.808996801152817,5.469372781600502,-1.0776285334692115,78.74675824625187,67.10120167363279,171.9172617459856
19.0,18.6,23.8,17.225,8.89,1229.0,3.98,62.8682,0.7473,30465.0,544.0,23.7417,15.1611,35.7857,16160.0,391.6363496124131,6.993276684364113,77.789,31.907,28.226,8.037,12.555758966506351,0.9191379276851872,47.4,302484.0,8.8,57.3,33.9,63896.0,41068.0,18414.0,9.819277128486252,7.904115227830772,0.4381657992565056,0.2590222331408918,63.9,5.717653423382783,41.0,37.00607825583468,70.37205638579324,90.17371522982137,-6.407026337246257,-21.35452550078432,70.92540969088519,11.494750069527269,-9.341276282391828,-5.751988156251617,-8.946052980995733,-7.99152505467335,-5.3869464054742515,-0.7527342083413823,12.307586036270953,-10.784957549388828,-4.994708259891091,-3.287281517316585,0.36382379943660226,-6.737213899246416,-9.09275421462642,13.338082811354347,-35.27299248494985,-8.737727414883361,2.2441717793377336,5.276850992824581,0.4569818380149009,-3.5069685327215097,-4.263212176753833,-9.623281701654973,-4.973113399036229,-0.24072374793080087,23.353825386669484,37.693309213717775,-0.9924634692740272,4.299737455627574,-5.5755230156440865,56.59366761937388,-50.01794920802971,171.9172617459856
15.0,20.0,21.5,13.56,8.575,1105.5,5.98,49.512,0.336,36853.0,138.0,15.7684,11.0015,49.6713,4038.0,582.73904587214,2.182128682342152,63.241,25.634,18.924,13.688,10.207596868462485,1.431208510245323,64.28,314899.0,7.9,22.3,69.8,42653.0,44208.0,19416.0,15.289797719630393,12.30765986180222,0.1473591078066914,0.4033288293821397,99.5,4.243419544937387,28.6,90.22596821584972,109.61885486751952,72.43417945916144,3.006068152094572,66.00646237386081,89.73334676028075,-6.113357087532065,-17.413436763919893,-22.867317108742423,-3.7469337504838314,-1.7994927238191778,7.371550280917437,-9.633662472680832,13.150698824004891,-14.910778282297164,-25.0047500611702,-28.077780050284534,-1.6986228321531485,-5.290511479303247,-16.4016180566869,-5.544521207567314,-16.0960266356015,-45.931449399710004,-3.805036661913617,10.216234619437408,5.409781744625271,4.565276669294885,9.189882415112413,13.784196918602104,-1.0728704136159852,-4.277370625542638,-4.558271376184801,4.657165513024659,-3.204300199605831,1.5007142538196956,8.19090787778298,50.009908007619266,-28.352058053147047,171.9172617459856
4.0,19.6,13.6,11.905,8.355,1489.0,6.84,97.153246,1.5051,22704.0,603.4405868680999,11.4219,8.4222,23.795409,18373.02,371.52675503190966,9.874661869875633,61.11,25.96,23.28,5.82,24.61494990856973,0.4775021872663257,65.5,193424.9506420834,3.786310606464182,52.02179642033601,44.19187938339238,90072.0,39502.4,26966.29,10.53622467854088,6.818367587891776,8.389512313189808,0.5234059869036483,82.8,1.5755925895394984,9.4,11.296290133947041,12.217480184577871,-7.838477735941218,-1.5035432557210655,-8.635736314828973,2.371039017466829,-15.944220227894066,2.405788910933772,-4.86838092172984,-2.0234570467231463,-1.1437910738983195,-0.7896183572150767,1.3974372326528364,10.114862918410603,0.5144577225235608,-0.13141713204483407,3.0566730388579884,-1.1949965212839475,-2.2287499109081326,0.5915652420154447,5.188456397696867,2.122774233661281,2.6056140913426247,-1.7931558433563115,4.545325283647593,1.707369042215871,-3.672157254872538,-0.24132906723224243,-3.956041676260064,-1.6146170636782564,-3.607593450470981,0.8135049298002043,2.1849961797489463,0.699288682400557,5.234847898564769,1.1825239252081758,-55.2366183273075,-114.15238232249162,171.9172617459856
533.4,27.3,29.9,11.03,8.425,257.0,2.78,69.61883,3.1667,31295.0,362.9812608948286,7.9764,10.4369,90.661662,22830.6,431.0012394986916,4.999053310767506,72.61,11.98,17.16,25.54,29.247120158096035,0.4441104259190304,62.5,205105.4262142192,6.613355601948504,25.327743910925538,68.05890048712597,63992.0,36649.66,25491.99,8.611711314748359,6.341558665661586,2.4926882667224866,0.4481821796071095,70.9,3.647299592131523,145.4,-157.98475819544092,-32.130206957485846,29.948399744227075,-1.9762259363002794,34.529999729827196,-94.58631578257153,12.27952179349105,-1.0056473648912914,-1.0315318844777828,0.19075745792127838,-6.586960009091224,-5.309723521031754,-9.86094163941491,-1.7219158638342489,-0.7215406060591342,0.17842489166573028,-4.053208963017291,-0.12037629058506849,-2.3003137088691186,-0.796185591088916,-5.720756659145309,3.6679101247022223,8.372962117758583,-1.0166123495995993,-10.5383250220314,-3.9904436574201103,7.312896244702084,-4.782017849575882,5.374151418819863,-1.8410320882041304,1.4551713702622058,22.643027248955324,7.539347645291133,9.194774088138558,5.727988866409287,0.8767094842903339,12.994508801139894,110.7516745542436,171.9172617459856
430.2,27.3,30.5,10.595,8.39,269.5,4.34,102.81,1.7645,47925.0,843.0,43.5255,20.1416,83.8778,77459.0,294.8686396357596,5.186734756660309,162.53,65.61,36.45,18.38,34.437046921982514,1.6325084864460302,44.34,791032.0,14.2,49.0,36.8,60352.0,33354.0,19580.0,15.09150601532647,12.226414519989854,1.982933986704912,0.251596591393268,73.72,3.6793737293674806,77.6,-45.685438672173,-9.375371574420328,-2.7831790321161187,-3.4588408494601044,-10.808428043284609,-66.46027074240536,0.2050260019826237,1.8228056702848228,-0.7708725837796634,-1.2619796265816914,-0.864337769244644,2.4825185442289044,-5.102374068916929,-2.644605876059892,1.429519572599478,-1.0046002929479199,-0.39000333551395006,1.1003936615295251,1.4576804877429577,0.03190695082535706,-0.6697618410922569,-2.965289627549549,-1.0749536865965144,0.4587272375985026,0.5496739402413372,0.2344230171941073,0.5502138232175896,-3.8496815264465596,-1.3399216994957506,-0.3340967642054132,-0.46295873221203904,-5.781162418971458,-2.234984543006092,0.8019549875240775,0.47624410989461197,-0.4981457208849793,2.8464221198643394,-16.5118914915109,171.9172617459856
191.4,25.7,30.2,10.11,8.41,885.5,1.6,69.4828,1.3569,21994.0,591.6353864032538,9.1363,9.5518,7.95815,16641.32,381.11245884595394,10.251869457689375,57.71,25.24,23.82,2.36,23.245438704361963,0.4724934230642314,61.4,189959.29356481816,5.960707881876988,46.25281304491967,47.78647907320334,66835.0,38481.79,24326.61,8.747788017238738,6.746846249557248,4.849428335338578,0.4633533676333021,73.3,0.0653636102551419,4.2,-47.339756533822886,-12.416321432347955,13.228466159660215,-5.633976933447218,-14.747299148329377,-23.16957254254589,0.34187979542456187,1.2479006957941838,-2.1879709336483693,0.08392442799949429,-1.0063107034455376,-1.2872825920608997,0.5082610895546779,2.9602016038868655,-2.5387352538023475,-0.3832616059361828,2.348605640674165,0.3849619541130975,-1.0807287033041957,-1.1777591182171194,1.5164237595508665,1.1567023671589178,-1.3960061511657333,-0.45070135196515687,0.027763707287376718,-9.992725540394119,-0.2597802259866152,0.7448348102675914,5.804422409195301,-0.01116575787969476,-1.650730928372747,2.9237297259911443,0.5637649042989744,-0.7135051923218043,4.791401945863229,0.07949081806233092,-14.674772127099182,-68.47393092039916,171.9172617459856
149.9,25.8,26.7,6.665,7.605,390.0,1.68,156.26,3.7,71109.0,604.0,25.5392,19.687,31.444,45417.0,639.9701205079514,5.435907589570977,111.113,48.363,43.95,6.87,30.453854606755456,0.8473062281162614,50.12,299186.0,8.188156481532047,41.53969380882165,50.2721497096463,56528.0,34807.04,22100.67,29.449202691670408,16.989687864542002,4.19935794066213,0.4460450312437009,97.31,1.1504358605816314,3.6,-22.94140885204504,-12.081669601705698,-2.2766596515616393,-2.16190670890889,-4.822989818539939,-57.50545345571938,0.5305947295269756,3.280483015833888,-0.40224276518216445,-3.2351251350614874,-0.8533608918256735,-0.7759162390348492,-0.6377189887318918,-0.17926401479014498,-0.3276044249340591,-0.6634979629415728,0.27123975053429694,-0.2085663807896603,0.5619195547630076,-1.7416122672574899,5.687576520598186,-0.5025842989624164,-0.9433777043595915,0.24756383838442708,-1.352305119677913,0.8848117245128372,-0.8231237942337359,-0.48681020909144174,-0.7434551763713024,0.45545004615560036,-0.2579980154451918,-13.287035521558332,-5.99312679652047,0.5922266044847987,1.0362692633333312,1.3359623851782318,-6.844876203318126,-44.70985010746324,171.9172617459856
218.7,27.6,28.8,5.44,7.505,662.5,3.62,94.75,0.975,80886.0,573.0,36.035,30.6179,69.9425,59746.0,503.33227546810537,3.5656280919222656,160.701,59.489,57.403,13.697,44.04493523854282,0.7705005543685988,37.51,683165.0,24.81513784080998,29.71825110917296,45.46661105001707,37563.0,37438.88,16936.21,15.717915646179634,15.449625511761106,1.4422353381379165,0.3216419673452932,70.17,2.478783937861329,41.0,-75.59334250882112,-17.05606919425229,-0.01185930956465627,31.17092575381976,4.836992111690339,-61.93946948176872,4.236653286355238,0.011402981352684064,-1.5076900984191657,0.0692667509693035,-0.8468578954786053,-0.54058477105107,0.9239342076067502,-2.7826403917030738,2.3645825196150683,-0.48030889028217744,-5.8024272772794,1.5074024496941496,-0.27734556050815823,1.6212332767341293,0.6283072428607065,3.134807173912416,0.6977813933401684,4.618811082652148,1.8623681046565388,4.166536270494883,5.151492446013728,-1.0310879499271202,3.865609503698843,8.324321441574332,0.4661762675332555,-1.2460322103649377,-13.451195564875377,-0.0060368997339779185,1.540491124919306,-0.42801242451649296,7.595880422022506,-62.52390587498822,171.9172617459856
434.4,27.7,30.1,7.905,7.795,856.5,4.22,92.75,1.5386300675675677,45158.0,696.0,33.0483,14.6795,94.9691,6452.0,387.35632183908046,5.970149253731344,116.58,42.49,20.02,31.74,25.258358901966528,0.555059543918919,52.85,465622.0,12.3,44.1,43.6,67794.0,41956.5,22104.5,40.84636824324324,17.791976351351355,0.9989242570341496,0.2683831925675676,59.34,5.6081210167340565,8.0,-40.10754205307128,-2.276099462213849,18.2721254913474,-2.9641061752627134,-5.025735154469732,-40.478448636692875,0.548690999575386,-2.8673124852334126,1.8770094208718107,-3.1211955209318893,0.988028257659948,-2.1405555600964,-1.9318407739908443,-2.4427960045808383,-1.0563795441734456,0.813882395256852,-1.1140137423574918,-0.3129794232198049,-0.15096097701500724,0.31134322916855905,-8.903731160556589,5.027820207852251,0.8080047548729118,-2.7563489708529474,1.675195503479334,1.7294149071816334,-2.2464391397007666,-0.8304515774355958,-1.544396106332231,-0.6203293254548535,-0.29531334568474704,-39.949109804920155,-6.793961704498507,-0.3296350469541131,0.27809508484439,-0.0034866038682743517,9.946740450621002,-43.90482076428558,171.9172617459856
421.2,27.7,28.7,4.36,7.37,447.0,7.87,113.44,6.47,113005.25,3048.97,56.37,31.11,123.25,170899.0,632.6927383685123,17.070544762331334,178.61,74.6,52.48,33.02,11.832260392384752,1.0136065476243834,41.19,962714.0,23.22925734100645,37.059541398199215,39.71120126079434,40450.0,30441.0,14677.0,7.420621787035737,5.286083690348805,0.6079000575173069,0.2002013844757149,68.94,3.372837176959433,204.8,-148.34113501789747,-38.12122088129943,34.515020282794715,96.49436661475802,-55.789899420028085,-12.765127699971977,-21.22431613325141,17.314039823580536,4.515211274981651,-3.629961678535523,19.39968240796588,4.740200305411903,2.6980816476885265,-38.81957050408236,14.34024897162569,-18.453190906144062,17.709037984253374,5.532564818101626,6.875853763880048,3.5649017462739714,-35.99311248506653,1.240004096055251,4.679818232726155,12.267605443187833,20.490944560007964,11.148771513385391,4.450502262638566,-1.2535978938802177,-18.56547611411739,-68.61488247518894,1.1433739720160734,27.550439102912012,10.9630515558164,0.7704624068116169,0.3731132039520846,-9.835888801259763,17.12023702194138,133.05320231740052,171.9172617459856
307.4,28.4,29.7,0.905,7.305,439.5,4.835,97.05,1.21,106381.0,2590.42,55.63,35.38,100.73,137331.0,610.4028000918064,14.863552903373884,174.27999999999997,73.07,53.35,21.39,11.545413701275482,1.3286396630675812,42.31,858592.0,16.673582357043852,41.11565010222189,42.21076754073426,42877.0,31410.0,15449.0,10.182451797210655,6.929020407132105,0.954641587443107,0.2674869382660009,92.11,2.059611271966665,101.0,-111.07523072447161,-26.046829364774748,57.08548765240935,-15.144430141671714,53.20797528674593,-47.00041203195656,2.303091661131862,-1.553798358184287,-3.867816356471741,-2.0688518342329236,0.7537307470478124,2.8779191946773808,2.1212572451673135,-8.412707913832271,-2.9676307361355634,-3.6211878303911864,4.874042184640032,0.9980376616772263,1.3651387477992103,1.443572301305056,-5.83351159903376,-1.5268641065961337,-8.560048111146314,6.278961825288522,3.305894859218197,-0.47114978638710286,1.2622868385779054,-0.9018768610285287,3.310293727228416,3.417493321921986,2.7554798702771444,4.676238927401137,7.783691462595788,0.4518569388551031,0.8681925060072283,0.814473481973787,12.787625024792893,-48.24182798863699,171.9172617459856
69.7,28.6,29.4,3.185,7.529999999999999,440.0,3.65,126.195,0.9478,45899.0,1702.0,58.722,16.8508,63.7322,13048.0,223.4017181377917,8.284052468910467,205.455,93.926,30.942,16.87,33.16205965449566,1.7174502122943875,39.64,605389.0,14.2,42.9,42.8,42227.0,38884.0,17032.0,18.34775726355647,14.769191834162667,0.4028414498141264,0.4839945952585677,119.4,0.51,109.4,-47.51182410363341,-16.361531762420977,-5.480576665958702,-33.37327527125133,-4.219046875940791,-24.03488267463322,1.7618590158821708,1.7697176066188451,-0.8668865407071991,-1.3829885111524132,0.6349247997409343,1.674094028898205,0.5526075005306242,0.035552709621843724,-1.0947457086977854,1.7492622324979543,1.6276036820312336,0.7094876703480294,0.8422674121684403,-1.6432916444229608,-2.696301679140888,-0.07773020411996699,-2.906715473028988,1.069601030388536,0.9354314688701809,0.8176285140092153,0.07306165889914461,-1.5041638574648346,0.9925923392036934,1.1922120765045612,0.3383490709882861,-5.5950200921537645,-8.412731844934944,-0.5296410467382525,1.5076794585981401,-1.0099824555024213,-25.88827657260777,-5.508018242649268,171.9172617459856
354.1,28.0,27.4,2.175,7.355,445.5,5.34,78.86,1.51,42101.0,1310.02,57.39,30.39,103.24,45409.14,239.6050310170167,7.455580217403678,175.70999999999998,75.89,47.08,23.13,11.640145980325425,1.1288686636714582,52.2,686334.0,16.06716086336319,29.95130135865117,53.98150854710848,36106.0,32559.0,16815.0,12.881572327495135,5.887189901806822,0.6001059414337037,0.2742822855197458,94.45,1.7282985757510871,206.6,-42.625086798072054,-20.145780107425136,-17.965782673086988,-16.906638323078706,-9.949562799481793,-63.215887525936125,0.30764847271435375,-2.5691625660987705,-0.49544076503681284,0.12415857436057583,0.9809893489563045,2.5408556765548806,-3.0105609466133547,-4.252571280291108,-0.08151170757482695,0.07022752843331737,0.03150272329182661,0.6392237547131155,0.6073229192226421,-2.2342716041552664,-2.04058804438236,0.23650053599810328,1.7038783289424229,0.19718643138456812,0.36254397331950744,3.5656368887912393,0.09392081913790633,-0.23148693188675917,2.8214552116361045,-1.0652767640321243,1.1259134417409462,1.2266677458332083,1.3664464681580062,-0.35831712687543327,0.2663275414550085,-0.1510554777953075,-28.185497720170147,25.387385992191266,171.9172617459856
4.0,2.7,5.1,15.275,8.79,769.0,7.105,69.61883,3.1667,31295.0,362.9812608948286,7.9764,10.4369,90.661662,22830.6,431.0012394986916,4.999053310767506,72.61,11.98,17.16,25.54,29.247120158096035,0.4441104259190304,62.5,205105.4262142192,6.613355601948504,25.327743910925538,68.05890048712597,63992.0,36649.66,25491.99,8.611711314748359,6.341558665661586,2.4926882667224866,0.4481821796071095,70.9,1.5243683130514922,40.6,2.2928081549246175,-34.04432970237492,-23.663277744600006,-2.4027077478876646,-20.24468263172467,-35.49330870770073,-13.101387742812898,-0.47622839701982794,-1.2962512234047365,0.8064854363142508,-1.4167356261983517,0.34938217734374727,0.6817373312722577,-4.405084380658808,-1.450828198184414,-2.0680959866909943,-1.5341120375110766,-0.49691712815431016,-1.5905666658437498,-0.02715024823672078,-1.2363860120228511,-0.042063780882551284,-0.7353768303873934,-1.678421138869598,2.1674363234561542,0.16056187838471184,1.0075062380575888,0.7274264536052927,-1.4764802815912592,1.0380476335211033,-0.338565120757557,0.5766653908533027,0.43389726542479673,0.3361723951809113,1.1927737632952617,-0.2986650863996083,-27.597415282042927,-6.531784350624075,171.9172617459856
7.0,2.8,8.8,14.115,8.465,971.0,3.57,102.81,1.7645,47925.0,843.0,43.5255,20.1416,83.8778,77459.0,294.8686396357596,5.186734756660309,162.53,65.61,36.45,18.38,34.437046921982514,1.6325084864460302,44.34,791032.0,14.2,49.0,36.8,60352.0,33354.0,19580.0,15.09150601532647,12.226414519989854,1.982933986704912,0.251596591393268,73.72,1.543706020253435,44.8,10.268726802704235,-60.132049961904215,-30.652155791432595,-2.498292976225882,11.87413436255961,-23.73584762991794,3.843749795586336,1.5996361939826356,-2.246510655096113,1.026912422517005,-1.5304411996450906,1.244606787773469,-4.811729075360732,-3.3467427025099004,-0.6923577449633741,0.6626226632227156,0.04804615933137304,0.46992469193724284,1.3005867745913597,-2.403367358094546,-4.3001172479762015,3.0422329765356473,-0.2099364098596069,0.3799173430376706,-1.4867898066504857,2.5807654720443924,-3.2686481989159564,-1.8728528286237276,-2.570286285734425,-1.02660349564006,-0.4885107420881574,-2.7068532559011733,2.224708359728098,0.6769382904167287,0.0014243510893233169,0.633175154107933,-30.834166017291917,-32.88335782596919,171.9172617459856
7.0,3.3,7.2,8.66,8.535,926.0,1.79,69.4828,1.3569,21994.0,591.6353864032538,9.1363,9.5518,7.95815,16641.32,381.11245884595394,10.251869457689375,57.71,25.24,23.82,2.36,23.245438704361963,0.4724934230642314,61.4,189959.29356481816,5.960707881876988,46.25281304491967,47.78647907320334,66835.0,38481.79,24326.61,8.747788017238738,6.746846249557248,4.849428335338578,0.4633533676333021,73.3,0.0241839545129485,7.0,8.328182184789334,-46.7086385530798,-25.3116159890922,-3.122181931666953,10.234791742148422,-21.7628114415418,-2.158995250171869,-1.279514254103414,-0.996101683343296,-2.032474349815941,-2.0050882735398283,1.000865285662002,-1.766365230967448,6.5020172864027925,-0.2171346664079451,1.9774508161423732,-0.50264360106705,-0.3156563768473786,-0.9670929548796267,-0.7087887692381636,4.139167060976227,-0.751145735686875,2.488175311356316,1.1293737809934334,1.5978210116534786,-4.164610184646059,0.008013081922350401,-0.4775473640806733,-2.9280167803276957,-1.3051442506598931,-1.6747660143890737,0.8237746640841938,-0.08871802576700986,1.3314494427130572,4.394278149534949,-0.2054928639872637,-31.2325971055772,-63.14044401041368,171.9172617459856
6.0,3.8,4.0,14.315,8.395,588.0,2.57,156.26,3.7,71109.0,604.0,25.5392,19.687,31.444,45417.0,639.9701205079514,5.435907589570977,111.113,48.363,43.95,6.87,30.453854606755456,0.8473062281162614,50.12,299186.0,8.188156481532047,41.53969380882165,50.2721497096463,56528.0,34807.04,22100.67,29.449202691670408,16.989687864542002,4.19935794066213,0.4460450312437009,97.31,1.7236126182225782,3.8,7.463414984890645,-28.380961877175917,-21.80107647267403,-3.502044115955942,-13.25257042990144,-39.13630402533881,1.2861293766018942,1.5030843307155495,2.3322236085698624,-0.7383805662478925,-0.021614995916995044,-0.5773504935926753,-1.8144516760044869,1.4957550386494638,-0.323358213419562,-3.329993405444547,-1.2314832588199847,-0.08834658309351522,-0.6104137734905836,-4.629076784480515,5.2368751969685166,7.74611387760223,-0.29848419226938716,0.07140983703546415,1.2122424562011511,2.1534640950360355,-0.5702590210433108,0.42487533541939343,-0.019573962552627555,1.1167188275213498,-0.41438385940389866,-9.758276692208211,-7.939845507818586,-0.3625885813683259,3.9934642248243706,1.4876669672007328,-32.841895155242334,-37.75381437991164,171.9172617459856
27.0,3.0,6.5,10.395,8.365,897.5,4.06,94.75,0.975,80886.0,573.0,36.035,30.6179,69.9425,59746.0,503.33227546810537,3.5656280919222656,160.701,59.489,57.403,13.697,44.04493523854282,0.7705005543685988,37.51,683165.0,24.81513784080998,29.71825110917296,45.46661105001707,37563.0,37438.88,16936.21,15.717915646179634,15.449625511761106,1.4422353381379165,0.3216419673452932,70.17,5.421490852093218,20.0,-6.547079374430858,-43.54480199179846,-34.91665056562207,-2.308519725698281,-9.232767380011113,-26.23267080985165,1.2249707202198128,0.6312949249024206,-3.4967823734491454,-1.7179591860249663,-1.78195855882407,0.5709740545251422,-2.495345970247095,-1.2013473927485758,-0.6753467327884097,-0.9824948294134822,-2.4998258382943477,0.1768908646221592,1.0601747922816596,-0.38875710053330453,-1.5306883645337066,3.0074869124342993,1.8287284240188715,0.9470605886479229,1.8853380496900864,-0.1516758582027012,0.9316637917491611,-0.8494545250541236,1.0877257297591623,-0.01675927617742186,1.1166213056483927,-1.3261391556018503,-9.691043443247521,-0.1195224336371744,0.6047767266894989,-1.4180242336506461,5.930195976507772,-39.74375800616729,171.9172617459856
25.0,2.6,4.4,13.735,8.29,1140.5,5.25,92.75,1.5386300675675677,45158.0,696.0,33.0483,14.6795,94.9691,6452.0,387.35632183908046,5.970149253731344,116.58,42.49,20.02,31.74,25.258358901966528,0.555059543918919,52.85,465622.0,12.3,44.1,43.6,67794.0,41956.5,22104.5,40.84636824324324,17.791976351351355,0.9989242570341496,0.2683831925675676,59.34,3.4319379308951152,16.2,-6.700148548040695,-51.63701356560458,-25.055476953392695,-1.767964499711524,0.3581711020460345,4.631116879713954,-0.6152514007970824,-0.18958087858278275,-2.733186129746804,-2.0053996503779987,0.5932434309134269,0.5884879573601463,-2.4643099844773904,-2.3953472015758375,-2.4003996131157828,1.4017992490479567,-1.3007592568670703,-0.6055660123269427,-0.08280426759427943,-0.3587049961485904,-7.728958839212232,-0.424787350255841,-0.51847109099695,-0.08632582715130327,0.9125740831927381,0.8731675876847804,-0.5349634409804511,-1.2788475845416525,-3.206670204393643,0.956594686103443,0.6047138856110799,-12.012327007087881,-7.742858639532543,-0.5593402007035896,0.8150270143966183,-0.6609992280676197,0.14351203514689895,-48.69686677423926,171.9172617459856
16.0,3.1,7.2,16.945,8.54,1064.5,4.44,113.44,6.47,113005.25,3048.97,56.37,31.11,123.25,170899.0,632.6927383685123,17.070544762331334,178.61,74.6,52.48,33.02,11.832260392384752,1.0136065476243834,41.19,962714.0,23.22925734100645,37.059541398199215,39.71120126079434,40450.0,30441.0,14677.0,7.420621787035737,5.286083690348805,0.6079000575173069,0.2002013844757149,68.94,1.2882256731968311,1441.0,41.051960824349266,-162.95312892730112,-57.824343058621366,-2.4260524836058397,32.45596059171328,13.740289623565808,13.1015723120297,2.2301268099702445,36.09504746357134,-0.12870633737415518,17.68814248524296,15.469465772163437,25.719983805567807,-2.3718685191613673,9.099751201585557,-11.304501518059203,38.90898506870417,10.690612822187058,13.486819560336878,14.987980317387255,-17.712382726551336,1.7342977541654063,-1.1827175159845484,7.037488073411701,-6.8319128845011186,-0.22563838093929137,4.260049529413227,-4.860639708999867,6.32972074945069,-2.4103942294426632,1.8783177947951517,18.934294820272672,-6.386135514956734,-2.963906663234033,-1.8572830511629566,-0.1374978853412979,-167.02985773692683,128.81839429070862,171.9172617459856
21.0,3.6,5.7,12.515,8.195,1158.5,6.7,97.05,1.21,106381.0,2590.42,55.63,35.38,100.73,137331.0,610.4028000918064,14.863552903373884,174.27999999999997,73.07,53.35,21.39,11.545413701275482,1.3286396630675812,42.31,858592.0,16.673582357043852,41.11565010222189,42.21076754073426,42877.0,31410.0,15449.0,10.182451797210655,6.929020407132105,0.954641587443107,0.2674869382660009,92.11,3.028882210335257,33.6,-6.109942022945422,-69.81322199416657,-37.670068805304666,-1.796187749802292,1.2876845816724616,11.262344786090935,-7.26587413533203,-1.680086716315708,-3.225989675096548,-3.6545886569951347,8.830507312017337,0.6874414059286948,0.45592440441095405,-4.253981139088672,3.835723809497433,-4.572587911499819,8.881800530040634,1.534417593407755,0.6651335066060232,-0.04112687592239631,-1.8099813943441625,-0.8442510065754553,-2.655642886419467,3.179997363917842,-1.0653247389065397,-0.14520395628952842,0.35091535795014445,-1.790958940046839,1.6669708738196622,0.028114950387581567,1.0578991197375582,4.757572216751672,3.3697745274628192,0.13983562175106692,0.9552136179602965,0.21360632961848972,2.368608466535807,-56.20219834279346,171.9172617459856
17.0,3.8,7.2,13.705,8.455,982.0,7.16,126.195,0.9478,45899.0,1702.0,58.722,16.8508,63.7322,13048.0,223.4017181377917,8.284052468910467,205.455,93.926,30.942,16.87,33.16205965449566,1.7174502122943875,39.64,605389.0,14.2,42.9,42.8,42227.0,38884.0,17032.0,18.34775726355647,14.769191834162667,0.4028414498141264,0.4839945952585677,119.4,6.74,59.4,25.288401298678167,-85.10752327833013,-38.2362790310996,0.6111314467457118,18.40780934929227,-51.346322463181956,-20.757930974434906,3.903584629561133,-4.461221870870018,-1.0739633896271725,4.863648531567306,5.803049648910143,-5.3473518741379165,-0.7856027714520087,-5.02173267027984,4.459884387366471,1.2086444896956274,0.21879741564237834,4.440911555436131,-0.7469543474462514,-2.4822707408899416,4.179522529635579,-0.6557261960123079,4.3491103795620925,2.986501937496167,-0.6651798927038897,2.2460645761387403,-0.4289761557794785,3.0255527012476997,3.2022286070347747,1.0872203796776037,-4.0638285387222055,-2.4493454029325696,-3.128349247371466,5.24374177703013,2.4217166522843794,17.826681692188917,-43.03996064261923,171.9172617459856
21.0,3.3,7.7,12.81,8.35,1577.5,6.75,78.86,1.51,42101.0,1310.02,57.39,30.39,103.24,45409.14,239.6050310170167,7.455580217403678,175.70999999999998,75.89,47.08,23.13,11.640145980325425,1.1288686636714582,52.2,686334.0,16.06716086336319,29.95130135865117,53.98150854710848,36106.0,32559.0,16815.0,12.881572327495135,5.887189901806822,0.6001059414337037,0.2742822855197458,94.45,3.1904161582570727,16.4,-5.845350020956249,-49.63769466212719,-22.031453102244996,-0.4271067662389642,-6.5151067049677165,-11.497012731226079,-14.619977542901182,0.3438083446118971,-3.09568121975676,-2.169622591528263,1.8274178923495745,0.9362329890648843,-1.7389195331011447,-9.184392244820485,3.95965059485752,4.24016902189003,-0.6710740557988206,0.451295755074826,2.0680118038264754,-1.0865012605988886,-3.8675685592003464,-0.04142375134707273,-0.02276307999001137,-0.9217658814799511,-0.5663052475898681,-0.07158729460516987,3.5789177335953952,1.8383600425048876,5.21775025757922,-0.6815788774906336,1.6141175747321308,-0.28415957762394356,1.9353342957565716,-0.16480150153743833,1.0202570767064219,0.7752980057309222,1.048585823408016,-67.52757330092058,171.9172617459856
32.0,18.8,19.7,14.185,8.67,1092.5,2.51,69.61883,3.1667,31295.0,362.9812608948286,7.9764,10.4369,90.661662,22830.6,431.0012394986916,4.999053310767506,72.61,11.98,17.16,25.54,29.247120158096035,0.4441104259190304,62.5,205105.4262142192,6.613355601948504,25.327743910925538,68.05890048712597,63992.0,36649.66,25491.99,8.611711314748359,6.341558665661586,2.4926882667224866,0.4481821796071095,70.9,6.490404531286001,217.2,95.47526100925559,95.20351596515935,66.81362723356112,-20.135058796523754,-268.2889720577063,147.0644392736846,27.45978880532165,-3.452538240540315,28.190412380749677,-2.5777554456951655,-14.97579890736378,-22.992122081805334,-16.820112706899334,-67.19273562939684,-0.6575386154030815,5.917483393135488,-11.843324619828104,-17.203308159510296,-30.046431104578076,-12.949394808115143,-74.18387234303945,-33.393654269000216,54.13984575178629,-7.317624074821363,12.062665959332747,10.92907460683025,19.385411674821125,16.466712842383416,-9.935469792749101,-2.7110134210833188,-7.566728568372013,37.88701809812337,21.175451407190412,6.748096009576702,6.174663241912296,4.510072136123991,164.3041318286055,261.18078834529814,171.9172617459856
18.0,18.6,19.7,12.53,8.29,1063.0,2.45,102.81,1.7645,47925.0,843.0,43.5255,20.1416,83.8778,77459.0,294.8686396357596,5.186734756660309,162.53,65.61,36.45,18.38,34.437046921982514,1.6325084864460302,44.34,791032.0,14.2,49.0,36.8,60352.0,33354.0,19580.0,15.09150601532647,12.226414519989854,1.982933986704912,0.251596591393268,73.72,6.603379984051755,101.4,65.00187348882667,88.87677620189727,86.16508182059353,5.836892123501755,8.53282987255138,74.47478909981902,12.629759900869486,6.007006986858329,-4.733432742278079,-13.491016534062423,-2.035210537421522,-11.311308734499226,-5.363776432669252,-37.75152261023876,1.1475219477262897,-20.633329271489444,-17.17779329366672,-3.951047492252352,6.458721989955907,-12.637467970967604,-23.00401104235478,-5.490491429716347,-39.27505449274554,2.670098389955232,-3.284454214385098,2.0169798903710494,-31.264738235863234,-14.027811718561379,-12.329536712029956,-0.2626798625197277,-5.604761749201761,-3.510586810007991,-11.271898145369876,-9.602302006247138,-2.54602125665172,-0.5982069682888635,83.12956542012203,41.11623839617396,171.9172617459856
15.0,19.1,13.5,11.465,8.405000000000001,1105.5,1.17,69.4828,1.3569,21994.0,591.6353864032538,9.1363,9.5518,7.95815,16641.32,381.11245884595394,10.251869457689375,57.71,25.24,23.82,2.36,23.245438704361963,0.4724934230642314,61.4,189959.29356481816,5.960707881876988,46.25281304491967,47.78647907320334,66835.0,38481.79,24326.61,8.747788017238738,6.746846249557248,4.849428335338578,0.4633533676333021,73.3,0.6144795999943794,73.6,39.79236282530241,44.31436360865055,-12.892238295927335,3.0291734372529535,-33.56789722007699,19.842685928045153,1.6370280467843041,-1.153955473213771,-1.8425152842071844,2.0526223820059832,-0.9830787160635612,2.4271350715053255,-1.5609753891282387,16.404547581896193,-1.9939502654721306,-5.663811695966866,4.693085340748849,0.7436994922890658,0.6813728202584516,-6.581986532178706,15.987905132536932,5.250612781921709,0.2672264401420641,-0.83032737693439,3.2395833937668588,-2.7620125052581255,-7.517542692632419,-1.1923610133180986,-5.585281532143711,0.1520062620999886,-1.8683140072412765,2.5511810181623655,1.3690112408390291,-1.8446738970357313,8.03893063300134,-1.9353490306429233,-157.55192553717723,0.09252921111105412,171.9172617459856
15.0,19.5,14.3,12.83,8.605,634.0,1.75,156.26,3.7,71109.0,604.0,25.5392,19.687,31.444,45417.0,639.9701205079514,5.435907589570977,111.113,48.363,43.95,6.87,30.453854606755456,0.8473062281162614,50.12,299186.0,8.188156481532047,41.53969380882165,50.2721497096463,56528.0,34807.04,22100.67,29.449202691670408,16.989687864542002,4.19935794066213,0.4460450312437009,97.31,0.8888176887557895,0.040305087,21.107122788343887,17.771315076993783,-5.2269788845519845,-1.9031600404856739,23.988143804852537,-73.85443285782667,3.152946297690118,7.714048305001728,0.6091892605872528,-0.26037687859187225,-1.6041177845389296,-0.36776781922982443,-0.19563923201989594,2.91623187076766,-0.8671119148423899,-3.4474035059831416,-2.6470082380995157,-0.19092214387996786,-1.302802926874722,2.7466275524937855,5.695452438918874,1.8116251258955653,-2.292080284479694,0.45984004826129593,1.46704036970002,0.6599746449695282,0.01453954077170557,-0.4245740219748888,0.35160034965413445,0.9520799986948267,-0.0898309360630783,-12.04496133133769,-3.4136511532030993,1.7155193125052992,6.381600334933029,2.6068566122294095,-62.04097176001175,-75.07600295531873,171.9172617459856
33.0,18.7,14.7,12.06,8.364999999999998,815.0,4.2,94.75,0.975,80886.0,573.0,36.035,30.6179,69.9425,59746.0,503.33227546810537,3.5656280919222656,160.701,59.489,57.403,13.697,44.04493523854282,0.7705005543685988,37.51,683165.0,24.81513784080998,29.71825110917296,45.46661105001707,37563.0,37438.88,16936.21,15.717915646179634,15.449625511761106,1.4422353381379165,0.3216419673452932,70.17,6.846478326366697,0.040305087,-7.06968067063795,3.945240422650239,-3.4894797917145,-3.62906289791145,-10.060212045583567,-64.35740608686504,2.3506293892324854,2.797114198032455,-2.5119263369233047,-2.7134831086181417,-2.359367894994404,-0.14632058121729882,-4.105004823838048,-1.4302539453282925,0.9075621731307687,-2.7239565383239324,-4.713092848688055,0.8250077566535511,0.10459540870351174,0.6518601479916836,0.8088472376104151,1.3587106401566427,-0.0239884787704799,1.6299293992528687,1.3594029705428181,-0.09490617796933772,2.2774409945681695,-0.44412932381732495,2.355659800857152,0.7352352371548002,0.37706964592294095,-1.1483497811698669,-13.748280176381428,2.262176652750935,0.7726674332966428,-0.08887716355345594,5.744785034206385,-77.51966972401443,171.9172617459856
4.0,18.0,18.5,9.855,8.135,1184.0,2.99,92.75,1.5386300675675677,45158.0,696.0,33.0483,14.6795,94.9691,6452.0,387.35632183908046,5.970149253731344,116.58,42.49,20.02,31.74,25.258358901966528,0.555059543918919,52.85,465622.0,12.3,44.1,43.6,67794.0,41956.5,22104.5,40.84636824324324,17.791976351351355,0.9989242570341496,0.2683831925675676,59.34,3.858910647081668,35.4,34.11396071135999,59.72939191645789,34.252810727343885,2.495120494376561,-0.955630123523683,53.4606721157115,20.660146592347882,-1.6770540438964983,-4.530898477767284,-2.05204928537986,-4.9911592260003035,-3.083336973960202,-3.3789832670396813,-12.523137121344922,-11.600858755695318,-3.596054960340272,-6.518071277850929,-1.1474372898104253,-4.224945907290089,1.3608426071579263,-23.48340005729813,-10.266257462231446,-3.7478897393075754,-3.0562888991041035,-0.861535591615052,1.1630600141066363,-4.722187099667891,-2.6287656801892374,-5.606298480077332,-2.430326003346128,-3.2552356542654635,-32.841320720701475,-12.239654601383956,-1.897694856397185,0.7552860538708046,-3.644249583204901,17.800926167755385,-49.46399848630031,171.9172617459856
25.0,18.4,23.9,10.975,8.545,916.0,3.14,113.44,6.47,113005.25,3048.97,56.37,31.11,123.25,170899.0,632.6927383685123,17.070544762331334,178.61,74.6,52.48,33.02,11.832260392384752,1.0136065476243834,41.19,962714.0,23.22925734100645,37.059541398199215,39.71120126079434,40450.0,30441.0,14677.0,7.420621787035737,5.286083690348805,0.6079000575173069,0.2002013844757149,68.94,7.26589810978572,572.0,72.15013224914982,158.8917276010911,231.86961273507995,37.91610578483279,122.9528373827607,51.67486009498282,66.74688707128011,15.20293106899909,67.59253288960862,99.07214255437874,34.74452043310429,52.951864686884626,-12.561194907569652,-26.226694467795678,49.36005925254896,125.42044855390522,72.56884996606347,8.554713251149893,19.348578639682366,-19.451788980447056,-50.43488906800593,59.576928392723175,42.08539234325598,14.562647129738863,-86.73825922256333,-37.15276840510005,33.144841257271715,-7.502114076909295,20.59009870133828,-7.662334948897655,16.027490375234432,73.1336367239151,50.1632920079989,-21.16380720254499,-12.56274313749907,7.664574475459116,286.5760019814192,640.0417676456149,171.9172617459856
46.0,19.0,18.7,9.575,7.970000000000001,1199.0,3.73,97.05,1.21,106381.0,2590.42,55.63,35.38,100.73,137331.0,610.4028000918064,14.863552903373884,174.27999999999997,73.07,53.35,21.39,11.545413701275482,1.3286396630675812,42.31,858592.0,16.673582357043852,41.11565010222189,42.21076754073426,42877.0,31410.0,15449.0,10.182451797210655,6.929020407132105,0.954641587443107,0.2674869382660009,92.11,3.032932048992294,86.0,66.70846921104781,104.54953480687306,88.76694271292229,5.993304256669553,-38.286324328522504,117.26000962472676,41.753076589241,-4.734503480599564,-5.241739505308996,-29.2972405226389,4.438961554459918,-0.8221502392521695,-13.900013103658948,-41.607359117083256,30.116175524871792,-37.280409735425685,31.80238070538267,0.6635445134465812,-15.565872092628851,-2.5219265101803408,-29.970641922413677,-24.02672919657546,-0.04199141019335547,1.4293077379651429,-16.720459212743048,-15.956670714385512,5.017102115843437,-1.7245525398276105,17.052060024485296,6.234888679577658,7.897472546283775,26.50404147493654,25.55633470390924,-1.5714458975226957,3.6518305609002666,7.904182005032584,34.941359292198904,40.87369099766948,171.9172617459856
28.0,19.1,18.5,8.9,8.17,1195.5,5.28,126.195,0.9478,45899.0,1702.0,58.722,16.8508,63.7322,13048.0,223.4017181377917,8.284052468910467,205.455,93.926,30.942,16.87,33.16205965449566,1.7174502122943875,39.64,605389.0,14.2,42.9,42.8,42227.0,38884.0,17032.0,18.34775726355647,14.769191834162667,0.4028414498141264,0.4839945952585677,119.4,3.07,57.8,-46.37813996576083,94.24335313439991,74.59743656002294,6.72374187416862,17.315659877234907,116.94699603153549,20.102511781174687,12.451543698598002,-2.177722142065561,-3.3196670204781284,6.6457677518653995,19.619717109558792,1.8793110259700019,0.5551349179508698,-3.4690650976185395,15.6465471516441,1.9097455441253228,3.403833163819891,8.773166772997934,-3.6856765831603284,0.5637810997121804,0.1267719083651914,9.432244817383276,4.991780895623367,2.211193680783431,4.264124401666538,4.705982429422446,-1.0915855178873326,8.02745482034826,-1.0134819085927091,1.8331705650547636,-39.08903621355382,-32.71522367541368,-0.710248255105693,0.8752249574288639,5.556877265322648,19.52642410027329,46.56724745344991,171.9172617459856
32.0,18.3,22.0,12.85,8.215,1955.0,7.06,78.86,1.51,42101.0,1310.02,57.39,30.39,103.24,45409.14,239.6050310170167,7.455580217403678,175.70999999999998,75.89,47.08,23.13,11.640145980325425,1.1288686636714582,52.2,686334.0,16.06716086336319,29.95130135865117,53.98150854710848,36106.0,32559.0,16815.0,12.881572327495135,5.887189901806822,0.6001059414337037,0.2742822855197458,94.45,4.067628560809664,45.4,-12.68245143005779,28.43400448678062,30.070412787680198,-0.13710437617730284,3.9689044004321747,7.471647908353869,-35.26400817499806,0.17727784817727907,-1.6641119665047135,3.174383315249969,3.8774289055083258,2.3402650908349716,-5.06394959086087,-16.38893171698243,4.087965060388673,13.46928732339603,-1.7369702424326263,1.1194914176392767,9.637818564112914,-3.8358035220314446,-10.100105910495232,-2.463973334757611,6.139902645271891,0.9132886814419136,-0.020183000070980246,-2.523212573160419,8.262164463556056,5.024985784941038,11.345502169073248,1.9569966806595496,1.1126950560696427,7.20929486262069,6.852742323420635,-3.254548995809945,1.7640093459313135,0.5923049237951664,19.625684927508704,-75.01200467843564,171.9172617459856
