pH,TN,TOC,Temp,Rain,EVI,FCOVER,LAI,LST,NDVI,CC,BD,GPAM,WS,FER,PES,MO,CO,VE,FR,FERA,PESA,TSA,WA,CA,VEGA,IRR_W,AGR_W,UR,GAO,PR,SR,TR,GDP,UI,RI,UR_W,RU_W,IND_W,LIF_W,POP_TOT,CLO,THIA,pH_shap,TN_shap,TOC_shap,Temp_shap,Rain_shap,EVI_shap,FCOVER_shap,LAI_shap,LST_shap,NDVI_shap,CC_shap,BD_shap,GPAM_shap,WS_shap,FER_shap,PES_shap,MO_shap,CO_shap,VE_shap,FR_shap,FERA_shap,PESA_shap,TSA_shap,WA_shap,CA_shap,VEGA_shap,IRR_W_shap,AGR_W_shap,UR_shap,GAO_shap,PR_shap,SR_shap,TR_shap,GDP_shap,UI_shap,RI_shap,UR_W_shap,RU_W_shap,IND_W_shap,LIF_W_shap,POP_TOT_shap,CLO_shap,THIA_shap,base_value
6.345,0.187590280695,1.564037081138,28.8,115.2,0.5304648280143738,0.1642918586730957,1.299999952316284,30.82999992370605,0.1783933937549591,334.9280090332031,131.3819274902344,60.6455,0.7705,18738.0,201.0,20.6519,13.225,6.148,775.0,236.6058463286824,2.5380390176147487,79.195,32.652,23.515,6.148,12.782698470895246,0.7724210753786316,47.21,209885.0,11.2,48.7,31.3,49780.0,37342.0,15884.0,8.251880779338212,6.642425473153561,6.642425473153561,0.2421040892193308,53.7,4.63,1.01,0.0007143676094710727,0.003880798206897476,0.0012636959315277612,-0.029491488768951975,-0.008551205554977062,-0.009820747868390748,-0.13400286099198275,0.0005023101023398285,-0.0006332081260624983,-0.004397308510495368,0.006602236178005111,-0.0014348191905301012,0.00432693987316452,-0.018714435064466663,-0.00436285754712297,-0.0032033666786737496,0.005486281516496075,0.00614151768875309,-0.020816522068576905,0.00334178824746052,0.003360202902462331,-0.012261656639398988,-0.0014412884199991843,0.0034735281139146395,-0.00032063498080241724,-0.01843106499337591,0.00182132785208525,0.0031086426037363834,-0.007337371501140294,-0.026169740514364093,-0.005646321752341479,0.003954908413114045,-0.007477707198355369,-0.004236368237412547,-0.0316606631600298,-0.003613628736231486,-0.007153946347301826,0.001125763946911329,-0.0008941746708005488,0.013077586272964247,-0.002948065552627663,-0.5485497633453924,-0.01373481297423132,1.0750239021680317
6.44,0.1202515832103,1.380655427559,27.0,407.6,0.5278112292289734,0.6881611943244934,2.400000095367432,31.95000076293945,0.6005289554595947,260.6069030761719,129.9587097167969,146.82,2.55,54240.0,1270.57,40.6824,30.2805,30.43,8784.0,217.9459876481201,5.105376724300736,248.869,82.267,71.105,30.43,21.438604752014506,1.7255172022880916,45.35,732077.0,19.4,31.7,48.9,35573.0,35134.0,17406.0,18.86276651066043,10.95257410296412,10.95257410296412,1.971747299884448,117.01,57.8,18.25,0.05093664296227507,0.021790876060724263,0.0030979727432131955,-0.006492048944812234,0.007029516804963365,-0.0038966904357075173,0.24022543856780976,-0.008845224718796174,-0.23220256731309927,0.0026726627456954977,0.014221284474246199,-0.0007985196732916311,0.020821408996125734,0.007020178033970282,0.0014713307314087377,-0.004530849419999883,0.004263105557067282,-0.0004928018508945197,0.009661489950492952,-0.031000137032475283,0.06828946852195082,0.004751615290529976,0.030176941152196313,0.007955676642479337,-0.013170466162264305,0.024056599097326315,0.01036884274915797,-0.008101179806981228,-0.0008324824746232973,0.006626365366857523,-0.0545120564375538,-0.011823679982218805,-0.00032520470395682735,0.012251936316955803,-0.030834257385227715,-0.01138515806011855,0.013255386922042877,0.003488298892509123,-0.0007090379062574925,-0.01847381347836923,0.011481631225906341,1.4404726612127852,0.02542261166730897,1.0750239021680317
6.015000000000001,0.166620465519,1.78404328372,27.9,376.9,0.2440312653779984,0.1749793887138367,1.5,34.84000015258789,0.1899835020303726,263.8450012207031,132.0,156.23,1.87,97710.0,1060.5399999999972,71.1,36.2,12.67,445.0,463.12446677410185,5.026732391695883,210.98,98.81,63.08,12.67,11.72546549939368,1.018542407714805,36.2,633849.0,18.656421702718102,40.1694307582096,41.1741475390723,29464.0,31269.0,14895.0,17.562286116352706,10.924959818723158,10.924959818723158,0.0678323806069195,98.99,34.37,16.509999999999998,-0.22643940673035096,0.0002961472643073837,0.007882910672109545,-0.05788864050980193,-0.00908066554530521,0.016457725531654456,-0.26828184190788307,0.006620374376419958,-0.27715753131336535,-0.007966332496842365,0.00980418711248791,-0.0008970163995400071,0.006191590274218517,-0.0007130837645381472,-0.008407700148411157,0.005155037947697549,0.0008456146765966066,-0.0047788653222377905,0.002591917467070726,0.0029727275667246313,-0.003264530951972122,0.021239257293869784,0.008526470985729274,-0.0037985708526103055,-0.004484268337488195,0.006998258535051693,-0.0038921235214220305,-0.0021259730609599512,0.010178119598072966,-0.008106556873535776,-0.00269144905335269,0.005542065981775502,-0.0023095910190604196,0.02574152148223946,0.07469726978137624,0.018561145963147292,-0.0044302839670563145,0.013821384395472702,0.022268095139646883,0.046685859882622006,0.00885702379292344,0.6751538515905849,-0.006395852372981625,1.0750239021680317
6.78,0.2519742817932,2.374731592573,28.6,210.4,0.351541668176651,0.1127407252788544,0.699999988079071,34.59999847412109,0.1397272646427155,366.6012268066406,129.0,142.4267,0.98,46210.0,1116.0,70.9324,18.6665,13.388,492.0,207.0155004031897,4.999552011468507,223.22,96.741,33.206,13.388,36.02947095994996,1.9691703020360272,44.56,503654.0,12.3,40.9,46.8,38937.0,39286.0,17168.0,21.03691766650654,16.933855628952,16.933855628952,0.4061223048327138,136.9,9.63,1.51,0.02494009695970456,-0.009159153513610352,-0.0029093561077024655,-0.0384104124428704,-0.01825744932680392,0.013954507879912847,-0.22139908461039887,0.001996843397384518,-0.15890443693264386,-0.008213862142758455,-0.01103404543851504,0.003354175020940653,0.007526839026482768,-0.009916077588219208,0.00432467632554473,-0.0014901757563930084,0.004357272882480179,0.00042689996026457067,-0.0043791522542014575,-0.003853885427583026,0.032447246348951006,-0.00026540320832284524,0.012929556277347732,0.006801889311755072,0.003184255475876874,-0.007537723553366948,0.014869532822165642,0.012168666768819069,-0.0014080711626447862,-0.012959589970996577,0.00014861080539415594,0.0013906708797440047,-0.0038126307385973448,0.0017299998477101175,-0.03518533381051384,-0.0024278615699149797,0.00497518582968044,-0.0010632015590090304,-0.001087845775531615,0.009108082704711657,0.010252079680562031,-0.08718712461367248,-0.010114291740348558,1.0750239021680317
6.25,0.173983982049,2.03767651465,27.6,218.7,0.4115930199623108,0.2535823285579681,1.399999976158142,32.68000030517578,0.2528658509254456,267.5724487304688,131.7989349365234,94.75,0.975,80886.0,573.0,36.035,30.6179,13.697,2339.8,503.33227546810537,3.5656280919222656,160.701,59.489,57.403,13.697,44.04493523854282,0.7705005543685988,37.51,683165.0,24.81513784080998,29.71825110917296,45.46661105001707,37563.0,37438.88,16936.21,15.717915646179634,15.449625511761106,15.449625511761106,1.4422353381379165,70.17,8.709999999999999,2.94,-0.0368878891140921,-4.562911367974598e-05,-0.0008018922731280354,-0.033661859238753124,-0.019869717284222137,0.007801378838252276,-0.15220791731262578,0.0016913461724761992,-0.1104219630607404,-0.002071071093203508,0.006295431583770555,-0.0034508844858500863,-0.001929488986730582,-0.014170395141700282,-0.003922424362506694,-0.0070921733607538,-0.0031657282451633293,-0.003974912545178092,-0.010796893151709775,-0.006744685471057915,-0.016133651253068832,-0.00012313031649683338,-0.0015415527038276007,-0.0059672037751879545,-0.005639228726737189,-0.006031765900319441,-0.04874484246002978,-0.0036834483931306784,-0.0032571086992975395,0.004040902955341158,-0.06218724069488235,-0.0486063793823123,-0.013476531117921697,0.002543607139028603,-0.036862266571028146,-0.009910878042457627,0.004537418955937039,-0.00987322266842237,-0.008417662835912765,0.004737200053408741,-0.013909714960027478,-0.18474091767461506,-0.0161685806164751,1.0750239021680317
6.245,0.1588374700712,1.276391951719,28.1,472.3,0.315296471118927,0.3112873136997223,2.599999904632568,31.51000022888184,0.2990298569202423,255.4457244873047,128.9045104980469,47.0,1.3107136824324324,36372.0,288.0,18.2749,8.0877,7.75,507.0,653.2327586206897,5.172413793103448,55.68,23.55,11.03,7.75,12.063693803924313,0.472838893581081,63.26,168105.0,10.1,30.6,59.3,59606.0,41956.5,25127.5,34.79581925675675,15.15646114864865,15.15646114864865,0.5191153820594531,50.55,7.32,4.84,-0.018482289726380254,-0.0007810144159011879,0.0014217232528608737,-0.037653186756651844,0.0036121997621375913,0.008281045023584737,-0.13917909074923956,-0.005501744756475069,-0.09234540247952101,0.0010468775965273348,0.0046102702696807826,0.0031420415185857585,-0.0030641747306799473,-0.013958162138238533,0.0021204349435865744,-0.002793936715694151,-0.0007860777694731813,0.0008372551493812441,-0.025737851738464046,-0.0003254610050935192,-0.02223247906728648,0.00019029910978860532,-0.00543922466202641,0.0008018774511292737,0.00987774859787896,-0.021864929132512763,-0.00271696896536745,-0.0037732122016605196,-0.010140872990014016,-0.024819388014497228,0.007498367090942343,-0.0068170633006375434,0.006936702025821434,-0.0012606647533830117,-0.04168406961904838,-0.0007547373189590812,0.013291912053013204,-0.000996700579533355,-0.0019907765979878755,0.00762593096098863,-0.008378663831390427,-0.13250133976014328,-0.04015478656254706,1.0750239021680317
6.835,0.2152928664995,2.151346883201,27.7,421.2,0.4462528824806213,0.1177685037255287,2.099999904632568,31.95000076293945,0.1442147940397263,269.1738586425781,129.0,113.44,6.47,113005.25,3048.97,56.37,31.11,33.02,4048.8,632.6927383685123,17.070544762331334,178.61,74.6,52.48,33.02,11.832260392384752,1.0136065476243834,41.19,962714.0,23.22925734100645,37.059541398199215,39.71120126079434,40450.0,30441.0,14677.0,7.420621787035737,5.286083690348805,5.286083690348805,0.6079000575173069,68.94,17.64,1.83,0.03182120285020208,-0.0016615904087666443,-0.0016585558056831594,-0.04571585803874769,-0.006421053779311459,0.006406250422587634,-0.2909620139797917,0.00404280885565097,-0.11183243525051512,-0.010064674666617068,0.010999517379677859,0.0058124298322945744,-0.0003542261000256897,0.030372277243644986,-0.019395317371003327,0.01290952667500822,0.015502934587653738,-0.0017813468279782364,0.039196033600019296,-0.005542780571850004,-0.032146272041834914,-0.021076780734118117,0.004221595112234388,0.0027409253008664146,-0.00677206830237993,0.026217413847101877,0.013765842193039146,0.004539527179673308,0.012073285302380055,0.053342870389809824,0.012893895781831788,-0.0057695886555593325,0.003558246163185663,0.01813068098481746,0.06107473199022938,0.003941701048985146,0.003941316453274302,0.0033740642571356005,0.00283704847237094,0.024137481257319425,0.0024479640182107796,0.31705848202458586,-0.017119266362278673,1.0750239021680317
6.945,0.2137058061186,2.308573007529,28.0,594.3,0.5184149742126465,0.1792715638875961,2.299999952316284,34.25,0.1934172511100769,288.3624877929688,129.3096313476563,111.07,3.69,99177.0,1003.5,55.58,40.03,31.27,624.27,546.7309812568908,5.531973539140021,181.40000000000003,73.25,59.84,31.27,12.01708770605562,1.3716441835883986,39.96,1202915.0,16.431187710251496,41.28557796152066,42.28323432822784,53308.0,32689.0,17803.0,9.539679628333618,7.153294308153317,7.153294308153317,1.1848298070618952,91.37,4.82,3.62,0.02307582586770877,0.00398200534121132,-0.003231551581760833,-0.031330564733594635,0.010682334674522282,-0.014588530323700988,-0.16945759069803168,0.004577923020115118,-0.11686907409993,-0.0044226386470254285,0.021265455782646315,0.0009757854784838815,-0.0025088138924911794,0.016168842913117258,0.005874817620962874,0.00048328606085851764,8.770242892203184e-05,-0.00773800109187141,0.0246737737990916,-0.0010250054288189815,-0.0022781846090219717,-0.0045611596582457396,-0.0002706897994503354,0.0021380279753356935,-0.009776000486221171,0.01887021050904878,0.0021217640927061244,0.001534371170680987,-0.0026038054265081602,0.06465857692551799,-0.009602705341530956,0.003867404097225513,0.00018506125174463372,-0.008899682073155413,0.013604150807950638,-0.008630259599303835,-0.007436075519537561,-0.0006053309738636048,-0.0025441333209164307,-0.008177397816674781,-0.007706823737360535,-0.46086421128013166,-0.010307038925820971,1.0750239021680317
7.1850000000000005,0.05666443727865,0.5661172965498,26.7,136.1,0.5981320142745972,0.1207273975014687,1.100000023841858,29.19000053405762,0.1465819180011749,233.8560638427734,119.8350448608398,49.1485,0.47,15878.0,356.18,8.5477,7.134794327171835,0.953,926.17,282.58702925891646,6.339075959279561,56.188,19.8872,18.41727,0.953,16.5223150965168,0.404246719542003,47.87,256107.0,6.0117218158366414,18.174131902767638,75.81414628139571,45012.0,32296.0,14288.0,6.990829016588316,9.211165561563142,9.211165561563142,1.5733199943233478,43.22460681495,0.00106066,0.000707107,0.011768268058891406,-0.005066891574417214,0.0012539473827928194,-0.004266424388391895,-0.008891644878895053,-0.025589628329384127,-0.1450854504167801,-0.0011296977980528012,0.013986677882494422,-0.0031113198199309625,-0.004724760148325008,0.0008952679985668434,-0.005080477551557103,-0.01624801057181322,0.0019185071155661745,-0.0005607735285302621,-0.0029361213637748482,-0.002446675774059259,-0.03001357252919117,3.1939232256261715e-05,0.007804036609944896,-0.003359825387829883,-0.008955245385528552,0.00018584575504065827,-0.00031550469470676085,-0.02020790526561904,-0.005439137263107117,-0.0023304204460000665,-0.006767630531685423,-0.020644059859914726,0.0025348710117395977,-0.013489962045568965,-0.0007494488612282904,0.00024350666056853634,-0.0004263004433596505,-0.001330024141818269,-0.004146329111885272,-0.00041339053772388725,0.001499569491483289,-0.004012389070820072,-0.002119925654958934,-0.7784142347347224,0.013230723022832522,1.0750239021680317
6.85,0.2044854036256,4.393743349293,27.4,161.7,0.4772187471389771,0.1235397160053253,1.799999952316284,34.18999862670898,0.1388000845909119,243.8013305664063,129.2899780273438,90.0226,0.7435,42621.0,380.0,29.4862,26.9367,6.0698,1695.8666666666666,337.6107982224757,3.0100678849520373,126.243,48.203,43.513,6.0698,23.893469695255813,0.8922933064271592,52.67,391262.0,5.5,42.2,52.3,87708.0,38644.0,23300.0,29.21013066820637,20.030529177502824,20.030529177502824,4.456108026187788,110.8,20.65,42.86,0.027148145677754688,0.0006523800338618435,-0.00504064253671096,-0.03640942052309402,-0.021750839620130157,-0.015126187424175408,-0.2879332323165145,0.001710607601795333,-0.18644692757725712,-0.0052443547269794945,0.008695432195207098,0.004779270283877845,0.0013597745122387761,-0.007895014117471889,0.004786948856897644,-0.0017193467495962955,0.0017481639459729693,-0.0008406498995609524,-0.021033408490475247,0.0005196001031436027,0.015367496468359587,0.0014821559744887304,-0.00038199072610585195,0.0003333587748929667,0.0018415801319060954,-0.02409257117402743,6.748445751146859e-05,-0.0009944861202966226,-0.007128625626675799,-0.005787744289729763,0.004076544465729937,0.00022676669643264535,-0.005031998197548071,-0.003395151755306869,-0.019501861102995465,8.104156772602567e-05,0.0034039597655646904,-0.00010597317549398966,-0.003991612456738935,-0.015653465276351208,0.007964800277957717,0.2411492443331517,0.035256266309879734,1.0750239021680317
7.109999999999999,0.2359938898278,2.381356845608,27.3,416.7,0.2698071599006653,0.1796951144933701,1.0,34.31999969482422,0.1937560886144638,249.9428100585938,131.9918212890625,94.5485,2.1563,46537.0,680.0,35.5076,21.2759,9.55653,702.0666666666667,383.5888559182328,5.60501153972964,121.32,51.283,28.768,9.556533333333334,22.96171465687948,0.7568755271663641,40.05,477450.0,5.7139813203593866,53.40210944990944,40.88390922973117,54771.0,36208.0,22771.0,14.874310622850874,16.990620933097066,16.990620933097066,2.7751741163370838,74.2,22.8,16.61,0.028766897271387305,-0.021142717714887137,-0.007213588209124255,-0.009473035564646149,-0.0037889393367804393,0.016022446103161215,-0.283029823077377,-0.006790845241630483,-0.17945034054666759,-0.008611294584581597,0.009145848915912224,-0.006519949499284883,0.002580798091599701,-0.00048453658679499246,0.002611245868494727,-0.0033904001251794267,0.001126572080189381,0.0003616968356072836,-0.013500469478778521,0.00231358567299319,0.009409543088171657,-0.0028663936173543235,0.0002370040437672305,-0.0018963331421837592,0.0028371056159958385,-0.01646012556971982,0.0008554164271335929,0.0008532156000146673,-0.0004933964258525658,-0.014200592791079502,-0.00031969697657036056,0.005871590217342615,-0.00430761836282908,0.00010096500138752073,-0.014561820241855494,-0.003565512453555131,-0.003771931766066716,-0.005625708841253052,-0.002490838803583706,-0.0059100273591466525,-0.00091659898962827,0.32323614724294747,0.013380109360674419,1.0750239021680317
7.115,0.1365566168923,1.569686265859,27.7,289.9,0.6096546649932861,0.1284908801317215,2.900000095367432,32.18999862670898,0.1527927070856094,219.2985229492188,131.0,86.2176,3.9735,25523.0,815.0,31.1163,21.4397,6.37807,471.8666666666667,209.2032032524324,6.680273112515471,122.001,42.695,30.889,6.378066666666666,23.090604598202717,0.495701072671828,46.74,578032.0,13.2,34.4,52.4,70896.0,35317.0,22722.0,12.79694947845151,11.127680470035047,11.127680470035047,1.418914034866713,54.7,8.129999999999999,6.2700000000000005,0.016255602159537363,-0.0024153963121352983,0.0014285995515529227,-0.033424116674112145,-0.0025978530314750836,-0.056978892319137234,-0.22992857405310502,-0.01353391156822908,-0.08379411317629276,-0.01149578008404934,-0.019017520507099105,-0.0038622661523986523,0.00027672684146088923,0.006736100826179631,0.0006648399503901669,0.0024486547112464894,-0.00032403523474932027,0.001419603955466292,-0.021678603000007575,0.003087708491832014,0.013157657308271158,0.000686421092366829,0.00015181084559297563,-0.0009018523590638927,0.0020177504094317676,-0.01903041691100224,0.0005303914514370456,-0.0036268861936405274,-0.0014521647377405244,-0.003674267051741459,-0.0009874548539519578,-0.005210930409957621,0.0031823363082948974,-0.013718226750614104,0.0005192879384849303,-0.0021176883267471414,-0.007686975713120797,-0.002905704344622806,-0.0036100504496134776,-0.0032240387625060763,-0.00670502901717554,-0.19321940318495034,-0.040743771759094674,1.0750239021680317
6.855,0.04223930043189,0.4588025554773,25.7,191.4,0.3535537421703339,0.4277059733867645,0.8999999761581421,34.5099983215332,0.3921647965908051,275.0,128.1002197265625,69.4828,1.3569,21994.0,591.6353864032538,9.1363,9.5518,2.36,1603.85,381.11245884595394,10.251869457689375,57.71,25.24,23.82,2.36,23.245438704361963,0.4724934230642314,61.4,189959.29356481816,5.960707881876988,46.25281304491967,47.78647907320334,66835.0,38481.79,24326.61,8.747788017238738,6.746846249557248,6.746846249557248,4.849428335338578,73.3,0.00106066,0.000707107,0.0154782457158435,-0.00263206027739215,0.0028230308026541287,-0.0039221938049886496,-0.009181416771840284,0.006597644576802874,-0.09463337565003893,-0.00044420105870814736,-0.10971568397688677,0.0004955813006963475,0.0037946594799868893,0.000928356911987066,-0.0024500492266379425,-0.008648794693755912,0.005802738815546033,0.00034048970416189863,0.002241778158699178,0.0033053098109085146,-0.03186568923830055,-0.001661470665130746,0.0050934640886262225,-0.007565741841215645,-0.005972724744118757,-0.0012680196315050316,0.0009426052572671616,-0.027054596683126885,-0.0003846816254081068,0.0002767892663832433,-0.004900716013740758,-0.012879209889215416,-0.0008791521919192781,0.0035847017178312,-0.0023678995715454183,-0.0016109517199220194,-0.018422413781750944,0.0004891497986391341,-0.0029570906083099665,0.0004428216419182689,-0.00019007310434245934,-0.02255113654129673,0.0004111110959202212,-0.7622047981456853,0.010728436276200225,1.0750239021680317
6.445,0.1367118254852,1.298144584647,4.3,26.0,0.2148696184158325,0.4087094664573669,0.4000000059604645,7.809999942779541,0.376967579126358,334.9280090332031,131.3819274902344,60.6455,0.7705,18738.0,201.0,20.6519,13.225,6.148,775.0,236.6058463286824,2.5380390176147487,79.195,32.652,23.515,6.148,12.782698470895246,0.7724210753786316,47.21,209885.0,11.2,48.7,31.3,49780.0,37342.0,15884.0,8.251880779338212,6.642425473153561,6.642425473153561,0.2421040892193308,53.7,6.859999999999999,14.73,0.013800926490453969,0.0015388419283554166,0.0011956897787749887,0.006708178716944557,-0.01659394508716653,0.00928882818529383,-0.13494699361012316,-0.004901969969505426,0.01560395990149116,0.001277149236295383,-0.011946606495883283,-0.0048813681495376016,-0.0027561673449818303,-0.018122797820018598,-0.002469684955663998,-0.004042791169369575,0.0013283052986953537,0.004609019302064543,-0.020632173029938694,0.0024101114913355425,0.020269421437988044,-0.009917432364076361,-0.0038344985786825216,0.0014892866341397303,0.017063916350947717,-0.02868783340021036,-0.0038208077782765247,0.0015551517051644703,-0.005466482041170806,-0.03061484592198397,0.010563670042669393,0.011686012940481317,-0.009166415446205056,-0.0017435572892427476,-0.0293481966012623,-0.002716828235657931,-0.01073752464028076,0.0023116993710864285,0.0019887350415811354,0.02788954621553421,-0.009948184073902678,-0.20771910078148353,0.0036546138273552352,1.0750239021680317
6.4,0.1632344812459,1.467862611626,2.7,28.0,0.2166171818971634,0.1004345864057541,0.4000000059604645,9.220000267028809,0.1303476691246033,260.6069030761719,129.9587097167969,146.82,2.55,54240.0,1270.57,40.6824,30.2805,30.43,8784.0,217.9459876481201,5.105376724300736,248.869,82.267,71.105,30.43,21.438604752014506,1.7255172022880916,45.35,732077.0,19.4,31.7,48.9,35573.0,35134.0,17406.0,18.86276651066043,10.95257410296412,10.95257410296412,1.971747299884448,117.01,93.02,18.36,0.02379450368601832,0.004931621479103398,0.0029808682799338793,-0.013037970172241297,-0.02412025618110788,0.011512148531153777,-0.46408671462163326,-0.008069126555929052,0.05565332883293739,-0.00909238989255392,0.020660194723633996,-0.0009234968137461497,0.0300593362651999,-0.0029532025083899294,0.00189406165760011,-0.009969170332187772,0.004786216987529801,0.003307223123498293,0.02188589425152172,-0.01775594431348144,0.028972137745004133,0.010447600870626095,0.018019158366136278,0.0016128152164164966,0.001390752616571267,-0.01232024352275769,-0.002080825535114872,-0.00011425211420279524,-0.0006395502055529745,0.002060207347851284,-0.037131541082402665,-0.01606800325168294,-0.0020116867455653555,-0.004777047676499946,-0.013196583147859209,-0.009448599868686913,-0.0016895804456435125,0.0012370961857959939,-0.002852110078325498,-0.00815682318620382,-0.007030190152931104,1.3593421408082358,0.021493871295591816,1.0750239021680317
5.765000000000001,0.2130431102024,2.310097577704,4.0,30.0,0.281296968460083,0.2954275012016296,0.4000000059604645,7.71999979019165,0.2863419950008392,263.8450012207031,132.0,156.23,1.87,97710.0,1060.5399999999972,71.1,36.2,12.67,445.0,463.12446677410185,5.026732391695883,210.98,98.81,63.08,12.67,11.72546549939368,1.018542407714805,36.2,633849.0,18.656421702718102,40.1694307582096,41.1741475390723,29464.0,31269.0,14895.0,17.562286116352706,10.924959818723158,10.924959818723158,0.0678323806069195,98.99,35.56,3.58,-0.3562376105565345,0.0025640002755681125,-0.05720986617472953,0.005592261889483774,-0.01602818811545147,0.021371549356961627,-0.23068801867635927,-0.004148120783502263,0.04893014414247593,0.0023969629022758342,0.008320250274380703,-0.00030169513961302296,0.013191990879946347,-0.00510717099229806,-0.0027286298311082757,0.012202252308721717,0.0010505182562629335,-0.00780395065736964,0.008541472481098055,0.001189828021218986,0.00044469028245657237,0.016741835771361367,0.009029384908848437,0.0035007597784278864,-0.009856527394847981,0.006635613814927633,-0.011605071334517547,6.877413368789886e-05,0.0028865305585786703,-0.011445480352733272,0.005657303039799433,0.004979591761715696,0.02968065005051903,0.03572429292078598,0.08599886261229407,0.03581297360686586,0.008209365143557112,0.013032841250882521,0.014667037924518844,0.020553883242188053,0.010334450514870686,0.8131392980261009,-0.0181463220352307,1.0750239021680317
6.775,0.1495452637953,1.482051013111,3.9,17.0,0.3169166743755341,0.3141359686851501,0.6499999761581421,8.210000038146973,0.3013087809085846,366.6012268066406,129.0,142.4267,0.98,46210.0,1116.0,70.9324,18.6665,13.388,492.0,207.0155004031897,4.999552011468507,223.22,96.741,33.206,13.388,36.02947095994996,1.9691703020360272,44.56,503654.0,12.3,40.9,46.8,38937.0,39286.0,17168.0,21.03691766650654,16.933855628952,16.933855628952,0.4061223048327138,136.9,21.91,3.8,0.03592844465374948,0.004842599151423233,0.003955542214214791,-0.0033118562875316003,0.005023479836527267,0.023418467147974353,-0.23376374939968808,0.0017983803472016225,0.032236968625569705,0.0025405973882880128,-0.019615602913778306,0.0063860198159236044,0.015409714453620871,-0.012300229455577193,0.004737391950562586,0.0005365531316492645,0.004369000423466762,0.004052265401231126,-0.005514052693964921,0.00018432853673586714,0.03784871265245602,0.013211417737184105,0.014499815924093084,0.01293798051821068,0.006096002527512623,-0.004740551311289887,0.029235017854953183,0.009531513052061213,0.0005100082254502869,-0.005547988658305247,0.008331034208647902,0.002202308815903975,-6.83219793718215e-05,0.00666927519137972,-0.05244291287404483,0.002416627224534762,0.0009654503983911322,0.001370943046174944,0.0017713291647378116,0.009973475328879423,0.015198343137279191,0.30495512412162495,-0.019003547343658268,1.0750239021680317
6.415,0.1007544961211,1.136353011331,3.0,27.0,0.2895459234714508,0.3809801042079926,0.3499999940395355,8.6899995803833,0.3547840714454651,267.5724487304688,131.7989349365234,94.75,0.975,80886.0,573.0,36.035,30.6179,13.697,2339.8,503.33227546810537,3.5656280919222656,160.701,59.489,57.403,13.697,44.04493523854282,0.7705005543685988,37.51,683165.0,24.81513784080998,29.71825110917296,45.46661105001707,37563.0,37438.88,16936.21,15.717915646179634,15.449625511761106,15.449625511761106,1.4422353381379165,70.17,37.17,15.3,0.03382322999462485,0.007864497897913658,0.0011533789858222177,0.008434328001691083,-0.021366978885605868,0.020654665533220373,-0.2571407681925921,-0.008113185132620836,0.0701363081180025,0.0009271815821994434,0.017039769277209425,-0.0009557111996691293,-0.006667975628282907,-0.03941804058454,-0.01916796835418787,-0.004112499723676555,-0.0029251641649753026,-0.007818462782539403,-0.012414742400869715,-0.009286743485601623,-0.020732818724820357,0.004979474793188288,0.005950794655596825,0.00022470996179614345,-0.0004552328032441322,-0.0019737186157144484,0.0014365906587336496,-0.0043165514859138,0.0005729671691078409,0.0006368304365314548,-0.02723616773379035,-0.016086371890967698,-0.008619469021214177,0.006635298611829032,-0.04338005351158788,-0.008072751027764813,-0.0015600616117007805,-0.004162834394490345,-0.006557008552597854,-0.0076929263309575835,0.003910765270003991,0.907503974785097,0.021930885019013635,1.0750239021680317
6.615,0.2498670891447,2.540322618316,3.9,31.0,0.2856614589691162,0.474615067243576,0.5,9.329999923706056,0.4296920597553253,255.4457244873047,128.9045104980469,47.0,1.3107136824324324,36372.0,288.0,18.2749,8.0877,7.75,507.0,653.2327586206897,5.172413793103448,55.68,23.55,11.03,7.75,12.063693803924313,0.472838893581081,63.26,168105.0,10.1,30.6,59.3,59606.0,41956.5,25127.5,34.79581925675675,15.15646114864865,15.15646114864865,0.5191153820594531,50.55,11.98,1.05,0.015934311861638007,-0.016601333411410447,-0.0027977785074617457,0.0070121110517065936,-0.017990384210599585,0.007379938173806322,-0.038391030471073465,0.00043733367440292883,0.017045454625273126,0.0007534846221096903,0.006224111167248347,0.004386352557688944,-0.014292182834586142,-0.015495665946044013,0.00039957902813332337,-0.00631715954374521,-0.0025383472645189586,-0.0006380461349617561,-0.02819430407253093,0.0012140121327247288,-0.03278555288666389,0.002773355218349005,-0.01471043708547951,-0.003488962160889031,0.00015981391211972173,-0.018849763788515706,-0.005831955304136505,-0.00257849627826362,0.0017450175778940037,-0.025430283208144812,0.006004685183987002,-0.00792434905050321,0.0006349222674034594,-0.003803867740789424,-0.05013771986879876,0.00029814339661971,0.025134623552905376,-0.0014629408728797145,-0.002720100577687834,0.011863940369803438,-0.00879460880113766,-0.08620750737632626,-0.02016803221241572,1.0750239021680317
7.05,0.1691529316109,1.614295478722,3.1,16.0,0.4082054197788239,0.5365220308303833,0.75,7.329999923706055,0.4792176187038422,269.1738586425781,129.0,113.44,6.47,113005.25,3048.97,56.37,31.11,33.02,4048.8,632.6927383685123,17.070544762331334,178.61,74.6,52.48,33.02,11.832260392384752,1.0136065476243834,41.19,962714.0,23.22925734100645,37.059541398199215,39.71120126079434,40450.0,30441.0,14677.0,7.420621787035737,5.286083690348805,5.286083690348805,0.6079000575173069,68.94,23.51,0.000707107,0.061461693196790276,0.006601593930507121,0.0024290422871709573,0.007654198820237101,0.0005062572702299705,0.01932280402979818,0.17943621431221252,-0.007409983731573466,0.0016197069028858647,0.0029660186702385348,0.012517431257292632,0.0016009968903381467,0.002479638286866259,0.09901875003264281,-0.01643203753326091,-0.05364905174192971,0.009179993731901037,0.001632514525670603,0.11945602567167952,-0.014559669927461017,-0.03432256707362835,-0.055234023822704384,0.0009155966923572789,0.0059214945592684035,-0.028384679974522452,0.10914222197839993,-0.011032228891272023,-0.019193863829714285,0.003871031882706988,0.09560024769022127,0.009403961896430757,-0.0009637746665393854,0.0014712764018914414,0.0009216744417790635,0.10418531353655265,0.011496764994692054,-0.011417139068013027,0.010127928804606223,0.00286046774755222,0.008430491220904512,0.0034989273867104044,0.9635537551138551,0.04976953661069272,1.0750239021680317
7.095,0.2514176443827,2.307216662407,3.3,11.0,0.3960256278514862,0.5645306706428528,0.699999988079071,6.389999866485596,0.5016245245933533,288.3624877929688,129.3096313476563,111.07,3.69,99177.0,1003.5,55.58,40.03,31.27,624.27,546.7309812568908,5.531973539140021,181.40000000000003,73.25,59.84,31.27,12.01708770605562,1.3716441835883986,39.96,1202915.0,16.431187710251496,41.28557796152066,42.28323432822784,53308.0,32689.0,17803.0,9.539679628333618,7.153294308153317,7.153294308153317,1.1848298070618952,91.37,9.7,1.54,0.032886823802487905,-0.009029537165537482,-0.00370633851201273,0.004922706234967322,0.003319847936043474,0.006132787147071206,0.06887933273776434,0.0009607049433980497,0.015375323151005416,0.0009156861084047785,0.010459950130898487,0.005062116369605063,-0.0009865374010987749,0.007987952596507964,-0.0037387516261078503,-0.0006462499315384896,-0.0033002009077463313,-0.014555251046549523,0.026457609173143236,-0.005792845483636466,-0.012984581613447465,-0.0025195841286331346,0.000491871137637645,-0.004911169803235671,-0.010635237274924315,0.018616365621797692,-0.008553136428352471,0.0027008808390237673,-0.005020939248381184,0.04591388236451899,-0.01734910935442894,0.0024398962450214003,-0.007067995994118959,-0.007572576551465327,0.024067443813895806,-0.005354825216345493,-0.0022352562339510553,0.002233838974032598,0.004075785686494748,0.001983643784886324,0.0018279953117016912,-0.21453216447751036,-0.011272392496932303,1.0750239021680317
7.395,0.0643875669168,0.586354679176,3.0,24.0,0.1266993135213852,0.1343065798282623,0.25,8.890000343322754,0.1574452668428421,233.8560638427734,119.8350448608398,49.1485,0.47,15878.0,356.18,8.5477,7.134794327171835,0.953,926.17,282.58702925891646,6.339075959279561,56.188,19.8872,18.41727,0.953,16.5223150965168,0.404246719542003,47.87,256107.0,6.0117218158366414,18.174131902767638,75.81414628139571,45012.0,32296.0,14288.0,6.990829016588316,9.211165561563142,9.211165561563142,1.5733199943233478,43.22460681495,0.00106066,0.000707107,0.0119591394717572,0.0015965706568676931,0.0015533067299984447,-0.011080755215603866,-0.004009884383995069,0.002738275197451006,-0.11149479323078412,-0.0007819210207089547,0.008556860904791411,-0.0012707209456712105,-0.003449135408853176,0.0010005568217020442,-0.0012025791687192131,-0.01677935049287045,0.0013241929837967982,-0.0012029431640403143,-0.0021186160065699445,0.00031411748146639647,-0.026642191953491406,0.002656251758919085,0.006007717450498603,0.0004206960445735649,-0.005014562346972514,0.0014813861836446536,0.0014012288869125831,-0.033771626376314104,-0.0007414532752009394,-0.004795040051452801,-0.0033237260604510035,-0.01727304707025176,0.006408843121142127,-0.01180682818463538,-0.006789347692742016,-0.0009510541022755062,0.004535636519314736,-0.0008233561231754553,-0.007552185945329255,0.0018428808331954986,0.0014162955943029432,-0.006281975558027604,-0.0037852543564513416,-0.859628756364109,0.014445604033186116,1.0750239021680317
6.83,0.1606819690298,2.347291146801,3.4,7.0,0.1968807429075241,0.4173991978168488,0.4000000059604645,7.550000190734863,0.383919358253479,243.8013305664063,129.2899780273438,90.0226,0.7435,42621.0,380.0,29.4862,26.9367,6.0698,1695.8666666666666,337.6107982224757,3.0100678849520373,126.243,48.203,43.513,6.0698,23.893469695255813,0.8922933064271592,52.67,391262.0,5.5,42.2,52.3,87708.0,38644.0,23300.0,29.21013066820637,20.030529177502824,20.030529177502824,4.456108026187788,110.8,1.28,0.6,0.01737603429553565,0.0011519586041103963,-0.002846884932834647,-0.0019739572512917332,0.008342330621555443,-0.005739926758687946,-0.10254402479436249,-0.00046992868999949037,0.00658292416715997,0.00037344651785677346,0.0017106415382586212,0.0008215207681059739,-0.0017705088879447339,-0.013564789715455836,0.0010874827832449599,-0.0006997660957276519,0.0011823028142098344,-0.00114021266519559,-0.01797755552257876,-3.065204340964817e-05,0.004285022642463473,-0.0010059683795552836,-0.0006280487047042611,0.0022615079765673776,0.00210511878994293,-0.018318833920755413,0.0008157753075938608,-0.001075886358506966,-0.002642446245998131,-0.015557943681604213,0.008696908881654971,4.140608652959485e-05,0.0022077017326373512,-0.007054627320962015,-0.023237647381378353,0.0020720701448153833,-0.0030356215417850787,0.0010319441456813118,-0.0018729144788812596,-0.01575242909276859,0.0010889509060653137,-0.885255442320602,-0.011482627381454235,1.0750239021680317
6.869999999999999,0.1145043187526,1.247618436804,2.5,13.0,0.1359676569700241,0.2386392802000046,0.2000000029802322,7.710000038146973,0.2409114241600037,249.9428100585938,131.9918212890625,94.5485,2.1563,46537.0,680.0,35.5076,21.2759,9.55653,702.0666666666667,383.5888559182328,5.60501153972964,121.32,51.283,28.768,9.556533333333334,22.96171465687948,0.7568755271663641,40.05,477450.0,5.7139813203593866,53.40210944990944,40.88390922973117,54771.0,36208.0,22771.0,14.874310622850874,16.990620933097066,16.990620933097066,2.7751741163370838,74.2,13.32,14.22,0.027831115819513808,0.005229532621800892,0.0009892880043480766,0.0018959337738342573,0.005597979296930155,-0.017088921377668164,-0.2505163778895512,0.0012273753690533518,0.018255098308436524,-0.007964904607040834,0.0030657371899578843,-0.005441523649264146,-0.0012457794230431364,-0.009809845095500392,0.00024800686526578187,0.0036128966333344504,0.00146743012266235,-0.0010737972769420234,-0.027227225115522724,-0.0026433395284693796,0.0023537087088916554,-0.0016052113885525853,0.0017808736397419201,0.0008271386725827945,0.0015518160951324077,-0.02384860638808455,0.005223643395933319,0.0014382573224138607,0.0006609273077919809,-0.008457869621226577,0.007519608897855512,0.006794313064543511,-0.003718536116299209,-0.0038040366757195352,-0.007710664473706852,-0.0057536427269223814,0.0008855336599517649,-0.004944906804244942,-0.006147318955045189,-0.020321122322464347,-0.0002985179207753319,0.03411379588430282,-0.03818527884059586,1.0750239021680317
7.02,0.06714716584645,0.6007905580112,2.5,11.0,0.2684709429740906,0.325076162815094,0.5,7.570000171661377,0.3100609183311462,219.2985229492188,131.0,86.2176,3.9735,25523.0,815.0,31.1163,21.4397,6.37807,471.8666666666667,209.2032032524324,6.680273112515471,122.001,42.695,30.889,6.378066666666666,23.090604598202717,0.495701072671828,46.74,578032.0,13.2,34.4,52.4,70896.0,35317.0,22722.0,12.79694947845151,11.127680470035047,11.127680470035047,1.418914034866713,54.7,4.7,1.17,0.020781167239416403,0.0002448184436652873,0.0011917197830043635,-0.0006899080018047288,-0.0003515204037539715,-0.0028795294591691,-0.09512401890824548,-0.003470116236014298,0.011787494396790863,0.0016125566873233855,-0.014684954662341631,-0.001629012404941041,-0.0028050904620904203,0.026870903081726273,0.0023035801101941784,-0.0033823949866928354,0.0003180298130028042,0.0038979298784397346,-0.02418881777091883,0.001760366912931194,0.008261896928772317,0.0025375043509994035,-0.0018540228218771714,-0.002587363598635398,0.005295494274934767,-0.0263936086765025,0.005764324222691369,0.0018608944222796714,-0.0037095343971158988,-0.00885183489532212,0.000364501693751651,-0.0006932342960498994,-0.0026624703558627643,0.009121778157539664,-0.012120651563629497,0.005995068344753237,-0.006469252027804018,-0.002773180909221978,-0.001352965941186987,-0.0007815468024927996,0.012759085369063523,-0.6425114954640158,-0.012662887174403278,1.0750239021680317
7.215,0.102587099731,1.127128519816,3.3,7.0,0.1354595273733139,0.2337662279605865,0.2000000029802322,7.46999979019165,0.2370129823684692,275.0,128.1002197265625,69.4828,1.3569,21994.0,591.6353864032538,9.1363,9.5518,2.36,1603.85,381.11245884595394,10.251869457689375,57.71,25.24,23.82,2.36,23.245438704361963,0.4724934230642314,61.4,189959.29356481816,5.960707881876988,46.25281304491967,47.78647907320334,66835.0,38481.79,24326.61,8.747788017238738,6.746846249557248,6.746846249557248,4.849428335338578,73.3,0.00106066,0.000707107,0.01405971943505574,0.001715249432483714,0.0013535469428170408,-0.0006767694123554921,0.00564574679511132,-0.016823270666180185,-0.12772828036500142,-0.002668922832468537,0.006909612706629551,-0.003760459243552768,0.0039963811638299585,0.0009973835644777925,-5.315723444800648e-05,-0.009517405067570492,0.0017309059225954204,0.0035042501217685726,-0.0020125983348116194,0.0007626184901455338,-0.03708771837665699,0.0011802844722988005,0.0033005605405196847,-4.501878796146254e-05,-0.006524212516145775,0.0018684552849736152,0.0032936982393730317,-0.03324422940961089,0.0008349550234852433,-0.004204922455828636,-0.008771958366036423,-0.018523708939552287,-0.00938638335908763,0.0011602647845866305,-0.0052169313014018975,0.000236176763777629,-0.020142862840089967,0.0051624704652931275,-0.003482121130102306,0.0005783207751810694,0.0013679263428784737,-0.014537559997523191,0.0016913553350605365,-0.8229530424280093,0.01323834377794994,1.0750239021680317
6.359999999999999,0.3182215058186,3.183907364943,20.0,15.0,0.6330850720405579,0.9256718158721924,1.5,23.90999984741211,0.790537416934967,334.9280090332031,131.3819274902344,60.6455,0.7705,18738.0,201.0,20.6519,13.225,6.148,775.0,236.6058463286824,2.5380390176147487,79.195,32.652,23.515,6.148,12.782698470895246,0.7724210753786316,47.21,209885.0,11.2,48.7,31.3,49780.0,37342.0,15884.0,8.251880779338212,6.642425473153561,6.642425473153561,0.2421040892193308,53.7,20.47,47.89,-0.029478043871233282,-0.037886720645474256,-0.005515323158120744,-0.01139123678486793,0.004151999689172958,-0.030330680005252277,0.5314839667298366,-0.009636025450890906,0.06356311895698308,0.002394270592601988,-0.022814843643456716,-0.010149652779800811,-0.012314535197801891,-0.004982265031896527,-0.019999718949431543,-0.00937642728979694,-0.020302312683314026,0.0027988036933820236,-0.04009033694281241,-0.012499439601553586,0.013547753738472234,0.01610152029781604,-0.02840941239707172,-0.01755120171094312,-0.011256868181284508,-0.047661747924052186,-0.01863400916755198,-0.004788723342353496,-0.008817738262936525,-0.03423067576694301,-0.0004007418244145966,-0.00021975378436035476,-0.027286219908390197,-0.0041097885326016655,-0.04854118978721087,-0.004485846223775303,0.004517403894104044,-0.0024270017433446036,0.0029749895532149794,-0.01395654831780122,-0.0059190934519283474,0.3563902957884129,0.06831567211262883,1.0750239021680317
6.455,0.1959040303814,1.827906441274,18.2,0.0,0.4926227033138275,0.7589735388755798,1.799999952316284,25.32999992370605,0.6571788191795349,260.6069030761719,129.9587097167969,146.82,2.55,54240.0,1270.57,40.6824,30.2805,30.43,8784.0,217.9459876481201,5.105376724300736,248.869,82.267,71.105,30.43,21.438604752014506,1.7255172022880916,45.35,732077.0,19.4,31.7,48.9,35573.0,35134.0,17406.0,18.86276651066043,10.95257410296412,10.95257410296412,1.971747299884448,117.01,66.83,247.29,0.05096782335569154,0.00934144017240035,-0.004044131956994534,0.06722439259686505,0.04348211849713697,0.009010604329640137,0.34260667652031407,-0.004793878330616286,0.12990984477521852,0.0051075527775101826,0.018109746681293483,-0.0005382732362486208,0.017445242864778242,0.009012419457547338,0.007147058856207833,-0.002702574980678052,-0.0003748664536979085,-0.009790014888625609,0.08836640506261015,-0.026124727607006258,0.061457103320630216,0.004321325799915931,0.01607173283235175,0.005853251731488962,-0.019989381407620344,0.004243787199026028,-0.00018392755929381722,-0.03421613703854385,-0.0010549937738105974,0.0067632071489933665,-0.05821153158461676,-0.015394120044074899,-0.0005603580777533423,0.012705123596591882,-0.002064391282620015,-0.001396286280127157,0.0023275552724954184,-0.0020161360243800665,-0.00109913192433313,-0.007636303080944318,0.0019980349498800896,1.7822469081962484,0.14471188632724813,1.0750239021680317
6.83,0.3290345806553,3.357728492649,19.2,34.0,0.6673039793968201,0.9679861664772034,2.0,22.77000045776367,0.8380921483039856,263.8450012207031,132.0,156.23,1.87,97710.0,1060.5399999999972,71.1,36.2,12.67,445.0,463.12446677410185,5.026732391695883,210.98,98.81,63.08,12.67,11.72546549939368,1.018542407714805,36.2,633849.0,18.656421702718102,40.1694307582096,41.1741475390723,29464.0,31269.0,14895.0,17.562286116352706,10.924959818723158,10.924959818723158,0.0678323806069195,98.99,97.28,18.630000000000003,0.08318429042864597,-0.06494451386481519,-0.016169665535213318,0.06763149493769753,-0.016949360555969205,-0.009121407112106784,1.1287656808353494,0.02437202290445566,0.1739471336922142,0.004758831518236595,0.023513666476355843,-0.0012358113664667325,-0.01684883951023237,0.006198371409205772,0.01567102850018993,0.03125749080767857,-0.018514270591316606,0.01459737458615562,0.030214991573942862,0.018529895878396884,-0.0031404640867840226,0.11591444085584961,0.0025966153070329455,-0.020235422341153008,0.02678629121347329,0.010923130672425053,0.01207724395394325,0.0052988245713059936,0.04157546604471278,-0.004817965354304854,0.02296705495356586,0.0022695521116255835,-0.004318805800750769,0.05394932215870365,0.07005660813953725,0.021436872793594484,0.004712448771809974,0.0070525552306789805,0.00036780119035381145,0.04624242349644194,0.005164063612464842,2.129093408721033,0.10316489191772422,1.0750239021680317
6.91,0.3244494786224,3.620502949044,19.0,16.0,0.5620102882385254,0.6935369372367859,1.600000023841858,24.03000068664551,0.6048295497894287,366.6012268066406,129.0,142.4267,0.98,46210.0,1116.0,70.9324,18.6665,13.388,492.0,207.0155004031897,4.999552011468507,223.22,96.741,33.206,13.388,36.02947095994996,1.9691703020360272,44.56,503654.0,12.3,40.9,46.8,38937.0,39286.0,17168.0,21.03691766650654,16.933855628952,16.933855628952,0.4061223048327138,136.9,100.02,445.77,0.07946349883708179,-0.02466400154749865,-0.014701045402558588,0.07238855183054689,0.002427598984213475,0.07747538662329316,0.3641890264900868,0.054463513793190886,0.14260205147438676,0.006918602495687165,-0.0682606252550613,0.002741287559270811,0.0316373297781684,-0.05212315567187024,0.025903843397973136,-0.02053149916138495,-0.0065293036045041,0.016528853480936922,0.013907286058645718,0.03996570880571375,0.08732926164660607,0.10155463232565673,0.027064338080119342,0.002750185374869063,0.01533119304035786,0.08545957641862334,0.15919448495935654,-0.019347399601247095,-0.0041024929445702355,0.005563949906034427,0.023091345352120606,0.020518810847774203,0.02359635514602998,0.02404961313400411,-0.07750443806988187,0.030187995125306743,-0.0035834480754565745,0.047166281047975676,0.01462371407984755,0.020646656848490298,0.019497647352516634,1.8973868571110066,0.14010396880796178,1.0750239021680317
6.41,0.1030776253343,1.047196481415,18.7,33.0,0.4507595300674438,0.6250419616699219,1.100000023841858,25.38999938964844,0.5500335693359375,267.5724487304688,131.7989349365234,94.75,0.975,80886.0,573.0,36.035,30.6179,13.697,2339.8,503.33227546810537,3.5656280919222656,160.701,59.489,57.403,13.697,44.04493523854282,0.7705005543685988,37.51,683165.0,24.81513784080998,29.71825110917296,45.46661105001707,37563.0,37438.88,16936.21,15.717915646179634,15.449625511761106,15.449625511761106,1.4422353381379165,70.17,28.74,11.33,0.04167892243200918,0.00823560113576246,0.00133892179280517,0.05531688907160417,-0.02453438645065753,-0.011379950140370087,0.19049388491618444,0.0020160788875073555,0.11244900108408182,0.0019621763620526035,0.009173781102988865,-0.0008413186953402429,-0.0007099603564711066,-0.05292935961019252,-0.00714459144393913,-0.007792560369241952,-0.0011329681701026995,-0.007219580625183897,-0.005099711704300747,-0.008406945690512712,-0.030919475772068893,0.01981782620446757,0.0036827925455291234,0.00017532195313834097,-0.025876844038954037,-0.02800312445987947,-0.0028272997473832383,-0.013712452289415578,0.0007996953951661334,-0.0028622599376831427,-0.029060864362632853,-0.020004283429123505,-0.005377879951498521,0.0008045667344704244,-0.04578489969798828,-0.011270171087002335,0.0011276785915251496,-0.001011566548142484,0.0015281548631610575,2.0309299230536482e-05,0.001820730319945152,0.9413754714275712,-0.04504685478226741,1.0750239021680317
6.44,0.148192055009,1.388260746381,19.9,15.0,0.7444897890090942,1.0,4.5,23.97999954223633,0.8817965388298035,255.4457244873047,128.9045104980469,47.0,1.3107136824324324,36372.0,288.0,18.2749,8.0877,7.75,507.0,653.2327586206897,5.172413793103448,55.68,23.55,11.03,7.75,12.063693803924313,0.472838893581081,63.26,168105.0,10.1,30.6,59.3,59606.0,41956.5,25127.5,34.79581925675675,15.15646114864865,15.15646114864865,0.5191153820594531,50.55,47.92,34.46,0.043034012532094525,0.016984946952201475,0.008904965470079396,-0.010895189040806209,-0.0008074622768908912,0.009183821783401058,0.8626628811375705,0.06460991057986396,0.11425486178649588,0.00086635923269196,0.018447392263449734,0.0023566568905953656,-0.010221908586798223,-0.023894170315004914,-0.005533792879665189,0.021887686773668934,-0.003584358318941672,-0.058623136732028756,-0.06480899705435143,-0.005402103572152472,-0.04143676457484254,0.07070264363149184,-0.03582788444729521,-0.02343815205781722,-0.04094645723560823,-0.07025365493679418,0.006438049191608885,-0.034892449314240424,-0.009887746311491374,-0.023175733848940606,0.01383807354653257,-0.018266312723746504,0.024112282583490074,-0.003942499028751689,-0.13116104572406034,0.003000540049281053,-0.012722354840952965,-0.00028653492731972596,0.004109672768274286,-0.0018141950319986778,-0.009339191158767756,1.6295802949797362,0.22511819967022167,1.0750239021680317
7.04,0.09079972775049,0.7268085050842,18.4,25.0,0.7011379599571228,0.9581373929977416,2.700000047683716,22.72999954223633,0.8165099024772644,269.1738586425781,129.0,113.44,6.47,113005.25,3048.97,56.37,31.11,33.02,4048.8,632.6927383685123,17.070544762331334,178.61,74.6,52.48,33.02,11.832260392384752,1.0136065476243834,41.19,962714.0,23.22925734100645,37.059541398199215,39.71120126079434,40450.0,30441.0,14677.0,7.420621787035737,5.286083690348805,5.286083690348805,0.6079000575173069,68.94,17.19,22.61,0.04917711905599568,0.013025261020287792,0.0020976453199983204,0.045906658460851714,-0.00361916616652167,-0.043214623367413885,0.6832084079298657,-0.00016257888567633438,0.07767150588543159,0.0039510910233949035,0.014477959575131516,0.01024240890191872,-0.005143823688384197,0.0024923595120199147,0.018508287976495907,-0.02502653289260337,0.0009239762432407872,0.010215847408166168,0.049132151587400676,0.0036359358713962233,0.0012006998984143368,-0.06195724658714609,0.004635071256663625,-0.010518892161315274,0.014909882339183245,0.05421844710595913,0.0007027871452737089,0.005850955089787058,0.02394048010231926,0.06488460363936607,0.007278523084474764,-0.003518648687051629,0.0019346486178693167,0.009661044674227038,0.09285930605651804,0.005138820477062778,0.012962037342600485,0.002571921504568242,0.005222754032583876,0.027984077051281964,-0.0001531604751944915,0.5014517647763714,0.027497811566339837,1.0750239021680317
6.825,0.1973637230563,1.705108159192,19.2,5.0,0.5868080854415894,0.8374630212783813,2.299999952316284,25.04999923706055,0.7199704051017761,288.3624877929688,129.3096313476563,111.07,3.69,99177.0,1003.5,55.58,40.03,31.27,624.27,546.7309812568908,5.531973539140021,181.40000000000003,73.25,59.84,31.27,12.01708770605562,1.3716441835883986,39.96,1202915.0,16.431187710251496,41.28557796152066,42.28323432822784,53308.0,32689.0,17803.0,9.539679628333618,7.153294308153317,7.153294308153317,1.1848298070618952,91.37,16.330000000000002,11.5,0.052677617085864784,0.00699776036571711,0.004697570383548744,0.0360683289486915,0.019096077201422302,-0.004097997560864331,0.3619110254088883,-0.016555244306335194,0.07532540224981495,0.0007640984649770032,0.012091237843502346,0.00929058548435564,-0.0013784813934471173,0.012995371369179365,-0.0041251908435951945,-0.0007549026110209578,0.004937535921577374,-0.010669554531341375,0.029698747117770763,-0.00030045293667348984,-0.010148292814614223,-0.008435590553330296,0.008814432195853428,0.004356713880086294,-0.007220470541622492,0.04270065785502086,-0.01061846379842597,0.005109667839715226,0.0022849359242245403,0.06188080753129908,-0.018280560473678587,-0.00018193967803388223,-0.012628529937239352,-0.023858870015945288,0.026099140678765242,-0.015427204891108026,0.0005934327968861952,0.0038987808430101635,0.004892782110953675,0.0004113133342470876,0.0014493875219486752,0.37135449166200124,-0.031766506503568916,1.0750239021680317
6.875,0.1212168998997,2.241133393548,19.6,2.0,0.5695142149925232,0.8013975024223328,1.299999952316284,24.09000015258789,0.6911180019378662,233.8560638427734,119.8350448608398,49.1485,0.47,15878.0,356.18,8.5477,7.134794327171835,0.953,926.17,282.58702925891646,6.339075959279561,56.188,19.8872,18.41727,0.953,16.5223150965168,0.404246719542003,47.87,256107.0,6.0117218158366414,18.174131902767638,75.81414628139571,45012.0,32296.0,14288.0,6.990829016588316,9.211165561563142,9.211165561563142,1.5733199943233478,43.22460681495,0.04,0.02,0.018445384816732253,0.002325393519131508,-0.0029682729458436505,0.017348626866471005,0.010081774411490175,0.012441826133523159,0.08765125483751762,0.0007254091966897221,0.01919110200903379,0.0005969646784942896,-0.00828262783703396,0.0009669585474767001,-0.004622128971386688,-0.020803968197898925,0.0011566590531729153,0.001584646368399253,-0.005858670532703383,-0.005627752938075003,-0.03603775091026911,-0.0017134073374327232,0.007343154995935077,0.0011034584795124825,-0.009206728384131573,-0.0051591467682737405,0.00026230225339530047,-0.04158498520695138,-0.0061483998547773614,0.0011890451472718272,-0.002778671472100565,-0.013748938519973317,-0.004519141430035265,-0.014571163435233769,-0.0037061350774020155,-0.00044196470384483407,0.004356867774855365,-0.000696984067093572,-0.005441646472318091,0.00021075023198497528,0.00119386365357789,-0.003309866713127119,-0.006125244823517252,-1.0762318922185805,0.018841543512651705,1.0750239021680317
7.19,0.1593194119943,2.625257472965,19.4,17.0,0.513699471950531,0.785018801689148,1.899999976158142,25.96999931335449,0.6780150532722473,243.8013305664063,129.2899780273438,90.0226,0.7435,42621.0,380.0,29.4862,26.9367,6.0698,1695.8666666666666,337.6107982224757,3.0100678849520373,126.243,48.203,43.513,6.0698,23.893469695255813,0.8922933064271592,52.67,391262.0,5.5,42.2,52.3,87708.0,38644.0,23300.0,29.21013066820637,20.030529177502824,20.030529177502824,4.456108026187788,110.8,1.49,0.92,0.015463201321079395,0.0022328100169543277,-0.0042690672674216435,0.014351031142752652,-0.0003267325898632331,-0.0086767905789893,0.07903359223227018,0.0023990802753250636,0.023675534853013245,0.00042916532466189623,0.003524742217035977,0.0010493254056200517,0.00017939153546466733,-0.01586208347720095,0.0018557503917254307,-0.003965571306180216,0.002057965579559092,-0.0005789022727403594,-0.02532098295679313,-0.001743910621735293,0.0041492624919629035,0.0011290214741602172,-0.002061129687819633,0.0008339540993328998,0.0004270711753051553,-0.020761349415872266,-8.583984943109617e-05,-0.0007844611791660956,-0.003906822643941255,-0.006172488563344786,0.008265865979250567,0.0021730818145442995,-0.001044969394220964,-0.005893573898822066,-0.03834091836505102,-0.0021916587686864816,0.004994158544810506,-0.001856045381515302,-6.087195524017066e-05,-0.014871964731253708,0.00347774788457903,-1.067387213484384,-0.01787685915012841,1.0750239021680317
7.12,0.1467348950418,1.467844401516,18.2,18.0,0.6687385439872742,0.8945724964141846,2.299999952316284,26.07999992370605,0.7656580209732056,249.9428100585938,131.9918212890625,94.5485,2.1563,46537.0,680.0,35.5076,21.2759,9.55653,702.0666666666667,383.5888559182328,5.60501153972964,121.32,51.283,28.768,9.556533333333334,22.96171465687948,0.7568755271663641,40.05,477450.0,5.7139813203593866,53.40210944990944,40.88390922973117,54771.0,36208.0,22771.0,14.874310622850874,16.990620933097066,16.990620933097066,2.7751741163370838,74.2,5.71,7.159999999999999,0.02527105617290363,0.0022982798354933055,0.001623238638043384,0.022388256560545428,0.000928415877511729,0.013668424756499025,0.3161626299743075,0.009242728298297165,0.034603277571499405,0.002022910667816169,-0.007409327103290686,-0.0019095052389893562,0.0004947475020307624,-0.005380637315567549,0.0003296039619017366,-0.0012363222714047717,0.0021620305529795546,0.0005266559141455407,-0.02053148975595831,-0.002139163862681004,0.0019006414387840842,0.003798631477402531,0.0008232118661981036,0.0012139387528877388,-0.003683595401002071,-0.02412194903998169,0.0014532770314253708,-0.0016520745705347229,-0.0009714055811055389,-0.01439642701228147,0.0032617089711129755,0.0025359475454315495,0.0051836898063775,-0.0030323520542588356,-0.013993743609869857,-0.0056990167424082585,0.0011273974294308154,-0.0046049512408208315,-0.006955173106398422,-0.012594240163685738,0.0006037343293428421,-0.7742683393546613,-0.04199261058727279,1.0750239021680317
7.195,0.1055744224005,0.8829123922879,19.2,9.0,0.6498844027519226,0.90932297706604,2.099999904632568,25.35000038146973,0.7774583697319031,219.2985229492188,131.0,86.2176,3.9735,25523.0,815.0,31.1163,21.4397,6.37807,471.8666666666667,209.2032032524324,6.680273112515471,122.001,42.695,30.889,6.378066666666666,23.090604598202717,0.495701072671828,46.74,578032.0,13.2,34.4,52.4,70896.0,35317.0,22722.0,12.79694947845151,11.127680470035047,11.127680470035047,1.418914034866713,54.7,35.42,8.9,0.06998719166335644,0.017400803743628724,0.0050579944103956165,0.058850341558922034,0.001634789775358514,-0.029561589148943312,0.7250869242339395,0.003755697764107002,0.12124962803418751,0.0077408197080949485,-0.029927530141081606,-0.000578966701868977,-0.01633556450530884,0.004990992503473591,-0.032027775878668764,-0.013033494010101999,0.025087577678728858,0.00800385739817282,-0.04836400524270721,-0.010891194190364328,0.024565543564502156,0.0031273586195893154,0.005734129396500043,0.018025980929844053,0.004955323322326888,-0.0625657452002633,-0.04109947541309511,-0.014984527091728483,0.0016551286354660965,0.006323414939222893,-0.009168290860368822,-0.04168162866681807,-0.03682487628655508,-0.004966999456519272,0.0017069983980618985,0.008550534423906353,-0.026630211730953323,-0.012190293400548424,-0.01110960972192695,0.002446120658889428,-0.032962703824043295,1.1655993158714846,-0.08120914873154837,1.0750239021680317
7.35,0.0943848871141,1.053129111878,19.1,15.0,0.3182654678821564,0.497094988822937,0.699999988079071,30.11000061035156,0.4476760029792786,275.0,128.1002197265625,69.4828,1.3569,21994.0,591.6353864032538,9.1363,9.5518,2.36,1603.85,381.11245884595394,10.251869457689375,57.71,25.24,23.82,2.36,23.245438704361963,0.4724934230642314,61.4,189959.29356481816,5.960707881876988,46.25281304491967,47.78647907320334,66835.0,38481.79,24326.61,8.747788017238738,6.746846249557248,6.746846249557248,4.849428335338578,73.3,0.0699999999999999,0.09,0.01449498578626662,0.001667861353373146,0.0011479423246346459,0.013208276115474293,0.0005940498565323432,0.006155274013523023,-0.03398666290543043,-0.0022553447321988695,0.018467249985435055,0.0005300298591610095,0.0038859157471452196,0.001091876132879412,-0.0007865566278342105,-0.007965154192410432,0.004927037615794662,4.2899503605421664e-05,-0.004548477643635111,-0.0015672490892466244,-0.02821866436675191,-0.0017934235294814866,0.0044693713262677496,-0.013488463103538406,-0.009977815106976795,-0.00686948775895872,-0.001962430709972937,-0.026462204522802513,-0.0023433355719316654,-9.383112494833392e-05,-0.008963159407488982,-0.021503457616083313,0.009196419391082601,0.0020216227310011193,-0.0037253962503745997,-0.003638679432449843,-0.027831905517494288,-0.0023976012854836637,-0.002436064995592491,-0.0004153933774214104,-3.617257205768541e-05,-0.019059064184781153,0.001328446940984563,-0.9420311905231792,0.01846429751859978,1.0750239021680317
6.15,0.2126568435834,2.075193026483,28.6,69.7,0.5422480702400208,0.0557925328612327,1.799999952316284,34.95000076293945,0.092973805963993,287.2151489257813,132.8357696533203,126.195,0.9478,45899.0,1702.0,58.722,16.8508,16.87,882.0,223.4017181377917,8.284052468910467,205.455,93.926,30.942,16.87,33.16205965449566,1.7174502122943875,39.64,605389.0,14.2,42.9,42.8,42227.0,38884.0,17032.0,18.34775726355647,14.769191834162667,14.769191834162667,0.4028414498141264,119.4,4.23,3.17,-0.08908938026393297,-0.0005190266418503442,-0.00010841004224493296,-0.021745607656775984,-0.0076522438627434864,-0.005341439401148818,-0.12398170588468202,-0.0007516212516930074,-0.11328713712887839,-0.0051680688926717035,0.0024339255436789287,-0.00539411348593422,0.000680139543954276,-0.009313646809081543,0.0015104551960248521,-0.002387705897330324,-0.0022651224228320715,-0.0018210547366179664,-0.00183512594120111,0.0007561559756286268,0.011267559732892545,-0.002406100423424511,0.002868037581327376,-0.0004955087121343238,0.0013333230417920355,-0.00795063965197188,0.0016839471373241322,-0.0024144081814447484,-0.0010009203702211335,-0.006925497027230419,-0.008676995709538452,0.0010276321824640026,-0.0031234028689796018,0.002168963517062365,-0.03330692251003346,-0.004747873986139875,-0.00238730429520364,-0.0004711775723844749,0.0013980983900837678,0.0028159950962290342,0.0024187965168384895,-0.6235841970422771,-0.016646456156042384,1.0750239021680317
6.265000000000001,0.08511240689968,0.790420141245,28.6,69.7,0.3084035217761993,0.0,1.100000023841858,32.20999908447266,0.0408003255724906,295.7795104980469,133.0,126.195,0.9478,45899.0,1702.0,58.722,16.8508,16.87,882.0,223.4017181377917,8.284052468910467,205.455,93.926,30.942,16.87,33.16205965449566,1.7174502122943875,39.64,605389.0,14.2,42.9,42.8,42227.0,38884.0,17032.0,18.34775726355647,14.769191834162667,14.769191834162667,0.4028414498141264,119.4,1.38,0.5900000000000001,-0.028358916461467758,0.0018680814150720947,0.0004978624077048154,-0.026453164666541858,-0.012052468816051256,0.005390609881491409,-0.12814546780090313,-0.002061223566997792,-0.07159681781230029,-0.005232483961735844,0.005054657333064811,-0.006045675444882382,0.0015355502536986054,-0.011348909719847141,0.000781630901154114,-0.002397167904768111,-0.0026627056929282686,-0.0005325836325064188,-0.005272520414786428,0.0017317494854796798,0.01835438692499885,-0.0025867211536970153,0.0034557578478707244,-0.00032346978946588405,0.0008892677270341667,-0.00998748126719148,-0.002412621534313043,0.0007002608887851044,-0.00014858128363266082,-0.011224164646468129,-0.010090820223791503,0.0013298160634003843,-0.004716710856184377,0.00024455025815404193,-0.03146858567791059,-0.005150059959036302,-0.002178251781966523,0.0008681850673165081,-0.00029358670045623975,0.0022016579820774316,0.0023354702407960134,-0.7267207130967873,-0.010020132301375249,1.0750239021680317
6.41,0.1613072752335,1.63910553182,28.4,307.4,0.5387269854545593,0.2874916791915894,1.600000023841858,33.0099983215332,0.2789454460144043,386.3236389160156,130.0,97.05,1.21,106381.0,2590.42,55.63,35.38,21.39,6084.07,610.4028000918064,14.863552903373884,174.27999999999997,73.07,53.35,21.39,11.545413701275482,1.3286396630675812,42.31,858592.0,16.673582357043852,41.11565010222189,42.21076754073426,42877.0,31410.0,15449.0,10.182451797210655,6.929020407132105,6.929020407132105,0.954641587443107,92.11,7.01,7.6,0.017789413452148472,-0.0007662640069611371,0.0011846004277467847,-0.03640109020308589,-0.0026525580361485336,-0.014279361551627534,-0.16775404045113826,0.0028186825246084624,-0.10395745999854988,0.0020205240681534843,-0.016622797948308288,-0.004555756866466243,0.0005310426822397685,-0.009418173623038439,-0.006280066845007271,0.006629863958572968,0.005154162861406764,-0.006521813188097447,0.004694027161924169,-0.005644866152666505,-0.01605705568031408,-0.02301844383776187,0.0016670188046992052,-0.0011459190635942141,-0.003960078996606187,0.0033739482320379265,0.004130183333763848,0.002285859500523668,-0.005347564545227201,0.015815916319610566,-0.014971942745614803,0.002707744069397444,-0.011361390333855515,-0.00011768764979205315,0.02146026715636252,-0.006002833238802863,-0.007271466146921734,0.0021782131877262413,0.002045697258785373,0.004741082200082025,0.0035564122544601675,-0.15118766026804226,-0.03602750852971803,1.0750239021680317
6.525,0.1198617483758,1.10340131925,28.6,210.4,0.4101231396198273,0.0063340114429593,1.5,32.63999938964844,0.0291978325694799,255.9736328125,128.0220336914063,142.4267,0.98,46210.0,1116.0,70.9324,18.6665,13.388,492.0,207.0155004031897,4.999552011468507,223.22,96.741,33.206,13.388,36.02947095994996,1.9691703020360272,44.56,503654.0,12.3,40.9,46.8,38937.0,39286.0,17168.0,21.03691766650654,16.933855628952,16.933855628952,0.4061223048327138,136.9,17.25,1.41,0.022071601355681224,0.01315826559416019,0.0031244066730141905,-0.040065101742744434,-0.02532771813077852,0.022998200414702297,-0.29615267127449624,0.02045947661460379,-0.11806287353928198,-0.010224378179060278,0.010610066851135302,0.005910364380106359,0.013761485263472418,-0.01202446844987568,0.009276992332888779,0.0007998231577221349,0.016470567150274295,0.01010516427201218,-0.004623669104184991,-0.0017685273627284892,0.045616023173322875,0.006781272063497457,0.013157922598999006,0.013286859269021067,0.008739719136618052,-0.0014619312251452521,0.023813404144952054,0.01652775938319976,0.001963886629324374,-0.008607292562257484,0.0027739737373776883,0.003922206971794362,-0.0003620149712078247,0.004352552088559614,-0.045254156746668696,0.0005033811694010959,1.0786006110719005e-05,0.0031045002730097694,0.0012925270129926503,0.007604315506992876,0.015206569448579111,0.30231887564668436,-0.009905574993696075,1.0750239021680317
6.59,0.2220461019333,2.274343786502,27.9,436.4,0.4671959280967712,0.1034901142120361,1.700000047683716,32.81999969482422,0.1327920854091644,260.926025390625,103.5349197387695,102.75,4.78,82098.0,1049.0,61.06,47.59,26.67,1144.0,402.7768238237748,5.1464455673845855,203.83,80.46,75.07,26.67,13.502993313811004,1.3571426592267275,41.38,826658.0,19.61414974691788,40.554352669645,39.83149758343712,37647.0,31064.0,14954.0,10.01000072751194,7.077667062460118,7.077667062460118,0.8315029869915178,92.59,60.620000000000005,13.16,0.034801857942948114,-0.03169342462229546,-0.0036791865378618003,-0.07430086189834395,0.00604691427084616,-0.014377830281155113,-0.39949998148076704,0.005338509310036976,-0.19490995169687086,-0.009838002375327082,0.011412810033652965,0.0015803795668762554,0.0007498821585905091,0.010990104975178827,-0.009594944439362707,0.001790502349846046,-0.008468839846784215,-0.01584826056589376,0.038115248608635674,-0.0017653839648701375,0.018632521473569762,0.004957456006202854,0.016630207645590433,-0.004438126020599198,-0.010395468644099303,0.03431833457038737,-0.0033786141442833763,0.00825039915903476,-0.03750685149105267,0.006422947707586046,-0.04450487905228513,-0.012369266610126883,-0.010197782746749018,0.021331885923398585,0.05670875116065147,-0.006573753001401228,-0.012172496324637938,-0.018044507422484514,-0.0026346535130869373,0.007375570684671396,0.003996112922905015,1.0332228706583844,-0.05409444418468044,1.0750239021680317
6.68,0.262267499631,2.120456046221,28.3,331.5,0.4058118462562561,0.1438602954149246,1.0,34.59000015258789,0.1650882363319397,325.0343017578125,121.6630172729492,62.8682,0.7473,30465.0,544.0,23.7417,15.1611,8.037,883.0,391.6363496124131,6.993276684364113,77.789,31.907,28.226,8.037,12.555758966506351,0.9191379276851872,47.4,302484.0,8.8,57.3,33.9,63896.0,41068.0,18414.0,9.819277128486252,7.904115227830772,7.904115227830772,0.4381657992565056,63.9,40.25,1.41,0.022989233764819827,-0.023636973669985285,-0.0030924226439092207,-0.06002025320893154,0.0019414724572561326,0.029402003230061414,-0.28790946019720287,-0.0005637847639154425,-0.26367239345866256,-0.007692466786131225,0.006460330700734607,0.001473991094622773,0.0010148139814846412,-0.02635432829451746,0.0046176209792029525,0.00959797291806902,0.0012455246290192124,0.006044050086988118,-0.0196679093714338,0.0013232710054144226,0.013742176611907814,0.013460375139489777,-0.003610846444265925,0.0014312075308989813,0.004782397408038352,-0.020705431261798357,0.0018568334849551338,0.005904574311804034,-0.006820141799049423,-0.028343576506245888,0.0019444442293606757,0.015787304649595147,-0.011655817521270363,-0.008567683340050303,-0.07776684352429583,-0.002286872912663973,-0.01022317005414517,-3.0475921463213318e-05,-0.0014492890778929125,0.005411418263334744,-0.008254004730843057,0.7088067991354038,-0.02904939823481257,1.0750239021680317
6.425000000000001,0.1688504759075,2.142072891536,27.4,289.5,0.467218428850174,0.4532169699668884,2.099999904632568,34.4900016784668,0.4125735759735107,256.8768005371094,130.0,6.34,0.062,5772.0,77.0,1.413,0.9294,2.684,76.2,654.421768707483,8.73015873015873,8.82,2.541,2.176,2.684,2.417385883124235,0.1122410186812435,81.11,43475.0,1.100962322622737,39.02707551786005,59.87196215951721,72144.0,42390.12,23847.44,16.617634982053918,2.250591120086632,2.250591120086632,1.7613416385502103,33.95,54.21,7.109999999999999,0.02496447379770685,-0.001066674118163069,-0.005230337211862168,-0.05962826535571364,-0.020502941046608637,-0.013353505053091791,-0.18458849711506628,0.005358076285920133,-0.25527794415014793,0.000994385283207533,0.0061625677493866715,-0.0010587197097484125,-0.021143899810500345,-0.03640380974917205,0.011090414888225509,0.012028026264160852,-0.009636180754750989,-0.017615314885042588,-0.05089713219064287,0.005991041597677421,-0.07782401758641935,-0.05526623693038711,-0.029529711970593796,0.0032048003475647403,-0.010307947227032844,-0.05922043797536754,-0.06253663479140963,-0.01207570657506588,-0.010913107804721189,-0.022756294294958963,0.023952941109891955,0.0003890761956572786,0.014352098879404373,-0.004303892756346595,-0.08036433239118196,0.004268962363479634,-0.0010024083470925704,-0.0014563140412792608,-0.002678169735707342,-0.0004278288292698773,-0.007220542283728737,0.7744813201723154,-0.05894026015279814,1.0750239021680317
6.7,0.0676377974555,0.9316349549353,27.5,221.9,0.6179741621017456,0.1523949801921844,2.799999952316284,29.75,0.1719159781932831,158.2906188964844,116.0,41.8,0.9984,37631.0,382.0,12.2266,9.8512,4.991,6472.866666666667,481.9852705731668,4.89273134806276,78.075,30.563,28.728,4.991,21.398798506227283,0.8755846807233554,35.03,369846.0,16.504901960784316,31.65686274509804,51.83823529411765,26213.0,35691.1,13158.53,16.539135979595088,17.556710821702243,17.556710821702243,1.1884593356762363,77.55,0.00106066,0.000707107,0.008437066746875636,0.001768394117127178,0.0010571514968760348,-0.015957715813186953,-0.007380586804123579,-0.03448981766833457,-0.14334374803816902,-0.002591114504262805,0.01872422044980338,-0.003295229394454506,-0.0074197932939277875,0.0008535942656453813,-0.0038872476894175508,-0.009758764153462818,-0.0029234043144388197,-0.0005798709144583189,-0.0023824239720124847,0.0014970366877969164,-0.01468042391643394,-0.007247178020654209,-0.004257164261071001,0.0018042214495362582,-0.0044963990822434454,0.004058602444594717,0.00351221877301576,-0.020909948617452753,-0.0001352287377230646,-0.001993681918829658,-0.0013816740178736067,-0.021627429772866878,-0.009673470593639667,-0.008401764994487151,-0.005013965860940508,0.007099274057662132,-0.014115197077393542,0.0016278782123699744,-0.0028120624612783724,-0.002054069805657484,-0.00201003639958798,-0.0016836669036420307,0.001889950346201681,-0.7779542051481548,0.009356524197501125,1.0750239021680317
7.02,0.216094553184,2.214483648776,25.8,149.9,0.4290626347064972,0.1921222656965256,2.200000047683716,32.20000076293945,0.2036978155374527,244.8415679931641,129.0,156.26,3.7,71109.0,604.0,25.5392,19.687,6.87,4046.0666666666666,639.9701205079514,5.435907589570977,111.113,48.363,43.95,6.87,30.453854606755456,0.8473062281162614,50.12,299186.0,8.188156481532047,41.53969380882165,50.2721497096463,56528.0,34807.04,22100.67,29.449202691670408,16.989687864542002,16.989687864542002,4.19935794066213,97.31,1.1800000000000002,0.18,0.016659504067734816,-0.0003086718968115687,-0.001341734994668526,-0.004318889947608115,-0.0076472098627127765,0.002766664726659673,-0.14217948270332997,-0.002024130687001156,-0.08435581511072814,-0.004334159772610293,0.003128011633059931,0.0007657406853977648,0.0008372955926461226,0.005361465574358576,-0.001049980652751387,-1.9992618123070538e-05,0.00033831937750799997,0.0012020618245005292,-0.011770639365306132,-0.005067229453241427,-0.01914524327707476,-0.005001418227329854,-0.0032367184825707086,0.0011936775234062406,0.002075999998487535,-0.015228089714190008,0.0031459301667054974,-0.0010693846996873565,-0.0015606439402326931,-0.01193577766045927,-0.006379317598184558,0.002173507382860406,-0.0024730536426650217,-0.0009342236486263733,-0.004240687475539727,-0.0026351529140956785,-0.0021538067589280834,-0.0005630103866569592,-0.0032349872044287542,-0.01634972612513228,0.00386576905206311,-0.7651710160884541,0.00938028589345048,1.0750239021680317
6.960000000000001,0.1210049522633,1.606840166926,25.7,191.4,0.4354498386383057,0.3447339236736298,1.700000047683716,33.04000091552734,0.3257871270179749,241.7138519287109,128.9469604492188,69.4828,1.3569,21994.0,591.6353864032538,9.1363,9.5518,2.36,1603.85,381.11245884595394,10.251869457689375,57.71,25.24,23.82,2.36,23.245438704361963,0.4724934230642314,61.4,189959.29356481816,5.960707881876988,46.25281304491967,47.78647907320334,66835.0,38481.79,24326.61,8.747788017238738,6.746846249557248,6.746846249557248,4.849428335338578,73.3,1.21,0.3299999999999999,0.016159017126425167,0.0030274437594925963,0.000961861294228611,-0.006200867524254142,-0.00937590601434929,-0.00042216410220134525,-0.08327857399941421,0.002475435234606265,-0.06017176639207171,0.00031479567510540857,-0.0071058954142499894,0.000926402294309813,-0.00031268868059854425,-0.014131236890098103,0.0019311469410313107,-0.0012780446350807498,0.0006793987994315099,0.002366817158763302,-0.030819147157133558,-0.0005246913365553939,0.005025098891928786,-0.0015541536088567256,-0.005583169323625026,-0.005139656244777144,-0.0004942574092419746,-0.03725608832493889,-0.005200820675701824,-0.002167352458694951,0.0024745232539717214,-0.01803207734436726,0.013703491186024616,0.002567802660283637,0.0030506748117040835,-0.005537029782310127,-0.03391364955645987,-0.0004990981547162022,-0.003128259272780278,0.00037202656804588677,0.0007924909349531037,-0.03364026638749055,0.0013990192594937989,-0.7550517854763893,-0.010177227867068709,1.0750239021680317
6.675,0.0339474408782,0.3884056913313,27.4,361.9,0.3381420075893402,0.3199940025806427,1.299999952316284,34.56000137329102,0.3059951961040497,242.6983489990234,130.4543762207031,63.2664,0.9452,27886.0,444.3569145845439,12.4604,9.594,4.24,5126.7,578.0679933665008,9.211378826379432,48.24,20.1,16.14,4.24,19.43094720323031,0.6227563491270615,69.0,193368.9479159194,3.5451066319090208,42.50639508474981,53.94849828334116,69659.0,40079.96,28518.51,16.15424853850087,8.892486399593126,8.892486399593126,7.63752247452101,120.4,0.93,0.61,0.013198875174857665,0.07140067134739364,0.003996118056587872,-0.020256685375701626,-0.005364644157933057,0.0052256723465397975,-0.07563207965996113,0.0010935368491336848,-0.08923077577468938,0.0005773643902503053,0.00238686015491838,-0.0011127984835766324,-0.0013469560580560947,-0.012103167568100603,0.004370543739292755,0.00144177654082887,-0.01112818914023227,0.002234177315142023,-0.021787996106781064,-0.005536759923677878,-0.007806984065915458,-0.00449781247659119,-0.003267446069512528,-0.0018009638777002595,0.003568143264041279,-0.02446576748625374,0.0035635232653003085,-0.00228518753428945,-0.0012423781647812452,-0.01119206145009956,-0.0009413714827969475,0.0003850433151237686,0.0001893260090145843,-0.002722163886064652,-0.02312289051245898,0.0036330321523128017,-0.0017484728274866994,-3.414677223170619e-06,-0.0010964133930392583,-0.04329144468612503,0.0018299303923268073,-0.6997673413555603,-0.010778353413566965,1.0750239021680317
6.835,0.0723150022842,0.8170048577893,27.3,533.4,0.478956401348114,0.4987780153751373,1.399999976158142,35.33000183105469,0.4490224123001099,242.5231170654297,133.0,69.61883,3.1667,31295.0,362.9812608948286,7.9764,10.4369,25.54,1008.69,431.0012394986916,4.999053310767506,72.61,11.98,17.16,25.54,29.247120158096035,0.4441104259190304,62.5,205105.42621421916,6.613355601948504,25.327743910925538,68.05890048712597,63992.0,36649.66,25491.99,8.611711314748359,6.341558665661586,6.341558665661586,2.4926882667224866,70.9,38.74,18.97,0.041548993310192614,0.020097861608723178,0.0043075479522812765,-0.008627950445981714,0.015715682809939634,-0.025991488269763042,-0.08891890910966323,-0.00894617197336628,-0.42198841163492756,0.002483212172985039,-0.00029086585552434707,-0.008718578430358337,0.006472762396093445,0.02706393685564402,0.021465361745562406,0.00017333932220940927,-0.0024490210588555606,0.005853821998462083,0.04590037591289729,0.010500313170952735,0.015591067795874557,0.009275913496268929,-0.003649731292854974,0.007000880321487835,0.01436534914071671,0.046588100619148434,0.007610792274819689,-0.00369773804233412,0.01114859805628654,-0.027134225209010786,0.02582113589649091,-0.020092784020118402,0.020050592355197294,-0.004983070920919963,-0.004103205128572896,0.007120809568557896,-0.006732655003434063,0.011783158626407341,0.007637322639347977,-0.006136050584958841,0.0005988148460164489,0.8309648827568162,0.007401296187890716,1.0750239021680317
6.535,0.1020147377599,1.311680485782,28.1,406.5,0.495362788438797,0.5626463294029236,1.5,34.83000183105469,0.5001170635223389,126.0672454833984,85.59015655517578,2.90776,0.115,1588.0,7.908338175479372,0.089,0.2026,3.98,913.13,329.46058091286307,1.640734061302774,4.82,0.14,0.34,3.98,1.9414835306710216,0.2504382101047163,73.3,43717.2909103953,2.133822472423064,34.05945495650095,63.80672257107598,57754.0,39953.37,32733.15,7.989646389078048,3.576066916726457,3.576066916726457,2.2858259152713347,56.1,0.26,0.000707107,0.009543367398553552,0.006078014930477376,0.0007629398853750988,-0.022575529305497166,0.00011822969629431273,-0.006781061853282144,0.028133385240100305,0.0011873778139706703,-0.10737433046824299,0.0003993231703061646,-0.007604448837577359,0.0009796000539790794,-0.000585264950874269,-0.017955832128413004,0.0051464833690552,0.0003292573719518233,-0.002596529906615617,-0.0014853659883374345,-0.02243271098984405,0.0025272439736872742,0.005851129634305837,0.002583407514961435,-0.011860454479232398,-0.010128537812619463,-0.0012981569939292722,-0.02712700381339527,-0.0030289195491932474,-0.005725772202713418,-0.002449205426266439,-0.026380827658576904,0.014902464401326126,-0.0023507169245276524,0.004572115804767243,-0.005454500612104293,-0.021545047509018325,0.00800414321292193,-0.003931670931633544,-0.00035197202279236076,0.0022306848354637443,-0.007339855288388213,-0.001245535048888974,-0.8652753631240921,0.018758065462345257,1.0750239021680317
5.555,0.2521590479137,2.278178500774,3.8,17.0,0.2121531069278717,0.277606874704361,0.449999988079071,8.529999732971191,0.2535617649555206,287.2151489257813,132.8357696533203,126.195,0.9478,45899.0,1702.0,58.722,16.8508,16.87,882.0,223.4017181377917,8.284052468910467,205.455,93.926,30.942,16.87,33.16205965449566,1.7174502122943875,39.64,605389.0,14.2,42.9,42.8,42227.0,38884.0,17032.0,18.34775726355647,14.769191834162667,14.769191834162667,0.4028414498141264,119.4,66.28999999999999,14.61,-0.46218999782542236,-0.008358863932546257,0.006344486189074805,0.03196595555904784,0.004670752322301325,0.013776191289303819,-0.2093316784941126,-0.003876196681987554,0.03934334844560361,-0.012157292783842411,0.011360150172724409,-0.014348908183164899,0.00251343297737186,-0.053117283905041404,-0.0034432869451120284,-0.06816466297290752,-0.03588676869007763,-0.005846041287994009,4.4688070076509546e-05,-0.012160311353625752,0.04100717340293343,-0.020811065858695653,0.005271896254271264,-0.016758969409856918,-0.000580697059165708,-0.003423020979389524,0.024255235127871932,0.006808483052533176,-0.004704894617199873,-0.010172505365218965,-0.01663621258141939,0.0013387479423545346,-0.017883363494416726,0.00013316762261087468,-0.06653744128043758,-0.00815047897142362,0.0031110550251324588,-0.0003379624236840795,-0.0011180055545410017,0.010528728601872029,0.006745107865193878,1.01268187198136,0.004908271353342564,1.0750239021680317
5.945,0.1522563317346,1.886986682136,3.8,17.0,0.1956540644168854,0.034642856568098,0.5,7.21999979019165,0.0600076392292976,295.7795104980469,133.0,126.195,0.9478,45899.0,1702.0,58.722,16.8508,16.87,882.0,223.4017181377917,8.284052468910467,205.455,93.926,30.942,16.87,33.16205965449566,1.7174502122943875,39.64,605389.0,14.2,42.9,42.8,42227.0,38884.0,17032.0,18.34775726355647,14.769191834162667,14.769191834162667,0.4028414498141264,119.4,1.33,4.85,-0.10264773867302575,0.001793934731744233,-0.0013974476822186154,-0.0017420277695637156,0.0006311392127536347,-0.007063280920614476,-0.138386535242782,-0.001375154676497927,0.006224312136648252,-0.004356741956318716,0.002772179683553947,-0.005396243334282201,0.0011140874736011055,-0.008558823729632408,0.0022449535691412012,-0.0028468635143944977,-0.0021389459325000535,0.001900267637684015,0.0006388844788307046,0.001438197811250562,0.006778443950228386,-0.0037136808251962083,0.0012452111734310236,-0.004161752816638895,-0.0007308060172945619,-0.0069740246575092524,0.0010361303399549885,-0.006529501743731072,0.0005429145001107983,-0.010916885370854272,-0.007197872457909378,0.0012466342311818388,-0.005552287633880033,0.00043766552989835984,-0.022293730456964127,-0.0019227706167148514,-0.0057455802226904825,0.0008663759244372956,-0.001045393983018569,0.003013094125664819,0.0023340384458424386,-0.7394063809827204,-0.016872371220029887,1.0750239021680317
5.904999999999999,0.1922570584841,1.951581635845,3.6,21.0,0.4531041085720062,0.4497370719909668,0.8500000238418579,8.210000038146973,0.409789651632309,386.3236389160156,130.0,97.05,1.21,106381.0,2590.42,55.63,35.38,21.39,6084.07,610.4028000918064,14.863552903373884,174.27999999999997,73.07,53.35,21.39,11.545413701275482,1.3286396630675812,42.31,858592.0,16.673582357043852,41.11565010222189,42.21076754073426,42877.0,31410.0,15449.0,10.182451797210655,6.929020407132105,6.929020407132105,0.954641587443107,92.11,13.2,8.379999999999999,-0.20902919616003052,0.0024674277086741856,0.0043711530191358205,0.0027314717483241323,-0.006188205400016161,-0.01489106459473256,-0.170785399494227,-0.001377340086735812,0.017932493954431285,0.001478569786064332,-0.028727278921636745,-0.005449533955426927,0.0034217109158635297,-0.01875158162717707,-0.01202683213818817,0.0015597951232921513,0.005365458570187909,-0.005050891664810486,0.0068329311048146435,-0.004461904953466711,-0.01966043074172923,-0.03064240341098049,0.002758961900603041,0.00069427425530737,-0.003816416133893685,0.0044790949777234025,-0.002820302674546832,-0.0009572350741364089,-0.009097373228752976,0.008066359872696965,-0.017556995740626014,-0.0014630000439938117,-0.007208038126584137,-0.004156485946848981,0.008698777234647436,-0.009044545487500767,-0.005784013206372007,0.0021319093066267556,0.0011469736958388266,-0.0023285647823940493,0.0036344333179294972,0.05702933153882626,-0.03145986198354513,1.0750239021680317
6.425,0.1813929308748,1.649603096967,3.9,17.0,0.1429540812969208,0.2226490825414658,0.4000000059604645,7.519999980926514,0.2120927721261978,255.9736328125,128.0220336914063,142.4267,0.98,46210.0,1116.0,70.9324,18.6665,13.388,492.0,207.0155004031897,4.999552011468507,223.22,96.741,33.206,13.388,36.02947095994996,1.9691703020360272,44.56,503654.0,12.3,40.9,46.8,38937.0,39286.0,17168.0,21.03691766650654,16.933855628952,16.933855628952,0.4061223048327138,136.9,12.6,14.95,0.013561247552977884,0.004271784525597488,0.001237140633165801,0.0038500613528303917,0.007358594761230075,-0.02631306876009327,-0.27147971958038397,-0.0018658976077567501,0.01793509746599009,-0.008791163838002825,-0.0019748303124215495,0.005005986953852714,0.006990821221377652,-0.017734038383699934,0.005122882974101239,0.005196179921971633,0.00508383393450641,0.005386396433226748,-0.006222684861859307,4.737290460615773e-05,0.032301687293220374,0.008808535798685646,0.0053491380852647595,0.0027541236877441032,0.010481593298027347,-0.003728976378683013,0.008282528183190163,0.0038741853898391133,-0.002830264449352404,-0.007393429915653516,-0.000978400286287051,0.0026055882726796374,-0.00485902898199857,0.002806030252482705,-0.05126261870120654,0.0002723941931035312,0.0019937076712958413,0.001851823098957539,0.002220331986201929,0.008856193482875785,0.010096723252441708,0.0775979244709015,-0.004736224750289719,1.0750239021680317
5.985,0.1680037495316,1.757371613585,3.0,22.0,0.2996407449245453,0.4820165932178497,0.6000000238418579,9.25,0.4356132745742798,260.926025390625,103.5349197387695,102.75,4.78,82098.0,1049.0,61.06,47.59,26.67,1144.0,402.7768238237748,5.1464455673845855,203.83,80.46,75.07,26.67,13.502993313811004,1.3571426592267275,41.38,826658.0,19.61414974691788,40.554352669645,39.83149758343712,37647.0,31064.0,14954.0,10.01000072751194,7.077667062460118,7.077667062460118,0.8315029869915178,92.59,37.93,22.86,-0.3603113149325363,0.0052416543569415944,0.010889422423322703,0.003942529598949462,-0.01617381061392372,0.016694274779874885,-0.0964130462260219,-0.006533412569435237,0.05083026603888722,0.0024645621217786904,0.011976793986046652,0.0015627368222921878,0.0012325666097458775,0.02621853956626726,-0.0038298830364364876,-0.012768684722716006,-0.003142111635766942,-0.017965083098504697,0.016764614371350062,0.004115562778897542,0.0009671587257180425,0.0027557100427802795,0.00493202508043028,-0.003937968810438164,-0.02289989791926934,0.03511060058115985,-0.008586282817414104,-0.004690387162612752,-0.006080306962598115,0.02243565246858643,-0.06463717420049941,-0.0068688939997227135,-0.021511996850837056,0.0082323400339811,0.060445241674548025,-0.014315326639916748,-0.006799259391147639,-0.050024923034710754,-0.0027360501845833164,-0.0037628959416179273,-0.023158788756350957,0.8581285195596283,-0.004703623142326285,1.0750239021680317
6.65,0.1552940102061,1.245185176499,3.1,22.0,0.2493519634008408,0.2066291272640228,0.550000011920929,7.429999828338623,0.2153033018112183,325.0343017578125,121.6630172729492,62.8682,0.7473,30465.0,544.0,23.7417,15.1611,8.037,883.0,391.6363496124131,6.993276684364113,77.789,31.907,28.226,8.037,12.555758966506351,0.9191379276851872,47.4,302484.0,8.8,57.3,33.9,63896.0,41068.0,18414.0,9.819277128486252,7.904115227830772,7.904115227830772,0.4381657992565056,63.9,46.24,160.12,0.027992041849531246,0.006116257913876266,0.002120884779840693,0.004176773334387718,-0.01924304645042869,0.007033558952622176,-0.39278710219264024,-0.009735333455959349,0.04507393537042664,-0.009578329449752277,-0.007952054436085775,0.0018805389923508998,0.002088402164168668,-0.023428525316296155,0.007082100467290742,0.02533952272287563,0.015739297993713996,0.0099586000542622,-0.03830045089870689,0.001043043596204396,0.019347109403693996,0.04335011246567587,-0.004210589681519184,0.0065715640622657,0.008751979571999946,-0.025059455773560356,-0.006890034506330189,0.01993550118920393,-0.002609428613679421,-0.012187906181439745,0.00036210827878678796,0.004775482807774156,-0.013755997280590248,-0.007637033533537752,-0.09738874218310231,-0.006401363327167953,-0.0074905754802748305,-0.0028496383626479436,-0.005876149870688119,-0.001505737320519951,-0.00513260000385346,1.1212335950559935,0.1089702189594973,1.0750239021680317
6.880000000000001,0.1336814520919,1.696561208858,4.3,25.0,0.3824531137943268,0.5343990325927734,0.5,8.850000381469727,0.4775192141532898,256.8768005371094,130.0,6.34,0.062,5772.0,77.0,1.413,0.9294,2.684,76.2,654.421768707483,8.73015873015873,8.82,2.541,2.176,2.684,2.417385883124235,0.1122410186812435,81.11,43475.0,1.100962322622737,39.02707551786005,59.87196215951721,72144.0,42390.12,23847.44,16.617634982053918,2.250591120086632,2.250591120086632,1.7613416385502103,33.95,22.78,5.36,0.03452476941444911,0.003062112213461665,0.004444084281101846,0.00310525806155052,-0.011372001557378119,0.013141882071737176,0.08963612550450492,0.00027763856516686,0.02916084609972308,0.0020031326026655914,0.005899253370007518,-0.007934549542609592,-0.01551166151673532,-0.04110881316429003,-0.0030310678568202685,-0.002436310491990301,-0.007002445643767697,-0.0008280291147530372,-0.03403645468852486,0.001367423353134689,-0.03155469621205703,-0.007175914033781705,-0.015066181271569778,-0.0016477721782866771,0.0023855726632755593,-0.03666167196026077,-0.020646554454695452,-0.010492557268822566,-0.010011943190358608,-0.02270534127857534,0.025534384285798316,-0.002047472862061117,-0.0007749936216277731,-0.004391289303079216,-0.06781015192123595,0.002939957544906069,-0.0018389051232952868,-0.0013348807790316774,0.0013142798156477232,-0.010309290910838131,-0.01642607410496568,0.40403205584746316,-0.04069124116015151,1.0750239021680317
6.89,0.2674164585093,3.37908423967,2.7,19.0,0.1469908207654953,0.2672204375267029,0.5,8.3100004196167,0.2637763321399689,158.2906188964844,116.0,41.8,0.9984,37631.0,382.0,12.2266,9.8512,4.991,6472.866666666667,481.9852705731668,4.89273134806276,78.075,30.563,28.728,4.991,21.398798506227283,0.8755846807233554,35.03,369846.0,16.504901960784316,31.65686274509804,51.83823529411765,26213.0,35691.1,13158.53,16.539135979595088,17.556710821702243,17.556710821702243,1.1884593356762363,77.55,0.00106066,0.000707107,0.017092138045001752,-0.008667038134764873,-0.0016343813404673742,-0.004047496969113127,0.0006334703157190192,-0.009055042579187999,-0.09827055235928858,-0.0017838083789683628,0.00953382616653108,0.00048287855228409845,-0.007820684616453936,0.0008712027219589995,-0.005029924134025375,-0.010763937227427958,0.0007620774422539683,0.0010756935547105839,0.00039064787398092554,-0.00021789238136262173,-0.021895196636440212,-0.0017159628211520569,-0.003976472277194257,0.0037297089623752958,-0.0017234618593938498,0.0008011298761703029,0.003688140151090937,-0.028586930482764738,-0.004257083001779394,-0.0006564942738041278,0.0018706699126633142,-0.028608570768032228,-0.007307357864570802,-0.012349427596200245,-0.0012326342051383104,0.007799554820172508,-0.011245202805846958,-0.0016313632975798152,-0.0015985024871770128,-0.003009069355903206,-0.00294788979203442,0.00013049878366291432,0.00012364093423820915,-0.8526289951585933,0.010745907884207564,1.0750239021680317
6.705,0.2523850853452,2.438119775099,3.8,6.0,0.2356555312871933,0.3786807954311371,0.300000011920929,8.529999732971191,0.3529446423053741,244.8415679931641,129.0,156.26,3.7,71109.0,604.0,25.5392,19.687,6.87,4046.0666666666666,639.9701205079514,5.435907589570977,111.113,48.363,43.95,6.87,30.453854606755456,0.8473062281162614,50.12,299186.0,8.188156481532047,41.53969380882165,50.2721497096463,56528.0,34807.04,22100.67,29.449202691670408,16.989687864542002,16.989687864542002,4.19935794066213,97.31,8.620000000000001,3.4,0.021761212087469183,-0.007733723972924078,-0.002590096776373696,0.0039197287105489755,0.01625928774825295,0.0095129168117419,-0.14576152925146746,0.0002452477375045392,0.029841807079385052,0.0018170648892410046,0.008864037014311188,0.004092347020981846,0.005691837131977085,0.010978827378479761,-0.0012193272025324386,-0.0009772449326701294,0.0018739555345382852,0.0026464474971871765,-0.024760258559370408,-0.004697765256743846,-0.010732096378458678,-0.0008084838399663785,0.0015417754205409363,-0.0012344786522443974,0.00039517025556418117,-0.022280730431666583,0.01568483734480104,-0.0018492341402452483,-0.0027032840214669673,-0.015192257377784702,0.010786770808277646,0.0005759080308489261,0.0025960099506191934,-0.003548115686979125,-0.005610634758835664,0.002450508550740782,0.01717165510891936,-0.0023501187255606016,-0.00045518106850793715,-0.036382096061483016,0.009937327550258479,-0.19010864597116597,-0.015272170022013577,1.0750239021680317
6.91,0.1548696238513,1.709914543751,3.3,7.0,0.2677996456623077,0.4793040454387665,0.3499999940395355,5.909999847412109,0.4334432482719421,241.7138519287109,128.9469604492188,69.4828,1.3569,21994.0,591.6353864032538,9.1363,9.5518,2.36,1603.85,381.11245884595394,10.251869457689375,57.71,25.24,23.82,2.36,23.245438704361963,0.4724934230642314,61.4,189959.29356481816,5.960707881876988,46.25281304491967,47.78647907320334,66835.0,38481.79,24326.61,8.747788017238738,6.746846249557248,6.746846249557248,4.849428335338578,73.3,1.1800000000000002,0.000707107,0.016880521347979068,0.0012668409886537068,0.0007766308821737775,-0.00037120091752147354,0.007876663423841804,-3.963128337635879e-05,-0.03527481690293642,-0.0011585064865648914,0.010614952625590361,0.0005089281435357154,-0.008008752819965588,0.0010660521017853174,0.00042170357680881094,-0.009543977748253413,0.0004588201000587917,1.4254257548590703e-05,-0.004266806249157517,-0.0009595601907931037,-0.030604292779229596,-0.00023216373100876445,0.00495546364365149,-0.006968959520687346,-0.005856987785315163,-0.006630611481843513,0.0015872747190296885,-0.029470816158340307,-0.0028222939120605304,-0.00484767438052224,-0.012230947181000368,-0.012721367280697421,0.0061191449915059025,0.003867009948007782,-0.0015643569045932543,-0.0015927253460977237,-0.03336812660971188,0.0018916815684642569,-0.0029693720878567736,0.0018789459356339622,0.0009821352004073408,-0.020021680748788635,-0.0008718765922821611,-0.9137660445589573,0.012262083144159958,1.0750239021680317
7.015000000000001,0.07736614263897,0.9251703495411,3.0,14.0,0.1248723119497299,0.2005982398986816,0.2000000029802322,7.369999885559082,0.2104785889387131,242.6983489990234,130.4543762207031,63.2664,0.9452,27886.0,444.3569145845439,12.4604,9.594,4.24,5126.7,578.0679933665008,9.211378826379432,48.24,20.1,16.14,4.24,19.43094720323031,0.6227563491270615,69.0,193368.9479159194,3.5451066319090208,42.50639508474981,53.94849828334116,69659.0,40079.96,28518.51,16.15424853850087,8.892486399593126,8.892486399593126,7.63752247452101,120.4,0.65,0.000707107,0.01573185247415675,0.001479943482438116,0.001871186873293467,-0.0019264518723357417,0.0008588651895988791,-0.008016959282336759,-0.11961979980778414,-0.0005869333300506629,0.007812830000650113,-0.004116881786030721,0.0023545633378671683,-0.0014672788185998756,-0.0017492490623844787,-0.01530816839798355,0.0007368600480258645,0.002589746255194774,-0.0015899779885076206,-0.0004656912557547653,-0.02416443790285849,-0.0023026677352609034,-0.006831940613570613,0.00041773743845987204,-0.0038837531579192786,-0.005115963482065126,0.0022617653359193477,-0.017982370176352576,-0.005535245592007411,-0.0023228628427023,-0.00027429371559990203,-0.004147570414468645,-0.007639374945545553,0.00030700934096238394,0.0009145352281629968,-0.004534720987081522,-0.021976953782374038,-0.005798055698163812,-0.004199473087443017,-0.0006592524156439946,0.0004802223937585951,-0.032417488646926354,0.002623154599452414,-0.8170297379518161,0.00861587395472451,1.0750239021680317
7.12,0.05211915154462,0.6050561967567,2.7,4.0,0.1649818420410156,0.2946636974811554,0.4000000059604645,6.630000114440918,0.2857309579849243,242.5231170654297,133.0,69.61883,3.1667,31295.0,362.9812608948286,7.9764,10.4369,25.54,1008.69,431.0012394986916,4.999053310767506,72.61,11.98,17.16,25.54,29.247120158096035,0.4441104259190304,62.5,205105.42621421916,6.613355601948504,25.327743910925538,68.05890048712597,63992.0,36649.66,25491.99,8.611711314748359,6.341558665661586,6.341558665661586,2.4926882667224866,70.9,24.3,1.1,0.045466971757123276,-0.010799398134695382,0.005642538353800774,0.0013926189357880592,0.023054623642703533,0.009873628849629279,-0.25866371164447627,-0.0006501345459837049,0.04945981074892915,0.0015435336651280275,-0.007409690831322246,-0.008334674067096782,0.008979565102374154,0.04147701741592027,0.01687240265030413,0.0009946499061770585,-0.00033446268201801075,0.013658799578202884,0.05593062088941224,0.008060111211380006,0.0060037067343946095,0.01525982051296162,-0.0019122023759409411,0.0028672109032050084,0.026357966440962645,0.04380688169016498,0.011051123442361133,0.008987163288751588,0.0015274931900203016,-0.019823472231859308,0.014621940283337609,-0.014942227644147354,-0.002517038382356973,-0.007660798462573415,-0.006934361342573569,0.0020826095344963825,0.0038003952766303196,0.006473592307651444,0.005093904400244309,-0.0068427171336951755,0.003310377463232739,0.8480612894769293,-0.02433451228425836,1.0750239021680317
7.095,0.1885120006796,1.781521666372,3.8,3.0,0.1531119793653488,0.2633763253688812,0.2000000029802322,6.300000190734863,0.260701060295105,126.0672454833984,85.59015655517578,2.90776,0.115,1588.0,7.908338175479372,0.089,0.2026,3.98,913.13,329.46058091286307,1.640734061302774,4.82,0.14,0.34,3.98,1.9414835306710216,0.2504382101047163,73.3,43717.2909103953,2.133822472423064,34.05945495650095,63.80672257107598,57754.0,39953.37,32733.15,7.989646389078048,3.576066916726457,3.576066916726457,2.2858259152713347,56.1,0.62,0.000707107,0.010079238092526782,0.001822860878193753,0.0014598976811394323,-0.0005379722584039076,0.0074049567477777675,-0.010638409743318325,-0.08895116173522546,-0.0010931646898388915,0.0076473127402132595,0.0004921078728511862,-0.005204402776667824,0.0009525665065739186,-0.011349549647304209,-0.02310744963330216,-0.0014956444788258305,0.0029731821976601855,-0.005393294285284357,-0.00027617581840603606,-0.016319704032270236,-0.000581022044410948,0.006016002936055878,0.0053311404227279,-0.009840160335064838,-0.00829441958747337,0.0018881246440578133,-0.01670979019138032,-0.005201653964817534,-0.00849092181853484,-0.0022466069795191355,-0.012129533794359331,0.004325655271066375,-0.004194959835498597,2.2383784176781275e-05,-0.002485192392719918,-0.034733149649575336,-0.0012427490003174058,-0.0013098563691601136,0.0016410123480018392,0.001379246730357411,-0.004900717265205442,-0.00434676626184955,-0.8658811944243497,0.02064209420001134,1.0750239021680317
6.32,0.1405047339064,1.54002453671,19.1,28.0,0.6302679777145386,0.765863835811615,1.700000047683716,25.14999961853027,0.662691056728363,287.2151489257813,132.8357696533203,126.195,0.9478,45899.0,1702.0,58.722,16.8508,16.87,882.0,223.4017181377917,8.284052468910467,205.455,93.926,30.942,16.87,33.16205965449566,1.7174502122943875,39.64,605389.0,14.2,42.9,42.8,42227.0,38884.0,17032.0,18.34775726355647,14.769191834162667,14.769191834162667,0.4028414498141264,119.4,27.21,24.14,-0.20465145107218996,0.006098575504030956,0.002323932051658639,0.04023952591000125,-0.022295885043684384,-0.08765030084946189,0.18430655287532138,0.00997227571485566,0.08009103392367255,0.004036622278392343,0.01062599556543863,-0.016496891574933992,0.004044699296588095,-0.05773961562337352,-0.001287442134227512,-0.05273965932754797,-0.0051242747073993455,0.0024738247138448187,-0.011758546390803547,0.01293963887076821,0.04411767501663414,-0.03603371820691971,0.0014891160894184852,-0.11390605817968029,0.004631923082983136,0.02223919234657662,0.030869082372402778,-0.05504543719626961,-0.006479788707336398,-0.011241348831448705,-0.02427048592525536,0.002233913334784965,-0.0131717377777677,0.0016676537375897027,-0.08674596109730189,-0.00992304731626068,-0.004458897019270824,0.001232963259099018,-0.0024735317146405643,6.983873131682916e-05,0.016339398972922903,0.8044053109379019,0.028654418010264672,1.0750239021680317
6.265,0.1382626852967,1.462918458051,19.1,28.0,0.5608036518096924,0.8136013150215149,1.899999976158142,21.82999992370605,0.7008810639381409,295.7795104980469,133.0,126.195,0.9478,45899.0,1702.0,58.722,16.8508,16.87,882.0,223.4017181377917,8.284052468910467,205.455,93.926,30.942,16.87,33.16205965449566,1.7174502122943875,39.64,605389.0,14.2,42.9,42.8,42227.0,38884.0,17032.0,18.34775726355647,14.769191834162667,14.769191834162667,0.4028414498141264,119.4,1.97,0.000707107,-0.030319869130151344,0.001488567176973453,0.0013661966160870992,0.013851865482283777,-0.0063907316576223465,0.016019694188842536,0.13715977012505756,0.003147099941968928,0.02602266174764369,0.0006010057185776709,0.00921395327954088,-0.008239232987165416,0.0019096103115007282,-0.017882059770403427,0.0031237104174215305,-0.0058085774653591216,-0.0042833468259777675,0.0005432012716774127,-0.0006410852025728629,0.0015532450452446975,0.013309512511827068,-0.0016881929045776095,0.005123436934780301,-0.0019446930454577991,0.002635222414275627,-0.010201541245216513,0.0055943786948919536,0.005162805596133709,0.0013768523405306141,-0.011986886350205155,-0.007833982703043151,0.0023154332826379885,-0.007026175833772905,-0.0009108260450884532,-0.0551286259389017,-0.0033791827058885665,-0.009749191023875026,0.0003508702083490701,0.0037635512501001432,0.00874657459883021,0.0038938258544076176,-1.1526567400733474,0.031211810976732535,1.0750239021680317
6.54,0.3783828045614,4.473671270399,19.0,46.0,0.6479945182800293,0.6949933767318726,2.299999952316284,24.85000038146973,0.605994701385498,386.3236389160156,130.0,97.05,1.21,106381.0,2590.42,55.63,35.38,21.39,6084.07,610.4028000918064,14.863552903373884,174.27999999999997,73.07,53.35,21.39,11.545413701275482,1.3286396630675812,42.31,858592.0,16.673582357043852,41.11565010222189,42.21076754073426,42877.0,31410.0,15449.0,10.182451797210655,6.929020407132105,6.929020407132105,0.954641587443107,92.11,24.130000000000003,33.160000000000004,0.032410777081968246,-0.018907983290962927,-0.009265600986313027,0.035633790667168805,-0.02241692578257063,-0.09634797845012506,0.20230109119112605,-0.0021344737100880253,0.07736237684777005,0.0025940409800969564,-0.06915305482805706,-0.0010071262405253688,0.005592946632299612,-0.026849163176491865,-0.019612968096043924,-0.009683148921001628,-0.002593611809890728,-0.003995233585359481,0.0003937845656182493,-0.011330739593831806,-0.034310704721370724,-0.11201491878135128,0.003727810162352374,-0.0023640255129430353,-0.016978743304964183,0.01575544009194708,-0.01604153836169281,-0.0033287177358288012,-0.008263366523897331,0.017640532125020404,-0.01942972008581273,0.002871092046610979,-0.014803120203781873,-0.004313614155398726,0.027736213958356525,-0.012706847161520308,-0.0015187413757666746,-0.0013134341468102884,0.0022179908989928944,-0.00011007394921035419,0.00220330624445344,0.7349917210103012,0.006537118262611341,1.0750239021680317
6.505000000000001,0.1717842430621,1.454843827059,19.0,16.0,0.5307262539863586,0.6367385983467102,2.400000095367432,24.40999984741211,0.5593908429145813,255.9736328125,128.0220336914063,142.4267,0.98,46210.0,1116.0,70.9324,18.6665,13.388,492.0,207.0155004031897,4.999552011468507,223.22,96.741,33.206,13.388,36.02947095994996,1.9691703020360272,44.56,503654.0,12.3,40.9,46.8,38937.0,39286.0,17168.0,21.03691766650654,16.933855628952,16.933855628952,0.4061223048327138,136.9,12.25,13.14,0.01876273089437741,0.004422556447330872,0.0019184975847601703,0.03382296060398223,0.004386308427667229,-0.008950452010147247,0.10998299614409915,-0.026824627206427955,0.046596032286295684,0.0026582100886153315,0.00876282648718919,0.006109919876093039,0.01262181664956733,-0.018878118806052946,0.0045120769966161215,0.007059219607384914,0.008167935868841592,0.007534930047695498,-0.002275857729837294,-0.0003846888055559328,0.03777573897503319,0.007376484039239595,0.012903647496365,0.0035485620311228594,0.004229943967424344,-0.0034478166725020907,0.01962381211854518,0.009857590133091388,0.002273672781186187,-0.004937916935887155,-0.0021915111541747855,0.003570819254033275,-0.0003628473789431319,0.0010701096907723806,-0.05391831861436367,-0.0007239728977438409,0.0078455894899089,0.0008650471817236216,-0.003172058898024288,0.02412656738609078,0.02118570517888293,-0.062069741756655285,-0.04325650929950643,1.0750239021680317
6.625,0.09037240693334,0.9771361460098,18.1,31.0,0.5859137177467346,0.7720003128051758,2.700000047683716,23.25,0.6676002144813538,260.926025390625,103.5349197387695,102.75,4.78,82098.0,1049.0,61.06,47.59,26.67,1144.0,402.7768238237748,5.1464455673845855,203.83,80.46,75.07,26.67,13.502993313811004,1.3571426592267275,41.38,826658.0,19.61414974691788,40.554352669645,39.83149758343712,37647.0,31064.0,14954.0,10.01000072751194,7.077667062460118,7.077667062460118,0.8315029869915178,92.59,38.74,17.759999999999998,0.03950687585538246,0.010941147862002332,0.005464615337550671,0.05490484136389566,-0.030157039730576863,0.0007188899999019061,0.2967093604658731,-0.007455658694263634,0.1060652831073386,0.004034356178482912,0.016970325519097985,0.002114428183762329,-0.00029954889765935187,0.029727364371297926,-0.007307279426604562,-0.008989187254104802,-0.014018700129119743,-0.016616067272611,0.02246799531439323,-0.0041361765877808935,0.006619591044029272,0.005567706957459473,0.007134792615892361,-0.005234592769294988,-0.022521380485966812,0.026295751891564655,-0.004844332870794399,-0.001840338285313936,0.00034791747643612145,0.0281004282278009,-0.03945673689525571,-0.06547370491595936,-0.019789341737050558,0.046840724728535864,0.08684953307802783,-0.02699504955578602,-0.008353165129199636,-0.03045304860360918,-0.06295976642332972,-0.0025689920810982427,-0.026118926712311842,1.17771018928336,0.014488907363731407,1.0750239021680317
6.82,0.2751994788049,3.039642289716,18.6,19.0,0.4976628124713898,0.4495828747749329,1.5,25.32999992370605,0.4096662998199463,325.0343017578125,121.6630172729492,62.8682,0.7473,30465.0,544.0,23.7417,15.1611,8.037,883.0,391.6363496124131,6.993276684364113,77.789,31.907,28.226,8.037,12.555758966506351,0.9191379276851872,47.4,302484.0,8.8,57.3,33.9,63896.0,41068.0,18414.0,9.819277128486252,7.904115227830772,7.904115227830772,0.4381657992565056,63.9,74.72,41.87,0.05802874518488539,-0.03041729941661473,-0.005161726460093674,0.0467881617331878,0.0006823912232648444,-0.01255719218030572,-0.2857754329747986,-0.01066085542435764,0.0982313852414955,0.0025928835486992543,-0.010857858420582466,0.0019932494859676965,0.008143814928131144,-0.045639225682010884,0.009359509132569699,0.04016611951938827,0.018866073710378163,0.010044943476561463,-0.021992609565611932,0.012770429458003451,0.020214687036350387,0.03782440291158864,-0.0024534600647166615,0.00781919231894429,0.017079890356631898,-0.013856994858942873,-0.011622520500328337,0.01557002494623887,-0.0038930612816475254,-0.029618714684387714,0.004373115209164091,0.020747216322692063,-0.01655186914151996,-0.009021714674774584,-0.10194349941355178,-0.004163079890888155,-0.009663366477005098,0.0008152161040343886,-0.0012691607617307144,0.005216692753252572,-0.004312611408997291,1.2495423922429327,0.10431812585494478,1.0750239021680317
6.885,0.08938325883726,0.9556439068384,20.0,29.0,0.676328182220459,0.9666127562522888,2.599999904632568,23.77000045776367,0.827003538608551,256.8768005371094,130.0,6.34,0.062,5772.0,77.0,1.413,0.9294,2.684,76.2,654.421768707483,8.73015873015873,8.82,2.541,2.176,2.684,2.417385883124235,0.1122410186812435,81.11,43475.0,1.100962322622737,39.02707551786005,59.87196215951721,72144.0,42390.12,23847.44,16.617634982053918,2.250591120086632,2.250591120086632,1.7613416385502103,33.95,5.92,12.58,0.028536707692779623,0.0034331308514811087,0.001297425396740437,-0.016971517030615346,-0.011563682846259332,-0.000739505699835713,0.26689812562568116,0.0030409804324153743,0.03264262610930016,0.0017663889054674365,-0.011406268529361118,-0.001577301099896422,-0.003222112814430167,-0.02383920145640146,0.0005893001116346718,-0.0026140699689276682,-0.008003085558302685,-0.001468525704229251,-0.03208179527218456,0.0020439151427708913,-0.013184514606953596,-0.00570816641557031,-0.012765279358252895,-0.007693836369086077,0.0003236481351777787,-0.039584431668976315,-0.00650392686808478,-0.012344098665984331,-0.010372526473831339,-0.031313694492913755,0.040517331142211344,0.006925226397812362,-0.008539568189764413,0.009335443770745827,-0.052672216387232795,0.009831876866985112,-0.0008670778943924262,0.0010321236446034277,-0.00044775039865641573,0.001297712574945764,-0.008048263998702166,-0.5885927366104442,-0.03081781460484489,1.0750239021680317
7.105,0.1117993812063,1.349241221433,19.3,7.0,0.5908805727958679,0.8486366271972656,1.899999976158142,22.18000030517578,0.7289093136787415,158.2906188964844,116.0,41.8,0.9984,37631.0,382.0,12.2266,9.8512,4.991,6472.866666666667,481.9852705731668,4.89273134806276,78.075,30.563,28.728,4.991,21.398798506227283,0.8755846807233554,35.03,369846.0,16.504901960784316,31.65686274509804,51.83823529411765,26213.0,35691.1,13158.53,16.539135979595088,17.556710821702243,17.556710821702243,1.1884593356762363,77.55,1.26,4.15,0.016150587055482918,0.003197178443078875,0.0012554268492385389,0.012927425145870053,0.0042116655665450035,-0.012627733509871184,0.15023380827950317,0.0018494405585807179,0.022525835955049846,0.0005273596070474145,-0.010797564513166418,0.001172375612426545,-0.005587193475803348,-0.01537156828155276,-0.0035112130751367683,0.002654533669818187,0.0006925518842181303,-0.005092390423174964,-0.03476444842829368,0.00013559120020364152,-0.0021748023221734906,0.0060621528457850075,-0.003474262100411575,0.002457472560461588,0.0030328671378083696,-0.027692438225145492,-0.0019075772941578337,0.0011178230539663052,0.0016532708688173571,-0.029907396578229974,-0.012813129331218054,-0.011879430294968182,-0.003367972785141325,0.00937244558962999,-0.019762547783437185,-0.001476149982074269,-0.0006558826852124247,-0.0033147145268740087,0.0025985527648590525,-0.0029928709181258435,0.0005252817415166523,-1.0822656376935773,-0.024565104564651857,1.0750239021680317
7.25,0.1407529893279,1.80535505914,19.5,15.0,0.5652166604995728,0.7583724856376648,1.899999976158142,25.53000068664551,0.6566979885101318,244.8415679931641,129.0,156.26,3.7,71109.0,604.0,25.5392,19.687,6.87,4046.0666666666666,639.9701205079514,5.435907589570977,111.113,48.363,43.95,6.87,30.453854606755456,0.8473062281162614,50.12,299186.0,8.188156481532047,41.53969380882165,50.2721497096463,56528.0,34807.04,22100.67,29.449202691670408,16.989687864542002,16.989687864542002,4.19935794066213,97.31,6.44,2.02,0.03547569473041221,0.002728118969127502,0.001798856899142276,0.04457765663845932,0.0031118890573270776,0.036619912837864865,0.12029423846304417,0.003164725717855621,0.06237910363939594,0.0023637576876207713,0.010328620128100718,0.00463576655089859,0.012508678793907168,0.014435813909629336,-0.0009607535842806048,-0.0006851703405846066,-0.00030769764294378275,0.0028397024197038155,-0.02183021107339298,-0.005655976830516008,-0.012289350241189845,0.0038263358143158176,-0.0005234679561108013,0.0006309926630928997,0.0015019864288624452,-0.024854015773395067,0.013942140507977452,-0.002466544425115047,-0.004370793938869588,-0.026752829115837783,0.009139369058189873,0.0019242499943356473,-0.0016638374275061763,-0.004633349705254641,-0.006535484665306302,0.0048364951722324025,0.018459351730765784,-0.0026590062738396036,-0.0026286737781483493,-0.02605204680701719,0.007895078742178197,-0.2690760771173518,-0.030720478708855824,1.0750239021680317
6.3,0.09579494426716,2.166593862461,19.1,15.0,0.4532485902309418,0.5795559883117676,1.0,27.6299991607666,0.513644814491272,241.7138519287109,128.9469604492188,69.4828,1.3569,21994.0,591.6353864032538,9.1363,9.5518,2.36,1603.85,381.11245884595394,10.251869457689375,57.71,25.24,23.82,2.36,23.245438704361963,0.4724934230642314,61.4,189959.29356481816,5.960707881876988,46.25281304491967,47.78647907320334,66835.0,38481.79,24326.61,8.747788017238738,6.746846249557248,6.746846249557248,4.849428335338578,73.3,0.3,0.000707107,-0.020954332628636607,0.0007096380330622236,-0.0017168714308645576,0.01206452053436079,0.0030796819191891735,-0.00656004025659059,0.03875600462895818,-0.0005195033375639583,0.018634380391216832,0.00048098327103074324,-0.008505348319769825,0.0011345731730107093,-0.0009762684261659258,-0.013864458413328968,-0.0009146504531381449,-0.000857734052464357,-0.00423735475772991,0.002485111643327407,-0.03497035413305276,-0.002047868758440018,0.005278917973628295,-0.007914982007234376,-0.006529572664643624,-0.008230355333304035,0.001723752744495852,-0.028015738693997306,0.0011420825239037888,-0.002341321776388218,0.0013505663279211124,-0.008427374869235818,0.0036637557871872935,0.0025451948435511367,0.0007603875317145037,-0.0016553024264285207,-0.0273363182649482,-0.008684903695480872,-0.0039953211325919145,0.0008359736027196007,0.00025915748137051494,-0.03374535978795029,-0.0006338380107190416,-0.9473552748895017,0.013495288989855924,1.0750239021680317
6.515000000000001,0.04013846537348,0.404672904159,19.5,13.0,0.3012502193450928,0.3733408749103546,0.6000000238418579,30.04999923706055,0.3486726880073547,242.6983489990234,130.4543762207031,63.2664,0.9452,27886.0,444.3569145845439,12.4604,9.594,4.24,5126.7,578.0679933665008,9.211378826379432,48.24,20.1,16.14,4.24,19.43094720323031,0.6227563491270615,69.0,193368.9479159194,3.5451066319090208,42.50639508474981,53.94849828334116,69659.0,40079.96,28518.51,16.15424853850087,8.892486399593126,8.892486399593126,7.63752247452101,120.4,0.86,0.41,0.009704292433452796,-0.005155494605656728,0.004352699192240834,0.016346274071256633,-0.0008068071436136744,0.004995925356401124,-0.09841426479595247,-0.001119034913019254,0.018473300924408236,0.00023328766110354595,0.002603562143747694,-0.0014332706152927006,-0.0019765783072216475,-0.01367361320008057,0.0024876177696278403,-0.00343726413685362,0.0019571526970248738,-0.0004700813775416859,-0.02449333617929371,-0.003053038296056903,-0.00913339772319886,0.0012724243255797635,-0.006861896575894211,0.0011486460330197474,-0.0017524704358074616,-0.027050203022081398,-0.0036947525988798384,0.002345928667462439,6.366094341500395e-05,-0.01739283730043099,0.008216227433877068,0.0013405350048560996,-0.004968481081188663,-0.0053740340702934115,-0.036383930011652396,-0.0036535193000454464,-0.0019355539691168777,0.0007436992940492887,-0.000768476541852583,-0.03411768442799804,0.0027807165510021327,-0.8372648048416013,-0.0060905635893577625,1.0750239021680317
6.855,0.03076168732213,0.273770872194,18.8,32.0,0.3367940187454224,0.4881641268730164,0.8999999761581421,30.17000007629395,0.4405312836170197,242.5231170654297,133.0,69.61883,3.1667,31295.0,362.9812608948286,7.9764,10.4369,25.54,1008.69,431.0012394986916,4.999053310767506,72.61,11.98,17.16,25.54,29.247120158096035,0.4441104259190304,62.5,205105.42621421916,6.613355601948504,25.327743910925538,68.05890048712597,63992.0,36649.66,25491.99,8.611711314748359,6.341558665661586,6.341558665661586,2.4926882667224866,70.9,10.12,5.61,0.034886419938644365,0.0071537857647053895,0.0038871801104396475,0.029262140799313784,-0.020587167216930557,0.013368878139182916,-0.018558360622846493,0.0005729591441340443,0.03647700397588777,0.001414966348791491,-0.00010076034325176008,-0.013194865918718268,-0.0011396512701176032,0.01348875140235758,0.008579535693628704,0.0002739178761840155,0.00016708864318208948,0.011364483802113667,0.02522402037237772,-0.0012815586985088889,0.010162806730717422,-0.002704661369556538,-0.0027154751038178993,0.002632662335643532,0.01045169945643285,0.024400640724343246,0.012180232876446095,-0.002807337392121534,-0.0022532443378586176,-0.013151962097035707,0.02261453325417827,-0.017236686480231578,-0.003160697710816751,-0.007704280125210095,-0.007119061581324781,0.004633563380688432,-0.00854100338346322,0.006062463867710944,0.004109587208833532,-0.0070396731431828785,0.0011435785403009712,-0.18068016614648513,-0.04104256666509901,1.0750239021680317
6.905,0.1119911176749,0.877792920801,20.3,0.0,0.5412545204162598,0.7060145735740662,0.800000011920929,29.6299991607666,0.6148116588592529,126.0672454833984,85.59015655517578,2.90776,0.115,1588.0,7.908338175479372,0.089,0.2026,3.98,913.13,329.46058091286307,1.640734061302774,4.82,0.14,0.34,3.98,1.9414835306710216,0.2504382101047163,73.3,43717.2909103953,2.133822472423064,34.05945495650095,63.80672257107598,57754.0,39953.37,32733.15,7.989646389078048,3.576066916726457,3.576066916726457,2.2858259152713347,56.1,0.29,0.000707107,0.017257495740894267,0.002020788603927939,0.001940957905026189,-0.005752632917603456,0.009183166528586263,-0.006055083621875389,0.04842336742393673,-5.2722033811738404e-05,0.01860377619694916,0.0003811653265729453,-0.008328815530752773,0.0009477746528573255,-0.015660382892121537,-0.022987462383229258,2.0622599637130924e-05,-0.0025083198269130517,-0.005724530895473427,-0.001979560849256805,-0.020299362199846665,0.0016323881924618137,0.008572166446712803,0.0020726218989584747,-0.01564951103716153,-0.008420499342726564,0.00594754365028348,-0.020159851534059272,-0.01050586628168822,-0.005851091389777136,-0.0048288649701280495,-0.022600900569232175,0.02970010570145675,-0.003110132409376117,-0.0019107945020077517,-0.0005861376987304458,-0.03391775057534687,0.003348559757694584,-0.005325046651298208,0.001543221390573293,0.0020351132396608787,-0.004947622960316941,-0.003145479747792683,-1.0110354397473857,0.01494018093380145,1.0750239021680317
6.34,0.1317107729302,1.346018965951,27.6,218.7,0.5788008570671082,0.3789136111736298,2.200000047683716,32.13000106811523,0.3531308770179749,226.8743743896484,128.2054748535156,94.75,0.975,80886.0,573.0,36.035,30.6179,13.697,2339.8,503.33227546810537,3.5656280919222656,160.701,59.489,57.403,13.697,44.04493523854282,0.7705005543685988,37.51,683165.0,24.81513784080998,29.71825110917296,45.46661105001707,37563.0,37438.88,16936.21,15.717915646179634,15.449625511761106,15.449625511761106,1.4422353381379165,70.17,31.08,7.05,-0.14623064229707233,0.0012572562021668954,0.0012277497649192727,-0.04950706537836232,-0.0184150106012821,-0.029813721425598478,-0.20321144373016428,-0.008871431252104245,-0.21092477807356044,0.0006494570053182547,-0.019468053505523115,0.0012143010641447848,-0.006773837211774669,-0.020798551502171893,-0.01735397706087674,-0.011290433242684212,-0.006070867982343786,-0.001312364418292422,-0.008028334325877929,-0.012130971232429144,-0.03512843738985244,0.011591359740355977,-0.00047811438050120446,0.0016981501122936948,-0.002108873015502466,-0.008379351105424588,-0.06307095086318444,-0.007596763858455191,0.003031873584259337,4.001145949572571e-06,-0.0329961993524339,-0.012359705368056906,-0.0041245412386488435,0.0033268022204283485,-0.035894933711155305,-0.0051801178340101835,-0.004609606188489157,-0.003783271790016418,-0.005920312474481765,-0.006832888807170079,-0.00035334713663901505,0.5409969681473449,-0.048773259075358545,1.0750239021680317
5.76,0.2009681707521,2.305766517037,27.6,218.7,0.4322603642940521,0.3183337450027466,1.899999976158142,32.65000152587891,0.3046669960021973,264.5146484375,130.0,94.75,0.975,80886.0,573.0,36.035,30.6179,13.697,2339.8,503.33227546810537,3.5656280919222656,160.701,59.489,57.403,13.697,44.04493523854282,0.7705005543685988,37.51,683165.0,24.81513784080998,29.71825110917296,45.46661105001707,37563.0,37438.88,16936.21,15.717915646179634,15.449625511761106,15.449625511761106,1.4422353381379165,70.17,5.7,7.279999999999999,-0.266247242415091,0.0003846015195595097,-0.014680595542769879,-0.03300263936049305,-0.00934909644222352,-0.0006213394039077808,-0.07781677020667122,0.0009050156346056525,-0.06682502332876902,0.0003817492529051606,-0.0005149027319857828,-0.0013634161775698916,-0.0012119072237983205,-0.015841515468782742,-0.0008632965658325563,-0.006293333791196336,-0.0013316104596015018,-0.00105236983310899,-0.00609920923423488,-0.00379389405460097,-0.009747326769283974,-0.003963923422968946,-0.0010609440305270322,-0.0033372853611363176,-0.0006658531889552349,-0.005697186322300695,-0.02210755812912248,-0.0028650162934791327,-0.0012573322068201536,-0.0006891071051359276,-0.016993269919883452,-0.017416195381316363,-0.004420023523969562,0.0016694270984735668,-0.027592846316401826,-0.004280861328938032,-0.0027517739617032868,-0.0004641806123545665,-0.003549520566361006,-0.00567531451873945,-0.001622063105576662,-0.40895854673860593,-0.0189097627174342,1.0750239021680317
6.705,0.2003897513764,2.414483073552,26.7,136.1,0.6288979649543762,0.1016698405146599,3.799999952316284,31.25,0.1313358694314957,153.3260345458984,117.3640823364258,49.1485,0.47,15878.0,356.18,8.5477,7.134794327171835,0.953,926.17,282.58702925891646,6.339075959279561,56.188,19.8872,18.41727,0.953,16.5223150965168,0.404246719542003,47.87,256107.0,6.0117218158366414,18.174131902767638,75.81414628139571,45012.0,32296.0,14288.0,6.990829016588316,9.211165561563142,9.211165561563142,1.5733199943233478,43.22460681495,0.00106066,0.000707107,0.010241986479028149,0.00035426458274016826,-0.001462344679748625,-0.006040183444274557,-0.008810206059250033,-0.02952517839148643,-0.12647243531269486,0.003991238986956884,-0.07337244494305922,-0.002853213571594104,-0.008487337672151644,0.0008156389712821758,-0.0005634033121168792,-0.019702319062547734,0.002299146612058406,0.0030203402412589406,-0.004292635940480962,-0.0011683454019948806,-0.024387497092015105,0.0006261442480608851,0.010328459532465773,0.0006914533204399288,-0.005357669574674208,-0.004235589931020528,0.0007613893263041944,-0.02979477662441788,8.717200765384942e-05,-0.002270481632673188,-0.003883372412994502,-0.018253027903614577,-0.0009145677532069278,-0.01132554476009682,-0.0035239953505806533,-0.0011545846809167186,0.006527913168421948,-0.002888961314689351,-0.0041526572208385815,-7.706147874705945e-05,0.0002097349469550034,-0.004787765026092524,-0.00417530941858421,-0.720234208947979,0.011464439663453938,1.0750239021680317
6.640000000000001,0.2558848001299,3.503101136478,27.7,219.6,0.4768135249614716,0.2010269314050674,1.600000023841858,35.20000076293945,0.2108215540647507,148.6543884277344,68.14414978027344,50.1,1.306,41383.0,353.0,16.046,12.1913,6.776,670.2,631.7050831934056,5.388490306823385,65.51,26.747,24.969,6.776,17.9549829028876,0.4442509992904584,49.43,209556.0,6.020172305106115,47.59403235973944,46.38579533515444,76037.0,38605.82,21713.2,14.86650338874155,8.90786065415315,8.90786065415315,3.334605630605978,50.07,19.29,32.81,0.01822145027224902,-0.01916938117239622,-0.0035544856844935578,-0.034312141862232214,-0.02067442747950554,-0.017442121118772757,-0.220842570832232,-0.004271315354155392,-0.22017471583792939,-0.003089375504991043,-0.010839442119002323,0.004789119862019997,0.002148296850267806,-0.0073419869882054515,0.003518871260108425,0.0004037626993376398,-0.0021200746302493245,0.0005255993669852522,-0.016720416327239956,0.004691261044237771,-0.027999078996712307,0.0018348886473104676,-0.0034693564781918982,-0.0021040143242571085,0.00515692975278943,-0.018803599792998282,0.004170267416629947,-0.008453001958550876,-0.004069226944353399,-0.015195318443700668,0.007593420379562299,0.003829641880234691,-0.008721864530350976,-0.006481347736436882,-0.036842466753209,-0.00470195061154669,-0.0052186867163982135,-0.0017249022750183863,-0.0008039425215683793,-0.0042732027091551775,-0.011874599370174077,0.22150382879120292,0.02029467865568587,1.0750239021680317
6.805,0.1268252958939,1.320664001366,27.3,172.8,0.4161115288734436,0.2807495594024658,0.800000011920929,35.4900016784668,0.2745996415615082,284.4898376464844,130.9375762939453,46.39,1.9696,37903.0,493.0,18.997,12.4084,9.119,1097.6666666666667,438.5652299681805,5.704367949088805,86.425,31.048,20.027,9.119,23.6873667742644,0.5198347645921357,40.86,412043.0,11.40105756416319,43.837324276686296,44.76161815915051,46146.0,36086.43,16572.17,12.426995927713286,10.42342201495799,10.42342201495799,1.8765437977532649,50.36,10.0,1.6,0.02383901239722036,0.007475584357744092,0.001024291102075936,-0.013734896009787922,-0.01735503045259975,0.006335034797899453,-0.15712342945742422,0.0002529865994583713,-0.16472010552859864,0.001194242031546311,0.005244619023054819,-0.004484013903187589,-0.0006986302030273061,-0.002800194331444794,0.006415279734181245,0.001777959037804966,0.0021057914693374258,0.0030987797316629484,-0.01306565649039112,0.0032178966051433443,0.0024076498583890495,-0.0025642634320537927,-0.0016390162124298336,-0.0007228357056155987,0.009921325885225086,-0.01658514410350469,0.002400050445925428,-0.0030101856875698997,-0.004421790841501183,-0.010375259933061886,0.005599812255473791,0.009783197568962353,-0.004971814282704134,-0.0010792311846744228,-0.010442566452315038,-0.005302969707408911,-0.004160842786310237,0.0022695251170079755,-0.0008291193754412007,-0.001363172282930447,-0.008245516117895058,-0.1353816403662786,-0.01420471831574105,1.0750239021680317
6.725,0.1258579667521,1.354410811781,27.3,416.7,0.2475447058677673,0.1029258966445923,2.5,31.53000068664551,0.1314879506826401,271.5149230957031,131.2420196533203,94.5485,2.1563,46537.0,680.0,35.5076,21.2759,9.55653,702.0666666666667,383.5888559182328,5.60501153972964,121.32,51.283,28.768,9.556533333333334,22.96171465687948,0.7568755271663641,40.05,477450.0,5.7139813203593866,53.40210944990944,40.88390922973117,54771.0,36208.0,22771.0,14.874310622850874,16.990620933097066,16.990620933097066,2.7751741163370838,74.2,6.25,7.19,0.018016238778596767,0.00395549923740329,0.0014329964660573457,-0.00827495474764145,-0.0037466742778197227,-0.002055478681577383,-0.17318897309433667,0.0009791426351294207,-0.0719147478635423,-0.006750706365564843,0.005802563928766172,-0.001251762560568731,-0.0012277482292847642,-0.007968636821140527,0.0013896991221699962,-0.006129962678300188,-0.0005249437021557252,0.003249592574778931,-0.020156912967213416,0.0035468419626122406,0.001023281533038245,-9.063145844265263e-06,-0.0010189265427179878,0.0016806239972356918,0.00397140047105495,-0.017096003167564062,0.0005704078768612786,-0.0022273877935949592,-0.0005788473875727451,-0.01284758525993675,-0.003068977191811434,0.006265597950201466,-0.002758921938948339,-0.0030830561963375498,-0.022609055430861162,0.003339874902507295,-0.0018991113672964272,-0.002089106086641537,-0.004338793206843558,-0.011630693766754126,0.0018397176451981413,-0.48215807807212696,-0.032689992746920346,1.0750239021680317
6.66,0.1829329069306,1.759549358588,27.7,434.4,0.4098489880561829,0.2989175021648407,2.0,30.52000045776367,0.2891339957714081,288.1651306152344,129.0,92.75,1.5386300675675677,45158.0,696.0,33.0483,14.6795,31.74,196.0,387.35632183908046,5.970149253731344,116.58,42.49,20.02,31.74,25.258358901966528,0.555059543918919,52.85,465622.0,12.3,44.1,43.6,67794.0,41956.5,22104.5,40.84636824324324,17.791976351351355,17.791976351351355,0.9989242570341496,59.34,5.29,1.8,0.01851218000985682,0.009624717183643966,0.0011178515702485957,-0.028091286049457258,-0.007743387375958283,0.0015679917603265425,-0.12558515301230364,0.005044031636556581,0.0223189815063961,0.0014657332317437987,0.023476288792677248,0.000896499986993135,-0.0025878586706239936,-0.010964080809615556,-0.00010868742177262969,0.0029848633541259884,0.011129031414864588,0.0015732071832753546,0.030283905881689843,0.008404197343159472,0.0022171714582946258,0.0018605576201807695,-0.002216633685631647,0.010949969976907614,0.0034065421817358445,0.04463565944996663,-0.007178898024139885,0.009298780120676382,-0.001341989752370848,-0.01717738480516705,0.002410151120508097,0.0026873087573330845,-0.004469228555215499,-0.0020714035679120614,-0.050680625540902836,-0.0005900385410059217,0.04533871278795412,0.0007163101471960531,-0.005627123627578839,0.007350775146158417,-0.00016516291606239464,-0.5787949493180495,-0.01647043560608289,1.0750239021680317
6.83,0.2154186366291,2.091032440366,27.8,233.8,0.2987442910671234,0.2722972631454468,4.400000095367432,30.80999946594238,0.2678378224372864,255.4473724365234,130.0,107.34,6.28,66001.9,1675.31,49.3,18.28,27.37,612.65,435.2825957923893,11.048671107300668,151.63,65.22,31.43,27.37,10.04493389674318,0.8095851014325984,41.74,774172.0,21.96364940618549,42.590832655196046,35.44551793861847,49137.0,30324.0,14574.0,6.059303494414041,4.22208657852724,4.22208657852724,0.6829462442173873,55.57,27.44,3.19,0.0566698782905005,0.004463125501992171,-0.0036676162481308117,-0.07687420430802736,-0.024788297183345954,0.02309161330410283,-0.24507978147943504,0.02847589358873659,0.10069834856572557,0.003779683795757571,0.008598943693563389,-0.00101906639849767,0.012063443605322365,0.06549294095137156,-0.0014557652981021184,0.0036492377782706307,0.0039790721421595785,0.006289535782532818,0.03865126923262145,0.005480648191878557,0.003254879418993406,-0.017860155591741145,0.0110988493277692,0.008221137337386608,0.004679247699677913,0.034539866009494234,-0.0029294404033571196,0.00338604419864712,0.03634076430089768,0.03739394970890135,0.047326401166617835,0.0017757102334871155,0.011070672202156896,-0.003931072267936509,0.1024741733870469,0.025722508901730234,0.013428516684332847,0.009735803625313654,0.004321603547316,0.02859671062952839,-0.009229745785007293,0.8952438481547869,-0.034100674980087245,1.0750239021680317
6.815,0.1722557157185,1.662176009124,27.8,233.8,0.3344251811504364,0.4704570770263672,1.600000023841858,31.17000007629395,0.4263656735420227,243.0920715332031,129.7129364013672,107.34,6.28,66001.9,1675.31,49.3,18.28,27.37,612.65,435.2825957923893,11.048671107300668,151.63,65.22,31.43,27.37,10.04493389674318,0.8095851014325984,41.74,774172.0,21.96364940618549,42.590832655196046,35.44551793861847,49137.0,30324.0,14574.0,6.059303494414041,4.22208657852724,4.22208657852724,0.6829462442173873,55.57,23.33,2.27,0.0628983839538414,0.006884158912813276,0.0025320995226501774,-0.07523393117450179,-0.026086671282770056,0.025302430168259872,-0.06369845892000006,0.0017157061682082863,0.03372596867918044,0.003008373828837696,0.010130235954653533,0.0015651489633600967,-0.00035084173479114076,0.08569805974885816,0.02328555067954583,0.026986613449407736,-0.006605162910418616,0.008546371538424857,0.07331795970303942,0.0035571911309379978,-0.0023784330824855315,-0.03308319141273387,0.006230295789660845,0.00300084692356174,0.009992593896342439,0.048956831698073064,-0.012573496959405017,-0.0029822288730647515,0.014710057230200602,0.05513968878379101,0.020071586057776515,0.04078571535274393,0.021248327754205053,-0.0005839087818749311,0.0980181476736907,0.0046905091467779655,0.03512054927693684,-0.004704706819029547,0.007684758792864166,0.021654248973820355,-0.005249432454351366,0.8448941150740721,-0.02735414320742713,1.0750239021680317
6.73,0.1313806613633,1.671253791192,26.8,350.2,0.5449880957603455,0.5738555192947388,2.200000047683716,32.75,0.5090844035148621,218.3512725830078,128.90185546875,97.153246,1.5051,22704.0,603.4405868680999,11.4219,8.4222,5.82,881.58,371.52675503190966,9.874661869875633,61.11,25.96,23.28,5.82,24.614949908569734,0.4775021872663257,65.5,193424.9506420834,3.786310606464182,52.02179642033601,44.19187938339238,90072.0,39502.4,26966.29,10.53622467854088,6.818367587891776,6.818367587891776,8.389512313189808,82.8,1.6,0.3399999999999999,0.016248366997227988,0.00544659720268101,0.0011661923029460306,-0.006546887654345465,-0.0012781563650351023,-0.009483488695463164,0.036368303706636664,-0.004098003417020645,-0.06691492031305098,0.0009553969294065715,-0.008142123610130505,0.0009102152916602935,0.0022597240374889055,-0.006634282747399996,0.0055985533574130246,-0.0021266941148787664,-0.005420383315300574,0.0017004512019921237,-0.02188062792806885,-0.0012793366257101448,0.0062242002021521345,-0.0007870222714263934,-0.0046213665532413685,-0.0007606662753969715,0.006191748356213811,-0.024979550109594156,-0.0037981567963724996,-0.0025700957779772604,0.0009924831583630308,-0.025738523762905953,0.009968541762675174,0.0052609728162642585,-0.0029235633964417563,-0.004970393577590586,-0.022465594529407114,0.0028480313129257595,-0.0005345264298375842,-0.0006233482896350184,0.0002274544164538637,-0.05099028286919929,0.002307375531643631,-0.8919065501824953,-0.005792373870033763,1.0750239021680317
7.24,0.07033861606964,0.7803418654608,27.3,430.2,0.6268255710601807,0.7635214924812317,2.799999952316284,31.32999992370605,0.6608172059059143,289.1892700195313,131.0277252197266,102.81,1.7645,47925.0,843.0,43.5255,20.1416,18.38,35348.0,294.8686396357596,5.186734756660309,162.53,65.61,36.45,18.38,34.437046921982514,1.6325084864460302,44.34,791032.0,14.2,49.0,36.8,60352.0,33354.0,19580.0,15.09150601532647,12.226414519989854,12.226414519989854,1.982933986704912,73.72,57.470000000000006,1.52,0.037898767467588204,0.02151270172535441,0.0060732270344160625,-0.00815459049912165,0.009889389369636781,-0.0922455273296218,0.18254571730783206,-0.03429794881795534,-0.27536162616102955,0.0015487423504237595,0.02738557850685902,-0.0006593815307132988,0.026757483577122966,0.007142855884507271,0.003352112231776061,0.013061669401824483,-0.012514342978363869,-0.0005525472706649492,0.045892893838463344,-0.2878148457083153,0.06702571832248945,0.06679907215456479,0.02784087174152957,0.0022655206767376646,-0.0025046200831420396,0.01468931193882601,0.11065143915358928,-0.024707321403315264,0.003093039725208635,0.013183619208517471,0.0021312422859482206,0.027346193904988502,-0.015584117218153549,-0.013183908378705356,0.02843946394184608,-0.000965196093078724,0.005763249680399906,0.0006734683378598949,3.8358441321151296e-05,-0.0017853574443142505,-0.0021301970898639166,1.1764234762673733,-0.06283649090491238,1.0750239021680317
6.665,0.05964233918332,0.8830219718617,28.1,406.5,0.4921537339687347,0.4416697323322296,1.600000023841858,30.82999992370605,0.4033357799053192,203.751953125,130.9732818603516,2.90776,0.115,1588.0,7.908338175479372,0.089,0.2026,3.98,913.13,329.46058091286307,1.640734061302774,4.82,0.14,0.34,3.98,1.9414835306710216,0.2504382101047163,73.3,43717.2909103953,2.133822472423064,34.05945495650095,63.80672257107598,57754.0,39953.37,32733.15,7.989646389078048,3.576066916726457,3.576066916726457,2.2858259152713347,56.1,0.15,0.000707107,0.00905582919006703,-0.0020999522842466757,0.0012525412105023992,-0.024607743629952876,-0.007452879645396028,-0.007820627737208263,-0.09795327143976465,3.8586359238236556e-05,-0.0037528306429740117,0.0004780009065289085,-0.006977764937211761,-0.0018543314291164293,-0.008612250970909365,-0.02425485631753691,0.0012179962280206577,0.004943559147766793,-0.00680805429501925,-0.0018413239952642592,-0.026766138109844177,3.696617134846883e-05,0.0036453149996232516,0.0030797371119260703,-0.0092904558761511,-0.00021521656936965595,0.0048072039724793274,-0.018813170065172018,-0.007731923929299235,-0.0014953822809038765,-0.006534575078636399,-0.02133935071737505,0.003078059222083532,-0.002443071010056869,0.0056920167965581695,-0.000392707584192994,-0.021383813493186583,0.006657973325578478,-0.0025073708002455682,0.0010997872978914611,0.0011466550416080246,-0.005748307946370908,-0.0030398635321762075,-0.8131682273066835,0.015901197103550695,1.0750239021680317
6.23,0.203861600483,2.004570981987,3.0,27.0,0.2058755159378052,0.3090001046657562,0.449999988079071,9.1899995803833,0.297200083732605,226.8743743896484,128.2054748535156,94.75,0.975,80886.0,573.0,36.035,30.6179,13.697,2339.8,503.33227546810537,3.5656280919222656,160.701,59.489,57.403,13.697,44.04493523854282,0.7705005543685988,37.51,683165.0,24.81513784080998,29.71825110917296,45.46661105001707,37563.0,37438.88,16936.21,15.717915646179634,15.449625511761106,15.449625511761106,1.4422353381379165,70.17,114.78,19.24,-0.1415714333571959,0.0038397480715065767,-0.001096454642713096,-0.020525383535306908,-0.016292091718874812,0.02337649329635314,-0.30437240776955155,-0.007325759781757368,0.0743083094011527,-0.0008001390928402463,-0.012201223616488255,0.0017567277711350137,-0.004015852741547898,-0.03132890242221771,-0.008094030041014754,-0.009149267219007018,-0.0009128723924513804,-0.0008385911888908248,-0.009178317984333273,-0.028741349713876797,-0.02449062090646472,0.02940208704443651,0.00514714460540564,0.009787899451330373,-0.011427812520647484,-0.007285558956442428,-0.05436317872325881,0.0042429895550012975,0.006501337016234154,-0.004889707451919157,-0.03750229333620516,-0.019442603059345854,-0.008200983679736951,0.006223672482650733,-0.03361296133371068,-0.0072067195293493815,0.0010273641548119495,0.005553772144485281,0.0031168355951085693,-0.0029583784195128526,0.0032285336339845762,1.3080977691123263,0.07605142699368299,1.0750239021680317
5.615,0.141255779268,1.572929672943,3.0,27.0,0.2011622041463852,0.3816510736942291,0.6000000238418579,7.210000038146973,0.3553208410739899,264.5146484375,130.0,94.75,0.975,80886.0,573.0,36.035,30.6179,13.697,2339.8,503.33227546810537,3.5656280919222656,160.701,59.489,57.403,13.697,44.04493523854282,0.7705005543685988,37.51,683165.0,24.81513784080998,29.71825110917296,45.46661105001707,37563.0,37438.88,16936.21,15.717915646179634,15.449625511761106,15.449625511761106,1.4422353381379165,70.17,17.97,31.360000000000003,-0.49308652971161065,0.00309156420896759,0.00543826682644431,0.013490523534943354,-0.014829788746312278,0.0001620586293284043,-0.1562729362625396,-0.0031834152985829754,0.023243949803756554,0.0003569739194353938,0.0018484233405906714,-0.004732418041792702,-0.0034172034801449426,-0.014743169323541212,-0.0030017023440450374,-0.0063654182555619165,-0.0032309642466716803,-0.003593787025893114,-0.0032584946645656974,-0.005954217794351286,-0.014251413295860405,0.002492072520661187,-0.0009925055358326108,-0.0030998462509596535,-0.0038813363340450104,-0.006632153277518227,-0.009630855627125118,-0.006740010389941753,-0.0022771506733261283,-0.001658026445307753,-0.019216624139924532,-0.014556474090553823,-0.002024297335068681,0.0034876693864353157,-0.034991257684188884,-0.007087334481184387,-0.003164848073385623,-0.0006832877635024104,0.0006601360134081913,-0.0097005221738946,0.0024919873771723556,0.1617231078043114,0.013430768169811919,1.0750239021680317
6.98,0.3480176247829,4.071637583559,3.0,24.0,0.1359964907169342,0.2086603492498398,0.300000011920929,7.559999942779541,0.2169282734394073,153.3260345458984,117.3640823364258,49.1485,0.47,15878.0,356.18,8.5477,7.134794327171835,0.953,926.17,282.58702925891646,6.339075959279561,56.188,19.8872,18.41727,0.953,16.5223150965168,0.404246719542003,47.87,256107.0,6.0117218158366414,18.174131902767638,75.81414628139571,45012.0,32296.0,14288.0,6.990829016588316,9.211165561563142,9.211165561563142,1.5733199943233478,43.22460681495,0.78,0.000707107,0.015185911460197543,-0.008708072838140637,-0.0030280585826839975,-0.0028587295816978504,-0.005531545318895948,0.0018153667469741643,-0.13235477679653562,-0.0004898739838972678,0.005606626842287375,-0.004246678379829985,-0.0014530039669480074,0.0008769374163821438,-0.003090572355082278,-0.012309338917140842,0.0019419260952854467,0.00011900898627938308,-0.002675115831429149,0.002156470395158992,-0.032100590980960984,-5.253649968652418e-05,0.007193171232705906,0.003758971934206779,-0.005885760489385567,-0.0010597846857272341,0.0026834866924909896,-0.026289506019907993,-0.002186679707141608,7.26932031102601e-05,-0.006228935391758552,-0.017583666601218267,-0.002964824145892629,-0.011628226481960154,-0.0013801672153640379,-0.0005795913252513772,-0.0010558483133790784,-0.0019050890642683723,-0.003338482233812089,-0.0015311284873169074,0.00024307268019765392,-0.0007667698351433376,-0.004167603648966198,-0.8330218138252385,0.015922865600674428,1.0750239021680317
6.645,0.2973392050863,3.882291161179,3.1,21.0,0.2597025632858276,0.3728253245353699,0.5,10.52000045776367,0.3482602834701538,148.6543884277344,68.14414978027344,50.1,1.306,41383.0,353.0,16.046,12.1913,6.776,670.2,631.7050831934056,5.388490306823385,65.51,26.747,24.969,6.776,17.9549829028876,0.4442509992904584,49.43,209556.0,6.020172305106115,47.59403235973944,46.38579533515444,76037.0,38605.82,21713.2,14.86650338874155,8.90786065415315,8.90786065415315,3.334605630605978,50.07,13.07,50.85,0.015306925031589303,-0.016884729481302218,-0.002913196609821167,0.005960045553976667,-0.009313388721318904,0.009189080893527712,-0.1756945426831953,-0.00527145277918315,0.03828724046749994,0.001052802725462243,-0.015754846502561128,0.004827707919990642,-0.011311889752512783,-0.013017014244338477,0.0016937788703944578,0.0004132261401973758,-0.0017388982491102101,0.0018906042375601672,-0.04003887958289119,0.0031545637517701895,-0.027722845354117443,0.0005631329470779933,-0.012521468861028562,-0.00841155964508653,0.0014506023456342444,-0.01713376875687391,-0.010074104613624513,-0.005116228876635431,-0.0024140450090635477,-0.018917572560021634,0.01185033814795312,0.004033015379682181,-0.005414827094878993,-0.007116222187876708,-0.02805426280689426,-0.00314097123756073,-0.000827002116944664,-0.001872005893615969,-0.0016668781072366912,-0.018965046688448627,-0.011103127861395478,0.04522809143923225,0.035381640918785706,1.0750239021680317
6.744999999999999,0.190567550905,2.302765231833,4.4,15.0,0.3107393682003021,0.2610255777835846,0.300000011920929,10.78999996185303,0.2588204741477966,284.4898376464844,130.9375762939453,46.39,1.9696,37903.0,493.0,18.997,12.4084,9.119,1097.6666666666667,438.5652299681805,5.704367949088805,86.425,31.048,20.027,9.119,23.6873667742644,0.5198347645921357,40.86,412043.0,11.40105756416319,43.837324276686296,44.76161815915051,46146.0,36086.43,16572.17,12.426995927713286,10.42342201495799,10.42342201495799,1.8765437977532649,50.36,48.56,22.57,0.06210355117358268,0.007072640591533874,-0.004893059937050581,0.04708249358460307,0.00040356156951742994,0.043338544071884796,-0.283649831149727,-0.009062672850675812,0.09514932783599941,0.002821390880271735,0.010163146366598064,-0.0009938789366278566,-0.005356524026021348,0.014008172775851568,0.015446328112389917,0.02290870983107014,0.003986713847611045,0.030459293958963796,-0.0071811007685027685,0.0012049905415625005,0.008380012376233991,0.017580171037698055,-0.0013799114914145206,0.012898289302131116,-0.0048858610121533365,-0.020791331859538287,0.021670487387804284,-0.0067368443103041796,-0.001503814492607536,-0.020925532103749023,-0.005430826156400126,0.00912181265302937,-0.00786021678708495,-0.0006125061740166693,-0.014910043052863264,-0.007915083150146496,-0.009198408176656825,-0.002812964094337067,-0.0016755653962027273,0.003350792718818407,-0.016991363072535015,1.2858294827397911,0.08372383727063434,1.0750239021680317
6.720000000000001,0.1999856564854,2.081625695475,2.5,13.0,0.2666166126728058,0.3510452210903168,0.5,8.289999961853027,0.3308361768722534,271.5149230957031,131.2420196533203,94.5485,2.1563,46537.0,680.0,35.5076,21.2759,9.55653,702.0666666666667,383.5888559182328,5.60501153972964,121.32,51.283,28.768,9.556533333333334,22.96171465687948,0.7568755271663641,40.05,477450.0,5.7139813203593866,53.40210944990944,40.88390922973117,54771.0,36208.0,22771.0,14.874310622850874,16.990620933097066,16.990620933097066,2.7751741163370838,74.2,16.28,3.64,0.020772121148882494,0.005389891512924794,-0.005814174086088375,-0.003181624676799444,0.003973061060998606,0.014807183862896655,-0.1978083200368565,-0.00021501023927702478,0.0282455658519175,0.002266857028938818,0.007004727466031879,-0.007389944697730233,0.0020924257987644636,-0.00589362106984479,0.0008184996321797366,-0.0012214915342629085,0.00022723566973582577,0.0011229199967347392,-0.01919676123210229,0.0018545773036312218,0.0028992500666063293,-0.0010244585718027887,0.0005195948409382533,0.004879319332074361,0.003113923801574847,-0.019857235721545262,0.002004710427951073,-0.0031273266091011442,-0.0007290006082039003,-0.014867568385088814,0.0017839152782689772,0.005580405477900063,-0.0002843527323566408,-0.0017629419993608563,-0.013233037412166604,0.000985539941582869,-0.0014986985907890049,-0.008138628697255668,-0.005932957670884198,-0.008696977913612514,-0.0028869863511063578,0.27164338391716586,-0.023580068004317545,1.0750239021680317
6.915,0.1489192472501,1.309372686006,2.6,25.0,0.2328783720731735,0.3379221558570862,0.449999988079071,9.550000190734863,0.32033771276474,288.1651306152344,129.0,92.75,1.5386300675675677,45158.0,696.0,33.0483,14.6795,31.74,196.0,387.35632183908046,5.970149253731344,116.58,42.49,20.02,31.74,25.258358901966528,0.555059543918919,52.85,465622.0,12.3,44.1,43.6,67794.0,41956.5,22104.5,40.84636824324324,17.791976351351355,17.791976351351355,0.9989242570341496,59.34,4.57,0.4599999999999999,0.024512152889510648,0.007031757563585389,0.002125346426153535,-0.002627485857810835,-0.006944102432113147,-0.0003128881223965152,-0.11842314576031639,-0.0020189933280926166,0.02434528596140443,0.0012882318920455714,0.022343468612525636,0.0009903204003349042,0.001212574429344354,-0.004487731696339314,0.007438616523519176,-0.0014774247980676668,0.0023657386244740285,0.0099792139225174,0.022917341992724688,0.002749819712480522,0.0010248553538694915,0.0029862165357917524,0.0015196029061917081,-0.0006702468160074248,0.007967142165172868,0.04301176108024082,-0.009361319844610989,0.004442620160989469,-0.004216812079306675,-0.006951619878876936,0.004724602703703585,0.004581617782358055,-0.0025943571270908906,-0.005171418269397715,-0.052281296494882536,-0.0021090584797784973,0.05053946438897401,-0.0008850889154709774,-0.004978239307645699,0.0044723429465666435,0.0008366178204305685,-0.5945446844361721,0.0075113412763457895,1.0750239021680317
7.035,0.1555494286073,1.451284014927,3.0,9.0,0.2613529860973358,0.3172178268432617,0.5,7.230000019073486,0.3037742674350739,255.4473724365234,130.0,107.34,6.28,66001.9,1675.31,49.3,18.28,27.37,612.65,435.2825957923893,11.048671107300668,151.63,65.22,31.43,27.37,10.04493389674318,0.8095851014325984,41.74,774172.0,21.96364940618549,42.590832655196046,35.44551793861847,49137.0,30324.0,14574.0,6.059303494414041,4.22208657852724,4.22208657852724,0.6829462442173873,55.57,7.229999999999999,0.78,0.03141628631274218,0.0020318382189143725,0.000746017873287197,0.004920827330555733,0.018632272742688683,0.009599022319540396,-0.1519706872780807,-0.003142633822280927,-0.003803262221626913,0.002821518922457511,0.008036643333965943,-0.006717998202657316,0.006862536701373734,0.0338757853596471,0.0038014852427877277,0.006823021595366352,-0.0008375504720024906,0.004149051171960305,0.025332857363624506,0.0014976908257230749,0.0009350305302068262,0.006588439505314458,0.0017832644530572095,0.0010042555185500678,0.006816185338422653,0.02459042438492178,-0.017869870897615325,5.677460297013326e-05,0.0015904462677426624,0.031233502283459558,0.018706918469397336,0.01828720955620521,-0.008885860132286316,-0.003456769739510479,0.06402862731181085,0.012271519703092048,-0.011909150199266161,0.005381767037790275,0.0057113818132784044,0.011182618960272516,-0.00047234079544434816,-0.2056857003774494,-0.0076928502283990065,1.0750239021680317
6.825,0.1765552201383,1.925569515421,3.0,9.0,0.3023658096790314,0.4583475291728973,0.6000000238418579,7.800000190734863,0.4166780114173889,243.0920715332031,129.7129364013672,107.34,6.28,66001.9,1675.31,49.3,18.28,27.37,612.65,435.2825957923893,11.048671107300668,151.63,65.22,31.43,27.37,10.04493389674318,0.8095851014325984,41.74,774172.0,21.96364940618549,42.590832655196046,35.44551793861847,49137.0,30324.0,14574.0,6.059303494414041,4.22208657852724,4.22208657852724,0.6829462442173873,55.57,24.64,2.5,0.06053775119967762,0.0070459604123607415,-0.0028446644544601663,0.007362092465627934,0.031839434314053505,0.026870711836265347,-0.061016535626025804,0.0004042696706019422,0.06423837587027806,0.003748989657033164,0.012043147803284327,0.001965941793285242,0.007942219886695944,0.07594968525622978,0.004774558994919032,0.008184104681015025,0.0038041341742500513,0.005844829875743041,0.05925479621486731,0.002440595443826199,0.0011472061544190782,-0.009016726557165344,0.0033061327137984043,0.0034649696042760914,0.003963142943568554,0.05136760883009992,-0.0072904120588209494,-0.0013301014204043949,0.03909286983590572,0.05411828518309638,0.00016392172360788493,0.006949388900306064,0.004044290410121931,-0.012330317204818076,0.10875049597886384,0.012685850448207914,0.015754749640589583,0.012973288628971269,0.005670588505454388,0.057064316291362105,-0.0024540154840797302,0.9785933440385852,-0.0254562499562744,1.0750239021680317
6.885,0.1148724190189,1.302710603876,3.1,6.0,0.2831749320030212,0.5371334552764893,0.550000011920929,7.849999904632568,0.4797067642211914,218.3512725830078,128.90185546875,97.153246,1.5051,22704.0,603.4405868680999,11.4219,8.4222,5.82,881.58,371.52675503190966,9.874661869875633,61.11,25.96,23.28,5.82,24.614949908569734,0.4775021872663257,65.5,193424.9506420834,3.786310606464182,52.02179642033601,44.19187938339238,90072.0,39502.4,26966.29,10.53622467854088,6.818367587891776,6.818367587891776,8.389512313189808,82.8,4.0600000000000005,0.8300000000000001,0.017170480417902555,0.0017854802720248329,0.0008577175438404146,0.0005688018531072788,0.008698554932838278,0.000599395801313236,0.03384212575620042,-0.0010398085636552233,0.008800212447997188,0.000410711452132082,-0.008443762343609688,0.0009520055130124187,0.0010865347054786936,-0.008020036479691059,0.0002528737946413731,-0.0008003498425241515,-0.0009524979377165509,0.0023403555427212387,-0.025803034557495275,-0.004053323943167923,0.005007210578420206,-0.0013612601310014761,-0.0034698107768781393,-0.0019075342938303735,0.0008255120131653231,-0.021138446479802953,0.0037992818192578936,-0.006516782835358742,-0.0041599772188346765,-0.014580786957172676,0.02018683067220263,0.007971582815982387,-0.0033069785998668514,-0.007605631368700415,-0.0428138519593049,0.0023080506577389205,-0.002233761109528115,-0.0005686447843909115,-0.0019145149602554628,-0.0455836731684394,0.00239838672848419,-0.966269951227121,-0.019153139688540245,1.0750239021680317
6.915,0.1822646103677,1.716971388361,2.8,7.0,0.3004625141620636,0.4256236851215363,0.4000000059604645,7.489999771118164,0.3904989361763,289.1892700195313,131.0277252197266,102.81,1.7645,47925.0,843.0,43.5255,20.1416,18.38,35348.0,294.8686396357596,5.186734756660309,162.53,65.61,36.45,18.38,34.437046921982514,1.6325084864460302,44.34,791032.0,14.2,49.0,36.8,60352.0,33354.0,19580.0,15.09150601532647,12.226414519989854,12.226414519989854,1.982933986704912,73.72,32.989999999999995,0.93,0.057889600445749215,0.007565196257783147,0.006016288377344603,-0.0030907646056730353,0.026525911334669174,0.03317105455393905,-0.2785461062307004,0.0033858571709133867,0.06281980292359365,0.0011861988133750946,0.016360827684169642,-0.0008161970484070191,-0.00017828072118568626,0.010156277963193083,0.0016134957002941874,0.01636414890713055,0.040650830809492625,-0.002462179322959823,0.003663934468757368,-0.05413543597818351,0.02984149384335616,0.013035933753941253,0.006269702365389073,0.04392292955424636,0.0064965328199323435,0.011378479370148843,0.051387546547688547,-0.008450091087259293,-0.006506159472512129,0.021624647382413976,0.009109469990944497,0.02038767237076533,-0.008786437018774473,-0.010931675347732383,0.018139442387037,0.002459173116367308,0.00868304914329202,-0.002357842151774081,-0.005038191206054765,-0.008555908292997683,0.0027428878012578984,0.9584444727003575,-0.019323383034206897,1.0750239021680317
7.01,0.0638351135086,0.7424533970044,3.8,3.0,0.1829661130905151,0.4541138708591461,0.25,7.429999828338623,0.4132910966873169,203.751953125,130.9732818603516,2.90776,0.115,1588.0,7.908338175479372,0.089,0.2026,3.98,913.13,329.46058091286307,1.640734061302774,4.82,0.14,0.34,3.98,1.9414835306710216,0.2504382101047163,73.3,43717.2909103953,2.133822472423064,34.05945495650095,63.80672257107598,57754.0,39953.37,32733.15,7.989646389078048,3.576066916726457,3.576066916726457,2.2858259152713347,56.1,0.61,0.4,0.016678080850280788,0.0013471560652833486,0.0012813971990253883,-0.00510618841042741,0.007298292345833045,-0.00017384892597332308,-0.04162678287504241,-0.0009846734469756298,0.004535257705952987,0.0003629484230187101,0.005828071854426532,-0.0019017862002365157,-0.012074231845559561,-0.023655334681621766,-0.0021665645835455493,0.0008332075477810362,-0.0010553417996270555,-0.0004271203513489661,-0.026438218904659166,-0.0015601197289070096,0.006045812693075271,0.00582521346071734,-0.013192289861151946,-0.00448352418572176,0.0025955467557068623,-0.02382586204737888,-0.010526173296733759,0.0025259208685019844,0.0008714857421582534,-0.017524011422181483,0.007137778948526833,-0.004223166549927562,-0.001657599992817265,-0.00325263108056969,-0.014812900687218633,-0.002221589233260644,-0.00415129388996867,0.0026672732105944494,0.0028750490568345485,-0.006618057068670151,-0.0021290655925403925,-0.9154826730191707,-0.00023180390719789394,1.0750239021680317
7.09,0.2109943022505,2.236637401021,18.7,33.0,0.5615285038948059,0.8261546492576599,1.799999952316284,25.51000022888184,0.7109236717224121,226.8743743896484,128.2054748535156,94.75,0.975,80886.0,573.0,36.035,30.6179,13.697,2339.8,503.33227546810537,3.5656280919222656,160.701,59.489,57.403,13.697,44.04493523854282,0.7705005543685988,37.51,683165.0,24.81513784080998,29.71825110917296,45.46661105001707,37563.0,37438.88,16936.21,15.717915646179634,15.449625511761106,15.449625511761106,1.4422353381379165,70.17,54.58,0.8099999999999999,0.05784565758449034,0.004760215597692974,-0.0012203929498791678,0.06405892168940046,-0.02812102644215342,0.06360671056783758,0.40380731231928807,0.00022094587003802514,0.13562464330461815,0.0010683211726135954,-0.03353528163488946,0.0024606278166174667,-0.011879208404338015,-0.05808725900971334,-0.02474702619691378,-0.008440864806063519,-0.00178110292996283,-0.00039006565511225946,-0.00962814337713649,-0.0030731136449612894,-0.03773102334351276,0.029563744884915644,-7.59120951405734e-05,-0.01728939689509562,-0.0037585164697375275,-0.012177328292746138,0.007381947646848875,-0.026587626724503877,0.008176233534002653,-0.007218499547801893,-0.06279622115148234,-0.021349633765872622,-0.008460779475048174,0.006717011716682419,-0.049262767692562194,-0.006078347761649683,0.0017450701580383199,-0.0002299100470263493,0.0002825964235235734,-0.0028715370174032364,0.00021492806030445343,1.4472214408291038,-0.08499438441055829,1.0750239021680317
6.9,0.2105869040306,2.424899113622,18.7,33.0,0.7407733201980591,1.0,3.900000095367432,22.69000053405762,0.903842031955719,264.5146484375,130.0,94.75,0.975,80886.0,573.0,36.035,30.6179,13.697,2339.8,503.33227546810537,3.5656280919222656,160.701,59.489,57.403,13.697,44.04493523854282,0.7705005543685988,37.51,683165.0,24.81513784080998,29.71825110917296,45.46661105001707,37563.0,37438.88,16936.21,15.717915646179634,15.449625511761106,15.449625511761106,1.4422353381379165,70.17,24.08,75.35,0.09008894191333093,0.017832722823368417,-0.006226649969816256,0.05717437324835926,-0.012319558828370625,-0.0032247619102708015,0.959462111864472,0.09349813477951097,0.17264098556037064,0.00024928624462330353,0.02595540720759896,-0.00076665764371876,0.013308786835055897,0.0063667529216036136,-0.011746904370607847,0.02337342117936352,-0.0037530304335524067,0.027578390578506595,-0.0087479777208064,-0.005824789749691262,-0.004570808319840603,0.0852197327932808,0.006330449611181388,0.007328249399783005,0.03966026263893585,0.0014882231496741172,0.018222932798089408,-0.008804108164273228,0.009603321571368773,0.0023111037437338667,-0.0015372219549026234,-0.014407616237877008,-0.002525519796414355,0.0026677107792347334,-0.03926281535066667,-0.004358017716556695,0.0020676068631001244,-0.0035171888046898634,0.00520606636046439,-0.005048785072984119,0.002888060752069599,1.2293032935576047,0.19548549430095594,1.0750239021680317
7.055,0.126549624646,1.311102619606,19.6,2.0,0.5302199125289917,0.7814150452613831,1.600000023841858,24.65999984741211,0.6751320362091064,153.3260345458984,117.3640823364258,49.1485,0.47,15878.0,356.18,8.5477,7.134794327171835,0.953,926.17,282.58702925891646,6.339075959279561,56.188,19.8872,18.41727,0.953,16.5223150965168,0.404246719542003,47.87,256107.0,6.0117218158366414,18.174131902767638,75.81414628139571,45012.0,32296.0,14288.0,6.990829016588316,9.211165561563142,9.211165561563142,1.5733199943233478,43.22460681495,0.00106066,0.000707107,0.0171752414907096,0.0029488675598986574,0.002319481359561937,0.01574595816945657,0.009746274265460667,-0.008137877775705439,0.063873477847781,0.001711228344822303,0.024417544246185557,0.0006830723236780667,-0.009651731667108837,0.00132668683887458,-0.00411636045388877,-0.01630934904387683,-0.000363201962201843,-0.004312861378770292,0.007924708414706398,-0.003961930590681728,-0.04579776402097196,0.0014471156729850936,0.015065638883737856,0.004094367155106751,-0.008317664325237296,-0.004091655864380315,-0.005949939577258219,-0.03248674889607357,0.0004152607485884903,-0.007191508305491855,-0.010182080361992111,-0.017974268562742528,0.01793538396153601,-0.019274143594200727,-0.0002289231423056025,-0.0011778139269445118,0.004900020417524504,-0.0029348949482664323,-0.005276032627793036,-3.908732812848963e-05,0.0005330626289360424,-0.007166253525530903,-0.006749564407276909,-1.0576237662532366,0.014361326853861114,1.0750239021680317
7.08,0.1546684837325,2.108195949799,19.3,11.0,0.4887903034687042,0.6446688175201416,2.400000095367432,22.59000015258789,0.5657350420951843,148.6543884277344,68.14414978027344,50.1,1.306,41383.0,353.0,16.046,12.1913,6.776,670.2,631.7050831934056,5.388490306823385,65.51,26.747,24.969,6.776,17.9549829028876,0.4442509992904584,49.43,209556.0,6.020172305106115,47.59403235973944,46.38579533515444,76037.0,38605.82,21713.2,14.86650338874155,8.90786065415315,8.90786065415315,3.334605630605978,50.07,31.68,2.1,0.04241858644364406,0.006079444268951173,-0.0031885274995584133,0.04316228160797617,-3.780208854007316e-05,-0.022660521705634908,0.16864253175095661,-0.014233935403404807,0.08604418280115354,0.0008433303998317876,-0.02309910374344327,0.0017742445445619425,-0.023823052335763373,-0.03498093751166013,0.00019202511035834035,0.0017989678469021331,-0.020598013667855443,-0.014092137502273538,-0.06600828827219085,0.007209884976036851,-0.042558345904340954,0.021893190624890833,-0.021833933030255114,-0.012737881513079618,-0.00708781503420326,-0.040287516183685465,-0.00794454582710744,-0.018459524143487217,-0.0009397061816417085,-0.030719796281075108,0.025188935142941783,0.010919293501647175,0.0007326742475852188,-0.01106224145623853,-0.053216665921267114,-0.004307013207580912,-0.008683713475940736,-0.0061282089233864025,-0.006982561122393272,-0.020720023931469732,-0.021093223751056933,0.8329093621170613,-0.0409534061057493,1.0750239021680317
7.05,0.2009573923785,2.454004650977,20.0,13.0,0.6137903928756714,0.8649687767028809,1.200000047683716,24.61000061035156,0.7419750094413757,284.4898376464844,130.9375762939453,46.39,1.9696,37903.0,493.0,18.997,12.4084,9.119,1097.6666666666667,438.5652299681805,5.704367949088805,86.425,31.048,20.027,9.119,23.6873667742644,0.5198347645921357,40.86,412043.0,11.40105756416319,43.837324276686296,44.76161815915051,46146.0,36086.43,16572.17,12.426995927713286,10.42342201495799,10.42342201495799,1.8765437977532649,50.36,5.029999999999999,18.64,0.02153506564209238,0.003803915019147103,-0.0020310553482267455,-0.010474206120474306,-0.0002311342167668151,0.00985966373188418,0.24337347949040122,-0.00781673361011781,0.031193025505403055,0.0013566749775782206,0.008815080103464401,-0.0018703791496809618,0.004813766278792192,-0.004481879266444583,0.00660938909556717,-0.0036797832397278242,0.0028722367761657014,0.002411940230289489,-0.018212162619223843,0.00010569335357286103,0.001251811890164431,0.0019281912317965165,0.0006995801588054629,-0.0005799440396949407,0.0028944825136568513,-0.011747300711460412,-9.450979856774344e-05,-0.0054199700886384036,-0.0006389786382205942,-0.028207382100401433,0.0030524268208537097,0.016434620213229233,-0.003742648079059996,-0.0008287976356222803,-0.014708551457617458,-0.0053983061427716385,-0.007677118593594046,0.00046041435236110484,0.00253578437026592,-0.0009281901572830986,-0.006050049145705982,-0.7925127989700996,0.018269984454382198,1.0750239021680317
6.835,0.1208219338969,1.166843801582,18.2,18.0,0.4840219616889954,0.6705208420753479,2.799999952316284,23.81999969482422,0.5864166617393494,271.5149230957031,131.2420196533203,94.5485,2.1563,46537.0,680.0,35.5076,21.2759,9.55653,702.0666666666667,383.5888559182328,5.60501153972964,121.32,51.283,28.768,9.556533333333334,22.96171465687948,0.7568755271663641,40.05,477450.0,5.7139813203593866,53.40210944990944,40.88390922973117,54771.0,36208.0,22771.0,14.874310622850874,16.990620933097066,16.990620933097066,2.7751741163370838,74.2,362.45,847.76,0.08930072127282622,0.009392657018033778,0.010387322537600973,0.06460904408129872,0.002617178888060101,-0.004654476839117727,0.3711056388420983,0.025412034558597953,0.12883014400256798,0.005166039525531252,0.018891075341030916,-6.775292730892835e-05,0.017621523294132246,-0.002584988623624662,0.0041059411494061785,0.03398697428544989,0.00606646034284497,-0.01255453824019046,-0.02849908472714017,0.011720217038178826,0.015208480425644644,0.041130705821793526,0.0021004279884510478,0.009260253141401397,0.02187179225054564,-0.01872559351660317,0.001555939838988696,0.004630357471061841,0.006311041801003725,-0.00737998128472821,0.039553255599690564,0.016326947939349336,-0.0013761093348730435,-0.0019494892875664416,-0.002997171734459714,-0.00435187972988933,0.002924277850659651,-0.004493537442991502,0.009710982965305403,0.006527174575487127,-0.0030969444522633725,1.8777993596477898,0.22728292193077498,1.0750239021680317
6.745,0.165993909789,1.364430915429,18.0,4.0,0.5297542214393616,0.7643019556999207,2.700000047683716,25.06999969482422,0.6614415645599365,288.1651306152344,129.0,92.75,1.5386300675675677,45158.0,696.0,33.0483,14.6795,31.74,196.0,387.35632183908046,5.970149253731344,116.58,42.49,20.02,31.74,25.258358901966528,0.555059543918919,52.85,465622.0,12.3,44.1,43.6,67794.0,41956.5,22104.5,40.84636824324324,17.791976351351355,17.791976351351355,0.9989242570341496,59.34,12.53,2.2,0.038231373049318784,0.006005742935230973,0.0015185036584735023,0.0362358466319274,0.02341322404169477,-0.009531177807366476,0.13819395955139774,-0.009934360205195803,0.048654018000233945,0.0012045511074829651,0.009739676147466536,0.005961966185364864,-0.0019795196456834805,-0.015940885875606926,0.0017857496365905057,-0.006365329817170274,-0.0014954156356398074,0.004945107383653569,0.02687595989438707,0.0026594184963032452,0.004793269400950551,0.002199861208442644,-0.001093542626826116,-0.0016907373396679581,0.002415206498000799,0.025471188387367883,0.0011933193171862698,-0.0058894625280518035,-0.011893639109563115,-0.006651864662067941,0.0013272550266701598,0.004714936503674894,-0.0049903844909276905,-0.004314986869227167,-0.06611831590253865,-0.00222741784504612,0.008207811035914347,0.0006342141388449906,-0.004861938334535831,0.0016944757541641152,-0.010045159832341577,0.054667421791004,-0.04232748813112273,1.0750239021680317
6.775,0.2288318748659,2.309665035609,18.9,5.0,0.5791773200035095,0.874875009059906,3.700000047683716,24.38999938964844,0.7499000430107117,255.4473724365234,130.0,107.34,6.28,66001.9,1675.31,49.3,18.28,27.37,612.65,435.2825957923893,11.048671107300668,151.63,65.22,31.43,27.37,10.04493389674318,0.8095851014325984,41.74,774172.0,21.96364940618549,42.590832655196046,35.44551793861847,49137.0,30324.0,14574.0,6.059303494414041,4.22208657852724,4.22208657852724,0.6829462442173873,55.57,37.15,8.82,0.08219928106525912,-0.05025031416607095,-0.006647871569730257,0.05239770177681928,0.013654103578068354,-0.01788894746801819,0.5879246810805053,0.002415313200093849,0.11679555439739484,0.00499224035697996,0.013096087981714022,-0.0017168520817067545,0.007670166913187093,0.07349579588801136,0.03143912531202657,-0.011089739479823058,0.017591995581984633,0.004034590233117319,0.06280835376936014,-0.012388823328772624,0.012414519540965618,-0.027889714540447974,0.016681366583099533,0.008220037389080925,0.010252111323177826,0.08309839452616866,0.018322336879093147,-0.0014232177049853024,-0.0005068446353542865,0.0789085722130258,0.01108691671048292,0.022022062371484918,0.0010941604920662097,-0.005100033743539778,0.09119236695696593,-0.00027076329058044467,0.04436556939873846,0.0326737761786207,-0.007589937525335655,0.015313825291581474,-0.006727896488271679,1.2618673851294442,-0.06285551436559758,1.0750239021680317
7.225,0.1234688595027,1.205059814803,18.9,5.0,0.56145840883255,0.8666871786117554,2.599999904632568,24.04999923706055,0.7433497309684753,243.0920715332031,129.7129364013672,107.34,6.28,66001.9,1675.31,49.3,18.28,27.37,612.65,435.2825957923893,11.048671107300668,151.63,65.22,31.43,27.37,10.04493389674318,0.8095851014325984,41.74,774172.0,21.96364940618549,42.590832655196046,35.44551793861847,49137.0,30324.0,14574.0,6.059303494414041,4.22208657852724,4.22208657852724,0.6829462442173873,55.57,10.01,4.09,0.03704128424543888,0.00812996057560671,0.0010887820795178692,0.0360007662379649,0.009571818361524454,0.026709997195983316,0.3527554246543441,-0.011742215671343792,0.052138174342457225,0.0029969812924973914,0.008796026265248636,0.006125618584221238,-0.007374909196048973,0.02046276800497431,0.009093399251112721,0.019076404490973753,0.0010173525020945706,0.011340508566936525,0.05849167595361364,-0.0037272736129816296,0.006669517988804696,-0.00616105996374976,0.0062205443247221655,0.010631728034699384,0.003919135378207994,0.04369852356822231,-0.00925008113146758,-0.00046788240969182217,0.01364966650749554,0.030962384701473656,0.0001922054663300865,0.017152677576988917,-0.004824890843359786,0.00046256072702817176,0.13070931810606273,-0.0012268375924322727,-0.009266226479317973,-0.003099045324837779,0.00724061728990637,0.06527313699806107,-0.0005360973998904007,-0.24737457150174308,-0.016165908001363284,1.0750239021680317
6.34,0.1375358478178,1.206564715757,19.6,4.0,0.5365254282951355,0.7443121671676636,1.700000047683716,26.22999954223633,0.6454497575759888,218.3512725830078,128.90185546875,97.153246,1.5051,22704.0,603.4405868680999,11.4219,8.4222,5.82,881.58,371.52675503190966,9.874661869875633,61.11,25.96,23.28,5.82,24.614949908569734,0.4775021872663257,65.5,193424.9506420834,3.786310606464182,52.02179642033601,44.19187938339238,90072.0,39502.4,26966.29,10.53622467854088,6.818367587891776,6.818367587891776,8.389512313189808,82.8,8.78,3.94,-0.05749831152544358,0.0014257095134817099,0.0017527172500267584,0.01929849304049276,0.017487918448867313,-0.012580917851999418,0.10309916810598226,0.0031256719531956856,0.034316479595960125,0.002326917529571826,-0.018322729654377295,0.004412585147889336,0.0007189328290987396,-0.009504471412743432,0.0032857998840045257,-0.007782413504552088,-0.006553394276415936,-0.005221726809395455,-0.02193918464367741,0.003641422704793518,0.009478731156326825,0.0012967519727535403,-0.010753494202159347,-0.004684197127586253,0.005257788570481347,-0.029334657427738386,0.004563329254044235,-0.005173127621179441,-0.004481426181970149,-0.01950655318668578,0.0746385111785494,0.021646748552448115,-0.007115296578034747,-0.01434268939495087,-0.06374499753769489,0.04296995339007119,-0.019286621378967538,0.003958813935169003,0.002293406091164807,-0.13490792036848143,0.005176392638939442,-0.21609951317310339,-0.01816931429423859,1.0750239021680317
6.41,0.08634544989243,0.9901605200162,18.6,18.0,0.5740424394607544,0.876735508441925,1.600000023841858,26.56999969482422,0.751388430595398,289.1892700195313,131.0277252197266,102.81,1.7645,47925.0,843.0,43.5255,20.1416,18.38,35348.0,294.8686396357596,5.186734756660309,162.53,65.61,36.45,18.38,34.437046921982514,1.6325084864460302,44.34,791032.0,14.2,49.0,36.8,60352.0,33354.0,19580.0,15.09150601532647,12.226414519989854,12.226414519989854,1.982933986704912,73.72,42.47,20.880000000000003,0.08956083867885167,0.021067663818597704,0.013401322620688072,0.08671977220312696,5.239872471429763e-05,0.11737204530835144,1.1419150971570056,0.017400299823842925,0.17431041794316832,0.005366235608002157,0.025691661617020255,2.0680559566232937e-05,0.0212784199314191,-0.00028144578030335764,0.0060964034302160245,0.10142891451413745,0.1029470678134821,0.005785702467430398,0.037100337053649124,0.046851709229871495,0.05127606628509239,0.2718038727811071,0.020678035362623692,-0.0014373609994072557,0.026521971610607643,0.18211770846461878,0.09687914958596235,0.02840107468096533,0.0007353794483933474,0.04855611058301294,0.011804321229690707,0.03595951986382719,-0.02129288095934312,-0.0157718868961092,0.08115055036940606,0.005168305644532656,0.015110489477636335,0.003618038294836934,0.006531940531451408,0.0021888041775672607,0.01147972400719297,1.8764212842276322,0.18194581600604592,1.0750239021680317
6.63,0.0590718391242,0.5759403734802,20.3,0.0,0.5112689137458801,0.7386882901191711,1.0,28.56999969482422,0.640950620174408,203.751953125,130.9732818603516,2.90776,0.115,1588.0,7.908338175479372,0.089,0.2026,3.98,913.13,329.46058091286307,1.640734061302774,4.82,0.14,0.34,3.98,1.9414835306710216,0.2504382101047163,73.3,43717.2909103953,2.133822472423064,34.05945495650095,63.80672257107598,57754.0,39953.37,32733.15,7.989646389078048,3.576066916726457,3.576066916726457,2.2858259152713347,56.1,0.12,0.11,0.01048532926198097,-0.005059083939064267,0.0014265633716713535,-0.00487171426694838,0.00853944427496757,-0.006756777856149684,0.04640859041467772,-0.0016494710997212586,0.017283738947473475,0.00023426684248263065,-0.007998512776801352,-0.0017714072128292326,-0.01367124603223056,-0.022793832982890276,0.0035409446621779547,0.001830642887158302,-0.0018331366667989515,-0.0003571918098023338,-0.024381358024198555,0.0018968782831215903,0.0054994608510751195,0.0037070644050836614,-0.0095437622817699,-0.0028274483170826065,-4.195052513387837e-05,-0.024497860507341127,-0.01620375414344017,-0.009740756270941337,-0.005418559249956156,-0.011819772839546197,0.0038646136606112227,-0.006685417302069283,0.0022875074718613263,-0.0034398156958631845,-0.02648511157429312,6.559716444464355e-05,-0.0015332001600181296,0.002043094974709682,0.001082392685348145,-0.006925527190091119,-0.0028930704821832666,-0.9819642429176018,0.018193814426427733,1.0750239021680317
6.13,0.1132376351737,1.085110961347,28.8,116.8,0.6129671335220337,0.1863466501235962,1.799999952316284,32.68000030517578,0.1990773230791092,329.3404541015625,131.0,49.512,0.336,36853.0,138.0,15.7684,11.0015,13.688,535.0,582.73904587214,2.1821286823421517,63.241,25.634,18.924,13.688,10.207596868462485,1.431208510245323,64.28,314899.0,7.9,22.3,69.8,42653.0,44208.0,19416.0,15.289797719630393,12.30765986180222,12.30765986180222,0.1473591078066914,99.5,2.49,3.84,-0.06399459833104629,0.0023585376046830722,0.001178438551491128,-0.01870183456002269,-0.007715628130477857,-0.02677443441096693,-0.13134900429449042,0.0011177532246801824,-0.04867711655981839,-0.002973075347137627,-0.002116875836742086,-0.001330829383805405,-0.0015348873320035696,-0.013934872863697823,0.003985763902310266,-0.004104475129744937,0.0002119862671243297,0.00042546495108399765,-0.009546899797744108,1.1378519120613766e-05,-0.009894882951746684,0.004593026579939761,-0.010128343133721513,-0.0028657169719226686,-0.0010900762063683744,-0.0061067634037463,-0.004441753839026208,-0.0018910945306997648,-0.0066597188126761245,-0.011724488603067596,0.00593865004286636,-0.01086360531440004,0.004075819477788152,-0.0003231619419530101,-0.040095115596894174,-0.0008249559212708552,-0.0005432038838043872,-0.0015435430832440096,-0.0018154906725976548,0.005512798237963593,0.0028215969979064584,-0.6510982857696945,-0.01004111001722049,1.0750239021680317
6.375,0.226203811064,2.268647150833,28.0,354.1,0.3739136755466461,0.5626747012138367,1.200000047683716,33.47000122070312,0.5001397728919983,370.5200500488281,132.7790679931641,78.86,1.51,42101.0,1310.02,57.39,30.39,23.13,2283.8,239.6050310170167,7.455580217403678,175.70999999999998,75.89,47.08,23.13,11.640145980325425,1.1288686636714582,52.2,686334.0,16.06716086336319,29.95130135865117,53.98150854710848,36106.0,32559.0,16815.0,12.881572327495135,5.887189901806822,5.887189901806822,0.6001059414337037,94.45,10.29,1.16,0.00518562268279491,-0.015894396934192645,-0.0014051304459571812,-0.04833426856598816,-0.0022605298717971677,0.011305205667624251,0.05878944068262355,-0.0041726714984979376,-0.1114039657034446,0.0013820758559741075,-0.023898067879723383,-0.005675099578453191,-0.001585148318437879,-0.0009257583501748545,0.00453190006013029,-0.0004201326838228936,0.0025329620933625787,-0.000734570506261667,0.01582087871269322,0.0022610623228829342,0.020976493897382188,0.0019393843491561813,0.0035444878828712056,0.010556436794810043,0.0018961906644981096,0.010274533882271475,-0.005393783152103382,-0.00023006335319951664,-0.01374314954597503,0.0008995287800207752,-0.009833369027357541,-0.008291959585156328,-0.008046854716259965,0.0017021643198095072,0.01864575376524589,-0.008713664697017499,-0.011063614246202624,0.004060832606162879,0.0024581843875348675,0.010230461086146548,0.0012404956007376123,-0.1492310520829633,-0.012799184638308325,1.0750239021680317
6.45,0.1214945252553,1.579837550425,27.0,407.6,0.50328129529953,0.6838319897651672,1.600000023841858,30.72999954223633,0.5970655679702759,303.3760986328125,130.0,146.82,2.55,54240.0,1270.57,40.6824,30.2805,30.43,8784.0,217.9459876481201,5.105376724300736,248.869,82.267,71.105,30.43,21.438604752014506,1.7255172022880916,45.35,732077.0,19.4,31.7,48.9,35573.0,35134.0,17406.0,18.86276651066043,10.95257410296412,10.95257410296412,1.971747299884448,117.01,0.3399999999999999,0.000707107,0.01321330278855748,0.002390457182540555,0.0015408299595583291,-0.005419278169283643,-0.009269820263376433,-0.00938410507445217,0.043542880634777265,0.004077162985922779,0.02358164288639094,0.0006057852404191859,0.005432671146700166,-0.001952353158500058,-0.0009717499730177118,0.001865038592834015,0.002100860459962863,-0.003691413649939944,-0.0008676934249233506,0.0003356981694232453,0.01061065287073141,-0.00920650337939148,0.011334922604495649,0.0006498789158649907,0.006553481920156616,-0.0002683410481550071,-0.003089696216862644,0.014946828639484017,-0.0022668033093213905,0.0007787115010433051,-0.006576581041561428,-0.005882194185396692,-0.015500396534102035,-0.010534756801323932,-0.003583808989729749,0.004186975540593276,-0.013998803494265289,-0.006824246255913752,0.0003213505940511738,0.0004844677585642785,-0.001352757838787493,-0.005888803488109259,0.0015502572548575788,-1.1226456906386886,0.016873826506547614,1.0750239021680317
6.65,0.126125325302,1.313179613021,27.5,221.9,0.5431041121482849,0.358176589012146,2.0,32.54000091552734,0.3365412950515747,232.277587890625,129.3061218261719,41.8,0.9984,37631.0,382.0,12.2266,9.8512,4.991,6472.866666666667,481.9852705731668,4.89273134806276,78.075,30.563,28.728,4.991,21.398798506227283,0.8755846807233554,35.03,369846.0,16.504901960784316,31.65686274509804,51.83823529411765,26213.0,35691.1,13158.53,16.539135979595088,17.556710821702243,17.556710821702243,1.1884593356762363,77.55,0.8099999999999999,0.54,0.009929120951332158,0.0027264178588520907,0.0010643091448582678,-0.02384858531155624,-0.009133084284374475,-0.005776820786064509,-0.09981847973098049,0.0033488665397744728,-0.06224991142121143,0.0003863789387978555,-0.006974504148936825,0.0008557896744459779,-0.0014037861594697362,-0.01573232665262185,8.729527541436605e-05,-0.0040372274147812085,-0.002898645208333614,-0.0006096503012813637,-0.012385512595647019,-0.00576767106039912,-0.004570980973774547,0.00032862317108083033,-0.003025749188615013,-0.0037820190452039076,0.0001431590792490352,-0.023444685734575605,0.0007994296341203372,0.0026360204801894878,0.003045458236010751,-0.02667838626296728,-0.008802949030883607,-0.00990615761966911,-0.005170269126072544,0.007814391137799276,-0.01573106392612681,0.0005316508878022207,-0.0012666813826654171,-0.0022867854316718957,0.00039350362820550456,0.0006033013378037237,0.0005834942983928927,-0.7428599912154021,-0.010047409055288866,1.0750239021680317
6.565,0.06248309925259,0.8169352225608,25.8,149.9,0.2579099237918854,0.2387939095497131,0.699999988079071,35.20999908447266,0.2410351186990738,55.81299209594727,28.23225402832031,156.26,3.7,71109.0,604.0,25.5392,19.687,6.87,4046.0666666666666,639.9701205079514,5.435907589570977,111.113,48.363,43.95,6.87,30.453854606755456,0.8473062281162614,50.12,299186.0,8.188156481532047,41.53969380882165,50.2721497096463,56528.0,34807.04,22100.67,29.449202691670408,16.989687864542002,16.989687864542002,4.19935794066213,97.31,2.89,2.77,0.011903015585616229,-0.005092617139918731,0.0011377255413681446,-0.0038564706798642884,-0.007498021268751462,-0.005944562090560787,-0.12926375346584246,-0.0004895110423676854,-0.1424641548085492,-0.03184978652419523,0.0900653325340245,0.000797513644909447,-0.006331358123105006,0.006000355512602267,0.0017090433475096065,0.0006936481329612205,-0.0006237850547768116,0.0011526493388228157,-0.01729347101831808,-0.00795425131614318,-0.01657107779569922,-0.0001335671206470503,-0.0022860861534718473,-0.00018687854497693033,-0.0002774163412396035,-0.016567758704302816,-0.011862536943750451,-0.0007869140736293087,-0.009532687518280014,-0.013554068223107613,0.006601632719393824,0.002519747987855239,-0.00017362521425823098,-0.001991970034316177,-0.002525389937683929,-0.0058942978568375295,0.007838751973584319,-0.0003786944774911004,0.00042238755151629,-0.011880790464114383,0.003655834862962376,-0.745815483370563,-0.005130593858193584,1.0750239021680317
6.26,0.1314114692684,1.542266446818,28.1,472.3,0.1815195679664612,0.1489138305187225,1.899999976158142,33.5099983215332,0.1576301604509354,79.36817169189453,41.61711502075195,47.0,1.3107136824324324,36372.0,288.0,18.2749,8.0877,7.75,507.0,653.2327586206897,5.172413793103448,55.68,23.55,11.03,7.75,12.063693803924313,0.472838893581081,63.26,168105.0,10.1,30.6,59.3,59606.0,41956.5,25127.5,34.79581925675675,15.15646114864865,15.15646114864865,0.5191153820594531,50.55,16.16,4.26,-0.014894809981342383,0.011364145989296937,0.003017625766340648,-0.0329176856877748,0.006782422381686049,0.013080245526623912,-0.2039631025432609,0.005032314466312504,-0.09637233810895121,-0.00025934735825287045,-0.028898025707108883,0.0045181109327822825,0.0020360164123121916,-0.007688100134488207,0.004395966149168084,-0.003245648329844697,-0.0007213426153175661,0.007239360489882551,-0.02304268630198203,0.007112024816684381,-0.02596016066148877,-0.0007345401373458849,-0.008164685826282958,0.0022673433132003986,0.004965847147861547,-0.024879254464991396,0.011418550653150306,0.00127220991067587,-0.00596405036048962,-0.020157337111420925,0.0009890878079458875,-0.0024818067221203553,0.006558706561336269,-0.002860577376792206,-0.05538700581749435,-0.003970064270310114,0.004550676412181959,-0.0016932627907954023,-7.129095261876328e-06,4.2643488617633006e-05,-0.007267844295129178,0.2860874278987758,-0.026536255837418143,1.0750239021680317
6.404999999999999,0.1673749854038,1.586555336748,27.9,436.4,0.3305558562278748,0.1889648139476776,2.200000047683716,32.59000015258789,0.2011718451976776,190.2931976318359,129.0,102.75,4.78,82098.0,1049.0,61.06,47.59,26.67,1144.0,402.7768238237748,5.1464455673845855,203.83,80.46,75.07,26.67,13.502993313811004,1.3571426592267275,41.38,826658.0,19.61414974691788,40.554352669645,39.83149758343712,37647.0,31064.0,14954.0,10.01000072751194,7.077667062460118,7.077667062460118,0.8315029869915178,92.59,8.58,7.659999999999999,0.0074238194760400614,-0.0001671297647990233,0.001004137694835705,-0.038569742442807205,-0.00318523044441823,0.008601502571720616,-0.2204347671989817,-0.0046296646327246005,-0.08716041746758853,-0.005956493540899837,-0.01293080417264717,0.0034869437399320025,-0.0012996325921267038,0.011603963942965489,-0.005198438923223875,-0.0016358771729283017,-0.00040963264647870255,-0.017750289104878903,0.0128933459126856,0.0022453739014454245,0.0022982568768784685,-0.0027128900140523603,0.0035489953523501925,-0.0021055730455555146,-0.015218964540399648,0.014404643491376174,-0.005940181708196213,0.003816538246348511,-0.012015704160789032,0.01691103670862503,-0.02539551339903845,0.001963746995199478,-0.013288398976670557,0.013742273463401932,0.032851451522903495,-0.008935443497495693,-0.017246279842918745,0.0020614263915922693,-0.007245421044761324,0.005845568744000063,0.002414212018717088,-0.21038101045065555,-0.037837463186820984,1.0750239021680317
6.515000000000001,0.06897301535367,0.6676463154617,27.7,447.3,0.7420581579208374,0.3893652856349945,2.599999904632568,30.68000030517578,0.3614922165870667,222.1938934326172,129.6773071289063,107.39,3.73,96920.32,2066.12,58.97,40.44,27.91,610.38,465.7391638635272,9.928495915425277,208.1,77.67,61.57,27.91,13.785865223981112,1.7056792964710272,34.96,786132.0,20.47490893033877,43.41481379464505,36.11027727501618,31295.0,29723.0,15547.0,9.581485948260582,8.895328795155292,8.895328795155292,0.8326497317534427,104.89,25.85,4.39,0.03029916034266348,0.007864958950085543,0.004706515558063973,-0.06560612315754408,0.005882708033779671,-0.12336622284632175,-0.31565635882760407,-0.007714921985985701,0.08267954101203942,0.001317049873992815,-0.01847484639030883,0.0016732487976550692,0.0036461558956653374,0.040105020410381255,-0.0041519191486295345,0.008137446559965667,0.003105783587554456,-0.0008019843026995544,0.04058965016831646,0.007048355008242624,-0.004113034917274461,0.0037170089101418945,0.00011018223618157741,0.005666499499464428,-0.005079282761784309,0.03648525430355219,-0.011299683781573488,-0.008554798743920422,0.015167198260081938,0.04994414056558166,0.01668716620234776,0.013365226816385944,0.01565167468204163,0.028999797645257806,0.09197083581774497,-0.0017560521324630264,0.001761708051664801,-0.005138116557849593,-0.005272757214959778,0.020167029445990924,0.011769317075843022,0.7526353725590743,-0.02591654951195236,1.0750239021680317
6.619999999999999,0.2002033955486,2.107310365125,28.0,453.1,0.4859171807765961,0.4767714738845825,1.399999976158142,34.45000076293945,0.4314171671867371,294.759033203125,128.2308044433594,121.17,1.24,111887.0,1972.8,69.36,49.35,35.98,2447.2,484.1916219491085,8.537303098494027,231.08,91.11,77.42,35.98,15.308206323678789,1.4921568515595265,37.51,1010017.0,18.514367546917764,44.48838459533429,36.99724785774794,40876.0,30965.0,14316.0,9.36200276864403,7.781782798224389,7.781782798224389,1.0236131895309892,95.51,48.63,1.17,0.04330899877240886,0.0010004531613085233,-0.008051004521548721,-0.08362105170055285,0.017855022996664027,-0.026364645229885374,-0.09433719499176364,0.012872158100130038,-0.3163220486612991,0.002396873680409084,0.008587162305833807,0.0017167295275721695,0.00698202664335269,-0.0009254007150884425,-0.019429101094137834,-0.0071613972764463015,-0.016415307669667534,0.008468631828203755,0.08138962935074236,0.005383399236714414,-0.006270368816796723,0.004257351081119831,0.014153189344564433,0.002502238004934032,0.007075559191405767,0.07579238271038047,0.007144390014000257,0.01822146987332962,0.018532860087230797,0.06823333849362098,-0.0015430349002126143,0.012146107020089458,0.0015533481680322203,0.001432842092821407,0.08432482911110854,0.012305722776101835,-0.004059546341886799,-0.002461687526199974,-0.0019000452500768316,0.022399230480659692,0.002720036423997929,1.0393135802508333,-0.021370694896206233,1.0750239021680317
7.0,0.1451085078067,1.316145153978,27.7,447.3,0.4844832122325897,0.2686246037483215,3.0,31.1299991607666,0.2648997008800507,294.9383544921875,129.0,107.39,3.73,96920.32,2066.12,58.97,40.44,27.91,610.38,465.7391638635272,9.928495915425277,208.1,77.67,61.57,27.91,13.785865223981112,1.7056792964710272,34.96,786132.0,20.47490893033877,43.41481379464505,36.11027727501618,31295.0,29723.0,15547.0,9.581485948260582,8.895328795155292,8.895328795155292,0.8326497317534427,104.89,3.07,0.31,0.014341260671848387,0.0036042204329278585,0.0010794899761677218,-0.02237429458624682,0.002873449129518123,-0.00871998723689466,-0.115260981712956,0.007220285461749918,0.0045391231952235005,0.0009491566454526118,0.011222592516336557,0.0010992974711116696,0.0044229953966568895,0.007978204586543145,0.02946553349145691,0.021091999562922882,0.012227767956443137,0.005309286573436121,0.054549529180862,0.0005298929980490183,-0.0037195720656309243,0.0031425097333267287,0.00494866775465198,0.0021952729672193084,0.016631193776614966,0.008575550668640063,-0.00598885597265327,0.03399896589946002,0.022602018649689866,0.016402335267746867,0.004135259749367818,0.009789646041579557,0.011838907474419114,0.027643058698857192,0.040677426649956036,0.008085094629786915,-0.0003519652602262752,0.0001949152133893281,-0.0019035475593991574,0.005672635297291011,0.0012426578213926612,-0.9132496065173765,0.03604974066768771,1.0750239021680317
6.984999999999999,0.2165105769995,2.120223873569,25.8,149.9,0.3598625957965851,0.3565589487552643,1.899999976158142,33.97000122070312,0.3352471590042114,260.8031616210938,134.8762664794922,156.26,3.7,71109.0,604.0,25.5392,19.687,6.87,4046.0666666666666,639.9701205079514,5.435907589570977,111.113,48.363,43.95,6.87,30.453854606755456,0.8473062281162614,50.12,299186.0,8.188156481532047,41.53969380882165,50.2721497096463,56528.0,34807.04,22100.67,29.449202691670408,16.989687864542002,16.989687864542002,4.19935794066213,97.31,3.45,6.970000000000001,0.013397330680163572,-0.00902446167054587,-0.0011915932106785574,-0.0047276822724379355,-0.00846276136790402,0.003730212739319534,-0.09462581964640412,0.001465395227074645,-0.10356533670215866,0.0003548137956531824,0.002255708512500865,-0.005824345899280169,0.00010467891592997316,0.0019043442388065018,0.0027602856613229954,-0.0004117189114913173,-0.003498753483174376,0.0015983443346340275,-0.023619287002366023,-0.005844841429498033,-0.019396977353841063,0.003622144708409923,-0.001567824780009678,0.00286882815568242,-0.0015497515262104476,-0.025241074895719067,-0.00021909553650767438,0.0009349561461713587,-0.00013188340025955327,-0.01235371674760247,0.008169972982024796,5.8151800301859104e-05,-0.004894699056167159,-0.007302169222850372,-0.015497640535235401,-0.005826799520989895,0.0007838416316080881,-0.0007997114039026282,-0.001025706353131655,-0.013428711449261738,0.003723660001298408,-0.7283385687416886,-0.021594032525666988,1.0750239021680317
6.715,0.07368863019858,0.9141029775597,28.1,406.5,0.3405666947364807,0.472159206867218,1.399999976158142,32.7599983215332,0.4277273416519165,185.4667510986328,133.9436645507813,1.2429,0.0576,178.0,2.865339918651946,0.0803,0.0452,0.01,4.47,635.7142857142857,10.233356852328376,0.28,0.14,0.08,0.0,0.1127832756406402,0.0717922868966855,97.4,2310.438051510152,0.0183640280367156,11.209851980137037,88.77178399182625,126700.0,55075.29,33831.22,30.733895233898767,1.0251391827949203,1.0251391827949203,4.746573554900874,162.4,0.26,0.12,0.009522974756662753,0.002552467130008139,0.0004989959453232595,-0.023846360225114042,-0.005127181402640427,0.007191933379974221,-0.03172383243055083,-0.0001322655987460246,-0.055857656050357044,0.0003857164902146892,-0.008112155680661082,-0.006138235099962906,-0.013593754063127534,-0.02247290873527528,0.0024278105786070163,0.0014031121185980656,-0.005780593924806442,0.0007757588366512358,-0.025709795587346908,0.0020688638791907564,-0.012768499410711226,-0.007044523082673554,-0.007098008016822845,-0.0018579097565961916,6.551896804013937e-05,-0.030273489256156593,-0.008415248584700765,-0.005930256835650641,-0.013020931607810782,-0.0066535916032735174,0.003777724553481695,-0.0020601763833546956,0.0022114188509294633,-0.006783275682362713,-0.08212036430148871,0.00799382398091256,-5.121964053250577e-05,0.0006683977139182392,0.0006425878895679421,-0.013939942692173635,0.002867238658363921,-0.7331202993388286,0.012006888281088332,1.0750239021680317
5.0600000000000005,0.1566062594814,1.649161457892,4.3,26.0,0.2916558682918549,0.5421540141105652,0.699999988079071,8.550000190734863,0.4837231934070587,329.3404541015625,131.0,49.512,0.336,36853.0,138.0,15.7684,11.0015,13.688,535.0,582.73904587214,2.1821286823421517,63.241,25.634,18.924,13.688,10.207596868462485,1.431208510245323,64.28,314899.0,7.9,22.3,69.8,42653.0,44208.0,19416.0,15.289797719630393,12.30765986180222,12.30765986180222,0.1473591078066914,99.5,6.909999999999999,3.19,-0.4145198042336851,0.0013918018910335395,0.004656957549159407,0.012166683092713354,-0.011386092290747935,0.0008503209510818205,0.035116710793809014,-0.00028500070446170754,0.01327782837592532,0.0017763015148229977,-0.0042077034495305475,-0.003385315016377707,-0.005493856623768801,-0.022664447172661285,0.000873884466709568,0.0006038648047251904,-0.0004641951388912213,-0.00010978570533913267,-0.010116535576409662,0.0005159959067823683,-0.012426711176522071,0.005207612381665993,-0.005084960110252756,-0.0036791664679767357,0.0034757697358727413,-0.009161573455785433,-0.004383694390184256,0.004592581105767751,-0.003919008399127055,-0.02043581271055152,0.010369312463910301,-0.015326586123090218,0.015679052708554093,0.0041976467969361605,-0.06675081342621707,-0.0023236958645283965,-0.0002652511064661689,0.00019340765266678272,-0.001132063215714857,0.014640490851830695,0.007556888105813409,-0.2693634333321825,-0.018310196058126164,1.0750239021680317
6.1,0.2302912650946,2.440129807002,3.3,21.0,0.3015008866786957,0.4831761121749878,0.699999988079071,8.09000015258789,0.4365409016609192,370.5200500488281,132.7790679931641,78.86,1.51,42101.0,1310.02,57.39,30.39,23.13,2283.8,239.6050310170167,7.455580217403678,175.70999999999998,75.89,47.08,23.13,11.640145980325425,1.1288686636714582,52.2,686334.0,16.06716086336319,29.95130135865117,53.98150854710848,36106.0,32559.0,16815.0,12.881572327495135,5.887189901806822,5.887189901806822,0.6001059414337037,94.45,18.28,11.73,-0.2516365925307618,-0.019251364926807568,-0.020468912134645502,-0.0017969090680125977,-0.0071846190213691544,0.011966484693461121,-0.06940110342029952,-0.0034157156494911576,0.023220604733913186,0.0014930228348821518,-0.03672633330046661,-0.006811451592366203,-0.004713952193036675,-0.004607041974784831,0.0032520223557949033,0.0048281472243834386,-0.0015207118841353729,-0.0015847471482120512,0.012156727524125032,0.0010810783581109873,0.020529460810474152,0.001080644603003711,0.0013722790239844352,0.00562669395387635,0.0015666398638859436,0.01454167616448837,-0.010965331997955241,0.00018130992248188704,-0.0015063322097994326,-0.002295439072418948,-0.010769988692132804,-0.01884109303052538,-0.0148048928298521,-0.004920847852248733,0.006071614167653017,-0.007740392040461308,-0.005505008307751247,0.0036055856890743754,0.0032813572197919693,0.00751035609131212,0.0015784103155601747,0.2500798230334185,-0.04668675068533049,1.0750239021680317
6.220000000000001,0.07622649824215,0.7090772672491,2.7,28.0,0.130614772439003,0.1433392316102982,0.300000011920929,8.729999542236328,0.164671391248703,303.3760986328125,130.0,146.82,2.55,54240.0,1270.57,40.6824,30.2805,30.43,8784.0,217.9459876481201,5.105376724300736,248.869,82.267,71.105,30.43,21.438604752014506,1.7255172022880916,45.35,732077.0,19.4,31.7,48.9,35573.0,35134.0,17406.0,18.86276651066043,10.95257410296412,10.95257410296412,1.971747299884448,117.01,0.6,0.000707107,-0.023604874479118736,0.0013212277838029118,0.0013185481389518857,-0.004046111778123272,-0.005359515351010479,-0.006856191770755686,-0.1513602162322495,-0.0022053972618887464,0.009562158238841217,-0.004799373034387828,0.005570351655012925,-0.0012050904113566486,-0.00014466521725989176,-0.0035746900758240286,0.00014086679613684283,-0.0010055635634344,0.0008463412600103676,-5.162897985431236e-05,0.006773853737977335,-0.007282351829344358,0.008734560179756951,0.0014235660086851665,0.004775746399769544,-0.0006603650911711143,-0.003137657711980873,0.0061186939268372985,-0.0030418531477916966,-0.002537823128514002,-0.004544511761283497,-0.002665405811043429,-0.01201103658706414,-0.004699560427572564,-0.00368397168489173,-0.0005632374861743439,-0.006329193643294269,-0.005668190797790886,-0.004439901960547993,-0.00024010151112453449,-0.00011629473464561078,-0.010552600627997896,0.0015872432558098701,-0.865647918098839,0.021212677173782134,1.0750239021680317
7.15,0.2125038355892,2.335936137249,2.7,19.0,0.1458965837955475,0.2414888739585876,0.25,8.65999984741211,0.2431910932064056,232.277587890625,129.3061218261719,41.8,0.9984,37631.0,382.0,12.2266,9.8512,4.991,6472.866666666667,481.9852705731668,4.89273134806276,78.075,30.563,28.728,4.991,21.398798506227283,0.8755846807233554,35.03,369846.0,16.504901960784316,31.65686274509804,51.83823529411765,26213.0,35691.1,13158.53,16.539135979595088,17.556710821702243,17.556710821702243,1.1884593356762363,77.55,0.77,0.29,0.015567061555222616,-0.00038665494043383974,-0.0014831749200820905,-0.0020009962257463245,0.0006872932135593129,-0.004256864143302652,-0.12148589316324794,-0.001838409247109618,0.009371595207834612,-0.0018331388445803904,-0.007787073367857375,0.0009566255290992323,-0.004647830369998714,-0.014316542229382334,0.0023804539152188194,-0.004312535022851093,-0.006303821633220646,0.002676534652709967,-0.023074804269243056,-0.002362548512290239,-0.004610905926208929,0.00097851430939045,-0.009093951697810574,0.002712063078652133,0.0018901693620718917,-0.020871877612080432,-0.0021112414696253874,-0.002027571758255338,0.00016481375682634555,-0.01958378078532405,-0.012081164865638146,-0.008634675579844065,-0.009903017529519244,0.005904358828091072,-0.014853724732296509,-0.002105634968727819,-0.001832668190239912,-0.000530892849899811,-0.0017588812907924924,0.0010018225994426748,0.004102821439737495,-0.8294944995210972,0.014250673443777484,1.0750239021680317
6.785,0.1153866267697,1.123266199194,3.8,6.0,0.1045826151967049,0.1064843088388443,0.2000000029802322,8.489999771118164,0.1351874470710754,55.81299209594727,28.23225402832031,156.26,3.7,71109.0,604.0,25.5392,19.687,6.87,4046.0666666666666,639.9701205079514,5.435907589570977,111.113,48.363,43.95,6.87,30.453854606755456,0.8473062281162614,50.12,299186.0,8.188156481532047,41.53969380882165,50.2721497096463,56528.0,34807.04,22100.67,29.449202691670408,16.989687864542002,16.989687864542002,4.19935794066213,97.31,1.14,0.21,0.005560273681185226,0.0014019925112370552,0.0009982736366801023,-0.0015089249860029356,0.006995497490512195,-0.019459006067132557,-0.17413965287746397,-0.0010334763482678859,0.014811203164630565,-0.026651648250874134,0.08125606250448615,0.0008025061308871969,-0.0006964741554111233,0.0021450398096348995,0.0032546031016390657,0.0037007612227461955,-0.0002227156438166187,0.002797047094907608,-0.02106554131465962,-0.0018063712184084447,-0.013890901210717876,0.0003076334064826365,-0.001212777317734436,0.0008122352247592092,-0.0008125543370843018,-0.021316201184177767,0.0018685137326829068,0.0007126511194510448,-0.002811693740775799,-0.01579070464894174,0.0035084844180383124,0.0015509328406769951,0.00023042644211089563,-0.0035333636121358926,0.003377461227588377,-0.0027356153819709963,-0.001489798579597823,-0.0024473599272314393,-0.001865350446198142,-0.02452526174136436,0.0037105017162393844,-0.8849311871648533,0.013568150840466855,1.0750239021680317
6.59,0.1651267123139,1.836242436349,3.9,31.0,0.2748605906963348,0.3992600440979004,0.6000000238418579,9.289999961853027,0.3694080412387848,79.36817169189453,41.61711502075195,47.0,1.3107136824324324,36372.0,288.0,18.2749,8.0877,7.75,507.0,653.2327586206897,5.172413793103448,55.68,23.55,11.03,7.75,12.063693803924313,0.472838893581081,63.26,168105.0,10.1,30.6,59.3,59606.0,41956.5,25127.5,34.79581925675675,15.15646114864865,15.15646114864865,0.5191153820594531,50.55,10.07,4.83,0.014052451160969249,0.0016345304274000272,-0.0009073438420891478,0.0057860813611187115,-0.0157683895477094,-0.0068778171468293235,-0.12844433196750468,0.0006137264310382362,0.014472665955894614,0.00015684590279124722,-0.04527854001184463,0.0034987615097779754,-0.013202942415606194,-0.014240107034100224,0.003204215275822192,-0.003127982367528581,-0.006403046128805734,-0.0034161864852066625,-0.0213073616074398,0.0016585813919082425,-0.02424514713161622,-0.002667732433648784,-0.007537431197240918,-0.0019643721911124902,0.0017716489327140317,-0.02059860808704978,-0.009464908585650822,-0.0010493900445289806,0.0029793509976006826,-0.017932170593179808,-0.002196724546840401,-0.009664852287620328,-0.0040147941408213315,-0.0030145609013270793,-0.0536351523145568,0.004535563611658283,0.021901276757940662,-0.00010765934735534888,-0.0013458972331136577,0.007566910398425536,-0.009271298100473358,-0.1559612208788749,-0.0418862424705876,1.0750239021680317
6.555,0.2860426071757,5.111696182713,3.0,22.0,0.289913684129715,0.3692471086978912,0.6000000238418579,9.050000190734863,0.3453976809978485,190.2931976318359,129.0,102.75,4.78,82098.0,1049.0,61.06,47.59,26.67,1144.0,402.7768238237748,5.1464455673845855,203.83,80.46,75.07,26.67,13.502993313811004,1.3571426592267275,41.38,826658.0,19.61414974691788,40.554352669645,39.83149758343712,37647.0,31064.0,14954.0,10.01000072751194,7.077667062460118,7.077667062460118,0.8315029869915178,92.59,12.26,2.29,0.016717175522586336,-0.017782824967522204,-0.003345145520986981,0.004273235892411331,-0.009777000593952834,0.0110331640816294,-0.1628891351709608,-0.0017196459611878323,0.020586452166317003,0.0005185343148186861,-0.017632830272661493,0.004604847226291897,-0.0018244781484827333,0.007823604271514328,-0.004641009838320298,-0.001256515949498871,0.00020067971246319206,-0.026428290696814617,0.013049048025859522,-0.001234839775832386,-0.0014430017883423796,-0.009138216191669924,0.0028493170174769935,0.0012078448464162728,-0.029616074704797934,0.014783151261974136,-0.008622379128355506,0.0050601193676702684,-0.0054174724409822295,0.015915612234501143,-0.016431347787845874,-0.01186812869319689,-0.015979298957157863,0.004120174913201491,0.04726271965005434,-0.010687963735079398,-0.021211645678384218,-0.009839644364081324,0.001989526554243626,0.005240468489238992,-4.462175373920463e-05,-0.07079006064916028,-0.014092744518304234,1.0750239021680317
6.77,0.05802006594736,0.5796685970171,2.9,21.0,0.3063189685344696,0.4518246054649353,0.4000000059604645,6.610000133514404,0.4114596843719482,222.1938934326172,129.6773071289063,107.39,3.73,96920.32,2066.12,58.97,40.44,27.91,610.38,465.7391638635272,9.928495915425277,208.1,77.67,61.57,27.91,13.785865223981112,1.7056792964710272,34.96,786132.0,20.47490893033877,43.41481379464505,36.11027727501618,31295.0,29723.0,15547.0,9.581485948260582,8.895328795155292,8.895328795155292,0.8326497317534427,104.89,74.95,31.06,0.05576360487425704,-0.0165888318344951,0.006336308866739216,-0.006487691474379997,-0.021708236572332597,0.005454836381832117,-0.29729638900561256,-0.009361186848022007,0.016509614433394704,0.002316906407708297,-0.02085320430947466,0.0020934495248366436,0.00816421241848735,0.04899602741491978,-0.008742705307900911,-0.01943194824899549,-0.003259965271921861,-0.01337051346409135,0.06496907054819162,0.013538073769770597,-0.001682084767613501,-0.025261496162507745,0.02552454876154662,-0.010995750549016492,-0.008936396260978651,0.04484224345232361,-0.006683629059698382,0.010642914403462812,0.0013341991263442154,0.00984481412218885,-0.02997361510293557,0.010550160922808605,-0.007815001039998637,-0.0010939601941499677,0.07623824563552631,-0.006704860756872233,-0.0044348049112596264,-0.0005522562065162328,0.0013670928212814238,0.004589150165207667,0.0018616792703978423,1.2185411509203259,0.03672996536362921,1.0750239021680317
6.92,0.1449557844545,1.523612043563,3.3,9.0,0.3074502944946289,0.5247359275817871,0.5,7.190000057220459,0.4697887301445007,294.759033203125,128.2308044433594,121.17,1.24,111887.0,1972.8,69.36,49.35,35.98,2447.2,484.1916219491085,8.537303098494027,231.08,91.11,77.42,35.98,15.308206323678789,1.4921568515595265,37.51,1010017.0,18.514367546917764,44.48838459533429,36.99724785774794,40876.0,30965.0,14316.0,9.36200276864403,7.781782798224389,7.781782798224389,1.0236131895309892,95.51,55.96,1.7600000000000002,0.07129355398332704,0.008000208007870224,0.006387496963143269,0.005782438201131357,0.03828773892601025,0.03444914516201243,0.1977779099629261,-0.0023602076775860016,0.012890656487550611,0.003086610368918663,0.014092434034682789,0.002038404903840263,-0.0007789052864536794,-0.005382065913174294,-0.017701937394915157,-0.00217321059969251,-0.011183491494972286,0.0006087391413748145,0.07454754227492955,0.004194425554480419,-0.009670485902112048,0.0003031580331735562,0.03253235381259585,0.016788056343793833,0.0021797485623973657,0.041210629470646354,0.011926314602140308,0.016759197056293508,0.014169894171878705,0.08612270066840574,0.037072321583284086,0.009543682944960951,-0.010082645980641191,0.005928884649649224,0.11589228760078549,-0.0013836721663828655,0.003756028902484143,0.001063591430196542,-0.00182855565799398,0.018203723465790977,0.01359274228871803,1.443037459779298,-0.050985862072324396,1.0750239021680317
7.07,0.1704014639463,1.572112131902,2.9,21.0,0.3485862910747528,0.4600082337856293,0.6499999761581421,7.610000133514404,0.41800656914711,294.9383544921875,129.0,107.39,3.73,96920.32,2066.12,58.97,40.44,27.91,610.38,465.7391638635272,9.928495915425277,208.1,77.67,61.57,27.91,13.785865223981112,1.7056792964710272,34.96,786132.0,20.47490893033877,43.41481379464505,36.11027727501618,31295.0,29723.0,15547.0,9.581485948260582,8.895328795155292,8.895328795155292,0.8326497317534427,104.89,6.909999999999999,0.51,0.03039013361767866,0.002638663458870716,0.0017263776008039854,-0.004955054935533498,-0.010378787845605997,0.01231093383743428,-0.03502086586202492,-0.00886321165435947,-0.000974451211746763,0.0028272793299984112,0.009677300676703481,0.004721051162807277,0.0019116275645792101,0.011881403329316542,-0.0047556072829756605,0.006836361918132794,0.002853671163553384,-0.012050831675762342,0.015468841058667715,0.003964588905917476,0.0008692068909295081,0.0028384706366341604,0.00739937495742925,-0.0011915555330924699,-0.00935359531431459,0.021922436978900804,-0.004806955673033408,0.00696146079245955,0.008192483750637636,0.02927493676170708,-0.001984030240913848,0.005688715709839032,0.006415978354867569,0.007718591526616381,0.07817043476295653,0.0020653385699261227,-0.0127754159490578,0.0018072290876880227,-0.004669025790179138,0.01873680714750662,0.0028559534805826514,-0.22540214753430332,-0.012181364225922198,1.0750239021680317
7.24,0.2144586218815,2.681093961189,3.8,6.0,0.1706766188144684,0.2570461630821228,0.300000011920929,8.760000228881836,0.2556369304656982,260.8031616210938,134.8762664794922,156.26,3.7,71109.0,604.0,25.5392,19.687,6.87,4046.0666666666666,639.9701205079514,5.435907589570977,111.113,48.363,43.95,6.87,30.453854606755456,0.8473062281162614,50.12,299186.0,8.188156481532047,41.53969380882165,50.2721497096463,56528.0,34807.04,22100.67,29.449202691670408,16.989687864542002,16.989687864542002,4.19935794066213,97.31,3.41,3.79,0.013472542111878299,0.0003672792166471557,-0.002023996678995897,-0.0007090607665013635,0.007590941199567161,-0.00959234389383348,-0.12400285634736066,-0.00033969271066599345,0.010116562103386958,-0.0042103137151571005,0.0033273038282059194,-0.006841685164952637,0.0006114579974673912,0.0004457663543289735,0.0008699860323686219,0.003225270205410198,-0.00011740764067506675,0.00285306946653873,-0.015636758472537638,-0.0018285961687797832,-0.012529695153003567,0.0009208407150581143,-0.0017205546810291628,0.002446502758772136,-0.002271321719745174,-0.015653790432028462,0.0005365575382020241,-0.0015413252176949576,-0.009118097065482297,-0.009736787803005416,-0.003534788314485925,0.0012567953073885304,0.0006979145307559689,-0.001146281543537049,-0.009167009205557398,-0.003760300175752488,-1.869353977961225e-05,-0.0009749232423491936,0.00025164503720590453,-0.00935860922548455,0.0028710934184491663,-0.8676597289792263,-0.010281732113566247,1.0750239021680317
7.195,0.1314135470274276,1.4353267236489895,3.8,3.0,0.1158771365880966,0.2247588932514191,0.2000000029802322,5.989999771118164,0.2298071086406708,185.4667510986328,133.9436645507813,1.2429,0.0576,178.0,2.865339918651946,0.0803,0.0452,0.01,4.47,635.7142857142857,10.233356852328376,0.28,0.14,0.08,0.0,0.1127832756406402,0.0717922868966855,97.4,2310.438051510152,0.0183640280367156,11.209851980137037,88.77178399182625,126700.0,55075.29,33831.22,30.733895233898767,1.0251391827949203,1.0251391827949203,4.746573554900874,162.4,0.00106066,0.000707107,0.00856860652426257,0.0013428681378718505,0.0014467316204681987,-0.0025337348444154422,0.0033053910895250727,0.001022766838432284,-0.1097547843088396,-0.0012437936011701707,0.007256120721926005,-0.002469745643436894,-0.002916050813510101,-0.005754294726764786,-0.006836024310672659,-0.016195479415706347,0.006173744370113123,0.005331768261268728,-0.0024764485831838125,-0.0026754673528484835,-0.019163193688145817,0.00028892626124436225,-0.015620628370903436,-0.008730235531926157,-0.0050671380411367786,-0.0046252772164298165,0.0013404291099868549,-0.028621217048959813,-0.011906032516853878,-0.005819597415858873,-0.0011872837081318619,-0.015115498031722385,0.00041611225763334635,-0.010297540046973143,0.0128867868151283,-0.0048552902851952285,-0.07204119486175475,0.0008837953199399697,-0.000617625284474332,0.001780380300711818,0.0010662992385914384,-0.012499608223442926,0.0004494781026150968,-0.7708596873900387,0.013479498308384835,1.0750239021680317
6.665,0.2242042461774,3.310778092327,20.0,15.0,0.543432354927063,0.7203001976013184,1.700000047683716,25.68000030517578,0.6262401342391968,329.3404541015625,131.0,49.512,0.336,36853.0,138.0,15.7684,11.0015,13.688,535.0,582.73904587214,2.1821286823421517,63.241,25.634,18.924,13.688,10.207596868462485,1.431208510245323,64.28,314899.0,7.9,22.3,69.8,42653.0,44208.0,19416.0,15.289797719630393,12.30765986180222,12.30765986180222,0.1473591078066914,99.5,25.26,31.03,0.03196760260756132,-0.02865225439355711,-0.007031975600170026,-0.005281382782151944,-0.0006757019693031108,-0.014757242167601358,0.18473875884246085,0.010116916089318705,0.08144680031226013,0.002311640405561766,-0.034888533694436716,-0.000597787305479891,-0.028670655488735063,-0.1304324082921957,-0.026210470977239286,-0.0004555059359408808,-0.03398658605688246,0.005828159411437861,0.0031045310397166737,-0.009623940653633211,-0.01872905290825293,-0.009180733806453678,-0.03128429735335521,-0.005059415455674776,-0.006997558813542115,0.017358994562877362,-0.008294143362436468,0.01770479331677771,-0.023225364173995344,-0.014305609509116047,0.02315336280874909,-0.013787005786318307,0.01745041460625365,-0.002750834126723933,-0.1305522662615404,-0.0010187248564325734,-0.004173105424037249,-0.0059224002580158695,-0.013708145033335294,-0.006067211262416061,0.014703233734471688,0.8484367485928814,0.03823730692570097,1.0750239021680317
6.46,0.4073399839378,4.242409041675,18.3,32.0,0.6186338663101196,0.8797546029090881,3.0,23.60000038146973,0.7538036704063416,370.5200500488281,132.7790679931641,78.86,1.51,42101.0,1310.02,57.39,30.39,23.13,2283.8,239.6050310170167,7.455580217403678,175.70999999999998,75.89,47.08,23.13,11.640145980325425,1.1288686636714582,52.2,686334.0,16.06716086336319,29.95130135865117,53.98150854710848,36106.0,32559.0,16815.0,12.881572327495135,5.887189901806822,5.887189901806822,0.6001059414337037,94.45,30.03,5.96,0.0512898944215849,-0.05531193665694445,-0.013221317178569758,0.0536271908462513,-0.013163516531931218,-0.02276786864036693,0.8993643753672949,0.023201679693302123,0.11671359766181562,0.0035322644764091415,-0.07259589334833436,-0.0004070443720556871,-0.0014926616880111543,0.037318439299706366,0.00401371722249314,0.020541300444398124,0.012068469373276358,0.07124427482974718,0.06656122578168291,0.0050814314470626456,0.027988146843854367,-0.004059513420797833,0.01442119962861762,0.012669096356723475,0.009979952235473355,0.10884767835238018,0.0016491934591904788,0.008304469530470694,-0.003508649335708436,0.0020849160989746427,-0.01098116631759336,-0.018251806803280445,0.0006336845143232628,-0.012158205730374894,0.03408689761976712,-0.009164131775498385,-0.005445643520914034,0.005516382710775358,0.00355016573448661,0.014466154701076418,0.002333501946879579,1.091524738047272,-0.0608060552042443,1.0750239021680317
6.93,0.05768797243834,0.6174817119731,18.2,0.0,0.4405795335769653,0.6189005970954895,1.299999952316284,25.8700008392334,0.5451204776763916,303.3760986328125,130.0,146.82,2.55,54240.0,1270.57,40.6824,30.2805,30.43,8784.0,217.9459876481201,5.105376724300736,248.869,82.267,71.105,30.43,21.438604752014506,1.7255172022880916,45.35,732077.0,19.4,31.7,48.9,35573.0,35134.0,17406.0,18.86276651066043,10.95257410296412,10.95257410296412,1.971747299884448,117.01,0.26,0.04,0.02125820513092914,-0.0029341638456098886,0.0014361778572201445,0.013379262871574649,0.011885693721938869,-0.0011876397521700607,0.04263181308377531,0.003156779092969382,0.024634026186540717,0.0006416705227457139,0.005507762519409891,-0.0020333121460862414,0.0006718909495975591,0.0015046175955794974,0.0009774069921113702,-0.004473044902784763,0.00039668614626864866,-0.0018745877869660124,0.008533178695477544,-0.011891500800265907,0.012530912191141377,0.00011505334242243237,0.002774850496323784,-0.000586163025116524,-0.0039936707642627784,0.00923912742431277,-0.0011694289180449935,-0.002544825423276053,-0.011600268821697683,-0.004313347217277613,-0.013878001821227365,-0.007482676786370558,-0.005962127556558647,0.004257204590831005,-0.006610347152221978,-0.004355287446873279,-0.003041848030639822,-0.00014413220412098855,-0.0009735995689406852,-0.00809691506368109,0.002568362072808648,-1.175062328545726,0.03386654591385742,1.0750239021680317
6.805,0.1534663517208,1.867697387561,19.3,7.0,0.4930704534053802,0.8993932604789734,1.100000023841858,24.70999908447266,0.7695146203041077,232.277587890625,129.3061218261719,41.8,0.9984,37631.0,382.0,12.2266,9.8512,4.991,6472.866666666667,481.9852705731668,4.89273134806276,78.075,30.563,28.728,4.991,21.398798506227283,0.8755846807233554,35.03,369846.0,16.504901960784316,31.65686274509804,51.83823529411765,26213.0,35691.1,13158.53,16.539135979595088,17.556710821702243,17.556710821702243,1.1884593356762363,77.55,0.00106066,0.000707107,0.024705871716840182,0.004635213538305841,-0.0005815284007694361,0.016685529570910147,0.0027173166945576757,-0.005822433981113111,0.20329526470880954,-0.003450002002413398,0.02822918335371653,0.0003079766138689539,-0.010223979338072219,0.0012236327806021848,-0.00111198158876504,-0.009375585966045008,-0.0013372618362773232,0.002959504718193805,-0.0033652089639799585,-0.0020893680008593893,-0.03743254247447474,-0.0018373594932491097,-0.0033315291421022026,0.0034058791904244363,-0.0020019915514858638,-0.0015744256298057726,0.0010479919317877237,-0.029749928363366058,-0.006161158511647941,-0.0014349801731295966,-0.00042026082263327773,-0.018991593348677276,-0.012608886861125945,-0.012352336313342661,-0.001551689070416615,0.006249738968443096,-0.0216230668936623,-0.0012652514285874008,-0.003768650945276001,-0.002965677772066581,-0.0017014741040766023,0.0019597497506765663,0.00483598255575635,-1.1855278835311764,0.009926019580103454,1.0750239021680317
6.77,0.1042940155616,1.036290954491,19.5,15.0,0.2182116806507111,0.2789719700813293,0.6000000238418579,27.09000015258789,0.2731775641441345,55.81299209594727,28.23225402832031,156.26,3.7,71109.0,604.0,25.5392,19.687,6.87,4046.0666666666666,639.9701205079514,5.435907589570977,111.113,48.363,43.95,6.87,30.453854606755456,0.8473062281162614,50.12,299186.0,8.188156481532047,41.53969380882165,50.2721497096463,56528.0,34807.04,22100.67,29.449202691670408,16.989687864542002,16.989687864542002,4.19935794066213,97.31,0.6599999999999999,0.12,0.04143282364052718,0.0011213606314268141,0.0013992425957694466,0.028769432655768458,0.0004330167404841519,0.0049574852026999265,-0.10872952783922663,-0.0018545188806019693,0.025475848820526153,0.002739664974622454,0.13266905580228192,0.0011269539662171369,0.007441694023553292,0.003982705728150927,0.0016802384983748437,0.006512928800657425,-0.0006871901380363657,0.004953328075585886,-0.02010850999038668,-0.00395924012106847,-0.010570411821128783,0.004360183520242559,-0.0005533697016071495,-0.0007812352145556357,6.461021606810821e-05,-0.018316041494952494,0.0023768860991113154,-0.0010519870580173968,0.0005560665780212829,-0.01625003131479025,0.018455367493210348,0.0022768993612844214,-0.0018213411807082376,-0.001280402669683108,-0.008235740233911198,-0.006491658443352193,0.013655271028867011,0.0008190896804444195,0.0017459035019855875,-0.020598113059299074,0.002905430493177856,-1.1690310282399878,0.022530380650656292,1.0750239021680317
6.66,0.1099732820411,1.044781490968,19.9,15.0,0.5384698510169983,0.7504218220710754,4.099999904632568,22.26000022888184,0.6503374576568604,79.36817169189453,41.61711502075195,47.0,1.3107136824324324,36372.0,288.0,18.2749,8.0877,7.75,507.0,653.2327586206897,5.172413793103448,55.68,23.55,11.03,7.75,12.063693803924313,0.472838893581081,63.26,168105.0,10.1,30.6,59.3,59606.0,41956.5,25127.5,34.79581925675675,15.15646114864865,15.15646114864865,0.5191153820594531,50.55,10.73,6.3,0.014360480735078462,0.003670756597653957,0.0017062349847983382,-0.015403003654675573,0.0027464825611095978,-0.007231928024906642,0.09500625076505823,-0.007106345441192386,0.03515408264868897,0.0004021970272297448,-0.036716241414425865,0.004201579970773283,-0.010868370950222028,-0.012178150675725197,0.0019254297050647184,-0.00473416272946634,-0.00408623208268546,0.0015934344632551167,-0.023479676132556027,0.0005539475999539412,-0.030429498562822132,-0.0019403691908809972,-0.019263289436465124,-0.013904903387185174,0.002174259717343319,-0.027430968397296963,-0.0029829621932003446,-0.008507053634384643,0.0008658651739824608,-0.02089828768372535,0.007684497734298923,-0.011069902679999365,0.0035107555813155833,-0.0006040519759990426,-0.06997485654591581,-0.003565935859689462,0.026000273433513965,-0.002052203964441979,-0.0044329002440208765,0.005950921387877317,-0.008550807297462581,-0.20654315593349745,-0.037612766277510666,1.0750239021680317
6.1850000000000005,0.2834978090305,2.721791227372,18.1,31.0,0.7229005098342896,1.0,4.800000190734863,20.29000091552734,0.8772516250610352,190.2931976318359,129.0,102.75,4.78,82098.0,1049.0,61.06,47.59,26.67,1144.0,402.7768238237748,5.1464455673845855,203.83,80.46,75.07,26.67,13.502993313811004,1.3571426592267275,41.38,826658.0,19.61414974691788,40.554352669645,39.83149758343712,37647.0,31064.0,14954.0,10.01000072751194,7.077667062460118,7.077667062460118,0.8315029869915178,92.59,24.56,2.62,-0.18553067675745114,-0.060976114079123345,-0.008544416734948745,0.05777210768964149,-0.036477341935969874,-0.03589363449928349,0.7613876767917536,0.035815044869435875,0.11422252169158313,0.0030519514945336,-0.024405418071430162,0.002011039847042417,-0.00037706644041460844,-0.001816627335036103,0.0006480247217695245,-0.004096692819613968,-0.004775146040134115,0.01061864761658946,0.04484362476551905,-0.002652303322451188,-0.0008526898499112145,0.01455418732506224,0.005772560314275277,0.0037400604197755484,0.006700781030347514,0.039342588333645886,-0.013169214961817489,0.01225620287167839,-0.0013255925171543614,0.017761554626747954,-0.011833355390233957,-0.0244717216347344,-0.007280650078784701,0.008812221674015696,0.0698782089129091,-0.01921329365251585,-0.0047351956707425424,-0.0005992884591687231,-0.032029469423927426,0.002324115254217762,0.0049218372788745746,1.0592726959043648,-0.0662405587229877,1.0750239021680317
6.45,0.0752823382127,0.720559062291,18.0,8.0,0.4623614847660065,0.6657237410545349,1.399999976158142,25.68000030517578,0.5825790166854858,222.1938934326172,129.6773071289063,107.39,3.73,96920.32,2066.12,58.97,40.44,27.91,610.38,465.7391638635272,9.928495915425277,208.1,77.67,61.57,27.91,13.785865223981112,1.7056792964710272,34.96,786132.0,20.47490893033877,43.41481379464505,36.11027727501618,31295.0,29723.0,15547.0,9.581485948260582,8.895328795155292,8.895328795155292,0.8326497317534427,104.89,13.06,19.64,0.021690587585791943,0.007827409221325054,0.0013875266313552626,0.04317927913111637,0.026610984590370212,-0.012661637935554637,0.17541481306264178,0.005745789945591229,0.06994393265037793,0.0017640722065698443,-0.02180925200739876,0.007280236965510989,0.003037158593302558,0.023889558182097925,-0.012886905453633513,0.009916027084458646,0.012170692330924781,-0.01917125846096317,0.023923987362533827,0.004714289945317462,-0.0019111755979247303,0.0016792472801171686,0.010659496563021098,0.001684226791374388,-0.01148215502616945,0.0276443193908781,-0.007987464882899076,0.004970163108780979,0.028049681869801148,0.05492753446893765,0.011161810970399522,0.008927655783714706,0.021971170960459842,0.025198103478411206,0.07597974351909949,0.007540330706862797,-0.00037931846850549624,-0.00341315648355518,-0.0023094012567307586,0.018027421381557395,0.007691183840623084,0.06665368368383498,0.00044161121500654323,1.0750239021680317
6.465,0.1521214355077,1.557262009841,18.9,10.0,0.591846227645874,0.8813539743423462,1.799999952316284,26.13999938964844,0.7550832033157349,294.759033203125,128.2308044433594,121.17,1.24,111887.0,1972.8,69.36,49.35,35.98,2447.2,484.1916219491085,8.537303098494027,231.08,91.11,77.42,35.98,15.308206323678789,1.4921568515595265,37.51,1010017.0,18.514367546917764,44.48838459533429,36.99724785774794,40876.0,30965.0,14316.0,9.36200276864403,7.781782798224389,7.781782798224389,1.0236131895309892,95.51,141.18,15.49,0.06111892966297468,0.018287920356495513,0.013726079575717365,0.0782158442593645,-0.0013783950894139085,-0.01796036913269199,0.9915513293554541,0.004892256344668522,0.20652672262070712,0.00446606858237637,0.028770246764412154,0.0031607194014359186,-0.0002233955604024729,0.010953840323258213,-0.011018449421972054,-0.07729802259034468,0.008046515356516548,0.08313649448100487,0.11551934150932355,0.007271831125253892,0.0318129604477436,-0.040915242642862726,0.01841167443431908,-0.06038361758668902,0.058739637296646816,0.18554028952168297,-0.00035731410002337594,0.027659573568962446,0.03802175852586513,0.08982175639597696,0.01657768319407471,0.012630518289981385,0.028492470431141493,0.024351286839926645,0.1317199166726787,0.02425776492105791,0.022439172974321964,-0.00239497629692782,0.0008390376644675124,0.04014036331675004,0.007314769218675754,2.10735202727397,0.0994559244862758,1.0750239021680317
6.99,0.1358321727385,1.052298407994,18.0,8.0,0.689206063747406,0.9442567825317384,3.700000047683716,23.38999938964844,0.8054053783416748,294.9383544921875,129.0,107.39,3.73,96920.32,2066.12,58.97,40.44,27.91,610.38,465.7391638635272,9.928495915425277,208.1,77.67,61.57,27.91,13.785865223981112,1.7056792964710272,34.96,786132.0,20.47490893033877,43.41481379464505,36.11027727501618,31295.0,29723.0,15547.0,9.581485948260582,8.895328795155292,8.895328795155292,0.8326497317534427,104.89,8.86,9.46,0.04327114432002416,0.007257918247720252,0.0014243260622024412,0.04192051502806136,0.009001666081603587,-0.011899958751164374,0.48013034712756053,0.0011012461718637567,0.051182584333699196,0.0021834601399023158,0.013123202395392598,0.006190695148659886,0.008209665103815534,0.005988188752671708,-0.005934734700946154,-0.01168176695366856,0.004474934870377201,0.0031510235520545104,0.031572480228962405,-0.0012562917605974167,-0.0008847326198592631,-0.009179609964368863,0.003802335768472409,-0.0013979558588471663,0.0014631380634382407,0.021212122569093474,-0.00563885267334987,0.016166639758972468,0.025146165589801994,0.0339852868018206,-0.014914215042721456,0.011725653285859127,0.008898582152323763,0.02228163296426646,0.12524411970865912,0.004445587087422631,0.0037145450029056892,-0.004463700124295478,-0.00028680996317417275,0.021672413559863345,0.002860129796201383,-0.2857640044540166,-0.0412880984729854,1.0750239021680317
7.1,0.2206431797445,2.782678939426,19.5,15.0,0.5342583656311035,0.7287935614585876,2.599999904632568,24.42000007629395,0.633034884929657,260.8031616210938,134.8762664794922,156.26,3.7,71109.0,604.0,25.5392,19.687,6.87,4046.0666666666666,639.9701205079514,5.435907589570977,111.113,48.363,43.95,6.87,30.453854606755456,0.8473062281162614,50.12,299186.0,8.188156481532047,41.53969380882165,50.2721497096463,56528.0,34807.04,22100.67,29.449202691670408,16.989687864542002,16.989687864542002,4.19935794066213,97.31,35.739999999999995,3.46,0.06639920880971475,-0.03169258706527761,-0.010500107018509907,0.06668848553323185,0.0011236843806691765,-0.01691580780642099,0.23060782956029283,-0.014114330446580458,0.1324076856472529,0.00330965281138198,0.015177101902663748,-0.019268149563809844,0.018494498826796168,0.03323251221724791,-0.0015075026070699104,-0.00054309540917159,-0.0019056338572409405,0.005354083052137792,-0.031243391079828108,-0.008365023891907186,-0.0433988234968856,0.005951198733644514,0.0010765283161308203,0.009984024076489706,0.0004095298687462168,-0.035919802292948465,0.02321546464064157,-0.003010621112072842,-0.0053288965274113755,-0.02060057054669593,0.027925017650239137,0.007114298595581192,-0.0005583150121382996,-0.007136179018067179,0.008656510970555175,-0.0015508046154864453,0.0238951526468155,-0.004123786242678851,-0.00032972031924876076,-0.039800964355701574,0.019387212338158887,1.0655050012783611,-0.07089904411206951,1.0750239021680317
7.0,0.06498900503097,0.6232803354827,20.3,0.0,0.31899493932724,0.5351080298423767,0.8999999761581421,26.72999954223633,0.4780864417552948,185.4667510986328,133.9436645507813,1.2429,0.0576,178.0,2.865339918651946,0.0803,0.0452,0.01,4.47,635.7142857142857,10.233356852328376,0.28,0.14,0.08,0.0,0.1127832756406402,0.0717922868966855,97.4,2310.438051510152,0.0183640280367156,11.209851980137037,88.77178399182625,126700.0,55075.29,33831.22,30.733895233898767,1.0251391827949203,1.0251391827949203,4.746573554900874,162.4,0.00106066,0.000707107,0.015880625643651003,0.0009985137681942245,0.0007618194974493222,-0.008163735047681243,0.006958240428939463,0.0024743047030642536,0.024249756523058746,-0.0013163104089908063,0.016497465738561017,0.0003842798667028489,-0.007668085962999625,-0.006304056946653862,-0.011204084180761124,-0.02701716843573377,0.002790945446118714,0.0043865072401240565,-0.003331579400692124,-0.004554817230673507,-0.020676462559029454,-0.0023957393628079244,-0.012529864521464335,-0.006150196620146737,-0.014821143142646171,-0.0034013614233117592,-0.0005149672674015161,-0.029095016468781966,-0.009860786370467393,-0.0092760546297068,-0.0019434738741256146,-0.01286845476529561,0.025712001169566078,-0.0092395436387742,0.002373667979496534,-0.00574232216901146,-0.07825186457694508,-0.00383189113391563,-0.004503321432974194,0.0017713316841982483,-0.001258683066349498,-0.01706958532799034,-0.0004268897330621345,-0.8813041084512371,0.016801428791368415,1.0750239021680317
6.3,0.06546488257556,0.5245143915534,28.8,115.2,0.4257345795631409,0.0,2.0,33.77999877929688,0.0467522889375686,270.0374450683594,130.0,60.6455,0.7705,18738.0,201.0,20.6519,13.225,6.148,775.0,236.6058463286824,2.5380390176147487,79.195,32.652,23.515,6.148,12.782698470895246,0.7724210753786316,47.21,209885.0,11.2,48.7,31.3,49780.0,37342.0,15884.0,8.251880779338212,6.642425473153561,6.642425473153561,0.2421040892193308,53.7,12.39,5.08,-0.007725908447988317,0.0057625148894730974,0.006963727434980716,-0.039646255796076724,-0.025303265035152445,0.0070641100846696395,-0.2149111728712451,0.0036114134651143103,-0.11143403326231054,-0.0056425543704536115,0.007525362716987694,-0.004674227816285547,0.0020086937529267823,-0.008670480588218187,0.004158176950411874,-0.0031494870121823336,0.0004119071811437447,0.005700785561697547,-0.021154585042037044,0.0005182668536435787,0.01718777031288482,0.004493400982581086,-0.001967824680497843,-0.002973087032325572,0.004766762923449253,-0.020996049613924716,-0.0012584152710623964,0.0014381074053235355,-0.004112063457723714,-0.03434453480946832,0.016515510753262796,0.017263429965358224,-0.009969028087798482,-6.706814887003087e-05,-0.028492206417722633,-0.006189043264370397,-0.007911379493074444,0.0027612898049410362,0.0015717755511868547,0.02247623896296138,-0.008333703593118103,-0.005293489156290898,-0.038483013628399926,1.0750239021680317
6.29,0.1958208053322,2.067808123632,28.3,331.5,0.5595869421958923,0.2621971964836121,2.099999904632568,32.27000045776367,0.2597577571868896,321.0201416015625,130.0,62.8682,0.7473,30465.0,544.0,23.7417,15.1611,8.037,883.0,391.6363496124131,6.993276684364113,77.789,31.907,28.226,8.037,12.555758966506351,0.9191379276851872,47.4,302484.0,8.8,57.3,33.9,63896.0,41068.0,18414.0,9.819277128486252,7.904115227830772,7.904115227830772,0.4381657992565056,63.9,10.53,12.5,-0.02026882635219952,-7.942477497269729e-05,-0.0011671943813562403,-0.03858290999848396,-0.010018440719228205,-0.010235808235825983,-0.12694362560193984,0.005308580694021658,-0.0988349812512752,0.0012576554091647152,0.003006745680700995,-0.0044750320508610275,-8.364829025230835e-05,-0.015238223765278214,0.0044525573635474155,-0.0013841302120126797,0.0033278248901479125,0.006178618769161393,-0.017016756683122386,0.0028806789279915645,0.008208698509726664,0.002170245169661933,-0.002802758135367178,0.0022056996119208527,0.006868190833367404,-0.017155405700905256,-0.001216423505917197,0.0017523418813943925,-0.004300542119191975,-0.026406317742308588,0.013549798077903685,0.04017070870101453,-0.009294083375250927,-0.008394958460703473,-0.06557443224219604,-0.005837327389977875,-0.0016364273539511641,-0.0019310640436596914,0.0011602156644221484,0.010754333558608765,-0.004655475539155285,-0.10646672892291101,-0.035268007952254286,1.0750239021680317
5.9,0.1662771156886,1.71571893414,28.5,175.3,0.451192706823349,0.3462640643119812,2.400000095367432,32.81000137329102,0.3270112574100494,280.4542541503906,130.2056732177734,183.5192,0.98,54651.0,1569.0,81.283,53.4333,1.4101,409.22,223.51233078401705,6.416915463580222,244.51,108.676,89.27,1.4101,21.606103183901,1.091960683698584,44.1,646581.0,15.7,29.6,54.7,32791.0,38369.0,16598.0,29.188471783605653,21.4702652156679,21.4702652156679,0.2514382037807957,117.0,13.84,19.12,-0.17855050195113292,-0.0014556801242288197,0.006650763461715536,-0.038852857998106616,-0.016000200960668724,-0.008549484132672657,-0.17021725857141423,-0.00897260545694738,-0.11367821408435703,0.0012104411551263072,0.005333354797447098,-0.004459539097035314,0.0035351599116111633,-0.011131262848270129,0.0018299181465990632,-0.002197167136240763,0.0023423012950224754,-0.01224879782425704,-0.026697829351527626,0.001319727430469364,0.022293954401742665,-0.0025059965320397117,0.003199086187523792,0.0005540857654996346,-0.023747003094293163,-0.029529888581368142,0.006047898309072497,0.002200949158519527,-0.005144142734818146,0.0007945861817570509,-0.00592094097647351,-0.005531312810024269,-0.0026904495630878933,0.005412589078419827,-0.03489834248367695,-0.003706880375160826,0.003162734342971818,0.003622979444684482,0.0013744747044984462,0.00797476479178293,0.0075989611474797155,0.08673490081680937,-0.002408117689890765,1.0750239021680317
6.545,0.1443703391467,1.448893289668,28.0,354.1,0.4328791797161102,0.4880608320236206,1.799999952316284,34.54000091552734,0.440448671579361,306.6544189453125,129.1849212646484,78.86,1.51,42101.0,1310.02,57.39,30.39,23.13,2283.8,239.6050310170167,7.455580217403678,175.70999999999998,75.89,47.08,23.13,11.640145980325425,1.1288686636714582,52.2,686334.0,16.06716086336319,29.95130135865117,53.98150854710848,36106.0,32559.0,16815.0,12.881572327495135,5.887189901806822,5.887189901806822,0.6001059414337037,94.45,4.8100000000000005,1.11,0.01554942990513517,0.002743527698796283,0.0013658935427665775,-0.03338556363480165,0.0013600837374106,-0.0014796334481798124,-0.04356072581978514,0.001008896244224139,-0.11459183187037705,0.001265048470580954,0.019495145746506744,0.0011427798965014558,-0.00027565157553181564,-0.007818551201838992,0.0066669363293331285,0.011473485936410732,0.0028691212071571383,-0.000900380838429532,0.008877217015484367,0.001910603239200981,0.007548612187150877,-0.0006283302295487126,0.002515758652705663,0.0005363939153030572,-0.0018201410581823562,0.010551800488727175,0.0011616204660385987,0.0012303422139957388,-0.010853840663330644,-0.005312639830401156,-0.011846410113153993,-0.012349046157207338,-0.009409411673899724,0.001590344644384467,0.0069078617696650465,-0.003799954498186714,-0.0069060730738565446,-0.0003827920081093894,0.0008032010337338136,0.008849183573387575,0.0004668548465706496,-0.6042944479570724,-0.006103233582805856,1.0750239021680317
6.67,0.3496345721093,3.285947327853,28.4,307.4,0.5771974921226501,0.2246352732181549,1.5,32.88999938964844,0.2297082245349884,274.3808898925781,127.9325256347656,97.05,1.21,106381.0,2590.42,55.63,35.38,21.39,6084.07,610.4028000918064,14.863552903373884,174.27999999999997,73.07,53.35,21.39,11.545413701275482,1.3286396630675812,42.31,858592.0,16.673582357043852,41.11565010222189,42.21076754073426,42877.0,31410.0,15449.0,10.182451797210655,6.929020407132105,6.929020407132105,0.954641587443107,92.11,1.97,0.000707107,0.012513668457046146,-0.009288348056143165,-0.0031427851121406947,-0.022834542437922205,-0.0022961565295699857,0.010042221913579856,-0.12465486597688868,0.002098147736629479,-0.06930654425662944,-0.0036083100815303545,0.002781877283472614,0.0008460729937069235,-0.007397017682902527,-0.008869824519380915,-0.004994115293491632,0.008596745750168338,0.006781743012601512,-0.0012787024574354496,0.002671763428021236,-0.0034532894501462267,-0.007809396792901685,-0.01526559952553363,-0.003208151004044338,0.004104956226656249,-0.007143268608720978,-0.0017341384480241777,0.0003330249302089049,0.0027233443260192883,-0.00592637825733983,0.042000518217217175,0.009781181623693546,0.006286291055381287,0.00410697937663646,-0.0006784970602020497,0.012059018230997035,0.00907881834101863,-0.004938497452531004,-0.0015222647264599605,0.0013973987344652558,0.009552115120226514,0.00375631166412492,-0.750664615718415,0.020862353952368733,1.0750239021680317
7.08,0.1073563743704,1.491912923371,27.5,221.9,0.5748522281646729,0.199037492275238,4.300000190734863,28.63999938964844,0.2092299908399582,142.1536865234375,121.3395462036133,41.8,0.9984,37631.0,382.0,12.2266,9.8512,4.991,6472.866666666667,481.9852705731668,4.89273134806276,78.075,30.563,28.728,4.991,21.398798506227283,0.8755846807233554,35.03,369846.0,16.504901960784316,31.65686274509804,51.83823529411765,26213.0,35691.1,13158.53,16.539135979595088,17.556710821702243,17.556710821702243,1.1884593356762363,77.55,0.00106066,0.1,0.013218869591015425,0.0014619414100889255,0.001120765589177597,-0.02184712335013318,-0.009217167436261647,0.009969444461283259,-0.12949103119573552,0.0034336385726928486,0.01718571471213361,-0.0027701453526969757,-0.009669081698521044,0.0009168497766368006,-0.004783057206892404,-0.012224925214657557,0.00044141104537993755,-0.0010021545414347437,-0.004274632455781107,-0.0007474029960576578,-0.026864084308617753,-0.002985224143136279,-0.0031874446426518157,0.003685850916430338,-0.001960342222475437,-0.004390485257841632,0.0002461571653839232,-0.02108680441579781,-0.003081736333668229,0.0013628956889733764,0.004802713979850508,-0.0175721702601295,-0.014417294756975025,-0.013410713564371702,-0.004679714190773663,0.00711743043444584,-0.022115519926301192,0.000743559402879326,-0.0057952000980731,0.003764744932064779,-0.0002879797904751853,-0.00236772461421787,0.0008607267523184695,-0.8143765657782789,0.011383543100673738,1.0750239021680317
6.725,0.1294402405123,1.624522525286,27.5,221.9,0.5033127665519714,0.146291509270668,1.899999976158142,32.04999923706055,0.1670332103967667,227.2692108154297,129.4583129882813,41.8,0.9984,37631.0,382.0,12.2266,9.8512,4.991,6472.866666666667,481.9852705731668,4.89273134806276,78.075,30.563,28.728,4.991,21.398798506227283,0.8755846807233554,35.03,369846.0,16.504901960784316,31.65686274509804,51.83823529411765,26213.0,35691.1,13158.53,16.539135979595088,17.556710821702243,17.556710821702243,1.1884593356762363,77.55,0.11,0.000707107,0.012458918665768573,0.004118361819302648,0.0009075365083990886,-0.018873448699712764,-0.010342762985848795,-0.008190012422855957,-0.11980225330695977,0.00318143235985189,-0.08108859145583117,-0.0022433311591157747,-0.006237577803083659,0.000773230790859082,-0.0023825220282888042,-0.015197132067056343,0.003988227401394392,-0.001280502161593181,-0.0026091242975089584,-0.0007884818445891139,-0.016549167803605085,-0.004871407829457871,-0.0032055483747972153,-0.0008983236979693039,-0.005628214746946463,0.0012522745635360326,0.005002032362739556,-0.022179906378965813,-0.0015164509500609383,-0.0014889637930318729,0.000299203258240593,-0.019149114624015078,-0.004005494451266712,-0.007710307767614724,-0.0037105167518602725,0.0028958927573403412,-0.009348954371758738,-0.0060630174073157865,0.0018876187308924247,-0.0005163241868140167,-0.0013155550644732873,-0.002465805158251922,0.002289281256962574,-0.7457970544600394,0.013431526108179237,1.0750239021680317
6.22,0.1396255252606,1.262405959324,27.7,421.2,0.3442819714546204,0.0872379466891288,1.700000047683716,32.13000106811523,0.1197903603315353,227.1785125732422,127.3537368774414,113.44,6.47,113005.25,3048.97,56.37,31.11,33.02,4048.8,632.6927383685123,17.070544762331334,178.61,74.6,52.48,33.02,11.832260392384752,1.0136065476243834,41.19,962714.0,23.22925734100645,37.059541398199215,39.71120126079434,40450.0,30441.0,14677.0,7.420621787035737,5.286083690348805,5.286083690348805,0.6079000575173069,68.94,11.13,13.68,-0.023665760585106888,0.0018437872546492096,0.0013031950592994669,-0.043904472167836495,-0.010169568250421446,0.01481749456282706,-0.2515939894162585,0.0026046211333014104,-0.1055034857102437,-0.0050747569880913775,-0.010328314417740302,0.0035303288330324036,-0.001652054080157539,0.01715943063900338,-0.015585987445665517,0.011154382561799125,0.00693769789149522,0.0020969915339956067,0.02518574523949062,-0.0037205729964189136,-0.025069332929328093,-0.022091652020346374,0.005817936637089594,0.0032066390044056202,-0.004829535752069181,0.027659400534117584,0.016133277073502518,0.0018375121641438729,0.002719878418836752,0.037133786863880205,-0.002838999791769314,-0.0012358180719893364,-0.0035136992009356716,0.00951888084353415,0.06929452075401785,-0.0007283601905219373,-0.008391207578591974,0.003692210202803847,0.002262263300362999,0.01881044563720934,0.0002328152330592248,-0.08045151552069002,-0.028083069890155445,1.0750239021680317
6.695,0.1274662076636,0.9835741501016,28.0,453.1,0.3051283657550812,0.2235206067562103,2.299999952316284,34.84999847412109,0.2128068059682846,332.4620361328125,129.8257904052734,121.17,1.24,111887.0,1972.8,69.36,49.35,35.98,2447.2,484.1916219491085,8.537303098494027,231.08,91.11,77.42,35.98,15.308206323678789,1.4921568515595265,37.51,1010017.0,18.514367546917764,44.48838459533429,36.99724785774794,40876.0,30965.0,14316.0,9.36200276864403,7.781782798224389,7.781782798224389,1.0236131895309892,95.51,7.83,1.63,0.0175331588888075,0.009356581200147063,0.0011738364025950187,-0.044365094795590254,0.007517502424772837,0.008434644450200746,-0.2052871039244346,-0.0072893089177086924,-0.134112368430011,-0.008761089836945757,-0.004775362793123339,0.003495198025135349,-0.0005965314551721779,-0.005394618973135923,-0.0005744991770479824,0.0005770814109127831,6.784677086397739e-05,-0.006799302869243529,0.02662620732979847,0.00189556924765929,0.0017433552108705008,0.0018397273081354748,0.0033877243844326554,-0.0010619498726446408,-0.0064957095580175485,0.018450204502325485,-0.0011658351542428226,0.0030692340699024377,0.017385184098966434,0.043597504702629505,-0.0013260974024888127,0.006454544607549928,0.005230122251436109,0.005834595574764545,0.04415815417980777,0.008824739654548452,-0.0041055267995688816,0.000658478967845455,-0.001141461888328177,0.0034669944376219176,0.002721286890795438,-0.1871067890615668,-0.007141795721836386,1.0750239021680317
6.734999999999999,0.1139399067812,1.809336543191,27.8,320.3,0.398882657289505,0.1910979747772217,2.0,32.47000122070312,0.2028783857822418,197.2183074951172,97.66290283203124,79.7603,1.3218,37783.0,436.0,32.0201,11.986,14.3018,1405.4666666666667,317.1284444481749,3.659529465087586,119.14099999999998,45.663,16.368,14.3018,22.549304697785008,0.6391463480032891,44.35,477241.0,11.4,37.1,51.5,71561.0,34380.0,21443.0,14.98400185022494,14.347792906389309,14.347792906389309,1.8324918038196647,67.5,48.07,26.31,0.049594928076956424,0.01924832346313634,0.0044803041070699545,-0.0768067526628729,0.0055059243638534315,0.033785489235539,-0.40732516433182175,0.028452496194979138,-0.18333804493397474,-0.007732073172926912,-0.02123190436407455,0.0018914921628310766,0.008290838006185363,-0.002076622128835881,0.010371406930033144,0.010198985907249158,0.004122305262833836,0.0038734965261537748,0.0018694231633562875,0.005279163993196579,0.026532695495989144,0.03913460114807825,0.0017110338106286148,0.011237912132870388,0.008410154380602742,0.0038057978912256706,0.010072510070400342,-0.0011401563349645704,-0.002394114171853312,-0.009743959828279946,0.0145287538995035,0.0062597784777171485,0.010066301098326236,-0.010044855360407345,0.024202916614012825,0.01831167592410927,0.010908438363811035,-6.071125692689305e-05,0.0038348096816335333,-0.002367139902664328,-0.006042296484345589,1.1461705847228878,0.08397473897458986,1.0750239021680317
7.12,0.1738742953797,2.067589227543,27.4,161.7,0.3403342366218567,0.1695738881826401,1.200000047683716,34.47000122070312,0.1841316670179367,232.0772094726563,132.0273895263672,90.0226,0.7435,42621.0,380.0,29.4862,26.9367,6.0698,1695.8666666666666,337.6107982224757,3.0100678849520373,126.243,48.203,43.513,6.0698,23.893469695255813,0.8922933064271592,52.67,391262.0,5.5,42.2,52.3,87708.0,38644.0,23300.0,29.21013066820637,20.030529177502824,20.030529177502824,4.456108026187788,110.8,0.35,0.000707107,0.009004891035263429,-0.0002920724679715834,-0.001870160259772077,-0.021837561503634785,-0.008257722067879478,0.0038441983610391513,-0.12948803833476266,-0.0019496219232678544,-0.11026250788057226,-0.0015771782125811884,-0.0077045647401828305,-0.0015786069089081193,-0.0005240822960622773,-0.012982408571988378,0.0007711284117540379,-0.00348875524452887,3.519133210648966e-05,-0.00015187589498235967,-0.01610303967772051,-0.0007339527030708169,0.008517362781334675,0.0010384533801116047,0.00043336027371697886,-0.0007124745079781665,0.002514521655859448,-0.010588790605426768,-0.0037517395992763118,-0.0016491035205545104,-0.0027815709882416015,-0.006477263360749909,-0.004859007673105248,0.00037602794868872813,0.0002709613209590363,-0.004916420390014534,-0.02983487257570957,-0.002010734958341345,0.005066910197725524,-0.001925242722267306,-0.0005908116889186092,-0.008533765700412919,0.004058124703122296,-0.729075845106854,0.017841943801264276,1.0750239021680317
6.485,0.07505783322448,0.7726308297319,27.3,533.4,0.5887801647186279,0.7191327214241028,2.099999904632568,33.04000091552734,0.6253061890602112,255.7650146484375,133.0,69.61883,3.1667,31295.0,362.9812608948286,7.9764,10.4369,25.54,1008.69,431.0012394986916,4.999053310767506,72.61,11.98,17.16,25.54,29.247120158096035,0.4441104259190304,62.5,205105.42621421916,6.613355601948504,25.327743910925538,68.05890048712597,63992.0,36649.66,25491.99,8.611711314748359,6.341558665661586,6.341558665661586,2.4926882667224866,70.9,56.1,22.97,0.05046339153358716,0.029046326699200976,0.008218983128666979,-0.010767230986617471,0.06290969270863563,-0.005398993187351142,0.3199365716762841,0.04397862889105456,-0.23611549830134027,0.005930069505237079,0.017458390927524305,-0.01604752547992396,0.026603916165186058,0.04546052633482034,0.056805942320963365,0.008515869491267902,-0.01564278246182954,0.011383953212061893,0.11836344380874653,0.026965787142980924,0.023488838181830986,0.022837623819010378,0.003853638130938597,-0.013727527286857388,0.01909859959827731,0.08639600998116662,0.04977122720610343,-0.012164744772249825,0.02546242056461052,-0.02962592971720729,0.045379527195356775,-0.021492087119491764,0.050285199457546725,-0.003743839227827328,-0.003798911237856406,0.02236913685826586,-0.021147490194765816,0.0031180202406830616,0.0034541731970384347,-0.019252274512546075,0.007121792071033329,1.5017905138407368,0.1584881784052123,1.0750239021680317
6.365,0.1147868051168,1.183626584146,4.3,26.0,0.1972007304430008,0.290416955947876,0.5,6.380000114440918,0.2823335528373718,270.0374450683594,130.0,60.6455,0.7705,18738.0,201.0,20.6519,13.225,6.148,775.0,236.6058463286824,2.5380390176147487,79.195,32.652,23.515,6.148,12.782698470895246,0.7724210753786316,47.21,209885.0,11.2,48.7,31.3,49780.0,37342.0,15884.0,8.251880779338212,6.642425473153561,6.642425473153561,0.2421040892193308,53.7,9.34,1.27,-0.022636954386252885,0.001991002065129588,0.0009976679384708143,0.005863813486415926,-0.015887507430743443,-0.007971579439705246,-0.15170296120108104,0.0005215727868489783,0.008267945059109483,0.0009779105356428675,0.0009932310259901157,-0.00479582113493231,-0.00499873654590921,-0.021556691998383025,-0.0005594958856236065,0.0006911049715708883,-0.0033679950933437675,0.0031068656365386806,-0.026768654845422114,0.0007979319102596416,0.015070889247115683,-0.001975907542742794,-0.003265380341326818,-0.002858289456227825,0.004814831460826096,-0.02771563885104842,-0.00890044534625486,-0.0027907406953163404,-0.005609056966146419,-0.030967381325084708,0.015071998783154416,0.016382069326238702,-0.015174111633095889,-0.002610508774872855,-0.02131164091615938,-0.007314670802094037,-0.0066263163790572285,0.0012418267289177054,0.0013632184888702104,0.027004133058013403,-0.006870539371389883,-0.1597201840970665,-0.013298628759337627,1.0750239021680317
5.66,0.2095821009921,2.211532849444,3.1,22.0,0.1978944689035416,0.3411900699138641,0.800000011920929,7.630000114440918,0.3212240040302277,321.0201416015625,130.0,62.8682,0.7473,30465.0,544.0,23.7417,15.1611,8.037,883.0,391.6363496124131,6.993276684364113,77.789,31.907,28.226,8.037,12.555758966506351,0.9191379276851872,47.4,302484.0,8.8,57.3,33.9,63896.0,41068.0,18414.0,9.819277128486252,7.904115227830772,7.904115227830772,0.4381657992565056,63.9,4.11,3.66,-0.19407205446378792,0.0006232797043631009,0.0005255966074764661,0.0031861063156975373,-0.003942027882789265,-0.0005192012215265917,-0.08743063271092251,-0.000901385337463574,0.0069996158311841986,0.00039080807310525446,0.0008060703357914492,-0.0011269723098957715,-0.00011465209187007837,-0.010907378129428252,-0.0006372231829445722,-0.0038054599463939616,-0.00036603903537616285,0.0031184192528016922,-0.011317580066621284,0.0001930031726369603,0.0035650576746556846,-0.0009340229360386618,-0.0013964636408490948,0.00010763700748793711,8.49681264953577e-05,-0.009269906989997231,-0.006104793571168531,-0.00033346976037137527,-0.006565567695535743,-0.015447525706724263,0.0032139790361980004,0.007497362767579038,-0.003550213211099616,-0.0016682826634496339,-0.0494553827655036,-0.0011945234363665712,-0.003663407775107786,-0.00023743860528338778,0.00023078007576988243,0.004510476892115526,-0.00014550046774093354,-0.6820737001170636,-0.010133341055014174,1.0750239021680317
6.105,0.1732695057781,1.83224403656,3.4,7.0,0.1602319031953812,0.2202560305595398,0.6000000238418579,8.40999984741211,0.2098356187343597,280.4542541503906,130.2056732177734,183.5192,0.98,54651.0,1569.0,81.283,53.4333,1.4101,409.22,223.51233078401705,6.416915463580222,244.51,108.676,89.27,1.4101,21.606103183901,1.091960683698584,44.1,646581.0,15.7,29.6,54.7,32791.0,38369.0,16598.0,29.188471783605653,21.4702652156679,21.4702652156679,0.2514382037807957,117.0,42.15,26.59,-0.2117793644109042,0.003056089571910037,0.001354829438030658,-0.003567818796262179,0.010045602887286797,-0.04970804131601474,-0.29985115502169346,-0.003125867516035219,0.044206223512534004,-0.00837970024719833,0.0054150198841234395,-0.0009516147039830836,0.020689737199456437,-0.019999001953983707,0.0032019826357718496,-0.020146627985755904,-0.009682527452823664,-0.00935409895342305,-0.04360021787672308,-0.0010902045395923432,0.029312423311988835,-0.0026674065501429032,0.015220575175131668,-0.0011301064494764535,-0.01133211256458887,-0.06348575364449062,0.00016997676074970158,0.0014518816104391653,-0.0008145219564903549,-0.002374682589201249,-0.01011918757727832,-0.008523538074688964,0.005674505427712561,0.00047594717773605797,-0.03752567492146044,-0.002465469681192156,0.011580226458143394,0.006187346842372798,0.00041316875535999385,0.009072721581207588,0.008035100616747481,0.7977472592741252,0.013470122156897569,1.0750239021680317
6.49,0.1605837784232,1.544346997286,3.3,21.0,0.3203232288360596,0.5338107943534851,0.6499999761581421,7.849999904632568,0.4770486354827881,306.6544189453125,129.1849212646484,78.86,1.51,42101.0,1310.02,57.39,30.39,23.13,2283.8,239.6050310170167,7.455580217403678,175.70999999999998,75.89,47.08,23.13,11.640145980325425,1.1288686636714582,52.2,686334.0,16.06716086336319,29.95130135865117,53.98150854710848,36106.0,32559.0,16815.0,12.881572327495135,5.887189901806822,5.887189901806822,0.6001059414337037,94.45,45.62,26.130000000000003,0.04367965419241231,0.01024421657226049,0.009182145923376028,0.004687537212157622,-0.026268582244869366,0.03526091384980825,0.18602270730840975,-0.010053081369958795,0.06930428257607853,0.004097074397606737,0.017893864238634836,0.002466381573351084,0.0023806903820950964,-0.016326691085938427,0.014922625454142736,-0.009485420360229901,-0.0036164263754616234,0.00249314387724735,0.07083674429031084,0.002346058923518357,0.058779657420003815,0.0359422758610453,0.00587084468221295,-0.009781602765666331,-0.006598538693506351,0.04590212772879747,-0.013925794418668369,0.004883689932059454,-0.007300193493720153,-0.0020036192503757764,-0.023238874782575313,-0.0033067265872377626,0.011664189830422412,0.0049047717696521385,0.06551198927313087,-0.00610720517276786,-0.000344756622798692,-0.002681594473775406,-0.0037425415441393996,0.018825285729952103,0.0032150653409771745,1.5627001771966462,0.060085019949823605,1.0750239021680317
6.565,0.2264315865326,2.033548315905,3.6,21.0,0.3838760256767273,0.5992656350135803,0.75,6.25,0.5294125080108643,274.3808898925781,127.9325256347656,97.05,1.21,106381.0,2590.42,55.63,35.38,21.39,6084.07,610.4028000918064,14.863552903373884,174.27999999999997,73.07,53.35,21.39,11.545413701275482,1.3286396630675812,42.31,858592.0,16.673582357043852,41.11565010222189,42.21076754073426,42877.0,31410.0,15449.0,10.182451797210655,6.929020407132105,6.929020407132105,0.954641587443107,92.11,6.65,1.39,0.018876613844651734,-0.009141774461604657,-0.0018728181794285814,0.0043775390821974795,-0.009671010262332802,0.006707783656427646,0.06667057820595802,-0.007400591179961347,0.011662438847823031,0.0024328435000498085,0.0074814942998346345,0.00478758083074351,0.0002896071791182897,-0.017393818963086238,-0.008905262066749875,0.008288177369628124,0.001144138304982345,-0.003234993347432469,0.0006144863604567897,-0.003332497210707519,-0.02813453759532425,-0.018400524895638204,0.002933339335955687,0.0043148064163979205,-0.0024700207910500205,-0.0002765418456401658,-0.008053178250323968,-0.0016815819952171406,-0.0034710685033351395,0.017604647120693696,-0.01998398036113941,-0.0004065854419022741,-0.01198861813894474,-0.005740984528558346,0.037294847165001574,-0.009623253940837462,-0.0050344913920853385,-0.001159108839230627,0.0008577037276700228,0.004210196988191461,-0.0007170854785945146,-0.2048097459673881,-0.007157014033291465,1.0750239021680317
6.99,0.1059911845053,1.263483969206,2.7,19.0,0.1251616626977921,0.1729066520929337,0.300000011920929,4.829999923706055,0.1883253157138824,142.1536865234375,121.3395462036133,41.8,0.9984,37631.0,382.0,12.2266,9.8512,4.991,6472.866666666667,481.9852705731668,4.89273134806276,78.075,30.563,28.728,4.991,21.398798506227283,0.8755846807233554,35.03,369846.0,16.504901960784316,31.65686274509804,51.83823529411765,26213.0,35691.1,13158.53,16.539135979595088,17.556710821702243,17.556710821702243,1.1884593356762363,77.55,0.00106066,1.22,0.01605155738163737,0.0023551066593500074,0.0007898765250574768,-0.005682028922950833,0.0004369107261300107,-0.005199504954856807,-0.12800697892089374,-0.00033148401533253933,0.004587366992258469,-0.0037283894539578027,0.002453931052703405,0.0008554427644703367,-0.0045875264784553905,-0.012242653272347538,-0.0007854580017738023,0.003832194805028844,0.000249898922978898,-0.0015771616431884163,-0.03119693841272963,-0.0007055251428392069,-0.005039809255511484,0.004662541125901058,-0.0029800821203971335,0.0031621821047738015,0.001820514437742522,-0.015997266787220722,-0.003630765591515249,0.0013813174914103017,0.003407151094172157,-0.019641557738534165,-0.0027215673708124166,-0.007574178088572821,0.0003243481102399526,0.0040235151454108,-0.021385148759465643,-0.002481355627300198,-0.0046475576820084975,0.00011427376267967512,-0.0009510022845351998,-0.0005064077714923537,7.445857604036158e-05,-0.8291325788411777,-0.012789635315188199,1.0750239021680317
6.89,0.17364974024,2.296341613553,2.7,19.0,0.1220132410526276,0.2162890136241913,0.2000000029802322,8.630000114440918,0.2230312079191208,227.2692108154297,129.4583129882813,41.8,0.9984,37631.0,382.0,12.2266,9.8512,4.991,6472.866666666667,481.9852705731668,4.89273134806276,78.075,30.563,28.728,4.991,21.398798506227283,0.8755846807233554,35.03,369846.0,16.504901960784316,31.65686274509804,51.83823529411765,26213.0,35691.1,13158.53,16.539135979595088,17.556710821702243,17.556710821702243,1.1884593356762363,77.55,0.00106066,0.000707107,0.016015181306633212,0.0012870809994638206,-0.0019028401183895731,-0.002799952073488386,0.0011570624217856602,-3.337440791073634e-05,-0.13640451661346015,-0.0016680928578134489,0.010655786871444438,-0.0030244410919258273,0.0006839002246269885,0.0009712362969294356,-0.0025356665395665904,-0.015401268796878859,0.0003004356294404754,-0.0009808651988860106,0.0016258401717059116,0.002752086253371078,-0.02421030652162153,-0.004100357032730227,-0.00712113707640675,0.003592416664585473,-0.003346559794852545,-0.0005828251903876658,0.00015297587250824764,-0.021575585288694122,-0.001850027801003295,0.0014440653151832814,-0.0012073875082423795,-0.022785299696377482,-0.006929353102459579,-0.010505618381896042,-0.0040739505543606214,0.0077087877099402315,-0.014640727858524766,-3.096217103302846e-05,-0.0019311883782502318,-0.0014072907725349206,-0.0024837669831467963,-0.0006915626840200232,-0.00020466370484791186,-0.8398958010553615,0.013038558742380696,1.0750239021680317
6.6850000000000005,0.2234949169228,2.132437712,3.1,16.0,0.1741376221179962,0.2516548931598663,0.449999988079071,7.449999809265137,0.2513239085674286,227.1785125732422,127.3537368774414,113.44,6.47,113005.25,3048.97,56.37,31.11,33.02,4048.8,632.6927383685123,17.070544762331334,178.61,74.6,52.48,33.02,11.832260392384752,1.0136065476243834,41.19,962714.0,23.22925734100645,37.059541398199215,39.71120126079434,40450.0,30441.0,14677.0,7.420621787035737,5.286083690348805,5.286083690348805,0.6079000575173069,68.94,52.94,6.29,0.02549212780478415,-0.027630537515506138,-0.0022822984829545478,-0.021650107491994263,-4.4919433072254654e-05,0.004555796877481033,-0.3629683433098253,0.0013999441566411753,0.0032868048243690383,-0.006439170920057235,0.012691775694023855,0.001399311248213042,-0.001097139204270181,0.1011697783346754,-0.02987805714318529,-0.0812743501227815,0.0022218344687716996,0.001240247047157017,0.09558762339944948,-0.0059561813545878865,-0.04791769236430986,-0.11431973852100788,0.011148600970627753,0.006938541145646004,0.0028269345175940485,0.08324257033178582,-0.014184601613087622,-0.00040086271637124193,0.005126190060749658,0.047858595367055425,-0.031385254866327136,-0.003439158201799719,-0.004695562673383435,0.0008545025570783959,0.0691802461016923,-0.005287668854929461,-0.012852898040553572,-0.001228755176300167,0.000889468813547889,0.015401112437713882,0.005334263464668809,0.9773595078552608,-0.04850070827035237,1.0750239021680317
6.885,0.1605434077526,1.438917600993,3.3,9.0,0.2447891235351562,0.3198673725128174,0.6000000238418579,8.010000228881836,0.3058938980102539,332.4620361328125,129.8257904052734,121.17,1.24,111887.0,1972.8,69.36,49.35,35.98,2447.2,484.1916219491085,8.537303098494027,231.08,91.11,77.42,35.98,15.308206323678789,1.4921568515595265,37.51,1010017.0,18.514367546917764,44.48838459533429,36.99724785774794,40876.0,30965.0,14316.0,9.36200276864403,7.781782798224389,7.781782798224389,1.0236131895309892,95.51,66.02000000000001,23.31,0.06376321338419805,0.00788626982457934,0.005090837456285924,0.006527799193281702,0.030805946606909874,0.012311985313426777,-0.319188398133032,-0.001680111853172872,0.05643158007366582,0.0026138363995123815,-0.024132127574179364,0.0015043092789128077,0.013055187859805284,-0.0119472370729781,-0.01448183735809283,-0.029144896994577785,0.0025240916509647214,-0.004932387016015139,0.059097844320582224,0.004683082921896109,-0.006633436543866988,-0.00542287196451805,0.01034730794373897,0.0020314587387256777,0.007048057678854014,0.0979261332312599,0.00827468219888392,0.00545738709578294,0.02116270541190173,0.07365854797628717,0.031463492462411556,0.01584874800918621,0.0008848468209616378,0.006778840551385623,0.066872389119817,0.006768538403091951,-0.005533916714135579,0.0006715602804906462,0.0012800287394783894,0.01454211830976424,0.018603420736500963,1.2119512991891241,0.02710270638414658,1.0750239021680317
7.01,0.119155109289,1.256707293646,3.3,16.0,0.199992373585701,0.3218914866447449,0.300000011920929,9.979999542236328,0.3075131773948669,197.2183074951172,97.66290283203124,79.7603,1.3218,37783.0,436.0,32.0201,11.986,14.3018,1405.4666666666667,317.1284444481749,3.659529465087586,119.14099999999998,45.663,16.368,14.3018,22.549304697785008,0.6391463480032891,44.35,477241.0,11.4,37.1,51.5,71561.0,34380.0,21443.0,14.98400185022494,14.347792906389309,14.347792906389309,1.8324918038196647,67.5,17.16,1.83,0.03779423525487073,0.00638975376449521,0.004285459518199841,-0.024596468805102634,0.004659688053186994,0.02710326155973598,-0.2036877717012539,-0.00019176820549179351,0.049506553314160526,0.0008251376284752143,-0.0035454976106993217,0.006545167684787856,0.0025419922906439797,-0.013387843688717127,0.0036443919031880377,0.003318644191604103,0.00522399342549037,0.00442709184810518,-0.0024802085820119445,6.268807430749312e-05,0.016700933204963807,0.0028823624842334917,0.002978901098948006,0.00693632439104841,0.010013780424371354,-0.003920480961678574,0.0031947546200826295,0.0006785331096034519,-0.0014679771270602825,-0.0031728600864298294,0.0024828899067360632,-8.762694429653717e-06,-0.00035965123982169,-0.007176975213224091,0.006835530730895744,0.006646101466612908,0.0002462911887560315,-0.0004062568699009894,-0.0007770406873896963,0.00022581114550120906,-0.002744351836387093,0.2893581809909083,-0.022002179832663383,1.0750239021680317
6.85,0.07623938666431,0.9117736874711,3.4,7.0,0.1214609667658806,0.1533065140247345,0.300000011920929,8.59000015258789,0.1726452112197876,232.0772094726563,132.0273895263672,90.0226,0.7435,42621.0,380.0,29.4862,26.9367,6.0698,1695.8666666666666,337.6107982224757,3.0100678849520373,126.243,48.203,43.513,6.0698,23.893469695255813,0.8922933064271592,52.67,391262.0,5.5,42.2,52.3,87708.0,38644.0,23300.0,29.21013066820637,20.030529177502824,20.030529177502824,4.456108026187788,110.8,0.62,0.000707107,0.014634624871890997,0.0018853787116240605,0.0015913547072559456,-0.006506714382907379,0.005575108390301464,-0.002973693363834179,-0.1451694027901394,-0.0006823415805119872,0.010655423554009755,-0.002349093494121909,-0.0064933388436911686,-0.0015694658001884753,-0.00032129032001834153,-0.015352374416310358,0.000965529928100296,-9.54369932878678e-05,0.0013954729158431557,-0.0001824118600925448,-0.019524325720965862,0.0008501769102876991,0.004550513025606035,0.0009714185865595979,-0.00026960453286299673,0.0014259220783133368,0.0035858822456793886,-0.01880240002705249,-0.0028651149481302082,-3.0413303757210323e-06,-0.0028510452967602656,-0.011120399310719212,0.004508679040940484,-0.0002464747680351072,0.0003425813323119604,-0.005557991449139092,-0.015128600398311381,-0.007519741222960832,-0.003158183681312941,0.00029493080487008963,-0.0014750904411775898,-0.02651629000599497,0.0029647355841007006,-0.8485429331948978,0.016332329106749983,1.0750239021680317
7.01,0.1636396561405,1.491558335471,2.7,4.0,0.2174653857946396,0.3065177798271179,0.300000011920929,6.590000152587891,0.2952142357826233,255.7650146484375,133.0,69.61883,3.1667,31295.0,362.9812608948286,7.9764,10.4369,25.54,1008.69,431.0012394986916,4.999053310767506,72.61,11.98,17.16,25.54,29.247120158096035,0.4441104259190304,62.5,205105.42621421916,6.613355601948504,25.327743910925538,68.05890048712597,63992.0,36649.66,25491.99,8.611711314748359,6.341558665661586,6.341558665661586,2.4926882667224866,70.9,33.3,0.6900000000000001,0.05334686881094235,0.007377607032656696,0.005895740628708202,0.0016438649988267163,0.025185684420401276,0.03009870610502551,-0.25970071976352477,0.00016052530542944864,0.058909470079699544,0.004768471526913376,0.007265455817105304,-0.01189268541149795,0.0035573464762419403,0.04227421442302874,0.012281411779578755,0.00466485896799711,0.00702114176563916,0.00819369936222214,0.05578650058479982,0.00930219405563546,0.008098584210965798,0.015318899684352794,-0.003184363654814659,-0.005512601764639857,0.01593200227152556,0.04642329467763194,0.019644430221989796,-0.0014758324276189726,0.0163655589644331,-0.0252678349725902,0.04351645744335832,-0.024135910714976515,0.022007401268230743,-0.0016014192034490727,-0.011770970885176212,0.012963483785511909,-0.005508495550136905,0.014467133300844615,0.01633860245207327,-0.009780635701026741,0.005804618531372363,0.9848624390685,-0.025157142971642378,1.0750239021680317
6.355,0.1134605722313,1.226288784831,20.0,15.0,0.5981937646865845,0.7840847373008728,1.5,25.61000061035156,0.6772677898406982,270.0374450683594,130.0,60.6455,0.7705,18738.0,201.0,20.6519,13.225,6.148,775.0,236.6058463286824,2.5380390176147487,79.195,32.652,23.515,6.148,12.782698470895246,0.7724210753786316,47.21,209885.0,11.2,48.7,31.3,49780.0,37342.0,15884.0,8.251880779338212,6.642425473153561,6.642425473153561,0.2421040892193308,53.7,21.04,0.64,-0.028616309123579386,0.006093019585125137,0.0020397526083979376,-0.010254842967260614,0.004565659576561321,-0.019029479741351683,0.1760275475019589,0.0017332497180905348,0.05390145271364601,0.0022748132180422597,0.006323695152997943,-0.007823143211193363,-0.013324707589345097,-0.015819935835432307,-0.005299808295676556,-0.007599845843389607,-0.01058009917754681,0.002531379461754135,-0.037122296286281165,-0.00044633334432730987,0.015847525174031086,0.0025323994483333334,-0.01406483084894713,-0.002591104238526909,-0.001059649268398044,-0.03467520536272785,-0.010108169959858092,-0.0020557120784651774,-0.004766059834975744,-0.030209461934398864,-0.001375652367714797,0.0011944674253463682,-0.01886742235813289,-0.0017209325323346513,-0.055446620268048696,-0.011156427397159819,-0.0036819090491626793,0.00012808640953152484,-0.0010603197189047787,-0.004723738222382945,-0.008967016814742235,0.31926463565160523,-0.04416888956842011,1.0750239021680317
6.385,0.1795637312951,1.79149926306,18.6,19.0,0.5894808769226074,0.7502785325050354,1.5,24.8700008392334,0.6502228379249573,321.0201416015625,130.0,62.8682,0.7473,30465.0,544.0,23.7417,15.1611,8.037,883.0,391.6363496124131,6.993276684364113,77.789,31.907,28.226,8.037,12.555758966506351,0.9191379276851872,47.4,302484.0,8.8,57.3,33.9,63896.0,41068.0,18414.0,9.819277128486252,7.904115227830772,7.904115227830772,0.4381657992565056,63.9,45.35,48.18,-0.017484867794206473,0.008199402794009148,0.0018189464698081137,0.053750285081798174,0.0009158240926917416,0.015070236236788371,0.26740341081004587,-0.010068185024196296,0.10467832186864685,0.0028056112669873736,-0.020456498574931148,-0.0005498677170834521,0.002234734926372839,-0.04274646750604737,0.004518884368939336,0.028037043084623226,0.030812588373664775,0.025720907024806373,-0.018495824226178237,0.008540786130353806,0.027106073925271645,0.07065015175170264,7.135223387740863e-05,0.024079663738375546,0.005790647593792564,-0.015558985677082082,-0.017890871894313053,0.02225968588632531,-0.0028784648091532473,-0.026577244598651305,-0.01505351442773828,0.004429899080656508,-0.02300539500918236,-0.012450723939342389,-0.11229251430672593,-0.0017600651253015353,-0.007213542507262883,-0.003838119247462568,-0.006330973314354227,-0.018615357187111003,-0.005488365706754861,1.4205758113986815,0.13468848569039257,1.0750239021680317
6.045,0.4323661659069,4.523324693613,18.6,4.0,0.5635682940483093,0.7286205291748047,1.700000047683716,23.09000015258789,0.6328964233398438,280.4542541503906,130.2056732177734,183.5192,0.98,54651.0,1569.0,81.283,53.4333,1.4101,409.22,223.51233078401705,6.416915463580222,244.51,108.676,89.27,1.4101,21.606103183901,1.091960683698584,44.1,646581.0,15.7,29.6,54.7,32791.0,38369.0,16598.0,29.188471783605653,21.4702652156679,21.4702652156679,0.2514382037807957,117.0,79.4,182.5,-0.35097242693742736,0.03595280386111706,-0.05444704603753049,0.053375696813687645,0.040745635314146066,0.06683158774138426,0.28155261434055867,0.010637539941817441,0.10017937967460593,0.0037554376036859627,0.015036545098060693,-0.0004492272862699043,0.04912712321570145,-0.04018823904893356,0.0050489431533497385,-0.0031575003985781502,-0.020760236356640205,-0.014083654400426925,-0.031618493051966665,0.010948477658443178,0.06740106311487035,-0.014547523129265761,0.01729855888639579,-0.0038945809595752334,-0.021228502220474187,-0.04650581302540371,0.004046052245423237,0.0010934450665954,0.002377604020759505,-0.00029641679883934957,-0.01081853778730144,-0.0034688355680554395,0.023917054926510993,0.007248517297673962,-0.04066845049126999,-0.003739813461899788,0.017589147475315214,0.020247070336015895,0.015833182195201502,0.029085103742079732,0.011179060311056666,1.5980502089103683,0.12661406102729966,1.0750239021680317
6.76,0.1383364927277,1.36151947826,18.3,32.0,0.6368365287780762,0.8975669741630554,2.400000095367432,24.67000007629395,0.7680535912513733,306.6544189453125,129.1849212646484,78.86,1.51,42101.0,1310.02,57.39,30.39,23.13,2283.8,239.6050310170167,7.455580217403678,175.70999999999998,75.89,47.08,23.13,11.640145980325425,1.1288686636714582,52.2,686334.0,16.06716086336319,29.95130135865117,53.98150854710848,36106.0,32559.0,16815.0,12.881572327495135,5.887189901806822,5.887189901806822,0.6001059414337037,94.45,39.64,10.96,0.08771107300301084,0.018146821681875758,0.009655127055943047,0.07006819129525685,-0.015052442736458038,-0.029815626652212802,1.027681144603528,-0.0026021945350802934,0.13759628538496332,0.0033434391682967577,0.01618177670380101,0.00282901671133009,0.00014449003245682325,-0.0006844262683298075,0.022901915880618497,-0.05587332411296671,0.03146648928453215,0.023730349260149396,0.14623789278790353,0.036452370364451724,0.03176985968882216,0.016160015233559522,0.011042227822588836,0.008916829963680272,0.03419679329125215,0.0858703171601519,0.012998028009431372,0.062053449969156696,0.0026359123401344274,0.004426343039376723,-0.013254951881244792,-0.01380009772896298,0.006167407017550352,0.011127114056609622,0.07311771298688838,-0.0037627894238102533,-0.00959069680771799,0.0025485832062549286,0.005603218331001724,0.021030835790326885,0.010572141691111047,1.5606942085332705,-0.05824558587907812,1.0750239021680317
6.675,0.2890472276714,3.014214178748,19.0,46.0,0.5933253765106201,0.8934727311134338,1.799999952316284,25.76000022888184,0.764778196811676,274.3808898925781,127.9325256347656,97.05,1.21,106381.0,2590.42,55.63,35.38,21.39,6084.07,610.4028000918064,14.863552903373884,174.27999999999997,73.07,53.35,21.39,11.545413701275482,1.3286396630675812,42.31,858592.0,16.673582357043852,41.11565010222189,42.21076754073426,42877.0,31410.0,15449.0,10.182451797210655,6.929020407132105,6.929020407132105,0.954641587443107,92.11,7.529999999999999,16.56,0.026779211053391906,-0.01914738937397482,-0.003915625458816086,0.03421027643862177,-0.015768430260708555,-0.02183793919510213,0.4560819673251827,0.005091919966740554,0.05069194507878275,0.0033138165427372135,0.01011568525200709,0.006102603472536461,-0.006032507191412162,-0.01425832862686367,-0.02610396874183789,0.0018095452734269268,-0.0030843304672744432,-0.002593562301248309,0.006253343802178246,0.0019202585550956775,-0.008792289604665725,-0.0406268280444201,0.00019042862462813613,-0.001899675637483622,-0.013960842976346565,0.005208251165226108,0.0015688398636411582,0.01046129311085675,-0.006648110385984151,0.02426430010725744,-0.02647702739969826,0.003982921482296708,-0.008289667492499552,-0.005746828922769065,0.03828226009430363,-0.0076450239112600404,-0.006323271073401027,0.001000687370775255,-0.0004967678626999316,0.009061873055296044,0.003855719308368899,-0.23598628292558713,0.004843247741693657,1.0750239021680317
6.975,0.3333314348394,4.644973571393,19.3,7.0,0.3762629628181458,0.6235977411270142,1.299999952316284,21.02000045776367,0.5488781929016113,142.1536865234375,121.3395462036133,41.8,0.9984,37631.0,382.0,12.2266,9.8512,4.991,6472.866666666667,481.9852705731668,4.89273134806276,78.075,30.563,28.728,4.991,21.398798506227283,0.8755846807233554,35.03,369846.0,16.504901960784316,31.65686274509804,51.83823529411765,26213.0,35691.1,13158.53,16.539135979595088,17.556710821702243,17.556710821702243,1.1884593356762363,77.55,0.74,2.05,0.019357323103118697,-0.009701042250962898,-0.002244750762940377,0.01391193139669487,0.006912041665636958,0.0029719102843664648,0.04621316487016157,0.0008461796741466744,0.0186169786674436,0.0003988530435599016,-0.009459461325546746,0.0009178156033158328,-0.007023234026739361,-0.014542644930537793,0.0032241436138283433,-0.0009205988741014203,0.001898323488538131,0.0021988337100483585,-0.02098600016534328,-0.005347977348137639,-0.006386246034060616,-0.0012602432933636009,-0.00407905970222781,-0.010886344178346916,0.0017234574117464905,-0.024197323882021025,0.004746253422112225,-6.729535269550183e-05,0.0012805050760507652,-0.01913320862711408,-0.011441587910521755,-0.007322622877545651,-0.005997855540597804,0.007165894402423875,-0.012886898268363428,-0.0029879622606094904,-0.00689148098067382,-0.00212940537161192,-0.0011227635748218728,-0.0028386516557074885,-0.0014296020148322117,-1.000214409480686,-0.013852770773344656,1.0750239021680317
7.3,0.08830742099776,0.9563473484437,19.3,7.0,0.4589750170707703,0.6835933923721313,1.100000023841858,26.98999977111816,0.5968747138977051,227.2692108154297,129.4583129882813,41.8,0.9984,37631.0,382.0,12.2266,9.8512,4.991,6472.866666666667,481.9852705731668,4.89273134806276,78.075,30.563,28.728,4.991,21.398798506227283,0.8755846807233554,35.03,369846.0,16.504901960784316,31.65686274509804,51.83823529411765,26213.0,35691.1,13158.53,16.539135979595088,17.556710821702243,17.556710821702243,1.1884593356762363,77.55,0.00106066,0.000707107,0.015885103132692147,0.002005632834858241,0.0010547783670480956,0.013615418559405939,0.010081216295482578,-0.006552486771368407,0.05110649028397163,0.00020804916357157772,0.02005896386667156,0.0002455989934969858,-0.00909104480152017,0.0013550671481061798,-0.005698640134884036,-0.01534784512454645,-0.00300910227431449,-0.002441201848676418,-0.002789681822061542,-0.0002944735507480669,-0.022599594733910627,-0.00877485298935789,-0.004801384847261949,0.00329314272582996,-0.007184789177146751,-0.0093409431495238,0.0025698274268070084,-0.02461936204577795,0.002304005548823622,0.0006741584104020447,0.0007783969693118755,-0.02117142215301283,-0.013387890895595772,-0.00918803652608768,-0.012149604027508743,0.010346260540187367,-0.02100699535326566,-0.0005153612161521205,-4.466777550985032e-05,-0.0013578408625908207,-0.0017405183578375616,-0.0016713578721973608,-0.003067525915103034,-1.0081657973956317,0.0075297073103720415,1.0750239021680317
6.335,0.2632378178348,2.549147377755,18.4,25.0,0.3566314578056335,0.5036435127258301,1.799999952316284,23.96999931335449,0.4529148042201996,227.1785125732422,127.3537368774414,113.44,6.47,113005.25,3048.97,56.37,31.11,33.02,4048.8,632.6927383685123,17.070544762331334,178.61,74.6,52.48,33.02,11.832260392384752,1.0136065476243834,41.19,962714.0,23.22925734100645,37.059541398199215,39.71120126079434,40450.0,30441.0,14677.0,7.420621787035737,5.286083690348805,5.286083690348805,0.6079000575173069,68.94,7.75,4.779999999999999,-0.08194285086099988,-0.009130462189903477,-0.0033425609159749127,0.03090146383224056,-0.010988867391599344,0.000875991075648952,0.0703060518815182,0.00259195012086999,0.04071547038992866,0.0020543949906714266,-0.021916457345127115,0.004713355606654646,-0.0010878754984587457,0.040662341285729806,-0.01087687690020538,0.010111488643568034,0.00983485154248771,-0.006168578337645192,0.021599914973368838,-0.0049888046195264765,-0.03259599710023028,-0.014780658412375459,0.0017915760050527863,0.0030893451038282336,-0.005629538971465087,0.03176297487015837,-0.0045402695543598545,-0.00016529653663748255,0.008041164027527015,0.06985018679010685,-0.0001533464184030664,-0.003532976026181134,0.006785982822650116,0.008701198246562836,0.09406808033678679,0.0006063892652746316,-0.004788097648881373,0.0012948667171876816,0.004217019809409939,0.02927452991041356,-0.0021182318385690293,-0.18630060789245179,-0.026109008156694445,1.0750239021680317
6.74,0.1080268747878,0.9551262178177,18.9,10.0,0.6282303333282471,0.8944280743598938,2.799999952316284,24.64999961853027,0.7655424475669861,332.4620361328125,129.8257904052734,121.17,1.24,111887.0,1972.8,69.36,49.35,35.98,2447.2,484.1916219491085,8.537303098494027,231.08,91.11,77.42,35.98,15.308206323678789,1.4921568515595265,37.51,1010017.0,18.514367546917764,44.48838459533429,36.99724785774794,40876.0,30965.0,14316.0,9.36200276864403,7.781782798224389,7.781782798224389,1.0236131895309892,95.51,12.57,44.8,0.047790771660394984,0.011712042858358408,0.002540753193199641,0.04866419852618129,0.01096317517687564,-0.035366372897522445,0.6434932317968924,0.0021143828814383482,0.0632906048696023,0.002559247108874829,-0.024311279033077993,0.00883648751955477,-0.002711389227304628,-4.640874499461933e-05,-0.01829214976471847,-0.006214906620793004,-0.007482889951905181,0.0008512747096829143,0.028601746633881688,-0.0018703807496931236,-0.008438711039489122,-0.0037881631539203207,0.0006487818204332196,-0.006931717142928395,0.0043647575131617435,0.02689694601437076,-0.0018213658307213222,0.004180929037742298,0.02234400816308333,0.0968263274477795,0.013226360406959393,0.014488336421782178,-0.0009670411606784723,0.021369841989595482,0.0657625444468577,-0.0023958728325087497,0.00197467685607271,-0.0031915992798749126,-0.005241264932323286,0.012931846883613641,0.0026708243240136874,0.07579770946293134,0.024012450191425106,1.0750239021680317
7.035,0.1068543922567,1.127225031548,19.4,13.0,0.4678736925125122,0.621826708316803,1.5,25.04999923706055,0.5474613904953003,197.2183074951172,97.66290283203124,79.7603,1.3218,37783.0,436.0,32.0201,11.986,14.3018,1405.4666666666667,317.1284444481749,3.659529465087586,119.14099999999998,45.663,16.368,14.3018,22.549304697785008,0.6391463480032891,44.35,477241.0,11.4,37.1,51.5,71561.0,34380.0,21443.0,14.98400185022494,14.347792906389309,14.347792906389309,1.8324918038196647,67.5,49.63,3.86,0.07398594794096414,0.011472135085612577,0.006510460563004039,0.05535704976273699,-0.00012497923825864897,-0.010316542147425967,0.27830358629184776,0.00263146280474027,0.11249473718227813,0.004664886113954769,-0.028671539148315682,0.0024611462627072587,0.0103604621400591,-0.013394059945130788,0.013332273798063454,0.014397654507774926,0.025280048560118208,0.011953977230470602,-0.005453921095002446,-0.0005417261358815484,0.03437910843384455,0.04219721130141987,0.004976821117568786,0.01034309210255735,0.0006718069131021132,0.020246637079864648,0.01522665107273502,0.0009107533060014328,0.00444232685607866,-0.004572000340325788,0.04093712893477632,-0.005672034867107878,0.007358492401195705,-0.014384100219002004,0.038718209293438124,0.016994371663546205,0.014332882942631797,0.0034446505687664606,0.008458199254935694,-0.0006504811812191979,-0.0011318299486301475,1.5202952700702008,-0.05185527968150565,1.0750239021680317
7.13,0.06015805778879,0.6011054421239,19.4,17.0,0.2714352309703827,0.3411122262477875,1.0,27.72999954223633,0.3228897750377655,232.0772094726563,132.0273895263672,90.0226,0.7435,42621.0,380.0,29.4862,26.9367,6.0698,1695.8666666666666,337.6107982224757,3.0100678849520373,126.243,48.203,43.513,6.0698,23.893469695255813,0.8922933064271592,52.67,391262.0,5.5,42.2,52.3,87708.0,38644.0,23300.0,29.21013066820637,20.030529177502824,20.030529177502824,4.456108026187788,110.8,0.00106066,0.13,0.013445772770792208,-0.008254919910803443,0.0019995203609578563,0.012653745663352292,-0.0005834492149297362,0.00399016930034849,-0.09669979927141682,0.0004916257590521371,0.017061736639589063,0.0002669080722844291,-0.006828659880091448,-0.001852554754121241,5.261936085299282e-05,-0.01807225750549697,0.0018713705935515725,0.0022867506339680375,-0.0013075093590887137,0.0017821382628753252,-0.026581723442301152,0.001304881090763981,0.0029991748540196617,0.002277748809661713,0.0020636063987621934,0.00107398208021185,0.002260290415608302,-0.02035107594262809,-0.002337122848839456,-0.0007228592571336856,-0.005202683151466804,-0.005988848328357549,-0.0007995285994838612,0.00022544869210108011,-0.002670654214336546,-0.014467909760540304,-0.008783829160267504,-0.001661233072867611,-0.000952695036539796,0.0004810475746635512,-0.00011526503250935891,-0.007939089202322088,0.0036772822551429467,-0.9302694277617848,0.01766082859772727,1.0750239021680317
6.635,0.2163291263279,1.973026965186,18.8,32.0,0.444529116153717,0.5849077701568604,1.100000023841858,28.04999923706055,0.5179262161254883,255.7650146484375,133.0,69.61883,3.1667,31295.0,362.9812608948286,7.9764,10.4369,25.54,1008.69,431.0012394986916,4.999053310767506,72.61,11.98,17.16,25.54,29.247120158096035,0.4441104259190304,62.5,205105.42621421916,6.613355601948504,25.327743910925538,68.05890048712597,63992.0,36649.66,25491.99,8.611711314748359,6.341558665661586,6.341558665661586,2.4926882667224866,70.9,23.81,49.58,0.037796211778418985,0.006147836686112007,-0.007565732660237701,0.04693633022881116,-0.027251129389274896,-0.0035354812648146884,0.1699714334718883,-0.0100113403939176,0.08792581383488143,0.004568350450601511,0.011372401728061898,-0.01184422151022595,0.01091478178487162,0.052047414477448914,0.016444677251158214,0.004645236768759831,0.0055594220259227,0.013933857847936482,0.06871961989603007,0.005752502362476697,0.017615194199606866,0.003310869246721371,-0.0005415493468754029,0.0020251079509034263,0.02412340643303461,0.08258314277045431,0.014322660908568662,0.003100144073599931,0.007696647013537538,-0.019367952411295807,0.012874232986243395,-0.014433849810389787,0.013334030693629751,-0.00882495893468147,-0.016737056063953815,0.004642127495957582,-0.00296937983250245,0.012700267228297969,0.011870614754734476,-0.012923502120189357,0.005530343010788807,0.9276350318787152,0.04287537060864264,1.0750239021680317
