pH,TN,TOC,Temp,Rain,EVI,FCOVER,LAI,LST,NDVI,CC,BD,GPAM,WS,FER,PES,MO,CO,VE,FR,FERA,PESA,TSA,WA,CA,VEGA,IRR_W,AGR_W,UR,GAO,PR,SR,TR,GDP,UI,RI,UR_W,RU_W,IND_W,LIF_W,POP_TOT,CLO,THIA,pH_shap,TN_shap,TOC_shap,Temp_shap,Rain_shap,EVI_shap,FCOVER_shap,LAI_shap,LST_shap,NDVI_shap,CC_shap,BD_shap,GPAM_shap,WS_shap,FER_shap,PES_shap,MO_shap,CO_shap,VE_shap,FR_shap,FERA_shap,PESA_shap,TSA_shap,WA_shap,CA_shap,VEGA_shap,IRR_W_shap,AGR_W_shap,UR_shap,GAO_shap,PR_shap,SR_shap,TR_shap,GDP_shap,UI_shap,RI_shap,UR_W_shap,RU_W_shap,IND_W_shap,LIF_W_shap,POP_TOT_shap,CLO_shap,THIA_shap,base_value
6.345,0.187590280695,1.564037081138,28.8,115.2,0.5304648280143738,0.1642918586730957,1.299999952316284,30.82999992370605,0.1783933937549591,334.9280090332031,131.3819274902344,60.6455,0.7705,18738.0,201.0,20.6519,13.225,6.148,775.0,236.6058463286824,2.5380390176147487,79.195,32.652,23.515,6.148,12.782698470895246,0.7724210753786316,47.21,209885.0,11.2,48.7,31.3,49780.0,37342.0,15884.0,8.251880779338212,6.642425473153561,6.642425473153561,0.2421040892193308,53.7,4.63,1.01,-0.012773234687920196,-0.00314525583427167,-0.00014772848726715836,-0.013671864761272445,-0.013012546918820584,0.008802948467433454,-0.005831323827616869,-0.0008563554127467802,0.022350312507478515,-0.0008262556992704054,0.01941181042557582,0.00044788979378063116,-0.005085356812574899,-0.006693599898833782,0.0012004796573892248,-0.0008037097117630724,-0.000347769644227807,9.341005340684308e-05,-0.003527964809327388,-0.00033133770769927637,0.004184423905506264,0.0016693589754286267,-0.0011972047225572134,0.0006477932457346466,0.0012268194245407369,-0.0032058569064829555,-0.004409506711410363,0.0012393618358764876,0.0016193805533694116,-0.008756651918578428,-0.0010783320434857124,-0.0002146944576525157,-0.0019550199202494727,-0.0018483445552410556,-0.00488140681514051,3.7054144020652515e-05,-0.008687285628635435,-0.00010790298599749888,-0.00020409543870482497,0.0023876897595473587,-0.015175670218188313,-0.16570826816232875,-0.06743322737328708,0.28928691403823903
6.68,0.262267499631,2.120456046221,28.3,331.5,0.4058118462562561,0.1438602954149246,1.0,34.59000015258789,0.1650882363319397,325.0343017578125,121.6630172729492,62.8682,0.7473,30465.0,544.0,23.7417,15.1611,8.037,883.0,391.6363496124131,6.993276684364113,77.789,31.907,28.226,8.037,12.555758966506351,0.9191379276851872,47.4,302484.0,8.8,57.3,33.9,63896.0,41068.0,18414.0,9.819277128486252,7.904115227830772,7.904115227830772,0.4381657992565056,63.9,40.25,1.41,0.014134648850653329,0.05065658477460966,0.0005377736755181065,0.008439505563699639,-0.008327222662395804,-0.04081280600314495,-0.007033145891851743,-0.0009411699456395438,-0.12346912979555782,0.003025488150771695,-0.017109733930905348,0.016579463413101618,-0.0009341717100469285,-0.019321420689229846,0.0104914287327556,0.0018636454946827086,0.002106011949945237,0.009189672121312477,-0.004392083048238419,-0.004030699917115281,0.009683945128112112,-0.0012507844689535017,-0.0015938162470701942,0.00011843383079393755,0.006182424014434205,-0.006125152717810128,-0.014049210053053679,0.0039058031569002187,-0.0006385241334792193,-0.0014917431664653118,0.009777867770753807,0.012062832719297143,-0.0037113974649691933,0.005753296167938969,-0.019036631584982384,0.00014915729523636012,-0.007681788752437575,0.006008053390658461,0.003450103866169227,0.022109296693000956,-0.017259978875983514,0.26948265259887555,-0.0733138441852061,0.28928691403823903
6.565,0.06248309925259,0.8169352225608,25.8,149.9,0.2579099237918854,0.2387939095497131,0.699999988079071,35.20999908447266,0.2410351186990738,55.81299209594727,28.23225402832031,156.26,3.7,71109.0,604.0,25.5392,19.687,6.87,4046.0666666666666,639.9701205079514,5.435907589570977,111.113,48.363,43.95,6.87,30.453854606755456,0.8473062281162614,50.12,299186.0,8.188156481532047,41.53969380882165,50.2721497096463,56528.0,34807.04,22100.67,29.449202691670408,16.989687864542002,16.989687864542002,4.19935794066213,97.31,2.89,2.77,6.70823935652147e-05,-0.004416813539806749,-0.0012747424908448033,0.004267431562242561,-0.007394653007679155,-0.020463035243097696,-0.003203599450411275,3.691600280580935e-05,-0.051212289485905796,-0.0015898502388736213,-0.03550485880905762,0.003225836571538824,0.0038842786008026465,0.004354216486506629,-0.0009181280718767091,-0.0006946734070661471,-0.00036218003649264466,0.0019507270840695159,-0.00376848768745549,-7.953167369124023e-05,-0.010069502982543777,0.00029278362781042313,-0.0006974774818518114,0.0002890584099804978,-0.000617059034761042,-0.0031261665688361974,-0.0014036893594311568,0.0010925307772704379,0.0006940490299020871,0.0002631136110285361,0.0038980777714168607,-0.0004680569288320859,-0.001366832823201544,-1.9485772878397512e-05,-0.008210094661219036,-0.0003786100246943538,0.002558364210417492,-0.0035513900052756148,-0.0013576403513434366,-0.0020098491471726414,7.321744877845106e-05,-0.12310292442748323,-0.027049381105694915,0.28928691403823903
6.25,0.173983982049,2.03767651465,27.6,218.7,0.4115930199623108,0.2535823285579681,1.399999976158142,32.68000030517578,0.2528658509254456,267.5724487304688,131.7989349365234,94.75,0.975,80886.0,573.0,36.035,30.6179,13.697,2339.8,503.33227546810537,3.5656280919222656,160.701,59.489,57.403,13.697,44.04493523854282,0.7705005543685988,37.51,683165.0,24.81513784080998,29.71825110917296,45.46661105001707,37563.0,37438.88,16936.21,15.717915646179634,15.449625511761106,15.449625511761106,1.4422353381379165,70.17,8.709999999999999,2.94,-0.008389779906952754,-0.004791404066374521,-7.314584625424826e-06,0.0022090339022688556,-0.00625055633264128,-0.029001538166252432,-0.004303177187684923,-0.0005096888921689266,-0.023616557075292803,-0.0007155492397723704,-0.007506239935522898,-0.015718295323953493,-0.00019013281672960433,-0.007256855209358037,-0.0018206295355339519,-0.0017082821344956707,-9.233329212293522e-06,-0.0007460372827481469,-0.0025293942452408384,-0.0005756519355345541,-0.004621396272559651,0.0005643386133015214,-0.00027179780311417016,0.0010112998116528656,-0.0013489878979744377,-0.002182840452878735,0.0024330195295042406,0.00014169842231786088,-0.0034031714233569766,-0.00122964584035799,-0.016107401631074027,-0.009514647891279308,0.000632384035736322,-0.00015282387018669192,-0.010632270109606908,-0.0026381852506892696,0.0008474240961950251,-0.001705936116282826,-0.0008096040883101509,-0.0019445416841190322,-0.002977255116216844,-0.09383085728273728,-0.024316668838320767,0.28928691403823903
6.22,0.1396255252606,1.262405959324,27.7,421.2,0.3442819714546204,0.0872379466891288,1.700000047683716,32.13000106811523,0.1197903603315353,227.1785125732422,127.3537368774414,113.44,6.47,113005.25,3048.97,56.37,31.11,33.02,4048.8,632.6927383685123,17.070544762331334,178.61,74.6,52.48,33.02,11.832260392384752,1.0136065476243834,41.19,962714.0,23.22925734100645,37.059541398199215,39.71120126079434,40450.0,30441.0,14677.0,7.420621787035737,5.286083690348805,5.286083690348805,0.6079000575173069,68.94,11.13,13.68,0.001552684752386993,-0.011334654599078921,0.022581283070612707,0.011873908373760069,0.12058009453734848,-0.08201810786384156,-0.00795630922028795,0.004042404800071385,0.08546652608516161,0.03522863412753213,0.020365042668068774,0.0063373214220628,0.0021373700817348407,0.04107102548121474,-0.006429586946032942,0.00876390869554598,0.007840525278123098,-0.0018744383478770082,0.01312408017902636,0.0024041680584196033,-0.012985549204749985,-0.007059109103982325,0.005388661727658473,0.0003768804610008378,-0.0030742285263258965,0.014328826500335698,0.0027086011439096,0.005660926625598224,0.000869345864863133,0.03754866505088285,-0.0025218653349438707,0.0003520617642207069,0.0011653431078884834,-0.0019110428311396477,0.043863394035259275,-0.01036169642652385,-0.02932133539870847,-0.0018041838807985155,-0.00303152341675014,0.005431125220493415,0.015269427795195956,-0.11455914068734274,0.023004738185671156,0.28928691403823903
6.619999999999999,0.2002033955486,2.107310365125,28.0,453.1,0.4859171807765961,0.4767714738845825,1.399999976158142,34.45000076293945,0.4314171671867371,294.759033203125,128.2308044433594,121.17,1.24,111887.0,1972.8,69.36,49.35,35.98,2447.2,484.1916219491085,8.537303098494027,231.08,91.11,77.42,35.98,15.308206323678789,1.4921568515595265,37.51,1010017.0,18.514367546917764,44.48838459533429,36.99724785774794,40876.0,30965.0,14316.0,9.36200276864403,7.781782798224389,7.781782798224389,1.0236131895309892,95.51,48.63,1.17,0.013835147263016562,-0.009057285442715505,0.0008354067974723767,0.01586365293792914,0.06828468653629534,0.0273809589202283,-0.008667142045334914,0.0002558623981894936,-0.13271733940439298,-0.0032864039556588843,-0.01057648443290964,0.01659888394095469,0.004804031032952479,-0.01137412318051793,-0.005813363863620913,-0.014342385715106497,-2.3917381942739624e-05,-0.005017870252602729,0.007496443511103293,-0.0017363086409168283,-0.004195832871133456,-0.009569483506027609,0.0019433735450729711,-0.0005197432650020248,0.0007747635768027977,0.011278507544426239,-0.01038106965832412,-0.0010801978852832724,-0.0052984232910675885,0.0118480288144783,-0.015936391979455948,0.012423945818445649,0.010193282876745802,0.0013423417559824944,0.021774314096430318,-0.008506155141978531,-0.012429965434246704,0.001090605736593725,0.00039014009968378063,0.007203705188934687,0.004432563600363213,0.30048243580968115,-0.07573362927616109,0.28928691403823903
6.695,0.1274662076636,0.9835741501016,28.0,453.1,0.3051283657550812,0.2235206067562103,2.299999952316284,34.84999847412109,0.2128068059682846,332.4620361328125,129.8257904052734,121.17,1.24,111887.0,1972.8,69.36,49.35,35.98,2447.2,484.1916219491085,8.537303098494027,231.08,91.11,77.42,35.98,15.308206323678789,1.4921568515595265,37.51,1010017.0,18.514367546917764,44.48838459533429,36.99724785774794,40876.0,30965.0,14316.0,9.36200276864403,7.781782798224389,7.781782798224389,1.0236131895309892,95.51,7.83,1.63,0.002412843215046453,-0.005731608757399956,-0.0007138276157202201,0.004205845656048044,0.013508335142920255,-0.021839236917323434,-0.003747195270552768,0.0002224801191478061,-0.08656326827657175,-0.0009474630604963801,-0.014754088455403689,-0.0007679206297034442,0.0007851215987466249,-0.0039238474169978775,-0.0053137338869273685,0.0007983865260030197,-0.0019086739910999303,-0.0027916332029271885,0.0064873114375514004,0.0005702311500790548,-0.0016968961516395224,0.0006105292755528354,0.0006730543411686062,-0.0002649988338816944,-0.005717411455989351,0.008648415166302586,-0.001081514070683619,0.00041268720396329023,-0.0011485995048424198,0.0018480314548360189,-0.00936994470411446,-0.0030925588678219415,0.0016219405125011657,-0.0009425590661703614,0.0027839061776758186,-0.0014737873085541601,-0.0027520544127328313,0.00040059870778349734,0.0009366977635072512,0.0007811311459518007,0.0006364514204906336,-0.09550830839353149,-0.06158174064947525,0.28928691403823903
6.7,0.0676377974555,0.9316349549353,27.5,221.9,0.6179741621017456,0.1523949801921844,2.799999952316284,29.75,0.1719159781932831,158.2906188964844,116.0,41.8,0.9984,37631.0,382.0,12.2266,9.8512,4.991,6472.866666666667,481.9852705731668,4.89273134806276,78.075,30.563,28.728,4.991,21.398798506227283,0.8755846807233554,35.03,369846.0,16.504901960784316,31.65686274509804,51.83823529411765,26213.0,35691.1,13158.53,16.539135979595088,17.556710821702243,17.556710821702243,1.1884593356762363,77.55,0.00106066,0.000707107,0.0026093720750650392,-0.005090082025970338,-0.001721196345984937,0.003309961712104269,-0.007654643586254679,0.014073287717415946,-0.004719446894130669,-0.0018247772031463674,0.02299766162427841,-0.0009277268125442775,-0.004642312725191003,0.002717467642971312,-0.00708099893841427,-0.005150897320476364,0.0020636603523744254,-0.0015654542658012295,-1.2870874255896219e-05,-0.0012239625458605556,-0.004606889742775819,-0.0009095435298513653,-0.002632651347084898,0.0009438315754523436,-0.0012996371599147112,-0.0004976966644171582,-0.0010471150045050337,-0.0029197556606959598,-0.0034127296826336577,0.00208330544608179,-0.002876323122181928,-0.0030298091670265402,-0.008812664476688947,-0.013320374995819288,0.0012988237984245632,-8.815278415570844e-06,0.00011248751089442881,-0.0035541315689333643,0.0008014290189603396,-0.0011603006768273196,-0.0014106405429774888,-0.003216214668063913,-0.00822530651686247,-0.17692885121423751,-0.05856948965700576,0.28928691403823903
6.725,0.1258579667521,1.354410811781,27.3,416.7,0.2475447058677673,0.1029258966445923,2.5,31.53000068664551,0.1314879506826401,271.5149230957031,131.2420196533203,94.5485,2.1563,46537.0,680.0,35.5076,21.2759,9.55653,702.0666666666667,383.5888559182328,5.60501153972964,121.32,51.283,28.768,9.556533333333334,22.96171465687948,0.7568755271663641,40.05,477450.0,5.7139813203593866,53.40210944990944,40.88390922973117,54771.0,36208.0,22771.0,14.874310622850874,16.990620933097066,16.990620933097066,2.7751741163370838,74.2,6.25,7.19,0.00287947270367295,-0.009444629174540753,0.00039751855819486205,0.008908966380869975,0.056511677608476016,-0.07170466677146033,-0.006444488532957625,-0.0018457409855909615,0.05760193739470561,0.030403583524981508,-0.011266075344523414,0.0006781581637333153,0.0017497324595460537,0.012106726655736571,0.011736568484571757,0.010923772600188385,0.0015622708854498401,0.003824604260153128,-0.013299984319484797,0.003320014531258496,0.012121576362987985,-0.01241893582604825,0.0053213912586215885,0.002965747036738331,0.004794076632824731,0.0037004023137269513,-0.0055187130764825345,0.0008670988817466418,-0.0024746845981571813,-0.0031408206918276823,0.02014428321679589,0.0008981190895428828,0.00016276681551244816,-0.001601192883215838,-0.008276663345401176,0.0032157985528465396,0.0012738125966861844,-0.0004895811907481368,0.0006466429808642705,-0.013748135851696139,-0.004192020949907602,-0.11946033392066602,-0.019873437621048644,0.28928691403823903
6.66,0.1829329069306,1.759549358588,27.7,434.4,0.4098489880561829,0.2989175021648407,2.0,30.52000045776367,0.2891339957714081,288.1651306152344,129.0,92.75,1.5386300675675677,45158.0,696.0,33.0483,14.6795,31.74,196.0,387.35632183908046,5.970149253731344,116.58,42.49,20.02,31.74,25.258358901966528,0.555059543918919,52.85,465622.0,12.3,44.1,43.6,67794.0,41956.5,22104.5,40.84636824324324,17.791976351351355,17.791976351351355,0.9989242570341496,59.34,5.29,1.8,0.005525544561445713,-0.0036857329829363184,0.0007107844528509218,0.007010723646148108,0.05857380547106732,-0.06983259504142916,-0.0029874416886595976,0.0014441529096802658,0.04616866386076436,-0.002666400952031829,0.00724653147521895,0.0016455496824346507,0.0015011987050529592,-0.0024742830484756175,-0.0004391304489690738,0.004581758509273637,0.00224524819944054,0.010083067009109077,0.025463823840604166,0.0061178882556268905,0.0009640521958935999,0.0016202000546036211,-0.0012670944468118235,0.0017896938682533743,0.00466861804714427,0.026278239173581824,0.0011218411031877601,0.008205120856640857,0.0013528890415327607,-0.0044496213428210415,0.0031771815287647788,0.0023968705199658874,0.0015370249625993899,-0.0005914628494065293,-0.029271095736999986,0.0028981383788632227,0.036806786215864126,-0.002402836438501245,-0.0026131627471186226,-0.0009311440702294907,-0.009535215319134299,-0.1830891355499625,-0.087881389848073,0.28928691403823903
7.0,0.1451085078067,1.316145153978,27.7,447.3,0.4844832122325897,0.2686246037483215,3.0,31.1299991607666,0.2648997008800507,294.9383544921875,129.0,107.39,3.73,96920.32,2066.12,58.97,40.44,27.91,610.38,465.7391638635272,9.928495915425277,208.1,77.67,61.57,27.91,13.785865223981112,1.7056792964710272,34.96,786132.0,20.47490893033877,43.41481379464505,36.11027727501618,31295.0,29723.0,15547.0,9.581485948260582,8.895328795155292,8.895328795155292,0.8326497317534427,104.89,3.07,0.31,0.0031175564576405982,-0.004195812139892948,0.00011309110443107015,0.005764944735914469,0.013846936412039207,0.019791491566575132,-0.00424541490350384,-0.0024845820141490642,0.030235594323487026,-0.0009690411890624098,-0.019037627261248417,0.002991611680365165,0.0003319419439649252,0.00582248586439527,-0.004553787830809605,0.00031275801762239514,-0.0019009182738373021,-0.0019094697659602377,0.006805574500118377,-0.0010390576018253343,0.0005742183526745094,0.004296135899610809,0.0004796764386119298,0.0005092871728120351,-0.004331702988012687,0.000123523314425258,-0.004207463450555223,-0.0028553285691305013,-0.001565813926979897,0.002368767441366805,-0.018832477649964856,0.0013803302133455861,-0.0006323293298482853,0.0012858617869205805,0.015760260721319353,-0.0033917091344483215,-0.007110749733401455,0.0008410273340996383,0.0005545742246904411,0.001331496455706659,0.0028142243594629817,-0.2363740996663691,-0.08790339354396563,0.28928691403823903
7.12,0.1738742953797,2.067589227543,27.4,161.7,0.3403342366218567,0.1695738881826401,1.200000047683716,34.47000122070312,0.1841316670179367,232.0772094726563,132.0273895263672,90.0226,0.7435,42621.0,380.0,29.4862,26.9367,6.0698,1695.8666666666666,337.6107982224757,3.0100678849520373,126.243,48.203,43.513,6.0698,23.893469695255813,0.8922933064271592,52.67,391262.0,5.5,42.2,52.3,87708.0,38644.0,23300.0,29.21013066820637,20.030529177502824,20.030529177502824,4.456108026187788,110.8,0.35,0.000707107,-0.0032214006278663844,-0.0018150804523611463,0.00026289537939010215,0.003655811101663853,-0.011548251518397588,-0.006553094382048584,-0.0032946997460676364,-0.0004317828777711817,-0.039517676442512306,-0.0010096030858112435,0.0023855469326372197,-0.012838856643589674,0.0007187989648082301,-0.0024627968538552506,0.000945461424067618,-0.0032968412808841107,-0.0010109809543937512,-0.00031781647610477866,-0.0014159923150436921,-0.0015456010269117543,0.0006456766881747166,-0.000541953727486536,-0.0003780574142001593,5.8214458520524685e-05,0.0004010531011153927,-0.0017009147828211959,-0.0016508454303257231,-0.0008561937304912077,0.00010780437476933125,-0.001281265755183995,0.0032736273639602568,-0.0022109271417139072,0.001153788589872418,-0.0024789600780932316,-0.003039203627908135,0.002305086877197029,0.0005835809335112631,-0.0002668631077976895,5.375911190640299e-05,-0.014519163944001772,0.0017449688873020946,-0.14105350841593461,-0.04513180034211836,0.28928691403823903
6.485,0.07505783322448,0.7726308297319,27.3,533.4,0.5887801647186279,0.7191327214241028,2.099999904632568,33.04000091552734,0.6253061890602112,255.7650146484375,133.0,69.61883,3.1667,31295.0,362.9812608948286,7.9764,10.4369,25.54,1008.69,431.0012394986916,4.999053310767506,72.61,11.98,17.16,25.54,29.247120158096035,0.4441104259190304,62.5,205105.42621421916,6.613355601948504,25.327743910925538,68.05890048712597,63992.0,36649.66,25491.99,8.611711314748359,6.341558665661586,6.341558665661586,2.4926882667224866,70.9,56.1,22.97,0.0575475196305197,-0.02137813590583392,-0.05357892742496917,0.027642042465158743,0.13757663260120903,0.026217922206153172,-0.021913395939161986,-0.0009462005560053304,-0.12080383456673008,-0.005676836207043384,0.03677827674685974,-0.07490508948569186,-0.0059514129320159485,0.09106278097641189,0.03294101522094569,-0.013486606949009012,0.0018595587436575551,0.03769596079178153,0.040518440886866285,0.0051045594471506705,0.007687477357452727,-0.004178919398575107,0.0006771696185460307,-0.0016368767516687379,0.049144083307124685,0.0396223912629066,0.08497199062793517,0.006578277671709645,0.007966269355965797,-0.018594692755024882,0.0787780186950695,-0.031199577679042707,0.021049231759854573,-0.00491951904515737,0.025742048559128306,0.016358157029608272,-0.013181239018682397,0.0006346275559626635,1.4765999047094969e-05,0.0013339972503017689,-0.015428832110599599,0.4029086261983029,0.21442823117086665,0.28928691403823903
6.445,0.1367118254852,1.298144584647,4.3,26.0,0.2148696184158325,0.4087094664573669,0.4000000059604645,7.809999942779541,0.376967579126358,334.9280090332031,131.3819274902344,60.6455,0.7705,18738.0,201.0,20.6519,13.225,6.148,775.0,236.6058463286824,2.5380390176147487,79.195,32.652,23.515,6.148,12.782698470895246,0.7724210753786316,47.21,209885.0,11.2,48.7,31.3,49780.0,37342.0,15884.0,8.251880779338212,6.642425473153561,6.642425473153561,0.2421040892193308,53.7,6.859999999999999,14.73,0.005899938188260412,-0.0035618813291657726,0.008756262570736003,0.004629990927292964,-0.005681053514708763,-0.039096747757750565,-0.00539337054011412,-0.0004944333061575837,-0.06472181345161516,-0.0009804448594804894,0.022644074161653406,0.002298181944526733,-0.0028614562520524445,-0.009496974171372134,0.004904297190485523,-0.00019400158489588022,-0.0004054937136825164,0.0006849745911313161,-0.005284795396029945,-0.00019174290471709807,0.006889361571287736,-0.0008472223294666078,0.000279642026522196,0.0011997871000785365,0.000895840578945354,-0.007177994207711891,-0.0034100025611696764,-0.00030589942820370073,0.0005404459091369052,-0.0065289004743099175,0.0020914280900033166,0.0012393789844354617,-0.0030295715869870037,0.001351451358175839,-0.004277303320355712,-0.0030407314968761033,0.00019638828746974604,0.0004103357720887317,0.002089051832677797,0.0039636317517142755,-0.01719116555817891,-0.09462843139935286,-0.007658263010322115,0.28928691403823903
6.65,0.1552940102061,1.245185176499,3.1,22.0,0.2493519634008408,0.2066291272640228,0.550000011920929,7.429999828338623,0.2153033018112183,325.0343017578125,121.6630172729492,62.8682,0.7473,30465.0,544.0,23.7417,15.1611,8.037,883.0,391.6363496124131,6.993276684364113,77.789,31.907,28.226,8.037,12.555758966506351,0.9191379276851872,47.4,302484.0,8.8,57.3,33.9,63896.0,41068.0,18414.0,9.819277128486252,7.904115227830772,7.904115227830772,0.4381657992565056,63.9,46.24,160.12,0.019651989018544553,-0.011651164416573021,-0.008028282606392167,-0.09976562101370652,-0.009731298694270665,-0.10257331389316823,-0.002805464953067713,-0.005771727274404842,-0.07402138818346432,-0.003515832752222206,-0.004752463786979198,0.012119284981046809,-0.0065450965882046215,-0.017130336300353523,0.005415946407942099,-0.00039355456118937704,0.008023437350988394,0.001903263256652285,-0.0032018516921670957,-0.0008493980816565355,-0.0006473249914124568,-0.0017177723788190588,0.0012017142998520247,0.0022741453129565175,-0.0012643389946315532,-0.001710437000729126,-0.014830379646853539,0.0009639195114141297,0.0017742588320979926,-0.010276206703856598,0.02948997261794283,0.027396610290161327,-0.011123143313103358,-0.006228583909803999,-0.05234054197475779,-0.0012552365956362277,-0.014764319927897304,0.0007524244168307742,-0.0015261322308797384,0.006492337649688118,-0.0404349302033661,0.27822641949448734,0.18144634517561647,0.28928691403823903
6.785,0.1153866267697,1.123266199194,3.8,6.0,0.1045826151967049,0.1064843088388443,0.2000000029802322,8.489999771118164,0.1351874470710754,55.81299209594727,28.23225402832031,156.26,3.7,71109.0,604.0,25.5392,19.687,6.87,4046.0666666666666,639.9701205079514,5.435907589570977,111.113,48.363,43.95,6.87,30.453854606755456,0.8473062281162614,50.12,299186.0,8.188156481532047,41.53969380882165,50.2721497096463,56528.0,34807.04,22100.67,29.449202691670408,16.989687864542002,16.989687864542002,4.19935794066213,97.31,1.14,0.21,1.2647799798284051e-05,-0.004799757288245018,-0.0009521036241785611,-0.00356629324128153,-0.003227093955443706,-0.03958876996539766,-0.00516811769042397,-0.010132624702469912,-0.041705478167568796,0.015047124272561635,-0.032036030314746305,0.0023206942057586283,0.0021503595609101444,0.005556963046954479,-0.001298400932340886,0.0004465302557800928,8.883495570626751e-05,0.00014808770408854206,-0.0016758368177106618,-0.00024050147354137425,-0.007756890852004296,-1.983011054108273e-05,-0.0006471259478130342,0.0007764444866916158,0.000998553632583933,-0.002962366811465468,0.0009996611835667866,-6.460205774055476e-05,0.0019304107968928347,-0.003106491332873705,0.004545731728838291,-0.001014060938905455,0.0007982842299970797,-0.0008692232292960347,-0.006278074406553059,0.00038018792826914545,0.0015347410789690917,-0.0008536342033767131,-0.0007427972999867062,-0.00830099327606149,0.0023232334385393243,-0.10307301460998133,-0.04740782014036085,0.28928691403823903
6.415,0.1007544961211,1.136353011331,3.0,27.0,0.2895459234714508,0.3809801042079926,0.3499999940395355,8.6899995803833,0.3547840714454651,267.5724487304688,131.7989349365234,94.75,0.975,80886.0,573.0,36.035,30.6179,13.697,2339.8,503.33227546810537,3.5656280919222656,160.701,59.489,57.403,13.697,44.04493523854282,0.7705005543685988,37.51,683165.0,24.81513784080998,29.71825110917296,45.46661105001707,37563.0,37438.88,16936.21,15.717915646179634,15.449625511761106,15.449625511761106,1.4422353381379165,70.17,37.17,15.3,-0.012358970815548676,-0.0093645462380955,-0.00151886255620047,-0.03018520281184465,-0.009609825872117648,-0.029635678220540286,-0.005932585671893325,-0.014252998885116535,-0.050370499249547715,-0.0012707530385814589,-0.008809432121925052,-0.019576393254334103,0.0001357257296331231,-0.006064878869452514,-0.00434666242729872,0.0013010985672008248,0.0007083597639575602,-0.0023977640463272117,-0.00045969801698811044,-0.001241816272842693,-0.004796900853281839,-0.0012308372780680732,-1.2253021239302942e-05,-0.0005927150879288093,-0.003359535343479364,-0.0031694686460541554,0.008763163844123486,0.0006709846120793377,-0.0035998668369138674,0.002878182231797835,-0.028013337439741003,-0.00852638248098083,0.0005949452159693402,-0.001954462518449871,-0.011773154282476753,-0.0016817992569413045,0.0008615487123606698,-0.0017990168761461988,-0.002676101157790972,-0.0025971890327637103,-0.003731974886264653,0.018786044863110876,-0.02835191427113023,0.28928691403823903
6.6850000000000005,0.2234949169228,2.132437712,3.1,16.0,0.1741376221179962,0.2516548931598663,0.449999988079071,7.449999809265137,0.2513239085674286,227.1785125732422,127.3537368774414,113.44,6.47,113005.25,3048.97,56.37,31.11,33.02,4048.8,632.6927383685123,17.070544762331334,178.61,74.6,52.48,33.02,11.832260392384752,1.0136065476243834,41.19,962714.0,23.22925734100645,37.059541398199215,39.71120126079434,40450.0,30441.0,14677.0,7.420621787035737,5.286083690348805,5.286083690348805,0.6079000575173069,68.94,52.94,6.29,-0.0014066802291199608,-0.006057530339807271,0.0006636178302578579,-0.09491556640772614,-0.02068652779748664,-0.04604167276574299,-0.010158006373327226,0.02493587826588191,-0.06009512444364372,-0.002405621763202351,0.006581783136352909,0.006565360424225224,0.00432578725961503,0.07163825401361099,-0.008924108157865717,-0.006451001980574812,-0.000869079193798819,-0.0013638871116563838,0.004047421225812297,0.0017557308255927704,-0.013690737304161297,-0.0028350412624422545,0.006044848321587769,-0.0005535632378887489,0.0017051595485536447,0.0052686901101842475,-0.009336196809075761,0.0007393755761440871,0.000624101425870327,0.022561273851548318,-0.034623094644513915,-0.006269612808013329,0.0005524619489442508,-0.005655230966280203,0.025837403066805563,-0.004378827401902523,-0.010170547091867765,0.0003555599339306402,-0.0005241685766959631,0.013499152579810464,-0.0073221614448120715,0.26164253416867,-0.049536431435728445,0.28928691403823903
6.92,0.1449557844545,1.523612043563,3.3,9.0,0.3074502944946289,0.5247359275817871,0.5,7.190000057220459,0.4697887301445007,294.759033203125,128.2308044433594,121.17,1.24,111887.0,1972.8,69.36,49.35,35.98,2447.2,484.1916219491085,8.537303098494027,231.08,91.11,77.42,35.98,15.308206323678789,1.4921568515595265,37.51,1010017.0,18.514367546917764,44.48838459533429,36.99724785774794,40876.0,30965.0,14316.0,9.36200276864403,7.781782798224389,7.781782798224389,1.0236131895309892,95.51,55.96,1.7600000000000002,0.008633473399677311,-0.006034591019968509,0.0006491669052047678,-0.008938816083362342,-0.016224230862571853,-0.014842891753301963,-0.009518714820384033,-0.006293450115364985,-0.09674567891994956,-0.0035903653772547785,0.002750065685599115,0.0036277776557253616,0.002523972046794372,-0.008504752321983685,-0.004223446802818215,-0.014059116266202182,-0.0032782842172309743,-0.0063635988379828505,0.013800303505035116,0.00010716437746304818,-0.003141641326248651,-0.012239840426249433,0.004165152520523403,-0.0014120998227735936,-0.0031317782170372137,0.01583837236161345,-0.006774772595730595,-0.0009002866592491027,-0.004258078857092182,0.011165118802920922,-0.012734674044884741,0.012293647033278818,0.007901826294604699,0.006724539041169916,0.028290281394845802,-0.004130591574707071,-0.0033866701723309243,0.001520917618414383,0.0021730575837427767,0.008609229721478196,0.006756525732926097,0.293992536014528,-0.08462436353880913,0.28928691403823903
6.885,0.1605434077526,1.438917600993,3.3,9.0,0.2447891235351562,0.3198673725128174,0.6000000238418579,8.010000228881836,0.3058938980102539,332.4620361328125,129.8257904052734,121.17,1.24,111887.0,1972.8,69.36,49.35,35.98,2447.2,484.1916219491085,8.537303098494027,231.08,91.11,77.42,35.98,15.308206323678789,1.4921568515595265,37.51,1010017.0,18.514367546917764,44.48838459533429,36.99724785774794,40876.0,30965.0,14316.0,9.36200276864403,7.781782798224389,7.781782798224389,1.0236131895309892,95.51,66.02000000000001,23.31,0.01376741765264888,-0.006017519347718926,0.0010551898552803418,-0.0266196511113085,0.004662622407893653,-0.07816745023161638,-0.010520094309700672,0.0014709878979483725,-0.11275414898968303,-0.0047936751421075174,0.002698918475944087,0.011510345508344462,0.003921742047416038,-0.00884567090298514,-0.005185367055353701,-0.009344094031723219,-0.0035485280472785444,-0.005776160985580647,0.022656535562011415,-0.0005283401294145687,-0.0018227737470297004,-0.001902432739152568,0.0010168131473474117,-0.006915670970338407,0.0033946479317964904,0.014667748590349233,-0.006778268360416411,-0.0022722026646370035,-0.001409472824831029,0.025860715724411426,-0.00989045766508207,0.013381661346764311,0.016342966062249616,0.00980923118733334,0.03798238668311388,-0.004270419417007359,-0.003372347188822451,0.0040020918383961695,0.004962976284557946,0.01041837396437768,0.018410274368827216,0.40157462327776006,0.13364519797603133,0.28928691403823903
6.89,0.2674164585093,3.37908423967,2.7,19.0,0.1469908207654953,0.2672204375267029,0.5,8.3100004196167,0.2637763321399689,158.2906188964844,116.0,41.8,0.9984,37631.0,382.0,12.2266,9.8512,4.991,6472.866666666667,481.9852705731668,4.89273134806276,78.075,30.563,28.728,4.991,21.398798506227283,0.8755846807233554,35.03,369846.0,16.504901960784316,31.65686274509804,51.83823529411765,26213.0,35691.1,13158.53,16.539135979595088,17.556710821702243,17.556710821702243,1.1884593356762363,77.55,0.00106066,0.000707107,0.0024229948680149415,0.012611482738342599,-0.00015624531428329682,-0.024802580197807404,-0.0030934460109565375,-0.01593989442533348,-0.003102169068646619,-0.00024404522636904775,-0.0449882474609185,-0.0008836292804917278,-0.0016737265428528193,0.002602168216835713,-0.001048832878819666,-0.00531210218556225,0.0018537434472818905,-0.0024326137959724244,0.0004462657393887627,-0.000157830200972967,-0.0021572323483414952,-0.0011431675374042251,-0.0032483775747823495,-0.0010456028707558323,-0.0004026283725397699,0.0004590198501246076,-0.0003854374911752527,-0.0012343120176810814,-0.0031958075863076406,-0.0002417394946096374,-0.0030761202694848185,-0.003913886013091546,-0.005352812686527615,-0.007302865817793642,-0.000791546984692105,-0.0018519090890767927,-0.00420869358134223,-0.0020784853122895615,-1.7212361504794717e-05,-0.0024031202455516913,-0.0013542353560915218,-0.0026073938956833417,-0.004468747529084799,-0.10658912173251156,-0.04435686254122993,0.28928691403823903
6.720000000000001,0.1999856564854,2.081625695475,2.5,13.0,0.2666166126728058,0.3510452210903168,0.5,8.289999961853027,0.3308361768722534,271.5149230957031,131.2420196533203,94.5485,2.1563,46537.0,680.0,35.5076,21.2759,9.55653,702.0666666666667,383.5888559182328,5.60501153972964,121.32,51.283,28.768,9.556533333333334,22.96171465687948,0.7568755271663641,40.05,477450.0,5.7139813203593866,53.40210944990944,40.88390922973117,54771.0,36208.0,22771.0,14.874310622850874,16.990620933097066,16.990620933097066,2.7751741163370838,74.2,16.28,3.64,0.0018055541660869465,-0.008046631223056456,0.0001377382000209754,-0.0352452616947121,-0.014810410735546611,-0.029973419665009708,-0.004990695884800518,-0.0006067264965968152,-0.049062920825323084,-0.0008649631487205632,-0.006554179435945111,0.00010518119111656852,-0.00014355169155169135,-0.0012228130826260862,0.0006308424352318986,0.001903414774686099,0.0003142717436421627,0.00022988555417395853,-0.002336291116080243,5.611981963732707e-06,-0.0010984104863600824,0.0008183760188985621,-0.0003519693544367245,0.0007695934290532038,-0.0008074603873537865,-0.0024323790944181384,-0.0039864927763119335,-8.372198918369178e-05,-0.0005515924384817472,-0.0005242859583813675,0.0019502135775983382,-0.004618771314504554,0.0009347713238093974,-0.0012615008318098326,-0.0028146316251950387,0.0012297168609220494,0.0023734466248424763,-0.0007314449293771725,-0.0024692505291895963,-0.002775818194844757,-0.005498806089628487,-0.07315955429594033,-0.04138003394508269,0.28928691403823903
6.915,0.1489192472501,1.309372686006,2.6,25.0,0.2328783720731735,0.3379221558570862,0.449999988079071,9.550000190734863,0.32033771276474,288.1651306152344,129.0,92.75,1.5386300675675677,45158.0,696.0,33.0483,14.6795,31.74,196.0,387.35632183908046,5.970149253731344,116.58,42.49,20.02,31.74,25.258358901966528,0.555059543918919,52.85,465622.0,12.3,44.1,43.6,67794.0,41956.5,22104.5,40.84636824324324,17.791976351351355,17.791976351351355,0.9989242570341496,59.34,4.57,0.4599999999999999,0.0005075500069651742,-0.003708273208700122,1.8630774924536598e-05,-0.03842887433321447,-0.007097189514664934,-0.028901351657463235,-0.004748269473318937,0.0002745535554131486,-0.03559389981802087,-0.0008923706558998633,-0.0013983677560463544,0.0013987849580589726,-0.0008690892055165037,-0.0017664997005485844,-0.0002879047041060393,0.0014321548816515132,0.0002908491430571302,0.000666395440173803,0.006475150815618687,-0.0010081950318999548,8.964036643737822e-05,0.0009592526693595529,0.0004141396977938636,-0.0005327519038692087,-0.0001161842794972427,0.007338860205956736,0.0030826888706651503,0.0013979848588933218,0.0003680143890669587,-8.643073803977849e-05,-0.003025400680024174,-0.0001716305719455707,-0.000350095452973623,-0.0015131948196794912,-0.015632047807448545,0.0021122162806568585,0.012913176962232686,-0.0019544765002792687,-0.0016545059955678904,0.00035054476844379796,-0.008164171886746764,-0.12476807105052286,-0.04375648165709571,0.28928691403823903
7.07,0.1704014639463,1.572112131902,2.9,21.0,0.3485862910747528,0.4600082337856293,0.6499999761581421,7.610000133514404,0.41800656914711,294.9383544921875,129.0,107.39,3.73,96920.32,2066.12,58.97,40.44,27.91,610.38,465.7391638635272,9.928495915425277,208.1,77.67,61.57,27.91,13.785865223981112,1.7056792964710272,34.96,786132.0,20.47490893033877,43.41481379464505,36.11027727501618,31295.0,29723.0,15547.0,9.581485948260582,8.895328795155292,8.895328795155292,0.8326497317534427,104.89,6.909999999999999,0.51,-0.0027408911875681933,-0.008161573408870023,-0.00013834962801774847,-0.027700477423146363,-0.0021447136625647534,-0.013585430686129251,-0.004419616915751249,-0.0014461430034134499,-0.05363869199546752,-0.0007788670061854683,-0.0016698953860322958,0.0026887487981002703,-0.00011702014040201624,0.004745209934422749,-0.002037883160228375,-0.00010346149001270194,-0.00035506002127657813,-0.0023743340747314503,0.003035364765906709,-0.0017794627113035023,-0.0025432147427927754,-0.002226172559952828,-2.6401419308970734e-05,-0.0009642577463528122,-0.0011505915494635691,0.0035388531918870278,-0.004030398872680963,0.0009427700161468196,-0.0023304348702076908,0.0007183185147587258,-0.011616419603524256,0.001481159289134664,0.0004945218788925635,0.00032029884995426474,0.00514021564996801,-0.002823916130932047,-0.0011398720333818352,-0.001313255522865798,-0.000947561351000329,-0.0010719717155443524,-0.00018583969282917923,-0.0801743294096086,-0.07315949645888759,0.28928691403823903
6.85,0.07623938666431,0.9117736874711,3.4,7.0,0.1214609667658806,0.1533065140247345,0.300000011920929,8.59000015258789,0.1726452112197876,232.0772094726563,132.0273895263672,90.0226,0.7435,42621.0,380.0,29.4862,26.9367,6.0698,1695.8666666666666,337.6107982224757,3.0100678849520373,126.243,48.203,43.513,6.0698,23.893469695255813,0.8922933064271592,52.67,391262.0,5.5,42.2,52.3,87708.0,38644.0,23300.0,29.21013066820637,20.030529177502824,20.030529177502824,4.456108026187788,110.8,0.62,0.000707107,0.0011491327593103064,-0.004216524653485975,-0.0013176988959312384,-0.0031383856557076805,-0.009936736082017882,-0.01477487782319076,-0.004407580627594142,-0.0062581835016608245,-0.045114331262535404,-0.0003856191976228702,0.0008060401963302825,-0.015419110672140957,-0.0010063615628168932,-0.0048258359671454025,-7.287414051825299e-05,-0.0007152136157965308,-0.0007365496513666612,4.1654665255919665e-05,-0.0032580528333783177,-0.0009352961050462884,0.001830819018883634,-0.0005739475635928078,0.0001040131167974277,0.0006930191874271234,-8.547900011763045e-05,-0.0024088365307543365,-0.0047558575289440306,0.00012939174240454726,7.30341235175708e-05,-0.0039079048209823605,0.0043435791638912705,-0.001203481584438127,0.0007265345433261251,-0.0010945055657648449,-0.005896681949263437,-0.001519650533096872,-0.0006668509573210033,-0.0016548404733184696,-0.0026036681730765873,-0.009762253205757587,0.005975751546269748,-0.10120320018997882,-0.04940632054209709,0.28928691403823903
7.01,0.1636396561405,1.491558335471,2.7,4.0,0.2174653857946396,0.3065177798271179,0.300000011920929,6.590000152587891,0.2952142357826233,255.7650146484375,133.0,69.61883,3.1667,31295.0,362.9812608948286,7.9764,10.4369,25.54,1008.69,431.0012394986916,4.999053310767506,72.61,11.98,17.16,25.54,29.247120158096035,0.4441104259190304,62.5,205105.42621421916,6.613355601948504,25.327743910925538,68.05890048712597,63992.0,36649.66,25491.99,8.611711314748359,6.341558665661586,6.341558665661586,2.4926882667224866,70.9,33.3,0.6900000000000001,0.012180688519147224,-0.0006748580913990665,0.0007760000904090736,-0.03896775677439292,-0.020346096601337196,-0.06347317508619744,-0.0023782985721481965,0.003730906687676909,-0.05934021011774894,-0.001531961917178705,0.003020676956162781,-0.015344978502020235,-0.0018169858017936316,0.013193231276585718,0.0038980555740417908,0.0027162677124142635,0.001945482780807649,0.005145633986918266,0.008466839389991949,0.002367037254036408,0.0010174399447860222,0.005345860014669591,-0.00111126447410788,0.0025867450899677317,0.008170917472452858,0.011303871172014621,0.009069158159662033,0.0027486495859921052,0.0037338170356815705,-0.008137694262899457,0.003255176386679523,-0.01299549330072477,-0.001260885572875846,-0.0023199227079749056,0.001832494792761276,-0.0015005905927391733,-0.0027113206910435103,0.000800446461071258,0.0006367004053900033,-0.0012519524794770448,-0.008241531539708382,0.06336670315882657,-0.0452039036458591,0.28928691403823903
6.359999999999999,0.3182215058186,3.183907364943,20.0,15.0,0.6330850720405579,0.9256718158721924,1.5,23.90999984741211,0.790537416934967,334.9280090332031,131.3819274902344,60.6455,0.7705,18738.0,201.0,20.6519,13.225,6.148,775.0,236.6058463286824,2.5380390176147487,79.195,32.652,23.515,6.148,12.782698470895246,0.7724210753786316,47.21,209885.0,11.2,48.7,31.3,49780.0,37342.0,15884.0,8.251880779338212,6.642425473153561,6.642425473153561,0.2421040892193308,53.7,20.47,47.89,-0.04350354759662878,-0.0021753284801961843,-0.0011741422578925326,0.01761985045112668,-0.039496220105735134,0.06365110193786676,0.0055788036189042016,-0.003160634297644718,0.13938924447412135,-0.0019044269433943551,0.0699654716530349,0.01092271210590844,-0.006853273794171402,-0.03137522081204225,0.003745575096923859,-0.007960069628898055,-0.006242927387705999,-0.0021570399709744475,-0.015990017921314575,-0.0073100027481559585,0.015778857124503703,0.003469779373612278,0.002211545686237501,0.0028152720086509373,-0.013709191300556992,-0.006817069591605102,-0.0003697203024057627,0.0049227873506024426,-0.0012584611021448006,-0.03948695264197886,0.025987812220468188,0.013490361474920064,-0.02145359136688057,-0.009554502961458622,-0.005013329748064291,-0.009257718043052582,-0.00952899742661974,4.8811290296749134e-05,-0.00016153045417741096,0.008094759511586738,-0.04533784577262123,0.023385927072260525,0.22399530702643103,0.28928691403823903
6.82,0.2751994788049,3.039642289716,18.6,19.0,0.4976628124713898,0.4495828747749329,1.5,25.32999992370605,0.4096662998199463,325.0343017578125,121.6630172729492,62.8682,0.7473,30465.0,544.0,23.7417,15.1611,8.037,883.0,391.6363496124131,6.993276684364113,77.789,31.907,28.226,8.037,12.555758966506351,0.9191379276851872,47.4,302484.0,8.8,57.3,33.9,63896.0,41068.0,18414.0,9.819277128486252,7.904115227830772,7.904115227830772,0.4381657992565056,63.9,74.72,41.87,0.03193269032938407,0.13793446733325254,0.002541877959622052,0.04989288860780651,0.01846764128201174,0.0465040743183345,0.0033393845665268375,0.008648194462643042,0.1756913193570217,-0.005740259470418107,-0.008531612040009351,0.037522381002781935,-0.021485519779496833,-0.0855760330359917,0.012871900582336842,0.0022637412317563057,0.002577960760565487,-0.0005966657106764583,-0.004120766324456781,0.0047975360692944615,-0.0031709966050693485,0.009007590309716781,0.004334219218231794,-0.003935648183571205,0.00659627698513211,-0.004922684347257006,-0.03655481362866706,0.010667718126554971,-0.007204119517584323,-0.055616578491870294,0.10374867114191874,0.05251108581025617,-0.07231077557604296,-0.03339140849804971,-0.13023456203425307,0.008013941658544316,-0.03176522652956192,0.002869907004293043,0.013805457271169858,0.05715183871635238,-0.07826941257482393,0.6712314601237886,0.5253057983206817,0.28928691403823903
6.77,0.1042940155616,1.036290954491,19.5,15.0,0.2182116806507111,0.2789719700813293,0.6000000238418579,27.09000015258789,0.2731775641441345,55.81299209594727,28.23225402832031,156.26,3.7,71109.0,604.0,25.5392,19.687,6.87,4046.0666666666666,639.9701205079514,5.435907589570977,111.113,48.363,43.95,6.87,30.453854606755456,0.8473062281162614,50.12,299186.0,8.188156481532047,41.53969380882165,50.2721497096463,56528.0,34807.04,22100.67,29.449202691670408,16.989687864542002,16.989687864542002,4.19935794066213,97.31,0.6599999999999999,0.12,-0.0005739967167610292,-0.00527615271526156,-0.0008821655647479925,0.004196495162323122,-0.007079618063638915,-0.024717544596176592,-0.0038878841907717303,0.0003299090476357412,0.015395420606655535,-0.0009110500504029888,-0.05802981743018608,0.0024087336531956717,0.003087516524014064,0.00789074430608889,0.0011797906280844456,-0.0014841641779057718,0.0001928296334808686,0.0010368630564771663,-0.0015375543761765558,-0.0003305189477978344,-0.007595235032611526,3.8793325424192875e-05,-0.0005386233646422664,0.00026414468948496414,0.00013691055035451675,-0.0034747289373772256,-0.00045785588305443953,-0.0002962142870528568,0.0010939793880679594,3.236571507295441e-05,0.0018572641554637794,-0.0038029036243096906,-0.0014123351147863987,-6.741995457560179e-05,-0.00021101032075239548,0.0018348163164337225,0.003458244862849821,-0.0007233162337797674,-0.00141560251027113,-0.013046927622053773,-0.001776940353098325,-0.142467973339546,-0.05031907376437448,0.28928691403823903
6.41,0.1030776253343,1.047196481415,18.7,33.0,0.4507595300674438,0.6250419616699219,1.100000023841858,25.38999938964844,0.5500335693359375,267.5724487304688,131.7989349365234,94.75,0.975,80886.0,573.0,36.035,30.6179,13.697,2339.8,503.33227546810537,3.5656280919222656,160.701,59.489,57.403,13.697,44.04493523854282,0.7705005543685988,37.51,683165.0,24.81513784080998,29.71825110917296,45.46661105001707,37563.0,37438.88,16936.21,15.717915646179634,15.449625511761106,15.449625511761106,1.4422353381379165,70.17,28.74,11.33,-0.019188256923342122,-0.013363878644537178,-0.0030651649420615212,0.00966405164363096,-0.022633855983614927,0.037109583255893086,-0.008995422395528297,-0.00033142646332271484,0.05104943685024046,-0.002403562412830064,-0.01971303937473567,-0.02591482026991434,-0.0008348207288654486,-0.01744559456343995,-0.004165479780291215,0.0005152885298011833,0.0016333907464286257,-0.0013130200076848313,-0.004718078897218222,-0.0035852357395924628,-0.014316674123052514,-0.0033539607054553972,0.0007912134528160114,-0.0033010311698308233,-0.0022346903219586265,-0.006420627202140166,0.00817930783017073,0.00045875175343826206,-0.013506407890119592,0.0036805141995428226,-0.05530793037777766,-0.02380886080453638,-1.8075730185918016e-06,-0.003623539462452753,-0.025606430701445786,-0.0042540528899990045,0.0004312773667043107,-0.0017132531339302663,-0.002289011438144373,-0.0053646144082304,-0.004566300723585298,0.07826997277897317,-0.0357641620655777,0.28928691403823903
6.335,0.2632378178348,2.549147377755,18.4,25.0,0.3566314578056335,0.5036435127258301,1.799999952316284,23.96999931335449,0.4529148042201996,227.1785125732422,127.3537368774414,113.44,6.47,113005.25,3048.97,56.37,31.11,33.02,4048.8,632.6927383685123,17.070544762331334,178.61,74.6,52.48,33.02,11.832260392384752,1.0136065476243834,41.19,962714.0,23.22925734100645,37.059541398199215,39.71120126079434,40450.0,30441.0,14677.0,7.420621787035737,5.286083690348805,5.286083690348805,0.6079000575173069,68.94,7.75,4.779999999999999,-0.0016921842318261022,0.06622538631607314,0.0002552815797971536,0.015395989683340308,-0.018866928530507712,-0.04463080571428872,-0.01060364202817437,-0.0013922078312607479,0.06443909714592155,-0.0026222536854911506,0.009990007963264361,0.004380292659159747,0.0006545794368721464,0.04607065155205783,-0.004730206569191065,-0.0006582168957684154,0.00450648496195209,0.003551779455388898,0.009523296083672896,0.0037719101669499685,-0.01019233504566364,0.006418382481671872,0.0022905611247988414,-0.0002980224725324623,0.002062487634248103,0.009676650596084076,0.00020587583770974652,-0.001023417392978447,0.002026852662209422,0.02773932516248897,0.009419329634984019,-0.006093508783378637,0.006362045594141818,0.0034131983291590647,0.02041274766949937,-0.005620983726112178,-0.01191589157364797,0.00530854169873055,0.0014874271299922816,0.006765240357955921,0.0022739664517575906,-0.14252431930392045,-0.017094280040706514,0.28928691403823903
6.465,0.1521214355077,1.557262009841,18.9,10.0,0.591846227645874,0.8813539743423462,1.799999952316284,26.13999938964844,0.7550832033157349,294.759033203125,128.2308044433594,121.17,1.24,111887.0,1972.8,69.36,49.35,35.98,2447.2,484.1916219491085,8.537303098494027,231.08,91.11,77.42,35.98,15.308206323678789,1.4921568515595265,37.51,1010017.0,18.514367546917764,44.48838459533429,36.99724785774794,40876.0,30965.0,14316.0,9.36200276864403,7.781782798224389,7.781782798224389,1.0236131895309892,95.51,141.18,15.49,0.005912803118117172,0.005786173504428044,-0.004976962866028811,0.04148033742397092,0.014536507019191056,0.05767868121899664,0.14058844067016613,0.005443390149157479,0.18534116682375312,-0.006184450289350912,0.010050104656838832,0.023665175688918655,0.0009152492049616046,-0.014423257575021118,-0.0018187252231874063,-0.020366589392884653,0.002091984170605432,0.004123133534449141,0.026509192699566503,0.0026606792055535954,-0.004637361066532347,-0.011097753955982597,0.0016431887267390338,-0.003373269352479824,0.010079535809811213,0.018708966796635664,-0.008819430192466851,0.01465166964579837,0.00638531450519807,0.01372679548081942,-0.024282557282713224,0.030364850018755513,0.031116578454268146,-0.0013716292486060377,0.131240303475759,-0.012787039736867878,-0.016057765593985075,-0.001604553265729891,0.001806091660517234,0.009277449062676177,0.007343720954377231,0.6136389910619473,-0.02515963174344506,0.28928691403823903
6.74,0.1080268747878,0.9551262178177,18.9,10.0,0.6282303333282471,0.8944280743598938,2.799999952316284,24.64999961853027,0.7655424475669861,332.4620361328125,129.8257904052734,121.17,1.24,111887.0,1972.8,69.36,49.35,35.98,2447.2,484.1916219491085,8.537303098494027,231.08,91.11,77.42,35.98,15.308206323678789,1.4921568515595265,37.51,1010017.0,18.514367546917764,44.48838459533429,36.99724785774794,40876.0,30965.0,14316.0,9.36200276864403,7.781782798224389,7.781782798224389,1.0236131895309892,95.51,12.57,44.8,0.010041122397989969,-0.011863351940759437,0.0018557066500652585,0.021063583999988637,-0.030109572255401878,0.08121406773873605,0.012303233835147703,0.020040787089499655,0.10093493051617404,-0.004086497419164512,-0.005303314817603685,0.01332387257646771,-0.019202174661331818,-0.015297315797186467,0.027974645627080463,0.014328743599588042,-0.0051065248164813976,-0.013519499730668036,0.05043090138141998,-0.00037106530775781463,0.02264656267943791,0.007483339979895379,-0.01127538448048292,-0.006776258134515942,-0.004588067910284743,0.056423265318386276,0.010098721843445688,-0.0011537613894324755,0.0008243925207061687,0.0049079184299334975,-0.019106612430885433,0.0039027622162830095,0.02112590949179139,0.0014520937645575104,0.026962997980066572,-0.009292082187253978,0.003660822668462059,0.0015395093013066726,0.0020393341968301865,0.02501677095342894,0.0015839034857926732,-0.056115676702582294,0.21318858451256525,0.28928691403823903
7.105,0.1117993812063,1.349241221433,19.3,7.0,0.5908805727958679,0.8486366271972656,1.899999976158142,22.18000030517578,0.7289093136787415,158.2906188964844,116.0,41.8,0.9984,37631.0,382.0,12.2266,9.8512,4.991,6472.866666666667,481.9852705731668,4.89273134806276,78.075,30.563,28.728,4.991,21.398798506227283,0.8755846807233554,35.03,369846.0,16.504901960784316,31.65686274509804,51.83823529411765,26213.0,35691.1,13158.53,16.539135979595088,17.556710821702243,17.556710821702243,1.1884593356762363,77.55,1.26,4.15,-0.0034687140402384136,-0.006608938270597722,-0.00034342660196125425,0.004007200619671502,-0.01567829016875475,0.012666297941701491,-0.007810892281820999,-0.0038589756326982754,-0.006464179376082031,-0.0009709994632285085,-0.00560084113758057,0.00380318693676964,-0.005806896087480711,-0.0039670660488191145,0.0002369743005838274,0.000460783643648027,-0.002028525267960507,0.00033885486330836835,-0.002885902412002904,-0.0017509109220700328,-0.002870721137383952,0.0003085869455244448,-0.00020457160403021128,-0.0014542848482960796,-0.0014563992442563128,-0.0003916259291581797,-0.003911529786128081,-8.176354516763267e-05,-0.0021639197112526772,-0.003025910518714225,-0.011358189645223319,-0.01174010620405898,0.0014286692747846185,0.0012507716931868353,-0.0017044646415160965,-0.006537376522319392,0.0007955991351045744,-0.001612760015181268,-0.002166445494629443,-0.00019664159434614774,-0.006062520155217493,-0.15100921887555158,-0.03651204754109493,0.28928691403823903
6.835,0.1208219338969,1.166843801582,18.2,18.0,0.4840219616889954,0.6705208420753479,2.799999952316284,23.81999969482422,0.5864166617393494,271.5149230957031,131.2420196533203,94.5485,2.1563,46537.0,680.0,35.5076,21.2759,9.55653,702.0666666666667,383.5888559182328,5.60501153972964,121.32,51.283,28.768,9.556533333333334,22.96171465687948,0.7568755271663641,40.05,477450.0,5.7139813203593866,53.40210944990944,40.88390922973117,54771.0,36208.0,22771.0,14.874310622850874,16.990620933097066,16.990620933097066,2.7751741163370838,74.2,362.45,847.76,0.03208231419837102,-0.02363511471974195,-0.013512140186387134,0.08182223128678741,0.06648188989434851,0.13876176267722623,0.007342766222427638,0.005203369215247266,0.1699661722538294,-0.011851892353734027,-0.07320521885599009,0.010699675767449656,0.04845241704338693,0.016339207930956025,0.010291444096365033,0.030850305733387373,0.012766079621855225,-0.005523948732530695,0.04628777201904446,0.0034009509194875055,0.04079848250513896,-0.011556983306072636,0.03230418132245535,0.009920752992155066,0.05992795402265616,-0.0005631763639393827,0.0005275544787291308,0.028885441649472276,-0.0019411762269446464,-0.0011841350134927763,0.12867421687336175,0.05341183089674449,-0.002900082849664648,-0.007438573582563515,0.0013773472438333378,0.0315578303684015,0.012029458224540577,-0.005937780880834895,-0.007038308671326371,0.009133154321461967,-0.02518666194647081,1.0358659868669926,0.495850115602021,0.28928691403823903
6.745,0.165993909789,1.364430915429,18.0,4.0,0.5297542214393616,0.7643019556999207,2.700000047683716,25.06999969482422,0.6614415645599365,288.1651306152344,129.0,92.75,1.5386300675675677,45158.0,696.0,33.0483,14.6795,31.74,196.0,387.35632183908046,5.970149253731344,116.58,42.49,20.02,31.74,25.258358901966528,0.555059543918919,52.85,465622.0,12.3,44.1,43.6,67794.0,41956.5,22104.5,40.84636824324324,17.791976351351355,17.791976351351355,0.9989242570341496,59.34,12.53,2.2,0.0045099289030768016,0.0013090056612854839,0.001020300920470621,0.006771421383833515,-0.04081734996219165,0.055055777171510265,-0.0013155042561702386,0.00879531042661983,0.08226538190420252,-0.003244280600105405,0.003983798756962631,0.0024808947625570054,0.0017308276852127074,-0.007743196606286804,0.0004643948960583705,0.0020027002706192467,0.0021999534029746443,0.0022364699470344947,0.03197374686179684,0.005760819224873559,-0.004344903428805993,0.016295912180910827,0.0005078019414795548,0.0039535572709282875,0.0024822687646374104,0.032515830319141965,0.00010773805016651567,0.013590987583971589,0.002659205011208554,-0.001298023052397193,-0.00025320739171002247,-0.001748361408244825,0.0034036361391190347,0.007936946401954631,-0.01852325882972217,0.00324321377102751,0.04135500671784394,3.360650513786756e-05,-0.0024914238868514126,-0.0015403758977772756,-0.004606827129609886,-0.11923947346373462,-0.06410015493188984,0.28928691403823903
6.99,0.1358321727385,1.052298407994,18.0,8.0,0.689206063747406,0.9442567825317384,3.700000047683716,23.38999938964844,0.8054053783416748,294.9383544921875,129.0,107.39,3.73,96920.32,2066.12,58.97,40.44,27.91,610.38,465.7391638635272,9.928495915425277,208.1,77.67,61.57,27.91,13.785865223981112,1.7056792964710272,34.96,786132.0,20.47490893033877,43.41481379464505,36.11027727501618,31295.0,29723.0,15547.0,9.581485948260582,8.895328795155292,8.895328795155292,0.8326497317534427,104.89,8.86,9.46,0.003431842139223587,-0.0019255068358033935,0.0012648097622441124,0.007165386815555388,-0.03144997837231494,0.048332258138922043,0.03987809654534796,0.007609583419514827,0.05660821459069848,-0.0018005192787386493,-0.0024927452420815733,0.005087320078047917,-0.0031068822762463284,0.010391714714118264,-0.01162112046801485,0.006221204446628691,-0.005874291788903066,-0.003913632912095633,0.03931671386887319,-0.011543401382165027,-0.0026808892625849734,0.002204243356361983,0.0009974641932640304,-0.002901264113374058,-0.003107460854924281,0.032010153202107185,0.00499070184258744,0.010694490202469762,-0.0026615607672138162,-0.009607905949233098,-0.01293576645117719,0.0004049553463701075,0.007330358680454086,0.0037651077627669977,0.014386762184440169,0.000541651634732268,-0.0021622405585367196,0.0002587328323861618,-0.0009520495163742426,0.0017430305340094474,0.0022602604043204313,-0.14304644558578727,0.029955632084049284,0.28928691403823903
7.13,0.06015805778879,0.6011054421239,19.4,17.0,0.2714352309703827,0.3411122262477875,1.0,27.72999954223633,0.3228897750377655,232.0772094726563,132.0273895263672,90.0226,0.7435,42621.0,380.0,29.4862,26.9367,6.0698,1695.8666666666666,337.6107982224757,3.0100678849520373,126.243,48.203,43.513,6.0698,23.893469695255813,0.8922933064271592,52.67,391262.0,5.5,42.2,52.3,87708.0,38644.0,23300.0,29.21013066820637,20.030529177502824,20.030529177502824,4.456108026187788,110.8,0.00106066,0.13,-0.003506361338892019,-0.007314354555215688,-0.0019959276843583202,0.0043052431814139674,-0.005403798710904084,-0.01803676226572134,-0.006183057071641085,-0.00045918283471837914,0.02293121762725059,-0.000814187468029562,0.0005438859199057312,-0.02036832129390677,-0.0024764089437085165,-0.0068461457884404775,0.0005773179045063432,-0.00029933614085894065,-0.00029327184509019813,-0.0022751015958492613,-0.0010985112221678739,-0.0016753831408568682,0.0011028440757072575,-0.0038684740405879004,0.0008190424194326606,0.00013788702606689656,0.0010906862977426456,-0.0015145670869387707,-0.004858441522927022,-0.0009979506406234573,-0.000199299717729448,-0.004442712801566807,0.015584117879683616,-0.0001630152903962894,0.0002970390748232625,-0.0013682482216972815,-0.005363681173417715,0.001185628690524028,0.0010232665577204932,-0.0018658961517503455,-0.0014178826558636465,-0.025894351697061214,0.0023350370912230576,-0.15001459214830537,-0.05770730374049162,0.28928691403823903
6.635,0.2163291263279,1.973026965186,18.8,32.0,0.444529116153717,0.5849077701568604,1.100000023841858,28.04999923706055,0.5179262161254883,255.7650146484375,133.0,69.61883,3.1667,31295.0,362.9812608948286,7.9764,10.4369,25.54,1008.69,431.0012394986916,4.999053310767506,72.61,11.98,17.16,25.54,29.247120158096035,0.4441104259190304,62.5,205105.42621421916,6.613355601948504,25.327743910925538,68.05890048712597,63992.0,36649.66,25491.99,8.611711314748359,6.341558665661586,6.341558665661586,2.4926882667224866,70.9,23.81,49.58,0.04360263046564068,-0.0030708853730466224,0.004002150651067488,0.0610938660983229,0.010445131611777491,0.15990995272982397,0.014200621635187427,0.00012165513308715626,0.16723587023525038,-0.004971278825076295,0.018803876390680686,-0.06734711974242236,-0.0036469932004110804,0.09364830688026268,0.03134267219831235,-0.010157946674386038,0.003497716167359616,0.034273851272067966,0.042696611431892996,0.013136554149794394,0.007043824637308724,0.00613012557826004,-0.0013650485607795276,0.012095455432543537,0.060932264076778674,0.020266595754539613,0.07465691958647219,0.016445398981682964,0.007012463718885542,0.001652613934711561,0.020056382528739043,-0.024632375069777494,0.008553054253803562,-0.0005115289039676896,0.021232605555793267,0.01641737239807845,-0.004393800671095971,0.0041961270680185205,0.0013026750686112754,0.014315249773557321,-0.006658738906146017,0.0638654229331296,0.2776043682589661,0.28928691403823903
6.265000000000001,0.08511240689968,0.790420141245,28.6,69.7,0.3084035217761993,0.0,1.100000023841858,32.20999908447266,0.0408003255724906,295.7795104980469,133.0,126.195,0.9478,45899.0,1702.0,58.722,16.8508,16.87,882.0,223.4017181377917,8.284052468910467,205.455,93.926,30.942,16.87,33.16205965449566,1.7174502122943875,39.64,605389.0,14.2,42.9,42.8,42227.0,38884.0,17032.0,18.34775726355647,14.769191834162667,14.769191834162667,0.4028414498141264,119.4,1.38,0.5900000000000001,-0.015404727928224018,-0.006030009841546409,-0.0010422788609284917,-0.01099179292155896,-0.010396401181351397,-0.008826916162623094,-0.043152987926849164,-0.00023474969598464304,0.018384641401818953,0.01119589661352802,-0.0046721575155388596,-0.01089610021084081,0.00038665728853084613,-0.0037385864317184304,0.0010118501799879593,0.0006931749494979159,0.00016364404186606975,0.0003237099995603782,-0.0008360878613311873,-0.0007113506012829009,0.003948968493961733,8.296241948846706e-05,0.0006677966972347355,0.00018512494419701495,0.001313355052843689,-0.0004252776961075136,0.008557280141045339,0.0005646935803815718,-0.0020132795432582454,0.0018964612792478897,-0.00278013896709308,-0.0024402993019903055,-0.0011180010370444517,-0.00043582905642688415,-0.005258354902849533,-0.001561902895802634,0.0005544606179464593,-2.0774249220266177e-05,-0.0007648991809692229,0.0008206734790001131,0.0017364517593523505,-0.15213529980240856,-0.05303485121158883,0.28928691403823903
6.525,0.1198617483758,1.10340131925,28.6,210.4,0.4101231396198273,0.0063340114429593,1.5,32.63999938964844,0.0291978325694799,255.9736328125,128.0220336914063,142.4267,0.98,46210.0,1116.0,70.9324,18.6665,13.388,492.0,207.0155004031897,4.999552011468507,223.22,96.741,33.206,13.388,36.02947095994996,1.9691703020360272,44.56,503654.0,12.3,40.9,46.8,38937.0,39286.0,17168.0,21.03691766650654,16.933855628952,16.933855628952,0.4061223048327138,136.9,17.25,1.41,0.009443600494530973,-0.00794948063301854,-0.002600954110384912,-0.004218431044137104,-0.012461799381067978,-0.06356711470929441,-0.005626059095142413,0.001067462226375933,0.03446682592353317,0.031246968639432455,-0.016604524331167346,0.0017409469767007992,0.014381793056963951,-0.002651171648874874,0.0008095597908832116,0.006368027361924762,0.0022456916433293327,0.0032938031153753426,-0.0021205332952085945,0.0022956105993362196,0.022684183113276964,0.002318336856784312,0.002686062650172974,0.0038972398481564646,0.003326337309903466,-0.0025677628018893365,0.026390949457534583,0.006100462508271445,0.00040635217959061193,0.0016478490137960822,0.0019271428252104657,0.0009745316558983196,0.003452807841356852,0.002684236266184599,-0.004625516836647884,0.0028376548085361753,0.0034462459055939697,0.0001762283045100066,0.0005866278343601164,0.0016151068335166156,0.02442185020074249,-0.14789233130577487,-0.06262338396848643,0.28928691403823903
5.9,0.1662771156886,1.71571893414,28.5,175.3,0.451192706823349,0.3462640643119812,2.400000095367432,32.81000137329102,0.3270112574100494,280.4542541503906,130.2056732177734,183.5192,0.98,54651.0,1569.0,81.283,53.4333,1.4101,409.22,223.51233078401705,6.416915463580222,244.51,108.676,89.27,1.4101,21.606103183901,1.091960683698584,44.1,646581.0,15.7,29.6,54.7,32791.0,38369.0,16598.0,29.188471783605653,21.4702652156679,21.4702652156679,0.2514382037807957,117.0,13.84,19.12,0.06070639529509936,-0.002175733411568216,0.000262871814193201,0.015446543430793097,-0.01879253271897323,0.04768816348223482,-0.009796522490913052,-0.0006655968080740455,-0.06922377776796931,-0.0025320757419103725,-0.01738509696291293,-0.009574052407755513,0.016603410706622527,-0.008882116309017868,0.0026669169067172318,0.0024078167708357773,0.0014166803074767893,-0.004980228222557351,-0.003839250750606879,-0.0012698107672622348,0.005658118621911854,-0.002196751423645768,0.0012958615644602129,0.004867804115405305,0.005142169436439867,-0.0003116264581913136,-0.002347388631897046,0.0005253228375222616,0.0025683526524808292,0.004500966503284867,0.0007576439870754265,-0.006408173268544484,0.003945014278986486,-0.002805441510630763,-0.011653199837077414,-0.0005069657055428306,0.02185872233437839,-0.0013651414979249294,-0.0030547728436067763,0.008070692621171478,0.02845100968144834,-0.07875781165563966,0.06227744577347767,0.28928691403823903
6.59,0.2220461019333,2.274343786502,27.9,436.4,0.4671959280967712,0.1034901142120361,1.700000047683716,32.81999969482422,0.1327920854091644,260.926025390625,103.5349197387695,102.75,4.78,82098.0,1049.0,61.06,47.59,26.67,1144.0,402.7768238237748,5.1464455673845855,203.83,80.46,75.07,26.67,13.502993313811004,1.3571426592267275,41.38,826658.0,19.61414974691788,40.554352669645,39.83149758343712,37647.0,31064.0,14954.0,10.01000072751194,7.077667062460118,7.077667062460118,0.8315029869915178,92.59,60.620000000000005,13.16,0.02939925068826414,-0.006942052176222213,0.0014714548840420367,0.005145752246142351,0.09567899353022222,0.031149458185769613,-0.017921855798107574,0.0010125761278905077,-0.09860312956979031,0.03183382139122112,-0.04778641175362279,0.03267615886800923,0.0008976184388156755,0.07981227854441385,0.004535947824595474,-0.0003793675487395287,-0.016917758459574557,-0.010119306539883816,0.0416820821661968,0.002627351332339459,-0.0006511572719318876,0.0016727550368523165,-0.0001986446741502529,-0.0036393949508201325,-0.01240027766081038,0.040165309216594336,-0.029061518657370482,-0.012001931212143976,0.0004033427784452176,0.0022284504002891615,-0.04252711028605699,0.002811347397859207,0.012089565895148553,-0.0006074766848469193,0.02804846171673856,-0.009517844860325558,-0.013885390378418374,-0.004462904798681863,-0.011499614450731332,0.017311106347478906,0.000993359574931671,0.31588430927682204,-0.048498305406537816,0.28928691403823903
6.725,0.1294402405123,1.624522525286,27.5,221.9,0.5033127665519714,0.146291509270668,1.899999976158142,32.04999923706055,0.1670332103967667,227.2692108154297,129.4583129882813,41.8,0.9984,37631.0,382.0,12.2266,9.8512,4.991,6472.866666666667,481.9852705731668,4.89273134806276,78.075,30.563,28.728,4.991,21.398798506227283,0.8755846807233554,35.03,369846.0,16.504901960784316,31.65686274509804,51.83823529411765,26213.0,35691.1,13158.53,16.539135979595088,17.556710821702243,17.556710821702243,1.1884593356762363,77.55,0.11,0.000707107,0.0023247919708956105,-0.008461491713533175,0.0003493663646513559,0.005148420978919614,-0.008761582689126952,0.012835645816754546,-0.005821704182017122,-0.003192844572593459,0.022593334937002513,-0.001310814011609178,0.0002953670903807511,0.0007920613982714739,-0.005126147360249888,-0.006347527852340135,0.0012253079081419806,-0.0011621435652486934,-0.0009112657973309993,0.0018197497311048215,-0.0016748695701826375,0.0007533609076635876,-0.004406256241723898,0.0004166162809124274,-0.0014310044436715564,3.2955353381119817e-06,0.0010774220449384238,-0.004943064328981563,-0.005075234686722974,0.000328696998883972,-0.0036607918885420065,-0.005062244085012939,-0.012882438435102816,-0.012482788650551808,0.004581987479934467,-0.001056124459137207,-0.001908694237587041,-0.0042162773568416,2.7886537718586814e-05,-0.0029486991727026243,-0.0014215967655181905,0.0003975557732628707,-0.004240165120980237,-0.1724584966634866,-0.0609278039612691,0.28928691403823903
6.65,0.126125325302,1.313179613021,27.5,221.9,0.5431041121482849,0.358176589012146,2.0,32.54000091552734,0.3365412950515747,232.277587890625,129.3061218261719,41.8,0.9984,37631.0,382.0,12.2266,9.8512,4.991,6472.866666666667,481.9852705731668,4.89273134806276,78.075,30.563,28.728,4.991,21.398798506227283,0.8755846807233554,35.03,369846.0,16.504901960784316,31.65686274509804,51.83823529411765,26213.0,35691.1,13158.53,16.539135979595088,17.556710821702243,17.556710821702243,1.1884593356762363,77.55,0.8099999999999999,0.54,0.00122252910211682,-0.007522487287875268,-8.249482081737953e-05,0.004442885339260105,-0.010325470575131475,0.013152507892693394,-0.005747490138921421,-0.004229331200767772,0.02215242628683336,-0.001326625546556895,0.001723937549628318,0.00275495610444341,-0.004751943017123265,-0.006339464086457153,0.000668792472220959,-0.0011680813931161463,-0.00015528697532135523,0.0011165804704651283,-0.0021625336434226454,-0.0017338893327396344,-0.0022966134574962773,-0.002690492111258211,-0.0004948697204235939,5.539324495475598e-05,-0.0009214873835444445,-0.0018829466620227334,-0.003849130491376855,-6.078736885684194e-05,-0.003888335272844416,-0.00399876853247406,-0.006176019847684075,-0.011535401658155026,0.00168098738091067,-0.0009540939510334272,-0.0022743977073114317,-0.003992349665379149,0.0026925937780761192,-0.0023928819921566194,-0.0023081761563662475,-0.00357152302679606,-0.005027842404320834,-0.16940441133343848,-0.06539670999941882,0.28928691403823903
6.404999999999999,0.1673749854038,1.586555336748,27.9,436.4,0.3305558562278748,0.1889648139476776,2.200000047683716,32.59000015258789,0.2011718451976776,190.2931976318359,129.0,102.75,4.78,82098.0,1049.0,61.06,47.59,26.67,1144.0,402.7768238237748,5.1464455673845855,203.83,80.46,75.07,26.67,13.502993313811004,1.3571426592267275,41.38,826658.0,19.61414974691788,40.554352669645,39.83149758343712,37647.0,31064.0,14954.0,10.01000072751194,7.077667062460118,7.077667062460118,0.8315029869915178,92.59,8.58,7.659999999999999,-0.021113461951375943,-0.009905176134197974,0.0005800066583324312,0.0041727181005990184,0.05193447676452343,-0.06563290311780293,-0.007612808024743567,-0.0022666934739099904,0.05855306819232646,-0.002055695092538362,0.010705739664845167,0.003281079034786677,0.005330040590488352,0.05760572976677214,0.010548325015930456,0.020494146675919176,-0.008239044092013504,-0.008274130755104133,0.03536272809107323,-0.004157776508480311,0.013762772040208798,0.0021050477800890767,-0.0029782200102927217,-0.010742687169928102,-0.014480123579967771,0.023320012902026045,0.012028765961411407,0.02876253844681197,-0.0017258046858478371,0.004276113647501915,-0.008137952231569217,-0.0016831691185943715,0.0027814382143551515,-0.0033945166097255467,0.010888600784237493,-0.007329286486492495,-0.011029409980634227,0.00025505256163888267,0.00035792718711309126,0.004795220637461186,-0.0032760698347119544,-0.13323729505192022,-0.0015677335882792313,0.28928691403823903
6.805,0.1268252958939,1.320664001366,27.3,172.8,0.4161115288734436,0.2807495594024658,0.800000011920929,35.4900016784668,0.2745996415615082,284.4898376464844,130.9375762939453,46.39,1.9696,37903.0,493.0,18.997,12.4084,9.119,1097.6666666666667,438.5652299681805,5.704367949088805,86.425,31.048,20.027,9.119,23.6873667742644,0.5198347645921357,40.86,412043.0,11.40105756416319,43.837324276686296,44.76161815915051,46146.0,36086.43,16572.17,12.426995927713286,10.42342201495799,10.42342201495799,1.8765437977532649,50.36,10.0,1.6,0.001941140436218125,-0.004982516867574304,0.00014565518102608682,0.0016792407656321322,-0.009664376895874741,-0.02740214465162717,-0.004093458270712287,-0.0008747175748576381,-0.061190378530940503,-0.0007442581923678528,-0.005687741899222601,-0.0003081034938804809,-0.00413981522637187,0.00032575266330968735,0.0007743219556286932,-0.0008670086197671504,0.000503151782555506,0.002397293526271822,-0.0018695166541729106,0.0008034463777439668,-0.001282916103431488,-0.00012332154921023173,-0.000750510943355034,-0.0006730095500242881,0.00020408307190518648,-0.0041617987770005156,-0.00115130633971421,-0.0013587191805127046,-0.0009735699145239796,-0.00429691538162297,-0.0007646374640753482,-0.003199431224900756,0.00035156964830821336,0.00091584567975952,-0.011358762965071942,0.0007219156731152921,-0.0016082665910944365,-0.002797225992486353,-0.0003080567468423408,-0.003810877760290166,-0.011108276730403304,-0.07577007122675421,-0.04986257274501259,0.28928691403823903
6.734999999999999,0.1139399067812,1.809336543191,27.8,320.3,0.398882657289505,0.1910979747772217,2.0,32.47000122070312,0.2028783857822418,197.2183074951172,97.66290283203124,79.7603,1.3218,37783.0,436.0,32.0201,11.986,14.3018,1405.4666666666667,317.1284444481749,3.659529465087586,119.14099999999998,45.663,16.368,14.3018,22.549304697785008,0.6391463480032891,44.35,477241.0,11.4,37.1,51.5,71561.0,34380.0,21443.0,14.98400185022494,14.347792906389309,14.347792906389309,1.8324918038196647,67.5,48.07,26.31,0.024425216857111073,-0.022677539951866485,0.001615442232461664,0.028574849671218573,-0.0064057126664556485,-0.06634325481858103,-0.010075235169497326,-0.001589585119392742,0.11668122063588818,-0.008455184580292563,0.006628112267819267,0.017099635219085065,-0.03523600042285396,-0.04069302055228037,0.0036457677070284413,-0.02066071536112577,-0.0022665935039985928,0.005298568941536347,-0.009935189754702162,0.00043859376804902264,0.03404299565765542,-0.018245209346758197,0.000834449771442422,0.0027683324725367026,0.006131670290138594,-0.010311345757683752,-0.00710604835976845,0.012283939069719058,-0.003089814602048138,0.006411585130845188,0.03505957549775485,-0.004379683758597844,0.0173091606333619,0.020849275906337433,0.019786888306960466,0.008129571161349311,-0.0012308847996173322,-0.010137704097665854,-0.023822924236068504,0.008153239186736754,-0.01032189698528967,0.48495282692264297,0.1431099680032348,0.28928691403823903
6.945,0.2137058061186,2.308573007529,28.0,594.3,0.5184149742126465,0.1792715638875961,2.299999952316284,34.25,0.1934172511100769,288.3624877929688,129.3096313476563,111.07,3.69,99177.0,1003.5,55.58,40.03,31.27,624.27,546.7309812568908,5.531973539140021,181.40000000000003,73.25,59.84,31.27,12.01708770605562,1.3716441835883986,39.96,1202915.0,16.431187710251496,41.28557796152066,42.28323432822784,53308.0,32689.0,17803.0,9.539679628333618,7.153294308153317,7.153294308153317,1.1848298070618952,91.37,4.82,3.62,0.009449763812590389,-0.004221195249701848,0.0006078386168228436,0.008774873757618474,0.07602930691570511,0.03731788366637193,-0.0070364771374734165,-0.0046072564709465896,-0.06365725973877123,-0.001739451970206575,0.002630411402438762,0.009607078962726515,-0.0017074961155885734,0.01936685716034845,-0.0026248592734336813,-0.003320701703662052,-0.004005834262119613,-0.005951585596310914,0.030563713146140804,0.0034205119526013713,-0.004253074900596404,0.007669393123476758,-0.000452107925084419,-0.0011201008373173033,-0.002874805467901745,0.02715176668646746,0.0009890763444127515,-0.00013022388482932106,-0.0017068898575380493,0.006218938760343004,-0.009360224932432168,0.0002632851162925359,-0.0007138072742382123,0.0022196830421453333,0.008671630218625066,0.0007586824579630044,-0.005536895109922625,0.0007916394893545689,0.0001940786356572105,0.002683119001332677,-0.0028642310557188398,-0.10738183976057918,-0.09826377178716938,0.28928691403823903
6.984999999999999,0.2165105769995,2.120223873569,25.8,149.9,0.3598625957965851,0.3565589487552643,1.899999976158142,33.97000122070312,0.3352471590042114,260.8031616210938,134.8762664794922,156.26,3.7,71109.0,604.0,25.5392,19.687,6.87,4046.0666666666666,639.9701205079514,5.435907589570977,111.113,48.363,43.95,6.87,30.453854606755456,0.8473062281162614,50.12,299186.0,8.188156481532047,41.53969380882165,50.2721497096463,56528.0,34807.04,22100.67,29.449202691670408,16.989687864542002,16.989687864542002,4.19935794066213,97.31,3.45,6.970000000000001,0.0013185943671269378,-0.0018130126085597969,8.413260430097627e-05,0.0021926751605933514,-0.007343523062532766,-0.023853896423010158,-0.005233202369476204,-0.0029873736753361297,-0.04829510719759855,-0.0008699785143835495,-0.007049874598858882,-0.013440733961062507,0.0017952971373451914,0.007896477111207785,-0.0003580888464348411,-0.0004618308716453555,-0.000989685990614816,0.0005327046990860275,-0.0026130346446298094,0.00011809219955466613,-0.01026259372290224,-0.0005231224328745181,-0.00039296109415590176,0.00010506609943695434,-0.0012072140532545799,-0.004529835813562383,0.0021837367984699086,0.00039601704815868334,-0.00032104976999107904,-0.003101446210523131,-0.0011839530876604856,-0.002066631883149964,0.0014408484863815837,-0.00033879360766149696,0.0010532038494711726,0.0011273654736578451,0.00205063874926418,-0.0022732108270283793,-0.0010625360523117736,-0.012387066977214997,-0.0013363225928042087,-0.12588440107216595,-0.025496890315087516,0.28928691403823903
6.815,0.1722557157185,1.662176009124,27.8,233.8,0.3344251811504364,0.4704570770263672,1.600000023841858,31.17000007629395,0.4263656735420227,243.0920715332031,129.7129364013672,107.34,6.28,66001.9,1675.31,49.3,18.28,27.37,612.65,435.2825957923893,11.048671107300668,151.63,65.22,31.43,27.37,10.04493389674318,0.8095851014325984,41.74,774172.0,21.96364940618549,42.590832655196046,35.44551793861847,49137.0,30324.0,14574.0,6.059303494414041,4.22208657852724,4.22208657852724,0.6829462442173873,55.57,23.33,2.27,0.006609136502491321,-0.011992729481658904,0.0006263349174987526,0.014141239698510628,0.005131779581890442,-0.08369649657362607,-0.006236893772264006,-0.0019669804831501103,0.07315998051408679,-0.0018410278649535039,0.0065366890896111736,-0.0007450562603771637,-0.00019625026814174272,0.07332088151527567,0.0017114261951064746,-0.0051346819088794364,-0.00368193561746738,0.001656642243033285,0.006148491882719098,-0.0004338819250697262,-0.00507315316854511,-0.014082253497210335,-9.983231022488991e-05,-0.0027846190230920885,0.0013613266275497137,0.006704201700864354,-0.0223679530423833,0.008859458326711327,-0.0026485820531379376,0.01052250393526628,-0.02397860747319647,0.0020879321407992453,0.006073569258558566,0.0003067103177309155,0.030231060370919292,-0.0025535288061946685,-0.020861054663197133,0.0035465118918800733,0.0010119107391219628,0.004481484660645937,-0.007756370001472538,-0.029755157447885726,-0.05328077710687649,0.28928691403823903
6.715,0.07368863019858,0.9141029775597,28.1,406.5,0.3405666947364807,0.472159206867218,1.399999976158142,32.7599983215332,0.4277273416519165,185.4667510986328,133.9436645507813,1.2429,0.0576,178.0,2.865339918651946,0.0803,0.0452,0.01,4.47,635.7142857142857,10.233356852328376,0.28,0.14,0.08,0.0,0.1127832756406402,0.0717922868966855,97.4,2310.438051510152,0.0183640280367156,11.209851980137037,88.77178399182625,126700.0,55075.29,33831.22,30.733895233898767,1.0251391827949203,1.0251391827949203,4.746573554900874,162.4,0.26,0.12,0.00018719070032238873,-0.0038339178082533107,-0.0008776417011395098,0.003961573652690278,-0.006534960633143785,-0.00045321306446566637,-0.00499435597029515,-0.0008285204225685457,-0.014538245618343354,-0.0004977991727646463,0.0015571202904684479,-0.007674962934921492,-0.006950705594616006,-0.006290641477564349,0.002009740568697454,-0.0006862652401905537,-0.007115446950658225,-0.0009008208971936219,-0.0026956880410434697,-0.0003865778249455585,-0.0022895093177212394,0.002144905621069483,-0.009069573102169673,-0.003100416695815508,-0.0008395919575123064,-0.0031286893771030034,-0.003527357916813343,0.000636858335812571,-0.008842463280656371,-0.002770592276123352,0.01041777885181364,-0.010822662338498046,0.0031848649429157398,0.0014744115156354327,-0.014133334079291677,0.0006287085122894474,-0.003969223455293102,-0.00035405049344990665,-0.001218551734928042,-0.017410847605206066,0.002628935809363611,-0.1018237036067294,-0.06762783694232347,0.28928691403823903
5.945,0.1522563317346,1.886986682136,3.8,17.0,0.1956540644168854,0.034642856568098,0.5,7.21999979019165,0.0600076392292976,295.7795104980469,133.0,126.195,0.9478,45899.0,1702.0,58.722,16.8508,16.87,882.0,223.4017181377917,8.284052468910467,205.455,93.926,30.942,16.87,33.16205965449566,1.7174502122943875,39.64,605389.0,14.2,42.9,42.8,42227.0,38884.0,17032.0,18.34775726355647,14.769191834162667,14.769191834162667,0.4028414498141264,119.4,1.33,4.85,0.05559799418458714,-0.005335369154810906,-1.644195034168558e-05,-0.005024157576495784,-0.005096460671280513,-0.030352947455830875,0.007487210733699611,-0.0007899865461513438,-0.027526571821887048,0.02207131369691342,-0.005458653401350601,-0.009420028587803244,0.002460320906480778,-0.004868665062705975,0.0031491589772049402,0.002623549511888993,-0.00020539383077994126,0.0035546950593125038,-0.0003916444340720814,0.0026838155228179014,0.01142975792719517,0.0007409641197882576,-0.00034141049068420957,0.0024640134316869116,0.0002557037025690101,-0.0002511585864704076,0.0055933095238870035,0.0003646394764073146,-0.000981673297006634,0.001081864223699086,-0.003908953239675608,0.0003038665963104002,0.002463300016825082,-0.0013428315432975103,-0.011753452813019979,-0.0020020372800063253,0.0019743555781897115,0.00027716533199418703,0.00010974998120218785,0.003792502785567186,0.012249657466425558,-0.18361680280230938,-0.02158012503932695,0.28928691403823903
6.425,0.1813929308748,1.649603096967,3.9,17.0,0.1429540812969208,0.2226490825414658,0.4000000059604645,7.519999980926514,0.2120927721261978,255.9736328125,128.0220336914063,142.4267,0.98,46210.0,1116.0,70.9324,18.6665,13.388,492.0,207.0155004031897,4.999552011468507,223.22,96.741,33.206,13.388,36.02947095994996,1.9691703020360272,44.56,503654.0,12.3,40.9,46.8,38937.0,39286.0,17168.0,21.03691766650654,16.933855628952,16.933855628952,0.4061223048327138,136.9,12.6,14.95,-0.01769866895582527,-0.0072703599873930255,-3.6469428450801916e-05,-0.005177524537197312,-0.004456010222900658,-0.0433250569003867,-0.004535523769911376,0.004965001217671672,-0.0698247655867599,-0.0012154259610688322,-0.010983227382879704,0.0017701280525652674,0.002113699652603823,-0.0049483873994322445,0.000311290773912333,0.0007834566847886946,0.0015596761581255125,0.0018156408013310337,-0.0005327854171628154,-0.0012897845694096752,0.005861500120605342,-0.0009648092950228605,0.0011973284209379975,-2.713196701370768e-05,-0.001091037629870702,-0.0025238307848339907,0.005815159240388308,-0.001120422111824156,0.0002444845472928136,0.001138202611124143,0.0031587462445022566,-0.0030554889263585106,7.710609445348388e-05,-0.0024525040128501137,-0.009663171807304024,-0.00023524570290465088,0.0013280383459059512,-0.001604341038851999,-0.0009417848937446216,0.001105980722932145,0.005605762839550154,-0.10198158766096457,-0.024225695523666213,0.28928691403823903
6.105,0.1732695057781,1.83224403656,3.4,7.0,0.1602319031953812,0.2202560305595398,0.6000000238418579,8.40999984741211,0.2098356187343597,280.4542541503906,130.2056732177734,183.5192,0.98,54651.0,1569.0,81.283,53.4333,1.4101,409.22,223.51233078401705,6.416915463580222,244.51,108.676,89.27,1.4101,21.606103183901,1.091960683698584,44.1,646581.0,15.7,29.6,54.7,32791.0,38369.0,16598.0,29.188471783605653,21.4702652156679,21.4702652156679,0.2514382037807957,117.0,42.15,26.59,-0.07040409199014538,-0.017773240029171584,0.0007941261705709634,-0.01659080714441371,-0.01043230857304297,-0.10207903762231581,-0.00894576691312249,0.0008772137578344066,-0.09935390976606866,-0.004203012616839262,-0.014709460819023665,0.005818601903913079,0.014146388445864452,-0.012182750684383799,0.0006721253411378858,0.0038287045235047253,-0.0001364706095191612,-0.01378718116809614,0.003082265374483541,-0.005614959992817607,0.009478553993860253,-0.0019507117073517225,0.0005723897087154789,0.0007269071770133445,-0.015749975925660693,0.0009272145479917449,-0.003975204835645856,-0.002650357486098072,-0.0015842767709400463,0.01754278238746338,-0.002606956345960498,-0.006431846935534867,0.004455210764892392,0.0009007575841387769,-0.0026043632373330128,-0.00044853432429954045,0.028480671282042742,-0.005122757865581654,-0.003997429338167427,0.013337275660480364,0.03415091491409113,0.322313529360923,0.0787135421388084,0.28928691403823903
5.985,0.1680037495316,1.757371613585,3.0,22.0,0.2996407449245453,0.4820165932178497,0.6000000238418579,9.25,0.4356132745742798,260.926025390625,103.5349197387695,102.75,4.78,82098.0,1049.0,61.06,47.59,26.67,1144.0,402.7768238237748,5.1464455673845855,203.83,80.46,75.07,26.67,13.502993313811004,1.3571426592267275,41.38,826658.0,19.61414974691788,40.554352669645,39.83149758343712,37647.0,31064.0,14954.0,10.01000072751194,7.077667062460118,7.077667062460118,0.8315029869915178,92.59,37.93,22.86,-0.056344112649676405,-0.014438919825362977,0.0005783504620194474,-0.107750008158735,-0.020873087310232206,-0.009729272657656125,-0.006620476931566378,0.0015198542880825727,-0.085953622911009,-0.0020909719447372464,-0.026610752880689693,0.0096973739488749,0.0036477793233934837,0.05098796261940151,-0.003078325752634556,0.007018763506202957,-0.006284156202222224,0.00425648118148092,0.033574427316314534,-0.0024000118805561272,0.008224226476391785,0.004773186561884376,0.0003330627586692614,-0.012922226915252393,-0.0075478661983506695,0.013869001479702995,-0.004924641540739688,-0.0031141096649225765,-0.0002516440025065084,0.015012403507484126,-0.014541660223039793,0.005257945924182434,2.2518636775192834e-05,-0.004389901475573416,0.03109829136752524,-0.0067625188680831335,-0.007989722519996571,0.00240433724224567,0.0033268173425458404,0.00524554233450907,0.0020011731738923027,0.22710122803406554,0.09368720607156866,0.28928691403823903
6.89,0.17364974024,2.296341613553,2.7,19.0,0.1220132410526276,0.2162890136241913,0.2000000029802322,8.630000114440918,0.2230312079191208,227.2692108154297,129.4583129882813,41.8,0.9984,37631.0,382.0,12.2266,9.8512,4.991,6472.866666666667,481.9852705731668,4.89273134806276,78.075,30.563,28.728,4.991,21.398798506227283,0.8755846807233554,35.03,369846.0,16.504901960784316,31.65686274509804,51.83823529411765,26213.0,35691.1,13158.53,16.539135979595088,17.556710821702243,17.556710821702243,1.1884593356762363,77.55,0.00106066,0.000707107,0.0009795278061646945,-0.0035951252486556744,0.00016019112442154372,-0.017382989721139892,-0.0016648783516138807,-0.020036359948921018,-0.003150108820758759,-0.006290246186661533,-0.03064194284984842,-0.00026915774587541824,0.0012839481517439712,0.00015549004729837313,-0.0013073149937554256,-0.0011205083126551484,0.000504739678872282,-7.365534250857396e-05,0.00035337665816769,0.0011766885160468497,-0.0010015355182113111,-0.0028026779703795913,-0.0018389584445394549,-0.0001330347706098111,-0.000620185214560477,-0.00022438549844082246,-0.0009668479429092259,-0.0004980219567660237,-0.0011566071411361887,-1.9320655148473854e-05,-0.0020651668633799984,-0.003079797039623372,-0.0056639003429445455,-0.0059248084079590625,-0.001028755550505592,-0.0010692458079429345,-0.0015740533454809327,-0.00020157056179596197,0.0005830392736825143,-0.0009448103333706971,-0.002015260457294062,-0.0019026038810261506,-0.0027019900543382375,-0.12284287130064331,-0.04679331195051782,0.28928691403823903
7.15,0.2125038355892,2.335936137249,2.7,19.0,0.1458965837955475,0.2414888739585876,0.25,8.65999984741211,0.2431910932064056,232.277587890625,129.3061218261719,41.8,0.9984,37631.0,382.0,12.2266,9.8512,4.991,6472.866666666667,481.9852705731668,4.89273134806276,78.075,30.563,28.728,4.991,21.398798506227283,0.8755846807233554,35.03,369846.0,16.504901960784316,31.65686274509804,51.83823529411765,26213.0,35691.1,13158.53,16.539135979595088,17.556710821702243,17.556710821702243,1.1884593356762363,77.55,0.77,0.29,-0.002100255003198977,-0.0026434531611157558,-8.328188501763788e-06,-0.020022469509975056,-0.0021195503310882436,-0.014593113726004952,-0.0046587951798574044,-0.008889713145967103,-0.04277319235575851,-0.0005488606104627244,0.0018277460042154373,0.0012300908298930207,-0.0032987254679319455,-0.0022117060436285126,-2.2690963582133434e-05,-0.0016049180901609368,-0.00020059546211268885,0.00038212044734973647,0.0010155218570726005,-0.003222335809841751,-0.0018654188176733429,-0.00048823621944757276,-0.0005382997187552967,-0.0004944354983745137,-0.0005656260504038073,-0.0005096126851858605,-0.001394301896973045,0.00031691152148414657,-0.0007906356591265677,-0.004151878401753492,-0.009824660387588665,-0.006748644462786615,0.0006276639903662711,-0.0002640487094759052,-0.00021950755966826922,-0.0060800359956338056,-0.0009389346091775244,-0.0011288194094086095,-0.0020640448338817793,-0.0008052152973250517,-0.0019133647908456646,-0.10215946653764696,-0.04094117133558029,0.28928691403823903
6.555,0.2860426071757,5.111696182713,3.0,22.0,0.289913684129715,0.3692471086978912,0.6000000238418579,9.050000190734863,0.3453976809978485,190.2931976318359,129.0,102.75,4.78,82098.0,1049.0,61.06,47.59,26.67,1144.0,402.7768238237748,5.1464455673845855,203.83,80.46,75.07,26.67,13.502993313811004,1.3571426592267275,41.38,826658.0,19.61414974691788,40.554352669645,39.83149758343712,37647.0,31064.0,14954.0,10.01000072751194,7.077667062460118,7.077667062460118,0.8315029869915178,92.59,12.26,2.29,0.005822748402482832,0.030342101025045858,0.07295442919631023,-0.032120761075289925,-0.011181650544516739,-0.026400550935184574,-0.004818901074002496,-0.0005386304715648271,-0.1023537291139364,-0.000821384948561896,0.004570974666508845,0.0018991181544261062,0.0013441219116793967,0.03501723226089962,0.0009233645369531622,-0.0003010528355371203,-0.0034162695345003108,0.0014351703586289659,0.020454131506267004,-0.001310349443461747,0.000573824687278833,0.012244847096037122,-0.0008107700551627198,-0.0024086170577211343,-0.00011373158800414701,0.01297681638225913,-0.004024284389219245,-0.007789749982883227,0.0002862976483302165,-0.0025867213374003786,0.00435742595186457,-0.00043764276592992704,0.0029449458820745332,-0.0006396497841924434,-0.0033165946771623626,-0.0007838972923345851,0.0004098152749938869,0.0014661997922230502,0.0002929479505401074,0.003814678314956834,0.0010995933628873886,-0.13830556312645786,-0.07039282390463633,0.28928691403823903
6.744999999999999,0.190567550905,2.302765231833,4.4,15.0,0.3107393682003021,0.2610255777835846,0.300000011920929,10.78999996185303,0.2588204741477966,284.4898376464844,130.9375762939453,46.39,1.9696,37903.0,493.0,18.997,12.4084,9.119,1097.6666666666667,438.5652299681805,5.704367949088805,86.425,31.048,20.027,9.119,23.6873667742644,0.5198347645921357,40.86,412043.0,11.40105756416319,43.837324276686296,44.76161815915051,46146.0,36086.43,16572.17,12.426995927713286,10.42342201495799,10.42342201495799,1.8765437977532649,50.36,48.56,22.57,0.008119330683024594,-0.01815778199292253,0.001312445388757627,0.020164234404102893,-0.015315072868485009,0.0034288770421408155,-0.006752491891966203,-0.036191715420805834,0.004003830213448969,-0.004955647472525015,-0.022498094542184842,0.008142827827017763,-0.01569950168870855,-0.014714231012156232,0.007856258627842175,0.000907738764304658,0.005519593432778466,0.010414178548031486,-0.00030056237336247016,-0.0004897833575960326,-0.005750666021835068,-0.003733468629070552,0.006543630397529351,0.001513704149518158,0.010797655830858267,-0.00929696101800073,-0.0018253178176237256,0.015175645842915414,-0.02042595038830768,-0.03188580659846775,0.013136841660016208,0.007147311824490299,-0.02002044809842482,0.0023776199339190494,-0.01783774246333632,-0.01675655419984831,-0.006134898081771092,-0.0031818060060031517,-0.009111614296911272,-0.008608059049118317,-0.07098387466871646,0.3265522808631649,0.10303673775342759,0.28928691403823903
7.01,0.119155109289,1.256707293646,3.3,16.0,0.199992373585701,0.3218914866447449,0.300000011920929,9.979999542236328,0.3075131773948669,197.2183074951172,97.66290283203124,79.7603,1.3218,37783.0,436.0,32.0201,11.986,14.3018,1405.4666666666667,317.1284444481749,3.659529465087586,119.14099999999998,45.663,16.368,14.3018,22.549304697785008,0.6391463480032891,44.35,477241.0,11.4,37.1,51.5,71561.0,34380.0,21443.0,14.98400185022494,14.347792906389309,14.347792906389309,1.8324918038196647,67.5,17.16,1.83,0.0011241569116245901,-0.007684588572941725,-0.00100437277264427,-0.005039469342911616,-0.011907182410941453,-0.03226169414131437,-0.003929325624951165,-0.011480730890878473,-0.057990710381418474,-0.0008448299382580411,-0.002921571169514205,0.002768787046778023,-0.0028045618593459973,-0.004827477420563813,0.0010441800917033188,-0.0004591112153138923,-0.0006311055625555952,-0.0004989350052783283,-0.0012557178451679646,0.0015082847368903447,0.0016229285291628891,0.0014896113707218307,-0.0001240005013532922,0.00041200023621786703,0.001202904047211632,-0.0020123376490082602,-0.0022220033039338895,0.0013445420537609597,-0.00047024788940325626,-0.001491125604719854,0.00174283980194014,-0.0021728487645741564,0.0013094948736252269,0.0001161111757392079,-0.0012019544754875828,0.0017263033338822404,2.7796208392825202e-05,-0.0008088611493585644,-0.0008313991134054957,-0.004756493009161204,-0.006797859596088529,-0.0901402190454537,-0.04388465018966235,0.28928691403823903
7.095,0.2514176443827,2.307216662407,3.3,11.0,0.3960256278514862,0.5645306706428528,0.699999988079071,6.389999866485596,0.5016245245933533,288.3624877929688,129.3096313476563,111.07,3.69,99177.0,1003.5,55.58,40.03,31.27,624.27,546.7309812568908,5.531973539140021,181.40000000000003,73.25,59.84,31.27,12.01708770605562,1.3716441835883986,39.96,1202915.0,16.431187710251496,41.28557796152066,42.28323432822784,53308.0,32689.0,17803.0,9.539679628333618,7.153294308153317,7.153294308153317,1.1848298070618952,91.37,9.7,1.54,-0.008913715231406969,-0.008162864025449378,-0.0001109982758061965,-0.0042324663499603045,-0.009123113419394943,-0.025678245081449856,-0.0031038993730908306,-0.0020782562230015167,-0.04910840680170804,-0.0006766002898802967,0.0010351038553053494,0.001569508585031144,0.000713607787154617,0.005681752461940047,-0.0009329248513095078,0.00040024857153184764,-9.225541725749968e-06,-0.003074127027182834,0.00698520930670202,-0.0014934394358424561,-0.004980075645260509,0.0010528402179479615,-0.0007486698678694714,-0.00040375732851680586,-0.001135956197336781,0.004400400275597349,-0.0014891960043460159,-0.0006978131540818041,-0.00042241475463378924,0.0014966929734218852,-0.005087563681416216,0.0005810461809160151,-0.0020553132435306865,-0.002096971550839951,0.003671984848449941,0.0005596559302648496,-0.00392910247284453,0.00015813689853530645,-0.00027330308652017,-0.0010120602241950063,-0.00043290903954766694,-0.11658034237613901,-0.05717502733704168,0.28928691403823903
7.24,0.2144586218815,2.681093961189,3.8,6.0,0.1706766188144684,0.2570461630821228,0.300000011920929,8.760000228881836,0.2556369304656982,260.8031616210938,134.8762664794922,156.26,3.7,71109.0,604.0,25.5392,19.687,6.87,4046.0666666666666,639.9701205079514,5.435907589570977,111.113,48.363,43.95,6.87,30.453854606755456,0.8473062281162614,50.12,299186.0,8.188156481532047,41.53969380882165,50.2721497096463,56528.0,34807.04,22100.67,29.449202691670408,16.989687864542002,16.989687864542002,4.19935794066213,97.31,3.41,3.79,-0.0056060741127002935,-0.0030394706249935576,0.00014815292973071435,-0.00348731984570623,-0.010924038643599487,-0.02103461028099991,-0.00366389249695931,-0.012535857182112522,-0.049138189677381885,-0.0005871209137840184,-0.0047352873373311,-0.004969065281795339,0.002530576419783754,0.007646314611542038,-2.292582415976607e-06,0.0005862413231516298,0.0006504598092287846,0.00071501664817333,-0.0013005556861171478,-1.6172030824234892e-05,-0.00668417508364655,-0.00040754538960755,-0.001449831625912335,-4.28872208576707e-05,-0.00013060022296849396,-0.001587159305810927,0.0010660385970259134,-0.0003252255188999649,0.0007001616846537214,-0.004791095518390648,0.004113107573473825,0.0010764186180895207,-0.001029414201504546,0.0009063727589091311,-0.004334654074278658,0.0006133983969921238,0.00250591089541558,-0.0016204957950394614,-0.0012629752323264278,-0.011838745379587642,0.0003773494831984877,-0.11803971378481945,-0.035983486781246035,0.28928691403823903
6.825,0.1765552201383,1.925569515421,3.0,9.0,0.3023658096790314,0.4583475291728973,0.6000000238418579,7.800000190734863,0.4166780114173889,243.0920715332031,129.7129364013672,107.34,6.28,66001.9,1675.31,49.3,18.28,27.37,612.65,435.2825957923893,11.048671107300668,151.63,65.22,31.43,27.37,10.04493389674318,0.8095851014325984,41.74,774172.0,21.96364940618549,42.590832655196046,35.44551793861847,49137.0,30324.0,14574.0,6.059303494414041,4.22208657852724,4.22208657852724,0.6829462442173873,55.57,24.64,2.5,0.0020264299637638024,-0.004883318714331835,-5.057407333516088e-05,-0.03845146518934053,-0.02471848001750186,-0.027343503778683952,-0.0043009190361481195,-0.0007841064396779988,-0.0901705822125077,-0.000938357228296803,0.0006597243910655371,-0.0003125615018652767,0.001519246718729842,0.03636107487604023,0.0001743162423372244,-0.0010748616731725614,-0.00022135059896390732,0.00037209076096769266,0.0032932544038631025,0.0007935623971279659,-0.00020928380207624217,-0.006516199563979164,-4.3630362255498575e-05,0.0006046209835912969,0.0008185632923850758,0.0038332232149550735,-0.005758792742039068,0.0010950173910241538,-0.0008511112963315092,0.0020783656451385485,-0.01524522334500216,-0.002028771263314413,-0.00040795919287483373,-0.0007527903327718364,0.00801084785256535,-0.005022145623806864,-0.011632124100986406,0.0023679277639603235,0.0016350392162567007,0.0005342438061488793,-0.012718011298216874,-0.050337564245623065,-0.044268481021281336,0.28928691403823903
7.195,0.1314135470274276,1.4353267236489895,3.8,3.0,0.1158771365880966,0.2247588932514191,0.2000000029802322,5.989999771118164,0.2298071086406708,185.4667510986328,133.9436645507813,1.2429,0.0576,178.0,2.865339918651946,0.0803,0.0452,0.01,4.47,635.7142857142857,10.233356852328376,0.28,0.14,0.08,0.0,0.1127832756406402,0.0717922868966855,97.4,2310.438051510152,0.0183640280367156,11.209851980137037,88.77178399182625,126700.0,55075.29,33831.22,30.733895233898767,1.0251391827949203,1.0251391827949203,4.746573554900874,162.4,0.00106066,0.000707107,-0.0020191577855730464,-0.0033396264654584245,-4.223650705534577e-05,-0.001201809999765828,-0.006326044237823227,-0.01798031598876696,-0.003986503054155035,-0.00588096733298152,-0.020272828858171124,-0.0005629569907905521,-0.0007965014315559536,-0.017277700008708048,-0.007950031131971621,-0.0030840468369424355,-0.0001971919598290711,-0.0011732122403336725,-0.007544558622990733,0.00040282138518523135,-0.001352695292094724,0.0008398723037098502,-0.005116033439757304,0.005033256801776585,-0.0028586356987943874,-0.002385930248885415,0.0029730125227943075,-0.0042718339295825,0.00042241042468230995,-0.0016736133741214853,0.0004015262937173245,-0.0029978350013261687,-0.0014917466390179485,-0.015809079250902865,-0.0010713633430423203,-0.002091830235673112,-0.024739309318945746,-0.001878550143272148,0.0008912953597027845,-0.0018321007577469556,-0.0017774487947463027,-0.0062832068970892566,0.006604845244728495,-0.11052628477726831,-0.017144530472287443,0.28928691403823903
6.265,0.1382626852967,1.462918458051,19.1,28.0,0.5608036518096924,0.8136013150215149,1.899999976158142,21.82999992370605,0.7008810639381409,295.7795104980469,133.0,126.195,0.9478,45899.0,1702.0,58.722,16.8508,16.87,882.0,223.4017181377917,8.284052468910467,205.455,93.926,30.942,16.87,33.16205965449566,1.7174502122943875,39.64,605389.0,14.2,42.9,42.8,42227.0,38884.0,17032.0,18.34775726355647,14.769191834162667,14.769191834162667,0.4028414498141264,119.4,1.97,0.000707107,-0.015127022220403885,-0.002170162167341916,-0.00028447761177085614,0.003421261475887149,-0.01074942815769464,0.016285609853919605,-0.007721213037380945,-0.003909371083951555,-0.005730929652228952,-0.0011171421658946197,-0.0028850818553473783,-0.011164598109782672,0.0017158660169225223,-0.0058183348347665715,-0.00033422527089714744,0.0028468617998296383,-0.000702081174938944,0.004862630156450902,-6.202194432261402e-05,0.0009403404298354807,0.0016492681799572897,0.0003215608447208064,0.0010189020454417896,0.00048805209499550896,0.00047945185744902204,-0.002049813986290246,0.0029263560333638488,-0.0009044535065768291,-0.0015047395100118634,-0.0009685053164139423,-0.0013179657001746816,-0.0003485589489573554,-0.000905426556593736,-0.0002173420417821064,-0.01114653015730437,-1.840544864535566e-06,0.000863154751365076,-0.0008190259404946131,-0.0005926425316138209,0.00034016280679497927,0.008166107319062577,-0.1838584616818698,-0.0605391815136536,0.28928691403823903
6.505000000000001,0.1717842430621,1.454843827059,19.0,16.0,0.5307262539863586,0.6367385983467102,2.400000095367432,24.40999984741211,0.5593908429145813,255.9736328125,128.0220336914063,142.4267,0.98,46210.0,1116.0,70.9324,18.6665,13.388,492.0,207.0155004031897,4.999552011468507,223.22,96.741,33.206,13.388,36.02947095994996,1.9691703020360272,44.56,503654.0,12.3,40.9,46.8,38937.0,39286.0,17168.0,21.03691766650654,16.933855628952,16.933855628952,0.4061223048327138,136.9,12.25,13.14,0.0051337514736223945,-0.009981340504135005,0.00036988759599626276,0.008029373000259512,-0.025651675212313423,0.03589959040202666,-0.01189230859489179,-0.0009699540707515497,0.05996195058466401,-0.002776989640784448,-0.017216637414996502,0.004019580908352508,0.0043634220605017595,-0.009333827196736819,0.004743701586965468,-0.000666557206888689,0.006210105951991866,0.001620050906902179,-0.0034544773132074574,0.0005515260844258629,0.010545569481211716,-0.006196941811591389,0.00383512416877784,0.003282330551999622,0.0026886967414757267,-0.0007740500242216647,0.008228143155924048,0.006446508673252535,-0.0008054636946180818,0.0007933503084350396,0.001517638394609093,-0.002046583888470202,0.004926281062536879,0.003255798274651159,-0.007631714765913786,0.00030080367054323984,0.001972905539325441,-0.0011797751889098373,0.00041836907248943566,0.004478796073934065,0.025830547923455006,-0.14441062008973676,-0.027242896582698444,0.28928691403823903
6.045,0.4323661659069,4.523324693613,18.6,4.0,0.5635682940483093,0.7286205291748047,1.700000047683716,23.09000015258789,0.6328964233398438,280.4542541503906,130.2056732177734,183.5192,0.98,54651.0,1569.0,81.283,53.4333,1.4101,409.22,223.51233078401705,6.416915463580222,244.51,108.676,89.27,1.4101,21.606103183901,1.091960683698584,44.1,646581.0,15.7,29.6,54.7,32791.0,38369.0,16598.0,29.188471783605653,21.4702652156679,21.4702652156679,0.2514382037807957,117.0,79.4,182.5,-0.1826614679790218,0.14946006804064385,0.003724194446345744,0.07575897665752565,0.06575315603963107,0.12702172515843999,0.019089823436574067,0.03612928050057964,0.2730912492024945,-0.010823804764426254,-0.009951356254401661,0.023200961307971692,0.07993427418300415,-0.021180055393138983,0.02401814187725541,0.021009718337212668,0.006621372325695129,-0.05613102371012788,0.0047117115478031045,0.006216507202712829,0.048903224993613506,0.006233450059255141,0.010957400512066692,0.016747859566356094,-0.05921402324817602,0.013049654330592592,-0.001338715630699891,0.005423366949427866,-0.004580730979563669,0.049467955212574424,0.048638438542606355,0.0396819116314873,-0.003993611452169721,-0.058650133511517225,0.029622346008894962,-0.01385080377652772,0.1416612057273742,-0.014541562116122925,-0.01242756234761327,0.05723304376285525,-0.0002542256029555379,1.0390343959324528,0.5797965939003042,0.28928691403823903
6.625,0.09037240693334,0.9771361460098,18.1,31.0,0.5859137177467346,0.7720003128051758,2.700000047683716,23.25,0.6676002144813538,260.926025390625,103.5349197387695,102.75,4.78,82098.0,1049.0,61.06,47.59,26.67,1144.0,402.7768238237748,5.1464455673845855,203.83,80.46,75.07,26.67,13.502993313811004,1.3571426592267275,41.38,826658.0,19.61414974691788,40.554352669645,39.83149758343712,37647.0,31064.0,14954.0,10.01000072751194,7.077667062460118,7.077667062460118,0.8315029869915178,92.59,38.74,17.759999999999998,0.03706127833761273,-0.020694172242656322,-0.007587673951871682,0.05456246176466811,-0.03446555255400016,0.0636197952636285,-0.016559387505054472,0.007307097868877466,0.11919631502416453,-0.0038157483984250394,-0.05317541470995639,0.02319869617559015,-0.0020883452699054115,0.12863584947702472,-0.001338010748848323,0.01497908823308534,-0.011024942359654228,-0.013357198139536198,0.04464526383311023,0.007834077430190522,0.014067685857182367,0.02095115179382263,-0.00013727319159079766,-0.011180714083486226,0.03513844211411199,0.05853918443724977,-0.013836100019398162,-0.008850104345357962,0.0010570089408429323,0.029258601088891712,-0.07073088580195326,0.019654344586539054,0.02063203731318937,0.004394976722309363,0.08344586996815632,-0.008530985916033402,-0.010672758652362968,8.356383186766125e-05,0.0003060309713473597,0.04703845707827715,0.011464775714441183,0.4873914855490439,0.13492081106628762,0.28928691403823903
7.3,0.08830742099776,0.9563473484437,19.3,7.0,0.4589750170707703,0.6835933923721313,1.100000023841858,26.98999977111816,0.5968747138977051,227.2692108154297,129.4583129882813,41.8,0.9984,37631.0,382.0,12.2266,9.8512,4.991,6472.866666666667,481.9852705731668,4.89273134806276,78.075,30.563,28.728,4.991,21.398798506227283,0.8755846807233554,35.03,369846.0,16.504901960784316,31.65686274509804,51.83823529411765,26213.0,35691.1,13158.53,16.539135979595088,17.556710821702243,17.556710821702243,1.1884593356762363,77.55,0.00106066,0.000707107,-0.0013034104922553533,-0.003710197657579553,-0.0011648712164023958,0.0028873459800379366,-0.005836283679876942,0.008989999941491987,-0.00700151827122317,-0.0006919741267338381,0.020132099497364834,-0.0008086240555858183,-0.0005683888192288572,0.0007756732798879932,-0.003982011363899802,-0.002967944638628982,0.0009876636113040163,-0.0014255086679477202,-0.0016726691875373918,-0.0026310014599584958,-0.001868113367818296,-0.0016915815336396953,-0.0031063309372402793,-0.002182408250868321,-0.001144301101099698,-0.0008432409823872113,0.0003285731764044561,-0.0006216264939866992,-0.0026085196133935787,-0.0010334469646913944,-0.0023564650445478006,-0.0035835059374803727,-0.006253893370856534,-0.006882069406798111,-0.0020761815516743775,-0.0010826521977433021,-0.0026554430579417295,-0.0043336160425096765,0.0004996082129655451,-0.0021978847266873377,-0.002408450685790739,-0.00032862174999899777,-0.003999893751111813,-0.16744957404769956,-0.06730281135276892,0.28928691403823903
6.805,0.1534663517208,1.867697387561,19.3,7.0,0.4930704534053802,0.8993932604789734,1.100000023841858,24.70999908447266,0.7695146203041077,232.277587890625,129.3061218261719,41.8,0.9984,37631.0,382.0,12.2266,9.8512,4.991,6472.866666666667,481.9852705731668,4.89273134806276,78.075,30.563,28.728,4.991,21.398798506227283,0.8755846807233554,35.03,369846.0,16.504901960784316,31.65686274509804,51.83823529411765,26213.0,35691.1,13158.53,16.539135979595088,17.556710821702243,17.556710821702243,1.1884593356762363,77.55,0.00106066,0.000707107,0.00033244950091466013,-0.004443255674326791,-0.00020416538848076507,0.004241626038798127,-0.013233102241880259,0.01020333285065135,0.010725225173169742,-0.00041669887956232354,0.02177476337004918,-0.0013783639353932748,-0.0003056386447278757,0.0016982031301595237,-0.004663599534193059,-0.004778778105974199,0.0018140671247383635,-0.0004634978767717263,-0.0016027365234913282,-0.0006805091965943538,-0.002542048547533337,-0.0028203050244483174,-0.002811559355002823,-0.0022517673482652725,-0.0022302406444214312,-0.0008959877917077439,-0.0014093828552868165,-0.0031903361210133896,-0.004012210580171085,0.0022190105190966355,-0.0012981990011176055,-0.003277603037655363,-0.007846795936929992,-0.013954544094391164,0.004528849686263132,-0.0009255244901869464,-0.004651969967759215,-0.0032521411166526446,-0.000537878070492289,-0.0038137012282386425,-0.0016839590658200908,-0.001990234181517732,-0.0038999151898315163,-0.1855364529637154,-0.05699550496146548,0.28928691403823903
6.1850000000000005,0.2834978090305,2.721791227372,18.1,31.0,0.7229005098342896,1.0,4.800000190734863,20.29000091552734,0.8772516250610352,190.2931976318359,129.0,102.75,4.78,82098.0,1049.0,61.06,47.59,26.67,1144.0,402.7768238237748,5.1464455673845855,203.83,80.46,75.07,26.67,13.502993313811004,1.3571426592267275,41.38,826658.0,19.61414974691788,40.554352669645,39.83149758343712,37647.0,31064.0,14954.0,10.01000072751194,7.077667062460118,7.077667062460118,0.8315029869915178,92.59,24.56,2.62,-0.025446684689493848,0.025866208010120316,-0.0011748942908598099,0.015058421182329773,-0.005729435860412196,0.047323884080979046,0.024367363856697914,0.007492090780171573,-0.012015260598156607,-0.0019179807037580765,-8.327323070261294e-05,0.002081902859150428,0.006795257461257276,0.052312604108708916,0.0011008452959358622,0.0028125918442383434,-0.003519372384937017,0.00870634492137469,0.02539063771895598,-0.002753257902804762,0.0038277557302499295,0.017262528132880116,0.0013525135951349492,-0.0027443098479416257,0.0008667896632105071,0.01694058651011437,-0.0016827310259686784,-0.004815171041758731,0.00467489525943528,-9.627575776539887e-05,-0.004991836559609506,0.00542412861099,0.010631666458793921,-0.0036787167065776864,0.01398247212311253,-0.0026580099789425687,-0.0048078615351114466,0.0013333638476906357,-0.00020875066705047796,0.007609874639194469,-0.004662869112100443,0.04738337769999634,-0.08866459216573276,0.28928691403823903
7.05,0.2009573923785,2.454004650977,20.0,13.0,0.6137903928756714,0.8649687767028809,1.200000047683716,24.61000061035156,0.7419750094413757,284.4898376464844,130.9375762939453,46.39,1.9696,37903.0,493.0,18.997,12.4084,9.119,1097.6666666666667,438.5652299681805,5.704367949088805,86.425,31.048,20.027,9.119,23.6873667742644,0.5198347645921357,40.86,412043.0,11.40105756416319,43.837324276686296,44.76161815915051,46146.0,36086.43,16572.17,12.426995927713286,10.42342201495799,10.42342201495799,1.8765437977532649,50.36,5.029999999999999,18.64,-0.00439194524358027,-0.005684603116358622,-0.001773995399475091,0.008371750549064015,-0.037509375105029906,0.04424642673670313,-0.010544879804248924,-0.0011782886914443263,0.048606604369357216,-0.002378084319876503,-0.010397350193466996,0.0031520453351549793,0.0024385169040178926,-0.0016978065895382366,0.012640521393390369,-0.0006184180686250373,-0.0014004137699957897,0.017768823905382307,-0.0024879456275375632,0.008731696613249362,0.0229849504326703,0.004624992849770929,0.001536529536708256,0.0026839353672694437,0.02194904446043074,-0.004948218242963773,0.004134368717786874,0.005370140591752728,-0.004226966904243444,-0.011819512678775934,0.013571892912616026,0.0015742508674738975,-0.0006355793832335726,0.0006582853541476627,-0.01274410582392011,-0.005830293430481101,-0.005898387170163907,-0.0008139134619850524,4.095378215424328e-05,-0.0007110657874727616,-0.016594855408649894,-0.09947177518415265,0.07161035846755838,0.28928691403823903
7.035,0.1068543922567,1.127225031548,19.4,13.0,0.4678736925125122,0.621826708316803,1.5,25.04999923706055,0.5474613904953003,197.2183074951172,97.66290283203124,79.7603,1.3218,37783.0,436.0,32.0201,11.986,14.3018,1405.4666666666667,317.1284444481749,3.659529465087586,119.14099999999998,45.663,16.368,14.3018,22.549304697785008,0.6391463480032891,44.35,477241.0,11.4,37.1,51.5,71561.0,34380.0,21443.0,14.98400185022494,14.347792906389309,14.347792906389309,1.8324918038196647,67.5,49.63,3.86,-0.01598161016218365,-0.0163097754548071,-0.006477273117518061,0.01635869643790646,-0.040943093981943075,0.027963464405736875,-0.017203194133471707,0.0037234521890059102,0.10209813187085093,-0.005025306123308845,-0.007972426653723223,0.006071215775911706,0.0018402976022334789,-0.02012697572389152,0.005798881756374613,0.004924781292676939,0.004949842726113274,0.0030730076413601703,-0.005927198186400351,-0.005760141107486555,0.009267440450610584,-0.03656061576935461,0.004073738375212996,-0.0002026743228779937,0.002330324012320498,-0.0045520269623957445,-0.00104242890072056,0.0007042859473731427,-0.0041443941992474805,0.0035252441961783924,0.019460208878037517,-0.002689944484620363,0.00565903817815705,0.014447196872672064,0.018350714397267435,0.0054239899449748915,0.0005217789035523196,-0.01378369964775629,-0.010518057592795218,0.012302251590648662,-0.012212638147990212,0.3571638302728534,-0.10403188098676037,0.28928691403823903
6.825,0.1973637230563,1.705108159192,19.2,5.0,0.5868080854415894,0.8374630212783813,2.299999952316284,25.04999923706055,0.7199704051017761,288.3624877929688,129.3096313476563,111.07,3.69,99177.0,1003.5,55.58,40.03,31.27,624.27,546.7309812568908,5.531973539140021,181.40000000000003,73.25,59.84,31.27,12.01708770605562,1.3716441835883986,39.96,1202915.0,16.431187710251496,41.28557796152066,42.28323432822784,53308.0,32689.0,17803.0,9.539679628333618,7.153294308153317,7.153294308153317,1.1848298070618952,91.37,16.330000000000002,11.5,0.010045426117838357,-0.0027340432761702714,-0.0006103922659531191,0.008235909211216483,-0.05091245408763643,0.08017887105769479,-0.0023188585671596153,0.012303471250925208,0.08547232577973045,-0.0022907644215738403,0.009469920747214935,0.008938525071833283,-0.0021059885212453165,0.03320752937765792,0.007980358658242055,0.0030905984425917132,-0.007025339806219546,0.005486531933769584,0.04457851091877091,-0.004002427683444695,0.0031726634514052414,0.011240679081296546,0.000597272417508074,-0.0014347978208679724,-0.006213634873391119,0.03959955496981275,0.0038737175994319863,-0.007230445246794259,-0.0021962437669280936,-0.0063475834059063315,-0.005455102154053743,0.0015177123097237205,0.001011644163867459,0.0026365928621962602,0.0061833620503312006,0.0017682652022922491,-0.0031788256947184097,0.0002154489508830043,-0.0007092991701792922,0.0034706177827902142,-0.0038274584449827704,-0.07725120734178928,0.01279712920938618,0.28928691403823903
7.1,0.2206431797445,2.782678939426,19.5,15.0,0.5342583656311035,0.7287935614585876,2.599999904632568,24.42000007629395,0.633034884929657,260.8031616210938,134.8762664794922,156.26,3.7,71109.0,604.0,25.5392,19.687,6.87,4046.0666666666666,639.9701205079514,5.435907589570977,111.113,48.363,43.95,6.87,30.453854606755456,0.8473062281162614,50.12,299186.0,8.188156481532047,41.53969380882165,50.2721497096463,56528.0,34807.04,22100.67,29.449202691670408,16.989687864542002,16.989687864542002,4.19935794066213,97.31,35.739999999999995,3.46,-0.018152146013220766,-0.004593918069032951,0.0006854765614261737,0.012768014465109459,-0.014808894723653793,0.05950876552576665,-0.016482798487180837,0.012055824071867399,0.07264284899015912,-0.0033161036132369147,-0.019604391851462427,-0.01661957738781349,0.03951843599113636,0.04986581038462464,0.000245504731661636,-0.0007982284590834721,-0.0012239953307434965,0.009866257147281444,0.0025006171927088846,0.005340353215229704,-0.037767185726319444,0.002019297396531333,0.001449489491758868,0.0005602948726154772,0.00064348020532633,0.007305011679418388,0.0020133316484280015,0.00320471180800814,0.003725818748585891,-0.010004190683481278,0.018865180812892506,0.00491795161261688,0.0003981271180091395,0.0006467417463427383,0.0025316388116916584,0.005483214128646071,0.0001176301724044454,-0.002501852488610895,-0.004503225088235923,-0.022180788044002836,0.00794700579007622,0.1407376528624445,-0.04900964566401672,0.28928691403823903
7.225,0.1234688595027,1.205059814803,18.9,5.0,0.56145840883255,0.8666871786117554,2.599999904632568,24.04999923706055,0.7433497309684753,243.0920715332031,129.7129364013672,107.34,6.28,66001.9,1675.31,49.3,18.28,27.37,612.65,435.2825957923893,11.048671107300668,151.63,65.22,31.43,27.37,10.04493389674318,0.8095851014325984,41.74,774172.0,21.96364940618549,42.590832655196046,35.44551793861847,49137.0,30324.0,14574.0,6.059303494414041,4.22208657852724,4.22208657852724,0.6829462442173873,55.57,10.01,4.09,-0.008152683403342973,-0.012050258185132409,0.000583197775646109,0.01252137491852046,-0.054057903283275664,0.044385808425489816,0.01688865738606547,0.0053582734655355955,0.0507090694620274,-0.0011240569842048006,0.003437277887365776,0.0005527392490766919,0.0016059640987077697,0.04381099515536334,0.004930690843379121,0.00028933825925923776,-0.0004424542556516808,-0.0008692803733283655,0.000774720389745194,-0.0028412688829703215,0.00035708038089797003,0.0014707960566738565,0.002242194620659574,-0.0024457313122693445,-0.00015517170110250638,0.00038337282626889764,0.005044095671968542,-0.00154600651736837,-0.0021301841299282338,0.0042637925457675,-0.016244688535807655,-0.0019341241974616466,-0.0022896755222463943,0.0009328239178285,0.01795932188932785,-0.0009047865036409377,-0.012938829363789409,0.0013081776923500085,0.0021918545245425804,0.004064936748822223,-0.008713397849584002,-0.1676394996426534,-0.0496324564430397,0.28928691403823903
7.0,0.06498900503097,0.6232803354827,20.3,0.0,0.31899493932724,0.5351080298423767,0.8999999761581421,26.72999954223633,0.4780864417552948,185.4667510986328,133.9436645507813,1.2429,0.0576,178.0,2.865339918651946,0.0803,0.0452,0.01,4.47,635.7142857142857,10.233356852328376,0.28,0.14,0.08,0.0,0.1127832756406402,0.0717922868966855,97.4,2310.438051510152,0.0183640280367156,11.209851980137037,88.77178399182625,126700.0,55075.29,33831.22,30.733895233898767,1.0251391827949203,1.0251391827949203,4.746573554900874,162.4,0.00106066,0.000707107,0.0008065511180320737,-0.0066062206011265525,-0.0013714301155414426,0.002988412219798199,-0.010151905287755654,-0.003761820459854788,-0.0032759770458796952,-0.0008338693295372706,0.018471228678419715,-0.0008149065269390084,-0.0008851275695487852,-0.008258791895583276,-0.007352732456929514,-0.005207558546739158,0.0007857011244050219,-0.0005333764269016668,-0.000568372563982844,0.0016346534156473358,-0.002535577646864107,-0.002194893803913145,-0.00916144156444353,0.0007135438803234124,-0.003517106316168795,-0.0023070857046404783,-0.0013642772126477166,-0.0023333557278383526,-0.008400468516629192,-0.00014320341416168832,-0.003351484191953205,-0.005795129871694371,0.0017006016696686876,-0.017178670162975328,-0.002861791966133752,-0.004169047027011404,-0.036053595873527224,-0.005032062665384724,-0.0013989063014742,-0.0002824543428141597,-0.0007177943268325143,-0.010455056267615875,0.0006608691952424123,-0.1070381070835283,-0.038829480158339716,0.28928691403823903
6.13,0.1132376351737,1.085110961347,28.8,116.8,0.6129671335220337,0.1863466501235962,1.799999952316284,32.68000030517578,0.1990773230791092,329.3404541015625,131.0,49.512,0.336,36853.0,138.0,15.7684,11.0015,13.688,535.0,582.73904587214,2.1821286823421517,63.241,25.634,18.924,13.688,10.207596868462485,1.431208510245323,64.28,314899.0,7.9,22.3,69.8,42653.0,44208.0,19416.0,15.289797719630393,12.30765986180222,12.30765986180222,0.1473591078066914,99.5,2.49,3.84,-0.02199121996440226,-0.002422538162965792,-0.0011338572226813988,-0.017902518063492606,-0.012483783803356347,0.011067059255379715,-0.0032344018198200474,-0.0032292651714524246,-0.0266601382534427,-0.000866514239227393,-0.0045944318414840365,-0.0036513360810349733,-0.0018790450374362995,-0.006413605358218767,0.0005063587707700209,-0.002157745255855841,9.029435180127661e-05,0.00013887868140591078,-0.0014260052255122015,-0.0011821414896403416,1.18590031634086e-05,0.0009315059990040065,8.691994316177634e-05,0.0006544410258648011,-0.0009827153159421944,-0.0006502897146856421,-0.0057674836684600385,0.001672273647622206,0.0017982102555688482,-0.004791747793147803,0.002286136953625828,-0.012372438905877064,-3.230857121525503e-05,0.0004251297159353259,-0.016949407895095654,0.0005143703823559884,0.0005530349158798357,-0.0014817295013926938,-0.00039103384909685445,0.0006626168353250296,0.0012049731989391109,-0.10911986825318307,-0.045592793765943496,0.28928691403823903
6.44,0.1202515832103,1.380655427559,27.0,407.6,0.5278112292289734,0.6881611943244934,2.400000095367432,31.95000076293945,0.6005289554595947,260.6069030761719,129.9587097167969,146.82,2.55,54240.0,1270.57,40.6824,30.2805,30.43,8784.0,217.9459876481201,5.105376724300736,248.869,82.267,71.105,30.43,21.438604752014506,1.7255172022880916,45.35,732077.0,19.4,31.7,48.9,35573.0,35134.0,17406.0,18.86276651066043,10.95257410296412,10.95257410296412,1.971747299884448,117.01,57.8,18.25,-0.056307274887454684,-0.020471010786830467,0.0009773944845656052,0.0177444133539684,-0.023189590105204844,0.03776634643995203,-0.017155384293524555,-0.0005261918673059113,0.09484044301742688,-0.0045845355672063355,-0.038396387994871474,0.009958390610176143,0.02039259313396179,0.009050128623144712,-0.01073099142848515,-0.03218594968889375,-0.013549231322831454,-0.015839088000822826,0.016245283775846484,-0.03211642998771277,0.019007048179628318,-0.008926175317610616,0.0012077412188518737,-0.0021933211999712434,-0.05240549081983046,0.02150531299121212,-0.00657124292221852,-0.02513855369901285,0.0001257513830205448,0.017971053246175886,-0.07655724410177207,-0.04512466405145823,0.006219321665470501,-0.003993168839835556,-0.012134260440478092,-0.019245959494495764,0.01479643749725075,-0.0033585017528384884,-0.006541499197599471,-0.017451790613355122,-0.01293246559589171,0.36220306627417453,0.056556477152509624,0.28928691403823903
6.41,0.1613072752335,1.63910553182,28.4,307.4,0.5387269854545593,0.2874916791915894,1.600000023841858,33.0099983215332,0.2789454460144043,386.3236389160156,130.0,97.05,1.21,106381.0,2590.42,55.63,35.38,21.39,6084.07,610.4028000918064,14.863552903373884,174.27999999999997,73.07,53.35,21.39,11.545413701275482,1.3286396630675812,42.31,858592.0,16.673582357043852,41.11565010222189,42.21076754073426,42877.0,31410.0,15449.0,10.182451797210655,6.929020407132105,6.929020407132105,0.954641587443107,92.11,7.01,7.6,-0.020668413925450293,0.0013129157709190597,-6.782905524596594e-05,0.008698045926284967,-0.007867984715965578,0.03597728063201068,-0.009649217119207605,-0.0015755613290239084,-0.05548701878800057,-0.001762534647015851,0.03482209049758967,-0.008525134221534243,-0.001432155063492245,-0.0056061511817388264,-3.62693662755223e-05,0.01214017698180396,-0.0011481384487124185,-0.0019909635891672273,0.002370296131819488,0.0039176053678384015,-0.0055633339178748405,0.015801682610996067,0.0014628328836988655,0.0001346871743444361,-0.0015901145824464059,0.006916496795602143,0.0014245913927443342,0.001825693189282894,0.0001297928752610422,-0.001823351950966745,-0.0108542118781479,0.0030183083061128798,0.003343454600311821,-0.0030890941906254743,0.00347018074255902,-0.0018992080980679061,-0.005109095831750893,0.00040510373574216275,-0.0002686678497120648,0.0003467492979252806,-0.005714976225630374,-0.07541475370817351,-0.002612785330740733,0.28928691403823903
6.34,0.1317107729302,1.346018965951,27.6,218.7,0.5788008570671082,0.3789136111736298,2.200000047683716,32.13000106811523,0.3531308770179749,226.8743743896484,128.2054748535156,94.75,0.975,80886.0,573.0,36.035,30.6179,13.697,2339.8,503.33227546810537,3.5656280919222656,160.701,59.489,57.403,13.697,44.04493523854282,0.7705005543685988,37.51,683165.0,24.81513784080998,29.71825110917296,45.46661105001707,37563.0,37438.88,16936.21,15.717915646179634,15.449625511761106,15.449625511761106,1.4422353381379165,70.17,31.08,7.05,-0.02562419658596627,-0.006049605954380244,0.00034082978195510707,0.006204245181987064,-0.016600234203157017,0.05276809027255512,-0.011052082991809573,0.007864392615389073,0.0689694008284714,-0.003248548182658853,0.006865117327426557,0.014595643064123578,-0.0018353167753666604,-0.02611238733649952,-0.007230605558026579,-0.006451724657556043,0.0014684342734981287,-0.0027429140141466677,-0.005552886253688491,-0.0020533806633902725,-0.01182970441237558,0.0007279062775196632,0.0005524890557862844,-0.0042769993881229375,-0.00410848899139091,-0.0034246569274691842,0.018751566665945567,-0.0005840720661217325,-0.006438648023409768,-0.000494728208868761,-0.053594097838271404,-0.01644970152724999,0.002210327407345175,-0.014464853694313207,-0.03166113588691223,-0.0006805112124420698,0.00332596662489231,-0.006553600428858772,-0.0010159917474957148,-0.0028493060308974307,0.0009241969126742383,0.09233114713674877,-0.05613679830543696,0.28928691403823903
6.015000000000001,0.166620465519,1.78404328372,27.9,376.9,0.2440312653779984,0.1749793887138367,1.5,34.84000015258789,0.1899835020303726,263.8450012207031,132.0,156.23,1.87,97710.0,1060.5399999999972,71.1,36.2,12.67,445.0,463.12446677410185,5.026732391695883,210.98,98.81,63.08,12.67,11.72546549939368,1.018542407714805,36.2,633849.0,18.656421702718102,40.1694307582096,41.1741475390723,29464.0,31269.0,14895.0,17.562286116352706,10.924959818723158,10.924959818723158,0.0678323806069195,98.99,34.37,16.509999999999998,-0.023992836091667413,-0.004511525376467029,0.00014831567346119018,0.0009571171132847677,-0.011911102743702943,-0.03355177446629386,-0.0060158356637694,-0.0010910372227663156,-0.12063825119554532,-0.0011320595915894922,-0.00850496963941259,-0.02196513872162905,0.004165053336822893,-0.0010290529788471647,-0.002171385066700169,0.001151174244121653,0.00011557049589464315,-0.00215798849461135,-0.0015583298359415443,-0.00286543927271851,-0.00422866813954897,-0.0028505941934417983,-8.92547502880872e-05,0.0007983026845613476,-0.00310088601673488,-0.001923457092896573,-0.00509519626200199,-0.0014196817330084702,-0.0005611034769681257,0.0015682266462827166,-0.012215030214691069,-0.0041186814170214355,0.0008420224263099993,-0.002372039006790143,0.003073323813150636,-0.0018785858900519114,-0.0005183213811833414,0.0003352954967413087,0.000495752496528439,-0.0008703827210702007,-0.0030439787250943462,0.01794581655785442,-0.027363837876706383,0.28928691403823903
6.67,0.3496345721093,3.285947327853,28.4,307.4,0.5771974921226501,0.2246352732181549,1.5,32.88999938964844,0.2297082245349884,274.3808898925781,127.9325256347656,97.05,1.21,106381.0,2590.42,55.63,35.38,21.39,6084.07,610.4028000918064,14.863552903373884,174.27999999999997,73.07,53.35,21.39,11.545413701275482,1.3286396630675812,42.31,858592.0,16.673582357043852,41.11565010222189,42.21076754073426,42877.0,31410.0,15449.0,10.182451797210655,6.929020407132105,6.929020407132105,0.954641587443107,92.11,1.97,0.000707107,0.0018932603310095198,0.004462902084109372,-2.6613779249598687e-05,0.005035459857957905,-0.008986184473265896,0.012570429389597848,-0.00536538876395207,-0.001078813542495484,-0.008810447340889371,-0.0007548115521203767,-0.01100300990429241,0.005263356221490542,-0.001727603728184482,-0.0010425516640534635,-0.002902344958740282,4.245726368390097e-05,-0.00015920123760588853,0.00032420450996141855,-7.123893604147553e-05,-0.0016590839603450168,-0.004305337042664174,0.003180038725840857,-0.00021553914551622686,0.0005406718858284867,-0.0001867307877400915,-0.0009408302280353427,-0.006849541335133834,0.0006054721155669612,0.00021543224947527195,0.001446252259891479,-0.010276255659002346,-0.003943108294159182,-0.00040693915018346564,-9.38061187043716e-05,0.0017675364904571294,-0.004183208422269668,-0.0022107756618643176,0.001331012855516751,0.00011207287362776726,-0.0009599572151200803,-0.0018867332446388906,-0.1673978176586679,-0.07845392873405944,0.28928691403823903
6.78,0.2519742817932,2.374731592573,28.6,210.4,0.351541668176651,0.1127407252788544,0.699999988079071,34.59999847412109,0.1397272646427155,366.6012268066406,129.0,142.4267,0.98,46210.0,1116.0,70.9324,18.6665,13.388,492.0,207.0155004031897,4.999552011468507,223.22,96.741,33.206,13.388,36.02947095994996,1.9691703020360272,44.56,503654.0,12.3,40.9,46.8,38937.0,39286.0,17168.0,21.03691766650654,16.933855628952,16.933855628952,0.4061223048327138,136.9,9.63,1.51,0.005492756206775083,0.010573197995196095,0.00023895024857483737,-0.0034444748311070737,-0.005856768419500437,-0.020245156442048027,-0.005264615863095972,0.0008011089883511833,-0.05964736447681207,0.025779212359106175,0.012206805373309187,0.008268621830851777,0.006229754057014367,-0.004426208294695233,0.0028842438237043134,0.003090179220191197,0.008034738647169432,0.002315501844859689,-0.0021945767855504504,-0.0004730194569565374,0.019435573315946385,-0.000617088899598452,0.004250938561744987,0.00833710716932546,0.00038607331365346704,0.0006961386664770489,0.021022500443621535,0.0052387557267211315,0.0012916571368696166,0.005051285754074344,0.010761761546251376,0.002053293426055463,0.0020468208722304554,0.00473630598676391,-0.0012619018604746062,0.004428703389363366,0.0009650640937033945,0.00014887593220919149,0.00038960396219044763,0.0031725243955152095,0.026188459831639192,-0.1561749366109725,-0.06246929721778725,0.28928691403823903
7.08,0.1073563743704,1.491912923371,27.5,221.9,0.5748522281646729,0.199037492275238,4.300000190734863,28.63999938964844,0.2092299908399582,142.1536865234375,121.3395462036133,41.8,0.9984,37631.0,382.0,12.2266,9.8512,4.991,6472.866666666667,481.9852705731668,4.89273134806276,78.075,30.563,28.728,4.991,21.398798506227283,0.8755846807233554,35.03,369846.0,16.504901960784316,31.65686274509804,51.83823529411765,26213.0,35691.1,13158.53,16.539135979595088,17.556710821702243,17.556710821702243,1.1884593356762363,77.55,0.00106066,0.1,-0.0005781700907973546,-0.006680428041494449,-4.306826932588643e-05,0.0032230733325704893,-0.009532323307357728,0.010706209810916328,-0.003875942427315747,-0.0016300510360742892,0.025455465133010873,-0.0008363260959740714,-0.005632800804218277,0.00326732997596264,-0.003919523447693785,-0.005315255236811941,-0.00012867049174382505,4.3144064373332964e-05,-0.0004646103392587983,0.001149602429708466,-0.002119335235678591,-0.0006035423852736128,-0.0019486308561172338,-0.002184235176886433,-0.000874291846994307,-0.0011151072864304344,-0.0009430419359705393,-0.002087966180988588,-0.002987438667973034,0.0013346258915262357,-0.0027507003297796437,-0.0010171300421934586,-0.003249510773806829,-0.01158471088402439,-0.0016735651448834712,-0.001151584178209306,-0.008338787853834215,-0.005427189899899533,-0.00019999830250162326,-0.0011945731808664327,-0.002228728242916987,0.0009558871809858887,-0.00352202240889892,-0.16927276020811405,-0.06801470387261362,0.28928691403823903
6.425000000000001,0.1688504759075,2.142072891536,27.4,289.5,0.467218428850174,0.4532169699668884,2.099999904632568,34.4900016784668,0.4125735759735107,256.8768005371094,130.0,6.34,0.062,5772.0,77.0,1.413,0.9294,2.684,76.2,654.421768707483,8.73015873015873,8.82,2.541,2.176,2.684,2.417385883124235,0.1122410186812435,81.11,43475.0,1.100962322622737,39.02707551786005,59.87196215951721,72144.0,42390.12,23847.44,16.617634982053918,2.250591120086632,2.250591120086632,1.7613416385502103,33.95,54.21,7.109999999999999,-0.016220184680074457,-0.0039844071777770315,0.00021798307739663526,0.0042344609848223615,-0.013853837608126932,0.011325519520789393,-0.007394197833957149,-0.0022242906342726234,-0.0836457570400089,-0.0017160904554184536,-0.015432549223885872,-0.002321420639753341,-0.016572225152049206,-0.018832882173126557,0.0005675486085237928,-0.006830195193295368,-0.008426141076954082,-0.0024919523384887717,-0.007846183263231067,-0.0009812154488172318,-0.017514731136616314,0.0025552442522020877,-0.02434367342246696,-0.01157418639946263,-0.003124646183452572,-0.014807401868863956,-0.003141536419978365,-0.022443209265940824,-0.004343489360646346,-0.018811710089445117,0.0010586823173798603,-0.005503435661783443,-0.011298895680578427,0.0036531950976932425,-0.021391277021146377,0.003998123464174568,-0.00039014207106082883,-0.00023924897459801572,0.0016830398254096557,0.004720253494451758,-0.023214065126376224,0.11246067559090442,-0.04144543738325592,0.28928691403823903
6.26,0.1314114692684,1.542266446818,28.1,472.3,0.1815195679664612,0.1489138305187225,1.899999976158142,33.5099983215332,0.1576301604509354,79.36817169189453,41.61711502075195,47.0,1.3107136824324324,36372.0,288.0,18.2749,8.0877,7.75,507.0,653.2327586206897,5.172413793103448,55.68,23.55,11.03,7.75,12.063693803924313,0.472838893581081,63.26,168105.0,10.1,30.6,59.3,59606.0,41956.5,25127.5,34.79581925675675,15.15646114864865,15.15646114864865,0.5191153820594531,50.55,16.16,4.26,-0.008057068815338424,-0.00605920438130852,0.0003899998019915141,0.016289797702571385,0.12183332745597,-0.05589073502115207,-0.003547268724651079,0.0017965526790358094,0.0036393404358532277,0.05622105211718007,-0.03078539155970793,0.010374168977141381,-0.003992433971026909,-0.007798024194082251,0.002027394050266597,6.427034735675963e-06,0.0011437040941091284,0.0052549053484108295,-0.006684138951008207,0.0034610168921062707,-0.002696557089104315,-0.0018774285947438323,-0.0007057696923729901,0.003600517623592163,0.00258083135297056,-0.007095019434986164,0.0005616112696006939,0.0044056641239440045,9.238662908320067e-05,-0.01495604691526386,0.0007243607250275189,-0.008649480421328919,0.0024371870786417333,0.0033837316468125185,-0.01544374699459877,0.006981616280972956,0.023761004089843475,0.0004087987642269579,-0.0016007956818211877,-0.000443485664320184,-0.0073914047414437,-0.04548051218152977,-0.02056553477142006,0.28928691403823903
6.705,0.2003897513764,2.414483073552,26.7,136.1,0.6288979649543762,0.1016698405146599,3.799999952316284,31.25,0.1313358694314957,153.3260345458984,117.3640823364258,49.1485,0.47,15878.0,356.18,8.5477,7.134794327171835,0.953,926.17,282.58702925891646,6.339075959279561,56.188,19.8872,18.41727,0.953,16.5223150965168,0.404246719542003,47.87,256107.0,6.0117218158366414,18.174131902767638,75.81414628139571,45012.0,32296.0,14288.0,6.990829016588316,9.211165561563142,9.211165561563142,1.5733199943233478,43.22460681495,0.00106066,0.000707107,0.0023094390613259746,-0.002789998426102104,-0.00019102103251498358,0.004817609291872938,-0.01781771130498964,0.01586597505712416,-0.003633280964219007,-0.002107069722842429,0.025422865422326146,0.011110802761861119,-0.004855184373329395,0.003238451850134885,-0.004665133713860998,-0.009381922294851392,0.0011412568252999317,-0.0008323577638948314,-0.0015676576109835947,0.00022486891725566468,-0.0023240726463263904,0.00042093438981100995,0.005026995010906831,0.0006155042699538121,-0.0010962130911648265,-0.002126018048613326,0.0015473341189790545,-0.0068772465444635585,-0.0038986086630029616,-0.0012959190579131263,0.001061590736848302,-0.013849890565033999,0.009100441172253339,-0.016723981049610304,0.0022584907996933946,0.0006952349609928233,0.0001415896419202873,-0.003648192839696995,-0.009878508455120026,-0.0011338695969898248,0.0006219514531549076,-0.0026999871343141336,-0.018388594688847668,-0.17105523457413072,-0.06987088319833856,0.28928691403823903
6.665,0.05964233918332,0.8830219718617,28.1,406.5,0.4921537339687347,0.4416697323322296,1.600000023841858,30.82999992370605,0.4033357799053192,203.751953125,130.9732818603516,2.90776,0.115,1588.0,7.908338175479372,0.089,0.2026,3.98,913.13,329.46058091286307,1.640734061302774,4.82,0.14,0.34,3.98,1.9414835306710216,0.2504382101047163,73.3,43717.2909103953,2.133822472423064,34.05945495650095,63.80672257107598,57754.0,39953.37,32733.15,7.989646389078048,3.576066916726457,3.576066916726457,2.2858259152713347,56.1,0.15,0.000707107,0.0015877508664270874,-0.0040150315263308605,-0.0008882140286732502,0.002763239660300313,-0.010708184039685872,0.0071063784034922734,-0.0032536154325353028,-0.0009085213401121998,0.020626522331207528,-0.0009568228170974139,-0.0005853360807523136,8.94419077085349e-05,-0.011407482344133314,-0.008469855408184237,0.0012641024569747992,-0.002663923747488296,-0.006814971065730787,-0.004113829540088772,-0.0037278445777483306,-0.00043290320888627313,0.0007528094025328748,0.00023913946910761097,-0.006803836265346036,-0.005617486894596369,-0.006188149498193519,-0.0022691581255057853,-0.002993348589981905,-0.0011907127979211409,7.900819776114013e-05,-0.011205131932278163,0.0016628666006145091,-0.006185098276589993,-0.006241152397240518,0.001619916545110756,-0.0035447837515966986,-0.001074755203444507,-0.0015492595874238677,0.0015289922185475024,-0.00017125792382284813,-0.001262701965868474,-0.007759094938519416,-0.13934134528401773,-0.0641295122084557,0.28928691403823903
5.0600000000000005,0.1566062594814,1.649161457892,4.3,26.0,0.2916558682918549,0.5421540141105652,0.699999988079071,8.550000190734863,0.4837231934070587,329.3404541015625,131.0,49.512,0.336,36853.0,138.0,15.7684,11.0015,13.688,535.0,582.73904587214,2.1821286823421517,63.241,25.634,18.924,13.688,10.207596868462485,1.431208510245323,64.28,314899.0,7.9,22.3,69.8,42653.0,44208.0,19416.0,15.289797719630393,12.30765986180222,12.30765986180222,0.1473591078066914,99.5,6.909999999999999,3.19,0.01739758525695652,-0.0012732703668298113,0.0002829272926319369,0.004979018746409563,-0.0071912976540625005,-0.019422704105847514,-0.006539792587049306,-0.0012241139183752263,-0.05172439080814365,-0.000993771723005919,-0.005057888022041877,0.0004707630019984227,-0.0012765161936404124,-0.00884384241246152,0.0027194642303511466,5.1040183519943104e-05,0.000990449369186533,0.0015848874470684622,-0.0030368921211920644,-0.001396032560616732,-0.0064953386163106195,0.0012294849301688418,0.0009971681730821726,0.0014902985332300941,0.000626741223153654,-0.0016053232974372854,-0.003057536419946703,-0.0030116370419273125,0.0003582222317345441,-0.0007708677543560045,0.0073418927046004666,-0.010210625939304012,-0.0025616753627546117,0.001813803659519182,-0.02412447031016927,-0.0023586919647641488,0.005353417692356739,0.001442863659816794,0.0002669718969846156,0.008294272428494879,0.012121102254255677,-0.097518811916525,-0.033048636488150804,0.28928691403823903
6.4,0.1632344812459,1.467862611626,2.7,28.0,0.2166171818971634,0.1004345864057541,0.4000000059604645,9.220000267028809,0.1303476691246033,260.6069030761719,129.9587097167969,146.82,2.55,54240.0,1270.57,40.6824,30.2805,30.43,8784.0,217.9459876481201,5.105376724300736,248.869,82.267,71.105,30.43,21.438604752014506,1.7255172022880916,45.35,732077.0,19.4,31.7,48.9,35573.0,35134.0,17406.0,18.86276651066043,10.95257410296412,10.95257410296412,1.971747299884448,117.01,93.02,18.36,-0.03484182603179942,-0.00812178884365131,0.0006836569478036861,-0.08019176217366475,-0.04323573042347563,-0.061335595215787186,-0.006659113112371421,0.0035073527817148674,-0.09529260122496634,0.04172604813042563,-0.022850116548826925,0.004792445308994503,0.0030924366133986054,0.0063833805843023644,-0.008823888808838082,-0.0014806642597541234,0.0005044041920918979,-0.008208752635517161,0.007822360888298135,-0.015115375792724085,0.016017306383349937,-0.0012483849074924418,-0.008820725074852811,-0.00419781462673563,-0.016660139726009222,-0.004430374911054968,-0.001867710289778185,-0.013866344144102172,-0.002376276512863121,0.012151028689811934,-0.04942681529617403,-0.03840440286183729,-0.0038181059169583114,0.000735724953352479,-0.0011264344232622529,-0.004536643709696353,0.01100946702144574,-0.011742627132334739,-0.0017914884547935827,-0.011709139814600346,0.015163724804762756,0.2975138546269154,0.0713863715218613,0.28928691403823903
5.904999999999999,0.1922570584841,1.951581635845,3.6,21.0,0.4531041085720062,0.4497370719909668,0.8500000238418579,8.210000038146973,0.409789651632309,386.3236389160156,130.0,97.05,1.21,106381.0,2590.42,55.63,35.38,21.39,6084.07,610.4028000918064,14.863552903373884,174.27999999999997,73.07,53.35,21.39,11.545413701275482,1.3286396630675812,42.31,858592.0,16.673582357043852,41.11565010222189,42.21076754073426,42877.0,31410.0,15449.0,10.182451797210655,6.929020407132105,6.929020407132105,0.954641587443107,92.11,13.2,8.379999999999999,0.0528563244845718,-0.0005160614764317805,0.00015892020543105748,-0.007365416667307723,-0.004104089522617868,0.027747861431445926,-0.008726328570744953,-0.0024848080961965024,-0.1329759361996548,-0.001383808631333521,0.03537729848443997,0.0010257625954109215,-0.0007317373590776638,-0.004230004336917771,-0.0027502616320270955,0.005122635600506322,0.0009791151990648367,-0.0010315574560081566,0.004012131371302537,-0.0015479548551375073,-0.006146765965386289,0.005163077168865128,0.0008523514244006977,0.0008113535991869786,-8.614741149358396e-05,0.004286149851162932,-0.0020199854696402405,0.0023217164467205314,0.00176273586403113,0.003430961964884774,-0.010253992759389801,0.0019971360625931954,0.0025449579569976717,0.004002847366849885,-0.004153269148082465,-0.0016534733701264494,-0.004347185402992185,0.00328035811113659,0.002097342308377853,0.00018314626172650575,0.005703307204646985,-0.12065762019669639,-0.02576881837681867,0.28928691403823903
6.23,0.203861600483,2.004570981987,3.0,27.0,0.2058755159378052,0.3090001046657562,0.449999988079071,9.1899995803833,0.297200083732605,226.8743743896484,128.2054748535156,94.75,0.975,80886.0,573.0,36.035,30.6179,13.697,2339.8,503.33227546810537,3.5656280919222656,160.701,59.489,57.403,13.697,44.04493523854282,0.7705005543685988,37.51,683165.0,24.81513784080998,29.71825110917296,45.46661105001707,37563.0,37438.88,16936.21,15.717915646179634,15.449625511761106,15.449625511761106,1.4422353381379165,70.17,114.78,19.24,-0.027661443562363275,-0.003010522413183922,0.0008742684510070931,-0.08644470808608458,-0.004811607151874338,-0.05754166201595218,-0.006604803763679233,0.003917258036090063,-0.09854124640394005,-0.0032241811216808915,0.0047599394257413176,0.015818953417358,-0.0017864709458081177,-0.020296309098252092,-0.008347155700554141,-0.0025228618327528276,-0.0004550723116844957,-0.002293929082690734,-0.00471975574293174,-0.0015395254014292786,-0.012847637587809014,-0.0029218166557839153,0.001056878268718721,-0.0011691288427682577,-0.008502365749329326,-0.005642265649396007,0.016798749551526264,0.0033150736163370413,-0.007457505389582361,0.004928816089755867,-0.040397421659552485,-0.009875594094046388,0.001715315872803326,-0.010787807673565113,-0.023757877445896153,-0.007078733340371397,0.008066749874851674,-0.006494122923584658,-0.013377052461029954,-0.004341510306578131,-0.009928981232806106,0.2943255879530916,0.07881130326446144,0.28928691403823903
5.765000000000001,0.2130431102024,2.310097577704,4.0,30.0,0.281296968460083,0.2954275012016296,0.4000000059604645,7.71999979019165,0.2863419950008392,263.8450012207031,132.0,156.23,1.87,97710.0,1060.5399999999972,71.1,36.2,12.67,445.0,463.12446677410185,5.026732391695883,210.98,98.81,63.08,12.67,11.72546549939368,1.018542407714805,36.2,633849.0,18.656421702718102,40.1694307582096,41.1741475390723,29464.0,31269.0,14895.0,17.562286116352706,10.924959818723158,10.924959818723158,0.0678323806069195,98.99,35.56,3.58,0.055259684385033314,-0.002736093019833802,0.00045651229436043523,0.009596951990388337,-0.030615323767997325,-0.060113708278862754,-0.006545952450716866,0.017014364539179948,-0.04303739130217582,-0.001891458069207147,-0.018487185640260584,-0.016240595659706734,0.006410389278433286,-0.0026535981987835743,-0.0032286983745871134,0.0012187207294628009,0.0011711184376617875,0.0007651460868073584,-0.005501233866787515,-0.004784795195562753,-0.0043733811827842235,0.0010853186940075865,0.0015262298563029659,0.0004916137506952606,6.131293007638483e-05,-0.003943559265229854,-0.00905279358581174,0.0014668770841089903,0.00014661850465927108,0.0062757114850683195,-0.01111248306045308,-0.006561177444411444,0.0005270171732408957,-0.006212811524048445,0.0015833378247916668,-0.006827428054879422,-0.0024111383531708304,0.0029625575742684316,0.002595433892682192,-0.005787527772481556,0.02462638840312138,0.0601772908512503,-0.03582175291504245,0.28928691403823903
6.565,0.2264315865326,2.033548315905,3.6,21.0,0.3838760256767273,0.5992656350135803,0.75,6.25,0.5294125080108643,274.3808898925781,127.9325256347656,97.05,1.21,106381.0,2590.42,55.63,35.38,21.39,6084.07,610.4028000918064,14.863552903373884,174.27999999999997,73.07,53.35,21.39,11.545413701275482,1.3286396630675812,42.31,858592.0,16.673582357043852,41.11565010222189,42.21076754073426,42877.0,31410.0,15449.0,10.182451797210655,6.929020407132105,6.929020407132105,0.954641587443107,92.11,6.65,1.39,0.0015425760385114667,-0.01047823637060355,-3.0892539070916664e-05,-0.003908345576259311,-0.0026257267002947607,-0.025030116745328995,-0.005574411426379807,-0.0016629441762343086,-0.049080315320403314,-0.001052361586480396,-0.010167840810259805,0.0029328596647828875,-0.0012194786056643372,-0.00377276937034913,-0.0020428388173459044,0.0009598739719949729,0.000479761584196234,-0.0009514628799515791,0.0002224833368090891,-3.349764889572591e-05,-0.009571068371529691,0.0017252629274735261,1.9896513200367118e-05,-9.951453760732214e-05,-0.0004966016371035931,0.001781460651662203,-0.003410420632862949,0.0003534657378913903,-0.0017843727178405995,-0.0016311628939583926,-0.00533187970332801,-0.0020811673098942254,0.0023956418760353692,-4.962166072800611e-05,0.0016938190765213208,-0.0025923985510598905,-0.0020631031206576177,0.0013450178169878207,0.0005686183978105043,-0.003131733635091228,-0.0010700232168892412,-0.09300813889625716,-0.058324238740780854,0.28928691403823903
6.775,0.1495452637953,1.482051013111,3.9,17.0,0.3169166743755341,0.3141359686851501,0.6499999761581421,8.210000038146973,0.3013087809085846,366.6012268066406,129.0,142.4267,0.98,46210.0,1116.0,70.9324,18.6665,13.388,492.0,207.0155004031897,4.999552011468507,223.22,96.741,33.206,13.388,36.02947095994996,1.9691703020360272,44.56,503654.0,12.3,40.9,46.8,38937.0,39286.0,17168.0,21.03691766650654,16.933855628952,16.933855628952,0.4061223048327138,136.9,21.91,3.8,0.006049013736657801,-0.0038132336657727126,7.214154512621348e-05,-0.009163639827514997,-0.0008036896694684353,-0.038203746879938986,-0.004830547268502412,0.00041101368074304907,-0.10642149180534761,-0.0018642485581804084,0.032402453089016486,0.0020281851959880496,0.006772301491349939,-0.006582862061914061,0.0016881750806933319,0.00209576051973272,0.00030565790308174077,0.0024335232274606835,-0.0008507821515668188,0.0012907673367299158,0.005774235359160223,-0.0028810767440590954,0.002008717345655894,0.002414861297234887,0.0010358259750064519,-0.0004954856183612764,0.013081668161321437,0.000402547218604013,0.0017603303884388868,0.0013789628325030217,0.006657441522344017,-0.0013080267162295027,0.004235629861243071,0.0011381973751122098,-0.009992229114752265,0.003182316878577701,0.007070578870829192,-0.0009479067785432588,-0.0008109582159668276,0.001272893579327501,0.0212105419106083,-0.10167374796129298,-0.061707938069943326,0.28928691403823903
6.99,0.1059911845053,1.263483969206,2.7,19.0,0.1251616626977921,0.1729066520929337,0.300000011920929,4.829999923706055,0.1883253157138824,142.1536865234375,121.3395462036133,41.8,0.9984,37631.0,382.0,12.2266,9.8512,4.991,6472.866666666667,481.9852705731668,4.89273134806276,78.075,30.563,28.728,4.991,21.398798506227283,0.8755846807233554,35.03,369846.0,16.504901960784316,31.65686274509804,51.83823529411765,26213.0,35691.1,13158.53,16.539135979595088,17.556710821702243,17.556710821702243,1.1884593356762363,77.55,0.00106066,1.22,0.0015900140899466363,-0.006634875987423581,0.006185599187854683,-0.02160841866082046,-0.0026604322839993933,-0.0316156672432553,-0.0012118193296482781,-0.005546364945010283,-0.018990800755040255,-0.0009219236705685068,-0.0018168314213398867,0.0021808710525510868,-0.005197673979331737,-0.004387171642796601,0.0016052901484654319,-0.00044252587435767105,0.00020117466221563637,0.0011832776664523388,-0.0016977461876813316,-0.001375147996528541,-0.0007445643293322086,6.0089658363724364e-05,-0.0009564848139416431,-4.336707293987065e-05,0.00019620095740538224,-0.002407727076555603,-0.005188303763861769,0.0007388635586248742,-0.003961431863601321,-0.003098686410463418,-0.00354490569373593,-0.007870583013398573,0.005635151799418965,-0.001509923140751197,-0.004677287950704337,-0.0016493004559306422,0.0021141835197340713,-0.0011205933560850087,-0.0030499442245345587,-0.0030837872755946666,-0.0039316253227880205,-0.13438809678819963,-0.02352277139225043,0.28928691403823903
6.880000000000001,0.1336814520919,1.696561208858,4.3,25.0,0.3824531137943268,0.5343990325927734,0.5,8.850000381469727,0.4775192141532898,256.8768005371094,130.0,6.34,0.062,5772.0,77.0,1.413,0.9294,2.684,76.2,654.421768707483,8.73015873015873,8.82,2.541,2.176,2.684,2.417385883124235,0.1122410186812435,81.11,43475.0,1.100962322622737,39.02707551786005,59.87196215951721,72144.0,42390.12,23847.44,16.617634982053918,2.250591120086632,2.250591120086632,1.7613416385502103,33.95,22.78,5.36,-8.612155541777239e-05,-0.0022256890326971205,0.0003704457939602457,0.0026211362383328405,-0.007839842790737753,-0.024119726374512537,-0.006339266173425137,-0.000716111726826055,-0.05617051927419379,-0.0007742081477772457,-0.007280756903230212,0.0005975988517748186,-0.010436301339883356,-0.005781775318202563,-0.002264852662337945,-0.00036680400080513524,-0.00264629622839857,-0.005665319966035893,-0.0038331004452193105,-0.0026668338689487384,-0.010510807550512254,-0.000748191127553581,-0.00616293762135319,-0.009262304643751124,-0.0028682173378765594,-0.003762204125407154,-0.0029376591466134376,-0.001378870620043015,-0.0017786143714329174,-0.012686439244891512,0.005273263577255415,-0.002016796023468481,0.0002156215938739471,-0.0016924407314509102,-0.015636864141677507,0.002672662815894004,0.001195879386970772,-0.0014689898559590777,-0.0007737523014657239,0.00016666357440408547,-0.0157313846211182,-0.0447819570673164,-0.02547861258522608,0.28928691403823903
6.59,0.1651267123139,1.836242436349,3.9,31.0,0.2748605906963348,0.3992600440979004,0.6000000238418579,9.289999961853027,0.3694080412387848,79.36817169189453,41.61711502075195,47.0,1.3107136824324324,36372.0,288.0,18.2749,8.0877,7.75,507.0,653.2327586206897,5.172413793103448,55.68,23.55,11.03,7.75,12.063693803924313,0.472838893581081,63.26,168105.0,10.1,30.6,59.3,59606.0,41956.5,25127.5,34.79581925675675,15.15646114864865,15.15646114864865,0.5191153820594531,50.55,10.07,4.83,0.0014127068701200167,-0.0014668023006524855,3.6328152636999186e-05,-0.0032195892623276454,-0.010996019874291963,-0.020912999191903512,-0.0025428329317946923,-0.00035897044849116403,-0.04107831711194011,-0.0018251296225935258,-0.043180353878298765,0.0023729105428792535,-0.0022535769597743648,-0.0038742531634634357,0.000754156165407037,-0.0012683597016148293,-0.00011468183819669606,0.001607177159166895,-0.005006069293594909,-0.001463435530138666,-0.010891500096651723,0.0005515785973984758,-0.0009507092154817685,0.0006388592695584492,0.0011441103058168658,-0.005245586901437489,-0.004066140958108007,-0.0012512731373426538,0.0011691725864075109,-0.00639471591776237,-0.0014862689573783366,-0.007085037246986757,-9.463112102818873e-06,-0.0004451842459384417,-0.009572497910354286,0.002185146479634571,-0.001977138976333665,-0.001594644765835252,-0.0012774601730052332,-9.958762209865985e-06,-0.014764341494417747,-0.06745814759086351,-0.023089476723864213,0.28928691403823903
6.98,0.3480176247829,4.071637583559,3.0,24.0,0.1359964907169342,0.2086603492498398,0.300000011920929,7.559999942779541,0.2169282734394073,153.3260345458984,117.3640823364258,49.1485,0.47,15878.0,356.18,8.5477,7.134794327171835,0.953,926.17,282.58702925891646,6.339075959279561,56.188,19.8872,18.41727,0.953,16.5223150965168,0.404246719542003,47.87,256107.0,6.0117218158366414,18.174131902767638,75.81414628139571,45012.0,32296.0,14288.0,6.990829016588316,9.211165561563142,9.211165561563142,1.5733199943233478,43.22460681495,0.78,0.000707107,0.002541853125905619,0.011690563142998146,0.00013567305920878238,-0.01600219891621964,-0.004870609001547562,-0.026110773596563375,-0.005143623593030498,-0.0006395363404881185,-0.040222140571917406,-0.0004049287411617136,-0.0026340927951969224,0.0031178268135991067,-0.0026791530387708885,-0.006415396413067362,0.001420629162807017,-0.0006998975351452819,-0.00027951217640657326,-0.0007795648997998827,-0.00200909398216754,-0.00034871670487336746,0.003617371704778637,0.0008997626450145572,-0.0010728435312630587,-0.0013332980553386743,0.00036187741567846515,-0.002091913965123243,-0.002410006383666766,0.0017262988927541334,0.0012016993199940758,-0.004578185861231756,-0.001263471437152476,-0.005774360573559534,-0.005896871213917614,2.3739108699380667e-05,-0.001405129834020045,-0.002360129480657637,-0.003695672556990752,1.0370497591792681e-05,-0.0012962293124292028,-0.003261166458018125,-0.014556485096225516,-0.10820995337888599,-0.04555227479105815,0.28928691403823903
7.01,0.0638351135086,0.7424533970044,3.8,3.0,0.1829661130905151,0.4541138708591461,0.25,7.429999828338623,0.4132910966873169,203.751953125,130.9732818603516,2.90776,0.115,1588.0,7.908338175479372,0.089,0.2026,3.98,913.13,329.46058091286307,1.640734061302774,4.82,0.14,0.34,3.98,1.9414835306710216,0.2504382101047163,73.3,43717.2909103953,2.133822472423064,34.05945495650095,63.80672257107598,57754.0,39953.37,32733.15,7.989646389078048,3.576066916726457,3.576066916726457,2.2858259152713347,56.1,0.61,0.4,0.0017660510722780627,-0.005027261486276983,-0.0021177958054468026,-0.0035015280139632566,-0.006725885608058891,-0.011975819891900757,-0.0032991540663060703,-0.012104985014186241,-0.023354840537474948,-0.0003893825204577285,-0.0012627444022218666,0.001077358498354439,-0.009542010872217361,-0.007421954775752965,-0.0023095583386602793,-0.0022961730618262645,-0.00512604624265805,-0.002074431987013666,-0.003800058489083314,-4.7951207321602555e-05,0.0007450239056488525,0.003124523782113101,-0.005339966567698869,-0.005004688831628302,-0.0005624688506941295,-0.003335193591774441,-0.0022038738000555876,0.003301508170203303,0.002238888721622057,-0.008164219024591144,0.0009761118743335754,-0.0036456645486177886,-0.004595483179495199,-0.001647801637067458,-0.004339391004410569,-0.003287777953431934,-0.0019808241046848727,0.001706688689650041,0.00021538263530237632,0.0013924438788671949,-0.01387003175006248,-0.10560297580936459,-0.03796092120232061,0.28928691403823903
6.665,0.2242042461774,3.310778092327,20.0,15.0,0.543432354927063,0.7203001976013184,1.700000047683716,25.68000030517578,0.6262401342391968,329.3404541015625,131.0,49.512,0.336,36853.0,138.0,15.7684,11.0015,13.688,535.0,582.73904587214,2.1821286823421517,63.241,25.634,18.924,13.688,10.207596868462485,1.431208510245323,64.28,314899.0,7.9,22.3,69.8,42653.0,44208.0,19416.0,15.289797719630393,12.30765986180222,12.30765986180222,0.1473591078066914,99.5,25.26,31.03,0.012649675279157228,-0.032250324328662844,0.0006104295671684662,0.013585096709663055,-0.039070010241703125,0.049296164921368464,-0.010884643792407589,-0.0034188716197386475,0.06411175667477072,-0.0035880617133807412,0.002170734755694867,0.008181440979824404,0.0010599041812820425,-0.0368937761868001,0.007857702462235466,0.01111953922011889,0.0020249656258383764,0.0032429737208876817,-0.005868880915106259,-0.0015129418511060089,-0.01837570183363276,0.01859170540270862,0.0007517388771521027,-0.00084234587301035,-0.0007415864063659655,-0.003159436634508894,-0.014652372398995792,0.007890984072582796,0.0025832053096965014,-0.006797170871519473,0.021692265645717277,-0.030877292835270055,0.009495871825027268,0.00453952875325922,-0.04219702174665872,0.0054503711150027945,0.0041787993675097695,-0.0007697399068856553,-0.0007649009602610113,0.010943252602068248,0.010269486406468787,0.012209909165394491,0.0691934380858438,0.28928691403823903
6.455,0.1959040303814,1.827906441274,18.2,0.0,0.4926227033138275,0.7589735388755798,1.799999952316284,25.32999992370605,0.6571788191795349,260.6069030761719,129.9587097167969,146.82,2.55,54240.0,1270.57,40.6824,30.2805,30.43,8784.0,217.9459876481201,5.105376724300736,248.869,82.267,71.105,30.43,21.438604752014506,1.7255172022880916,45.35,732077.0,19.4,31.7,48.9,35573.0,35134.0,17406.0,18.86276651066043,10.95257410296412,10.95257410296412,1.971747299884448,117.01,66.83,247.29,0.022685968637699262,-0.013562592895817963,0.0021827307721832808,0.048389304687385434,-0.019843278876272952,0.05549652965110726,-0.07896756498131437,-0.002933304388541727,0.13466210016934202,-0.005738588319858515,-0.034577171522541916,0.0210587780807982,0.01677618448284921,0.008846498275524963,-0.015160497643519174,-0.033013859775033766,-0.008123531285673388,-0.02188351901085115,0.022021587254246723,-0.03568940737296363,0.008769649926223788,0.0004231808142503679,-0.005154429805697866,-0.0230906423184788,-0.013287281505763568,0.007489354162709791,-0.008138472828082739,-0.05692993045772889,0.004107911383500337,-0.012257392488769234,-0.1264650295309257,-0.0876378045708407,-0.01708134645211975,0.005469691496458836,-0.011864026316674433,-0.021795118359150385,0.026594197946484165,0.0008286609777715143,0.002557092582108489,-0.01020106905989814,0.02425020719238092,0.61200789432897,0.35413772417581646,0.28928691403823903
6.54,0.3783828045614,4.473671270399,19.0,46.0,0.6479945182800293,0.6949933767318726,2.299999952316284,24.85000038146973,0.605994701385498,386.3236389160156,130.0,97.05,1.21,106381.0,2590.42,55.63,35.38,21.39,6084.07,610.4028000918064,14.863552903373884,174.27999999999997,73.07,53.35,21.39,11.545413701275482,1.3286396630675812,42.31,858592.0,16.673582357043852,41.11565010222189,42.21076754073426,42877.0,31410.0,15449.0,10.182451797210655,6.929020407132105,6.929020407132105,0.954641587443107,92.11,24.130000000000003,33.160000000000004,0.006511962823336942,-0.02092211882490664,0.0009235271163051978,0.026808663271600374,-0.01010609952209053,0.06408835362363607,-0.018335425305296655,0.019751177487894893,0.10583307350683027,-0.003102013438707224,0.04368768358405213,0.010642264020512802,0.003739919451880272,-0.0065367358162766315,-0.0012645990895107401,-0.0035042990740621503,-0.0004272641552379386,-0.0005876758467638826,0.0039179651401937046,-0.0022217203767504468,-0.01386965902103111,0.004350872592185623,0.003327787050860931,0.0002169436478288822,-0.0017078531514853196,0.004518192437593801,-0.0036194698888575654,0.004507412792998378,-0.0021941085270373167,-0.02520762489759364,-0.011930592644959692,0.004418011155212303,0.00922080051270314,-0.0012432030355557706,0.006088947092299346,-0.005448923433199512,2.7871039696025778e-05,-0.002100045214756402,-0.0017670134948566507,-0.004575042173848498,-0.0048731080268043705,0.04032215395593085,0.13431693774438463,0.28928691403823903
7.09,0.2109943022505,2.236637401021,18.7,33.0,0.5615285038948059,0.8261546492576599,1.799999952316284,25.51000022888184,0.7109236717224121,226.8743743896484,128.2054748535156,94.75,0.975,80886.0,573.0,36.035,30.6179,13.697,2339.8,503.33227546810537,3.5656280919222656,160.701,59.489,57.403,13.697,44.04493523854282,0.7705005543685988,37.51,683165.0,24.81513784080998,29.71825110917296,45.46661105001707,37563.0,37438.88,16936.21,15.717915646179634,15.449625511761106,15.449625511761106,1.4422353381379165,70.17,54.58,0.8099999999999999,-0.0053191414407920135,-0.001039750540396181,-0.0010993118198821372,0.015199398741824554,-0.012332912547397434,0.03919878241495463,0.002034855333156885,-0.004807323523098597,0.08890984417847358,-0.004842679138178929,0.010370335808955137,0.01065283838089091,-0.0006806341501651283,-0.017169588313088763,-0.012806867684354073,-0.004300006861798464,9.143337188288469e-05,-0.01014951012574602,0.003685255607706478,-0.0011988450958160617,-0.018132212939322927,-0.01477636420843192,0.0025121674423571687,0.003757836889591995,-0.01377145896648288,-0.0036571223924401946,0.019803579803206947,0.0051535435081459455,-0.003947404457489012,0.007773162497091102,-0.034122315505635936,-0.02732548273634165,0.002371653604903254,-0.0033233934510499357,-0.01788137610501145,0.0014251657618442604,0.002685149872675521,-0.0034149870208930234,0.0002818078297423338,-0.0052119624840561265,-0.00764677722158375,0.32327628709818235,-0.08925581618142313,0.28928691403823903
6.83,0.3290345806553,3.357728492649,19.2,34.0,0.6673039793968201,0.9679861664772034,2.0,22.77000045776367,0.8380921483039856,263.8450012207031,132.0,156.23,1.87,97710.0,1060.5399999999972,71.1,36.2,12.67,445.0,463.12446677410185,5.026732391695883,210.98,98.81,63.08,12.67,11.72546549939368,1.018542407714805,36.2,633849.0,18.656421702718102,40.1694307582096,41.1741475390723,29464.0,31269.0,14895.0,17.562286116352706,10.924959818723158,10.924959818723158,0.0678323806069195,98.99,97.28,18.630000000000003,0.023437519154860628,0.03407125170668586,-0.0055203873655991584,0.022506579859065838,-0.09258533624466508,0.0027955596814863313,0.08998651194933338,-0.006786287517170403,0.09849005140038207,-0.005543085507582873,-0.02499456238828132,-0.1720276166353142,0.021366109234979388,-0.01485268620797435,-0.02049921635631472,-0.005411160241579632,0.0020809524436481374,-0.03509479477454443,-0.0027939440330956274,-0.0065177242172649195,-0.02969194183661601,-0.012489210223662658,0.0029484653817489657,-0.0026083170026540703,0.007287255519302566,-0.004036026468849726,0.002514318497036602,-0.003213311483501455,-0.0003588871125830423,0.01321824169985487,-0.06677965622371995,-0.0026994358873926373,0.0014191751206526436,-0.007297534977435141,0.042050824994803414,-0.012964483173913344,-0.008005778905469916,-0.002430885426583709,-0.005740719323046509,0.02457182587613351,0.006347640447318545,0.5252556740831351,0.13787281666544732,0.28928691403823903
6.675,0.2890472276714,3.014214178748,19.0,46.0,0.5933253765106201,0.8934727311134338,1.799999952316284,25.76000022888184,0.764778196811676,274.3808898925781,127.9325256347656,97.05,1.21,106381.0,2590.42,55.63,35.38,21.39,6084.07,610.4028000918064,14.863552903373884,174.27999999999997,73.07,53.35,21.39,11.545413701275482,1.3286396630675812,42.31,858592.0,16.673582357043852,41.11565010222189,42.21076754073426,42877.0,31410.0,15449.0,10.182451797210655,6.929020407132105,6.929020407132105,0.954641587443107,92.11,7.529999999999999,16.56,0.007586753433570273,0.05137677726242692,-0.0029206602816702785,0.018250596328056416,-0.029706906567211255,0.09109129815385678,0.06603064539365004,-0.001253698404412712,0.09766571276658215,-0.0030220898359548387,-0.01797164486860856,0.01800478298752568,-0.0047814201965229505,-0.005388270877185275,-0.0183477754209889,0.02030254727252758,0.005478738200501538,0.002251767829409801,0.007691695023560896,0.008841482686810193,-0.010798852873733264,0.0286040725930361,0.0016798947443021322,-0.001059820013702853,-0.0022071175540331694,0.007485834030550899,0.0174215480054263,0.010532306129112818,4.9382820841842315e-05,0.0006399794751778459,-0.008597283180453797,0.0028043470499105687,1.9885364454236278e-05,-0.0007307937999721431,0.026516286412952467,-0.003933454282465394,-0.007889766769250857,-0.0009622710632393144,-0.0018980838567949783,0.0028598630406195314,-0.0015625824262387954,-0.05906725249404553,0.17735107858956323,0.28928691403823903
6.91,0.3244494786224,3.620502949044,19.0,16.0,0.5620102882385254,0.6935369372367859,1.600000023841858,24.03000068664551,0.6048295497894287,366.6012268066406,129.0,142.4267,0.98,46210.0,1116.0,70.9324,18.6665,13.388,492.0,207.0155004031897,4.999552011468507,223.22,96.741,33.206,13.388,36.02947095994996,1.9691703020360272,44.56,503654.0,12.3,40.9,46.8,38937.0,39286.0,17168.0,21.03691766650654,16.933855628952,16.933855628952,0.4061223048327138,136.9,100.02,445.77,0.0676920071968343,0.02330490657896727,0.007254655428347162,0.07060648890794252,0.08922201544861309,0.131220064959256,0.013854355893912701,0.040784748015925326,0.2648735632455209,-0.02019087497983127,0.32228433681931346,0.024038762480253308,0.05226968232798388,-0.02841122757759874,0.02121567692328246,0.012445708163431773,0.011426896235905612,0.016897095653926976,0.00018162465724165245,0.023495445671025662,0.12344941957504481,-0.0007338777468539392,0.007740522658917987,-0.007933598296833233,0.0059124710205943065,-0.006713627890101664,0.19468673990981192,-0.011098680699476976,0.0884276156484848,0.003348599983495698,0.1301632949875202,0.03929644666681999,0.06177609508123714,0.03503656319482255,0.050472078903578174,0.1460423956701998,0.1441649830398383,0.01043949664512186,0.08548628013860429,0.042680615884019064,0.13889430752827323,1.4365445668419123,0.9114540875004604,0.28928691403823903
6.975,0.3333314348394,4.644973571393,19.3,7.0,0.3762629628181458,0.6235977411270142,1.299999952316284,21.02000045776367,0.5488781929016113,142.1536865234375,121.3395462036133,41.8,0.9984,37631.0,382.0,12.2266,9.8512,4.991,6472.866666666667,481.9852705731668,4.89273134806276,78.075,30.563,28.728,4.991,21.398798506227283,0.8755846807233554,35.03,369846.0,16.504901960784316,31.65686274509804,51.83823529411765,26213.0,35691.1,13158.53,16.539135979595088,17.556710821702243,17.556710821702243,1.1884593356762363,77.55,0.74,2.05,0.0012592433537356544,0.011373393359710458,1.8849639105612652e-05,0.0030195052894996448,-0.011817889446509066,-0.022400168676278552,-0.004401714592357162,-0.0008848206519614912,-0.00845203558227513,-0.001233344754786232,-0.0032762005433905803,0.003277883597766048,-0.005304499306366776,-0.0035267253544880124,0.0008524181057000563,-0.0014164613942848525,-0.00019554384308867516,0.0006539547616848743,-0.0038263151289429525,-0.002077686687232922,-0.0011390332314185833,-0.00063814978196751,-0.001350395558052699,-0.0006606200841488285,-0.000976654917700215,-0.002947683524223979,-0.005801052969414734,0.0007316773349884892,-0.0036943187320139224,-0.001831851363996978,-0.004772688842727806,-0.011570671150693674,-0.0025350976923946287,-0.003005776445614169,-0.00780327004322316,-0.0027226705109933405,0.0033763886928791136,-0.0016591813828563285,-0.002036141106393191,-0.001100963081466038,-0.0034128101131645954,-0.1407492812642595,-0.04239564219024032,0.28928691403823903
6.885,0.08938325883726,0.9556439068384,20.0,29.0,0.676328182220459,0.9666127562522888,2.599999904632568,23.77000045776367,0.827003538608551,256.8768005371094,130.0,6.34,0.062,5772.0,77.0,1.413,0.9294,2.684,76.2,654.421768707483,8.73015873015873,8.82,2.541,2.176,2.684,2.417385883124235,0.1122410186812435,81.11,43475.0,1.100962322622737,39.02707551786005,59.87196215951721,72144.0,42390.12,23847.44,16.617634982053918,2.250591120086632,2.250591120086632,1.7613416385502103,33.95,5.92,12.58,0.0035856399890035417,-0.006368018327862946,0.0006135101596592002,0.006147152104880664,-0.01954785913205706,0.03636229211767204,0.04600844178325497,0.007255176780163314,0.05498131289635786,-0.0018243856669869162,-0.009396172444801778,0.003334301148075608,0.009611695737927221,-0.019692286283825525,0.011378971772151992,-0.012762505041901028,-0.009570117197348736,0.0009477211590856224,-0.016231658680480904,-0.003750787665601815,-0.015344137653009963,0.005396982952952387,-0.007320632072980518,-0.0019193085441365915,0.014154334654682322,-0.012094312972738407,0.005367564526735813,-0.00910428441991099,-0.03359043849352746,-0.04104984266893007,-0.009158328271470964,-0.0048100069306092315,-0.030883802431169893,-0.01821731841447763,-0.016552101116976702,0.005329793675104158,-0.00026817760593258186,-0.0005807373911375175,-0.006726422032457771,0.003043223814107478,-0.025101823188830162,-0.008048132656840606,0.024623945994302628,0.28928691403823903
6.66,0.1099732820411,1.044781490968,19.9,15.0,0.5384698510169983,0.7504218220710754,4.099999904632568,22.26000022888184,0.6503374576568604,79.36817169189453,41.61711502075195,47.0,1.3107136824324324,36372.0,288.0,18.2749,8.0877,7.75,507.0,653.2327586206897,5.172413793103448,55.68,23.55,11.03,7.75,12.063693803924313,0.472838893581081,63.26,168105.0,10.1,30.6,59.3,59606.0,41956.5,25127.5,34.79581925675675,15.15646114864865,15.15646114864865,0.5191153820594531,50.55,10.73,6.3,0.0008027238142676637,-0.004147866376442834,-0.0015914728978532397,0.002889692457916684,-0.01378096822032239,0.01670992273563752,-0.013041609599022194,-0.00019702686276287275,-0.01600797258858802,-0.0018267336261342262,-0.05924549665104132,0.0018755580135039098,-0.0032138476358377355,-0.004478858718590347,0.0011226076234015648,-0.004605193111521661,8.071257424307476e-05,-0.0006341460495023057,-0.005333960012183522,-0.0039159100353717835,-0.012680449169303757,-0.0001724280889029612,-0.001804502333048727,0.0016385198549251074,0.0028535171732073624,-0.003335236263519613,-0.0016793150062439956,-0.0005216592749347889,0.0026045802095322882,-0.007945746565936135,0.0029497079895227183,-0.0034609125609858875,0.0005916064536431849,-0.0032398947157780606,-0.017863413457060235,0.001306696889747403,0.008293182734108994,-0.002501746799680403,-0.0013848878176650067,-0.0008082430094364096,-0.014995525261794679,-0.09207829003978987,-0.02745530263899127,0.28928691403823903
7.055,0.126549624646,1.311102619606,19.6,2.0,0.5302199125289917,0.7814150452613831,1.600000023841858,24.65999984741211,0.6751320362091064,153.3260345458984,117.3640823364258,49.1485,0.47,15878.0,356.18,8.5477,7.134794327171835,0.953,926.17,282.58702925891646,6.339075959279561,56.188,19.8872,18.41727,0.953,16.5223150965168,0.404246719542003,47.87,256107.0,6.0117218158366414,18.174131902767638,75.81414628139571,45012.0,32296.0,14288.0,6.990829016588316,9.211165561563142,9.211165561563142,1.5733199943233478,43.22460681495,0.00106066,0.000707107,-0.0020726342501584455,-0.005470859772409312,-0.0004169886308955003,0.003838964094407858,-0.011644821421476078,0.007931818869081326,-0.008141136622172777,-0.0006863051449181505,0.02345812124322402,-0.0008860465578036346,-0.0059525545634096415,0.002222463416401294,-0.006195325410692019,-0.0062358714452711945,0.0035689516674028733,-0.0020358178274473165,-0.0018693541925167729,-2.942119142971709e-06,-0.003020090832142165,-7.870204770006111e-05,0.0006237787626450858,0.0008174493503174736,-0.0014101546186720813,-0.000486064894008446,0.0001840284204808986,0.0002703089035348958,-0.0036374385760864236,-0.0022595135254086956,0.00025730556366033996,-0.0034503506958717496,0.0030354695646092307,-0.022882015383220274,0.0005922975364373937,-0.000660532715846785,0.003552281203912571,-0.003097122412989849,-6.458548596128986e-05,0.0008271627908106897,-0.00038435807672794833,-0.001033222533063961,-0.015150310462457125,-0.1711285689221113,-0.05796747606626014,0.28928691403823903
6.63,0.0590718391242,0.5759403734802,20.3,0.0,0.5112689137458801,0.7386882901191711,1.0,28.56999969482422,0.640950620174408,203.751953125,130.9732818603516,2.90776,0.115,1588.0,7.908338175479372,0.089,0.2026,3.98,913.13,329.46058091286307,1.640734061302774,4.82,0.14,0.34,3.98,1.9414835306710216,0.2504382101047163,73.3,43717.2909103953,2.133822472423064,34.05945495650095,63.80672257107598,57754.0,39953.37,32733.15,7.989646389078048,3.576066916726457,3.576066916726457,2.2858259152713347,56.1,0.12,0.11,0.004861073626438145,-0.0037428105144063,-0.0023122902867617062,0.0033822015012847277,-0.01597129633737495,0.015606896953133397,-0.01026411176321562,-0.0007722814182634439,0.02250840846740175,-0.0008768942883470996,-0.0002064421953400594,0.0018599053125944874,-0.011710091793385802,-0.006309565199306232,0.00017389775312040448,-0.002489236969267949,-0.008638354846159928,-0.004535084430477592,-0.006669795451452953,-0.0006461335849016914,0.002409750065882696,0.0021281634660554175,-0.003569951145211238,-0.004257313790149055,-0.0010019880551844838,-0.0038201121675083423,-0.003092072565574202,-0.003987453889567398,-0.002624902357929387,-0.013024351859348818,0.007022714720107624,-0.005089350293274036,-0.0066635026618023455,-0.00024259749252815546,-0.006541028521780397,0.004601461174665021,-0.0057037815638468605,0.00107148615980986,0.00022792401962215634,-0.0017533321525552248,-0.009931238919321916,-0.1506419539520284,-0.05596304109937046,0.28928691403823903
6.3,0.06546488257556,0.5245143915534,28.8,115.2,0.4257345795631409,0.0,2.0,33.77999877929688,0.0467522889375686,270.0374450683594,130.0,60.6455,0.7705,18738.0,201.0,20.6519,13.225,6.148,775.0,236.6058463286824,2.5380390176147487,79.195,32.652,23.515,6.148,12.782698470895246,0.7724210753786316,47.21,209885.0,11.2,48.7,31.3,49780.0,37342.0,15884.0,8.251880779338212,6.642425473153561,6.642425473153561,0.2421040892193308,53.7,12.39,5.08,-0.025891123905428685,-0.0064920505955815295,-0.0016556277083000128,-0.032153710437007245,-0.007552600249589883,-0.02152521532186074,-0.028456479999760635,-0.00289665396482451,-0.03848250767565333,0.010331061449018302,-0.009346357696282209,-0.0020860150137450525,-0.001504001029708885,-0.00342572221235605,0.0007065823269076653,-0.002043911330867559,-0.0005625279827509092,0.0012487514596432393,-0.003213295572437344,0.00098917894007172,0.003174849579168953,-2.8587603475898823e-05,-8.450347289908622e-05,0.0002033651766250863,-0.0005627951790811477,-0.0034875224811257767,-0.003667856813466637,0.0009567805579863469,-0.00013292764744255543,-0.007547053134359882,-0.0007329656160436559,0.0027152496631024396,-0.0026119583307299774,3.517896292033118e-05,-0.0016632239756872898,-0.0023447724734433004,-0.007150260595255527,-0.0005307645215652865,0.000711841126903889,0.00010171480220742546,-0.013385642864217517,-0.044129754664842036,-0.030712746951670856,0.28928691403823903
6.29,0.1958208053322,2.067808123632,28.3,331.5,0.5595869421958923,0.2621971964836121,2.099999904632568,32.27000045776367,0.2597577571868896,321.0201416015625,130.0,62.8682,0.7473,30465.0,544.0,23.7417,15.1611,8.037,883.0,391.6363496124131,6.993276684364113,77.789,31.907,28.226,8.037,12.555758966506351,0.9191379276851872,47.4,302484.0,8.8,57.3,33.9,63896.0,41068.0,18414.0,9.819277128486252,7.904115227830772,7.904115227830772,0.4381657992565056,63.9,10.53,12.5,-0.027173035364714448,-0.007457525079022161,0.00013833119242917386,0.00609829805057961,-0.006738513516960661,0.03786376959329937,-0.008724844014970588,0.005777471306035298,0.051264970316551625,-0.0017547932054149036,-0.007878093727864322,0.003249442248954443,7.649569329805928e-05,-0.019772841485915706,0.004147946356679315,-0.0016122973348246944,0.0016095112892798996,0.00747899571782909,-0.008525697460165248,0.001400201881770044,-0.0013215037912596025,-0.00029277460742741234,0.004404932222445498,0.0004940010518766968,0.004909943422302604,-0.008893170088995242,-0.003965118990512573,8.928384177852716e-05,0.0020484196370234714,-0.004313722903956663,0.011379095308133403,0.0066351129678077995,-0.002020479269558564,0.004101676651509475,-0.023897873656591396,2.020403975623586e-06,-0.005689579950645572,0.0019265723691787612,0.0011936444905586512,0.0065049706855788885,-0.009550236570066772,-0.10590884426888077,0.0061299540706677424,0.28928691403823903
6.45,0.1214945252553,1.579837550425,27.0,407.6,0.50328129529953,0.6838319897651672,1.600000023841858,30.72999954223633,0.5970655679702759,303.3760986328125,130.0,146.82,2.55,54240.0,1270.57,40.6824,30.2805,30.43,8784.0,217.9459876481201,5.105376724300736,248.869,82.267,71.105,30.43,21.438604752014506,1.7255172022880916,45.35,732077.0,19.4,31.7,48.9,35573.0,35134.0,17406.0,18.86276651066043,10.95257410296412,10.95257410296412,1.971747299884448,117.01,0.3399999999999999,0.000707107,0.0007033453555777712,-0.005882220058352686,-1.6793407383374966e-05,0.0034951133292633997,-0.006324420236865996,0.015065002315968742,-0.006001081055146644,-0.0010830666625406549,0.025457168874912894,-0.0007502901270054222,-0.004885964234592393,0.0013206150589394345,0.0013825237172422917,0.0021406111329561176,-0.0028850974820088565,-0.0018954523669672194,-0.001957277520210478,0.00043136253673583673,0.0021224542978452525,-0.005798847968457266,0.004286191304621755,0.001742826412199067,0.0014266581253614308,-0.00040027026750612667,0.0008966472905594823,0.004423014032363422,-0.0028293849379406313,-0.0027109167120652347,-0.00021886740747141046,0.0017753699232125643,-0.012507284103659913,-0.01118417368363589,0.001577053760061969,-0.0005628352990606772,0.0010160721287247715,-0.0006679898852016728,0.0019062845441512708,-0.0010462591701070818,0.000532145200530076,-0.006438296768348657,0.005175343591836275,-0.21552718271431517,-0.07180859265051548,0.28928691403823903
5.76,0.2009681707521,2.305766517037,27.6,218.7,0.4322603642940521,0.3183337450027466,1.899999976158142,32.65000152587891,0.3046669960021973,264.5146484375,130.0,94.75,0.975,80886.0,573.0,36.035,30.6179,13.697,2339.8,503.33227546810537,3.5656280919222656,160.701,59.489,57.403,13.697,44.04493523854282,0.7705005543685988,37.51,683165.0,24.81513784080998,29.71825110917296,45.46661105001707,37563.0,37438.88,16936.21,15.717915646179634,15.449625511761106,15.449625511761106,1.4422353381379165,70.17,5.7,7.279999999999999,0.013501811616937628,-0.004786719884607007,-0.00013563853967935168,0.0034255922213196795,-0.010280737344175573,-0.030392797712120223,-0.004253070158301853,-0.0042137076756916915,-0.029180862361798073,-0.0009978740094229606,-0.009626853676163593,-0.0031629374537151264,-0.0024209618323948233,-0.005701243513613005,-0.0024465930092846967,-0.00025329932151362184,0.00034824393282178507,-0.00042439555411693115,-0.003126491311239081,-0.00047807436552830114,-0.0072088361914502425,-0.0012284577664686332,6.481975817587545e-05,3.164242743514522e-05,-0.0012544273448875224,-0.0029906358849257236,-0.0030641942673828456,-0.00028939408075529866,-0.003310089748469188,0.0031634080000221706,-0.029232561049400828,-0.012576310658943834,0.0007530886642634841,-0.0009060058662435065,-0.013221305773942732,-0.001439839303726328,0.0023194041544338678,0.0009867126510944237,-0.0022177983754081616,-0.005076999787474045,-0.007019737085909583,-0.08067885671707335,-0.02701726165891159,0.28928691403823903
6.515000000000001,0.06897301535367,0.6676463154617,27.7,447.3,0.7420581579208374,0.3893652856349945,2.599999904632568,30.68000030517578,0.3614922165870667,222.1938934326172,129.6773071289063,107.39,3.73,96920.32,2066.12,58.97,40.44,27.91,610.38,465.7391638635272,9.928495915425277,208.1,77.67,61.57,27.91,13.785865223981112,1.7056792964710272,34.96,786132.0,20.47490893033877,43.41481379464505,36.11027727501618,31295.0,29723.0,15547.0,9.581485948260582,8.895328795155292,8.895328795155292,0.8326497317534427,104.89,25.85,4.39,0.007832483871607104,-0.006249421387910836,-0.006146352566778657,0.01451642129197717,0.09733203790767583,0.06753130138409325,-0.01138035905361175,-0.0017144301421940205,0.09800627670122776,-0.003512454116018482,0.020922570274211467,0.00037255860539154586,-0.0007473008318338664,0.007815849905600775,-0.0154585727188969,0.0013237708831438822,-0.005765111314249216,-0.01762229552981443,0.007723390211700471,-0.0015672494713217023,-0.0026697128230007416,-0.0232155921937665,0.0028099619547137912,0.000748061030171801,-0.012854894618736576,0.01692552315467037,-0.004658802420599387,-0.010762663019238982,-0.0074295514599652945,-0.00497803929529618,-0.020590329300146547,0.008435360502451658,0.002773767551407208,0.00017189578944817874,0.023370368293602957,-0.0015875813409220452,-0.010368213636334977,-0.0012958097553346314,-0.0025289243307197564,0.004713169844239015,0.0055603412863565625,0.03496690966561437,-0.05269872663822026,0.28928691403823903
6.640000000000001,0.2558848001299,3.503101136478,27.7,219.6,0.4768135249614716,0.2010269314050674,1.600000023841858,35.20000076293945,0.2108215540647507,148.6543884277344,68.14414978027344,50.1,1.306,41383.0,353.0,16.046,12.1913,6.776,670.2,631.7050831934056,5.388490306823385,65.51,26.747,24.969,6.776,17.9549829028876,0.4442509992904584,49.43,209556.0,6.020172305106115,47.59403235973944,46.38579533515444,76037.0,38605.82,21713.2,14.86650338874155,8.90786065415315,8.90786065415315,3.334605630605978,50.07,19.29,32.81,0.006002792098093785,0.029517419639218133,0.00048477171082049464,0.004456144395750018,-0.0026906718332320376,0.03640933211660012,-0.005704297060379759,0.0014830212201923057,-0.12910106024547713,-0.0026588485374813924,0.005498164724675019,0.012921086242306045,-0.010093864871887483,-0.01594044671568554,0.0011007436438230807,0.0033409830800956164,-0.0005026268543442666,-0.0010203048948896995,-0.0200317294310662,-0.0025529433250194426,-0.012306843716301957,-0.00036783159174956227,-0.0008295983927091632,-0.0013474172324640544,0.0011339743286953238,-0.010501955876941794,-0.0030700343945063687,-0.004273365628789172,0.0029573682581540083,-0.015931759877479634,0.015051059658289878,0.005998737914487723,0.005613154664984908,-0.001252484009834008,-0.01090767599636455,0.010257722070382443,6.412952009121897e-05,0.0010139883212395826,0.0014592422643909253,-0.012340243498620106,-0.01767363883263898,0.032632711764192204,0.07637612133822405,0.28928691403823903
6.83,0.2154186366291,2.091032440366,27.8,233.8,0.2987442910671234,0.2722972631454468,4.400000095367432,30.80999946594238,0.2678378224372864,255.4473724365234,130.0,107.34,6.28,66001.9,1675.31,49.3,18.28,27.37,612.65,435.2825957923893,11.048671107300668,151.63,65.22,31.43,27.37,10.04493389674318,0.8095851014325984,41.74,774172.0,21.96364940618549,42.590832655196046,35.44551793861847,49137.0,30324.0,14574.0,6.059303494414041,4.22208657852724,4.22208657852724,0.6829462442173873,55.57,27.44,3.19,0.008678988242638302,-0.006831194065278401,0.0008995980948675361,0.017450287046725858,-0.007415613450692029,-0.07606845123425592,-0.0096757973373169,0.014315843222197148,0.07928865274798591,-0.00230957209959161,0.009280799201107583,-0.0006449470224324627,0.002360640110680845,0.09357376456831115,-0.001209985563065835,-0.003943470449186866,-0.0013366025858558644,0.006544928240589802,0.01230616093904246,0.0002709767391206611,-0.0007033330386038789,-0.05596530170959886,0.0002151746496092538,-0.007487771563115536,0.0009581440727925051,0.005400673751253637,-0.026812329734792008,0.005917378537240436,0.0005673608417855567,0.01516012183995917,-0.01745293829287402,0.013200066173681992,0.001431397628271955,-8.839875890407911e-05,0.04266284162702505,-0.010466876276303078,-0.018863268233020793,0.0102236008180771,0.006951839472283608,0.012336986381909807,-0.013558848996064632,0.08684165420883799,-0.05584159787208772,0.28928691403823903
6.835,0.2152928664995,2.151346883201,27.7,421.2,0.4462528824806213,0.1177685037255287,2.099999904632568,31.95000076293945,0.1442147940397263,269.1738586425781,129.0,113.44,6.47,113005.25,3048.97,56.37,31.11,33.02,4048.8,632.6927383685123,17.070544762331334,178.61,74.6,52.48,33.02,11.832260392384752,1.0136065476243834,41.19,962714.0,23.22925734100645,37.059541398199215,39.71120126079434,40450.0,30441.0,14677.0,7.420621787035737,5.286083690348805,5.286083690348805,0.6079000575173069,68.94,17.64,1.83,0.0013211535052396362,-0.00406303472572471,0.0009686133466893815,0.009103732843650496,0.1308548966113012,0.07144721848180054,-0.0053868222987512124,0.0004001004354795473,0.12553204151114913,0.03250588590966072,-0.015874563817051258,0.0028899574173847226,0.002634109824779446,0.06435754031664692,-0.0031806227138731573,0.005379029363044538,-0.005797006976907146,-0.002428696176386416,0.01466112636076287,0.0011456947863334789,-0.021956037231022484,-0.042084222289733596,-0.0007376136087113849,-0.0023048548707738535,0.0014297935855574929,0.010947181648691184,-0.0032189031238667675,0.001240884257596897,-0.002659405818209057,0.025896744650788617,-0.021480804965132837,-0.009625846212613393,-0.0012238516500219648,-0.0013138185158604807,0.025948423883062798,-0.006571645168121906,-0.011197985887178222,-0.0036206940250704035,-0.00196971858106553,0.011460682591889046,-0.002353758506244058,-0.053362575617153206,-0.07825001506647096,0.28928691403823903
7.1850000000000005,0.05666443727865,0.5661172965498,26.7,136.1,0.5981320142745972,0.1207273975014687,1.100000023841858,29.19000053405762,0.1465819180011749,233.8560638427734,119.8350448608398,49.1485,0.47,15878.0,356.18,8.5477,7.134794327171835,0.953,926.17,282.58702925891646,6.339075959279561,56.188,19.8872,18.41727,0.953,16.5223150965168,0.404246719542003,47.87,256107.0,6.0117218158366414,18.174131902767638,75.81414628139571,45012.0,32296.0,14288.0,6.990829016588316,9.211165561563142,9.211165561563142,1.5733199943233478,43.22460681495,0.00106066,0.000707107,0.00023055981204379085,-0.002855820843135004,-0.0015867255056509753,0.0038702891417779065,-0.010564529650495392,0.017289871010289067,-0.004405282501829786,-0.00046758522174786797,0.023384659560222645,0.013717367158678828,0.0018639454341027918,0.0016793101027142287,-0.005888687193393707,-0.0030339218269800827,0.002783016357920133,-0.000881518949288879,-0.00249045304919127,0.001416463055182249,0.00021876380220055654,-0.0014338239767821516,0.004096161222143561,-0.00033356147253653395,-0.0021076820457819855,-0.0019379918441409251,0.00023287346248981045,-0.0035097439488163233,-0.005520431711687708,-0.0009459886614931708,-0.00042681170825380356,-0.006796542740543374,0.0013707214997848547,-0.01495568208320765,0.003095358391059568,0.00023233763640746418,-0.003763894386647736,-0.0032783441928331677,-0.00663825315161375,0.0014807476453715907,0.0001594918114133221,-0.002447250636643728,-0.017777956210658884,-0.1886303342093597,-0.07146174094383606,0.28928691403823903
7.115,0.1365566168923,1.569686265859,27.7,289.9,0.6096546649932861,0.1284908801317215,2.900000095367432,32.18999862670898,0.1527927070856094,219.2985229492188,131.0,86.2176,3.9735,25523.0,815.0,31.1163,21.4397,6.37807,471.8666666666667,209.2032032524324,6.680273112515471,122.001,42.695,30.889,6.378066666666666,23.090604598202717,0.495701072671828,46.74,578032.0,13.2,34.4,52.4,70896.0,35317.0,22722.0,12.79694947845151,11.127680470035047,11.127680470035047,1.418914034866713,54.7,8.129999999999999,6.2700000000000005,-0.009007153278100307,-0.0027030059602111563,0.0004020703717833404,0.006913033394142984,-0.004119833324570209,0.04543067721615079,-0.008453991332557045,0.006644577125669457,0.062236721168272204,0.01954664836917073,0.0063726268635364266,7.264814025256249e-05,0.0003381096408702461,0.024906648141331957,0.006455351902870461,-0.0036890790064353584,0.0009346599521813881,0.004242800831212668,0.004137957894243309,-0.0021121871647192146,0.026513081398210493,-0.0076160564783495045,0.001136752589605744,0.0011721002326812585,0.009802579694660387,0.0005180131692905044,-0.008207659318693907,0.00013167116977274296,0.001465329506318086,0.00482617809996008,0.006407329805078921,-0.005509856006246994,0.003621446467703211,0.007202278955723151,0.0029048155373893767,0.0003257003054022864,-0.002360710904467847,0.0009973651313921444,0.0009872011305997158,0.0016058419013861556,-0.009422466087853536,-0.16745053768937943,-0.03217889834777452,0.28928691403823903
6.960000000000001,0.1210049522633,1.606840166926,25.7,191.4,0.4354498386383057,0.3447339236736298,1.700000047683716,33.04000091552734,0.3257871270179749,241.7138519287109,128.9469604492188,69.4828,1.3569,21994.0,591.6353864032538,9.1363,9.5518,2.36,1603.85,381.11245884595394,10.251869457689375,57.71,25.24,23.82,2.36,23.245438704361963,0.4724934230642314,61.4,189959.29356481816,5.960707881876988,46.25281304491967,47.78647907320334,66835.0,38481.79,24326.61,8.747788017238738,6.746846249557248,6.746846249557248,4.849428335338578,73.3,1.21,0.3299999999999999,0.00444343848968856,-0.006138245853013357,-7.175885303876972e-05,0.0022480021438095717,-0.0139512477441458,0.010041790254064837,-0.0053835614052950434,-0.0009067438329802797,-0.015148419280420055,-0.0009492418445879575,0.004394407782063352,0.0036497271477710486,-0.0038063387079164345,-0.0019512539972784029,0.0015008414388867105,0.0004283798016840647,-0.0006447720797732464,0.0024850637162453487,-0.004732909530866894,0.00045187400316354045,0.001528826488764028,0.00396814100077608,-0.002379872448858806,-0.00026286659960169333,0.0005277293871622465,-0.004341453089844442,-0.001501028875238257,0.0002217260880861419,0.002418793222284878,-0.007821884028264314,0.007524499935214408,0.0001750150908483154,0.0009160339103545959,-0.0031933210593415437,-0.013647529514739293,0.0032308727735653507,-0.008313932501361705,0.0004640272536780711,0.0003905393559252796,-0.02311496098805219,-0.0015247525031445506,-0.1608348132290994,-0.05728076345199952,0.28928691403823903
7.24,0.07033861606964,0.7803418654608,27.3,430.2,0.6268255710601807,0.7635214924812317,2.799999952316284,31.32999992370605,0.6608172059059143,289.1892700195313,131.0277252197266,102.81,1.7645,47925.0,843.0,43.5255,20.1416,18.38,35348.0,294.8686396357596,5.186734756660309,162.53,65.61,36.45,18.38,34.437046921982514,1.6325084864460302,44.34,791032.0,14.2,49.0,36.8,60352.0,33354.0,19580.0,15.09150601532647,12.226414519989854,12.226414519989854,1.982933986704912,73.72,57.470000000000006,1.52,-0.007507659326423902,-0.014439114022650764,-0.007742703179712424,0.020692148291971538,0.08027469194727019,0.057298551025334765,-0.025687465974478962,-0.016899380031973117,0.14385193251632156,-0.005082078843843168,0.010647391015896577,0.004817285504424959,0.006318011805415175,-0.005547860488644804,0.002341242998954851,0.0024148059225408275,0.0009274461498716746,-0.001184335246798582,-0.00015237821300980725,-0.03665535892953629,0.017840592953609288,-0.006539096334599892,0.0012766624474898152,0.004192114159814081,-0.0013402373469434791,-0.0032667328027309954,0.0481123915257631,-0.006770037313574007,0.0003335832905722785,0.027401637396542354,-0.00045696599374060455,0.023219866507337438,0.006760819216957295,0.003949404354672878,0.019391708497074438,0.0034563855715095933,0.008936577358166664,-0.000314462718786665,-0.0021233121838886205,0.01581661071721465,-0.00043015010573436985,0.4732529700342566,-0.1186703057088889,0.28928691403823903
6.365,0.1147868051168,1.183626584146,4.3,26.0,0.1972007304430008,0.290416955947876,0.5,6.380000114440918,0.2823335528373718,270.0374450683594,130.0,60.6455,0.7705,18738.0,201.0,20.6519,13.225,6.148,775.0,236.6058463286824,2.5380390176147487,79.195,32.652,23.515,6.148,12.782698470895246,0.7724210753786316,47.21,209885.0,11.2,48.7,31.3,49780.0,37342.0,15884.0,8.251880779338212,6.642425473153561,6.642425473153561,0.2421040892193308,53.7,9.34,1.27,-0.012708614667761136,-0.005757325253682211,-0.001071627571363931,0.0030444641787325923,-0.008465536557836462,-0.020314388416358267,-0.0040093287477502605,-0.0015667089073685939,-0.04818956946232356,-0.0008053738836897512,-0.005854730808408932,0.0007337030805647356,-0.0011743760996614542,-0.0034905018812860338,0.001565515828900976,-3.7482479121538286e-05,3.975498583167771e-05,-0.0001808104941155838,-0.0034331819404615055,0.00012814532534685024,0.002807881694403478,0.0006805573264136906,0.0005700223691528719,0.0014458045162027745,-0.0004031208201777152,-0.0020832949130563027,-0.004700682323658839,0.0006433218132006003,0.0005936127563472844,-0.0057883577109314535,0.0006577063812874249,-0.003717656424385493,-0.0013876319082919513,-0.0005484552669804577,-0.006488411000696942,-0.0020357908252044564,-0.0037248917143442688,0.0005305452243192132,0.00017358708498068295,0.0020053254017257127,-0.01526372738240753,-0.08975646308343858,-0.0493575458508567,0.28928691403823903
5.66,0.2095821009921,2.211532849444,3.1,22.0,0.1978944689035416,0.3411900699138641,0.800000011920929,7.630000114440918,0.3212240040302277,321.0201416015625,130.0,62.8682,0.7473,30465.0,544.0,23.7417,15.1611,8.037,883.0,391.6363496124131,6.993276684364113,77.789,31.907,28.226,8.037,12.555758966506351,0.9191379276851872,47.4,302484.0,8.8,57.3,33.9,63896.0,41068.0,18414.0,9.819277128486252,7.904115227830772,7.904115227830772,0.4381657992565056,63.9,4.11,3.66,0.006645717678766231,-0.003562114189378912,-3.220414149109298e-05,-0.020673694119788706,-0.00445319653605111,-0.019790534920175556,-0.003172821562970054,-0.001055381270009096,-0.02863812743849122,-0.000692877438617872,-0.0057687801400897985,0.0005373889940092377,-0.002921948506496843,-0.003146691941190511,0.0019617710999446022,-0.00024032440059818203,0.00031761066848412495,0.0006505296402610798,-0.0026079651784384657,0.00025618909229524364,-0.002430057514924553,0.0010605460499646118,1.833632146008299e-05,-4.814521817024884e-05,-0.0005026549131143858,-0.001612948454101573,-0.0045388170063379255,-0.00026454504858702176,0.00019269151543267106,-0.0036558451086748426,0.005823174318880777,-0.000928549311822282,-0.0013188067000592116,-0.0015423194174654774,-0.01710047368938103,1.776687090750792e-05,-0.0019879853188758687,-0.0003440213159192412,0.0003239009026437998,-0.00010156190919223974,-0.014239364957204088,-0.1128196637709625,-0.04371407635894138,0.28928691403823903
6.220000000000001,0.07622649824215,0.7090772672491,2.7,28.0,0.130614772439003,0.1433392316102982,0.300000011920929,8.729999542236328,0.164671391248703,303.3760986328125,130.0,146.82,2.55,54240.0,1270.57,40.6824,30.2805,30.43,8784.0,217.9459876481201,5.105376724300736,248.869,82.267,71.105,30.43,21.438604752014506,1.7255172022880916,45.35,732077.0,19.4,31.7,48.9,35573.0,35134.0,17406.0,18.86276651066043,10.95257410296412,10.95257410296412,1.971747299884448,117.01,0.6,0.000707107,-0.00856607289100066,-0.00500843394943513,-0.0014500433007488013,-0.01914001072122483,-0.011276146429241627,-0.02369285753939766,-0.00292356680775993,-0.014984786392888055,-0.03403888441517483,0.0023894858179846798,-0.0029152349067153418,0.0007089153095730545,0.003500803176721087,0.0007787303031654986,-0.0017995697431033492,0.00015540239663096143,6.846213422249574e-05,0.0001209828458959269,-0.0003895832215785055,-0.005293432114995079,0.0018698626275290725,0.000506201810319906,0.000460149703081701,-0.0009906090240692715,-0.0021043988962192073,0.0034278058809577455,-0.0006864718065480683,-0.002028782713692642,-0.00020190981414634277,0.0008861745752510603,-0.011643937543267379,-0.005240999678266229,0.0007404345412505828,-0.001005586789688092,-0.007273115081479768,-0.00040075499523663444,0.002230880507500846,0.00060435751383193,-0.0010423986391397237,-0.004754564463102723,0.0025183958645211514,-0.09547173301543807,-0.0440158928722376,0.28928691403823903
5.615,0.141255779268,1.572929672943,3.0,27.0,0.2011622041463852,0.3816510736942291,0.6000000238418579,7.210000038146973,0.3553208410739899,264.5146484375,130.0,94.75,0.975,80886.0,573.0,36.035,30.6179,13.697,2339.8,503.33227546810537,3.5656280919222656,160.701,59.489,57.403,13.697,44.04493523854282,0.7705005543685988,37.51,683165.0,24.81513784080998,29.71825110917296,45.46661105001707,37563.0,37438.88,16936.21,15.717915646179634,15.449625511761106,15.449625511761106,1.4422353381379165,70.17,17.97,31.360000000000003,-0.012749006835743782,-0.004809368716669264,9.440382709746155e-07,-0.018758812644984572,-0.007090749260736625,-0.02791226008033846,-0.0034167969631962456,-0.0009473173331934932,-0.05520633731363341,-0.0014299681682605275,-0.006984443969267888,0.0005578495150548438,-0.0017545729343546573,-0.0035024791531031983,-0.0014592251231661077,-0.001213255102979018,0.0005750019412953407,0.00021813723666127988,-0.0028484645390417446,-0.0014692932171747064,-0.004217571230605249,0.0013490750887431165,-0.0005821629192214464,2.5586801231839436e-05,-0.0008596025289734803,-0.004460378215764649,-0.0011862804431002569,-0.00011118171422276717,-0.0022559718926204427,0.0007147187486989442,-0.031097400470986025,-0.006199081117403694,0.0009974924414418629,-0.0016976509193191275,-0.014449159399606292,-0.0014294832068262615,0.0029443848192458972,0.0005839595380239184,-0.0018827922594500716,-0.0015881522251293052,-0.007397913326742123,-0.07051241310988551,0.0065670794697944065,0.28928691403823903
6.77,0.05802006594736,0.5796685970171,2.9,21.0,0.3063189685344696,0.4518246054649353,0.4000000059604645,6.610000133514404,0.4114596843719482,222.1938934326172,129.6773071289063,107.39,3.73,96920.32,2066.12,58.97,40.44,27.91,610.38,465.7391638635272,9.928495915425277,208.1,77.67,61.57,27.91,13.785865223981112,1.7056792964710272,34.96,786132.0,20.47490893033877,43.41481379464505,36.11027727501618,31295.0,29723.0,15547.0,9.581485948260582,8.895328795155292,8.895328795155292,0.8326497317534427,104.89,74.95,31.06,0.0074978600274771545,-0.02506544472218957,-0.0076604399293428325,-0.1652320084441453,0.02757176793715917,-0.02209616348927375,-0.012804163020453419,0.059525184105616066,-0.046616944838897334,-0.005296078407554883,0.008749894257052809,0.007323582774377421,0.000865888971951781,0.025873641483020036,-0.006122115007019581,0.005567172972718243,0.0013512995271012158,-0.022002383138984425,-0.007953888504416674,-0.004623414734727697,-0.006612043650122357,-0.00829828248394187,0.002607966408715574,0.003851131553994497,-0.009430596456513729,-0.007848821650608458,-0.02774591747380325,-0.015558498792699531,-0.012672188448952496,0.0024233299450715923,-0.03935125015908854,0.014914528415305564,-0.0054526386032812384,0.00018677699670660575,0.10562620669382157,-0.017797839967301103,-0.015901540685445078,0.00041421054746023506,-0.000442740226746538,0.019917489507002745,0.028131720241741293,0.47712542168307126,0.14237551655073183,0.28928691403823903
6.645,0.2973392050863,3.882291161179,3.1,21.0,0.2597025632858276,0.3728253245353699,0.5,10.52000045776367,0.3482602834701538,148.6543884277344,68.14414978027344,50.1,1.306,41383.0,353.0,16.046,12.1913,6.776,670.2,631.7050831934056,5.388490306823385,65.51,26.747,24.969,6.776,17.9549829028876,0.4442509992904584,49.43,209556.0,6.020172305106115,47.59403235973944,46.38579533515444,76037.0,38605.82,21713.2,14.86650338874155,8.90786065415315,8.90786065415315,3.334605630605978,50.07,13.07,50.85,0.0037223103573778586,0.06689121014846025,0.00031812790245750177,-0.06041004573262761,-0.0025435876389965405,-0.0509322854670463,0.0025195024118293023,0.0018105159580009064,0.021216688482556496,-0.0027422717635054174,-0.000363257648656147,0.009323075258755129,0.003133761367644171,-0.012415046073030681,0.003077262292616062,-0.00041556122084147467,-0.0006897318764822497,0.000743304569972672,-0.009624785981955935,0.0014650333399185936,0.006755931903840974,0.002753795832744807,0.0024718797362875285,0.00023439075960777074,0.003664521348429843,-0.006634751803707329,-0.0002112136939540432,0.0009993903517024616,0.006220739211887117,-0.017019505876698544,0.02363064696686342,0.009663838596781719,0.005710660640965215,0.0030870108436792986,-0.010392477579880497,0.011533821770804944,0.0070631023602327385,-0.0003334649364696837,-0.0009383213156834256,-0.01015663477289491,-0.029432334968238133,-0.07279770718165672,0.18824904025346043,0.28928691403823903
7.035,0.1555494286073,1.451284014927,3.0,9.0,0.2613529860973358,0.3172178268432617,0.5,7.230000019073486,0.3037742674350739,255.4473724365234,130.0,107.34,6.28,66001.9,1675.31,49.3,18.28,27.37,612.65,435.2825957923893,11.048671107300668,151.63,65.22,31.43,27.37,10.04493389674318,0.8095851014325984,41.74,774172.0,21.96364940618549,42.590832655196046,35.44551793861847,49137.0,30324.0,14574.0,6.059303494414041,4.22208657852724,4.22208657852724,0.6829462442173873,55.57,7.229999999999999,0.78,-0.006486227152519858,-0.0034303693744586763,2.0328362239520683e-05,-0.027122185203013943,-0.016217202114989046,-0.021360322912805714,-0.004883252746541977,-0.0017380483804736307,-0.0521058372380212,-0.0007401687310775716,9.990159189328745e-05,0.0007854113496141539,0.0007620644910493929,0.026102335070143458,0.00024214768060482945,-0.00018708109774161213,0.0002781668144743876,0.00012222354928962745,0.001286556748906148,-0.0009828635135199907,-0.001288840918801717,-0.0014190768428379685,-0.0006542940685758347,-0.0006148602003231607,-0.0003012206788407624,0.003128474261844536,-0.0003783155343262486,0.0010640018150443239,-0.0009549324441468384,0.0009887140247737901,-0.013704143848503006,-0.0018744826189940767,-0.0005073714060708929,0.001074855986866174,0.007955089167458936,-0.002724020604044198,-0.009965616861591116,0.000574347967980431,-0.00017550615489017309,-0.0005163828583899924,-0.009749838122981599,-0.08930310297221875,-0.06108057784254197,0.28928691403823903
7.05,0.1691529316109,1.614295478722,3.1,16.0,0.4082054197788239,0.5365220308303833,0.75,7.329999923706055,0.4792176187038422,269.1738586425781,129.0,113.44,6.47,113005.25,3048.97,56.37,31.11,33.02,4048.8,632.6927383685123,17.070544762331334,178.61,74.6,52.48,33.02,11.832260392384752,1.0136065476243834,41.19,962714.0,23.22925734100645,37.059541398199215,39.71120126079434,40450.0,30441.0,14677.0,7.420621787035737,5.286083690348805,5.286083690348805,0.6079000575173069,68.94,23.51,0.000707107,-0.004991385288652962,-0.0029397833120310664,-0.00018754318857099284,-0.028115868012188006,-0.005979999351082371,-0.030620447239140047,-0.003967913975473497,-0.0017296618641121334,-0.07092988135921768,-0.0008732392133679205,-0.006712017991230823,0.0012360498078633068,5.176100402604772e-05,0.017282992620021104,-0.002536278951331047,-0.002815100330277347,0.00025102263095322765,-0.001685731674311685,0.002574776509311062,0.0003014347170246768,-0.006583481780369764,0.003921068337629549,0.00037164462869986915,0.0012746856706216945,0.0003641479894286017,0.0016399233288830165,-0.0030599452878814193,0.001137698407168505,-9.803154680412436e-05,0.002506597091734877,-0.010849971151095813,-0.0058843890168936925,0.0012190969522343925,0.0005472737043164652,-0.0013153261750703683,-0.0006358836248400587,-0.005597832253552044,-0.00033332078432431135,-0.0010997247704071886,-0.003131457855808549,-0.0022541776011930745,-0.06394021477265051,-0.05055823029228486,0.28928691403823903
7.395,0.0643875669168,0.586354679176,3.0,24.0,0.1266993135213852,0.1343065798282623,0.25,8.890000343322754,0.1574452668428421,233.8560638427734,119.8350448608398,49.1485,0.47,15878.0,356.18,8.5477,7.134794327171835,0.953,926.17,282.58702925891646,6.339075959279561,56.188,19.8872,18.41727,0.953,16.5223150965168,0.404246719542003,47.87,256107.0,6.0117218158366414,18.174131902767638,75.81414628139571,45012.0,32296.0,14288.0,6.990829016588316,9.211165561563142,9.211165561563142,1.5733199943233478,43.22460681495,0.00106066,0.000707107,-0.0009063305793097255,-0.005205757461371831,-0.002254840871086342,-0.02166001293424051,-0.007397704196744598,-0.030936634583282285,-0.00466129948419984,-0.009694264601683242,-0.030001363498042333,0.010963634124025708,0.0009482497323770086,0.002728117452701552,-0.0038379788416204965,-0.004603638162894639,0.002171221336640887,-0.0005461773106362666,-0.0009098133514635239,-0.00016390757984481962,-0.0005770937443012394,-0.00040873464592732753,0.0022597562550217844,0.0010509967555990397,-0.0007683830450987448,-0.0013919405299238849,0.0004040920371189748,-0.0017838289176579526,-0.0014273908816394391,-0.001046062520355915,0.0004829694376094227,-0.005302809812710623,0.0036881678533973172,-0.01018082746374421,-0.004693631832546086,-0.00045141126960515567,-0.001410361772635952,-0.0004530248312512409,-0.004509801883948972,0.0003629781397758021,-0.0013741366675822052,-0.0038094999311142582,-0.013385638707200997,-0.08410061089938972,-0.05264362615265418,0.28928691403823903
7.02,0.06714716584645,0.6007905580112,2.5,11.0,0.2684709429740906,0.325076162815094,0.5,7.570000171661377,0.3100609183311462,219.2985229492188,131.0,86.2176,3.9735,25523.0,815.0,31.1163,21.4397,6.37807,471.8666666666667,209.2032032524324,6.680273112515471,122.001,42.695,30.889,6.378066666666666,23.090604598202717,0.495701072671828,46.74,578032.0,13.2,34.4,52.4,70896.0,35317.0,22722.0,12.79694947845151,11.127680470035047,11.127680470035047,1.418914034866713,54.7,4.7,1.17,-0.0024094739750726134,-0.005430632542236706,-0.0010086509921820859,-0.02774641319172224,-0.008713131569093095,-0.015302266187500208,-0.002360420441254972,-0.0009673167333239672,-0.0257396469853702,-0.00038665012491401033,-0.0008046976526384225,-0.00024159264529589834,-2.1045948145911897e-05,0.006545169024728237,0.0018978155773365871,0.0009743108056718449,-0.00048626547167077497,0.0013517607334069908,-0.0009901069937040994,0.0005990518342005131,0.003115039404481647,0.0008888393500819791,-1.875980617478503e-05,6.151750753633231e-05,0.00017651502904482584,-0.0014943659319542283,-0.0008253351136227173,-6.410174944901891e-06,0.0011733065360458612,4.8811088316143804e-05,-0.003943761853384786,-0.0047672851386014355,-0.0023789847351145025,0.0006243693926371582,-0.0027753973958315296,0.0021009614585200333,1.9108480075373763e-05,-2.0009073894474132e-05,-0.0018033432592637836,0.00010799637925811203,-0.007775652000796983,-0.1466780513904523,-0.04199307866574963,0.28928691403823903
6.91,0.1548696238513,1.709914543751,3.3,7.0,0.2677996456623077,0.4793040454387665,0.3499999940395355,5.909999847412109,0.4334432482719421,241.7138519287109,128.9469604492188,69.4828,1.3569,21994.0,591.6353864032538,9.1363,9.5518,2.36,1603.85,381.11245884595394,10.251869457689375,57.71,25.24,23.82,2.36,23.245438704361963,0.4724934230642314,61.4,189959.29356481816,5.960707881876988,46.25281304491967,47.78647907320334,66835.0,38481.79,24326.61,8.747788017238738,6.746846249557248,6.746846249557248,4.849428335338578,73.3,1.1800000000000002,0.000707107,0.0017341249975142982,-0.0020996213729958975,9.696406428703592e-06,-0.002428146964230108,-0.006978598047979181,-0.021349791624466888,-0.002844634164473972,-0.0019204169943695874,-0.01698066501878202,-0.0005528445662930576,-0.00011651524342596574,0.0005291039016447068,-0.0021967115465667984,-0.0018654044576105725,-0.0004826877404120789,0.00039581823989283524,-0.00016671678959392157,0.000670211408869364,-0.002798322189948521,0.00043187775067053734,0.0008051347674336289,0.0023926870099967323,-0.0007455311139347,0.0002757405124139077,0.0016031240893062191,-0.002328710078843868,-0.00020289321034215282,-0.0007740695138927546,0.001101364365313206,-0.004797560901846731,0.0053765930165536715,-0.0004204045883379888,0.00019237965543288812,-0.0029927572889719167,-0.00772176089201821,0.0012404835521010649,-0.009832383004773872,0.001709408695576711,0.000571677959640513,-0.016757851576316173,-0.0036150322288740454,-0.1384205287301447,-0.0550359755976242,0.28928691403823903
6.915,0.1822646103677,1.716971388361,2.8,7.0,0.3004625141620636,0.4256236851215363,0.4000000059604645,7.489999771118164,0.3904989361763,289.1892700195313,131.0277252197266,102.81,1.7645,47925.0,843.0,43.5255,20.1416,18.38,35348.0,294.8686396357596,5.186734756660309,162.53,65.61,36.45,18.38,34.437046921982514,1.6325084864460302,44.34,791032.0,14.2,49.0,36.8,60352.0,33354.0,19580.0,15.09150601532647,12.226414519989854,12.226414519989854,1.982933986704912,73.72,32.989999999999995,0.93,0.0003561501064104938,-0.007055874481680807,0.0002150543069001351,-0.050951035625999785,-0.014163662101200309,-0.04246221242647152,-0.00807801825972274,0.016151521759224123,-0.054075344349839724,-0.001956434545922095,0.002307347022928297,0.00022990174568258414,0.005840657149092295,-0.0006574295547325193,0.00042425826366525586,-0.00020736304984893817,0.000359103187336586,0.0009069092412246349,0.002638302043429572,0.006165712558664373,0.011434222135692845,0.0011306095693726051,0.002520237599150281,-0.0007743209757609199,0.002629003638518043,-1.1781481793153582e-05,0.011888556812307797,-0.0006031981247942824,0.0006110277570551242,0.006228717261168641,-0.001101190126617435,0.0013979849034221766,0.003313589329249225,-0.00017229935631620923,0.007197829580632966,0.00689284571469762,0.0038141279285773683,0.0027752608804730654,0.001096289591048845,0.0006098783191991946,0.0009655726335477122,0.05920928903634194,-0.07414717879355884,0.28928691403823903
6.355,0.1134605722313,1.226288784831,20.0,15.0,0.5981937646865845,0.7840847373008728,1.5,25.61000061035156,0.6772677898406982,270.0374450683594,130.0,60.6455,0.7705,18738.0,201.0,20.6519,13.225,6.148,775.0,236.6058463286824,2.5380390176147487,79.195,32.652,23.515,6.148,12.782698470895246,0.7724210753786316,47.21,209885.0,11.2,48.7,31.3,49780.0,37342.0,15884.0,8.251880779338212,6.642425473153561,6.642425473153561,0.2421040892193308,53.7,21.04,0.64,-0.023321453693555667,-0.005684816859313284,7.718799368013063e-05,0.00595513766817749,-0.021027407893445337,0.03127490566624329,0.00014415514841676773,-0.002279968532267952,0.0635827658792841,-0.001158590879756957,-0.012936158782802524,-0.000619360363460153,-0.0049205136756645534,-0.018540261068148538,0.0038299156016437367,0.002711107814684509,-7.22562015289474e-05,-0.0024063112098956494,-0.006299510406446651,-0.004706458108266806,0.00897239336022176,0.002501812673988754,-0.0011713204977568266,-0.0010016902433708382,-0.0026853643346694293,-0.008426710610394366,-0.006330451708054173,0.003429505943902765,-0.002280800371081562,-0.014505556219723076,0.001786844962858597,0.004647956276894549,-0.0026477575928438397,-0.0012647450974327499,-0.007644039834034629,-0.003528193512000145,-0.00595533712673932,3.37801914429281e-05,0.002446701820590533,-0.0005338288441998962,-0.021859542798483747,0.0033293553300900378,-0.08719033935450718,0.28928691403823903
6.385,0.1795637312951,1.79149926306,18.6,19.0,0.5894808769226074,0.7502785325050354,1.5,24.8700008392334,0.6502228379249573,321.0201416015625,130.0,62.8682,0.7473,30465.0,544.0,23.7417,15.1611,8.037,883.0,391.6363496124131,6.993276684364113,77.789,31.907,28.226,8.037,12.555758966506351,0.9191379276851872,47.4,302484.0,8.8,57.3,33.9,63896.0,41068.0,18414.0,9.819277128486252,7.904115227830772,7.904115227830772,0.4381657992565056,63.9,45.35,48.18,-0.06722406867856627,-0.009468625288107426,0.003325215328717579,0.03459855760110076,0.00991725402523298,0.06107122604700273,-0.06060787041333969,0.0005626950366422551,0.1304192795281997,-0.004411340815247957,-0.0035683774029603155,0.014188440648955292,-0.017998249960248368,-0.04181855724437629,0.0017541434948798091,-0.0010922745312564098,0.006048605329124271,0.005799621909973215,-0.007085809100070039,-0.002234881819342266,-0.0034926297575002623,-0.0017304106988012742,-0.00046571204997599146,-0.002220523593598042,0.00598800251702776,-0.0036777486968785273,-0.02286425678373781,0.01926897581852973,0.0016640116528142458,-0.04171272561431395,0.029011441009817656,0.039688941710046464,-0.025140171598293813,0.0004009811758296622,-0.12396317626559177,0.003781169537571266,-0.016705904610571462,0.012639270993648125,-0.003101964012370445,0.020890417831018554,-0.05002038217347582,0.41630944091978017,0.2669033522033133,0.28928691403823903
6.93,0.05768797243834,0.6174817119731,18.2,0.0,0.4405795335769653,0.6189005970954895,1.299999952316284,25.8700008392334,0.5451204776763916,303.3760986328125,130.0,146.82,2.55,54240.0,1270.57,40.6824,30.2805,30.43,8784.0,217.9459876481201,5.105376724300736,248.869,82.267,71.105,30.43,21.438604752014506,1.7255172022880916,45.35,732077.0,19.4,31.7,48.9,35573.0,35134.0,17406.0,18.86276651066043,10.95257410296412,10.95257410296412,1.971747299884448,117.01,0.26,0.04,0.003139363608090212,-0.006709282802185046,-0.0034319659456377855,0.0067637584684998656,-0.00843645544053288,0.017304787023691464,-0.00684012483782135,-0.0005419216112932171,0.025546755805495192,-0.0007385426008841026,-0.008806095449253919,-4.694652033504069e-05,0.002500391411245797,0.0034317459059529944,-0.0014467625450342914,0.00026413810043595786,0.00173404593544546,-0.00039758711832109806,0.0006556620883056942,-0.000914307086553882,0.004109917345282152,0.0016473864590516364,-0.00030601379205473457,-0.0005254100108286319,-0.0020026996984379383,0.0069198451973497945,-0.004291432212106877,-0.004202493158169091,0.0009747417059261359,-0.0001063654778408859,-0.01851017300441163,-0.010011968920880458,0.005082486596074897,0.0005909851805772649,-0.005839274978963657,4.8622789792718106e-05,0.0029412562185316374,-0.0020754355480894497,-0.001483680019155145,-0.004709624275274107,0.003968646540713957,-0.21129420125548495,-0.07040635764366018,0.28928691403823903
6.9,0.2105869040306,2.424899113622,18.7,33.0,0.7407733201980591,1.0,3.900000095367432,22.69000053405762,0.903842031955719,264.5146484375,130.0,94.75,0.975,80886.0,573.0,36.035,30.6179,13.697,2339.8,503.33227546810537,3.5656280919222656,160.701,59.489,57.403,13.697,44.04493523854282,0.7705005543685988,37.51,683165.0,24.81513784080998,29.71825110917296,45.46661105001707,37563.0,37438.88,16936.21,15.717915646179634,15.449625511761106,15.449625511761106,1.4422353381379165,70.17,24.08,75.35,0.013099688212038016,0.015885740707744837,-0.0019429153833770945,0.0309234721091343,0.00019532859104220423,0.10694703794177622,0.010940547158825222,0.019542769827996374,0.11646664839040025,-0.005030570971313877,-0.027483462866570336,0.005238759499625298,-0.0028877154248766385,-0.02806248978432268,-0.0016527349074604042,-0.0006568212164565935,-0.0027063107900321516,-0.005956775362836198,-0.01110239678411747,-0.005391864508623251,-0.007929750310024242,0.007792341706110162,-0.000572988425032231,-0.010546012348029748,-0.00701882502622902,-0.016487283162889083,0.011178349112393344,-0.0017145893840352089,-0.0016480397267732787,-7.694664993322664e-05,-0.07593614539923146,-0.012914767821552204,0.0011803217678098,0.0009502668294589928,-0.02462060973001644,-0.0026583980829454927,0.009309091204253484,-0.003310306325322021,-0.002434007858508264,-0.005266844543279156,-0.007055507960147233,0.1159138045272557,0.175648820258677,0.28928691403823903
6.45,0.0752823382127,0.720559062291,18.0,8.0,0.4623614847660065,0.6657237410545349,1.399999976158142,25.68000030517578,0.5825790166854858,222.1938934326172,129.6773071289063,107.39,3.73,96920.32,2066.12,58.97,40.44,27.91,610.38,465.7391638635272,9.928495915425277,208.1,77.67,61.57,27.91,13.785865223981112,1.7056792964710272,34.96,786132.0,20.47490893033877,43.41481379464505,36.11027727501618,31295.0,29723.0,15547.0,9.581485948260582,8.895328795155292,8.895328795155292,0.8326497317534427,104.89,13.06,19.64,0.008256765216938222,-0.010556721948087214,-0.004705707060871642,0.0032325022657169107,-0.05891242122568656,0.06100208171934356,-0.015675932242418637,-0.001102110718376939,0.08792517859907822,-0.0027921599108958555,0.0016771786699537245,0.00543099448631984,0.003029788741958336,0.02635469216853379,-0.0007317583826370599,0.0012217597146518516,-0.003675572563894092,-0.0010632293794769778,0.005738834382966152,-0.005898942352738232,0.0035595988905988583,-0.0032650937922298895,-0.00030355627113021476,0.0011853931619553004,-0.0006836970504373263,0.010131412269663992,-0.005142165000317614,-0.009467629462596962,-0.002744094674824743,0.003317158109974107,-0.014154173957882465,0.005214420425822025,0.005737348972703329,0.0021764993823599004,0.02972748149291147,-0.0030167055584024633,-0.006299618449411351,-0.0018619126222329196,0.001346038318937645,0.004390710283769297,0.0024106876696460026,-0.07209415491716936,0.07264471168292222,0.28928691403823903
7.08,0.1546684837325,2.108195949799,19.3,11.0,0.4887903034687042,0.6446688175201416,2.400000095367432,22.59000015258789,0.5657350420951843,148.6543884277344,68.14414978027344,50.1,1.306,41383.0,353.0,16.046,12.1913,6.776,670.2,631.7050831934056,5.388490306823385,65.51,26.747,24.969,6.776,17.9549829028876,0.4442509992904584,49.43,209556.0,6.020172305106115,47.59403235973944,46.38579533515444,76037.0,38605.82,21713.2,14.86650338874155,8.90786065415315,8.90786065415315,3.334605630605978,50.07,31.68,2.1,-0.004762147718807688,-0.00142301292100456,0.00032263337692711724,0.00652123776986264,-0.022257085073622878,0.03518050778552424,-0.008726848540012724,-0.003897058693459249,0.020483045798493558,-0.002137611626181754,-0.014963809494161973,0.004223640202544626,-0.011818849795381534,-0.007090638341847802,0.003463269729283641,-0.0012019561186898508,-0.006346559410099875,0.0009426506647141675,-0.0040006906229536985,-0.006567586363293232,-0.017153304777224546,-0.00033432496781461154,-0.000915249992744066,-0.004173823404242277,0.0013390540939290096,-0.007425518594565797,-0.005302206571213905,-0.0038513506880262865,0.00526201198657508,-0.01117299460282084,0.02453695369081106,0.009591543833143076,0.0027376379446359457,0.0002981311100302336,-0.02501234837260563,0.003134486721246499,-0.0002460140076000317,0.00040103719290345284,0.0011638306753011432,-0.01759566102107055,-0.029899603178957478,0.07522094096592628,-0.05716356550261844,0.28928691403823903
6.775,0.2288318748659,2.309665035609,18.9,5.0,0.5791773200035095,0.874875009059906,3.700000047683716,24.38999938964844,0.7499000430107117,255.4473724365234,130.0,107.34,6.28,66001.9,1675.31,49.3,18.28,27.37,612.65,435.2825957923893,11.048671107300668,151.63,65.22,31.43,27.37,10.04493389674318,0.8095851014325984,41.74,774172.0,21.96364940618549,42.590832655196046,35.44551793861847,49137.0,30324.0,14574.0,6.059303494414041,4.22208657852724,4.22208657852724,0.6829462442173873,55.57,37.15,8.82,0.016835160294896907,-0.03741263037209864,-0.0023363662080373633,0.021431661393842668,-0.05441975485195873,0.09499614713317714,0.036939761975547304,0.01354801584314555,0.09909081667126157,-0.0021294174185022665,0.00943478612916078,-0.00083493264799471,0.0013093086198205123,0.07645409133797512,0.00457315728371033,-0.03721586937783285,-0.010722235480556272,-0.0002886587993707251,-0.0017803159721661466,-0.00440028204233385,-0.008496879614423965,-0.02784590493002906,-0.0020230286670848696,-0.012730099531007014,-0.002765449800877837,0.010802128352806906,-0.002376268748776064,0.007813883239636193,-0.00565404207690153,0.006354211793513973,-0.02902852130809334,0.014440985012915922,-0.006370858733309423,-0.001599566874909228,0.06749857159785462,-0.009435688731959092,-0.030133666012785415,0.003223089794162662,0.007280407131300304,0.015639570003259003,-0.010967934918357064,0.15346020952693648,-0.038147731096949446,0.28928691403823903
7.04,0.09079972775049,0.7268085050842,18.4,25.0,0.7011379599571228,0.9581373929977416,2.700000047683716,22.72999954223633,0.8165099024772644,269.1738586425781,129.0,113.44,6.47,113005.25,3048.97,56.37,31.11,33.02,4048.8,632.6927383685123,17.070544762331334,178.61,74.6,52.48,33.02,11.832260392384752,1.0136065476243834,41.19,962714.0,23.22925734100645,37.059541398199215,39.71120126079434,40450.0,30441.0,14677.0,7.420621787035737,5.286083690348805,5.286083690348805,0.6079000575173069,68.94,17.19,22.61,-0.015420371782849546,-0.010533420668565673,-1.551173161715158e-06,0.018528461338137285,-0.005230713520664729,0.08438187162880786,0.051643935506464914,0.013677827611216355,0.09701683637907263,-0.0031212038841331472,-0.024196988153504205,0.004455271319136958,0.009013147241086705,0.04398820719495416,-0.02589547210896853,0.012576326255337344,0.007670060602365999,0.0026425087110837795,0.002349710363661861,0.0085938631579047,-0.019928606485947967,0.014840149136609387,0.003683964307187129,0.0007874308181926692,0.00625813579314854,0.006004728464293288,0.022738885010476228,-1.2534266803418404e-05,-0.004836881289491418,0.03623637329717165,-0.04386048983200454,-0.008427029936690814,-0.005661664247862061,0.005867220440763055,0.03424771001795308,-0.010869590265909201,-0.02355641841050237,0.0017019055382115817,0.0029516147579997766,0.013538929156609803,-0.002015083953971042,-0.06954915382468609,0.13228961544146295,0.28928691403823903
6.875,0.1212168998997,2.241133393548,19.6,2.0,0.5695142149925232,0.8013975024223328,1.299999952316284,24.09000015258789,0.6911180019378662,233.8560638427734,119.8350448608398,49.1485,0.47,15878.0,356.18,8.5477,7.134794327171835,0.953,926.17,282.58702925891646,6.339075959279561,56.188,19.8872,18.41727,0.953,16.5223150965168,0.404246719542003,47.87,256107.0,6.0117218158366414,18.174131902767638,75.81414628139571,45012.0,32296.0,14288.0,6.990829016588316,9.211165561563142,9.211165561563142,1.5733199943233478,43.22460681495,0.04,0.02,0.0009958139037480583,-0.0029210860178573083,-0.0006183212288888129,0.005354554754099808,-0.0105325520678889,0.015385676607955248,-0.006207364923611748,-0.0013004939706297615,0.019449791573279068,-0.0010328535169828756,0.0003294059246545685,0.003488395843887702,-0.006694168629124761,-0.010734251389396373,0.0018294020120520182,-0.00020803000743035513,-0.0023548731656046666,4.85211319755513e-06,-0.005661439596384296,-0.002917392804753032,0.006437331047025506,0.00039077861665282997,-0.0013095513174775967,-0.0018044728750828646,0.0005788883351488044,-0.0011409708058927217,-0.004783583889715371,0.0028740005226572957,-0.00022003018797840603,-0.002281287209829316,-0.000965154591191085,-0.01671325202198932,-0.004132986444514242,-0.0010818043613107873,-0.0020324590037343964,0.00030063964542932436,-0.004552496650489046,-0.0003641940070083326,-0.0004986431889701628,-0.002843869302188979,-0.01152150509564672,-0.17651569750352064,-0.06041468157141935,0.28928691403823903
7.195,0.1055744224005,0.8829123922879,19.2,9.0,0.6498844027519226,0.90932297706604,2.099999904632568,25.35000038146973,0.7774583697319031,219.2985229492188,131.0,86.2176,3.9735,25523.0,815.0,31.1163,21.4397,6.37807,471.8666666666667,209.2032032524324,6.680273112515471,122.001,42.695,30.889,6.378066666666666,23.090604598202717,0.495701072671828,46.74,578032.0,13.2,34.4,52.4,70896.0,35317.0,22722.0,12.79694947845151,11.127680470035047,11.127680470035047,1.418914034866713,54.7,35.42,8.9,-0.02606548383878545,-0.013052117282524695,0.0029144742836942684,0.01741479404165875,-0.05845439973752945,0.08409867943311108,0.10098056896193885,0.01749936807015911,0.15434129986783957,-0.0037061198578448805,0.006157466186559763,0.00020304540777578705,0.0028231878923252185,0.04388648818340153,0.011054841250763276,0.0036691790897166454,0.002789662883151334,0.005616855752654365,0.002686902186833312,-0.008528032438713118,0.0261944136430975,0.01097443627135361,0.003124833222362203,0.0007777363443747132,0.0034616032628109585,0.02599285476095975,-0.0056030126269906695,0.004522383065894237,0.0012922990247607236,0.02456703529669903,0.0048748810183024075,-0.006849700433085676,0.009843378743971707,0.010083608171087693,0.03563780209806281,0.011289373610867187,0.0038296426945598787,0.009181434268248273,0.007557343538734146,0.016376861820695927,-0.013448405774310232,0.1622046460121637,-0.04557300875242799,0.28928691403823903
6.3,0.09579494426716,2.166593862461,19.1,15.0,0.4532485902309418,0.5795559883117676,1.0,27.6299991607666,0.513644814491272,241.7138519287109,128.9469604492188,69.4828,1.3569,21994.0,591.6353864032538,9.1363,9.5518,2.36,1603.85,381.11245884595394,10.251869457689375,57.71,25.24,23.82,2.36,23.245438704361963,0.4724934230642314,61.4,189959.29356481816,5.960707881876988,46.25281304491967,47.78647907320334,66835.0,38481.79,24326.61,8.747788017238738,6.746846249557248,6.746846249557248,4.849428335338578,73.3,0.3,0.000707107,-0.013775148816057481,-0.00345969352289103,-0.00021321562211961098,0.0048565061201807196,-0.008131803660071452,0.009375657664611934,-0.006207550494815222,-0.000905547099653637,0.025667547842720524,-0.0007458704697201071,0.00035142464330420074,0.001115120106609533,-0.0010468100056750674,-0.006841728102648633,0.00010499808622989334,0.001619694186840212,-0.0015001679441193146,-0.000637422975734805,-0.002175242689438167,0.00029348598094657436,0.0006875706864520907,0.0019282785874092981,-0.0016025235205888752,-1.1758891050704743e-05,0.0006836422145133856,-0.0034810969386016933,-0.0020783929356839514,-0.0012190597982844372,0.0034396248640259767,-0.007858348416746588,0.009503820311627354,0.000721690458129163,0.0014227152258390577,0.0005536623619263999,-0.010329931878484789,0.001884527370100845,-0.0068117127579171224,0.001781910376972518,-6.979987421073092e-05,-0.028559359068400226,-0.002799141647526991,-0.17591305544890928,-0.06685910054040141,0.28928691403823903
6.41,0.08634544989243,0.9901605200162,18.6,18.0,0.5740424394607544,0.876735508441925,1.600000023841858,26.56999969482422,0.751388430595398,289.1892700195313,131.0277252197266,102.81,1.7645,47925.0,843.0,43.5255,20.1416,18.38,35348.0,294.8686396357596,5.186734756660309,162.53,65.61,36.45,18.38,34.437046921982514,1.6325084864460302,44.34,791032.0,14.2,49.0,36.8,60352.0,33354.0,19580.0,15.09150601532647,12.226414519989854,12.226414519989854,1.982933986704912,73.72,42.47,20.880000000000003,0.009322768988204161,-0.028595672324299805,0.010635442405473405,0.08282065077521839,0.03391296994336883,0.10656593101820902,0.1261335327271372,0.017461784860002792,0.2820804907032288,-0.007435509587172429,0.006031570577295553,0.04019782589573878,0.03093582873558625,0.008317891319398751,0.015670786950387993,0.003111906932666908,0.012968657909194025,0.01868401386030019,-0.008286341283237558,0.06421041754039472,0.024290288951597173,0.0154644256650936,0.00946489440789447,0.004505259658209987,0.003113529332331377,-0.002771389500005145,0.058029503271100125,-0.0021601280615432205,0.030701241192175106,0.06063261076598429,0.07047113525378515,0.04994979474972931,-0.0023043915057787633,0.08705571509711449,0.18062557171995283,0.027265413526562032,0.06373864189162849,0.019299121611285986,-0.0024493425074033626,0.045987564002745805,0.08253700977354313,0.610248570197029,0.2505714574388694,0.28928691403823903
6.15,0.2126568435834,2.075193026483,28.6,69.7,0.5422480702400208,0.0557925328612327,1.799999952316284,34.95000076293945,0.092973805963993,287.2151489257813,132.8357696533203,126.195,0.9478,45899.0,1702.0,58.722,16.8508,16.87,882.0,223.4017181377917,8.284052468910467,205.455,93.926,30.942,16.87,33.16205965449566,1.7174502122943875,39.64,605389.0,14.2,42.9,42.8,42227.0,38884.0,17032.0,18.34775726355647,14.769191834162667,14.769191834162667,0.4028414498141264,119.4,4.23,3.17,-0.014457960873260161,-0.004916390118771234,8.692385861650778e-06,-0.005704753406636882,-0.012650386170425914,0.00824829250539187,-0.003216897475998845,-0.00340149371989537,-0.07482591009989846,0.009449235511885487,-0.00691023299458902,-0.011885824934928676,0.0020263330163434227,-0.00429535531363217,0.0015210567993926834,6.764011154882605e-05,-0.000522076284512879,0.0018944386951625348,0.0002595608491683365,0.0010269428477622572,0.002249029659433294,0.0018639103827299559,-8.849403995555096e-05,-8.85185068473252e-05,0.0011826449764776065,-0.0006016442183754342,0.006318136426212731,-0.0017214086367166675,-9.744766488438421e-05,0.0008422808712348354,-0.0019938827568548737,-0.0016016352676670102,-0.0009998091602465176,0.001160041009890851,-0.010020965363131833,-0.0006327219637460073,0.000661051163508092,5.701479100389487e-05,-0.0007443065306288153,-0.00012070565635803614,0.0030761022124206642,-0.1267563716796576,-0.041110590267286175,0.28928691403823903
6.375,0.226203811064,2.268647150833,28.0,354.1,0.3739136755466461,0.5626747012138367,1.200000047683716,33.47000122070312,0.5001397728919983,370.5200500488281,132.7790679931641,78.86,1.51,42101.0,1310.02,57.39,30.39,23.13,2283.8,239.6050310170167,7.455580217403678,175.70999999999998,75.89,47.08,23.13,11.640145980325425,1.1288686636714582,52.2,686334.0,16.06716086336319,29.95130135865117,53.98150854710848,36106.0,32559.0,16815.0,12.881572327495135,5.887189901806822,5.887189901806822,0.6001059414337037,94.45,10.29,1.16,-0.01301403109251987,-0.015014881375012917,-0.00012310559290927125,0.002878753928700461,-0.007841258024272975,-0.029206005842657756,-0.005235082079307176,-0.0007164190835319473,-0.024013303789193745,-0.0009293648627353856,0.014734389666409695,-0.011454315413488068,-0.0027912486715940725,-0.0018719557285658036,0.00026861836470198024,-8.389122376684125e-05,-0.0003825375465676165,-0.0013095294182421647,-0.0011401671895291683,-0.0002431429440621302,0.002820272633689456,0.00010478520940523806,0.00014535929262637966,0.0002161535930354114,-0.0014697694246424357,1.0767997591753544e-05,-0.007189335217000915,0.0001119122061645562,0.0011424008437898004,-0.001092338217888024,-0.00282994724519085,-0.0089647436698433,-0.001965513645263856,-0.002523732292349446,-0.00408028883382212,-0.0002850154298357645,-0.0010523819786612838,-0.0007604529545642438,-0.00029234796913806536,-0.003181913079926741,-0.003762686980189756,-0.09354406073922292,-0.05885970852331955,0.28928691403823903
6.545,0.1443703391467,1.448893289668,28.0,354.1,0.4328791797161102,0.4880608320236206,1.799999952316284,34.54000091552734,0.440448671579361,306.6544189453125,129.1849212646484,78.86,1.51,42101.0,1310.02,57.39,30.39,23.13,2283.8,239.6050310170167,7.455580217403678,175.70999999999998,75.89,47.08,23.13,11.640145980325425,1.1288686636714582,52.2,686334.0,16.06716086336319,29.95130135865117,53.98150854710848,36106.0,32559.0,16815.0,12.881572327495135,5.887189901806822,5.887189901806822,0.6001059414337037,94.45,4.8100000000000005,1.11,0.002658753740019165,-0.0006711343751521833,-6.02506921859463e-05,0.0022467002808116364,-0.006673014665371737,0.01426053750386927,-0.004019037103047587,-0.0037474046074785273,-0.04240661679545883,-0.0008927884114673355,-0.0030553926579887035,0.0033614265810465484,-0.0008929247119231116,-0.004602600986545443,0.0018802265600534162,0.0012668412247439865,-0.00011684472055640462,-0.002706262951833194,-5.090663349256422e-05,0.00010226541216252217,0.0026210773696075185,-0.00036234240722842327,-0.00033238920697476273,-0.00011889962910209017,-0.00023070266679860304,0.001374029734521177,-0.004744678383925928,0.00029618237330578557,0.0008117244666209465,0.0010432102953200216,-0.005548141923616636,-0.008580178871343375,-0.0033472193285124367,-0.000692172661423688,-0.003210331701789976,0.00035338206589221916,-0.0017315689013339588,-0.00020787377108354393,-0.00011676744988654204,0.0002253683737944821,-0.0034547439068555786,-0.1466511919148616,-0.07059648933226707,0.28928691403823903
6.245,0.1588374700712,1.276391951719,28.1,472.3,0.315296471118927,0.3112873136997223,2.599999904632568,31.51000022888184,0.2990298569202423,255.4457244873047,128.9045104980469,47.0,1.3107136824324324,36372.0,288.0,18.2749,8.0877,7.75,507.0,653.2327586206897,5.172413793103448,55.68,23.55,11.03,7.75,12.063693803924313,0.472838893581081,63.26,168105.0,10.1,30.6,59.3,59606.0,41956.5,25127.5,34.79581925675675,15.15646114864865,15.15646114864865,0.5191153820594531,50.55,7.32,4.84,-0.0020479605178115937,-0.004235934398020618,0.013411860271706249,0.015197135940426959,0.10107169844373129,-0.03348991975199898,-0.004321137389750226,-0.0031697996939765312,0.053385100427200086,-0.002904058376676398,0.01526046061946545,0.001938385406858291,0.0015958551814546779,-0.010806764673907307,0.011144808698096312,-0.016517012458527464,0.0018364719802048083,0.011694799861521468,-0.016479720838950006,-0.02014679298759438,-0.03426750531990546,-0.01250324816675856,0.0013823693661251953,-0.0009220910782460096,0.01131867147609591,-0.019540415519615637,-0.003670103920623663,-0.025142020809696984,0.006497187241562642,-0.014681321898824531,0.0050155124872690105,-0.011416208566981374,-0.0027657648163149097,0.008074874283280225,-0.02222003073245287,0.011612871271441692,0.027743730193469672,-0.0033396921136882073,-0.0024972313030157288,0.004469140844419598,-0.005039472028147432,-0.11506432757887523,-0.021660086607909756,0.28928691403823903
7.02,0.216094553184,2.214483648776,25.8,149.9,0.4290626347064972,0.1921222656965256,2.200000047683716,32.20000076293945,0.2036978155374527,244.8415679931641,129.0,156.26,3.7,71109.0,604.0,25.5392,19.687,6.87,4046.0666666666666,639.9701205079514,5.435907589570977,111.113,48.363,43.95,6.87,30.453854606755456,0.8473062281162614,50.12,299186.0,8.188156481532047,41.53969380882165,50.2721497096463,56528.0,34807.04,22100.67,29.449202691670408,16.989687864542002,16.989687864542002,4.19935794066213,97.31,1.1800000000000002,0.18,-0.0007623516251333024,-0.003232233886490565,-0.00026562457159161497,0.0030045472293859354,-0.013722444707469555,-0.02394176864559995,-0.004483293233439325,-0.0015765050577465454,0.023474501657648944,-0.0010647838970180602,0.0006016859998344375,0.002051557934843008,0.0037502829330041997,0.008660041276365521,-0.0018302832687040749,-0.0009083344994578454,0.0009794861456612109,0.002180015313206239,-0.0023891886888304714,-0.0014886792154284222,-0.010256715638330199,0.0007284450347069699,-0.0003832604567869576,0.0009923293391475444,0.0008238157650921557,-0.004203627086710188,-0.002794067204231394,0.0009120843078708262,-5.998171016107627e-05,-0.004000293064396827,0.0018865529379108949,-0.0012913893228396766,0.00020882370474282434,-0.0016997273756423961,-0.002760729463538157,0.00411206856439821,0.0006686746417544715,-0.0013037844767095565,-0.0006340899958740883,-0.010707763149519451,0.0014016232140129355,-0.18086583220609462,-0.06629287461075,0.28928691403823903
6.85,0.2044854036256,4.393743349293,27.4,161.7,0.4772187471389771,0.1235397160053253,1.799999952316284,34.18999862670898,0.1388000845909119,243.8013305664063,129.2899780273438,90.0226,0.7435,42621.0,380.0,29.4862,26.9367,6.0698,1695.8666666666666,337.6107982224757,3.0100678849520373,126.243,48.203,43.513,6.0698,23.893469695255813,0.8922933064271592,52.67,391262.0,5.5,42.2,52.3,87708.0,38644.0,23300.0,29.21013066820637,20.030529177502824,20.030529177502824,4.456108026187788,110.8,20.65,42.86,0.010876745949266492,-0.007829363983240908,0.001106457363814109,0.025892080796067623,-0.010356277775717895,0.10339804080454633,0.0035821329698665083,-0.006496868220157914,-0.11160444558819291,0.052445986376958895,0.026849871985497875,0.03009608090342953,-0.0028188644123729374,-0.01617418205284047,0.002425216012285089,0.0011749027052428557,0.00033371684246231715,-0.001959454954252579,-0.010495762375881904,-0.0017808240794111058,-0.0074415628926362744,-0.004679833159083499,0.0025980475628748696,0.003248219212866382,-0.006901086558005762,-0.020866127583081834,-0.004910763474414134,0.001298795094946395,0.005926729281083678,-0.003078088499372811,0.03965335503022651,0.005285559288575309,0.007388204490067435,0.005800069174030792,-0.015408139831386497,0.011831954354653123,0.019438140972866683,0.004127182791475195,0.00021654877660330917,-0.016977050094981676,0.005399328945321025,0.10606010647548829,0.24000306334823834,0.28928691403823903
7.109999999999999,0.2359938898278,2.381356845608,27.3,416.7,0.2698071599006653,0.1796951144933701,1.0,34.31999969482422,0.1937560886144638,249.9428100585938,131.9918212890625,94.5485,2.1563,46537.0,680.0,35.5076,21.2759,9.55653,702.0666666666667,383.5888559182328,5.60501153972964,121.32,51.283,28.768,9.556533333333334,22.96171465687948,0.7568755271663641,40.05,477450.0,5.7139813203593866,53.40210944990944,40.88390922973117,54771.0,36208.0,22771.0,14.874310622850874,16.990620933097066,16.990620933097066,2.7751741163370838,74.2,22.8,16.61,0.00418797244678717,-0.0071060342391720075,0.0003201405782019717,0.012827384624746635,0.04948186068132055,-0.07552439060923644,-0.005399522783118308,0.0016507764139678457,-0.08386941619846039,-0.0034985423225443735,0.012179104513954372,-0.05132329452375415,0.0005132162726949844,0.0016768412694800673,0.0012161831854609687,0.011988427043426775,0.00990241947339382,-0.0005306327365105973,0.00699289428989869,-0.0008968658915255098,-0.00031636526156217094,-0.0021063947365619158,-1.7277352046220217e-05,0.010958663469064057,0.001913792103063318,0.011068442955031064,0.012425437065656297,0.01274546504078898,-0.0025011091394117153,0.00028742642677388465,0.022912962283822703,0.016230328910402027,-0.0011132046434795498,-0.0013641961492830922,-0.0027742686710553245,0.0011198696682695297,0.003967509119887834,-0.0011204485201742552,-0.002156652579898946,-0.009988913798704745,-0.004392170339589935,0.004489556208718569,0.03514542100869585,0.28928691403823903
6.855,0.04223930043189,0.4588025554773,25.7,191.4,0.3535537421703339,0.4277059733867645,0.8999999761581421,34.5099983215332,0.3921647965908051,275.0,128.1002197265625,69.4828,1.3569,21994.0,591.6353864032538,9.1363,9.5518,2.36,1603.85,381.11245884595394,10.251869457689375,57.71,25.24,23.82,2.36,23.245438704361963,0.4724934230642314,61.4,189959.29356481816,5.960707881876988,46.25281304491967,47.78647907320334,66835.0,38481.79,24326.61,8.747788017238738,6.746846249557248,6.746846249557248,4.849428335338578,73.3,0.00106066,0.000707107,0.002364298268803396,-0.004096634584595445,-0.0013935172130586555,0.002026805259985852,-0.007781260554096664,-0.007414890169398863,-0.0026292215322610015,-0.000374975261860528,-0.043636574849253526,-0.0005940801574615767,-0.006100118130794729,0.0038841608914081047,-0.0009490414505125942,-0.001830926350899971,0.002444010187173264,-0.00018681538547389126,-0.0004980444726534197,0.00023901802499312776,-0.005868182550882921,-0.0008528877308126521,0.0013634263745043447,0.0012872001345967904,-0.0011321943346410952,-0.001327524155029095,0.0010267970709828662,-0.0029540755981579407,-0.0010944914177525794,-0.0020630995029350765,0.0002007113770814637,-0.001005956778186375,0.001958081910386687,-0.0013219067200552661,0.0010759265064261847,-0.002920226126327175,-0.0020022601768141593,0.0005096025626407917,-0.004007481680600904,-0.0003447216388303795,-0.00018887656927108802,-0.014479242751607672,-0.0033160527646541615,-0.12898820574209094,-0.054218458685791115,0.28928691403823903
6.73,0.1313806613633,1.671253791192,26.8,350.2,0.5449880957603455,0.5738555192947388,2.200000047683716,32.75,0.5090844035148621,218.3512725830078,128.90185546875,97.153246,1.5051,22704.0,603.4405868680999,11.4219,8.4222,5.82,881.58,371.52675503190966,9.874661869875633,61.11,25.96,23.28,5.82,24.614949908569734,0.4775021872663257,65.5,193424.9506420834,3.786310606464182,52.02179642033601,44.19187938339238,90072.0,39502.4,26966.29,10.53622467854088,6.818367587891776,6.818367587891776,8.389512313189808,82.8,1.6,0.3399999999999999,0.004231866455986164,-0.005691295037278904,-6.564978545066059e-05,0.003873900647391569,-0.008683837591903276,0.007869754596729759,-0.005216243580915032,-0.002066190331475817,-0.021782691924716345,-0.0009073283774778234,0.00481563451769762,0.0033462939898017763,0.0011342942430637786,-0.001488112712162547,0.0010685891885077656,0.0002366404628846767,6.143164553213529e-05,0.0008772520942147853,-0.0017527699983911544,0.0012125821281224497,0.0013127982286969219,-0.0003235693259630315,-0.0013446121688466526,-0.00019113664107862617,0.0010138104095822197,-0.0016062750935088841,0.001512528920429758,-0.002539890681626275,-0.0006257288024062261,-0.005072175765875731,-0.009894490210805091,-0.0014061900884844438,0.0016225388369057383,-0.001986020307522266,-0.004365909489686601,-0.0015662322749849435,0.00048749551118816814,-0.00033140192751306195,-0.0006728588348487365,-0.027231123796431344,0.0015149413789622443,-0.1612137548632454,-0.0550416037843097,0.28928691403823903
6.675,0.0339474408782,0.3884056913313,27.4,361.9,0.3381420075893402,0.3199940025806427,1.299999952316284,34.56000137329102,0.3059951961040497,242.6983489990234,130.4543762207031,63.2664,0.9452,27886.0,444.3569145845439,12.4604,9.594,4.24,5126.7,578.0679933665008,9.211378826379432,48.24,20.1,16.14,4.24,19.43094720323031,0.6227563491270615,69.0,193368.9479159194,3.5451066319090208,42.50639508474981,53.94849828334116,69659.0,40079.96,28518.51,16.15424853850087,8.892486399593126,8.892486399593126,7.63752247452101,120.4,0.93,0.61,0.0012683768628630784,0.09656297851889394,-0.0009409677870571669,0.006327995004365222,-0.010650365057808812,-0.012196896635461602,-0.003998782619950363,-0.0012796558995032666,-0.026405115105793815,-0.0016821347557706792,0.004573049277532841,-0.0016648899669526058,-0.0022530335964402203,-0.003522635811765208,0.0041766129805473635,0.0030850758772576195,0.0029167541916249387,0.0058769091575522885,-0.0011995707411551844,0.0015717198839411126,-0.011180335988872681,0.007058053961489346,0.008558362185489395,0.00018837244214955847,0.009734593218774535,-0.003014802529360164,-0.0013727145999437203,0.0013990275828400594,-0.0005781197530450248,-0.004443900960148314,0.00923199911403936,0.0025135788115439915,-0.0028082425161264865,-0.011363902934244836,-0.008784907547291372,0.0002609886962454712,0.00018801380589138217,-1.1973418237174166e-05,-0.0005240947254933403,-0.03182957369543147,0.0051190758909215265,-0.164427088249824,-0.08159923505800543,0.28928691403823903
6.835,0.0723150022842,0.8170048577893,27.3,533.4,0.478956401348114,0.4987780153751373,1.399999976158142,35.33000183105469,0.4490224123001099,242.5231170654297,133.0,69.61883,3.1667,31295.0,362.9812608948286,7.9764,10.4369,25.54,1008.69,431.0012394986916,4.999053310767506,72.61,11.98,17.16,25.54,29.247120158096035,0.4441104259190304,62.5,205105.42621421916,6.613355601948504,25.327743910925538,68.05890048712597,63992.0,36649.66,25491.99,8.611711314748359,6.341558665661586,6.341558665661586,2.4926882667224866,70.9,38.74,18.97,0.05619168953876943,-0.02629192240035627,-0.0043799145694356474,0.01733259635092694,0.19362893565359993,0.07681050475960365,0.002625099806580697,0.0009826501808129246,-0.4349716542476091,-0.004420585796004156,0.03713017149828375,-0.06939996546751352,0.0014098677186993648,0.11551958024443594,0.022160239081480543,-0.004459490224020557,0.023706481853732815,0.09187842477601955,0.04249415574246085,0.011663115404080614,0.058310947509598955,-0.005746924049220982,-0.00028935681085567324,0.0059128713599639155,0.05426532366639003,0.03722238091775217,0.07921644397056662,0.016769133176363547,0.02222109622310381,-0.02200995513575619,0.09512718386895722,-0.038195656046038494,0.033816296777164113,-0.0020262019824003803,-0.004398474622285001,0.04371033029479443,-0.01543322779296433,-0.0002153600259917038,0.005390655490918994,-0.014292516634101055,-0.010045824974542492,0.36243959671293846,0.20892640665522774,0.28928691403823903
6.535,0.1020147377599,1.311680485782,28.1,406.5,0.495362788438797,0.5626463294029236,1.5,34.83000183105469,0.5001170635223389,126.0672454833984,85.59015655517578,2.90776,0.115,1588.0,7.908338175479372,0.089,0.2026,3.98,913.13,329.46058091286307,1.640734061302774,4.82,0.14,0.34,3.98,1.9414835306710216,0.2504382101047163,73.3,43717.2909103953,2.133822472423064,34.05945495650095,63.80672257107598,57754.0,39953.37,32733.15,7.989646389078048,3.576066916726457,3.576066916726457,2.2858259152713347,56.1,0.26,0.000707107,0.0022467681309208355,-0.004584794148802756,-5.5319061735643145e-05,0.003070898086938537,-0.009283106619725005,0.012411511518293993,-0.004237442568410191,-0.0005762929489137572,-0.03347138308809372,-0.00046852591948118115,-0.0014061755178845475,0.002990895641851248,-0.0075190476245479655,-0.009626540177559945,-0.0016106335071381186,-0.0030056037326576233,-0.0003004733442794585,-0.007286549261538311,-0.001877262939931821,-0.0013066447327146282,-0.0010066327680833646,-0.0018924555308185472,-0.009442498294170949,-0.0029320244661066664,-0.005717325380537656,-0.0049419825553195604,-0.0017857380189234343,-0.00660783324681688,-0.0033383125457912667,-0.013321982760331596,0.0034308400930603946,-0.004697485944139776,-0.0034885416022734685,0.0010290676953736736,-0.013563878544606268,0.00364289656921755,-0.010038147204031705,0.0021278234372148278,0.0019769698639865974,-0.0019485684736864624,-0.012630205412860964,-0.09644084064580967,-0.039680373166746,0.28928691403823903
5.555,0.2521590479137,2.278178500774,3.8,17.0,0.2121531069278717,0.277606874704361,0.449999988079071,8.529999732971191,0.2535617649555206,287.2151489257813,132.8357696533203,126.195,0.9478,45899.0,1702.0,58.722,16.8508,16.87,882.0,223.4017181377917,8.284052468910467,205.455,93.926,30.942,16.87,33.16205965449566,1.7174502122943875,39.64,605389.0,14.2,42.9,42.8,42227.0,38884.0,17032.0,18.34775726355647,14.769191834162667,14.769191834162667,0.4028414498141264,119.4,66.28999999999999,14.61,0.05632763599185274,0.037991793614230114,0.0010879577423911519,0.001432527803350256,0.027962279279367053,-0.06822856130672153,-0.014484037581249146,0.00965495932882185,-0.16552556656603704,-0.006405659063020733,-0.012804224117076952,-0.025351556431385692,0.017754843655275188,-0.015661354723852137,0.008119474157108921,0.006979612758383135,0.008020217153127285,0.005098708109813749,-0.003147512934869143,0.003857195117976525,0.022464871770818722,-0.0026663916630204785,0.012202508202288301,0.013714048041962084,0.009282885613851235,-0.0064404616483952765,0.06326030349149367,0.003266048368532222,-0.0036860862554749436,0.014032918710727243,0.025628915718989453,0.015142658107448368,0.006366116780322057,0.004986863977741454,0.01485724021028725,0.0020231868998380476,0.028482775516458773,-0.0013401102343341242,0.00037812724034304025,0.05828865183389283,0.08353828932112084,0.41051389918965286,-0.043330311397789055,0.28928691403823903
6.1,0.2302912650946,2.440129807002,3.3,21.0,0.3015008866786957,0.4831761121749878,0.699999988079071,8.09000015258789,0.4365409016609192,370.5200500488281,132.7790679931641,78.86,1.51,42101.0,1310.02,57.39,30.39,23.13,2283.8,239.6050310170167,7.455580217403678,175.70999999999998,75.89,47.08,23.13,11.640145980325425,1.1288686636714582,52.2,686334.0,16.06716086336319,29.95130135865117,53.98150854710848,36106.0,32559.0,16815.0,12.881572327495135,5.887189901806822,5.887189901806822,0.6001059414337037,94.45,18.28,11.73,-0.018200104581890624,-0.012614475502923597,-5.656144930978741e-06,-0.009815740987076427,-0.002270335212233473,-0.02024243939761072,-0.005085031305672602,-0.0002491449990775421,-0.058187035100592754,-0.001038373715011399,0.010835493676131595,-0.020847031331970352,-0.0018038057583617075,-0.006082581885508261,-0.0008805776758235853,0.0002887338100699708,-0.000577345807221717,-0.0003166044476092834,-0.0006003052943851766,-0.0010870015171822152,0.001974965623347086,-0.0008166975177591681,-0.00012865275307558116,-0.0006392203726572922,-0.0012889899009605843,0.0012067501350538801,-0.008225483118905684,9.932585142086812e-05,0.0012295560318743807,-0.00028876926121301674,-0.0021096786392154196,-0.005138538409955798,-0.004750133915920744,-0.001345206740195864,-0.0031008019148139345,-0.0006794140075799056,-0.0010419560425216352,0.00017890731024090609,-0.0013968008664669504,-0.0017012052939971906,0.0024110885473201046,-0.08197168017725927,-0.02846282697666902,0.28928691403823903
6.49,0.1605837784232,1.544346997286,3.3,21.0,0.3203232288360596,0.5338107943534851,0.6499999761581421,7.849999904632568,0.4770486354827881,306.6544189453125,129.1849212646484,78.86,1.51,42101.0,1310.02,57.39,30.39,23.13,2283.8,239.6050310170167,7.455580217403678,175.70999999999998,75.89,47.08,23.13,11.640145980325425,1.1288686636714582,52.2,686334.0,16.06716086336319,29.95130135865117,53.98150854710848,36106.0,32559.0,16815.0,12.881572327495135,5.887189901806822,5.887189901806822,0.6001059414337037,94.45,45.62,26.130000000000003,0.010353237842442464,-0.0036969670474063464,0.0012052443361608156,-0.025140410309424634,-0.0011124607572564782,-0.008044845453812741,-0.013611009518033818,0.0032542994848918177,-0.11209377596830014,-0.004049576081219128,-0.0022631732630543355,0.012627509619924242,-0.007992489522555856,-0.025929620528477238,0.002675737574463685,-0.00339241486834361,0.0015701228438410818,-0.0004441347667016371,-0.006743670252617437,-0.005377131779096103,0.009714151676394972,-0.015920940993702976,0.0025424660970456785,-0.0019917742888210313,-0.0032203621297376196,-0.005545521467225614,-0.02054684593959247,-0.0030198675110005013,0.00128684914496264,-0.004481178984395234,-0.01341719511174597,-0.02045199393178336,-0.009795331465196788,0.0006607157408725584,0.010844636502675722,-0.0008150555324973275,0.0024161532917059856,-0.001423947140458029,-0.00046944544662255727,0.010989398976787943,0.011635583765688365,0.3764319372063036,0.147545177888358,0.28928691403823903
6.615,0.2498670891447,2.540322618316,3.9,31.0,0.2856614589691162,0.474615067243576,0.5,9.329999923706056,0.4296920597553253,255.4457244873047,128.9045104980469,47.0,1.3107136824324324,36372.0,288.0,18.2749,8.0877,7.75,507.0,653.2327586206897,5.172413793103448,55.68,23.55,11.03,7.75,12.063693803924313,0.472838893581081,63.26,168105.0,10.1,30.6,59.3,59606.0,41956.5,25127.5,34.79581925675675,15.15646114864865,15.15646114864865,0.5191153820594531,50.55,11.98,1.05,0.0005037269962485915,-0.013238868637941773,-0.0002004670418100487,-0.0043241989472881,-0.009933549753506665,-0.01969406934082508,-0.004159857678925618,-0.0009195356476120675,-0.046822687497944576,-0.00120151982421521,0.002386430253274739,0.0019518817693460748,-0.0060496053352253505,-0.004699924551649019,0.0015543100562645106,0.0005127497838111596,-0.0009114048319170204,-0.0005159919736906864,-0.0025282120155170583,-0.0025789329840335993,-0.008725311983958817,0.0022220021450193622,-0.0014563660121057176,-0.0004537176819285354,0.00042662092612590595,-0.003888237577979453,-0.002959960878128185,-0.00011377041612285941,0.0013068288473878041,-0.005561605339637031,-0.0009975740195950517,-0.006335831526550465,0.0015504165519960277,0.0007523148057516643,-0.027929685372859236,0.002705188811058176,0.004378899330156859,-0.0011054178419290105,-0.0018289142694557052,-0.0010314687537029386,-0.008956185623537748,-0.07389171658991836,-0.04400813714310061,0.28928691403823903
6.705,0.2523850853452,2.438119775099,3.8,6.0,0.2356555312871933,0.3786807954311371,0.300000011920929,8.529999732971191,0.3529446423053741,244.8415679931641,129.0,156.26,3.7,71109.0,604.0,25.5392,19.687,6.87,4046.0666666666666,639.9701205079514,5.435907589570977,111.113,48.363,43.95,6.87,30.453854606755456,0.8473062281162614,50.12,299186.0,8.188156481532047,41.53969380882165,50.2721497096463,56528.0,34807.04,22100.67,29.449202691670408,16.989687864542002,16.989687864542002,4.19935794066213,97.31,8.620000000000001,3.4,0.0009923274368047693,0.001972361341118816,-6.151881383266436e-05,-0.003742744389572182,-0.013360315629164694,-0.028528121248702527,-0.0036473738165805096,-0.01554453608801123,-0.044094220022670924,-0.0007446000674972336,0.00023499388527125319,0.0014475759858032734,-0.000767936736228874,0.009249160206993111,-0.0008453632956370706,0.0015308330781990652,-0.00041892039100639136,0.0005829841032391386,-0.004420717095723376,-0.0009514640094712369,-0.011941618933691639,-0.001245360425440591,-0.0004716195331420722,-0.0003924051031935933,-0.001604048131033779,-0.003057603150606159,-0.0010197328871581648,0.0006139673037687326,0.0017508626015624064,-0.001050099021405914,0.0022079755483428052,0.0004232342346804232,-0.0008811883855378217,-0.0004710322681348759,-0.0060328256196808105,0.0007251569945365158,-0.0053789709206903385,-0.0022796114586526523,-0.0012972355175297728,-0.005495780148310587,0.0028796001317678054,-0.11144504731323104,-0.03857542538980488,0.28928691403823903
6.83,0.1606819690298,2.347291146801,3.4,7.0,0.1968807429075241,0.4173991978168488,0.4000000059604645,7.550000190734863,0.383919358253479,243.8013305664063,129.2899780273438,90.0226,0.7435,42621.0,380.0,29.4862,26.9367,6.0698,1695.8666666666666,337.6107982224757,3.0100678849520373,126.243,48.203,43.513,6.0698,23.893469695255813,0.8922933064271592,52.67,391262.0,5.5,42.2,52.3,87708.0,38644.0,23300.0,29.21013066820637,20.030529177502824,20.030529177502824,4.456108026187788,110.8,1.28,0.6,0.0003675760399783082,-0.0018213406730210324,0.000155639043194243,-0.0028620349358534415,-0.004868056633102246,-0.020326659466954878,-0.004302640982903541,0.0008785632813815017,-0.03233383256924573,-0.0007290922085521742,-0.00039264873956562727,0.0015628195310709986,-0.0006119585217675162,-0.003691053752205328,-0.00020728257892187532,-0.00044642773561645154,0.0017865876340074493,2.4200470536018876e-05,-0.0031018160509411244,-0.0014535074784653207,-0.0005777883495320556,0.0036313256964785982,0.00032052998204017407,-4.160911717917652e-05,-0.0006163676137221068,-0.0015984820483718042,-0.0049144525472074796,-0.0007936691151699012,0.0011319247970823182,-0.0020567050126846904,0.00199030528741423,0.0005585904962499635,0.000780920214368963,-0.0020490683704265404,-0.00640194302482996,0.003234353612875565,0.007815264706267038,-0.0019089491405757165,-0.0028920940532116248,-0.02137680249882396,0.0027438449090113866,-0.14673501177731668,-0.04522885203320766,0.28928691403823903
6.869999999999999,0.1145043187526,1.247618436804,2.5,13.0,0.1359676569700241,0.2386392802000046,0.2000000029802322,7.710000038146973,0.2409114241600037,249.9428100585938,131.9918212890625,94.5485,2.1563,46537.0,680.0,35.5076,21.2759,9.55653,702.0666666666667,383.5888559182328,5.60501153972964,121.32,51.283,28.768,9.556533333333334,22.96171465687948,0.7568755271663641,40.05,477450.0,5.7139813203593866,53.40210944990944,40.88390922973117,54771.0,36208.0,22771.0,14.874310622850874,16.990620933097066,16.990620933097066,2.7751741163370838,74.2,13.32,14.22,0.0015804939796216764,-0.004450420638313515,-0.0010685394722968345,-0.03198463493864983,-0.01363879917841405,-0.030253691918449475,-0.004087704382138322,-0.009304154681391077,-0.05502759852993768,-0.0008151324635837237,0.0006393274333095195,-0.017631707544671367,-0.0014454665811499596,0.0015456494229729295,0.0015291241294471548,-0.0007602413358399616,0.00034945190860890066,0.0012174921864643736,-0.002085181782254951,2.5576951156834833e-05,-0.0018336494814138841,0.0001757774375146254,-0.0003039515692507836,-0.0004401284605264714,0.0012413088218308967,-0.0011183351023355498,-0.002863987728487702,0.00243326612992678,-0.0015516084374394266,0.0003586239797296053,-0.0013223907893989265,0.0022427050264086593,0.0005853305674390822,0.0002854273697594152,-0.006432796835317269,-0.000917241269955409,0.0012043204457731851,-0.002284077360178351,-0.002164443371701055,-0.004803756975918075,-0.005972372037707825,-0.07656758351426107,-0.020385432053240945,0.28928691403823903
7.215,0.102587099731,1.127128519816,3.3,7.0,0.1354595273733139,0.2337662279605865,0.2000000029802322,7.46999979019165,0.2370129823684692,275.0,128.1002197265625,69.4828,1.3569,21994.0,591.6353864032538,9.1363,9.5518,2.36,1603.85,381.11245884595394,10.251869457689375,57.71,25.24,23.82,2.36,23.245438704361963,0.4724934230642314,61.4,189959.29356481816,5.960707881876988,46.25281304491967,47.78647907320334,66835.0,38481.79,24326.61,8.747788017238738,6.746846249557248,6.746846249557248,4.849428335338578,73.3,0.00106066,0.000707107,-0.0018842364819720368,-0.005022626343881709,-0.0013150043758796567,-0.002767166790436016,-0.0035054813699098297,-0.028729823786299673,-0.004110259182285521,-0.005037600066163578,-0.040997785629238934,-0.0007239586774958293,-0.003970358341175597,0.004173549362225457,-0.0008844785628607504,-0.002041232199990193,0.002229017745703457,0.00019768603856209262,-2.8915852773933517e-05,0.0010498205490293896,-0.001818007917958309,0.0006290791606297733,0.000504677190328952,0.002067834681249222,-0.0012357637948589404,-0.0010894221265334637,-0.0003459582130890339,-0.00018673754751216465,0.00021848212560871515,-0.00020369109557941682,0.0013285336886765414,-0.006469665278098539,0.005282595763914284,-0.00041197225998621087,0.0006134728569304586,-0.0009549961006268855,-0.006542595404200255,-0.002702450087992473,0.000617309716297313,0.0007677459369879213,0.00011755708639975488,-0.029161340412916615,-0.0028773846945259708,-0.12009674002067186,-0.03214150301058544,0.28928691403823903
6.885,0.1148724190189,1.302710603876,3.1,6.0,0.2831749320030212,0.5371334552764893,0.550000011920929,7.849999904632568,0.4797067642211914,218.3512725830078,128.90185546875,97.153246,1.5051,22704.0,603.4405868680999,11.4219,8.4222,5.82,881.58,371.52675503190966,9.874661869875633,61.11,25.96,23.28,5.82,24.614949908569734,0.4775021872663257,65.5,193424.9506420834,3.786310606464182,52.02179642033601,44.19187938339238,90072.0,39502.4,26966.29,10.53622467854088,6.818367587891776,6.818367587891776,8.389512313189808,82.8,4.0600000000000005,0.8300000000000001,0.0018657896150834886,-0.003713982598506848,-1.704845542553563e-05,-0.023326031377888284,-0.009965970583842135,-0.018236245886073445,-0.004148727771535054,-0.00027588197169825643,-0.03313283995311941,-0.0008466069643618534,-0.002562689860409588,0.0005964045955333878,0.00011206430685706595,-0.0021817020887392605,0.00019198128388961776,0.0013550073772785232,0.0006030306847533192,0.0029047901807352917,-0.00350825121672824,-0.0004660246389685217,0.0009737177083152303,0.0009422130050370523,-0.0007495305672055124,-7.402326050213923e-05,0.00034108992456458373,-0.0012582357154460656,0.0022930824594804998,-0.001681739032035694,-0.0012016367157921134,-0.0038920924776466594,0.003932552971760744,-0.002788447930244727,0.00037741621810709683,-0.0018527839025482516,-0.011429374863044356,0.002657764911185955,-0.0028960133764194293,-0.0008171897948486684,-0.001999455304990982,-0.014490239244245456,-0.0009769644157495375,-0.11692281854373868,-0.04115827986632938,0.28928691403823903
7.015000000000001,0.07736614263897,0.9251703495411,3.0,14.0,0.1248723119497299,0.2005982398986816,0.2000000029802322,7.369999885559082,0.2104785889387131,242.6983489990234,130.4543762207031,63.2664,0.9452,27886.0,444.3569145845439,12.4604,9.594,4.24,5126.7,578.0679933665008,9.211378826379432,48.24,20.1,16.14,4.24,19.43094720323031,0.6227563491270615,69.0,193368.9479159194,3.5451066319090208,42.50639508474981,53.94849828334116,69659.0,40079.96,28518.51,16.15424853850087,8.892486399593126,8.892486399593126,7.63752247452101,120.4,0.65,0.000707107,-5.164849106222384e-05,-0.008317993317614307,-0.0013126231138594427,-0.02625589569855947,-0.007644744552613704,-0.02461292859842069,-0.0035538118963595483,-0.008166760417108888,-0.02879024065675912,-0.0005139092002064025,-0.0004959710160619579,0.0006604692536639036,-0.0028965757810510717,-0.0034783862312324334,0.0011531483394210157,-0.0008181848934036666,-0.00026659251766977967,-0.0008358511589467479,-0.0036314130551181726,0.00046270851616281793,-0.0033827523022191574,0.0023162376852706055,9.684728155843656e-05,-5.899170110933195e-05,0.001062275800621138,-3.461650572718529e-06,-0.0010857934847008355,-0.0014053597880993014,0.001450191564508718,-0.009994743133429433,0.013509103197895455,-0.0009248545952141287,-0.0008212236759718487,-0.0028967498486745158,-0.013443814436614049,0.0013636357916984724,0.0005893216854892679,-0.0004756126075517415,-0.00015368852473329983,-0.02376760802522767,0.00470106371724978,-0.09915700327104424,-0.03556428377388511,0.28928691403823903
7.12,0.05211915154462,0.6050561967567,2.7,4.0,0.1649818420410156,0.2946636974811554,0.4000000059604645,6.630000114440918,0.2857309579849243,242.5231170654297,133.0,69.61883,3.1667,31295.0,362.9812608948286,7.9764,10.4369,25.54,1008.69,431.0012394986916,4.999053310767506,72.61,11.98,17.16,25.54,29.247120158096035,0.4441104259190304,62.5,205105.42621421916,6.613355601948504,25.327743910925538,68.05890048712597,63992.0,36649.66,25491.99,8.611711314748359,6.341558665661586,6.341558665661586,2.4926882667224866,70.9,24.3,1.1,-0.01284239148162305,-0.006627998223295436,-0.0030773117120843413,-0.028126239246688785,-0.01218012335605454,-0.037683888129191476,-0.004591298364219261,0.00017873675015289144,-0.05104686952382326,-0.0009019034784287234,-0.001289190262323246,-0.013265673937625252,-0.0009085609114263188,0.0045097217367729165,0.002264441501814871,-9.178838098887476e-05,-0.001364510724088178,0.0008679524238104951,0.0009682136177434576,0.000634841404855254,-0.001897914222907272,0.0006365876098861934,-0.0007452532410388799,0.0003136119242990396,0.00036228177393786925,0.0005134093196829875,0.0058944883068324985,0.00037414745899150254,0.0008305395771749354,-0.0035821164547232913,0.0015193421506555765,-0.010753459112718702,-0.0031710072928690354,-0.001332092555705451,-0.0041877811552258224,-0.001101250933832488,-0.0017441417548689053,-0.0002212221689987884,0.001278133497922684,-0.008517424821271559,-0.004289505942258978,-0.05936272370413644,-0.03217700985900592,0.28928691403823903
7.095,0.1885120006796,1.781521666372,3.8,3.0,0.1531119793653488,0.2633763253688812,0.2000000029802322,6.300000190734863,0.260701060295105,126.0672454833984,85.59015655517578,2.90776,0.115,1588.0,7.908338175479372,0.089,0.2026,3.98,913.13,329.46058091286307,1.640734061302774,4.82,0.14,0.34,3.98,1.9414835306710216,0.2504382101047163,73.3,43717.2909103953,2.133822472423064,34.05945495650095,63.80672257107598,57754.0,39953.37,32733.15,7.989646389078048,3.576066916726457,3.576066916726457,2.2858259152713347,56.1,0.62,0.000707107,-0.0040393675296800215,-0.00519955750391818,9.537939296569482e-05,-0.003456404327764173,-0.0062442858854192314,-0.027532194321393033,-0.003953449317312334,-0.007362241315306159,-0.028237278995569798,-0.0005859609346371183,-0.004468655660748479,0.002444885647157202,-0.014068968170147855,-0.003302792789298113,-0.001639547670667527,-0.0009629776078509181,-0.0015896912892349024,0.0004612188303726733,-0.002349435750511474,-0.0005747582119656786,0.0003570674557704548,0.002235013867320965,-0.0021909496628213674,-0.003409639109042473,-0.0008573854099959142,-0.006608052007097279,-0.001093589714961122,0.00052673008712009,0.0019831170057877856,-0.006839842758257874,4.7467651893386275e-05,-0.002283947775373235,-0.003644151283719109,-0.0007042216695845107,-0.008001357612141869,-0.0015161304526263874,-0.0017227420326089492,0.001495003233139873,0.0005852220449014501,-0.006191784504568207,-0.009631078389473264,-0.08601805643580156,-0.041280433282139706,0.28928691403823903
6.32,0.1405047339064,1.54002453671,19.1,28.0,0.6302679777145386,0.765863835811615,1.700000047683716,25.14999961853027,0.662691056728363,287.2151489257813,132.8357696533203,126.195,0.9478,45899.0,1702.0,58.722,16.8508,16.87,882.0,223.4017181377917,8.284052468910467,205.455,93.926,30.942,16.87,33.16205965449566,1.7174502122943875,39.64,605389.0,14.2,42.9,42.8,42227.0,38884.0,17032.0,18.34775726355647,14.769191834162667,14.769191834162667,0.4028414498141264,119.4,27.21,24.14,-0.047249240187928074,-0.003374325054464858,0.0005244704292854286,0.015438088106457134,-0.0193644549555611,0.06261099295748862,-0.014834193668328218,0.001258178328862425,0.06736716528667604,-0.00455215189093725,-0.021273846530006264,-0.021861780901032024,0.005060058978095183,-0.008815518941846673,-0.0004139387127943345,-0.003724946608883337,0.00283281936158892,-0.005586972477380184,-0.01170560821751133,0.0008461789673892828,0.016825293466565194,0.005284866483649247,0.0046864465943072,0.001680559150059696,0.0013458750192076123,-0.0014016040489077646,0.01959814188349991,0.0027543766475282535,-0.010548281044466428,0.0017188916348386597,-0.004618401874788106,0.002390919691766602,-0.005982929184217922,0.0009882498400984319,-0.03087848486402072,-0.001971610877080826,0.006113445312366827,-0.006595521324197754,-0.006959139306098228,0.013054535662173303,0.015890076863346626,0.05407528828456998,0.0645302336739842,0.28928691403823903
6.46,0.4073399839378,4.242409041675,18.3,32.0,0.6186338663101196,0.8797546029090881,3.0,23.60000038146973,0.7538036704063416,370.5200500488281,132.7790679931641,78.86,1.51,42101.0,1310.02,57.39,30.39,23.13,2283.8,239.6050310170167,7.455580217403678,175.70999999999998,75.89,47.08,23.13,11.640145980325425,1.1288686636714582,52.2,686334.0,16.06716086336319,29.95130135865117,53.98150854710848,36106.0,32559.0,16815.0,12.881572327495135,5.887189901806822,5.887189901806822,0.6001059414337037,94.45,30.03,5.96,0.010322103369282552,-0.013327575363568035,-0.0019652703042374988,0.019054713953402826,-0.02076520393230021,0.05034636732982471,0.045782899546436974,0.01182942289824133,0.0779130576546886,-0.0028935320945456615,0.04267865542217624,-0.020293514964345373,-0.005891369756194767,-0.020918385647819383,0.00024518783879467766,-0.0016462845508940505,-0.0007507901025237601,-0.004266299669747236,-0.004848650111118324,-0.0024583511197706688,0.0071006374086719,0.0019398424230748807,0.0008064560071797955,0.0014850690462626464,-0.001728192828595651,-0.008218504973920057,-0.024320489834644837,-0.007777245484758166,-0.002418916035559976,-0.00811526341107674,-0.011552159660146569,-0.014981678721262142,-0.006978471599519262,-0.00541395960608497,-0.024093857009080233,-0.0009699653835268773,-0.006385177650372495,-0.0019440161790698824,-0.0026754337507300108,-0.0176892526920419,-0.010383876816951665,0.14525970422744286,-0.02762577349843922,0.28928691403823903
6.76,0.1383364927277,1.36151947826,18.3,32.0,0.6368365287780762,0.8975669741630554,2.400000095367432,24.67000007629395,0.7680535912513733,306.6544189453125,129.1849212646484,78.86,1.51,42101.0,1310.02,57.39,30.39,23.13,2283.8,239.6050310170167,7.455580217403678,175.70999999999998,75.89,47.08,23.13,11.640145980325425,1.1288686636714582,52.2,686334.0,16.06716086336319,29.95130135865117,53.98150854710848,36106.0,32559.0,16815.0,12.881572327495135,5.887189901806822,5.887189901806822,0.6001059414337037,94.45,39.64,10.96,0.010566789839649562,0.004877288992516696,-0.0024049148462945537,0.02877313948166556,-0.02596496962034145,0.04741846656659616,0.0882799329526024,0.0026347390043083645,0.10790137265168598,-0.0041636329886969164,-0.0029966848295880366,0.007990538618294527,-0.013626837306190307,-0.029549953286536028,0.00454414268094116,-0.0007455029748380249,0.0015015349538298334,0.00034390517068096094,-0.009360357908299182,-0.0037930522714741317,0.004627292763791047,-0.007301938603399322,0.0002003343288088183,-9.824194188696733e-05,-0.0037329597562784367,0.0008226286816643586,-0.026687367053120404,-0.0024119691314408555,0.00017432788969017342,-0.010563473169575437,-0.012021063574589791,-0.035527975363656886,-0.007415150287444705,-0.005389149433234708,0.01963062342768535,0.0006479374399641552,-0.0015421522994292919,-0.002938471059431319,-0.0018720369965303796,0.004689056612667622,-0.005745617032167474,0.3730265652546659,-0.04680163850344251,0.28928691403823903
6.44,0.148192055009,1.388260746381,19.9,15.0,0.7444897890090942,1.0,4.5,23.97999954223633,0.8817965388298035,255.4457244873047,128.9045104980469,47.0,1.3107136824324324,36372.0,288.0,18.2749,8.0877,7.75,507.0,653.2327586206897,5.172413793103448,55.68,23.55,11.03,7.75,12.063693803924313,0.472838893581081,63.26,168105.0,10.1,30.6,59.3,59606.0,41956.5,25127.5,34.79581925675675,15.15646114864865,15.15646114864865,0.5191153820594531,50.55,47.92,34.46,-0.001099049214972178,0.01628548414236867,-0.003164966209442363,0.03145991700491868,-0.008078463762882163,0.045217228987603456,0.010955420416663397,0.0008507356845075337,0.1483095663257409,-0.007687984140124185,0.009919790373300175,0.01858688609360252,-0.04476993357727769,-0.044099169590743295,0.015395665384363405,-0.011717614074237659,0.0033937699119560515,0.009401916759903567,-0.03269560263084713,-0.012115353161934767,-0.03489130528678652,-0.011393873004941274,-0.0020391297952737698,-0.0029593847983050816,-0.00023454531666355916,-0.014842284195590777,-0.022547419017879277,-0.0013160743823973308,-0.008533233599155199,-0.05608850225852802,0.02645722874393685,-0.018438492177170702,-0.007887245141319017,0.008584592148079547,-0.04247263311780989,0.028836130088428023,0.11860809318081009,-0.005991419931757241,-0.0036836825611535505,0.014978764841682275,-0.029611511696246477,0.4888645697240718,0.32509260164818254,0.28928691403823903
7.25,0.1407529893279,1.80535505914,19.5,15.0,0.5652166604995728,0.7583724856376648,1.899999976158142,25.53000068664551,0.6566979885101318,244.8415679931641,129.0,156.26,3.7,71109.0,604.0,25.5392,19.687,6.87,4046.0666666666666,639.9701205079514,5.435907589570977,111.113,48.363,43.95,6.87,30.453854606755456,0.8473062281162614,50.12,299186.0,8.188156481532047,41.53969380882165,50.2721497096463,56528.0,34807.04,22100.67,29.449202691670408,16.989687864542002,16.989687864542002,4.19935794066213,97.31,6.44,2.02,-0.004788562185480258,0.00029995144531130694,1.9623840344140663e-05,0.005004488496459098,-0.020242253608303156,0.02554324895842001,-0.007082474673865363,-0.005415605116402732,0.044316702465526756,-0.0016663635359145696,0.001536200565868056,0.002866480630473238,0.010099612054415046,0.012844140704837623,0.0009023470371030247,-0.0015952656258596148,0.001244799910346047,0.0014110652320087,-0.0035696112127043323,0.0011529528945684506,-0.014695621762890371,-0.004782083528232757,-0.0004633569108555169,-0.0008189974611159383,-0.0007553939949721123,-0.004543725234689188,-0.00895691440172959,0.000924360906938096,0.000568700599949809,0.00030377907154616397,0.003595979213598181,-0.001856797290267418,0.0008246589892078181,-0.0017477351886918825,-0.002111022155149836,-0.0008654235306894409,0.0020730618970701497,-0.0003108426606049798,-0.0011114300109911685,-0.016640805404982525,-0.0014394262993009867,-0.17274394656321965,-0.05401980683126021,0.28928691403823903
7.19,0.1593194119943,2.625257472965,19.4,17.0,0.513699471950531,0.785018801689148,1.899999976158142,25.96999931335449,0.6780150532722473,243.8013305664063,129.2899780273438,90.0226,0.7435,42621.0,380.0,29.4862,26.9367,6.0698,1695.8666666666666,337.6107982224757,3.0100678849520373,126.243,48.203,43.513,6.0698,23.893469695255813,0.8922933064271592,52.67,391262.0,5.5,42.2,52.3,87708.0,38644.0,23300.0,29.21013066820637,20.030529177502824,20.030529177502824,4.456108026187788,110.8,1.49,0.92,-0.0054310629755491445,-0.0026096939410781513,-0.0002495502171805118,0.004909863227512688,-0.006549075601855289,0.010842422607005584,-0.007686571102938621,-0.004934182567405515,0.030111034900532095,-0.0010972135378979106,0.00031418664136435344,0.0021567362762289163,-0.00023829538328573306,-0.005811887344229032,0.0027112820544280035,-0.0032606268015224447,0.000910794072551648,-0.001397984045906921,-0.0014623537959996603,-0.0029904965866589953,0.0011407880162587294,-0.005459016586770301,8.793825597968223e-05,0.0003951476010261112,-0.0005141627398552327,-0.0015119180002948248,-0.005402255456312551,0.0015367742186644963,0.0006869826752226849,-0.0013418899927055482,0.009236963063012815,-0.00035295890271664216,0.0018983202814124574,-0.0022247185760061244,-0.013513678530347528,0.0008351949964417193,0.001682653666473927,-0.0014589434023946554,-0.001594025764265091,-0.02412660709314514,0.004865903877420349,-0.20679644417500823,-0.05296522821439429,0.28928691403823903
7.12,0.1467348950418,1.467844401516,18.2,18.0,0.6687385439872742,0.8945724964141846,2.299999952316284,26.07999992370605,0.7656580209732056,249.9428100585938,131.9918212890625,94.5485,2.1563,46537.0,680.0,35.5076,21.2759,9.55653,702.0666666666667,383.5888559182328,5.60501153972964,121.32,51.283,28.768,9.556533333333334,22.96171465687948,0.7568755271663641,40.05,477450.0,5.7139813203593866,53.40210944990944,40.88390922973117,54771.0,36208.0,22771.0,14.874310622850874,16.990620933097066,16.990620933097066,2.7751741163370838,74.2,5.71,7.159999999999999,-0.0012750190696679028,-0.0032352636476280115,-0.0012219069530255964,0.013057082508574241,-0.010224178041215063,0.04565830842533615,0.03316548872971906,0.005828917475068013,0.06532340294646563,-0.0026459394858684426,0.0062047410570085035,-0.02039794037770479,-0.006207878873799924,0.015025726874358953,0.005346043454715987,0.022206410576240163,0.009785335333552206,-0.006029547782149163,-0.003909159125294537,-0.005801021108170971,0.00996109576744492,-0.010946457260521134,0.009619121856987477,0.009939544966444376,0.011825047486228871,0.004026834226562645,-0.009835717021604063,-0.004362107377033682,-0.001080514863599094,-0.005753602790529834,0.017397634898894468,0.0011018927801633243,0.00041018861066549617,-0.002461168231908238,-0.009767482831492088,0.00227317076595501,0.002000297382706781,-0.0002690824889577975,-0.0012871584908571028,-0.009698908200953153,-0.006978781577199711,-0.1317095922610024,-0.013213414154481146,0.28928691403823903
7.35,0.0943848871141,1.053129111878,19.1,15.0,0.3182654678821564,0.497094988822937,0.699999988079071,30.11000061035156,0.4476760029792786,275.0,128.1002197265625,69.4828,1.3569,21994.0,591.6353864032538,9.1363,9.5518,2.36,1603.85,381.11245884595394,10.251869457689375,57.71,25.24,23.82,2.36,23.245438704361963,0.4724934230642314,61.4,189959.29356481816,5.960707881876988,46.25281304491967,47.78647907320334,66835.0,38481.79,24326.61,8.747788017238738,6.746846249557248,6.746846249557248,4.849428335338578,73.3,0.0699999999999999,0.09,0.0002565087212715355,-0.008423580201342701,-0.0019706378565169866,0.0027773491051047996,-0.007199774370412348,-0.007400258233188649,-0.005850778515799908,-0.000715879165567458,0.021535590242594483,-0.0010287009872263302,-0.00806955407024362,0.00235524754994549,-0.002967474871547888,-0.0020314486059360226,0.002302424716355745,0.002539356574416161,-0.0014695454364409715,-8.993277477565737e-05,-0.002203415700816556,-0.001680573410820212,4.728937533219047e-05,0.00015415788011159518,-0.001963877961388783,-0.0008383466855157179,0.0014226402509957604,-7.884902553633383e-05,-0.001975743003655225,0.0007313486784114469,0.0005734920101240365,-0.005066316926036956,0.009044981376850047,-0.003607433050754477,0.0010195299487095323,-0.0010668379670241799,-0.006103658222826195,5.495082237757347e-05,-0.00587544642621651,0.0011082576769404103,-0.00025311401230282757,-0.0318677527817199,-0.002016053489642215,-0.165931245279382,-0.0549545302928891,0.28928691403823903
6.34,0.1375358478178,1.206564715757,19.6,4.0,0.5365254282951355,0.7443121671676636,1.700000047683716,26.22999954223633,0.6454497575759888,218.3512725830078,128.90185546875,97.153246,1.5051,22704.0,603.4405868680999,11.4219,8.4222,5.82,881.58,371.52675503190966,9.874661869875633,61.11,25.96,23.28,5.82,24.614949908569734,0.4775021872663257,65.5,193424.9506420834,3.786310606464182,52.02179642033601,44.19187938339238,90072.0,39502.4,26966.29,10.53622467854088,6.818367587891776,6.818367587891776,8.389512313189808,82.8,8.78,3.94,-0.012321196506090929,-0.0032815879377885715,-0.0019617352124769224,0.0038320507989265075,-0.029339279227773657,0.01510401839285623,-0.01106505115376785,-0.0011345535269938409,0.030054067427176045,-0.0010768344552489024,-0.0034736996130086475,0.0006611361925024518,0.00016907449357677265,-0.0034804685936542243,0.003260449365130627,0.0007159302805084762,-0.0017676549504976667,0.0009666716489591632,-0.007760414560092616,-0.0014611842364538438,0.0024793467457639067,0.005041112940991293,-0.0009347440558485701,0.001003237364348025,0.0014169716624310214,-0.0073512436741730285,0.0004557260247529442,-0.0018860568803502238,-0.0018786334819160353,-0.011841534320963543,0.0021238328042672955,0.003040913820266721,0.00016765831725206267,-0.006172304902691392,-0.012119075360824355,0.006180600556312127,-0.0005225485095288546,-0.0008837604775326311,-0.0013850092856446303,-0.05951996415061874,-0.00044585090607870346,-0.12698871904227418,-0.0491669611899415,0.28928691403823903
6.515000000000001,0.04013846537348,0.404672904159,19.5,13.0,0.3012502193450928,0.3733408749103546,0.6000000238418579,30.04999923706055,0.3486726880073547,242.6983489990234,130.4543762207031,63.2664,0.9452,27886.0,444.3569145845439,12.4604,9.594,4.24,5126.7,578.0679933665008,9.211378826379432,48.24,20.1,16.14,4.24,19.43094720323031,0.6227563491270615,69.0,193368.9479159194,3.5451066319090208,42.50639508474981,53.94849828334116,69659.0,40079.96,28518.51,16.15424853850087,8.892486399593126,8.892486399593126,7.63752247452101,120.4,0.86,0.41,6.062670389655922e-05,-0.005696364552597513,-0.0019491899041458936,0.006086246055550876,-0.012317628175253049,-0.012302197355951647,-0.006828433776623571,-0.00038037593942135247,0.020245976251782847,-0.0011542894868180212,-0.00034136939467862307,0.0009574371726484929,-0.004351342829293577,-0.005893672640086148,0.003079651209875016,-0.002102400057599879,-2.9669661656961822e-05,-0.0006655623348779101,-0.002731502930517308,-0.0015191314924741146,-0.00696614070271607,-0.000505267082713537,-0.002237199869821775,0.0017293469107244185,0.00027926511596888733,0.0014183181779226313,-0.004418358130496921,0.00012837101571495091,0.0008423867169767565,-0.0031152836242690682,0.0012927536341594526,-8.345259563065873e-05,-0.00334809152863454,-0.0007456311585847303,-0.010570959048578524,0.0009854078249773009,0.0010162012542132269,-0.001346406477270648,-9.689163276925144e-05,-0.03288006181333912,0.004973362432327126,-0.15702779827173802,-0.048147544779116286,0.28928691403823903
6.855,0.03076168732213,0.273770872194,18.8,32.0,0.3367940187454224,0.4881641268730164,0.8999999761581421,30.17000007629395,0.4405312836170197,242.5231170654297,133.0,69.61883,3.1667,31295.0,362.9812608948286,7.9764,10.4369,25.54,1008.69,431.0012394986916,4.999053310767506,72.61,11.98,17.16,25.54,29.247120158096035,0.4441104259190304,62.5,205105.42621421916,6.613355601948504,25.327743910925538,68.05890048712597,63992.0,36649.66,25491.99,8.611711314748359,6.341558665661586,6.341558665661586,2.4926882667224866,70.9,10.12,5.61,0.012818484214600167,0.10486810223723295,-0.011768651984632016,0.013219010039581916,-0.02194803011370822,-0.053629292029188945,-0.0054521910822950366,-0.001381597446510563,0.05283622483082582,-0.0023648709601256966,0.006747829499654479,-0.01865970696229488,-0.0018287397646345183,0.018288621247746058,0.009961146007408387,-0.005741243918193505,0.0038837362942285803,0.01670551763207185,0.010034724059747532,0.007289149482268842,0.010537869311985568,-0.0016035918385023204,-0.002922835669480259,0.002955513991182672,0.01637666037434247,0.012603584269410934,0.001291758383158595,0.009206731188343843,0.0015013896750751862,-0.005648724368424151,0.017256133140414024,-0.016110496511333623,0.00041944943927228333,-0.0030034387606428905,-0.005992176658823155,0.002691975294146677,-0.003080710442736748,-0.0016575380752328714,0.0010049592694267625,-0.007075991129386233,-0.0017849866225151446,-0.20191503246687348,-0.018517053631134334,0.28928691403823903
6.905,0.1119911176749,0.877792920801,20.3,0.0,0.5412545204162598,0.7060145735740662,0.800000011920929,29.6299991607666,0.6148116588592529,126.0672454833984,85.59015655517578,2.90776,0.115,1588.0,7.908338175479372,0.089,0.2026,3.98,913.13,329.46058091286307,1.640734061302774,4.82,0.14,0.34,3.98,1.9414835306710216,0.2504382101047163,73.3,43717.2909103953,2.133822472423064,34.05945495650095,63.80672257107598,57754.0,39953.37,32733.15,7.989646389078048,3.576066916726457,3.576066916726457,2.2858259152713347,56.1,0.29,0.000707107,0.0017037994449492575,-0.005098684920347296,-0.0015114343675086289,0.003970019141328518,-0.015386376957758324,0.009202178230159917,-0.007238152659381729,-0.0004475764711387448,0.020337659435870594,-0.0006284306736197328,-0.004642362851067444,0.002529524621204467,-0.012421702872379679,-0.007645347586192656,-0.0013266500042518625,-0.004997201868216507,-0.006107432967866762,-0.0008831781590124611,-0.005653929773834528,3.2592932111579276e-05,0.0017571901287883468,-0.004701791470521136,-0.0027112718239659466,-0.0016888533689780167,-0.0007917814258253163,-0.004788392878836019,-0.003364666350418706,-0.003505139503045931,-0.0012166130884434091,-0.005853373461228329,-1.277313148603139e-05,-0.0060171749567962205,-0.0015151412659324618,-0.0010864100902108502,-0.015601786103914491,-0.0038862404447281714,-0.0028029279244947284,0.0017257986873155423,3.565430117305492e-05,-0.0021229056734591773,-0.011092441851447801,-0.13119216271769257,-0.05055258560442599,0.28928691403823903
