PREC,T_M,T_W,DO,pH,COND,DOC,GPAM,WS,FER,PES,MO,CO,VE,FR,FERA,PESA,TSA,WA,CA,VEGA,IRR_W,AGR_W,UR,GAO,PR,SR,TR,GDP,UI,RI,UR_W,RU_W,IND_W,LIF_W,POP_TOT,Soil_CLO-UREA_agg,CLO,THIA,PREC_shap,T_M_shap,T_W_shap,DO_shap,pH_shap,COND_shap,DOC_shap,GPAM_shap,WS_shap,FER_shap,PES_shap,MO_shap,CO_shap,VE_shap,FR_shap,FERA_shap,PESA_shap,TSA_shap,WA_shap,CA_shap,VEGA_shap,IRR_W_shap,AGR_W_shap,UR_shap,GAO_shap,PR_shap,SR_shap,TR_shap,GDP_shap,UI_shap,RI_shap,UR_W_shap,RU_W_shap,IND_W_shap,LIF_W_shap,POP_TOT_shap,Soil_CLO-UREA_agg_shap,CLO_shap,THIA_shap,base_value
533.4,27.3,29.9,11.03,8.425,257.0,2.78,69.61883,3.1667,31295.0,362.9812608948286,7.9764,10.4369,90.661662,22830.6,431.0012394986916,4.999053310767506,72.61,11.98,17.16,25.54,29.247120158096035,0.4441104259190304,62.5,205105.4262142192,6.613355601948504,25.327743910925538,68.05890048712597,63992.0,36649.66,25491.99,8.611711314748359,6.341558665661586,2.4926882667224866,0.4481821796071095,70.9,1.294655044291412,25.8,51.4,0.5699138877044119,2.798024926831325,4.0580061593294765,6.60572609690018,3.8559039311964685,-12.978282077795207,-1.7615033144410683,0.36063635018498913,-1.1119568399867663,-0.6090458424575633,-1.3556750209474322,-1.6576265835141148,-1.7824135989882048,-0.758286125939339,-0.23302504739413546,-0.9033698719212174,-0.794895855629196,0.19200685073311144,0.5953591235820214,-1.6189914010542747,-2.784160046959297,-8.657806378978615,1.157184687592089,0.552385617687059,3.784676275116702,2.3521852909121646,-6.401801993452634,-5.358454431829354,-3.0016926287300887,0.3883002013154329,-5.167841371333537,0.6335152686138945,0.10330944388173502,-3.7994412131390245,1.6531352698554602,0.49554362461591817,26.389383908888945,-46.97695871406544,-1.9885840243877213,64.93345377061516
180.9,27.2,28.3,6.84,7.81,215.0,1.59,66.2474,1.0595,34376.0,483.0,28.7012,25.1718,28.6734,5797.0,379.3590535887702,5.33018451487596,90.616,40.315,35.368,6.809466666666666,17.150500621066524,0.5104117114683594,57.69,245093.0,4.046117032847509,70.70339991554594,25.250483051606547,87265.0,36610.0,23148.0,20.47279770573432,11.45791031431516,5.074354330870425,0.2603928326866012,70.9,0.266281946439464,28.0,70.8,-0.08273854467086517,1.8411145644510796,3.8581287799372035,2.243845979265558,-0.9914057836107286,-9.937147719002484,4.682045016183208,0.02723434045134839,-0.10176112866494735,-0.373595833055056,-0.09994696742234126,-0.5590056538830197,-0.7502366366765161,-1.4902010552150504,1.2116134767420583,0.6166740113031118,0.8357148037493857,-0.20113026916670407,-0.3363734529353674,0.44928875376159927,-2.203604495578135,-0.028428162634372606,-0.4659098837773013,-0.01249903623635514,1.2318896943672255,2.140477720603038,-0.4141342797658097,0.0638379204894101,-9.234868896175175,0.0892731740946574,-0.955800149462496,-1.3057820361480121,-0.25146220804192065,-12.04002554933851,-0.0003729830464967998,0.01677972504558615,-6.41387717493965,-31.436344047744445,0.6823879698857972,64.93345377061516
191.4,25.7,30.2,10.11,8.41,885.5,1.6,69.4828,1.3569,21994.0,591.6353864032538,9.1363,9.5518,7.95815,16641.32,381.11245884595394,10.251869457689375,57.71,25.24,23.82,2.36,23.245438704361963,0.4724934230642314,61.4,189959.29356481816,5.960707881876988,46.25281304491967,47.78647907320334,66835.0,38481.79,24326.61,8.747788017238738,6.746846249557248,4.849428335338578,0.4633533676333021,73.3,0.1587222288639697,0.030405592,0.020506097,-0.37580659416349005,2.0171068801172076,0.48134654309910996,0.8107933441471918,2.251260415051753,0.18925376670900843,-0.9593410492284843,0.23534760728323179,-0.3409923924412581,0.1665230626845723,-0.690191410025582,-0.29780371226059893,-0.7596362304765109,-2.1925205414773274,0.16340787058230463,-0.7802621421683579,-0.2115142064029343,-0.261741735475759,-0.2105133335121602,-0.9989609252335508,-3.1392173681097724,-2.3382633564683295,0.8963970003556468,-0.05935007335307668,1.521647406085395,0.23759439633072643,-0.9100277525993677,0.1337745095292723,-2.0660095419501885,-1.1215226509623846,-3.755805554858719,-0.1397271658061058,-0.02169703037322816,-9.42806813746846,0.03415897834114645,0.19447745791326013,-7.537990703739535,-19.516982913470518,-16.032060777855417,64.93345377061516
172.8,27.3,27.8,8.74,7.960000000000001,475.5,4.51,46.39,1.9696,37903.0,493.0,18.997,12.4084,46.2737,14888.0,438.5652299681805,5.704367949088805,86.425,31.048,20.027,9.119,23.6873667742644,0.5198347645921357,40.86,412043.0,11.40105756416319,43.837324276686296,44.76161815915051,46146.0,36086.43,16572.17,12.426995927713286,10.42342201495799,1.8765437977532649,0.2308378149566619,50.36,0.0489551682809766,44.6,9.0,1.6723171561242387,2.455690024150536,2.3421287799952557,5.846071056223785,-0.24209611691224042,-1.9789388900389904,-2.409478191987923,1.642188432418431,-0.45710200796835193,-0.367193159027956,-1.4026336321669313,-0.8566836562318102,-1.5474125311694424,-1.7237018088965372,-0.148388323537073,-4.355115121314302,0.4627356392921255,-0.07291443355847231,-1.7860151650601381,0.09866284137281367,-2.7527438391869268,-3.9963688815664504,-0.5135348989752436,0.28358583234250573,0.13349461114965347,0.38976253078008716,-0.4610286342973519,0.08947276094307573,0.13811445875869457,0.005799734241639006,0.6384333521220836,0.205389025245483,-0.3231461576449994,-3.033861248996109,-0.7715929801948365,-3.987744755001428,-16.99351250741476,6.51602296014006,-21.01906846312185,64.93345377061516
221.9,27.5,28.1,9.205,8.59,278.5,4.34,41.8,0.9984,37631.0,382.0,12.2266,9.8512,26.4183,120170.0,481.9852705731668,4.89273134806276,78.075,30.563,28.728,4.991,21.398798506227283,0.8755846807233554,35.03,369846.0,16.504901960784316,31.65686274509804,51.83823529411765,26213.0,35691.1,13158.53,16.539135979595088,17.556710821702243,1.1884593356762363,0.355470066518847,77.55,0.00212132,0.030405592,0.020506097,0.3447327280525743,0.6920448973805947,1.6410805602092295,1.4655953980439047,-3.1253011211116477,-9.071195422938716,-1.9193199478788296,1.351351584569396,0.11588845482173699,-1.1959251231327659,-0.16609452899079793,-0.03819020716628635,-0.6346339512911315,-2.3150320674122,-1.8787665293474374,-0.7145442401881642,-0.10298488207471923,0.0832505925915515,-0.35066564658656674,-0.8147665957408027,-1.7192236756300545,-1.111904040843559,0.05580075378374443,-0.30669359842315314,-0.7418363996183811,-1.096116561785651,-4.931358558689244,-0.39050818212097543,2.788396579341498,-0.419969672192819,1.7580466799143084,-0.7705721178495629,-0.05763243722418924,-1.7811978424899275,0.37084826672993015,0.2871562158068018,-10.42156534098399,-15.082283355136559,-14.667882988984543,64.93345377061516
289.5,27.4,30.5,9.735,8.254999999999999,484.0,5.28,6.34,0.062,5772.0,77.0,1.413,0.9294,11.2908,1379.0,654.421768707483,8.73015873015873,8.82,2.541,2.176,2.684,2.417385883124235,0.1122410186812435,81.11,43475.0,1.100962322622737,39.02707551786005,59.87196215951721,72144.0,42390.12,23847.44,16.617634982053918,2.250591120086632,1.7613416385502103,0.1556184237048982,33.95,0.0061830925560795,0.030405592,0.020506097,-0.4245955932745704,0.928448318553467,1.000028416630812,0.7687512740880872,0.20284291790177403,-2.3915284505005308,-1.5612141198183718,1.4353122221616408,-0.03804518442600894,-0.5481780157083023,-0.723152804773611,-1.4554744740203018,-1.8079999398114162,-0.31357006720267316,0.6251761642300212,-1.4389976377723117,-0.13518224872338225,-0.49978229318435025,0.18508030993553506,-1.270825998835886,-0.19617261014723564,1.5520726582423467,0.8950262285893156,-2.3307047755488504,1.508677940334504,1.4264543808546541,-2.426930173765868,-3.2912668723923466,-3.011086308875431,2.4709334195094805,-1.4020222048632176,-1.4969705482184263,-1.846831382036519,-4.075284739985753,-0.9652977456152435,-4.5728379370349765,-10.137850084801514,-16.730432149845484,-12.768818059368058,64.93345377061516
472.3,28.1,29.8,8.225000000000001,8.395,391.0,3.49,47.0,1.3107136824324324,36372.0,288.0,18.2749,8.0877,23.6982,13421.0,653.2327586206897,5.172413793103448,55.68,23.55,11.03,7.75,12.063693803924313,0.472838893581081,63.26,168105.0,10.1,30.6,59.3,59606.0,41956.5,25127.5,34.79581925675675,15.15646114864865,0.5191153820594531,0.2286277449324324,50.55,0.3843327519209417,0.030405592,0.020506097,0.6214177047150835,2.378913402591522,1.7362667453754692,0.9594531985496478,3.1375428863273314,-8.208776180345255,-0.7569526679751775,1.0756438134765873,0.29350566660209126,-0.6894438245302688,-0.7950780771734823,-0.42410740454215573,-1.0295316188099477,-1.0702541840868067,0.11260121035855192,-2.6956103379263845,-0.27943379969646526,0.027459769273798357,-0.3160870839562262,-0.4602875301614399,-0.5349860330826299,0.5484904926270245,-0.011955875400452917,-1.2453814679508408,2.8709765040858968,-0.6162895647933089,-3.156815936351195,-2.958002594298838,-1.9588984889599186,1.8784413538935285,-4.186603801203891,-2.98852716733391,0.5885484447671717,0.9558536799252023,-0.1471308800236634,-1.6534514296893033,-0.9665700037862797,-23.18120318115999,-15.051917102414498,64.93345377061516
605.9,28.6,26.7,5.645,7.609999999999999,381.5,3.76,13.72,0.83,7014.7,78.24,7.31,3.49,34.58,2219.0,256.8546320029293,2.864884657634566,27.31,10.63,6.92,6.91,1.80918779080694,0.4565479911105388,75.7,148886.0,2.978968581939072,42.82646793950212,54.19456347855881,46502.0,34131.0,20135.0,14.867372524025823,2.380954321306591,0.8667399117112345,0.2182642305946436,75.16,0.5785715039991401,183.2,128.6,0.18719378498072384,3.075978866633959,3.545687835893284,6.158902843156831,-17.854945961390232,-21.712749306418306,-6.921756709713178,-1.0421024091351636,-0.35073789782046044,-0.15377253655654646,-0.6117408820443474,-3.0435945168246215,-0.9389614054607244,-0.36863822946635266,0.9903896271903055,0.46068493621928336,-0.0980624216143043,-0.0018095642235129716,-0.5858041502131769,0.18317348422327542,-0.9313302198890603,2.447271999091222,2.231387666198424,-4.901880151216562,1.887398235987251,-1.4450684055825693,-0.9596477527016152,-1.6315860491773735,1.0071155341807752,-2.4701685634690036,-0.008658322282135108,-1.2612300163786863,-1.2608291123737594,0.39862976942987477,-1.199561549670374,2.6644683218964706,-8.077056469397307,23.151739182904134,3.238300209994583,64.93345377061516
331.5,28.3,26.8,2.28,7.7,1200.5,6.42,62.8682,0.7473,30465.0,544.0,23.7417,15.1611,35.7857,16160.0,391.6363496124131,6.993276684364113,77.789,31.907,28.226,8.037,12.555758966506351,0.9191379276851872,47.4,302484.0,8.8,57.3,33.9,63896.0,41068.0,18414.0,9.819277128486252,7.904115227830772,0.4381657992565056,0.2590222331408918,63.9,0.1196589087527785,117.8,171.0,-6.041925026603665,7.165778730999058,6.48408453186353,13.751641519476353,-4.745789981450266,8.943054919159039,-1.5624391065910466,1.277986252877551,0.7929498925339425,-0.32198744225315795,0.008991129510106019,-0.11581706990487876,-0.7439420953284337,-1.4660793559874097,0.8832830101065333,3.291723711906622,-0.00023480790667118612,0.19714016685883232,0.6455229547402528,0.16226797719796515,-1.0528391330906492,3.5817757913625496,-0.3193656874013436,-0.0350028473014626,2.022727893662329,0.6640083808203538,0.8128780106098074,1.2516397302784028,-4.676569842056682,2.072314873989668,0.479035921714579,2.9231200711677467,-2.3590450532191127,2.6147385125327856,0.9403523927771781,-2.4063492266088713,-25.41570407402391,37.98244746852976,11.310120033851513,64.93345377061516
376.9,27.9,27.8,2.865,7.15,348.0,6.26,156.23,1.87,97710.0,1060.5399999999972,71.1,36.2,44.19,10480.0,463.12446677410185,5.026732391695883,210.98,98.81,63.08,12.67,11.72546549939368,1.018542407714805,36.2,633849.0,18.656421702718102,40.1694307582096,41.1741475390723,29464.0,31269.0,14895.0,17.562286116352706,10.924959818723158,0.0678323806069195,0.3802577434267549,98.99,0.278359103933102,999.4,632.0,-2.0137715833230563,4.090009190759932,4.5505010491547475,7.64688093803823,-14.637019968404587,-22.043078933695018,0.970926619586533,-4.053601875115031,-0.1849511806232229,-1.9530629439714045,-0.7347372017055745,6.433065978231993,-2.2725747579118836,-0.881329963266228,2.605732022856052,-0.5870086898980643,0.5228947789066769,0.6957082332298153,1.2681646298244607,-4.640738216787578,-0.09697761704214021,5.247484309114515,3.6032523473848896,1.7238477256459488,-3.1901127486264635,-4.9595184214816745,-0.2943904181383529,-0.678076351865505,5.053696068710026,-6.10848258688425,2.5948166786801714,-1.8496807989121111,-0.5749836378094448,1.4337496570373558,2.55004136023422,3.4326242228116235,-8.863974555466944,36.846716036244764,20.180879514525493,64.93345377061516
594.3,28.0,27.4,6.365,7.775,1219.5,6.48,111.07,3.69,99177.0,1003.5,55.58,40.03,120.87,13627.5,546.7309812568908,5.531973539140021,181.40000000000003,73.25,59.84,31.27,12.01708770605562,1.3716441835883986,39.96,1202915.0,16.431187710251496,41.28557796152066,42.28323432822784,53308.0,32689.0,17803.0,9.539679628333618,7.153294308153317,1.1848298070618952,0.2653379822968679,91.37,0.3029309394523435,410.6,69.0,-7.8065314096460705,7.55691079711852,5.908251833512138,10.602132335227603,-5.912784905373122,12.517117767203601,-1.6702706823296214,-1.3976057762404288,0.07171857476389694,-1.6786774657806378,-0.3354172117666649,-0.37074734149034977,3.7896024110478668,2.944675843257766,-0.44743474964363134,-4.852366059543563,-0.44038398099752535,0.18497935650869834,-0.9671927327740324,-1.6564269540427883,-0.549212495957813,-2.3077166269657483,-3.077623889486617,1.7242071618698527,-22.866039290570964,-1.8685046054966126,2.096694832881912,0.8374883042244857,0.9067466377901514,-6.569230038470899,1.639029209924239,2.6757893699997433,-0.7573568947147565,1.9474129070745132,-1.8860376574440558,12.969855310179604,-17.126389259595115,35.29363389730298,5.056584912906403,64.93345377061516
4.0,2.7,5.1,15.275,8.79,769.0,7.105,69.61883,3.1667,31295.0,362.9812608948286,7.9764,10.4369,90.661662,22830.6,431.0012394986916,4.999053310767506,72.61,11.98,17.16,25.54,29.247120158096035,0.4441104259190304,62.5,205105.4262142192,6.613355601948504,25.327743910925538,68.05890048712597,63992.0,36649.66,25491.99,8.611711314748359,6.341558665661586,2.4926882667224866,0.4481821796071095,70.9,0.5275725030074283,13.0,34.2,-10.387613633144648,-2.448092020458231,-4.878765565662955,-4.576712745862703,-3.6587515959454087,-0.04095111275557354,0.333468636202936,0.2436143791528105,-0.3238245214366659,-0.6161892842004694,0.013611975936995516,-1.5327227360087765,-0.2931337491547065,-0.4526791478289913,-0.10919582993723438,-0.3024587923466844,-0.1442841258489835,0.12438776938089481,-0.669356566220522,0.023027588500020457,0.027744238703356624,-1.1741534406039866,0.5249523628526359,-0.7095848988508813,0.24920773045004654,-0.22511153375109094,-5.523444260919155,-2.667377446703613,-1.515901218941434,0.2479543878207918,-1.8570661989025152,0.3769748176137604,-0.5823800721469649,-4.0744710325542846,0.18413098130685615,0.233142948856888,-6.317680983321431,-11.69090704749028,-0.6950081542149814,64.93345377061516
14.0,2.8,5.1,13.27,8.425,1215.0,6.35,66.2474,1.0595,34376.0,483.0,28.7012,25.1718,28.6734,5797.0,379.3590535887702,5.33018451487596,90.616,40.315,35.368,6.809466666666666,17.150500621066524,0.5104117114683594,57.69,245093.0,4.046117032847509,70.70339991554594,25.250483051606547,87265.0,36610.0,23148.0,20.47279770573432,11.45791031431516,5.074354330870425,0.2603928326866012,70.9,0.0320232146386972,34.8,219.6,7.025792854552467,-6.38392078836138,-18.981244443260753,-5.519148044614123,5.260662991985058,11.776755866529422,-2.5416583347662054,0.770005566853408,-0.245196729476253,-0.6246651132389278,0.038569082676743825,0.8543753234452259,-1.3994611022373036,-1.7302673987361301,0.6303874660966304,0.1555997035931783,0.0901486496503175,0.19492437986657052,1.2938082115833318,-0.5857402652564153,0.47104210194200186,3.195364771854752,2.1732746040386464,-0.3443977363190318,2.1320532163170482,0.6813009618098529,9.69822791988651,1.9724175654289617,-9.795807345382249,2.6263527366705253,-3.6614207210857437,-3.86500019870388,-0.090549744175125,-15.622095496080192,0.02055550607542293,-0.11807737778251326,-8.015826858005797,9.672571600799762,4.36983333349228,64.93345377061516
7.0,3.3,7.2,8.66,8.535,926.0,1.79,69.4828,1.3569,21994.0,591.6353864032538,9.1363,9.5518,7.95815,16641.32,381.11245884595394,10.251869457689375,57.71,25.24,23.82,2.36,23.245438704361963,0.4724934230642314,61.4,189959.29356481816,5.960707881876988,46.25281304491967,47.78647907320334,66835.0,38481.79,24326.61,8.747788017238738,6.746846249557248,4.849428335338578,0.4633533676333021,73.3,0.00212132,5.4,4.2,-11.325899370742263,-6.119143691742793,-2.3299517899029887,0.7703535349868859,1.2405454560477913,-0.2701194696578508,-0.5305230501092351,0.1485237351044392,-0.17242154986287148,-0.3768162909864128,-0.3980126224240907,-0.12130797344104711,-0.8789501669288923,-1.0003602854829898,-0.19463700341992055,0.06387958955795829,-0.45595110532556093,0.1948155328491699,-0.10023923685696633,-0.21087434004138536,-1.426262757018364,-2.5186712327568492,0.036073381997024014,-0.5942141736997291,0.7466283455103012,0.3137261456872024,0.14386719179184496,-0.3303941303157865,-1.1308569336961953,-0.36199487124724955,-4.849766899823831,-0.18560480869840798,-0.10786282749691371,-5.103116792070989,0.35784653802868016,-0.24441348220376904,-5.089156022542933,-13.776940420957592,-8.673783573657275,64.93345377061516
15.0,4.4,4.9,16.145,8.555,1004.5,5.68,46.39,1.9696,37903.0,493.0,18.997,12.4084,46.2737,14888.0,438.5652299681805,5.704367949088805,86.425,31.048,20.027,9.119,23.6873667742644,0.5198347645921357,40.86,412043.0,11.40105756416319,43.837324276686296,44.76161815915051,46146.0,36086.43,16572.17,12.426995927713286,10.42342201495799,1.8765437977532649,0.2308378149566619,50.36,0.4018569878043343,64.2,18.8,3.7686920752034823,-1.8095838373682145,-10.23403600273809,-21.642549670231528,2.085553176593967,1.4345956016487131,-2.226351138084816,0.5896642137970779,-0.3775206717755648,-0.7370095832785591,-0.13083839066947447,0.02565461456154868,-0.3671432166686281,-1.0043137380822245,0.4601483128188795,-1.246226821223585,0.09853433704624592,-0.09569871992493757,-0.11718265724368404,-0.999364778023834,-1.3827223249462743,-2.2549910957645634,0.6834926268225541,0.2239980396938821,-0.32592266560532046,-0.38050873428272697,0.004870193097740098,0.07853525403886952,1.6974137908810125,-0.2578247470967476,0.18540586348002272,-0.8327478171853967,-1.910916004376486,-4.448737022355199,-0.4668156657243765,-2.7774693857614583,-0.3447985636691251,2.4712747050899386,-12.383872118474295,64.93345377061516
19.0,2.7,6.8,7.095,8.29,298.5,1.67,41.8,0.9984,37631.0,382.0,12.2266,9.8512,26.4183,120170.0,481.9852705731668,4.89273134806276,78.075,30.563,28.728,4.991,21.398798506227283,0.8755846807233554,35.03,369846.0,16.504901960784316,31.65686274509804,51.83823529411765,26213.0,35691.1,13158.53,16.539135979595088,17.556710821702243,1.1884593356762363,0.355470066518847,77.55,0.00212132,0.030405592,0.020506097,-1.1534106955537566,-3.464458859634276,-1.5442854190974813,1.6673556341929359,2.066305242379507,-10.484262357966506,-0.30713949527281054,1.996623124455412,0.8049547862168412,-1.176098972568289,-0.6188252431340513,-0.618926462931558,-0.7868476273049606,-1.3433304288719468,-2.8469553504123666,-0.7448591176428211,0.025602796973350078,0.1733905471085262,-0.2955281149378665,-0.36050836959077714,-2.1034434971616913,-1.9881186329340554,0.45925492796581174,0.2907909293418444,0.42705928341951244,-0.9119672421878207,-3.637476182164003,-1.5665537757162629,1.0007885716545086,-0.2379520236017799,1.4778723886221024,-2.626300127017312,-0.15145270168160405,-0.4030582312882569,-0.16289187946977746,-0.03463961869633445,-6.281250118035824,-15.752149430814512,-13.646051077001417,64.93345377061516
25.0,4.3,3.7,5.975,8.434999999999999,536.0,1.08,6.34,0.062,5772.0,77.0,1.413,0.9294,11.2908,1379.0,654.421768707483,8.73015873015873,8.82,2.541,2.176,2.684,2.417385883124235,0.1122410186812435,81.11,43475.0,1.100962322622737,39.02707551786005,59.87196215951721,72144.0,42390.12,23847.44,16.617634982053918,2.250591120086632,1.7613416385502103,0.1556184237048982,33.95,0.0103465196274779,0.030405592,0.020506097,-1.3057216595966994,-2.344374117463206,-5.722628501675401,0.9653982904180882,1.3531861904325586,-2.5549973048456,15.29685634301044,1.5219374388270082,1.1412302429663639,-1.16079259812211,-0.9682676006605236,-0.7920138012524692,-2.03151855299715,-0.8696112863052017,-0.889580508518653,-0.9131848641127968,0.5088886595548443,-0.2795271368231617,-0.15180974622412183,-0.2802918868387739,-0.47111846469032254,1.2085213321726769,0.34061366656639946,-2.7341159940386817,1.9143285058687132,2.805585547777202,-0.5172722350588681,-3.6508164640112466,-7.115467571546326,3.810538999478643,-3.184913407713175,-3.5404302999718738,-0.7348215747469422,-3.1743777665480355,-0.778937804369877,-5.967989781786066,-8.650084991694118,-23.651589083193485,-11.303834777544251,64.93345377061516
31.0,3.9,6.9,15.045,8.495000000000001,879.0,1.98,47.0,1.3107136824324324,36372.0,288.0,18.2749,8.0877,23.6982,13421.0,653.2327586206897,5.172413793103448,55.68,23.55,11.03,7.75,12.063693803924313,0.472838893581081,63.26,168105.0,10.1,30.6,59.3,59606.0,41956.5,25127.5,34.79581925675675,15.15646114864865,0.5191153820594531,0.2286277449324324,50.55,0.00212132,19.4,15.0,-0.5991263157765688,-3.412711761922887,-1.2687684092251583,-7.699574154202516,1.2797923230659223,0.7936957826154928,0.4328735834049678,0.6814901858599237,-0.1413170857851704,-0.4216634450356163,-0.822714327744519,-0.17301649036196373,-1.6162976973643526,-0.7741962483075134,1.0332711073104288,-1.0864100752367327,-0.7487247862853109,0.0822417470968016,-0.3408118423757455,-0.5294645407252635,-0.6324431636184454,0.21875166200722237,0.3156081682319441,-0.436711307095053,2.140141639195693,0.14302629646845122,-5.6360774218911915,-1.9639423982286823,-0.959996941058586,2.725417122833121,-2.4552029485348617,-2.2191755367753405,-0.19964107579241194,1.23942435212123,-0.3231419752382983,-2.8250600105430936,-4.6909692303587995,-21.320290012067804,-8.707414827879209,64.93345377061516
16.0,4.7,5.1,16.725,8.695,1068.5,6.3100000000000005,13.72,0.83,7014.7,78.24,7.31,3.49,34.58,2219.0,256.8546320029293,2.864884657634566,27.31,10.63,6.92,6.91,1.80918779080694,0.4565479911105388,75.7,148886.0,2.978968581939072,42.82646793950212,54.19456347855881,46502.0,34131.0,20135.0,14.867372524025823,2.380954321306591,0.8667399117112345,0.2182642305946436,75.16,0.7297604701359348,92.0,353.0,2.431400553300046,-5.358711616331711,-15.442560567210116,-30.38958748092564,-11.577860321016052,-2.9967092418561996,-3.0114821367803954,0.8206037255593879,0.04072973190806698,0.11420514469345273,-0.4385339169390498,-0.9183452160221832,-1.7259069369733329,-0.36736204184591753,0.05716979821522964,-0.18767571060297308,0.10592545762658127,0.5054570481864111,-1.2128918270766744,-0.44049344129860496,0.7105579167976986,2.3686955311506375,1.4723736214078977,-3.377397364809489,2.0475957714579995,4.164608466544499,-0.19122413938865104,-5.0510000281191125,1.4708314533097047,-4.093183092363176,-2.3481624476487437,-0.46299806756588363,-0.1939514288306247,-1.2639705793714788,-0.40111605156678715,0.7901048793985206,19.683694569005944,4.353859980044266,2.2556783025820426,64.93345377061516
22.0,3.1,9.8,13.489999999999998,8.15,2355.0,17.85,62.8682,0.7473,30465.0,544.0,23.7417,15.1611,35.7857,16160.0,391.6363496124131,6.993276684364113,77.789,31.907,28.226,8.037,12.555758966506351,0.9191379276851872,47.4,302484.0,8.8,57.3,33.9,63896.0,41068.0,18414.0,9.819277128486252,7.904115227830772,0.4381657992565056,0.2590222331408918,63.9,0.6800853231110691,76.6,36.0,-1.4337315250902136,-35.69176727286851,-0.7569751075717305,-8.21175568802748,4.021396303099269,-1.5795371565207221,-10.527649135544586,0.6179886706778799,0.6287420658705128,0.03700025026376134,0.4322823672400166,1.497406996105175,1.995037007126957,2.7098133776569733,1.034457110231741,4.114335715238314,2.2603050511237237,2.3770088642276828,1.4706399340461944,0.8753965336627635,0.9340193870772323,4.72481791337952,0.24071939949256857,0.43280167453922164,0.37918759192029555,0.09127964382991009,-1.346625324225364,0.15998964776905744,-5.389905281911292,3.3086776053408795,0.4211223597312343,0.096521069991093,-1.5304178110758444,3.4257277055705573,0.2084485246085895,-1.4968001350015392,24.61781226516391,8.510190518506182,5.976288360801214,64.93345377061516
30.0,4.0,8.0,14.31,8.71,1752.5,7.77,156.23,1.87,97710.0,1060.5399999999972,71.1,36.2,44.19,10480.0,463.12446677410185,5.026732391695883,210.98,98.81,63.08,12.67,11.72546549939368,1.018542407714805,36.2,633849.0,18.656421702718102,40.1694307582096,41.1741475390723,29464.0,31269.0,14895.0,17.562286116352706,10.924959818723158,0.0678323806069195,0.3802577434267549,98.99,0.3878050027117975,13.2,25.0,-1.511790948367367,-0.8812320713605731,-1.0891201484482729,-12.950584003827531,-6.9124813604975754,-0.014688988113775503,0.525231683536743,-0.9685180798669656,0.2052314411414167,-0.27531929613091066,0.34766560398352636,-0.7394991158849261,1.3954524898606664,-0.7757623668449619,0.41023705925171594,0.15563168566208355,1.0635790572346497,-0.4420943416655063,-0.7347734054255605,-0.012909980509430449,-0.7242293187417087,0.3374374172696843,-0.151465147531902,0.2699376847113793,-1.5134396391082554,-3.9240698770092184,-0.5373525774168469,0.5473945136182005,3.678182104976537,-7.072282606445564,1.8822528276561445,-4.2354060831355556,-1.8034031447457768,3.967271022829227,0.2076984613792343,2.379797078554208,-1.3607630271775022,-14.670423238493191,-13.000502579531942,64.93345377061516
11.0,3.3,5.6,13.0,8.15,1637.0,10.9,111.07,3.69,99177.0,1003.5,55.58,40.03,120.87,13627.5,546.7309812568908,5.531973539140021,181.40000000000003,73.25,59.84,31.27,12.01708770605562,1.3716441835883986,39.96,1202915.0,16.431187710251496,41.28557796152066,42.28323432822784,53308.0,32689.0,17803.0,9.539679628333618,7.153294308153317,1.1848298070618952,0.2653379822968679,91.37,0.0698713432190775,70.0,26.0,-6.665185696169114,-10.849756910980988,-7.776983651719056,-3.5749984230442586,0.625614901959586,-0.6749093232226254,-2.5356462195220715,-0.6479892092632752,-0.5627987981215125,-0.32656508021987984,-0.02687297793881301,-0.27009762580040847,-0.019065055628307254,-1.1124040562628463,-0.2727085921137286,-0.3713546326477078,-0.614378001394992,-0.7928178792571027,-0.30025791991967726,0.3495224366042145,-0.9860049611252425,0.49270620456275865,-0.6071344544148691,0.07102870468671092,-7.043811269591873,-0.43764714148982126,0.5312517065803216,0.0917746381120134,-0.8739885073574252,-0.9859570373781029,0.17147086259598524,-0.27102924648361876,-0.3457792467903343,0.12414968483305244,-0.1649507928825915,1.0855225931573662,-6.783641924254287,1.8943164684359601,-10.083153505208903,64.93345377061516
32.0,18.8,19.7,14.185,8.67,1092.5,2.51,69.61883,3.1667,31295.0,362.9812608948286,7.9764,10.4369,90.661662,22830.6,431.0012394986916,4.999053310767506,72.61,11.98,17.16,25.54,29.247120158096035,0.4441104259190304,62.5,205105.4262142192,6.613355601948504,25.327743910925538,68.05890048712597,63992.0,36649.66,25491.99,8.611711314748359,6.341558665661586,2.4926882667224866,0.4481821796071095,70.9,1.7219546364229357,0.030405592,55.2,-1.7166527739260333,-0.24959699670473726,-0.2988535449545209,-11.259264730159195,-4.1204709521556895,-1.02719257037621,-0.7972987327584994,-0.34941696560786434,-0.16140267224051105,0.1520700355696802,-0.8689892762961481,-0.9666260815722246,-0.7336523941966394,-1.7820420127905285,0.35819715156840815,0.542539777671918,0.1641596386193608,-0.10036694462721547,-0.9622160046485563,-0.5630874691888069,-0.21034557462049042,-3.259228746864634,-0.5348207272496072,-0.1446530671355627,2.42603707778578,0.88923176183831,-5.164378558952981,-6.209940262067441,-2.671049240001788,0.4954684138670564,-2.4837392480717972,0.800114822246444,-0.30244804917524243,-6.2286484415503205,1.715010812810312,-0.13517059519266053,-5.692470022689862,-12.898582096531365,-0.5009224454530828,64.93345377061516
9.0,18.5,14.7,12.95,8.39,1258.5,1.26,66.2474,1.0595,34376.0,483.0,28.7012,25.1718,28.6734,5797.0,379.3590535887702,5.33018451487596,90.616,40.315,35.368,6.809466666666666,17.150500621066524,0.5104117114683594,57.69,245093.0,4.046117032847509,70.70339991554594,25.250483051606547,87265.0,36610.0,23148.0,20.47279770573432,11.45791031431516,5.074354330870425,0.2603928326866012,70.9,0.3253472296155927,40.8,119.0,-63.778751054631236,1.567093357928097,0.4670302838428562,-0.7592057345372917,5.084510989359889,11.26528825639592,21.95578540386632,0.03433497267464721,-0.2616117422174038,0.9960880580994619,-1.2408697705498575,0.9245384549380606,-2.0295495787511255,-0.9129160767793646,-0.009144973338892045,1.575298282955773,0.9871906492859122,0.3231509201942628,0.3652738214346267,-0.5498121093027288,-1.621134194325035,0.9434849465762577,1.183142359857445,-1.3555036553274846,3.3468974799104028,2.597350492312883,12.493680462914833,4.3930396817795305,-12.026060185143725,0.21266120108775696,-4.833908612122759,-2.50876867630519,-1.0503740963138033,-14.257795219148194,-0.08742360987079618,1.59092515238871,-0.5486561473552148,12.248874269050239,7.36282368710575,64.93345377061516
15.0,19.1,13.5,11.465,8.405000000000001,1105.5,1.17,69.4828,1.3569,21994.0,591.6353864032538,9.1363,9.5518,7.95815,16641.32,381.11245884595394,10.251869457689375,57.71,25.24,23.82,2.36,23.245438704361963,0.4724934230642314,61.4,189959.29356481816,5.960707881876988,46.25281304491967,47.78647907320334,66835.0,38481.79,24326.61,8.747788017238738,6.746846249557248,4.849428335338578,0.4633533676333021,73.3,0.00212132,9.4,38.6,7.945435328463405,3.708562942013765,0.6069438144424923,5.104472779364635,6.24636698317093,8.24783654763984,49.55900422363619,-1.4556352004160509,-0.48696207755866155,0.3991858943738052,-3.1113289069539545,-2.058709925779453,1.9554354033106955,-0.9653594702575342,1.1122281664097666,-2.4796239441679804,3.732951851914018,-0.6923648261061568,-1.2797033069934693,0.41126161258512495,6.086447200450735,-3.194585550610597,-0.9024029163861025,0.07854071288524904,5.547139917452202,5.468565939801436,-0.9904689921687071,-1.2933905652289572,-7.993187881037591,2.635988848636237,-4.362463192866805,0.9844763639320931,-1.268712737920384,-40.07050612544641,4.276888596573844,1.314334835372864,-18.239761204541818,-71.7814205019502,3.3060845142447692,64.93345377061516
13.0,20.0,15.9,10.365,8.315000000000001,916.5,2.82,46.39,1.9696,37903.0,493.0,18.997,12.4084,46.2737,14888.0,438.5652299681805,5.704367949088805,86.425,31.048,20.027,9.119,23.6873667742644,0.5198347645921357,40.86,412043.0,11.40105756416319,43.837324276686296,44.76161815915051,46146.0,36086.43,16572.17,12.426995927713286,10.42342201495799,1.8765437977532649,0.2308378149566619,50.36,0.2423198891989776,308.8,20.6,15.382226300062614,5.922429029221335,2.235637886244802,21.762095916569226,13.988440152294933,9.368374538854694,-3.877764994918055,2.7129968536179505,1.5354525595329076,-1.036558236149138,-0.36832429816635964,0.22113424693544706,-1.562127161511843,-1.9667979302785052,-0.7134491265503078,-7.351969762261336,-0.8501360684415925,0.01435239102691277,0.7541420462680998,-0.4108187327999622,-1.9487742016122986,-4.4225787018223945,3.3143122017631943,0.11996753327859071,-1.6981369894339373,-2.978945361945467,1.2567190942168258,-1.1948528215071796,3.7997101560079805,2.16029649547922,0.14993015027604617,-0.35324984220477296,-2.6640440308519957,-4.0075999860993266,-0.5509018812266477,-3.363347536387544,-18.896912659769878,34.51133396488303,-32.23486565901121,64.93345377061516
7.0,19.3,14.7,10.465,8.129999999999999,374.0,2.67,41.8,0.9984,37631.0,382.0,12.2266,9.8512,26.4183,120170.0,481.9852705731668,4.89273134806276,78.075,30.563,28.728,4.991,21.398798506227283,0.8755846807233554,35.03,369846.0,16.504901960784316,31.65686274509804,51.83823529411765,26213.0,35691.1,13158.53,16.539135979595088,17.556710821702243,1.1884593356762363,0.355470066518847,77.55,0.00212132,0.030405592,0.020506097,-6.903599418347391,0.9588411101481561,0.3855333182650302,5.104744434091263,1.2310512504447244,-8.124850948746316,-1.0137718290245779,1.497972058431868,0.12671790910419117,-0.5065400407804792,-0.5398617069904379,-0.8145768251378717,-1.711509756877397,-1.6085942089806002,-1.7621673743426793,-1.7756849422321335,0.16737973584017393,-0.01577658374483413,-0.8184258382084479,-0.41497514938780306,-1.7798904166091232,-1.6417651903536168,0.2840433678838112,0.1616945016787704,-0.8169547755457468,-2.035603501537504,-3.3931471092129755,-0.3763151010343182,2.167563703226236,-0.5078966428401562,0.4499833700542029,-2.3220465926608695,-0.17428333478048463,0.28110170684444363,0.36714877840441895,0.5976222590139754,-10.30553709115057,-20.67501395588896,-8.587535275088936,64.93345377061516
29.0,20.0,15.0,10.785,8.315000000000001,584.0,3.07,6.34,0.062,5772.0,77.0,1.413,0.9294,11.2908,1379.0,654.421768707483,8.73015873015873,8.82,2.541,2.176,2.684,2.417385883124235,0.1122410186812435,81.11,43475.0,1.100962322622737,39.02707551786005,59.87196215951721,72144.0,42390.12,23847.44,16.617634982053918,2.250591120086632,1.7613416385502103,0.1556184237048982,33.95,0.3664595403873305,0.030405592,0.020506097,-1.0902324089081963,1.3433673442325873,0.3690267756581305,4.8204528999499345,3.009079098726312,-2.88639824381719,-0.873102337030384,1.3616768216170996,1.0361047970953703,0.5256462264060969,-0.48795906078846496,-0.8894374414455762,-1.8420388438568136,-0.9182927446719263,0.2103773625070859,-5.235571925211698,-0.1435559567824616,-0.10629233684235556,-0.7730704635210955,-0.7311131367553023,-1.5143670483399194,1.0086681746357744,0.20922047241280492,-3.3234559513752657,2.6508575692136453,0.04764703912660429,-1.5431411260490622,-3.733816251909205,-4.0946417179191466,2.4938001721445473,-3.8898930841932686,-1.0212906584531696,-0.370117892050184,-2.8204366764115782,-2.1740135949353374,-6.940293503142893,-1.897631940140078,-21.437326304664214,-13.13228067867613,64.93345377061516
15.0,19.9,22.1,12.63,8.305,797.5,3.01,47.0,1.3107136824324324,36372.0,288.0,18.2749,8.0877,23.6982,13421.0,653.2327586206897,5.172413793103448,55.68,23.55,11.03,7.75,12.063693803924313,0.472838893581081,63.26,168105.0,10.1,30.6,59.3,59606.0,41956.5,25127.5,34.79581925675675,15.15646114864865,0.5191153820594531,0.2286277449324324,50.55,0.940494442408748,0.030405592,10.6,7.079410279461496,4.007519182888789,9.417255891788129,-2.8693837831029665,10.663168546231462,2.6235008857554445,-3.838498992112775,5.503341059163213,0.8938367900655916,0.7178630876603217,-0.7202037133586904,-0.7686489746036625,-1.1258768635957186,0.03869935202101852,0.8858918433791647,2.0468457495079697,-0.7402962441245732,-0.20628507791397446,0.22534164402633738,-0.2872564091719683,-1.8507634272146962,4.939274910576641,-1.5578790869160253,0.5752772514584148,6.433285797679177,3.5553001893187566,-6.143328292723744,-2.488720814082772,-2.822784270290286,6.157139860577881,-8.769007928200688,-3.5529599683421345,1.5032901793469993,7.386165335994836,0.35652201250505894,-4.470950500595695,29.88208717336413,-36.26476805274995,-17.17898119702004,64.93345377061516
15.0,20.5,18.1,9.7,8.629999999999999,1146.5,2.38,13.72,0.83,7014.7,78.24,7.31,3.49,34.58,2219.0,256.8546320029293,2.864884657634566,27.31,10.63,6.92,6.91,1.80918779080694,0.4565479911105388,75.7,148886.0,2.978968581939072,42.82646793950212,54.19456347855881,46502.0,34131.0,20135.0,14.867372524025823,2.380954321306591,0.8667399117112345,0.2182642305946436,75.16,0.6565461850239929,88.0,245.8,20.479151253545037,12.770744150327522,5.327579719309378,20.60124543156164,-38.375777833512984,7.967380993533882,-11.075965106021615,1.68046184591328,0.26912749106064443,-0.42585096043845344,-4.010212578385446,-5.170793893449015,-7.768346169271194,-1.8840012036170808,-2.005211269812037,7.198838285856572,-2.4484789790616652,0.7676424605647719,-2.8293115588805318,-4.770999151763196,2.0638767025371405,0.9299757909588523,5.15973419521625,-2.6509961497907812,5.301524910209702,2.9487662120722207,1.001537272942566,-9.651364251502477,6.315682674286266,-13.070315490855526,-0.10947996459280596,-0.5485566173059215,7.101996439974755,-0.34418254761025285,-2.8064566211464492,8.530456312503667,60.84243163577125,19.675041793792815,12.842544681221872,64.93345377061516
19.0,18.6,21.0,12.24,8.32,2660.0,12.6,62.8682,0.7473,30465.0,544.0,23.7417,15.1611,35.7857,16160.0,391.6363496124131,6.993276684364113,77.789,31.907,28.226,8.037,12.555758966506351,0.9191379276851872,47.4,302484.0,8.8,57.3,33.9,63896.0,41068.0,18414.0,9.819277128486252,7.904115227830772,0.4381657992565056,0.2590222331408918,63.9,1.2756449296521843,0.030405592,36.0,-3.4746882961783547,4.683845586199319,14.398141557537018,-3.5811773080689213,6.914071518010457,-2.7472423779157302,-11.885016685010243,1.8164025860838588,5.046971989097076,1.6121531455280884,-0.9582119082721562,0.05676747966247323,2.735716297359517,4.006748807442686,1.866292040916161,4.466689671583786,1.1541580917375773,2.3276792262184105,2.907651154960815,5.007117627806339,1.340992443840948,4.033542185065646,1.5291826905434318,0.34209857865547094,3.813184084215511,1.6131350915754832,0.6614044690256309,2.4535010214988144,-5.179247500409063,7.139502015983066,0.058794831164801366,1.8709538182181606,-2.5954622953726614,8.468422208900254,-0.13053564262265974,-2.9855436312189947,52.33230660371793,-34.99400661757216,11.56746419389111,64.93345377061516
34.0,19.2,21.6,9.34,7.91,1965.0,6.42,156.23,1.87,97710.0,1060.5399999999972,71.1,36.2,44.19,10480.0,463.12446677410185,5.026732391695883,210.98,98.81,63.08,12.67,11.72546549939368,1.018542407714805,36.2,633849.0,18.656421702718102,40.1694307582096,41.1741475390723,29464.0,31269.0,14895.0,17.562286116352706,10.924959818723158,0.0678323806069195,0.3802577434267549,98.99,1.1021470146437065,69.0,0.020506097,0.6572830204200013,7.921351137676585,10.834603599458935,16.377360622386135,-3.8401427296455974,-2.5373052334381896,-1.792980486877885,-7.281333233856908,-0.8423677809226001,-1.4931153226302347,-0.1227297886212672,3.444672683402898,1.8769076920952656,-1.1435199496087904,1.9162594961281887,-3.21512338946263,0.681118999542667,-1.2074329028868442,2.8001330356113634,-2.278157123558533,-0.11498698868478326,4.667600197230159,1.646113099123663,8.559784911063812,1.039064310907077,1.679484721192468,-3.3458723958892134,3.074794710921123,9.92986552280995,-0.47260370455061285,7.152314356692756,-5.702297883563055,-1.501262422300255,6.217200892722855,2.3147880322734515,1.5542138088028887,42.81834597517426,10.20898891068064,-33.95834118898957,64.93345377061516
5.0,19.2,19.9,13.085,8.31,1622.0,6.03,111.07,3.69,99177.0,1003.5,55.58,40.03,120.87,13627.5,546.7309812568908,5.531973539140021,181.40000000000003,73.25,59.84,31.27,12.01708770605562,1.3716441835883986,39.96,1202915.0,16.431187710251496,41.28557796152066,42.28323432822784,53308.0,32689.0,17803.0,9.539679628333618,7.153294308153317,1.1848298070618952,0.2653379822968679,91.37,0.858572855702845,35.0,27.0,-54.71564162541491,5.423029020341734,6.356437359560901,-4.160457754436259,8.120767313605173,-4.178922398487726,1.4816419551707805,-1.0780407411077393,-1.473625454076875,-0.8730862192343922,0.14378485350869763,3.746988019421696,0.5307785710071525,1.907058183259022,2.3108127108650907,-1.2587522100533057,-0.9187584123698379,-0.07354364151445451,-0.4268941923727609,1.0048805352114127,0.8551938546976704,3.8617944881382082,1.0802584016602486,1.2010809602774677,-9.840706599618619,-1.5826320246824388,5.090484396874285,1.0124098437496774,1.2049084728304285,-4.649659277057894,0.6697887702379387,1.3752026109645767,-1.1984087386323754,3.2842601366993023,1.7592265928691875,6.281433081347497,41.714609045793,11.156524882040296,5.531643052551274,64.93345377061516
406.5,28.1,25.0,8.935,8.455,276.5,3.36,0.7773,0.0,12.0,0.6876815804764671,0.0007,0.0051,0.023982,5294.6,171.42857142857144,9.824022578235246,0.0699999999999999,0.0,0.01,0.01,0.02819581891016,0.1652892186691128,90.7,3055.4045483894115,0.0595207257760765,21.668917363058736,78.2715619111652,78113.0,49348.53,31412.48,18.77858494367249,2.360204165039463,3.730853285200316,0.6732214686623013,106.5,0.1055535498635561,0.030405592,0.020506097,-1.9374978908617055,0.657741292354185,1.126341107532692,2.20706133438352,1.2521887781758168,-1.9666530375058453,-1.809561373919714,0.5559048849018287,0.05462107662732416,-1.8500594962217536,-0.11555497603180498,-1.0941964202482877,-1.1558948451839393,-1.0713917653999914,0.3872325081983577,-1.4512952775578014,-0.2467988949719201,-0.291185728775648,0.8069841079398371,-1.5385800315098221,-0.25273474452163414,1.552920653043936,1.0440263618583174,-3.99050308138753,-0.35286815017694545,0.0539877733549415,-5.606624882833567,-6.344771936928542,-2.6388818429457017,-0.8586985678373212,-5.287400582734651,-0.7795696093987982,0.27701069010344054,-5.108604425840701,1.2617164851934652,2.4405750588048245,-8.278446540279157,-15.858724724036485,-8.647668648113807,64.93345377061516
320.3,27.8,28.9,15.805,8.215,788.5,5.87,79.7603,1.3218,37783.0,436.0,32.0201,11.986,58.2589,19506.0,317.1284444481749,3.659529465087586,119.14099999999998,45.663,16.368,14.3018,22.549304697785008,0.6391463480032891,44.35,477241.0,11.4,37.1,51.5,71561.0,34380.0,21443.0,14.98400185022494,14.347792906389309,1.8324918038196647,0.2479057292855512,67.5,0.1494587106945886,0.030405592,16.8,-1.8616661419455582,1.2847760413680234,1.8355262197119495,-8.790687953815796,-0.15310280360747194,-0.1605292371008546,-0.671863435488194,-0.08329242527950546,0.6063504794597007,-0.7788990877925738,-0.4069817344627034,-0.903317535712073,-0.46880956274302005,-1.7576365469954898,0.6617124384936575,1.0187747569677106,-0.15922413519273185,-0.24906550252189244,-0.25645413154425756,-0.3559580142501118,-0.5110722685434544,-1.0437803942430766,0.7998665918316696,-0.03878798991441843,0.46074822800233983,0.575349315687394,-2.0440476595672474,-1.7417632955219597,-6.238819488089842,-1.9333392998669305,-1.0583879413742883,-0.8128810344496747,0.1584204348828642,-2.8345704993652174,-0.3311302976581894,0.35779118231187335,-8.688316143425181,-19.116318594108645,-9.037304605909934,64.93345377061516
218.7,27.6,27.9,10.915,8.14,525.5,4.03,94.75,0.975,80886.0,573.0,36.035,30.6179,69.9425,59746.0,503.33227546810537,3.5656280919222656,160.701,59.489,57.403,13.697,44.04493523854282,0.7705005543685988,37.51,683165.0,24.81513784080998,29.71825110917296,45.46661105001707,37563.0,37438.88,16936.21,15.717915646179634,15.449625511761106,1.4422353381379165,0.3216419673452932,70.17,0.2405713729234992,0.030405592,0.020506097,1.2960934531098844,2.249099667820459,2.6655117171878624,10.191945626103943,3.8241315417674673,-0.24005216790984077,-1.8399479678800947,-1.3947590867740411,0.28266294154183363,-0.38594108713790726,-0.04937404786547047,-1.3102606295173371,2.89188993243811,-0.13372708060468294,0.5767500925964364,-1.4193317775893952,-0.522428770087038,-0.6673004131515823,-0.7938849316972005,2.8613606994381797,-0.2542400497136017,-9.609301045850541,-0.07295002810036078,2.3966539127007125,-2.373141012005506,-0.2609360906481739,-2.7561937965111194,-1.0220336152209593,1.8115434310554221,1.3603253887842095,1.1214534258019802,-0.7951384956451761,0.4121019382402296,-1.9761469163714593,0.8296672056460134,-0.6003947250669204,-9.851490728195447,-42.934082805548485,-11.660976914384714,64.93345377061516
218.7,27.6,28.8,5.44,7.505,662.5,3.62,94.75,0.975,80886.0,573.0,36.035,30.6179,69.9425,59746.0,503.33227546810537,3.5656280919222656,160.701,59.489,57.403,13.697,44.04493523854282,0.7705005543685988,37.51,683165.0,24.81513784080998,29.71825110917296,45.46661105001707,37563.0,37438.88,16936.21,15.717915646179634,15.449625511761106,1.4422353381379165,0.3216419673452932,70.17,0.0076685800217589,10.6,26.6,0.13185153571267894,1.1823116681507482,0.21658967627833317,1.1133914378440626,-8.031830058547978,-0.47978612682005983,-2.9528915765120964,-0.4179650632175614,0.1766672212087237,0.09473975689150382,-0.4065476370269117,-0.20168769447443347,-0.4124247158722336,-0.567351842718199,-0.33738146836248534,0.05421723732802356,-0.2305101671263887,-0.5182656586092579,0.09168980921773862,0.3328804414160546,-1.8025086562459658,-6.273352524358779,-0.04655861884666035,0.032075313093761514,-0.6455625030181059,-1.083730229814537,-2.4858968605349463,-0.2146536235666526,0.47955960451392476,-0.07161263765456687,0.0562523414225635,-0.6303928252961489,0.28132373217648526,-0.8157255777724398,0.3571018481363229,-0.024006649570850025,-12.419417461892591,-19.942934902342966,-8.363356488615585,64.93345377061516
434.4,27.7,29.9,9.085,7.93,884.0,4.52,92.75,1.5386300675675677,45158.0,696.0,33.0483,14.6795,94.9691,6452.0,387.35632183908046,5.970149253731344,116.58,42.49,20.02,31.74,25.258358901966528,0.555059543918919,52.85,465622.0,12.3,44.1,43.6,67794.0,41956.5,22104.5,40.84636824324324,17.791976351351355,0.9989242570341496,0.2683831925675676,59.34,0.2445199409921246,43.2,34.0,-3.4800198639743036,3.5811338674028703,4.8859549445348485,8.427933337362484,1.1790638727756846,2.7115365442913046,-3.805889126439579,-2.92249660562103,0.5018166002475963,-0.4999619438949348,-0.19769085090917748,-0.8454739499061047,-0.9984503927283614,-2.128221527800585,0.6569742447293025,1.0623089130114156,-1.494497614190912,-0.1642586301422373,0.03422459742675225,-1.9290832764670867,-4.41315701865436,-3.415112905755329,0.3351571599332,-0.7607067014804726,-0.7802967525646082,1.2244476783430793,0.3508185164444164,-0.6030449323666579,-3.0226522642249862,4.773355658293391,-5.015479754917323,-15.948146758691097,-1.3160664964436248,-0.33763220832062224,0.6229120280003787,-3.3500548517486712,-13.492401559383916,7.591778478234386,2.1808984922648706,64.93345377061516
421.2,27.7,28.7,4.36,7.37,447.0,7.87,113.44,6.47,113005.25,3048.97,56.37,31.11,123.25,170899.0,632.6927383685123,17.070544762331334,178.61,74.6,52.48,33.02,11.832260392384752,1.0136065476243834,41.19,962714.0,23.22925734100645,37.059541398199215,39.71120126079434,40450.0,30441.0,14677.0,7.420621787035737,5.286083690348805,0.6079000575173069,0.2002013844757149,68.94,0.3527856965503269,605.6,637.0,6.380987047834012,8.157758442418034,6.32163452271372,13.531391985599571,-13.611213232862454,-7.38244848755964,4.285052584055813,1.1124695585745712,20.95573755173633,-4.432643282030866,-1.2397873872052874,6.053888970084178,0.4295220951503114,4.593292634345903,-13.059165125341002,-0.759075954483512,-0.03829338763064379,0.2864630033370729,0.902990741160076,2.2512479232732847,9.40334125277897,6.558562758915748,7.275356762968005,2.4142279239930198,-15.028169347570897,-4.16408273332442,1.1224074375691504,5.518134515487276,6.893937524585053,-7.961224931045436,7.378325474349158,7.741188750271685,2.1524491698807116,5.939380456204527,-2.2113761827955014,0.39904102928315915,-2.1566562146460644,63.75148878824276,14.455341335209086,64.93345377061516
421.2,27.7,28.2,5.455,7.470000000000001,377.5,4.715,113.44,6.47,113005.25,3048.97,56.37,31.11,123.25,170899.0,632.6927383685123,17.070544762331334,178.61,74.6,52.48,33.02,11.832260392384752,1.0136065476243834,41.19,962714.0,23.22925734100645,37.059541398199215,39.71120126079434,40450.0,30441.0,14677.0,7.420621787035737,5.286083690348805,0.6079000575173069,0.2002013844757149,68.94,0.3230734363201343,674.2,484.0,-0.17999950921783933,4.773101393692197,6.876834626278531,5.9004207774375885,-14.998854973345686,-22.120054240586853,-7.43155190664654,0.8859783420711752,3.2243978953314953,0.34657911270235786,1.5096940399007863,2.547107119100789,0.4143198681902138,3.139060385969156,-7.493191277811614,-3.779735607846329,-0.8498854670301078,-0.4500528607269126,0.3832659063767648,3.4218000975716856,4.413115962961068,2.2848778374710434,2.7411853154779724,1.8858778787838908,-6.670639548220983,-3.915867066401989,0.7062495658267297,0.9924200771143642,5.019217038232212,-6.241387555006271,4.641273829235385,2.1865244516388835,-0.11997824362789533,1.8677466485789036,-0.9171043934688573,2.525080232381201,-9.867388286641802,34.274892088699474,17.663021484510974,64.93345377061516
307.4,28.4,29.7,0.905,7.305,439.5,4.835,97.05,1.21,106381.0,2590.42,55.63,35.38,100.73,137331.0,610.4028000918064,14.863552903373884,174.27999999999997,73.07,53.35,21.39,11.545413701275482,1.3286396630675812,42.31,858592.0,16.673582357043852,41.11565010222189,42.21076754073426,42877.0,31410.0,15449.0,10.182451797210655,6.929020407132105,0.954641587443107,0.2674869382660009,92.11,0.2667000751642621,394.8,282.6,-0.3266955188110788,3.4868694842544685,2.882929294682107,6.853677066918462,-16.541226120695935,-16.814704142191136,-6.657120580220749,-0.3537282481013507,-0.3504252756480127,0.037417439582446775,0.9497782716667288,1.618294699813706,2.545673391156597,1.292104009163255,-4.592584388175357,-2.2381932841877767,-4.078995315339415,-0.2763838872748107,-0.7499018460046502,-0.8708494135520107,-3.2085447715936843,2.418376991796928,-0.1553054356714704,0.5680044329818342,-4.421537033917071,-1.0954374819093682,1.1825317296416806,0.6664089652244005,3.2391814064746725,-5.238236343444636,1.7497086891237024,0.9976994314913948,-0.9174727594914538,1.3656588377011933,-0.07395368505502169,1.6388743478370211,-14.836086111262752,17.63253961248323,9.188055574382114,64.93345377061516
115.2,28.8,29.4,2.42,7.52,524.0,8.27,60.6455,0.7705,18738.0,201.0,20.6519,13.225,27.4686,21790.0,236.6058463286824,2.5380390176147487,79.195,32.652,23.515,6.148,12.782698470895246,0.7724210753786316,47.21,209885.0,11.2,48.7,31.3,49780.0,37342.0,15884.0,8.251880779338212,6.642425473153561,0.2421040892193308,0.2176759611841297,53.7,0.0530429420858402,532.2,375.8,2.565443699670333,6.885323814911149,3.5531889459040644,7.936789869712668,-14.289508630549534,-3.8219926646708804,4.819218267090618,0.5266775024666733,-0.6646864202929065,0.3811579368387683,0.3014164818823349,-1.0418223832865845,-1.4459020869527013,-1.5226697967573992,1.0255697974065925,2.8425918675571076,1.387882697933043,0.26446443894567445,-0.7204962683344865,-0.5445923257122427,-0.6708551185484968,1.9281683289973692,0.16030150673352198,1.050510522199329,2.839942556594807,0.07433523675426972,1.654947788442178,1.1327738455279437,0.5451032770083574,0.597512471533071,1.7084433399109786,4.533399336359773,2.2837843470244326,2.955320422184497,-0.8190022463196277,-4.046729795513676,-26.74697701839109,39.26268546318557,23.612157239029184,64.93345377061516
331.5,28.3,29.8,3.2350000000000003,7.47,628.5,8.35,62.8682,0.7473,30465.0,544.0,23.7417,15.1611,35.7857,16160.0,391.6363496124131,6.993276684364113,77.789,31.907,28.226,8.037,12.555758966506351,0.9191379276851872,47.4,302484.0,8.8,57.3,33.9,63896.0,41068.0,18414.0,9.819277128486252,7.904115227830772,0.4381657992565056,0.2590222331408918,63.9,0.31,891.6,590.6,1.321946795139617,9.675388218170651,5.036228019927317,10.844506179283686,-12.959396901302972,-2.748423929250953,9.839455570428015,0.9587213804107156,-0.0763679265184359,0.14622530872389974,-0.9224959211649087,0.28224486192377657,-0.11814888144222557,0.5222876418009381,3.003853353753995,4.4398516069368155,0.4164185753961416,0.208708002235119,0.16957850328180632,0.5022961590252812,-0.15380396280515404,4.007020950806328,0.8633705942239587,0.8245171038899599,4.343201786458956,2.5562567857963336,2.652403448616002,2.318189667100086,-3.6004862174081267,1.2545263049378998,0.8192318099131821,4.823886505365374,0.6482663733977875,2.609617330227048,0.9073774984820439,-0.7987464002100731,-5.334723581143964,43.711842960970635,21.77783637666454,64.93345377061516
350.2,26.8,28.3,10.625,8.45,1078.5,2.18,97.153246,1.5051,22704.0,603.4405868680999,11.4219,8.4222,23.795409,18373.02,371.52675503190966,9.874661869875633,61.11,25.96,23.28,5.82,24.61494990856973,0.4775021872663257,65.5,193424.9506420834,3.786310606464182,52.02179642033601,44.19187938339238,90072.0,39502.4,26966.29,10.53622467854088,6.818367587891776,8.389512313189808,0.5234059869036483,82.8,0.1967238407662629,4.8,12.4,-3.2554219270932183,1.153087069815956,2.9130637258850034,3.043092477490815,1.4175571380866065,-1.1903646393679082,-1.4711621880019086,-0.6944913987442857,0.15145128911516353,-0.16773571643978294,-0.17600954645002875,-0.3801888764618579,-1.327829797317584,-1.2968911322563264,-0.07963098209196047,-0.37663657661217,-1.499691820534256,0.029800709255505608,-0.022054264072019214,-1.343250336030808,-1.603020184265139,-1.4599817605611562,0.3414828524319453,-1.0680823393988734,0.5747637386852874,-0.02077844567286391,-0.21275120452822405,-0.32113415529641,-4.9891445844193605,0.870923405957097,-3.6762037632738553,0.20007124711604182,-0.8948949497813983,-15.094924534560803,0.8212137551434959,-0.07993312594636078,-5.402221576989008,-17.86005737776247,-10.410894595215407,64.93345377061516
3.0,3.8,7.2,11.245,8.260000000000002,303.0,7.99,0.7773,0.0,12.0,0.6876815804764671,0.0007,0.0051,0.023982,5294.6,171.42857142857144,9.824022578235246,0.0699999999999999,0.0,0.01,0.01,0.02819581891016,0.1652892186691128,90.7,3055.4045483894115,0.0595207257760765,21.668917363058736,78.2715619111652,78113.0,49348.53,31412.48,18.77858494367249,2.360204165039463,3.730853285200316,0.6732214686623013,106.5,0.00212132,0.030405592,0.020506097,-8.23618474062377,-1.274256032227228,-2.560163419771319,-0.028931621651475743,0.3824780837842254,-3.8151782895981636,0.45029571812289454,0.47817677832829614,-0.07350403349380935,-1.1028317411864794,-0.4028117335385952,0.20214801310561634,-0.6281589290623864,-0.853057262349563,0.5574486375995905,-0.9291267896909267,-0.3462131115716572,-0.0463989397735955,0.026413561619507992,-0.8437297902077746,-1.501756299369348,0.7525203032760563,-0.00882736804274223,-2.3852883209272595,0.2685650025090825,-0.7036773326946418,-3.3693164541432625,-5.156316697358464,-1.658296154995914,1.5073508735032133,-4.997039180911767,-1.3000313008188589,-0.7594027009621881,-5.394625722478764,0.9016464573059543,0.26289769015507763,-3.3549078947817907,-7.586356494387144,-11.349523944269555,64.93345377061516
16.0,3.3,7.0,12.265,8.295,1023.0,4.29,79.7603,1.3218,37783.0,436.0,32.0201,11.986,58.2589,19506.0,317.1284444481749,3.659529465087586,119.14099999999998,45.663,16.368,14.3018,22.549304697785008,0.6391463480032891,44.35,477241.0,11.4,37.1,51.5,71561.0,34380.0,21443.0,14.98400185022494,14.347792906389309,1.8324918038196647,0.2479057292855512,67.5,0.00212132,11.2,7.4,0.7423207651249443,-9.899211022510814,-1.229909720520178,-2.653678202430407,1.8436793179251252,-0.9732804447319355,-0.714769530173701,-0.18014411871321515,-0.32075039640534636,0.0784277405946824,-0.5740816355931265,-0.20992816736455922,-1.3415863425952075,-1.6420039116482557,0.11181398903951051,0.032218134130041085,-0.13997246173520853,-0.08288865983330938,-0.6053138805336009,0.1631568636403728,-0.9784682535380124,-0.5641921865163995,0.234333019408708,0.10759175772778691,-1.509600734027724,-0.5221586318903916,-0.6334591810001681,-1.0759193020065623,-1.8053779942185315,-1.6552518983324995,-0.5172361750512694,-0.9641696368002637,-0.5819200695600978,-1.9862385807248462,-0.07850306896027176,-0.3149508948810398,-6.114729765791757,-17.54246009243963,-10.735751207314122,64.93345377061516
27.0,3.0,7.6,12.96,8.575,349.5,2.42,94.75,0.975,80886.0,573.0,36.035,30.6179,69.9425,59746.0,503.33227546810537,3.5656280919222656,160.701,59.489,57.403,13.697,44.04493523854282,0.7705005543685988,37.51,683165.0,24.81513784080998,29.71825110917296,45.46661105001707,37563.0,37438.88,16936.21,15.717915646179634,15.449625511761106,1.4422353381379165,0.3216419673452932,70.17,0.200106368330214,10.0,0.020506097,-0.8972905272819726,-4.5475012585117165,-0.3918990687156718,-2.2123334766350062,-2.2790896313109754,-4.737356535888588,-1.1403684105677536,0.10494176163182974,0.3394237891413892,-0.13464732676589208,-0.6901863492179352,-0.47041503648584043,-0.18593397560218985,-1.4674369536642917,0.041397686256095745,-0.172786700782211,0.1855079940714254,-0.7616910831164573,-0.2386003404886775,-0.3525485386590785,-1.4610233891724296,-3.96314040750886,0.14268879143521151,-0.4158100283316645,-3.382095619717923,-2.158730580465248,-4.110125356434534,-0.6526446240938576,0.7632455073343593,-1.7812863514727593,0.2674320333016418,-1.3753576747126253,-0.039611978032626664,-0.4304057502653453,0.4440515008134145,-0.5037353681881594,-5.334700430437613,-11.503985840401922,-9.37329743077047,64.93345377061516
27.0,3.0,6.5,10.395,8.365,897.5,4.06,94.75,0.975,80886.0,573.0,36.035,30.6179,69.9425,59746.0,503.33227546810537,3.5656280919222656,160.701,59.489,57.403,13.697,44.04493523854282,0.7705005543685988,37.51,683165.0,24.81513784080998,29.71825110917296,45.46661105001707,37563.0,37438.88,16936.21,15.717915646179634,15.449625511761106,1.4422353381379165,0.3216419673452932,70.17,0.00212132,9.4,18.2,-0.5635387499133746,-1.234135802004797,-4.702738009793684,7.291526651076663,3.3974767371887964,1.7672410421508056,-2.5675744209128113,-0.5488084374833851,0.3804704465437679,-1.3471396683979167,-0.14386168039093458,0.1820345742721101,1.3203556040550273,0.6287208504726488,0.48465766986211206,-1.4866873733497525,-0.08967595751397332,-0.5092257937074943,-0.41177943257925514,1.7650047828070814,-0.9971542430762197,-7.432868620177419,0.27032301016151933,0.5903570369289574,0.6028961464793722,-3.6423985137635224,-3.6320892000601943,0.096428260828059,4.023577967944244,1.142230962347239,0.6616542044126726,-0.35955864923850983,-0.3631229793218272,-3.2850551542267197,1.0344977229274814,-0.10106137810274914,-8.422172882643837,-34.11374115283912,-8.722596680748588,64.93345377061516
25.0,2.6,7.4,11.635000000000002,7.975,1201.5,5.2,92.75,1.5386300675675677,45158.0,696.0,33.0483,14.6795,94.9691,6452.0,387.35632183908046,5.970149253731344,116.58,42.49,20.02,31.74,25.258358901966528,0.555059543918919,52.85,465622.0,12.3,44.1,43.6,67794.0,41956.5,22104.5,40.84636824324324,17.791976351351355,0.9989242570341496,0.2683831925675676,59.34,0.00212132,33.6,96.2,-0.3441587249313785,-3.3011157898946357,0.4056123971721773,-4.265196244156298,-1.0564256023832912,4.901657152143307,-3.123862540756042,-1.3959320894535636,0.3589139053473864,-0.7374650780515125,0.2087402686849238,0.3222474965360019,0.2607105375935017,-2.042538527681803,-0.49959066501508165,1.4818195967360712,0.2921313388831906,-0.7633788867170607,-0.1849781815831865,-0.011499156206845681,-1.2216167616052553,-4.676606870029743,0.8485718335459623,-0.4041382685552038,-0.8690570218830057,-0.7400638811010868,-0.11468030253425206,0.7486560870365553,-5.0071703515419115,5.76629594484965,-1.6593035759932053,-14.473364063575865,-2.465115136789778,0.17731044257370154,0.19543064087629367,-3.026513046308732,-5.076453258888796,-0.7098635223632059,2.3089337794498235,64.93345377061516
16.0,3.1,7.2,16.945,8.54,1064.5,4.44,113.44,6.47,113005.25,3048.97,56.37,31.11,123.25,170899.0,632.6927383685123,17.070544762331334,178.61,74.6,52.48,33.02,11.832260392384752,1.0136065476243834,41.19,962714.0,23.22925734100645,37.059541398199215,39.71120126079434,40450.0,30441.0,14677.0,7.420621787035737,5.286083690348805,0.6079000575173069,0.2002013844757149,68.94,0.073433450313006,652.0,4246.8,2.066967043817664,-4.468525106549883,-6.528630677911763,-21.375262615364047,2.095871379928043,-2.2536923400328175,-4.71586633095052,-0.10991880805542238,0.9513226526960111,-0.8462653758795929,-0.2806715027615428,2.443627186597635,-0.3943313974204174,3.0450186048525705,-3.2253758296696464,-1.655152491012899,-2.085004651962469,-0.12924079956797252,0.5648631862162928,-0.05339099456556159,2.6666903297075386,1.0722216254208858,1.4437530537725733,0.6858818850759415,-5.372175021908867,-4.350199185522894,-0.2882476650737235,2.4086246637053166,3.7997429257445035,-6.011087103406898,2.1683301191404465,1.824734662392487,-0.3356746038965264,1.8203225875211249,-0.7328930815200633,1.032115690338737,-10.86768972793594,15.073611911938833,-0.013158261481050667,64.93345377061516
16.0,3.1,7.2,14.875,8.575,875.5,4.67,113.44,6.47,113005.25,3048.97,56.37,31.11,123.25,170899.0,632.6927383685123,17.070544762331334,178.61,74.6,52.48,33.02,11.832260392384752,1.0136065476243834,41.19,962714.0,23.22925734100645,37.059541398199215,39.71120126079434,40450.0,30441.0,14677.0,7.420621787035737,5.286083690348805,0.6079000575173069,0.2002013844757149,68.94,0.0989106250577069,8.2,29.4,0.7246915900614121,-7.813919892118623,-2.6988252785212055,-14.212975907946626,-2.2649041628496103,0.5637198869480441,-1.5348018946529678,-0.5388473160626991,-0.9019559583626687,0.09764861278391163,-0.03568715243600351,0.1662880544178183,0.6695737548948574,1.0840258979331692,-1.5266189701358484,-0.3622147573499627,-2.104211861188524,-0.26185363551291335,-0.3441096525623781,0.36826143746264295,-0.7617131121984376,0.2050755382655193,0.3892153805556397,0.05108390742291996,-3.9997297877725217,-3.85111736593768,-0.5131337736236549,0.21555500278249387,1.0610213294035442,-1.3761955074624475,0.49929384783220804,0.7714754185328884,-0.4508038844354442,0.22539149433063935,-0.2829288850817832,-0.07144542577055528,-8.70663738834982,-15.912089432391028,1.057844910801699,64.93345377061516
21.0,3.6,5.7,12.515,8.195,1158.5,6.7,97.05,1.21,106381.0,2590.42,55.63,35.38,100.73,137331.0,610.4028000918064,14.863552903373884,174.27999999999997,73.07,53.35,21.39,11.545413701275482,1.3286396630675812,42.31,858592.0,16.673582357043852,41.11565010222189,42.21076754073426,42877.0,31410.0,15449.0,10.182451797210655,6.929020407132105,0.954641587443107,0.2674869382660009,92.11,0.133084593818531,51.8,66.4,0.027917702288055974,-15.511343269220864,-13.857641872726383,-2.812046968772387,2.3717280269103758,4.590719487255749,-2.8369384997322538,-1.1046442256402216,0.21017572911456237,-0.2915565564980109,0.7288103167386728,-0.5631955330880981,0.6278669441615546,0.7533711659101149,0.09063149979648581,-2.8873725665081302,-1.0990009856487928,-0.537967044301331,-0.10691747462687336,0.505496904191871,-0.7273499688009428,0.27142629226980103,-0.8745692630500224,0.33559642422012964,-2.4633883385189503,-0.7467951153870676,-0.1722412885073581,0.710630714211924,1.8491231841562936,-5.612899772974973,0.7956351165209576,0.5509401891504732,-0.9997420346209159,1.3823581204904862,0.08776518098078778,0.029095708103850242,-13.898518997977176,7.188034785694133,0.2996272330575926,64.93345377061516
26.0,4.3,6.5,12.885000000000002,8.295,1150.5,9.9,60.6455,0.7705,18738.0,201.0,20.6519,13.225,27.4686,21790.0,236.6058463286824,2.5380390176147487,79.195,32.652,23.515,6.148,12.782698470895246,0.7724210753786316,47.21,209885.0,11.2,48.7,31.3,49780.0,37342.0,15884.0,8.251880779338212,6.642425473153561,0.2421040892193308,0.2176759611841297,53.7,0.0506929417622729,91.0,227.0,-1.3757696169738975,-8.877197099267505,-18.15188872380337,-2.2573263494825615,4.167153449530404,5.299510856668154,-6.200963844060897,0.5557818664424122,-0.41875219590961904,-0.21452909490093663,-1.5300071044235193,-0.10995213263047147,-0.36723479502989537,-1.524612298645079,0.8868866882954416,-1.4032352466570839,-0.8135689450241624,0.20808401999684575,0.02187255862168917,0.16100534210912887,-1.5051527999341499,1.651784357521685,-0.812800224367528,0.49215359983034573,1.4231524030895288,-0.47782452033832623,0.2442920658271769,1.4256807383491346,0.624031016100196,-1.1908272725219522,0.9067420111844937,2.1145463520598895,-0.4045103578781699,2.3386084367583186,-0.44501586031789636,-2.2492906363494694,-12.085922010225863,11.401986621075002,4.022095465390012,64.93345377061516
22.0,3.1,7.0,13.89,8.46,1088.5,5.42,62.8682,0.7473,30465.0,544.0,23.7417,15.1611,35.7857,16160.0,391.6363496124131,6.993276684364113,77.789,31.907,28.226,8.037,12.555758966506351,0.9191379276851872,47.4,302484.0,8.8,57.3,33.9,63896.0,41068.0,18414.0,9.819277128486252,7.904115227830772,0.4381657992565056,0.2590222331408918,63.9,0.0257330980450733,98.6,314.2,-1.2209012072750678,-19.757806035017907,-7.9324558869330195,-13.132238138038664,3.4547194814619915,-1.1500579484722886,-3.9128166300648206,0.11251986625293837,-0.02871171310233504,0.16790067386502994,-0.7638116657470043,0.14690862340542163,0.19661530005435246,-1.3181110920043047,0.8823293933179238,1.6939198317378754,0.14819875459807688,0.2209780990953245,0.19289401838555933,-0.7336698191519829,-0.7096091839112327,1.3858346238235637,0.32744347589090533,0.22459661914656484,0.5008874516142529,0.9083334329755354,0.9902738708273201,0.016042827246709912,-4.099210673489918,1.9137471400760113,-0.5436403980044012,0.8187204893492165,-0.7100562447619941,0.9858273543991763,-0.07085142620373475,-0.7610212665796284,-9.608654936123642,8.313744434264178,3.9365278385579576,64.93345377061516
6.0,3.1,7.9,11.13,8.28,1119.5,7.6,97.153246,1.5051,22704.0,603.4405868680999,11.4219,8.4222,23.795409,18373.02,371.52675503190966,9.874661869875633,61.11,25.96,23.28,5.82,24.61494990856973,0.4775021872663257,65.5,193424.9506420834,3.786310606464182,52.02179642033601,44.19187938339238,90072.0,39502.4,26966.29,10.53622467854088,6.818367587891776,8.389512313189808,0.5234059869036483,82.8,0.00212132,8.0,7.6,-7.625964540375087,-4.244103180012899,-1.495096449085202,0.031215984579951242,1.1188166026747792,0.7983640759244249,0.33881568124207373,-0.41205729527476526,0.0466308925316358,-0.04918138325292006,-0.17304405608214427,-0.4061913918145,-0.5927804701635613,-0.5558542074201004,-0.16622041860828182,-0.40836939220471885,-0.13220750291366137,0.05565971665394782,-0.15132193697461174,-0.37979063612253733,-0.7080198815868549,-1.5206646039437812,-0.10771664619290594,-0.28433727703833306,-0.17759227915434198,1.604065622606237,-0.2023636008279085,0.07555509587827436,-2.4094922849885188,0.3510185148349651,-5.6864634144414845,0.08993545912361396,-0.2149475084470276,-10.322645641530396,-0.0640604895943153,-0.31811088581569524,-2.7561296030754847,-17.92019637654458,-9.907312399017,64.93345377061516
0.0,20.3,15.2,11.685,8.274999999999999,352.0,2.82,0.7773,0.0,12.0,0.6876815804764671,0.0007,0.0051,0.023982,5294.6,171.42857142857144,9.824022578235246,0.0699999999999999,0.0,0.01,0.01,0.02819581891016,0.1652892186691128,90.7,3055.4045483894115,0.0595207257760765,21.668917363058736,78.2715619111652,78113.0,49348.53,31412.48,18.77858494367249,2.360204165039463,3.730853285200316,0.6732214686623013,106.5,0.0188140559633276,0.030405592,0.020506097,-5.554291021309328,0.529830800918862,-0.6327954790919708,-1.8069888587117509,0.5469404466861554,-6.552479311215381,-1.4685171600229419,0.5758886618268059,-0.1337308550509619,-0.03474366790382202,0.030302066631459873,-1.4102066701091827,-1.3122122809290893,-1.0098855365766213,-0.024896982262531026,-0.12811023539475458,-0.8775311437792453,-0.03311881814617736,0.04015790229818491,-1.1024474355570655,-1.7101415337800663,0.8659543008993689,1.3207185881910848,-2.9241530022754643,0.10409937557453901,1.3745114688583027,-3.387130114580504,-3.0119241382887885,-5.785956766004674,1.7947800008316215,-3.595933049279265,-1.575515796228622,-0.2694647598181234,-4.34112419049566,0.7264173414371909,0.7383186960996438,-6.331921131062942,-5.832698466242291,-12.687359440613848,64.93345377061516
13.0,19.4,16.5,10.405,8.09,1208.0,1.99,79.7603,1.3218,37783.0,436.0,32.0201,11.986,58.2589,19506.0,317.1284444481749,3.659529465087586,119.14099999999998,45.663,16.368,14.3018,22.549304697785008,0.6391463480032891,44.35,477241.0,11.4,37.1,51.5,71561.0,34380.0,21443.0,14.98400185022494,14.347792906389309,1.8324918038196647,0.2479057292855512,67.5,0.0915678671914663,24.2,37.0,7.2877669704426085,3.6616876256341744,-0.5401310478849337,8.754175649955867,3.9238833541376503,9.864687368154216,1.4955292401369664,-0.09540163578155066,-0.6272779145153861,-1.2102864574594427,-0.4061207399051637,-1.1898190531382968,-0.6825503385765493,-1.5433610355062406,0.2722227764440087,1.742242666822858,-0.8075429155273989,-0.4835531835630526,0.019277872745878,-0.428917474551127,-0.5090647255629305,-1.627574310880154,2.216626555149753,0.18308808201303117,-0.32506724337426224,2.2594041399812945,-2.521487152784441,-1.196043734981988,-5.415020282967016,-1.9289107615128167,-4.474087560161326,-0.9090825194555023,-0.9675868558681872,-3.0677264371436714,-0.5969794517910731,0.2075747921131564,-11.957136544169238,-52.80937275725882,1.0034565888826406,64.93345377061516
33.0,18.7,15.6,11.495,8.52,449.0,3.755,94.75,0.975,80886.0,573.0,36.035,30.6179,69.9425,59746.0,503.33227546810537,3.5656280919222656,160.701,59.489,57.403,13.697,44.04493523854282,0.7705005543685988,37.51,683165.0,24.81513784080998,29.71825110917296,45.46661105001707,37563.0,37438.88,16936.21,15.717915646179634,15.449625511761106,1.4422353381379165,0.3216419673452932,70.17,0.454219546054292,0.030405592,0.020506097,-1.9403156537655732,0.11616416237937917,-1.0878093371648963,-1.8031650556748102,1.9443254623841497,-6.512579348174235,-1.6205417873803523,0.22132436773894906,-0.029538425543965977,-0.5268047060600167,-0.12395813270316791,-0.45766195695536815,-0.05328588987390195,-1.2794702364566428,0.20445307670471516,-0.41228813480741106,-0.8620908069455369,-0.35038422410686815,-0.14592986131397478,-0.4092920071616148,-2.7273904934152973,-4.666853619511239,0.04232680306149026,0.5773728612127397,-1.8111031591364497,-3.0843115210533143,-4.1085783036084225,0.3464589535879597,1.7046924926883857,0.9419324015127485,0.10390086959737087,-0.43296923798198433,-0.5938483697734769,-3.041559868610154,-0.35387300316554865,-0.59408538633647,0.4746553010835006,-20.79495418575903,-11.631725979849385,64.93345377061516
33.0,18.7,14.7,12.06,8.364999999999998,815.0,4.2,94.75,0.975,80886.0,573.0,36.035,30.6179,69.9425,59746.0,503.33227546810537,3.5656280919222656,160.701,59.489,57.403,13.697,44.04493523854282,0.7705005543685988,37.51,683165.0,24.81513784080998,29.71825110917296,45.46661105001707,37563.0,37438.88,16936.21,15.717915646179634,15.449625511761106,1.4422353381379165,0.3216419673452932,70.17,0.3123402478151324,228.0,0.020506097,0.6920422753691673,1.0600244826047367,-0.0021772421151403285,-5.023977175642115,10.647512723957188,14.756324180190765,-3.591095970207826,-0.6622779740579418,-0.7427423349147034,-1.0870995521669589,-1.1766358546136564,-0.4073722905665633,-1.5664398145210008,-2.5877367826892685,-0.21252263085606193,-0.6873932402239499,-0.6866315256804221,-0.46916550659264056,-0.7865341733644408,-2.3246846177801506,-0.7096089473087336,-9.073730570034433,0.9347391930238036,6.660071078652205,5.4234780520480115,5.27518873970645,-5.684450372969731,1.3433781351086989,12.817167334690069,2.925414804676548,9.26353583569328,1.393394204559734,4.028188757194829,0.4595560733818764,0.5677594837577411,0.6885510563850404,-3.707536417309506,21.781217094751387,-14.585940142126441,64.93345377061516
4.0,18.0,17.9,9.715,8.07,1461.0,2.24,92.75,1.5386300675675677,45158.0,696.0,33.0483,14.6795,94.9691,6452.0,387.35632183908046,5.970149253731344,116.58,42.49,20.02,31.74,25.258358901966528,0.555059543918919,52.85,465622.0,12.3,44.1,43.6,67794.0,41956.5,22104.5,40.84636824324324,17.791976351351355,0.9989242570341496,0.2683831925675676,59.34,0.9170232271167484,0.030405592,84.2,-16.173078102748843,-6.960685166027395,-5.814907054042753,1.7142220804009893,-0.11140589607491513,-1.0494913899867486,-1.964820685150723,-0.5096060497158517,-0.5650346995207167,-0.5521427456336094,-0.40132909469461736,-0.010711937475327652,-0.6803721458092339,-0.8351842175656924,-0.6681513413631667,-0.18019862843987888,0.06808250857827484,-0.25571950370135466,-0.7237734973182276,-0.6790602658626933,-1.0297706368798387,-2.318949108552187,0.4715794044050073,-0.6341288899878657,-0.8221003783618409,-0.7141873613946753,0.5509473957866432,-0.2711007190573344,-3.813743223305791,3.809980040453375,-3.5748142329975967,-10.925446201545805,-0.33730509904213263,-0.780328223708396,0.3958023216389119,-2.2716584972913068,13.26967274089499,-18.89666613268045,-0.5584493183158339,64.93345377061516
25.0,18.4,23.9,10.975,8.545,916.0,3.14,113.44,6.47,113005.25,3048.97,56.37,31.11,123.25,170899.0,632.6927383685123,17.070544762331334,178.61,74.6,52.48,33.02,11.832260392384752,1.0136065476243834,41.19,962714.0,23.22925734100645,37.059541398199215,39.71120126079434,40450.0,30441.0,14677.0,7.420621787035737,5.286083690348805,0.6079000575173069,0.2002013844757149,68.94,0.8050009867127286,383.4,1014.6,23.30502077917878,15.191545174488184,19.924831434801842,67.67580591338998,30.804887628486995,22.562917685989913,-2.88127361894896,-25.19490867942572,2.513975837266384,13.794398236097777,17.1706446659534,9.144879726180797,25.752328564279406,25.535445892820125,-28.861540202146088,-7.123942131189007,9.674645003651579,2.2714931611996128,3.6807684628448154,0.028318977830929626,43.52756835680455,39.37814782998836,1.5422712016353965,0.23727008149338205,-14.443597005223857,-2.123337674210782,13.613271127517024,10.51166662779016,41.01940212836178,-11.671530227139584,33.15563262744808,13.324610375811652,3.641249428375939,40.620115926340226,0.8662234303463835,28.693179052655267,157.08041921012725,111.42464115917683,-14.217953163320189,64.93345377061516
25.0,18.4,22.0,13.445,8.2,893.0,1.65,113.44,6.47,113005.25,3048.97,56.37,31.11,123.25,170899.0,632.6927383685123,17.070544762331334,178.61,74.6,52.48,33.02,11.832260392384752,1.0136065476243834,41.19,962714.0,23.22925734100645,37.059541398199215,39.71120126079434,40450.0,30441.0,14677.0,7.420621787035737,5.286083690348805,0.6079000575173069,0.2002013844757149,68.94,0.8085891795930243,0.030405592,15.8,1.1027695784127969,2.4495015778423608,10.890169356803723,-3.9445384813286357,6.004149818187578,6.43015605295077,-1.7192562307665755,-5.266739582034449,-26.192855175007136,2.2801495568205916,3.6958572281571116,1.5201323717987785,5.2159300400689235,3.3915950074139976,-1.4809093195417278,0.708664421464006,1.985223132694762,0.13220616966796475,2.353567445023607,4.549073984793698,8.79297993239326,0.9259189499169587,3.208229790022596,0.8298963775175315,1.3362543376286833,2.557961788577959,-0.5481757589367536,2.196867529864733,1.7174236513922612,-2.9490433712334685,4.9514072304902,3.1149547938381636,1.5835421381766592,1.6241905774797007,-0.0030902821477504596,0.7394798809258892,37.418957729193686,-62.89704251856079,-10.293432445889342,64.93345377061516
46.0,19.0,18.7,9.575,7.970000000000001,1199.0,3.73,97.05,1.21,106381.0,2590.42,55.63,35.38,100.73,137331.0,610.4028000918064,14.863552903373884,174.27999999999997,73.07,53.35,21.39,11.545413701275482,1.3286396630675812,42.31,858592.0,16.673582357043852,41.11565010222189,42.21076754073426,42877.0,31410.0,15449.0,10.182451797210655,6.929020407132105,0.954641587443107,0.2674869382660009,92.11,1.2200964293336818,57.6,143.6,3.874596486054365,21.383481638872382,8.406818012573444,22.63012778347048,10.220176250138318,10.204515601430709,-10.363197227412215,-7.849962688200173,-0.14909325813253696,-0.16196553188686677,0.9154923802101992,-1.8395547144766862,-0.3093246761073066,0.9013093269150687,-2.2335869451348365,-17.807504597725348,1.7579851698689168,0.8550898929561175,2.577666919762265,-0.7069606301933522,3.1161487266452355,3.4986764289562893,-3.3487892941944284,0.027107012299819527,-0.9071569759119296,-0.7903537107538442,-0.026207951825732323,4.863720884565266,6.800687052222588,-8.119737937922276,3.832049766418832,3.3474559644578616,-0.6418928025383472,7.3809264686921,-0.16568319401859335,-2.719924755652128,56.59543047196232,23.470282693789343,8.453749824951712,64.93345377061516
15.0,20.0,19.4,9.77,8.1,1231.5,4.85,60.6455,0.7705,18738.0,201.0,20.6519,13.225,27.4686,21790.0,236.6058463286824,2.5380390176147487,79.195,32.652,23.515,6.148,12.782698470895246,0.7724210753786316,47.21,209885.0,11.2,48.7,31.3,49780.0,37342.0,15884.0,8.251880779338212,6.642425473153561,0.2421040892193308,0.2176759611841297,53.7,0.5304627334814505,37.0,81.0,33.81379043955511,10.921903913952411,6.9495785926825695,20.10386502117384,13.544243513373663,23.90698127248014,-11.983084609306724,0.8394188995690411,2.7480138351395755,-0.8494992127704138,0.387454120771336,-1.3231279315116506,-2.0758811606808223,-4.291272668587044,-1.7417538149841143,2.0601522984076266,5.996330325965144,0.7622651089169086,-0.28627516705853456,-7.410905532650651,-2.0775499445914005,1.143740150867962,1.120290731259934,0.5401767134821664,9.806824461749443,2.3624108120457556,5.629443280569588,3.862351412437855,2.0234371703397493,3.9116780648815106,3.731617507397505,5.689431207474943,-1.125641273589182,9.518559610747422,-1.6001838509257251,-4.984684850180831,-21.576983324449202,28.59042675881957,10.28033796477442,64.93345377061516
19.0,18.6,23.8,17.225,8.89,1229.0,3.98,62.8682,0.7473,30465.0,544.0,23.7417,15.1611,35.7857,16160.0,391.6363496124131,6.993276684364113,77.789,31.907,28.226,8.037,12.555758966506351,0.9191379276851872,47.4,302484.0,8.8,57.3,33.9,63896.0,41068.0,18414.0,9.819277128486252,7.904115227830772,0.4381657992565056,0.2590222331408918,63.9,1.0346178481593935,0.030405592,44.6,-4.029358542306968,1.913544733319431,18.43563575611139,-20.450697295690578,-9.86859892381045,12.118394012004137,-10.849833034304902,3.8352669615081205,2.608624791090064,0.9650276407692577,-0.8868296308815508,1.4687000304957232,1.8366550829339154,-0.0477137547389909,0.955229075845951,3.8113014755335946,1.3090585724590351,1.171951910664017,6.592737143728883,1.564005864517143,2.6051826535227396,4.157407655110586,-0.31642743518886424,0.2824076431865499,1.3646577970838798,-0.08216769654924623,3.4708153861512763,-0.21339653075672574,-4.460390438654772,8.165320107654354,-0.9249894171829028,1.5271629511316605,-1.844004733582647,10.384668979798443,-1.1938339913170797,-1.5345036100068417,49.17362513356843,-6.500575171339638,10.00942477477404,64.93345377061516
4.0,19.6,13.6,11.905,8.355,1489.0,6.84,97.153246,1.5051,22704.0,603.4405868680999,11.4219,8.4222,23.795409,18373.02,371.52675503190966,9.874661869875633,61.11,25.96,23.28,5.82,24.61494990856973,0.4775021872663257,65.5,193424.9506420834,3.786310606464182,52.02179642033601,44.19187938339238,90072.0,39502.4,26966.29,10.53622467854088,6.818367587891776,8.389512313189808,0.5234059869036483,82.8,0.0309265087899669,0.030405592,6.4,-10.513470864749202,0.8855072526633744,-0.3408924971582991,-2.2008540457308605,1.6526541787091027,-0.027108314468059353,-0.6637177380422749,-0.6753409554498891,-0.1154485852907724,0.02669184702914193,-0.339286158325461,-0.6929569950948163,-1.3824310944857994,-1.0641307979791115,0.5025495253348106,-0.20079108460573483,-1.3546453259388607,0.15150564745068634,-0.033155210209855734,-0.48824733649846147,-1.1096655505647262,-2.589048653328791,0.8488494345871733,-0.6058522711368279,0.1430111808873091,-0.42118781270304106,-0.12443226633671167,-0.12282324608881022,-4.532075574938208,2.2019307697347057,-3.6915819091582667,0.08354952784876098,-1.348823811337352,-14.858271172073048,0.43417807624985705,0.08527400513800498,-6.365429796290893,-6.086872402615845,-9.937778067189889,64.93345377061516
406.5,28.1,31.4,10.41,8.215,628.5,1.83,1.2429,0.0576,178.0,2.865339918651946,0.0803,0.0452,0.0112959999999999,74.0,635.7142857142857,10.233356852328376,0.28,0.14,0.08,0.0,0.1127832756406402,0.0717922868966855,97.4,2310.438051510152,0.0183640280367156,11.209851980137037,88.77178399182625,126700.0,55075.29,33831.22,30.733895233898767,1.0251391827949203,4.746573554900874,1.0265837231057064,162.4,0.0927024619334822,14.0,39.8,-1.588768647316999,0.7597764268812423,0.06997882722411335,2.183015986246368,-0.307412000321783,-0.7842436784723156,-0.6350153785649066,1.2258972936100323,0.637779566263004,0.27143365042206474,-1.063891195724718,-0.963077255687676,-0.6229633560272246,-1.3302233952182971,0.1686323217372411,-1.5888588206625236,-0.645603802717912,0.06519574096426321,0.36668830771464817,-1.7503939050420503,-1.4587771818367756,1.956820306647571,0.6020648056734351,-2.636355843606871,-0.23962238758491936,-0.5771151077871525,-3.7881763213686654,-1.7170927406614647,-8.673476134986462,1.2589068570546806,-9.686196187504875,-4.77862092412853,-1.1755482156419503,-4.892165319997196,-6.842909981808624,2.5112263594334943,-9.056843000658944,-10.033194692162798,-0.0975171194039283,64.93345377061516
430.2,27.3,30.6,9.905,8.28,253.5,3.53,102.81,1.7645,47925.0,843.0,43.5255,20.1416,83.8778,77459.0,294.8686396357596,5.186734756660309,162.53,65.61,36.45,18.38,34.437046921982514,1.6325084864460302,44.34,791032.0,14.2,49.0,36.8,60352.0,33354.0,19580.0,15.09150601532647,12.226414519989854,1.982933986704912,0.251596591393268,73.72,0.5694901564693658,46.8,55.0,0.028796910570623464,2.4094711751615008,3.489829006469808,5.9653088946299,4.947991570870703,-23.066321089758222,-4.024160803930524,-1.5466671540277706,-0.3552189272781838,-1.4582830284691102,-0.39286332930438234,-0.4828052285965529,-0.8361316709918897,-0.5674585350641674,-2.5978465354908256,0.3970156111607026,0.16435109977920778,-0.7124582779873158,-1.0560524581403794,-0.14966048853471867,0.6531280746582588,-6.665429612936761,-1.8868885923456402,0.18966381712506233,-4.440561381507044,-0.49329325992924405,1.017605051218221,-0.9000223994301634,-1.7911669687554232,-1.16297068814747,-0.5352677516484,-0.17249556061966898,0.1456617984020454,-6.216684705892888,0.13944066934132238,0.18698775104402307,-7.910739929166933,4.435775664436321,-0.7299418198045652,64.93345377061516
149.9,25.8,26.7,6.665,7.605,390.0,1.68,156.26,3.7,71109.0,604.0,25.5392,19.687,31.444,45417.0,639.9701205079514,5.435907589570977,111.113,48.363,43.95,6.87,30.453854606755456,0.8473062281162614,50.12,299186.0,8.188156481532047,41.53969380882165,50.2721497096463,56528.0,34807.04,22100.67,29.449202691670408,16.989687864542002,4.19935794066213,0.4460450312437009,97.31,0.0487243180236664,13.4,7.2,-0.27473121545044654,1.141533249197528,2.077261558774238,0.6913731788331638,-7.958255723889451,-2.903507490521685,-0.17016577026961974,-1.8208043786262476,-0.020798152897817463,-0.42723286780606307,-0.07946934317781884,-0.7178776306938383,-0.3582667368603874,-0.6365399035221585,-0.015298702306269828,-1.2819320890408317,-0.25454949495304907,-0.21368208993226298,-0.6644104936249396,-0.2796072607821159,-1.3964782044989983,-2.5469640458549843,0.370977049985668,-0.057375621200382976,1.3275568191745934,0.7755390589009036,-0.624094964912317,-0.290069179907441,-2.6791160709271207,-0.7732321033269779,-1.8012617435562415,-5.519146907748655,-0.01770120027319854,-7.012855162864241,1.0256353362991162,2.880248059179479,-7.692920294347374,-12.246004907010743,-14.434033192317777,64.93345377061516
320.3,27.8,30.9,11.565,8.120000000000001,499.5,4.39,79.7603,1.3218,37783.0,436.0,32.0201,11.986,58.2589,19506.0,317.1284444481749,3.659529465087586,119.14099999999998,45.663,16.368,14.3018,22.549304697785008,0.6391463480032891,44.35,477241.0,11.4,37.1,51.5,71561.0,34380.0,21443.0,14.98400185022494,14.347792906389309,1.8324918038196647,0.2479057292855512,67.5,0.467769413433714,87.2,28.2,16.1018141674716,9.472916078272585,14.191473996403317,11.57906516208624,16.98980849128527,7.379865636176742,-4.4004054662833605,1.6776268819750608,0.9050855911833539,0.5454252706530204,0.17946446960791995,1.9030380501660236,0.5251251986917733,2.373016339616538,4.926474460974953,4.026908571516781,0.5758279654740642,-1.089257995650793,1.2267783873310936,2.7210852140514166,-0.7321987295212834,-6.2993132405340075,1.6162401419691743,1.2724744657054536,6.163309113682868,12.291020533644287,7.777734800077354,1.928661145598938,-1.9555898781369134,10.199491942470585,-8.27496585775477,2.091150848713395,0.3000657521079629,-1.3386526530235994,2.039070290978996,4.28461509827214,3.9521072299048927,31.904815856612604,21.42744748257411,64.93345377061516
324.2,27.7,27.9,6.74,7.495,355.5,4.52,65.48,1.159547297297297,35404.0,628.0,32.7396,23.8933,28.3358,18135.0,353.61566120655215,6.272473032361166,100.12,42.91,32.89,6.89,21.692116085648387,0.4183057432432432,45.82,494396.0,16.2,34.7,49.1,52830.0,29483.6,14569.4,30.782770270270262,13.408445945945948,0.4610408828493061,0.2022597972972973,44.72,0.0078449970823329,68.8,40.4,-1.7153122465855752,1.5007152935823738,1.312459426508284,1.8707635364728052,-11.379823465377557,-11.253335752080504,-2.04354261622997,0.2796094884715665,-0.47662637114214274,-0.9159257815964521,0.2504623285308483,-0.4610337306450429,-0.9626950087848435,-0.8386571418346529,0.7045179552623692,0.3523545965738601,-0.560695086071888,0.047104205948611456,-0.5622316090871281,0.4228392453336462,-0.7640602887840945,-2.1271637542390565,0.6877686398103822,0.17065293752277877,1.8373634824583611,0.21925265482316503,-2.422857457433517,-1.2929632040935877,0.15706867768506855,-6.239151390930638,1.266593970433654,-8.37180875243619,-0.18797768536334192,1.631078875834743,-1.4115535587708772,-8.616556985946373,-13.457637208721136,0.07854921902685115,-1.4976614267146209,64.93345377061516
233.8,27.8,29.1,3.65,7.705,454.5,3.68,107.34,6.28,66001.9,1675.31,49.3,18.28,103.68,17174.4,435.2825957923893,11.048671107300668,151.63,65.22,31.43,27.37,10.04493389674318,0.8095851014325984,41.74,774172.0,21.96364940618549,42.590832655196046,35.44551793861847,49137.0,30324.0,14574.0,6.059303494414041,4.22208657852724,0.6829462442173873,0.1613749773036768,55.57,0.5772510926957121,200.6,105.6,10.013371864215785,5.5846628605946895,8.007451718274192,9.671812096525295,-8.147623230294945,-7.047734022317454,-7.11204653922779,0.563899153292487,-0.9848364706415061,-1.4340910338284427,-0.6623969259330368,-0.10781661527231279,-0.21314460444419225,1.2489857398408135,1.8213386302798362,0.3416881502481788,-0.9491301126948862,-0.4479251740903922,-1.0306350438700385,-1.7415982072334746,2.588662949913802,1.5728796710399886,0.4718318167484066,2.102429586451811,-5.19291454154222,-2.1173954641291233,2.309644205020741,2.950991802785237,2.4605221824316916,-6.724939982475092,4.141680886254956,5.9840995854418715,-1.0303763830553125,4.807015234160548,-2.7750780852247643,-2.68859036473402,-15.345102038353991,39.29949952704522,7.087833962381509,64.93345377061516
289.9,27.7,28.5,2.965,7.505,599.5,4.1,86.2176,3.9735,25523.0,815.0,31.1163,21.4397,17.1606,5383.0,209.2032032524324,6.680273112515471,122.001,42.695,30.889,6.378066666666666,23.09060459820272,0.495701072671828,46.74,578032.0,13.2,34.4,52.4,70896.0,35317.0,22722.0,12.79694947845151,11.127680470035047,1.418914034866713,0.2008954576580689,54.7,0.4037236209992085,273.0,287.8,8.35290872761359,6.63724216422066,15.85527129025509,7.150224347030743,-8.747631428205253,-0.4614106083684601,-5.5802237755781965,-1.3203565609765537,2.8719874820772873,0.3070116891215247,-1.8665635862799048,0.411085423013039,-0.9818827965607246,-2.027281947652808,-1.1001491670683032,1.8731065115573182,-2.579261672887951,-0.47110443527577406,-1.6598166735664315,-0.692752509298734,-3.140592856553074,-4.822345106167099,-1.5177982161659755,0.6188547113615387,-3.1077559212812544,-0.07216222922627995,-10.127896235025643,-6.245698252456883,-9.436054235349099,-2.2595448601742603,-6.412135583587613,1.6003566591798644,-0.20894506644302227,0.6953969868257021,-1.9647406454306697,-13.915806298937339,-2.9302385281212633,35.803444961500354,17.552583708106543,64.93345377061516
307.4,28.4,27.3,2.87,7.675,501.5,2.75,97.05,1.21,106381.0,2590.42,55.63,35.38,100.73,137331.0,610.4028000918064,14.863552903373884,174.27999999999997,73.07,53.35,21.39,11.545413701275482,1.3286396630675812,42.31,858592.0,16.673582357043852,41.11565010222189,42.21076754073426,42877.0,31410.0,15449.0,10.182451797210655,6.929020407132105,0.954641587443107,0.2674869382660009,92.11,0.023380059435449,101.2,281.4,-2.231263656358545,3.165362844310392,2.393277309451562,4.005830957938451,-19.967697534720255,-4.784670365724401,-3.339935040776618,-0.27859478374632723,0.156539519947643,-1.199940854332721,1.2985503067045168,0.7254439363457893,1.0205967511205618,0.0187349649394557,-2.296791489391278,-5.210320990225299,-0.09312774622812887,-0.7174848806764936,0.12437008515466068,-1.0200740666283916,0.28851806597784213,1.4227031130824852,-1.3307670535519702,0.4579950456437662,-5.253472901432154,-0.9385578415946426,0.25118232219945485,0.08774270847439854,0.9199593754578386,-5.048315468921015,1.648994529129317,0.3550618299903972,-0.9309737146118039,1.9832383199346566,-0.20629770037562908,1.6188182039093235,-18.82404110241526,7.676511862089389,0.7540257961737615,64.93345377061516
69.7,28.6,29.4,3.185,7.529999999999999,440.0,3.65,126.195,0.9478,45899.0,1702.0,58.722,16.8508,63.7322,13048.0,223.4017181377917,8.284052468910467,205.455,93.926,30.942,16.87,33.16205965449566,1.7174502122943875,39.64,605389.0,14.2,42.9,42.8,42227.0,38884.0,17032.0,18.34775726355647,14.769191834162667,0.4028414498141264,0.4839945952585677,119.4,0.00212132,424.8,304.4,2.390904311488848,3.075691936016083,2.462381710574653,6.213895091218874,-12.45189182847428,-22.066108509646728,-5.70394811071766,-1.7596569203484493,-0.7731079935484265,0.2504290076283109,-1.063559186233518,-0.46474818349505514,-0.658203278974009,0.35537584762399366,1.2869841001663975,1.1832554567838083,-1.2090866078591584,-0.6144323580913872,-0.6616813161689771,1.542022744451339,1.0346200115784696,-7.015676200668483,-5.101239555768358,0.35881126473657776,-2.19725672681195,-1.441221413544068,-0.33120641188851313,0.48349108487678133,1.2308049987768754,0.4550579429743807,0.4233296191226688,-0.7753619045096783,-0.13575653901168275,1.0560099716515587,0.5163526699350519,1.0128611080752075,-20.397477124069507,19.946866027380647,10.33187610841201,64.93345377061516
114.4,28.8,28.6,3.875,7.52,731.0,7.07,53.8484,0.7,22791.0,176.0,19.9075,9.7003,26.1024,22316.0,289.4793664503182,2.235459983996139,78.731,30.36,17.926,5.442,12.707805206288954,0.8544099046087655,49.59,270490.0,11.8,40.1,56.9,45128.0,39616.0,17109.0,9.127778739156234,7.347487394884943,0.1563167286245353,0.2407812308070261,59.4,0.301050806649366,458.2,306.8,0.8658820687513783,8.83419371047678,5.242637312713388,12.370931296076932,-12.952517418550173,1.1062908647706118,-2.164219713377145,2.1668298416057,-1.4973491343623067,-0.47632503134043286,0.7632571695962295,-1.406478419837848,-2.1848305652655338,-2.1085476504475777,2.7217593958725512,2.114236956414143,1.5419710871002958,0.1448410381562996,-0.3656206505062709,0.081059191840079,-2.104344207722074,2.514548017398147,0.9067114010290211,1.9836338506297528,6.166657476943605,3.358538434836859,2.949516546383189,-4.286256798855027,3.065136725296423,2.449737221080188,1.299353575076288,5.423567408720653,1.8217245183729875,1.4538422352603309,1.539430688168699,-0.4139758838193182,-12.396726456383865,43.297438050002484,21.147574333138767,64.93345377061516
354.1,28.0,26.9,2.185,7.359999999999999,305.5,7.57,78.86,1.51,42101.0,1310.02,57.39,30.39,103.24,45409.14,239.6050310170167,7.455580217403678,175.70999999999998,75.89,47.08,23.13,11.640145980325425,1.1288686636714582,52.2,686334.0,16.06716086336319,29.95130135865117,53.98150854710848,36106.0,32559.0,16815.0,12.881572327495135,5.887189901806822,0.6001059414337037,0.2742822855197458,94.45,0.0605202489725886,893.6,655.6,-0.2695135224036254,4.30919987724318,3.705037123196913,10.251097918893985,-26.987420189948754,-21.64443291278556,4.897452367730441,0.605564908284383,-0.48514020198956115,-0.9290691352169963,-0.7314795500847208,-0.9101239969457197,1.1294258604509135,1.1846452398458494,1.3688307686445,-0.8635323157627134,0.02254401084345936,-0.9875688590249041,-0.967189352988885,-0.10639489321969393,0.17729115434301482,1.2540331088844674,-1.4455435642049037,-0.5307210011749236,-1.6510766752801533,-2.6126194019677755,-2.965804887087239,0.1946248366854455,8.123987323404291,-1.7396672774447746,0.6833915967501994,-0.4239729568222527,1.4332009389561924,3.8130805479269494,1.1089684283259944,3.8048008897202092,-24.781096107778136,29.91527441131107,18.243971790875463,64.93345377061516
3.0,3.8,7.9,14.545,8.375,982.5,8.57,1.2429,0.0576,178.0,2.865339918651946,0.0803,0.0452,0.0112959999999999,74.0,635.7142857142857,10.233356852328376,0.28,0.14,0.08,0.0,0.1127832756406402,0.0717922868966855,97.4,2310.438051510152,0.0183640280367156,11.209851980137037,88.77178399182625,126700.0,55075.29,33831.22,30.733895233898767,1.0251391827949203,4.746573554900874,1.0265837231057064,162.4,0.00212132,14.4,59.2,-3.290891987385694,-1.6617289465991776,-0.4322999564185741,-4.243102328778865,1.0315402768047834,-0.01116182761033981,0.3573852336267011,1.1273209267777082,-0.20728156533557884,-0.03949961002140021,-0.6411881461770598,-2.5619233947231748,-0.6305493158536648,-0.5790052531644082,0.19450057457822104,-3.5627146227890627,-0.04107250823639308,-0.3688584921322759,-0.3969064203230664,-0.651145167088447,-0.3995114311249928,0.6725225462826595,0.4338173362038418,-4.0389487585720305,0.20364136520152334,1.0117705084740491,-7.644811767983872,-7.719812120961335,-8.716393690156595,-1.4133722196418486,-5.102497430684356,-1.8871633182248722,-0.39785320612524305,-1.6173416309935664,-2.006053254891497,1.1725625407059368,-4.994727126806976,-5.8464920181750015,0.039942664719032045,64.93345377061516
7.0,2.8,8.6,16.765,8.7,961.5,6.2,102.81,1.7645,47925.0,843.0,43.5255,20.1416,83.8778,77459.0,294.8686396357596,5.186734756660309,162.53,65.61,36.45,18.38,34.437046921982514,1.6325084864460302,44.34,791032.0,14.2,49.0,36.8,60352.0,33354.0,19580.0,15.09150601532647,12.226414519989854,1.982933986704912,0.251596591393268,73.72,0.2102538985775146,17.0,31.4,-8.372118491326303,-0.7511771972229081,-0.6350884826388221,-10.280318210802507,-6.613651324276968,-0.19617779462442933,-0.5943875026796007,-1.139000429503309,0.3253721973439676,-0.5642943431933723,-0.45308506693070205,0.2918654820214333,-0.4091707099617145,-0.17520535989509264,-0.5695618911948986,0.5700903219465793,0.03190878596156865,-0.3017105145876597,-0.45781320155598243,-0.8890248343689988,-1.0222166879319892,-5.271160280852733,-0.894217968274218,0.02730398591763068,-2.8039887763901308,-0.7470135108979111,0.12960608376966118,-0.35671872288299084,-0.3935480680782348,-2.0935448499334357,-0.3445454374669736,-1.006973185841149,-1.1679012232739479,-3.165046341110332,-0.23041493018313006,0.3770456052509438,-3.13799201582248,-12.443644917747006,0.8616501583601343,64.93345377061516
6.0,3.8,4.0,14.315,8.395,588.0,2.57,156.26,3.7,71109.0,604.0,25.5392,19.687,31.444,45417.0,639.9701205079514,5.435907589570977,111.113,48.363,43.95,6.87,30.453854606755456,0.8473062281162614,50.12,299186.0,8.188156481532047,41.53969380882165,50.2721497096463,56528.0,34807.04,22100.67,29.449202691670408,16.989687864542002,4.19935794066213,0.4460450312437009,97.31,0.1066106671533073,24.6,14.6,-8.254076510736098,-2.447426362286011,-4.489244460348661,-3.3305957682989535,1.1530110368179154,-1.1750701006160431,-0.9308466030082974,-3.45066774202666,-0.6660281693671524,-0.3698601529141885,-0.4720530681839834,-0.10628096831031131,0.6320320021811253,-0.28512933965462023,-0.5598665288059664,-0.04707507147143273,0.31945766498024225,-0.4114959810332696,-0.3055988225961727,0.020080640514692105,-1.304268519645557,-2.28319010510575,-0.42090035621387273,-0.4424377842557931,-0.10698515484109465,0.31208122238827246,-0.13924543150079746,0.013344278984392341,-0.10773652208813837,-1.2314573786904404,-0.9454713031960039,-3.724880856852978,-0.3697707650965702,-7.651696830300305,0.540696461689658,0.9015698779871067,-6.481262057580365,-9.427686289640453,-6.7844453685482335,64.93345377061516
16.0,3.3,7.2,9.945,8.370000000000001,809.0,4.39,79.7603,1.3218,37783.0,436.0,32.0201,11.986,58.2589,19506.0,317.1284444481749,3.659529465087586,119.14099999999998,45.663,16.368,14.3018,22.549304697785008,0.6391463480032891,44.35,477241.0,11.4,37.1,51.5,71561.0,34380.0,21443.0,14.98400185022494,14.347792906389309,1.8324918038196647,0.2479057292855512,67.5,0.0366975956474452,54.8,54.6,1.9565893574990325,-17.07797390534853,-6.8277878053827825,3.5644153768258797,4.010766489588036,0.370349424490706,-2.755760391053434,-0.33319478974367184,0.37257845751009855,0.05628504073247257,-0.5540371520072226,-0.30282217267279893,-1.2584551484106734,-0.7077026042745763,-0.08798879000668662,0.7136847530025991,-0.1435199044800061,-0.8970318064652377,0.3190704879071564,-0.6917123428219928,-0.8508390776067948,-0.9886361489227671,0.9333961016995218,0.42222112273797335,0.8641609276179228,0.5326436312589794,-0.3593601895620429,-0.19204415402995986,-5.443300937687357,-1.2041773862515892,-4.628589851126695,-0.34109702809713865,0.4795847561489783,-1.5294296738272524,0.3766939288067322,-0.06395921286816335,-12.267929143225777,4.780179227835808,1.4853755012201135,64.93345377061516
38.0,2.8,6.7,14.595,8.315000000000001,483.5,1.51,65.48,1.159547297297297,35404.0,628.0,32.7396,23.8933,28.3358,18135.0,353.61566120655215,6.272473032361166,100.12,42.91,32.89,6.89,21.692116085648387,0.4183057432432432,45.82,494396.0,16.2,34.7,49.1,52830.0,29483.6,14569.4,30.782770270270262,13.408445945945948,0.4610408828493061,0.2022597972972973,44.72,0.0069114811065227,77.8,10.8,0.8447082724686088,0.21726608188512384,-2.814773013324786,-13.157590650261069,2.8372708173329015,-3.9567457813598836,2.6758322123282894,0.31569949099017974,0.08387053969160944,-0.35407343694164073,-0.8476153505997113,-0.16276610643602854,-1.2708767059321198,-0.7624785576807334,-0.06314637765288371,0.2899822280323132,-1.147337338402868,-0.41102605864095176,-0.19249151607354564,-0.4025698600771524,-0.06150016616409074,-1.4528370078559962,1.5701846252816416,-0.30269236779150793,0.40717536520212905,-0.42100033154090205,-1.6046243830490858,-1.9420527281301714,-0.09048864062875528,-8.3966118642486,1.7405752950596314,-10.857077048250163,-0.27710422004262597,2.6708222521484513,-1.5357236754676957,-5.267574594390267,-7.402896519390244,3.154880113621864,-13.152804681728595,64.93345377061516
9.0,3.0,7.4,15.845,8.64,1008.5,9.28,107.34,6.28,66001.9,1675.31,49.3,18.28,103.68,17174.4,435.2825957923893,11.048671107300668,151.63,65.22,31.43,27.37,10.04493389674318,0.8095851014325984,41.74,774172.0,21.96364940618549,42.590832655196046,35.44551793861847,49137.0,30324.0,14574.0,6.059303494414041,4.22208657852724,0.6829462442173873,0.1613749773036768,55.57,0.00212132,121.4,48.8,-24.479319079946723,5.137395288683474,3.264500835385794,-25.04363474006144,-4.055780023820698,3.6591560739061486,8.69167226261304,-1.0335633782514686,0.9351963018563891,-1.2522954326557616,-0.6581223360014453,-0.02772661600572442,-0.8899424641486253,-0.3631543173051132,1.2186406191640222,-0.1126352602817741,-0.08157853225711668,-0.39480601517483577,-0.6247689043947807,-0.2525297747536879,2.2038150330043096,2.7852892976688843,0.8523492285236709,0.6091744623395309,-3.0894925631800043,-2.896689776767355,1.2365265554562213,1.3318254322589684,2.3518899352817484,-6.382657730393113,2.6836566973881184,5.59048119524494,1.9262580888392413,2.110092673633868,-1.509428439131006,-0.1349259179737413,-3.80740971098654,26.29262919865859,-1.4120947934764747,64.93345377061516
11.0,2.5,7.4,13.59,8.344999999999999,1163.5,5.85,86.2176,3.9735,25523.0,815.0,31.1163,21.4397,17.1606,5383.0,209.2032032524324,6.680273112515471,122.001,42.695,30.889,6.378066666666666,23.09060459820272,0.495701072671828,46.74,578032.0,13.2,34.4,52.4,70896.0,35317.0,22722.0,12.79694947845151,11.127680470035047,1.418914034866713,0.2008954576580689,54.7,0.0713436071466429,55.2,52.6,-8.231156131718306,-3.2968008091393846,1.0916435173836845,-7.7362726614158595,2.8640327520171796,3.8841292449878524,-0.981851585006031,-0.6963080058308955,-1.7430918558112645,-0.10668485090291857,-0.595972347535814,-0.8493450250569735,-1.054061536792045,-1.613271976655039,0.5285053999815141,1.730578774535097,-0.45186560280155463,-1.0566307837888582,-0.4858954231844597,-0.2571360139610861,-1.8392416379073013,-2.5842373703389128,0.26961342872586114,0.3984163867930564,-5.224319255240261,-0.1766370960821718,-5.2871280387106045,-3.6920455033083748,-9.094091605146726,0.786275594811887,-4.934910676662501,-0.1289717222657051,-0.6540091174685699,-0.16610291267434807,-0.8052315567371734,-3.245352042249093,-4.499684430022413,3.589438263628011,1.0681194887869054,64.93345377061516
21.0,3.6,6.0,11.239999999999998,8.254999999999999,1068.5,5.37,97.05,1.21,106381.0,2590.42,55.63,35.38,100.73,137331.0,610.4028000918064,14.863552903373884,174.27999999999997,73.07,53.35,21.39,11.545413701275482,1.3286396630675812,42.31,858592.0,16.673582357043852,41.11565010222189,42.21076754073426,42877.0,31410.0,15449.0,10.182451797210655,6.929020407132105,0.954641587443107,0.2674869382660009,92.11,0.0267632649801488,175.6,409.6,0.1497920787582808,-15.51454065527146,-17.406768762627618,2.8845230025021986,-0.44776496680143013,-0.21415117014820448,-2.902675376610521,-1.732824100960667,-0.042751794839277345,-0.3563733007743342,-0.18706001915658513,0.4497056902044756,0.2240851607608286,0.7900330327202881,-0.84680252593942,-3.221890701893716,-0.6579214368139695,-0.4629682270934173,0.33175783517770413,0.5537118282696841,-0.9618325825780634,1.370284575531259,-0.4657525380204115,0.5460958071704974,-2.3368830600536135,-1.987937879823149,-0.05148096397208679,0.40014749797682,1.9804462578551225,-3.7667185658433784,0.5615061490237725,0.7241862057366714,-0.5556487888563423,1.0688745341449992,-0.11942231311773188,1.4221231381657227,-13.55850522380012,15.725267590231573,0.5101878191934265,64.93345377061516
17.0,3.8,7.2,13.705,8.455,982.0,7.16,126.195,0.9478,45899.0,1702.0,58.722,16.8508,63.7322,13048.0,223.4017181377917,8.284052468910467,205.455,93.926,30.942,16.87,33.16205965449566,1.7174502122943875,39.64,605389.0,14.2,42.9,42.8,42227.0,38884.0,17032.0,18.34775726355647,14.769191834162667,0.4028414498141264,0.4839945952585677,119.4,0.21,68.2,215.2,-2.282261959533207,-7.796237655434137,-5.312755655584238,-12.962395700161968,3.443998293047771,-1.5083674059792729,-2.6436899140678967,-1.3182893347941966,0.8016935478802768,0.048863039972881474,-1.0265448408278932,-0.5676906424574559,-0.8951331514865156,-0.04219586768653253,0.796876155976208,-1.416476462596718,-0.7269826678543669,-0.6491880012520891,-0.23899766822035082,0.21960883409095308,-0.5478225141111754,-4.622398227999607,-2.394497955458549,0.35725425628945356,-2.282069206542025,-1.0029171880272523,-0.17089752304367747,0.1245767536945636,1.288764503059597,2.1059707176328324,0.8601475480509291,-0.038361212415619995,0.8584124296500025,0.87829758121632,0.1908776207516588,0.16074047006511463,-12.325809250771997,6.255523439124226,3.460749322776682,64.93345377061516
26.0,4.3,6.8,12.645,8.405000000000001,1516.5,7.39,53.8484,0.7,22791.0,176.0,19.9075,9.7003,26.1024,22316.0,289.4793664503182,2.235459983996139,78.731,30.36,17.926,5.442,12.707805206288954,0.8544099046087655,49.59,270490.0,11.8,40.1,56.9,45128.0,39616.0,17109.0,9.127778739156234,7.347487394884943,0.1563167286245353,0.2407812308070261,59.4,0.1278791020367565,75.4,121.8,-2.5130263452309496,-10.886968550734842,-10.974537917940566,-3.332908149911091,6.0135318160336455,5.212249390771611,2.8269726272548237,0.9476394309460504,-0.2974864825466632,-0.20601326793121957,-0.9019209952900802,-0.18083283104623446,0.29763496503389025,0.3973217035612719,1.0715871046607688,1.6491012833639997,-0.21568338113526556,1.3210470459020394,0.5716315748185563,0.5487356026299922,-0.30224924248022295,1.9178050631936643,0.4430776107093963,0.8398819914118704,4.310436277611491,0.6876771278306842,4.848247922475759,-1.5537963923128943,4.100295527554119,6.37296809112032,3.445341351212315,6.491182086371506,1.2921135262322292,5.245505368929975,0.22897739604425915,-0.6845717774688568,-16.474713377465182,12.756646318988253,4.164817695689076,64.93345377061516
21.0,3.3,6.8,14.385000000000002,8.370000000000001,1125.5,5.43,78.86,1.51,42101.0,1310.02,57.39,30.39,103.24,45409.14,239.6050310170167,7.455580217403678,175.70999999999998,75.89,47.08,23.13,11.640145980325425,1.1288686636714582,52.2,686334.0,16.06716086336319,29.95130135865117,53.98150854710848,36106.0,32559.0,16815.0,12.881572327495135,5.887189901806822,0.6001059414337037,0.2742822855197458,94.45,0.252003466797235,107.4,400.0,-0.13761788518168108,-11.49858754521236,-5.9809241288931405,-20.27535857702605,2.783641872378066,4.58109708912981,-3.0619818691629903,-0.12528508960269416,-0.0469356375032414,-0.4334003880216429,1.3201683894762148,-0.619399593683581,0.05129831201862626,0.3625061195281652,1.1756606951759505,-0.9142194792752463,-0.6813534083186337,-0.35278898209178183,-1.0521455008800447,-2.7022426720475785,-1.061503269691021,0.6400686657661582,-0.424406731366179,-0.6670439182283986,-1.2550553871008263,-2.1278560429656266,-3.0132154116096603,-1.0401642875093966,3.289577662528803,-2.791367222674502,0.4977134666281449,-0.7130917301199706,-0.7377325665112583,0.5537668429765236,-0.31406194872533266,2.546539998172471,-10.360213071107863,7.693644268275239,2.1847578035357103,64.93345377061516
0.0,20.3,17.6,13.415,8.335,1130.5,1.13,1.2429,0.0576,178.0,2.865339918651946,0.0803,0.0452,0.0112959999999999,74.0,635.7142857142857,10.233356852328376,0.28,0.14,0.08,0.0,0.1127832756406402,0.0717922868966855,97.4,2310.438051510152,0.0183640280367156,11.209851980137037,88.77178399182625,126700.0,55075.29,33831.22,30.733895233898767,1.0251391827949203,4.746573554900874,1.0265837231057064,162.4,0.0167400426896969,30.8,123.4,-7.916012709630498,1.0829053431190552,-6.1634041891767,-3.3682145856320864,1.4765890403045343,1.853740131898472,15.023338235437015,2.2192769042324914,1.2664201414491976,-0.28385187894416375,0.11024871058141246,-0.9850905543317398,-0.1975199586215118,-0.979556580372155,-0.5072479628919004,-1.1519852346337092,-0.6841911198385054,0.09294382756886362,-0.13768612608779168,-1.3461321312095975,-0.9291955116724907,0.9913160573722175,1.1395017729202903,-2.5402394820353944,-0.11252123869722708,-1.6041337057381544,-3.580185272323046,-4.061160597042179,-12.620825060670422,0.04839966453922236,-2.1434585929786167,-3.7422971756399304,-2.1405170448745294,-4.57209517537849,-2.761140155863639,2.2015661133406685,-10.56540100372474,-17.342070187279024,0.06453141133300946,64.93345377061516
18.0,18.6,18.7,15.02,8.594999999999999,1057.5,3.56,102.81,1.7645,47925.0,843.0,43.5255,20.1416,83.8778,77459.0,294.8686396357596,5.186734756660309,162.53,65.61,36.45,18.38,34.437046921982514,1.6325084864460302,44.34,791032.0,14.2,49.0,36.8,60352.0,33354.0,19580.0,15.09150601532647,12.226414519989854,1.982933986704912,0.251596591393268,73.72,1.97884619417765,0.030405592,26.0,-1.5227092470849553,-0.19818854905044062,0.06563498922002779,-8.908692431151866,-7.374123366102576,-0.07130035840130099,-2.075487199079555,-1.1065891702566295,-0.18181612653968218,-0.28012884775487035,-0.560831279351066,-0.41849547307627866,0.007668748556947251,-0.5087085406746091,-1.0388631674461075,-0.2036156718277686,-0.08069139604922416,-0.08809204997339597,-0.9540167354947572,-0.03653617641888587,-0.24878551254048967,-1.9558279751706866,-1.8404782920501503,-0.01038005442358568,-3.5036731018079443,-0.10599526168778539,0.11816317487508045,0.18463262388482674,-0.5482514508138415,-1.8004072029438485,-0.44431261652459764,-1.3716703754570336,-1.3231760608699792,-3.538906211551899,0.07080357122079792,-0.18159619819683334,-7.695873007319555,-9.685692714740679,-5.458882168871351,64.93345377061516
15.0,19.5,14.3,12.83,8.605,634.0,1.75,156.26,3.7,71109.0,604.0,25.5392,19.687,31.444,45417.0,639.9701205079514,5.435907589570977,111.113,48.363,43.95,6.87,30.453854606755456,0.8473062281162614,50.12,299186.0,8.188156481532047,41.53969380882165,50.2721497096463,56528.0,34807.04,22100.67,29.449202691670408,16.989687864542002,4.19935794066213,0.4460450312437009,97.31,0.2750904681617677,0.030405592,0.020506097,1.9697807949238133,1.225886660402952,-0.7765071228519083,-1.3429549441486601,-5.319020515568554,-0.5092988163605329,-0.6473192645128202,-2.373561664459605,-1.3208804560887308,-0.6795305321303512,-0.22413529363150406,-0.47662511931266666,-0.3453744133142753,-0.6291121633164586,0.264606599876036,-1.1515416532879075,-0.26216320167450746,-0.18189014084326696,-0.36324220510820515,0.1881725622496263,-2.0436865913852427,-2.367985067395494,-0.0028640671183035454,-0.07624545507055418,1.5627640184139204,0.933915139225622,0.5879071733293441,-0.7636119436410561,-1.6666735917096964,-0.268367398387442,-2.385908180458161,-3.7983079959669452,-0.674428810838145,-8.912760050835397,0.05303186348018534,2.1884255025908357,-2.362386143781866,-19.32571234743577,-12.581237971009685,64.93345377061516
13.0,19.4,16.8,12.510000000000002,8.375,1018.0,4.88,79.7603,1.3218,37783.0,436.0,32.0201,11.986,58.2589,19506.0,317.1284444481749,3.659529465087586,119.14099999999998,45.663,16.368,14.3018,22.549304697785008,0.6391463480032891,44.35,477241.0,11.4,37.1,51.5,71561.0,34380.0,21443.0,14.98400185022494,14.347792906389309,1.8324918038196647,0.2479057292855512,67.5,0.7453317271494547,159.8,76.2,23.758293686284844,8.772542173887294,-9.248674987272047,-5.825896751258209,25.562900191710014,6.492608907095465,-13.662891218217558,1.7880993729115768,-0.5936715462803814,0.5111216966807847,1.9775218364999976,0.3539555278979242,2.61655559096563,6.729323607487601,3.248321663606912,9.513776599406263,2.2355770004416526,-2.112157470295209,-0.6186453541927085,2.9751371729684437,0.880931100515492,0.7494736052304513,9.204321417991686,4.099394221737359,11.242941623336321,25.87714593634941,16.529161628019065,4.786793406500169,-9.42673587208924,2.165839026616885,-4.160771895147236,-0.30036837848834946,18.15922552754792,4.602071065964801,7.035925094367317,0.08003913459678517,61.240310573520446,99.90857160013945,21.969871313910318,64.93345377061516
4.0,19.0,15.1,14.72,8.325,554.5,1.54,65.48,1.159547297297297,35404.0,628.0,32.7396,23.8933,28.3358,18135.0,353.61566120655215,6.272473032361166,100.12,42.91,32.89,6.89,21.692116085648387,0.4183057432432432,45.82,494396.0,16.2,34.7,49.1,52830.0,29483.6,14569.4,30.782770270270262,13.408445945945948,0.4610408828493061,0.2022597972972973,44.72,0.7758407279133355,0.030405592,0.020506097,-15.114545454409287,1.262756742411293,-2.472723852517083,-13.973210700104636,2.520704369166246,0.6870250242513917,2.1174304118426517,1.3803754159497723,0.07321328490351604,0.34322856560194204,0.33351192666528157,-0.3311043164816995,-0.05136236203989658,0.11319486900232716,0.3251147098590928,0.7791223021425925,-0.6455032480865089,-0.048143448435390646,-0.14130230067608274,0.33395214366726594,-0.8393033393720786,-1.2603659659220525,1.6747369471285485,0.589510606934006,-0.31318290523253395,0.8752571591579672,-1.1821220483413584,1.0894213353066384,-0.1650510924930371,-3.9649334875307978,3.629919575331733,-3.359034459432587,2.203493953030557,1.2555208602268249,-0.16213006890844595,-1.7250309261027719,17.664709045458586,-15.168269371762873,-11.001819846341386,64.93345377061516
5.0,18.9,17.6,19.085,8.594999999999999,1018.0,4.43,107.34,6.28,66001.9,1675.31,49.3,18.28,103.68,17174.4,435.2825957923893,11.048671107300668,151.63,65.22,31.43,27.37,10.04493389674318,0.8095851014325984,41.74,774172.0,21.96364940618549,42.590832655196046,35.44551793861847,49137.0,30324.0,14574.0,6.059303494414041,4.22208657852724,0.6829462442173873,0.1613749773036768,55.57,0.2720497858897831,0.030405592,50.8,-12.68219108732107,-0.31607760836525556,-3.286442628941344,-11.706749041376947,-2.5260353205492723,0.1626412518865737,-1.7362460987316435,-1.0874953049390257,-2.4231292875561246,-0.21601768509950448,-0.9145247206138448,-0.30222045074837917,-0.5428625997838876,-1.0666211658079787,0.4864796888610972,-0.03423196686586973,-0.04885825635865223,-0.17500966328506706,-0.06622401164844689,0.2090843790148692,-0.9637368403794241,0.39915356707448774,0.04319944796462876,0.04154029235243711,-2.334574367441238,-2.104367181255172,-0.3657878145653126,0.08880872637654302,1.392202060523754,-4.005690048931476,0.38224911354326996,0.8065134839791184,-1.016034557156576,0.734824772391779,-1.5712833921828617,-1.4533879290218465,-3.0216856806461387,-13.15170657002522,-0.41793930075441765,64.93345377061516
9.0,19.2,23.6,14.19,8.595,1340.0,1.97,86.2176,3.9735,25523.0,815.0,31.1163,21.4397,17.1606,5383.0,209.2032032524324,6.680273112515471,122.001,42.695,30.889,6.378066666666666,23.09060459820272,0.495701072671828,46.74,578032.0,13.2,34.4,52.4,70896.0,35317.0,22722.0,12.79694947845151,11.127680470035047,1.418914034866713,0.2008954576580689,54.7,0.5605805552250733,88.0,139.6,-13.972922866370842,0.7881508315696073,1.162052661138587,-14.71398968075014,-6.575479353424161,-0.2851029761756458,-1.2367403737595304,-0.8757384748508538,-1.605989651908167,0.28785862694183967,-0.28283415991192024,-0.2524364328694831,-0.23534533544288316,-0.8881836045936987,0.1946857102921539,-1.0032003036187955,-0.5518211940148228,-0.15457729910112364,-0.18456985218916075,0.33760413556049257,-1.648382972935215,-2.0599191471856706,0.43943191518386193,0.04889125423505932,-2.2994065068708727,-1.2280733454196404,-3.269849616211529,-1.3125397273804997,-3.1914656792876,0.14737829164136187,-3.022442767125709,-0.4309774063387888,-0.7190342299531527,0.37830752786637034,-0.5238018290993446,-2.9890401543537144,-4.228344565744822,1.6284734885790375,-0.44679641389288066,64.93345377061516
46.0,19.0,18.4,7.425000000000001,8.035,1133.5,1.85,97.05,1.21,106381.0,2590.42,55.63,35.38,100.73,137331.0,610.4028000918064,14.863552903373884,174.27999999999997,73.07,53.35,21.39,11.545413701275482,1.3286396630675812,42.31,858592.0,16.673582357043852,41.11565010222189,42.21076754073426,42877.0,31410.0,15449.0,10.182451797210655,6.929020407132105,0.954641587443107,0.2674869382660009,92.11,1.0586476874733182,0.030405592,120.0,2.4914856939017764,9.374552051955837,-3.6341986236597115,7.23318253127237,2.296940268858647,2.9726225820866716,-3.3499989174740996,0.09967703374102739,1.564703308828175,1.8168785504453506,3.512801882888501,0.0039555333135689414,10.204139310917821,2.9589639611619827,7.249696548151164,-7.001838658979783,5.592911514357351,1.039373915242032,0.24388144782123566,5.176373011511749,3.5758200240243823,1.848157219751738,-4.2260878116342555,0.44219943153361435,-11.208737971168015,-2.724211065475829,1.8721790345013158,2.409615363764265,1.7017988358127552,-11.103136279812702,1.921305699963123,0.6664048539521179,-0.5783795593275393,2.0695406881161045,0.5380557424016299,1.8843338238137466,37.54531533886989,-54.792708787545564,1.8606757840219263,64.93345377061516
28.0,19.1,18.5,8.9,8.17,1195.5,5.28,126.195,0.9478,45899.0,1702.0,58.722,16.8508,63.7322,13048.0,223.4017181377917,8.284052468910467,205.455,93.926,30.942,16.87,33.16205965449566,1.7174502122943875,39.64,605389.0,14.2,42.9,42.8,42227.0,38884.0,17032.0,18.34775726355647,14.769191834162667,0.4028414498141264,0.4839945952585677,119.4,0.00212132,67.0,263.6,-0.5745683765411383,6.971456373371185,4.8601980888408916,13.65684518801048,6.815317851277072,15.497913463047396,-5.994708880909411,-3.7404173645128806,0.6893414902035117,0.33126755075839753,0.03755743757355923,1.2158612178421258,0.11539901982061511,0.712265231423082,-1.7595884772886823,5.3840089798206465,-0.8604365533248828,-1.8857173498719935,1.3222623196880658,-0.3305499690677968,-1.1449868384345117,-6.863479609065691,-3.53299709831054,1.2333099416922793,0.3100672866404051,-1.0036755693083002,-0.15702395869263727,0.07965164996993875,2.066903265073586,2.4535707174831405,0.9884029210669295,-0.6764836985028045,3.7620249154651546,3.43699422105526,4.433173350496218,6.139951069145462,-20.01114723532771,31.519230256876906,7.718553841354637,64.93345377061516
16.0,20.0,21.8,20.18,8.870000000000001,1195.5,9.67,53.8484,0.7,22791.0,176.0,19.9075,9.7003,26.1024,22316.0,289.4793664503182,2.235459983996139,78.731,30.36,17.926,5.442,12.707805206288954,0.8544099046087655,49.59,270490.0,11.8,40.1,56.9,45128.0,39616.0,17109.0,9.127778739156234,7.347487394884943,0.1563167286245353,0.2407812308070261,59.4,2.205523014996913,0.030405592,45.6,6.076346516082995,3.3410954076595,23.113067374673363,-5.043829645835796,16.239926743875255,4.310317927816259,19.87330855394558,5.418113221816406,2.824732133280486,-1.0885609612132725,4.9118083271896475,-0.845695171381036,-1.1716923128347851,3.1738521809099853,-0.8628882714950791,-2.5228427090262997,2.93249617213073,10.953020032012526,0.7516254226428756,2.416698632252713,-0.31841386732645055,1.5680302172992382,1.7620037059641123,0.645393408175248,20.98933387706522,5.16156799514778,1.378069141069428,3.2041468970322367,8.873062552592408,13.878515023665196,1.1225703942713636,6.541679087971956,0.3924222936993453,25.249220406222154,0.7944269919752452,-3.152239732587089,-2.394924235098685,-26.6295951442436,4.996428667378301,64.93345377061516
32.0,18.3,21.0,14.54,8.29,901.0,4.82,78.86,1.51,42101.0,1310.02,57.39,30.39,103.24,45409.14,239.6050310170167,7.455580217403678,175.70999999999998,75.89,47.08,23.13,11.640145980325425,1.1288686636714582,52.2,686334.0,16.06716086336319,29.95130135865117,53.98150854710848,36106.0,32559.0,16815.0,12.881572327495135,5.887189901806822,0.6001059414337037,0.2742822855197458,94.45,0.6708629182008036,0.030405592,32.0,0.5207115659459185,-0.10006551655009514,9.094435735490796,-31.59653644694947,6.711759925475344,5.131544080344028,-4.796316047728373,-1.1611297922550392,0.23622550232335823,-1.4510085845552385,-0.05660787801724269,1.5036477406648945,3.634969255183823,-0.13217670789609462,3.610119334713866,-0.1866031590585259,0.299245961421791,-0.1517204836135105,-1.5824395555692436,2.4198373517331984,-4.168525405302645,3.2443254411329208,-0.9418496342655276,0.01688932154638075,-5.364702365053817,-1.3107774917005248,-7.075920447381215,-0.17935937815656247,4.914728666121763,-8.881807409059258,2.1103528052335614,-1.0803637332779663,-0.25330738889674215,3.653168182649338,0.12600841498778567,4.391363646093136,35.198059792704875,-38.73527507990908,6.527961226878689,64.93345377061516
430.2,27.3,30.5,10.595,8.39,269.5,4.34,102.81,1.7645,47925.0,843.0,43.5255,20.1416,83.8778,77459.0,294.8686396357596,5.186734756660309,162.53,65.61,36.45,18.38,34.437046921982514,1.6325084864460302,44.34,791032.0,14.2,49.0,36.8,60352.0,33354.0,19580.0,15.09150601532647,12.226414519989854,1.982933986704912,0.251596591393268,73.72,1.0373033617729772,45.6,50.2,-4.636705673164684,4.515029644186917,3.3071433388969544,12.063730370945608,8.559204022858756,-35.61014393468077,-5.561468670970449,-4.153946625085857,-0.7042215497170874,-1.9253713157245258,0.4760334808193149,-0.36387962631725895,-3.024083451631791,-0.8180539218056949,-6.357629083345334,1.406845025873431,-1.2212872410534577,-0.5673952730776112,-0.3836484468107398,-1.3221299409524834,0.972010321284953,-7.186489048612613,-5.154756564293055,0.12217227774051335,-4.134362751943992,0.7456085262012963,-7.504971722221623,-4.9345554010104395,-6.222633214412878,1.314133376277362,-0.6504586021966928,-1.3054878859563421,-1.2278186882877096,-4.692545074004059,-0.7401201681047676,2.8821123484785978,25.68107845683893,5.941984556966148,2.755513090308135,64.93345377061516
180.9,27.2,28.5,8.655000000000001,7.98,661.0,3.54,66.2474,1.0595,34376.0,483.0,28.7012,25.1718,28.6734,5797.0,379.3590535887702,5.33018451487596,90.616,40.315,35.368,6.809466666666666,17.150500621066524,0.5104117114683594,57.69,245093.0,4.046117032847509,70.70339991554594,25.250483051606547,87265.0,36610.0,23148.0,20.47279770573432,11.45791031431516,5.074354330870425,0.2603928326866012,70.9,0.4428039365108188,30.4,55.0,2.2425212133148062,2.5137989549214645,4.444865785189903,2.124922952630247,-0.1849539895169454,-2.5390906227162717,-2.298437771890312,0.5931917586953692,0.2981489873584364,0.02164995391077007,-0.924728549728171,-0.7364753511951614,-0.659113033482184,-2.782627264019102,0.9939894350152448,0.8738341627859837,-0.3679836023521295,-0.23419423855841162,0.1883238937860967,-0.5736998744029556,-1.181883029717331,-0.009102287696053294,0.8426388289220631,-0.6774826587364066,2.9028562943978855,1.1958175467203056,8.32788838393831,-0.23861020179465417,-9.74923028693224,1.1044403592854113,-3.723489365462834,-2.217362022753805,-0.6130418916155276,-21.852188837714493,-0.1494126786865911,0.223581323207666,1.927767517886436,-38.348690095297066,1.3913022180274128,64.93345377061516
136.1,26.7,28.2,8.015,7.975,330.5,1.53,49.1485,0.47,15878.0,356.18,8.5477,7.134794327171835,4.120444715233774,11534.0,282.58702925891646,6.339075959279561,56.188,19.8872,18.41727,0.953,16.5223150965168,0.404246719542003,47.87,256107.0,6.0117218158366414,18.17413190276764,75.81414628139571,45012.0,32296.0,14288.0,6.990829016588316,9.211165561563142,1.5733199943233478,0.2193897616698903,43.22460681495,0.00212132,3.6,3.6,0.062084031202830126,1.3061519047113437,1.911841477782776,0.9848981915802385,-1.0530153226231533,-7.00634532042158,1.5888264798978344,-0.0016695675238343674,-0.24981760105273396,-0.567696296619251,0.15713350988769306,-0.3753736094276741,-1.7776771652372545,-1.7686628776866324,0.5587559789279474,0.22249164522470266,-0.8356987951587267,0.04538307834261426,-0.1307912819460029,-0.08652208765813425,-1.2557931267741755,-0.3106894731583691,-0.3645895315380769,-0.10537545819922044,-0.1960827819909898,-0.522897676291565,-2.746875909576193,-6.626260049333795,0.49733030818247465,-2.178472875929437,1.2071354123639562,0.3322526795680943,-0.7230898822036881,-2.1411233814309045,-0.716005859680784,-3.295480865576925,-5.262402254158321,-17.04049032317009,-16.39791840302603,64.93345377061516
324.2,27.7,28.9,7.24,7.75,337.0,3.7,65.48,1.159547297297297,35404.0,628.0,32.7396,23.8933,28.3358,18135.0,353.61566120655215,6.272473032361166,100.12,42.91,32.89,6.89,21.692116085648387,0.4183057432432432,45.82,494396.0,16.2,34.7,49.1,52830.0,29483.6,14569.4,30.782770270270262,13.408445945945948,0.4610408828493061,0.2022597972972973,44.72,0.0904480835620751,28.0,6.0,-0.7064317278874421,0.8866482070740308,1.9134736693083925,1.8711536911789632,-2.4512663008715028,-8.219271721155385,-1.6335436932323508,0.25865001009932465,-0.11965339229752608,-0.8074458572043413,-0.3849673241873577,-0.26874468149927766,-0.3264445585664366,-0.607740542365549,-0.16804291488602752,1.03619596724088,-0.8841086390971516,0.35739969181828174,-0.5562665853587287,-0.679701987211592,-0.9444921356447344,-1.269118646546267,1.0379746229651694,-0.18367376357627394,-0.05952953227795727,-0.6289470136025921,-2.484720192570239,-0.33050456082913976,-0.18790469174738947,-3.388318477845752,0.8140576843048137,-7.138857881501316,-0.7819217744128156,-0.06527069841511517,-0.6090683285240089,-2.5525481838934745,-8.01794147546015,-17.469247251575187,-9.108257039588255,64.93345377061516
605.9,28.6,26.7,3.3,7.68,349.5,6.06,13.72,0.83,7014.7,78.24,7.31,3.49,34.58,2219.0,256.8546320029293,2.864884657634566,27.31,10.63,6.92,6.91,1.80918779080694,0.4565479911105388,75.7,148886.0,2.978968581939072,42.82646793950212,54.19456347855881,46502.0,34131.0,20135.0,14.867372524025823,2.380954321306591,0.8667399117112345,0.2182642305946436,75.16,0.5323586088304461,429.6,469.6,1.6080221471190457,3.773509982313651,4.191392115682054,13.435031499487033,-8.749539575031957,-22.763703001475267,-4.694381415611133,3.000882459087297,-0.44502176523518955,-0.3681058310608692,-0.4272811636095855,-0.05786051264498493,-3.5110278961978243,-4.50297910259416,2.0458954017547275,0.37507337689709946,0.20528997699729867,0.25483520918525776,-0.22596462462873537,-3.290362502650048,-1.646458192323333,-1.2706009933321412,2.1793142297739787,-8.643500025123357,3.2919054012838758,1.1760657966587067,1.5603997403600556,-3.8257648228962595,2.566173649229265,-2.582560249057908,-1.266728952390453,-1.682936405298918,-2.0465842906090725,0.12829716731794072,-0.1601114237952682,4.674177116799788,-13.025698033647302,35.613020332007046,11.76676233926167,64.93345377061516
421.2,27.7,25.8,3.15,7.335,332.5,6.25,113.44,6.47,113005.25,3048.97,56.37,31.11,123.25,170899.0,632.6927383685123,17.070544762331334,178.61,74.6,52.48,33.02,11.832260392384752,1.0136065476243834,41.19,962714.0,23.22925734100645,37.059541398199215,39.71120126079434,40450.0,30441.0,14677.0,7.420621787035737,5.286083690348805,0.6079000575173069,0.2002013844757149,68.94,0.4333234226685847,75.8,58.8,-0.46219115155671436,2.4991201751399807,2.473151578912511,3.01498114005352,-21.73734398400023,-19.387518121769343,-3.4282884987397115,-0.0920684449685103,-1.5655439928577586,-0.38872362828968665,-1.5094495722294479,0.007249138234960206,0.78273215110569,1.3273462026022995,-3.8371090073681753,-2.0119966984121134,0.9822112512309108,-0.24636780066105116,0.2585076780663795,1.0585633120033886,1.7745294029296674,1.8751459151863414,0.7585676500853147,0.7117495897893491,-7.018738127847513,-4.235231585178213,0.08550062282321447,0.5835779666186628,3.4309460367541766,-4.755065027605743,2.1554733271803714,2.1836523282605538,-0.6475156186847012,2.8253128701526045,-2.0771505099783334,0.3603473602406056,-1.062934201194438,3.9759339975658787,-2.0212186325155197,64.93345377061516
307.4,28.4,27.6,3.465,7.49,659.0,2.58,97.05,1.21,106381.0,2590.42,55.63,35.38,100.73,137331.0,610.4028000918064,14.863552903373884,174.27999999999997,73.07,53.35,21.39,11.545413701275482,1.3286396630675812,42.31,858592.0,16.673582357043852,41.11565010222189,42.21076754073426,42877.0,31410.0,15449.0,10.182451797210655,6.929020407132105,0.954641587443107,0.2674869382660009,92.11,0.3062930083992892,303.6,269.0,-1.868437996769014,3.7489065822989978,2.446305403573593,8.470446922074382,-28.082053062513783,-0.5130891835472232,-5.303817279546832,-1.6383785900706418,-0.22691749786492407,-1.118276821716377,-2.660511037258742,1.3935174397518868,1.3501196210598578,0.6018990047353631,-2.645102571550136,-5.145922345556316,-0.19244359654917828,0.2175413503063215,-0.7574040022104374,1.0069364845038706,0.12824838734852703,2.9777591212404264,-1.8445370230094216,0.5687684193191433,-6.370933860410005,-2.5422327749896785,1.5190830761970329,1.4155806831736113,4.489573862802547,-2.66073902280225,1.341924337154876,0.85708494262149,-2.0893409746699043,2.200586403766647,-0.4538025788652389,2.312652109786868,-13.660287890202985,20.84595281617405,-1.8788757814777384,64.93345377061516
115.2,28.8,28.5,2.4450000000000003,7.52,241.5,8.35,60.6455,0.7705,18738.0,201.0,20.6519,13.225,27.4686,21790.0,236.6058463286824,2.5380390176147487,79.195,32.652,23.515,6.148,12.782698470895246,0.7724210753786316,47.21,209885.0,11.2,48.7,31.3,49780.0,37342.0,15884.0,8.251880779338212,6.642425473153561,0.2421040892193308,0.2176759611841297,53.7,0.00212132,593.0,439.2,2.7966835043330995,4.48088250605079,5.4331291824447305,7.316173174136007,-13.332705544926378,-30.536094444326206,4.339830037755893,0.6849460953101519,-0.6921514151206548,-0.23610693306041375,-0.476255202164565,0.0703598085503742,-0.1695047393445043,-0.6715596429995877,-0.1594480306057573,3.47199706972499,0.3235374703700636,0.3117576067258286,-0.30194584082812054,-0.6555289367726082,-0.7823962401016632,1.815229119656917,0.11703094318276408,0.26777710348290107,1.212745217445771,-0.5620018761232489,0.49638020436900393,0.17623481498565555,0.675983681096696,-0.26711318593782557,1.3119441215856942,4.135438049081713,1.0044317192467853,1.782621825544629,-0.734855726101281,-3.9069646600183745,-26.197121646929684,26.27747799921315,17.520039179612265,64.93345377061516
210.4,28.6,28.6,2.955,7.425000000000001,436.0,4.58,142.4267,0.98,46210.0,1116.0,70.9324,18.6665,46.0431,7546.0,207.0155004031897,4.999552011468507,223.22,96.741,33.206,13.388,36.02947095994996,1.9691703020360272,44.56,503654.0,12.3,40.9,46.8,38937.0,39286.0,17168.0,21.03691766650654,16.933855628952,0.4061223048327138,0.5549318265569341,136.9,0.2975448524000659,521.4,358.6,2.862759722151482,6.517266765447178,2.8413623739274545,7.887535962203207,-12.798207063969842,-22.472841445602636,-3.803474538248654,-0.722731817484212,-0.8875997395875546,-0.5821902622523094,-0.16198162834936092,-0.23904512176678297,-0.5955688680599742,-0.9611173513368705,-0.16723015068719724,0.6128009910167499,0.25992110137362,0.6307511580091267,-0.30299626121142165,0.2381142257557561,-1.6661555932120728,-5.407452991856263,-7.564011418635491,0.8352235452310808,-1.1577432765299447,-0.33640075391158497,-0.2087677572698654,0.20232440672504323,0.9114620005843858,0.9493258145280814,0.7829605647083371,-2.384108714184258,0.7447346765982594,0.6236084536959702,1.6119744266321272,3.8867107795240976,-5.762528784220727,30.932951371470306,16.506480519976467,64.93345377061516
114.4,28.8,28.6,2.3,7.42,419.0,4.52,53.8484,0.7,22791.0,176.0,19.9075,9.7003,26.1024,22316.0,289.4793664503182,2.235459983996139,78.731,30.36,17.926,5.442,12.707805206288954,0.8544099046087655,49.59,270490.0,11.8,40.1,56.9,45128.0,39616.0,17109.0,9.127778739156234,7.347487394884943,0.1563167286245353,0.2407812308070261,59.4,0.2393199484312589,392.8,266.6,1.6944429689754419,4.024951723303335,0.7286601071866837,6.8745253865777824,-22.175267822964425,-16.69015708299509,-7.401666912875758,1.1544902775840207,-1.1560309746473403,-0.9465778949235863,-0.296506625087932,-0.6793463641808671,-0.6851998018550985,-0.2769315138560107,1.1004745169201249,0.7466589542152358,0.5521725546320283,0.13598200787014125,0.0720284337022649,-0.40461118104867655,-1.7414645978156467,1.1539298656862225,0.1447023672920955,0.6419849712060147,1.08755372692831,-0.13805779316307287,-0.13742347358570792,-2.0601244481792667,0.9952770542283552,0.7178361568010111,0.8350391450850286,4.757189930236588,0.2764379491843276,2.400225847225324,0.02408829032288266,-0.9333078198631618,-22.914816530193196,18.143247665263086,3.700254841974626,64.93345377061516
7.0,2.8,8.8,14.115,8.465,971.0,3.57,102.81,1.7645,47925.0,843.0,43.5255,20.1416,83.8778,77459.0,294.8686396357596,5.186734756660309,162.53,65.61,36.45,18.38,34.437046921982514,1.6325084864460302,44.34,791032.0,14.2,49.0,36.8,60352.0,33354.0,19580.0,15.09150601532647,12.226414519989854,1.982933986704912,0.251596591393268,73.72,0.5089648162027481,17.4,36.4,-12.59857713736749,-2.7893102301952113,-0.3426474400392427,-9.502946970434861,1.2390241981887573,-0.017925516455433794,-1.6788729272829375,-1.13319496315283,-0.1398553252142533,-0.17682066467745852,-0.29845363367348887,-0.1571947210887451,-0.6114086833813538,-2.050202756763126,-0.751583955312769,-0.37773699983799175,0.44883187452641565,-0.18178125113093602,-0.9736971037695185,0.007616929331173254,-1.2644468763082604,-2.0240076123007262,-1.9047710886457931,-0.2791684945470962,-3.570901719067867,-0.39852384255422924,0.42879716399901874,-0.1200856346450744,-1.497751418201564,-1.6080808548924204,0.23202921271945068,-0.22037989396446664,-0.4765778076741847,-5.697239735821882,-0.06847393512415452,0.30227422821180244,-0.6541057557224604,-13.408899977233572,-0.5570235924546908,64.93345377061516
14.0,2.8,3.3,13.29,8.49,1280.0,4.44,66.2474,1.0595,34376.0,483.0,28.7012,25.1718,28.6734,5797.0,379.3590535887702,5.33018451487596,90.616,40.315,35.368,6.809466666666666,17.150500621066524,0.5104117114683594,57.69,245093.0,4.046117032847509,70.70339991554594,25.250483051606547,87265.0,36610.0,23148.0,20.47279770573432,11.45791031431516,5.074354330870425,0.2603928326866012,70.9,0.1066120805570979,43.8,112.8,8.548158750021832,-8.364239016581948,-14.739577684806042,-4.491344009985526,2.6701044881250717,2.2818849988980214,-3.588015584588673,0.3428773753345015,0.5018726031823704,0.2766594961875432,-0.5954112441185861,-0.2552737849329903,0.18905623132673352,-1.4006895207054912,-0.4403020126651971,1.35347147853269,-0.20189673605685413,-0.12425433940254171,-0.19648490618914316,-0.7429748558967063,-1.6782179525727405,0.3261577418105053,1.2357548510562617,-0.6072071310101685,2.832716362504288,2.470929198799034,5.077427147515119,3.5447618356036643,-10.258774729850703,1.0607878707877052,-2.7774213774905854,-3.9332996165581675,0.18990018912591067,-14.087181298589956,-0.009986803730329008,-0.07235374301672026,-10.49733367131402,6.395671014438072,2.217691021227899,64.93345377061516
24.0,3.0,6.1,9.15,8.469999999999999,372.0,5.07,49.1485,0.47,15878.0,356.18,8.5477,7.134794327171835,4.120444715233774,11534.0,282.58702925891646,6.339075959279561,56.188,19.8872,18.41727,0.953,16.5223150965168,0.404246719542003,47.87,256107.0,6.0117218158366414,18.17413190276764,75.81414628139571,45012.0,32296.0,14288.0,6.990829016588316,9.211165561563142,1.5733199943233478,0.2193897616698903,43.22460681495,0.00212132,5.4,0.020506097,-0.1990134470638197,-2.8423467967263427,-11.046050360094137,0.8485923114077498,1.1967748901744693,-4.010519213071093,-0.8855134987303365,0.5898437421442937,0.3603945841314273,-0.9736467061859236,0.08992634904570863,-0.5618795511343825,-0.6186131864786152,-0.8652649684809147,-0.2993494945423051,0.2911519072437662,-0.3574396963945281,0.039209671947173945,-0.02569193692800319,-1.00749424496976,-0.8673961351742038,-0.17719095409614968,0.6079143401382802,-0.03980422502849302,1.3479200880951245,0.05115425952632526,-3.937984041688033,-6.587488329848274,0.41435962033923673,-1.7624680280894978,0.40929978765392055,0.14572823668209264,-0.6320529248557684,-1.34793687260244,-0.8442244644338889,-3.462250469749172,-5.6107999877041825,-11.726657657003962,-10.571662247641944,64.93345377061516
38.0,2.8,6.0,15.07,8.33,466.5,1.56,65.48,1.159547297297297,35404.0,628.0,32.7396,23.8933,28.3358,18135.0,353.61566120655215,6.272473032361166,100.12,42.91,32.89,6.89,21.692116085648387,0.4183057432432432,45.82,494396.0,16.2,34.7,49.1,52830.0,29483.6,14569.4,30.782770270270262,13.408445945945948,0.4610408828493061,0.2022597972972973,44.72,0.00212132,60.6,10.0,0.37523327670370493,-1.1385773736362657,-10.040925025666754,-12.321088124687476,3.035672633398015,-3.171002198002921,2.4232637991166364,0.8401127025702347,-0.04944794551159023,-0.431639767984549,-0.9630183512251822,-0.17552969566546303,-0.9052120768216749,-0.6796951354000105,-0.1307450695817047,-0.07455331420525894,-0.45858782236153967,-0.09731813297607024,-0.1903413912809143,-0.15599583840929018,-0.6799681687541305,-1.0630306144338102,1.095466712772225,0.16366422359521204,0.7071562290843572,-2.273936285628005,-2.37224779918169,-0.9110595177579666,-0.7931611882057036,-5.789570397129282,1.4308350985186793,-6.379243263142804,0.26886419995222255,2.2293860085836297,-2.4073088853883857,-6.486007682893735,-5.325013568570528,1.0918725913856175,-10.2877685975718,64.93345377061516
16.0,4.7,5.8,16.335,8.58,1070.5,7.39,13.72,0.83,7014.7,78.24,7.31,3.49,34.58,2219.0,256.8546320029293,2.864884657634566,27.31,10.63,6.92,6.91,1.80918779080694,0.4565479911105388,75.7,148886.0,2.978968581939072,42.82646793950212,54.19456347855881,46502.0,34131.0,20135.0,14.867372524025823,2.380954321306591,0.8667399117112345,0.2182642305946436,75.16,0.7080761814173056,47.4,144.0,3.1430078184511516,-5.202665843886012,-20.180109946380057,-35.25467686955351,-3.0024088412833714,-4.808663894872491,1.5925079659403591,2.4623980777089796,0.3312730371889961,-0.13021793268000081,-0.12979177163913955,-0.9305186666082587,-1.6437533852256214,-0.14698458836724151,0.09266024341806774,0.5509699870087207,-0.8583367576853685,-0.5288471974385894,-1.0611151796501757,-1.132913335499665,-0.5456604107283054,1.9524486902713152,0.6264920684881506,-2.0841729096757864,2.715481054337385,0.5422927980435402,-0.8637764439141992,-1.710223302670444,0.951637045846632,-3.696903995142008,-2.5792044973249233,-2.7078561408383144,3.990737044814353,0.5168455881346024,-1.9465535157111775,0.4178610782511522,22.229632599012305,4.647081206692383,3.488238667370752,64.93345377061516
16.0,3.1,6.1,14.785,8.375,1078.5,3.85,113.44,6.47,113005.25,3048.97,56.37,31.11,123.25,170899.0,632.6927383685123,17.070544762331334,178.61,74.6,52.48,33.02,11.832260392384752,1.0136065476243834,41.19,962714.0,23.22925734100645,37.059541398199215,39.71120126079434,40450.0,30441.0,14677.0,7.420621787035737,5.286083690348805,0.6079000575173069,0.2002013844757149,68.94,0.493153268254183,60.8,233.8,0.7796871317255621,-7.609488158589229,-14.685883215675128,-16.14991247285933,3.075505528465534,-0.6583086338235685,-3.9373066369630387,-0.4434771747048944,-2.2732194641123837,-0.4020812708915522,-0.17197793123157115,0.16829799165793968,0.3109427377131455,-0.6036937242094419,-1.8159343972662463,-2.840938664147009,-0.4455601728459205,-0.16974102043546754,-0.1269685889780526,0.04923647015665914,0.06127793245328054,0.502179663404822,0.365023962041984,0.36973148566670727,-5.294924978200968,-3.8811120588735992,-0.40774630280832386,0.9903476507309823,2.8903558190632612,-4.5909516649320725,1.437187852828453,1.8523019109200682,-0.4081239820551114,1.4265888979565353,-0.5915850369911632,0.12464384143551206,0.1775433588493618,3.6280583880174286,0.5423257040108234,64.93345377061516
21.0,3.6,7.6,14.59,8.475000000000001,1205.5,5.13,97.05,1.21,106381.0,2590.42,55.63,35.38,100.73,137331.0,610.4028000918064,14.863552903373884,174.27999999999997,73.07,53.35,21.39,11.545413701275482,1.3286396630675812,42.31,858592.0,16.673582357043852,41.11565010222189,42.21076754073426,42877.0,31410.0,15449.0,10.182451797210655,6.929020407132105,0.954641587443107,0.2674869382660009,92.11,0.147339162320669,69.8,255.8,-0.8404382194485506,-8.096028056237847,-0.4278747494767107,-19.5048222960361,2.4190258886913476,5.1674709183226035,-3.6453261295085135,-1.0882933279499414,0.46256406577304093,-1.178558050738648,0.6516370149189602,0.3094764357277497,0.775698151346297,-1.7108204919130856,-1.2174613175339368,-3.3913851739528282,-0.7226769612062102,0.012895409660413174,-1.0994607565753785,-0.7375735832968101,-0.08953796435147643,2.1239229149868084,-0.15179845150715363,0.3626805940829221,-4.2446984081746395,-1.4214737106285364,-0.3188919019605967,0.18266252498142302,1.0728646826154253,-4.365759985133384,0.738218532726168,0.30332897661719443,-0.8613545323659976,2.655934201208875,-0.4115588517766445,1.2081029768226044,-11.433310733561713,2.413749519676591,2.2866271728277208,64.93345377061516
26.0,4.3,6.9,11.255,8.18,1076.5,12.8,60.6455,0.7705,18738.0,201.0,20.6519,13.225,27.4686,21790.0,236.6058463286824,2.5380390176147487,79.195,32.652,23.515,6.148,12.782698470895246,0.7724210753786316,47.21,209885.0,11.2,48.7,31.3,49780.0,37342.0,15884.0,8.251880779338212,6.642425473153561,0.2421040892193308,0.2176759611841297,53.7,0.3582544489756284,50.4,127.0,-3.555728940103823,-9.243020585604635,-8.68791897073699,4.0809796441796555,1.7352587684243919,-1.4373781954186653,-15.713493227191888,1.1396976064347346,0.049654562088349806,-1.3171066910556186,-1.658938798122108,-0.2816294191669053,-0.6564671728744488,-0.5142474367531635,0.7229399971136209,-2.8473475624403624,-4.459921617244059,0.2683102864865215,0.38273818387649844,-0.00027580536591464977,-2.323440982019529,1.97732324625055,-0.1845315653085704,0.6053410938785723,2.292542541539296,0.5282831449123725,0.9600215113535532,0.2894356294348845,0.40883411281121224,-0.19702268224054365,1.6814764300966634,1.8484738435937718,-1.5354373178957033,3.7759174373683826,-0.9930509875404336,-2.602371523006197,0.5482963813996559,9.328703852438679,4.089387761720766,64.93345377061516
17.0,3.9,7.0,11.115,8.27,1203.5,8.735,142.4267,0.98,46210.0,1116.0,70.9324,18.6665,46.0431,7546.0,207.0155004031897,4.999552011468507,223.22,96.741,33.206,13.388,36.02947095994996,1.9691703020360272,44.56,503654.0,12.3,40.9,46.8,38937.0,39286.0,17168.0,21.03691766650654,16.933855628952,0.4061223048327138,0.5549318265569341,136.9,0.0669923971537575,55.8,120.4,-1.8733531886432315,-11.211396346120162,-8.679222252002605,4.431769863022492,3.572687890874223,7.345089601849515,-3.1811557527258993,-2.58018701899176,0.5971024750095492,0.43974832172194994,-0.26004763163315775,-0.11435249165942245,0.4067514630003535,-0.490344062540679,0.5563569400707893,-0.8587905724719173,0.3216111221971607,-0.46595424520162315,0.17498096941039018,-0.39427841690369014,-1.2796390264605486,-6.620661435291793,-2.9370211604501435,0.40663802023356127,-0.36627193332339214,-0.25576984639589995,0.24268781461597744,-0.050177136144289314,1.2316842384419084,0.8702221581277746,-0.11708236266548273,-1.8544415064528594,1.2325972390919928,1.5618740651880707,2.6645883467079456,2.592643909355004,-12.155984170225762,11.203096482298955,4.475346889862169,64.93345377061516
26.0,4.3,7.6,10.23,8.135000000000002,1123.5,5.73,53.8484,0.7,22791.0,176.0,19.9075,9.7003,26.1024,22316.0,289.4793664503182,2.235459983996139,78.731,30.36,17.926,5.442,12.707805206288954,0.8544099046087655,49.59,270490.0,11.8,40.1,56.9,45128.0,39616.0,17109.0,9.127778739156234,7.347487394884943,0.1563167286245353,0.2407812308070261,59.4,0.0747278137511058,68.0,115.0,-0.746867338110072,-12.864665580764415,0.22693191322187634,10.421420113186661,7.763868493785462,7.543098489496234,-6.06228678228489,2.120941877039151,1.0804159930751969,-0.8235710839740925,0.9524991999380287,-0.326943931290882,-2.413376050329147,-1.460631516942133,0.16036252720747127,4.156356462258846,0.43248230894096135,0.188381067660328,0.03054855994880305,-0.7572011846272897,-2.0691547028285755,3.264527954172032,-0.6552443947084233,1.72760439492762,2.597699559355775,-0.1686634636670353,-1.171957748277733,-2.364357286756859,3.375398086660231,3.4474107239767924,1.4855671863009532,5.095671086208896,0.22386949156411085,4.3813466106851875,0.18297169042285452,-0.6117018152462936,-20.98251567786249,16.428669026140128,4.1775409576979765,64.93345377061516
18.0,18.6,19.7,12.53,8.29,1063.0,2.45,102.81,1.7645,47925.0,843.0,43.5255,20.1416,83.8778,77459.0,294.8686396357596,5.186734756660309,162.53,65.61,36.45,18.38,34.437046921982514,1.6325084864460302,44.34,791032.0,14.2,49.0,36.8,60352.0,33354.0,19580.0,15.09150601532647,12.226414519989854,1.982933986704912,0.251596591393268,73.72,2.377872557213282,0.030405592,36.0,-0.36849689179410533,-0.1115192903609329,-0.5538816888878739,-2.6385003888079273,1.8935178683139384,-0.8226444754353727,-0.9875199897556256,-1.0003920942684634,-0.14329858493680686,-0.24918318467059422,-0.4234557142170765,-0.46142799102701176,-1.133572824755683,0.15495504983079922,-1.7180181208268432,-0.09873030677748235,0.34135209094422553,-0.80522880845548,-0.2245960247912442,-0.8940995239062856,-0.020069478278358588,-3.8824945994326847,-1.6110128116289466,0.06417239593652406,-3.386841077789043,-0.8591529068335276,0.3835967634245754,-0.13320201557129618,-4.1797748203358305,-1.6503045455513838,-0.174237518518542,-1.0102881367985777,-0.1405887496812895,-3.0812309317973754,0.5199076111024866,0.5274258146745464,-10.186942435814998,-25.154791542297847,-0.5788174432221178,64.93345377061516
9.0,18.5,19.4,12.54,8.235,1169.0,1.615,66.2474,1.0595,34376.0,483.0,28.7012,25.1718,28.6734,5797.0,379.3590535887702,5.33018451487596,90.616,40.315,35.368,6.809466666666666,17.150500621066524,0.5104117114683594,57.69,245093.0,4.046117032847509,70.70339991554594,25.250483051606547,87265.0,36610.0,23148.0,20.47279770573432,11.45791031431516,5.074354330870425,0.2603928326866012,70.9,1.425025276013437,29.4,18.6,-13.219765862346007,0.12222005631774664,-0.5401522181338327,-2.297414547538695,0.20320313036907425,1.1484578279266136,-0.7134764102396242,-0.09401695812741952,-0.012574556590989437,-0.7475236637424674,0.06484764926445957,-0.30821616245899297,0.1998133202238637,-0.475638253626725,-0.016182858253207744,-0.004734673456599318,-0.6191515828917425,-0.16926812546638118,-0.3957251015134777,-0.02558396611362664,-0.6527711058439064,-0.7219349179090938,0.25584427275539695,-0.13505793365028979,0.6184751997375867,0.09992040969741889,-0.3876808916653192,-1.204697531902542,-4.4377709148063635,0.05085132744784204,-1.8811891766916957,-1.6735219107444086,-0.5008095684864866,-8.829999122338682,0.43054024262508944,-0.3826106319452329,-5.472825826243498,-10.692008289722727,-11.381605879423828,64.93345377061516
2.0,19.6,15.5,10.11,8.055,470.5,1.58,49.1485,0.47,15878.0,356.18,8.5477,7.134794327171835,4.120444715233774,11534.0,282.58702925891646,6.339075959279561,56.188,19.8872,18.41727,0.953,16.5223150965168,0.404246719542003,47.87,256107.0,6.0117218158366414,18.17413190276764,75.81414628139571,45012.0,32296.0,14288.0,6.990829016588316,9.211165561563142,1.5733199943233478,0.2193897616698903,43.22460681495,0.2227165554274786,0.030405592,0.020506097,-14.667772408965973,0.9334512500868494,-0.7601512545766308,0.7306254660726216,-0.6793986678899584,-1.031688361976606,0.4164845806453374,0.28075158859758315,-0.09318843596459692,-0.33325754050786277,-0.3440714344987646,-0.40580628736875934,-0.7822887311782689,-1.0291049656194329,-0.06752739611702653,0.11673461408587178,-0.5629899252112952,-0.08077546338085077,-0.050893636373803175,-0.3123723322416968,-1.228516587026727,-0.5058983903471376,0.016964897699654147,-0.12838405180101603,1.1472244671763232,0.3403799188199143,-5.929482135463817,-4.734626623298973,0.4104727799693746,-3.35327100521264,0.4792597061364597,0.5473325035364051,-0.27224728013388805,-1.163998031603793,-0.020028429079490304,-4.587343139632915,-4.3802498239954,-13.821241387653474,-8.951555681512692,64.93345377061516
4.0,19.0,15.9,11.705,8.075,541.5,1.24,65.48,1.159547297297297,35404.0,628.0,32.7396,23.8933,28.3358,18135.0,353.61566120655215,6.272473032361166,100.12,42.91,32.89,6.89,21.692116085648387,0.4183057432432432,45.82,494396.0,16.2,34.7,49.1,52830.0,29483.6,14569.4,30.782770270270262,13.408445945945948,0.4610408828493061,0.2022597972972973,44.72,0.5176086246161734,0.030405592,0.020506097,-13.051018025673303,0.6451960340887307,-0.808859819784605,-2.3060505903325974,-1.196749758412285,-2.4761895942920824,2.764596428636773,0.18521682101922776,0.13695575124661666,-0.5320289124393219,-0.22241725775102783,-0.6368422111899904,-0.30174814510430825,-0.6147350302423976,-0.31585104837004735,0.6697202972997912,-0.8144442864522948,-0.05891509993777957,-0.4431238900311287,-0.5926505664611853,-0.4182853999128568,-1.1268091270234433,1.9666908314273057,0.1483297774017168,0.5861641860477784,1.2461490183494364,-2.6909218808434283,-2.272585814107054,-1.028030566506397,-3.1067342937419498,0.2831415939237932,-3.2700444922192653,-0.9182540444517505,2.3580711988437293,-0.879038408151828,-5.221718489513733,-5.550285220400741,-19.69038572551915,-4.974629680003661,64.93345377061516
15.0,20.5,17.9,9.925,8.280000000000001,1136.0,4.21,13.72,0.83,7014.7,78.24,7.31,3.49,34.58,2219.0,256.8546320029293,2.864884657634566,27.31,10.63,6.92,6.91,1.80918779080694,0.4565479911105388,75.7,148886.0,2.978968581939072,42.82646793950212,54.19456347855881,46502.0,34131.0,20135.0,14.867372524025823,2.380954321306591,0.8667399117112345,0.2182642305946436,75.16,0.6667941825751287,65.0,45.0,17.742101455504695,14.145364187158021,-23.70523383586978,19.77952331041607,11.090992813985794,7.499961933440837,-11.94078748209247,2.1569499424689713,1.29321469321692,0.8649812865396959,0.6557898413933181,-0.43624823231250137,-10.620428039836698,-1.3381572289873553,-1.4721046204150952,0.5383560244506219,-1.7708357684376328,-0.44070497648169926,-0.8284242921974521,-2.870735100797996,0.3111294099874809,-4.562885718556743,3.297606964744627,-5.522796463342378,3.789162518098017,2.6958734823033836,0.07331114251476951,-8.859145701614523,2.040145427410801,-7.4942273694307815,-3.574164733781169,0.027016142432888895,2.7399028558439285,-2.439159080328729,-4.335934755176614,6.33580813737586,52.403737671766436,23.814398102300867,8.149375757370146,64.93345377061516
25.0,18.4,19.4,11.865,8.155000000000001,796.0,3.64,113.44,6.47,113005.25,3048.97,56.37,31.11,123.25,170899.0,632.6927383685123,17.070544762331334,178.61,74.6,52.48,33.02,11.832260392384752,1.0136065476243834,41.19,962714.0,23.22925734100645,37.059541398199215,39.71120126079434,40450.0,30441.0,14677.0,7.420621787035737,5.286083690348805,0.6079000575173069,0.2002013844757149,68.94,1.121205408030156,0.030405592,10.0,-0.367802293319255,0.7984852489487592,-1.7215980197954914,-3.4951691713975737,4.9036487240592646,2.153755450850974,-4.231493958039209,-1.6077114621984478,-12.752383346486212,1.9502585273748263,0.6775444226634383,1.0359132031754898,5.185460383923103,0.601313590714708,-1.5162037592210493,3.155051340240364,1.310069688718455,0.03271123329177442,1.2157068053462226,2.873820847625222,1.3170725823845715,1.4073185278723652,0.7550992147282999,1.0194984494304904,-0.13904886288257767,0.5506265138089663,-0.9920083027022587,0.8382945117447528,2.3486543339009702,-2.4188784717985743,1.3302495041241242,1.049114526264991,-0.3486231439281253,1.4188608920356873,-1.5550667423506563,0.8037373342954854,22.348737741302077,-48.66212421404975,-12.979825082941291,64.93345377061516
46.0,19.0,21.9,15.05,8.455,1037.0,1.12,97.05,1.21,106381.0,2590.42,55.63,35.38,100.73,137331.0,610.4028000918064,14.863552903373884,174.27999999999997,73.07,53.35,21.39,11.545413701275482,1.3286396630675812,42.31,858592.0,16.673582357043852,41.11565010222189,42.21076754073426,42877.0,31410.0,15449.0,10.182451797210655,6.929020407132105,0.954641587443107,0.2674869382660009,92.11,0.4871858308244746,0.030405592,52.2,3.0728064577871304,3.967279392164201,11.21498552540317,-39.42732857027712,6.97382552747304,0.08616917902293302,70.90368500274917,0.8416877576274184,1.6356081034988161,-0.06729371877387062,4.821442409624965,1.9749417888807759,2.6352569735205424,-0.04058336973811268,-0.5964475622928379,-2.452833592897901,5.238159272675402,1.7603055140329502,4.490249582858136,0.433969340057425,-1.6693385824343796,1.8032663302123535,0.9031501169176769,0.8432626221360033,-13.322290922213964,-3.9284650265456498,-0.3861935013470538,0.717028314794105,2.823577616158874,-14.942882885386545,2.244395657625669,1.088264083603085,-1.032388085434213,4.8977280286140745,-0.13441319858345122,5.2454686892498295,-7.217734696740906,-28.75091114454437,3.528642499614506,64.93345377061516
15.0,20.0,18.6,8.61,7.970000000000001,1374.0,1.5,60.6455,0.7705,18738.0,201.0,20.6519,13.225,27.4686,21790.0,236.6058463286824,2.5380390176147487,79.195,32.652,23.515,6.148,12.782698470895246,0.7724210753786316,47.21,209885.0,11.2,48.7,31.3,49780.0,37342.0,15884.0,8.251880779338212,6.642425473153561,0.2421040892193308,0.2176759611841297,53.7,0.4812131911521059,42.6,94.2,48.57779026402472,22.44662435184543,24.495329514658067,47.61357559396885,15.374063231369169,59.12922888454981,64.99037211963287,5.9205415981231795,1.8537396903708565,-1.7794483489605295,0.17084403529763867,-0.105725719388575,-8.894804532155394,-7.515700301096461,-3.966551850596446,9.492041088061713,1.1005270209737816,0.19369302007369407,-2.464454794122527,-7.393742836637731,-1.1390633381002868,3.4247408411698377,-3.040790748205041,2.129087601819393,35.206233744698885,4.946486615597576,15.678536541309834,19.447484365353983,11.442475147343549,35.52054230106685,8.9032660337848,17.82911639898085,3.0044854984308356,45.148767748974876,-3.90631520469362,-15.833914190378659,26.300044038758305,62.71572747098747,42.77361716061831,64.93345377061516
16.0,19.0,18.6,9.615,7.95,1228.5,3.71,142.4267,0.98,46210.0,1116.0,70.9324,18.6665,46.0431,7546.0,207.0155004031897,4.999552011468507,223.22,96.741,33.206,13.388,36.02947095994996,1.9691703020360272,44.56,503654.0,12.3,40.9,46.8,38937.0,39286.0,17168.0,21.03691766650654,16.933855628952,0.4061223048327138,0.5549318265569341,136.9,1.3819477179363473,65.2,187.0,28.551455776537768,21.24017346006818,15.694047683943063,36.921651370708524,12.697663287234802,23.553574444747834,-14.482743304430821,-11.644092930549135,2.3274921751301765,-0.7338229867412428,1.1834103609745672,1.055833172711233,0.8626906309307873,0.4967029347581165,0.542275845771659,4.812513968640315,-0.048582062531881576,0.8244080827416216,6.711205846657983,-1.0591412989360578,-1.5145572547397261,-15.262048767809757,-0.5828431061158549,0.14392645121551814,0.11813791648174228,-1.1214521774525454,1.1620067949841435,0.34557381674957927,10.459270244206614,15.449476692086705,1.1160024560801702,-0.26600642611272757,4.397196396216753,13.03764599099756,9.041207177536565,12.147129692301773,62.103254978880294,46.307204200122506,26.544988875075557,64.93345377061516
16.0,20.0,18.5,8.765,8.075,1162.5,2.44,53.8484,0.7,22791.0,176.0,19.9075,9.7003,26.1024,22316.0,289.4793664503182,2.235459983996139,78.731,30.36,17.926,5.442,12.707805206288954,0.8544099046087655,49.59,270490.0,11.8,40.1,56.9,45128.0,39616.0,17109.0,9.127778739156234,7.347487394884943,0.1563167286245353,0.2407812308070261,59.4,0.6924783900039055,84.4,194.2,24.049788123272986,18.594205755467215,9.364588399319908,37.03587814824345,8.60301782472214,6.847388740526507,-15.158167233873774,3.076839765443779,2.4709682145031704,1.3209131330437938,1.4914340848196315,1.2922017230590193,-5.085078972975411,-5.436372416721036,-3.7298335722740745,13.595470906364111,4.345258413860571,0.6891867331384406,1.91443185321676,-0.02762389158519755,-4.688685920437176,11.380073907586436,3.900931512607879,6.06071924276029,20.714544587566827,7.811094621953863,4.370964606748896,-1.1971006691269632,19.607611742308364,11.642392932651566,6.174248256599533,9.85247657514798,16.98711490294586,20.558780449694023,5.192579574842632,-6.353939939017095,70.43659558789959,51.622921267648536,15.076282189072417,64.93345377061516
406.5,28.1,32.4,20.44,9.01,370.5,4.62,2.90776,0.115,1588.0,7.908338175479372,0.089,0.2026,19.077820000000003,4092.3,329.46058091286307,1.640734061302774,4.82,0.14,0.34,3.98,1.9414835306710216,0.2504382101047163,73.3,43717.2909103953,2.133822472423064,34.05945495650095,63.80672257107598,57754.0,39953.37,32733.15,7.989646389078048,3.576066916726457,2.2858259152713347,0.3546265201122545,56.1,0.00212132,16.2,29.6,-0.8107564984564674,0.7008102668425994,1.2590882068352458,-12.446395368753,-2.6612519925848264,-4.135362104397113,-1.9673161047689307,0.37960288634601375,0.15738999231097558,-0.06219295302871641,-0.282465417683124,-0.24065473219535002,-0.8327270867760905,-0.6355313244143806,0.24726204101229135,-0.07961389064323166,-0.8477726402855481,-0.08120735870053365,-0.24008306698873627,0.0351806248119102,-0.1663162092290195,0.2587099841508707,-0.24862068685858288,-2.4422915191335295,1.841092620015455,0.3935907028064447,-1.8214861878682858,-2.572412863305459,-2.371161135930258,0.9706487897333385,-6.028240930970448,0.7865234774677092,0.5140185484080569,-6.941295985310958,0.055958173191175055,-2.0541789154304815,-7.75902504279511,-15.80671776896498,1.0911713722907002,64.93345377061516
172.8,27.3,28.3,8.195,8.21,372.0,2.49,46.39,1.9696,37903.0,493.0,18.997,12.4084,46.2737,14888.0,438.5652299681805,5.704367949088805,86.425,31.048,20.027,9.119,23.6873667742644,0.5198347645921357,40.86,412043.0,11.40105756416319,43.837324276686296,44.76161815915051,46146.0,36086.43,16572.17,12.426995927713286,10.42342201495799,1.8765437977532649,0.2308378149566619,50.36,0.2514830024201264,36.8,20.0,2.595159596291681,2.089848115655282,2.9654566135226434,3.5577738798720144,2.472653938039828,-15.437922017920455,-2.087412794033686,2.608731457454461,-0.40989812689212446,0.7172396619680043,-0.7994087525589073,-2.2462250194295,-0.39319214758075177,-1.7565256845454364,0.1824059023568402,-3.1274145457986755,-0.3640708221169189,-0.3452870313668008,-0.2726351172849535,0.27670444445218934,-2.0026035624401035,-4.427763481428848,-0.19796491491297896,0.6068599442283942,-0.5714478737954041,-0.1893179834634071,0.42917390959026874,0.3255142570442217,1.045632376410067,-0.6945727707973369,0.14936371876082064,-0.9854388615737354,-1.1318526971821363,-2.5235933426721022,-0.363988364250398,-5.317019757262121,-9.96556767267796,7.547247321036022,-20.01334762524969,64.93345377061516
218.7,27.6,27.1,5.27,7.38,366.5,3.81,94.75,0.975,80886.0,573.0,36.035,30.6179,69.9425,59746.0,503.33227546810537,3.5656280919222656,160.701,59.489,57.403,13.697,44.04493523854282,0.7705005543685988,37.51,683165.0,24.81513784080998,29.71825110917296,45.46661105001707,37563.0,37438.88,16936.21,15.717915646179634,15.449625511761106,1.4422353381379165,0.3216419673452932,70.17,0.1829477332070266,230.0,166.8,2.025309157966016,1.9155254739212502,1.0329643977417924,5.610410567911653,-19.055792030510492,-14.036779885392946,-3.40221036127458,0.41978511222793385,-0.3631554362674559,-1.4764926221004366,-0.2845658639632161,-0.5119564096722762,-0.7452262693255526,0.22664931570490174,0.6970549170703942,-2.4467121996482213,-0.31558384923574856,-0.5537135105331734,0.07783984504873039,-1.7070040680840617,-1.621685614247496,-8.609456049303214,0.42340061011413627,0.6237346755930536,-4.626563688233339,-1.9439899991437173,-2.5095274427719425,0.05963175827637279,1.450930992479747,0.309874307171752,0.8014595977310085,-1.5120408021099871,-0.822640747058517,-3.081428789778922,0.385088621961573,-0.6454848376754646,-16.127545258052805,14.044500831879366,3.1335138940058336,64.93345377061516
324.2,27.7,29.0,11.84,8.535,603.0,4.31,65.48,1.159547297297297,35404.0,628.0,32.7396,23.8933,28.3358,18135.0,353.61566120655215,6.272473032361166,100.12,42.91,32.89,6.89,21.692116085648387,0.4183057432432432,45.82,494396.0,16.2,34.7,49.1,52830.0,29483.6,14569.4,30.782770270270262,13.408445945945948,0.4610408828493061,0.2022597972972973,44.72,0.3593664346539043,6.8,3.2,-0.814236964310208,1.275212463488182,2.336640899411092,-1.665614922579067,2.303693870708036,0.4122229212926083,-1.9931058692404378,0.4774693277431646,0.33867323186559034,-0.10712340246109912,0.227020796121409,-0.45315187221392944,0.06777992190482718,-0.5201792426717781,0.7793254184117543,0.27287941629687906,-0.2414463948815441,-0.44546959359198907,0.09178941886561624,-0.384864403124277,-1.2626416748824216,-1.8927651113613189,0.2595361207580814,0.4350289756587391,-0.8324465047940613,-0.40760542524668103,-2.043214835661153,-0.8416200584359471,0.12064725677172376,-4.06607142192622,2.0188032169236494,-5.934576164816195,0.9370896888586375,0.22943759997064828,-0.457362034053852,-3.2183795069189127,-4.4747600333035615,-26.854530465644785,-8.731130645296846,64.93345377061516
434.4,27.7,30.1,7.905,7.795,856.5,4.22,92.75,1.5386300675675677,45158.0,696.0,33.0483,14.6795,94.9691,6452.0,387.35632183908046,5.970149253731344,116.58,42.49,20.02,31.74,25.258358901966528,0.555059543918919,52.85,465622.0,12.3,44.1,43.6,67794.0,41956.5,22104.5,40.84636824324324,17.791976351351355,0.9989242570341496,0.2683831925675676,59.34,0.343637457895681,3.8,6.8,-1.3413951720762995,1.2415079751067482,1.3067410575582954,0.9507740873160456,-4.333753893716882,0.6136632359912615,-1.6119997156318278,-0.2073715185436109,-0.1764806585106999,-0.23438586823331897,-0.4247241867116343,-0.4213212714903056,-0.5827201632130888,0.18494968497116723,-0.13656198099255565,0.07792557187068032,-0.15429369940112167,-0.637095509758219,-0.15713645276923993,-0.7182672511599958,-0.0755189857911307,-3.010991441436732,0.5409013778530052,-0.37576865553700683,-0.27183962875201056,0.12913299653213486,-1.0805811358553665,-0.07975342753653607,-4.047624431534981,2.4372000465759385,-1.784070596173405,-9.34916212681914,-0.6816522657747064,-0.29091906390308037,-0.14649394995222392,-1.1921943283112106,-4.391612530824108,-19.366896893911374,-15.051617683372461,64.93345377061516
421.2,27.7,27.4,4.69,7.699999999999999,438.0,1.68,113.44,6.47,113005.25,3048.97,56.37,31.11,123.25,170899.0,632.6927383685123,17.070544762331334,178.61,74.6,52.48,33.02,11.832260392384752,1.0136065476243834,41.19,962714.0,23.22925734100645,37.059541398199215,39.71120126079434,40450.0,30441.0,14677.0,7.420621787035737,5.286083690348805,0.6079000575173069,0.2002013844757149,68.94,0.5598057675985985,570.4,475.6,4.855785531901444,4.915282494078081,2.826312553916747,11.808665647072099,-7.678965891098296,-12.983159984446443,1.113001583547639,-2.026350048269766,0.2222057685457776,5.595123594577114,1.3193592513026653,1.2429056280292563,1.9306035350325192,6.76615666666068,-5.4927211289837325,-0.7918572158801052,-0.9876091124024254,-0.3186539207212646,0.49798198023811197,1.6903197976294893,9.637351883901284,2.546546404136656,0.6934009115770481,3.5117820885544653,-10.744981779162776,-12.044609795222057,-1.1122539812233283,8.513467087522148,17.265048524771505,-5.799912745887415,2.882362695389116,10.529009583354929,1.3717810727003974,9.505379403584326,-1.0887398647144415,3.53105587387768,-13.438971293801439,49.14412789272921,5.779685043403878,64.93345377061516
453.1,28.0,28.0,8.735,8.125,1085.5,2.89,121.17,1.24,111887.0,1972.8,69.36,49.35,171.62,14251.0,484.1916219491085,8.537303098494027,231.08,91.11,77.42,35.98,15.308206323678789,1.4921568515595265,37.51,1010017.0,18.514367546917764,44.48838459533429,36.99724785774794,40876.0,30965.0,14316.0,9.36200276864403,7.781782798224389,1.0236131895309892,0.2773605197458011,95.51,0.0288522245930575,29.6,18.8,-2.455332642390083,2.6609202328169093,3.1613789932057266,3.6190110290717943,3.2314785284859453,-0.6879097111197191,-2.629429508714626,-1.5071529182419174,0.2397850606652593,0.027046414408831303,0.10346163686985814,-0.4459118653678638,3.711262428835036,1.228837304391588,-0.3337021974505238,-0.9405695717160903,-0.15253059320927878,0.08929248738102531,-1.0424150920193649,2.603726698563744,1.1606874052962908,-1.0781695215869682,-3.4269426675823826,1.66940687095436,-5.662768328189848,-2.419343606508338,-1.603802369575326,1.4114008796587576,1.8652120178410163,-2.494650889734428,2.5926216299273075,1.4681201270719368,-0.523608198957519,0.44674687390215834,0.4226068822822222,1.095897176200525,-18.725073217383272,-25.704665929007657,-13.061828492920222,64.93345377061516
331.5,28.3,29.5,3.38,7.415,443.0,4.14,62.8682,0.7473,30465.0,544.0,23.7417,15.1611,35.7857,16160.0,391.6363496124131,6.993276684364113,77.789,31.907,28.226,8.037,12.555758966506351,0.9191379276851872,47.4,302484.0,8.8,57.3,33.9,63896.0,41068.0,18414.0,9.819277128486252,7.904115227830772,0.4381657992565056,0.2590222331408918,63.9,0.3305574107129818,418.4,317.0,-2.8065899142638457,4.467250616385911,3.717878643296039,5.885084720420029,-17.147114311382953,-24.17594501245146,-9.070882656620038,0.9864639528607956,-0.6556031094056847,-0.44701065991151295,0.6516440444532791,-0.2517906692996614,-0.7278669818816708,0.3224334622515966,1.6494835557354,2.2502142522763444,-0.48499497088526083,0.22376206000956453,-0.3569044015308238,-0.3908521808109562,-1.0120853116145978,2.7346223965706287,0.46106344944642313,0.43783519070129867,1.5356849950862408,0.5500558719341649,0.7270921475207436,0.7900814037754514,-3.0407028114159256,-0.14196077173265387,-0.15103461926414882,1.8232312116787464,-0.7051804198479914,1.505383462728931,0.014719855639463061,-1.6886353026765073,-6.189887947902704,23.913289645036375,13.74997542333323,64.93345377061516
116.8,28.8,28.9,3.4850000000000003,7.470000000000001,539.0,6.93,49.512,0.336,36853.0,138.0,15.7684,11.0015,49.6713,4038.0,582.73904587214,2.182128682342152,63.241,25.634,18.924,13.688,10.207596868462485,1.431208510245323,64.28,314899.0,7.9,22.3,69.8,42653.0,44208.0,19416.0,15.289797719630393,12.30765986180222,0.1473591078066914,0.4033288293821397,99.5,0.1457545317138525,716.2,518.2,4.351413048407605,6.14910175540795,3.7304672181420018,7.5746631831675755,-6.822000258313881,-4.963050223554794,0.15403513059330512,1.9243849683087302,0.3354235229144509,1.116981664416378,-0.7487391655348844,-1.9762764443084604,-0.07622665863173594,-0.8710418265747532,1.7384191148479784,-6.36302551738297,-2.1279033420638505,-0.6655947581554438,-0.5018501176467804,0.8417592815713332,-0.21047984755132365,4.979236951870842,5.331852296240007,-1.393550106985493,1.0193745716102425,0.8056546879466634,-8.949038890625042,-6.8112071028444925,3.8330024899573387,5.8320039163095245,-0.14990297303535036,-0.57306578394336,-2.9552615208349473,3.1546923275121177,4.910676103311902,13.281220205053685,-31.308794989539308,28.960860619040513,13.466813535242494,64.93345377061516
354.1,28.0,27.4,2.175,7.355,445.5,5.34,78.86,1.51,42101.0,1310.02,57.39,30.39,103.24,45409.14,239.6050310170167,7.455580217403678,175.70999999999998,75.89,47.08,23.13,11.640145980325425,1.1288686636714582,52.2,686334.0,16.06716086336319,29.95130135865117,53.98150854710848,36106.0,32559.0,16815.0,12.881572327495135,5.887189901806822,0.6001059414337037,0.2742822855197458,94.45,0.0751766591818047,864.2,536.8,-0.7919267030882953,4.79172879398645,4.167393019601392,7.217377443778484,-20.569734442363647,-19.00317922218082,-5.922644842998124,0.6733460434526197,-0.317385763097555,-0.38197577313364633,-0.24418363183736677,0.1847935090462355,0.681237972727977,0.9191505849796044,1.1310197865264513,-1.4008325209872188,0.5259936083884269,-0.4131307119596744,-0.36045181615898986,-1.104050426532049,-0.14237553984392606,0.8435682591982206,-2.3504337792315835,-0.31619157494666733,-1.8966775823671689,-2.2477086027649555,-0.8334546989637114,0.7608194016665228,7.030250936580511,-1.1474207957337301,0.15820281859176966,-0.7032946584653103,0.15485984307248288,2.1820368363731553,-0.17309166325877193,3.746499153308878,-30.023794337901446,32.206879492872396,9.30469884576276,64.93345377061516
3.0,3.8,8.4,18.135,9.11,756.0,7.29,2.90776,0.115,1588.0,7.908338175479372,0.089,0.2026,19.077820000000003,4092.3,329.46058091286307,1.640734061302774,4.82,0.14,0.34,3.98,1.9414835306710216,0.2504382101047163,73.3,43717.2909103953,2.133822472423064,34.05945495650095,63.80672257107598,57754.0,39953.37,32733.15,7.989646389078048,3.576066916726457,2.2858259152713347,0.3546265201122545,56.1,0.00212132,0.030405592,31.6,-6.376113394123968,0.5989994697117541,-2.2608961467196504,-27.36717913753974,60.53159072217377,1.5271597795623058,8.291855853757198,1.7607501806194559,-0.8100240713373448,1.9724872900530068,0.18278179992999302,0.3820402849993377,1.6342040157139603,-1.991241260919099,1.6673473947153745,0.8347555993761243,1.0871733747127788,-1.3475268554283921,-1.2671617720602084,1.6651403715275233,-2.7405961023728995,4.226848918669082,1.001778728082621,7.7012262559868345,4.8737247605466605,5.048861077885765,-3.2038985304984577,-4.0023197913852835,-3.2044288383362187,3.368845411965934,14.416121168094685,1.2875879402210304,0.6089577342647443,-10.197496901857669,0.5201190457803518,-3.0239845269996075,-12.728875820112103,-72.52562322964893,6.950014170608481,64.93345377061516
15.0,4.4,7.4,13.355,8.18,1211.5,5.87,46.39,1.9696,37903.0,493.0,18.997,12.4084,46.2737,14888.0,438.5652299681805,5.704367949088805,86.425,31.048,20.027,9.119,23.6873667742644,0.5198347645921357,40.86,412043.0,11.40105756416319,43.837324276686296,44.76161815915051,46146.0,36086.43,16572.17,12.426995927713286,10.42342201495799,1.8765437977532649,0.2308378149566619,50.36,0.4327532698471893,26.8,7.2,2.67635244027401,-5.558911056478197,-1.1155525577130423,-4.904955177092925,1.3001873550439877,6.60690242324645,-1.318116285338377,0.29633516839239843,-0.6296586863913883,0.042692251298577864,-0.9237860945115489,-0.3244217524584381,-0.1449843119705715,-0.2384081799009188,0.22365650595476297,-0.13173087046015997,0.24891702880772396,-0.2584692327460888,0.560948781236075,-1.3217507570733635,-1.067698971712962,-1.8983065703169748,-0.06655442113677644,0.7837481584244709,-2.220008706888185,-0.9740596915564197,-0.36268262287601755,-0.2821504714619362,0.058166760668779204,-3.0349700411440175,1.629508351820211,-0.5330716168880466,-0.742338053941106,-3.854732759717541,-0.34033535870413045,-2.673271496957167,-2.3734493721183396,-23.550953781527156,-17.326143596113347,64.93345377061516
27.0,3.0,7.7,16.884999999999998,8.47,250.5,3.6,94.75,0.975,80886.0,573.0,36.035,30.6179,69.9425,59746.0,503.33227546810537,3.5656280919222656,160.701,59.489,57.403,13.697,44.04493523854282,0.7705005543685988,37.51,683165.0,24.81513784080998,29.71825110917296,45.46661105001707,37563.0,37438.88,16936.21,15.717915646179634,15.449625511761106,1.4422353381379165,0.3216419673452932,70.17,0.1534554429975978,12.8,5.2,-0.8210974083235482,-4.2575682517560205,-0.37426505586753295,-8.822330605750903,0.8744830130552881,-5.591515245782211,-2.694681763451856,-0.0897430384950711,0.15436233015730969,-0.875497020074787,-0.6655014726756298,-0.15509714129846522,-0.00015606157947361857,-0.49971891423221676,-0.6056665874520938,-0.3346682083389414,0.010306686287124958,-0.6499793304378779,-1.039956062113245,-0.11598623784414175,-0.2292708654329185,-6.314175709200014,0.3623840200171495,-0.0065530933625993285,-1.8807168636253717,-1.7069781372028718,-1.5538885859718237,-0.5706799589609731,0.545581308263354,-0.4885218099698732,0.18281347900784264,-0.529843205929113,0.20438119045613964,-2.3997017411204675,0.13350360950299853,-0.10388566683279392,-5.596865931495558,-10.723830790442102,-7.637283826777712,64.93345377061516
38.0,2.8,7.6,13.955,8.295,825.5,1.9,65.48,1.159547297297297,35404.0,628.0,32.7396,23.8933,28.3358,18135.0,353.61566120655215,6.272473032361166,100.12,42.91,32.89,6.89,21.692116085648387,0.4183057432432432,45.82,494396.0,16.2,34.7,49.1,52830.0,29483.6,14569.4,30.782770270270262,13.408445945945948,0.4610408828493061,0.2022597972972973,44.72,0.00212132,5.6,6.8,0.05422387775654643,-3.392002506007751,-1.1759668008315682,-10.374241973957977,1.830514868247943,1.7157940290472469,-0.8040165441840258,0.03258837286227693,0.40077426983974834,-0.6687471318043151,-0.37294438583155465,-0.2741299939466022,-0.8155951310181996,-0.5051609284275523,-0.6861671677604319,0.9044634217675777,-0.2844383288283521,-0.16244121894861308,-0.44131934812214885,-0.4182861030474303,-1.1477776325928664,-0.6557346800450857,1.41539835358349,0.04249185075362616,-1.0197937771243357,-0.9006006704348447,-1.7955696335528042,-0.7990183207485826,-0.861113385997402,-1.9123222446752088,0.8899601328823096,-4.500335579002276,-0.01525503270328075,1.5304818325815723,-0.41587856613875634,-2.487070164674272,-3.637260374181593,-20.028057911801152,-9.35705778427422,64.93345377061516
25.0,2.6,4.4,13.735,8.29,1140.5,5.25,92.75,1.5386300675675677,45158.0,696.0,33.0483,14.6795,94.9691,6452.0,387.35632183908046,5.970149253731344,116.58,42.49,20.02,31.74,25.258358901966528,0.555059543918919,52.85,465622.0,12.3,44.1,43.6,67794.0,41956.5,22104.5,40.84636824324324,17.791976351351355,0.9989242570341496,0.2683831925675676,59.34,0.0021213199999999,8.2,16.6,-1.6703147364625093,-2.453915913652162,-4.741429751343869,-3.7886777803177636,2.1184048001623403,2.5366451860405497,-1.9266805858335767,-0.5276528895374698,0.8213034693244848,-0.784155691011499,-0.3781631922814996,0.14401869335211806,-1.9136868742721465,-1.121060731401667,0.11024757379045098,0.13499988724555226,-0.3851937937581284,-0.21152658746267305,-0.48311391922645325,-0.8264831355027852,-0.2547779518971225,-1.049238773871523,0.2879329898953438,-0.16445089505674976,-0.8044772372270618,0.09174923401015438,0.19011650176097938,-0.4078423424810162,-1.094575151682366,2.255487599770229,-1.5760211493416374,-4.548316488871351,-0.16167269218402605,-0.7693247543601326,0.12346143703286809,-2.3368071437999602,-7.2499754393659535,-21.54935926160154,-9.303276602872648,64.93345377061516
16.0,3.1,6.2,14.31,8.56,1012.0,5.54,113.44,6.47,113005.25,3048.97,56.37,31.11,123.25,170899.0,632.6927383685123,17.070544762331334,178.61,74.6,52.48,33.02,11.832260392384752,1.0136065476243834,41.19,962714.0,23.22925734100645,37.059541398199215,39.71120126079434,40450.0,30441.0,14677.0,7.420621787035737,5.286083690348805,0.6079000575173069,0.2002013844757149,68.94,0.6463759471489116,20.6,32.8,0.38697410088032475,-9.593238416658716,-5.929333545028542,-7.375541069599179,-2.010547699606977,-0.07340544144467721,-1.095104091477891,-0.6647317132617659,-2.063011983449881,0.23915467231068774,-0.15347083030889452,-0.4281209576704242,0.8483962893408412,0.0023627270013089666,-1.6294627267261965,-0.11157609122960481,-0.1383077873537941,-1.0698051704776783,-0.005718931268590559,0.24852413178732047,-0.3664612067351117,0.43523927146568936,0.24882117349033572,0.029234990851643456,-3.050682384896403,-3.7255307355181615,-1.0792161223447574,0.29009617554644734,1.0302989369103062,-2.7473044326342646,0.2655218901500728,0.6247538203218336,-1.130963492118753,-0.24868538445482657,-0.8316254896981018,0.2345548677956688,-7.1266599121612195,-16.249337802735777,-0.5663751802795255,64.93345377061516
9.0,3.3,5.9,15.11,8.315,1625.0,11.5,121.17,1.24,111887.0,1972.8,69.36,49.35,171.62,14251.0,484.1916219491085,8.537303098494027,231.08,91.11,77.42,35.98,15.308206323678789,1.4921568515595265,37.51,1010017.0,18.514367546917764,44.48838459533429,36.99724785774794,40876.0,30965.0,14316.0,9.36200276864403,7.781782798224389,1.0236131895309892,0.2773605197458011,95.51,0.7949661723352529,49.2,40.2,-22.620132097651563,-10.718193318486833,-12.177136285168428,-11.183883012008542,2.4903896212903778,-2.0451793143929287,-4.609160086366658,-1.602411913725858,-0.4061865415517237,0.0327210773931188,-0.3100862528011196,-0.10576365751369488,1.4251421925611798,0.08139604639882925,-0.20335541924772146,0.5192787006124845,-0.4768542833269263,-0.7422596162185077,-0.67148326413706,-0.24912227063439873,-1.5589983792913464,0.2730687047230698,-1.7690962966562562,0.6617233944435919,-4.866514134301494,-0.5766171209622791,0.6698341731913374,-0.17823823951184736,1.3042971710115676,-4.139914718102664,1.1338807610888029,0.2007337471703076,-2.080304078714301,1.23758507535172,-0.2937513161217797,1.094972634933269,11.190172663053188,1.8647317013874023,-0.8490260922877741,64.93345377061516
22.0,3.1,6.3,11.835,8.155000000000001,1170.5,6.35,62.8682,0.7473,30465.0,544.0,23.7417,15.1611,35.7857,16160.0,391.6363496124131,6.993276684364113,77.789,31.907,28.226,8.037,12.555758966506351,0.9191379276851872,47.4,302484.0,8.8,57.3,33.9,63896.0,41068.0,18414.0,9.819277128486252,7.904115227830772,0.4381657992565056,0.2590222331408918,63.9,0.1308109176264551,69.2,171.4,-1.4340963955650412,-21.799020170949706,-17.85710965485622,-2.968822877748559,3.249171969182788,3.745006752672296,-4.085711811715736,1.3601059920371839,0.025773877582202804,0.18353817152480248,-1.2431244819456098,-0.8297102086121836,-0.5687254768361648,-1.2389432799878224,0.4815279707281534,0.8123198837771394,-0.8352745426213385,0.35945613366862084,-0.1424908469493197,0.27630083881629036,0.1413017174818858,1.6573614868211253,-0.19766732379794139,0.19019367307734955,1.0940760905606057,0.34191401115308234,0.10797329052040953,-0.02460326873386857,-3.1033214401267464,3.12965920278492,0.28114249655045453,0.3312539614007492,-1.2693001451436423,1.4285358085266004,-0.7385142152477059,-0.07848249302866561,-11.094715683537848,3.8161499773059036,3.020444675919135,64.93345377061516
26.0,4.3,7.4,12.76,8.274999999999999,1099.0,6.26,49.512,0.336,36853.0,138.0,15.7684,11.0015,49.6713,4038.0,582.73904587214,2.182128682342152,63.241,25.634,18.924,13.688,10.207596868462485,1.431208510245323,64.28,314899.0,7.9,22.3,69.8,42653.0,44208.0,19416.0,15.289797719630393,12.30765986180222,0.1473591078066914,0.4033288293821397,99.5,0.0779169865548063,133.8,423.8,-2.224372352467229,-9.389783413313951,-1.3196028240366526,-1.8199900923607244,0.6091553724122539,-1.7022642672900101,-2.0134775184560567,0.8044762636286528,-1.6228232745671012,-0.15284885862842312,-1.41030779609767,-1.2154693399990588,0.07083385740717052,-0.5182948583643879,1.80027680319734,-4.263465882808281,-0.7132487423764546,0.1640009457524855,0.3188923679540556,0.60969984460001,-0.6072597344002357,3.4746508348640064,0.9184722080143791,-1.8898327387077736,1.4537281238039335,0.5184086898465949,-6.136795039816449,-6.563044423405081,1.9530082069430492,1.1636922412536415,-0.6491346923292914,-0.8962911408425622,0.10529957342892853,1.9092812930388996,2.0437397986743604,10.526693639984975,-15.921103333262723,18.206903482920797,5.648688165101533,64.93345377061516
21.0,3.3,7.7,12.81,8.35,1577.5,6.75,78.86,1.51,42101.0,1310.02,57.39,30.39,103.24,45409.14,239.6050310170167,7.455580217403678,175.70999999999998,75.89,47.08,23.13,11.640145980325425,1.1288686636714582,52.2,686334.0,16.06716086336319,29.95130135865117,53.98150854710848,36106.0,32559.0,16815.0,12.881572327495135,5.887189901806822,0.6001059414337037,0.2742822855197458,94.45,0.1537156935785699,19.6,17.0,-0.8967572398297485,-9.082828148189776,-0.3859307747085885,-2.222240240848624,2.174601012572336,-1.3239040771778674,-1.3114680577442046,-0.10350744838050219,0.1978915495805754,-0.46930988931718054,-1.0772294903748365,-0.7603267226181917,0.8876522781699895,-0.22752298521498723,-0.5113342392724013,-0.5773706875881179,-0.38670585954872244,-0.6212197539318967,-1.1931380382661394,0.20536036540754207,-0.08299177095138756,0.5474561887669059,-1.2063474014510083,-0.431548857173572,-1.9782630378877126,-1.0539840793454396,-3.690869925729929,-1.0580401555184897,1.0977605915876716,-2.154456934371653,-0.8117700729348386,-0.5474995423108334,-0.06312352399031419,0.2740372054915255,-0.38297690293596526,0.6422068324281528,-9.126479611045992,-16.892920619462,-10.116945821543537,64.93345377061516
0.0,20.3,17.4,14.575,8.485,947.5,5.62,2.90776,0.115,1588.0,7.908338175479372,0.089,0.2026,19.077820000000003,4092.3,329.46058091286307,1.640734061302774,4.82,0.14,0.34,3.98,1.9414835306710216,0.2504382101047163,73.3,43717.2909103953,2.133822472423064,34.05945495650095,63.80672257107598,57754.0,39953.37,32733.15,7.989646389078048,3.576066916726457,2.2858259152713347,0.3546265201122545,56.1,0.00212132,0.030405592,172.6,-10.89451700049918,1.6285511579861254,-2.0780182897066695,-14.13861936362538,0.7563644256598008,0.12479311137615483,-2.03855132287213,1.7008513307028137,0.27702388043981,-1.1699318181475002,-0.3850870466154692,-0.7179738112352793,-1.567014220571145,-0.42003303998305125,0.10951199355845588,0.5746464209972578,-1.2342797327600423,0.001236681497345386,-0.6326276274646314,-1.6540856830558426,-1.0244029497091343,1.5265114688694787,0.4400359333741175,-1.3852313765464366,-0.057753341950010494,1.038572107783209,-2.4632217047611875,-3.2693408215014883,0.005555036993075986,0.5288497214609137,-5.126374645115963,0.9257275003249137,-1.4592035164016612,-4.955300126670239,0.8745088854564038,-1.6905757817393166,-3.2372177488449965,-13.87797353039418,0.13164894339240443,64.93345377061516
13.0,20.0,17.5,16.494999999999997,8.594999999999999,904.0,1.74,46.39,1.9696,37903.0,493.0,18.997,12.4084,46.2737,14888.0,438.5652299681805,5.704367949088805,86.425,31.048,20.027,9.119,23.6873667742644,0.5198347645921357,40.86,412043.0,11.40105756416319,43.837324276686296,44.76161815915051,46146.0,36086.43,16572.17,12.426995927713286,10.42342201495799,1.8765437977532649,0.2308378149566619,50.36,0.1771142572080199,68.2,0.020506097,2.099012436962997,0.6253049461233119,-5.197922656511268,-15.795314279102408,-8.473537505217829,0.6396588197940347,-1.3298140155399831,0.18624664620418763,-0.46175182505510687,0.05663280569637846,-1.065311158985521,-0.39906404369044957,-0.4365084438553699,-0.7553691812922859,0.41269671796510576,-0.40243815838747315,-0.24580739133060034,-0.21238094162428744,0.06048155489222432,0.4182030228277049,-1.3227306278763968,-2.462863383353688,-0.22724335474427784,0.4074825520114969,-1.7290250386468438,-0.5061933713344235,-0.724581729695201,0.7338787557976323,0.13135430246591573,-1.248187683111367,-0.0036059604523085063,-0.22150302570002786,-1.0934707948829352,-2.587680590157398,-0.028278538325491247,-2.199762110486627,-4.865916434484535,-1.0383613928096997,-15.323275115614136,64.93345377061516
33.0,18.7,14.9,12.5,8.42,506.0,2.95,94.75,0.975,80886.0,573.0,36.035,30.6179,69.9425,59746.0,503.33227546810537,3.5656280919222656,160.701,59.489,57.403,13.697,44.04493523854282,0.7705005543685988,37.51,683165.0,24.81513784080998,29.71825110917296,45.46661105001707,37563.0,37438.88,16936.21,15.717915646179634,15.449625511761106,1.4422353381379165,0.3216419673452932,70.17,0.6006739992330884,0.030405592,13.2,-2.476275171316229,-0.14950662209652357,-0.7260450062574823,-3.100400185282343,2.462876122104936,-1.869899851962303,-0.7166819486014236,-0.25915298041732376,0.2692525885828461,-0.4766463775265339,-0.01334480553244525,-0.25806704739108755,-0.3089537063023691,-0.1263165344810122,-0.4756303107862671,-1.5093927427101883,-0.9240099866044087,-0.6417050178255889,-0.02865414291930581,0.03803443850639047,-1.0834072340535932,-8.727280758849036,0.02615873292554145,0.4463666889335341,-1.468523265214947,-1.452440808181806,-6.725626083825095,-0.08628008549722449,1.7956210903745766,-0.2241090642365937,0.5508584568214908,-1.7852111053792754,-0.6187171045737334,-1.0339410787013674,0.2519888832016536,-0.8584507771969457,-4.71685873285712,-19.743032147951116,-7.990517057144704,64.93345377061516
4.0,19.0,14.5,10.57,8.23,913.5,3.15,65.48,1.159547297297297,35404.0,628.0,32.7396,23.8933,28.3358,18135.0,353.61566120655215,6.272473032361166,100.12,42.91,32.89,6.89,21.692116085648387,0.4183057432432432,45.82,494396.0,16.2,34.7,49.1,52830.0,29483.6,14569.4,30.782770270270262,13.408445945945948,0.4610408828493061,0.2022597972972973,44.72,0.1564632407198191,0.030405592,0.020506097,-13.908820950398223,1.2447647908236836,0.06430806418415232,3.7648214912166202,1.5366409378793717,1.5500941917502018,-0.13739629648004906,0.0886543937213713,0.04235257297443847,-0.8388935977996642,-0.25850204798082593,-0.3081233410971864,1.4360908768108738,-0.8594582337265209,0.2864347258272268,0.7230136481067163,-0.13494060872743574,0.018479878716171516,-0.2829504374880347,0.06701679144365102,-0.23844077609013756,-1.2503290065890182,1.084025403015936,1.3303742691595113,3.9999617998798698,0.24516729056214281,-6.46719283948342,-0.6494183915760364,-1.1777598533344762,-1.3468547284572077,4.252236945846428,-4.974559177343423,1.2107755600816266,1.0232873905977855,0.6432862207728122,-4.882743504797109,-10.157854128223844,-22.28031688018081,-0.4287320973910389,64.93345377061516
4.0,18.0,18.5,9.855,8.135,1184.0,2.99,92.75,1.5386300675675677,45158.0,696.0,33.0483,14.6795,94.9691,6452.0,387.35632183908046,5.970149253731344,116.58,42.49,20.02,31.74,25.258358901966528,0.555059543918919,52.85,465622.0,12.3,44.1,43.6,67794.0,41956.5,22104.5,40.84636824324324,17.791976351351355,0.9989242570341496,0.2683831925675676,59.34,3.0703681698618785,0.030405592,0.020506097,-12.18023623910422,-2.894336953732806,0.2809039698323848,0.974244315822919,1.0783909401204432,0.35143737482372694,-0.8332550863906122,-0.4720071498708179,-0.036529744677245325,-0.1486973413793997,-0.24257612587728797,-0.04987015661783534,-0.2818349892925473,-0.734479382337692,-0.26879502140606476,-0.0009170933238541087,0.4687716716357193,-0.18199625707541897,-0.07980973630522638,-0.5345860947078708,-2.4886700773083907,-1.5716690152479946,0.16250120465333265,-0.4077313060530767,-1.115797894975792,-1.7297707364739232,-0.03762698967941073,-0.016170978254327718,-3.7264022532229624,1.167947706428046,-1.8268872900431352,-2.8458558938807497,-0.7604870936678102,-0.2466541297795872,-0.2743545603829745,-1.2577631315185378,-6.479222530483578,-14.28096179524126,-11.331555422504124,64.93345377061516
25.0,18.4,19.2,10.445,8.440000000000001,1120.5,3.21,113.44,6.47,113005.25,3048.97,56.37,31.11,123.25,170899.0,632.6927383685123,17.070544762331334,178.61,74.6,52.48,33.02,11.832260392384752,1.0136065476243834,41.19,962714.0,23.22925734100645,37.059541398199215,39.71120126079434,40450.0,30441.0,14677.0,7.420621787035737,5.286083690348805,0.6079000575173069,0.2002013844757149,68.94,0.6131899229649836,150.6,283.8,5.841321235944828,5.8046909059863525,6.177689444002076,31.667622717019796,11.879545256492369,11.096163601020043,-4.249931214222067,-6.472895409486568,-2.2756136453275855,-2.5997526402895663,-0.21517091494674587,5.77955092520763,12.883984373044221,11.14939672291589,-1.6737565433730666,-10.888231975054367,-4.627612076258903,0.22677600970802322,5.049809318597738,-0.2089099781649774,27.351878139721233,5.268558117306477,3.8180490105723366,3.8712274609568182,-11.480894742052376,-11.417424222809883,0.9244064624576515,4.343548311224829,13.464618322188036,-12.228500828171766,13.591702289211874,11.18038093140349,1.842225119263554,9.153534680803618,-1.0153117813713226,10.067833091186667,-25.6750368456232,54.263632439494444,0.2746109088541324,64.93345377061516
10.0,18.9,20.3,12.95,8.41,1821.0,5.73,121.17,1.24,111887.0,1972.8,69.36,49.35,171.62,14251.0,484.1916219491085,8.537303098494027,231.08,91.11,77.42,35.98,15.308206323678789,1.4921568515595265,37.51,1010017.0,18.514367546917764,44.48838459533429,36.99724785774794,40876.0,30965.0,14316.0,9.36200276864403,7.781782798224389,1.0236131895309892,0.2773605197458011,95.51,1.0929795483252918,20.0,31.8,-19.33911964486974,2.3506256117299187,13.119028323258583,-4.457732755538696,8.545686402519545,-5.706535326160182,2.4431700683571393,-1.1339002921245995,1.5000193370102597,2.2870178762792306,1.5164696995153406,2.055417768275366,4.403585893584725,3.2417471549504753,-0.33885851240716836,-0.6236902721971277,-0.051605219949656465,-1.0132008975868416,-1.1025113656201104,6.37130635470307,-0.8528991269879026,0.2221088127077865,0.5082220454886562,1.56771372065569,-15.006392550018305,-2.2091881340121216,0.9538583819164591,3.4546185907721516,5.380230263353635,-14.048339525259408,4.548311318767564,2.943339917510748,-0.5074860389096033,0.6532834971385676,0.1707240513432775,7.990645355101054,41.75022584501964,-40.03976403401389,5.8849689939680205,64.93345377061516
19.0,18.6,18.8,7.435,7.835,1145.5,6.32,62.8682,0.7473,30465.0,544.0,23.7417,15.1611,35.7857,16160.0,391.6363496124131,6.993276684364113,77.789,31.907,28.226,8.037,12.555758966506351,0.9191379276851872,47.4,302484.0,8.8,57.3,33.9,63896.0,41068.0,18414.0,9.819277128486252,7.904115227830772,0.4381657992565056,0.2590222331408918,63.9,1.2705160900516688,129.6,353.4,-3.7848624436681444,6.854303769506511,11.889641113271935,27.16729627965329,-3.3836009569497154,9.051889492254702,-6.818373329720153,5.778068780178827,3.034766768657917,1.9122576211082432,0.7481664970237757,0.7246396232520554,3.5875014643712575,1.871537246260169,5.431785859617712,1.6809485289516555,4.024928511963227,2.436709584382673,4.126316191380226,0.32811373719945774,1.6995847437313458,9.460121935044102,1.2448796309375496,0.33228018197231,-0.8528403249041485,-0.4061314175029557,-7.263355952212588,-1.4814010882439739,-7.267677878507723,3.4636750520175936,-1.3824700548313604,0.9378585294230527,-2.7434657195210392,4.139877857935304,1.4694440254786383,-3.7901539972036473,52.36666320377339,32.29686172879922,15.249319173761954,64.93345377061516
15.0,20.0,21.5,13.56,8.575,1105.5,5.98,49.512,0.336,36853.0,138.0,15.7684,11.0015,49.6713,4038.0,582.73904587214,2.182128682342152,63.241,25.634,18.924,13.688,10.207596868462485,1.431208510245323,64.28,314899.0,7.9,22.3,69.8,42653.0,44208.0,19416.0,15.289797719630393,12.30765986180222,0.1473591078066914,0.4033288293821397,99.5,0.4093451772379438,0.030405592,70.4,17.573552382110307,5.749678788150972,9.5914291929733,-7.850787864223432,-0.38398751625325583,10.893489452737073,-1.7269450895907366,1.8273314394274116,2.206420207267316,-0.08712310211732932,-1.0474641487343854,-0.4546242618126162,-1.2766468920155132,0.17938751926801086,1.6584176422438262,-0.5188720645553745,1.2187490520719437,-0.4493569420743732,-0.34415485728532264,-1.373654026202854,-0.6947635732715355,5.513681850360396,1.075405016794489,-0.8515044176857914,6.30334618999002,3.9990699521700557,-10.711430565478901,-7.8905444502644215,6.480448992286497,25.66997063293743,-0.6141908658016476,0.08886662666996188,-0.5067189681561027,13.076167087654275,-0.29470045729540395,5.960205704119676,-4.037958571212368,-31.615926805219303,5.590796817820518,64.93345377061516
32.0,18.3,22.0,12.85,8.215,1955.0,7.06,78.86,1.51,42101.0,1310.02,57.39,30.39,103.24,45409.14,239.6050310170167,7.455580217403678,175.70999999999998,75.89,47.08,23.13,11.640145980325425,1.1288686636714582,52.2,686334.0,16.06716086336319,29.95130135865117,53.98150854710848,36106.0,32559.0,16815.0,12.881572327495135,5.887189901806822,0.6001059414337037,0.2742822855197458,94.45,0.6107432544305833,146.6,27.8,-0.7357012712412212,3.201997244600206,9.669261247729883,-0.48756122323994955,1.2834174938530971,-2.270781706469134,-3.1042165773951744,-0.7663690072794763,-0.43057638990847974,-1.309574131037418,-0.27209390928347926,-0.8582056400148833,2.7670995613218605,2.146054946659129,0.16008349870642155,-2.6287317099003107,0.8155653554325321,-1.34417970720989,-1.2459795949980652,-1.177231637407096,0.6688728906866152,0.818766351708525,-1.1572670525374533,-0.7460614116132861,-2.311525397412479,-2.3950527701278532,-6.842492684619501,0.11972149122506288,4.632311045633006,-5.096846175414201,1.4029694803121195,-0.9971565907386438,-1.6420470400744431,4.209840300170085,1.3321927648875889,5.877488775135329,-10.337360049237807,30.513493415984943,14.313223312029924,64.93345377061516
