PREC,T_M,T_W,DO,pH,COND,DOC,GPAM,WS,FER,PES,MO,CO,VE,FR,FERA,PESA,TSA,WA,CA,VEGA,IRR_W,AGR_W,UR,GAO,PR,SR,TR,GDP,UI,RI,UR_W,RU_W,IND_W,LIF_W,POP_TOT,ACE,PREC_shap,T_M_shap,T_W_shap,DO_shap,pH_shap,COND_shap,DOC_shap,GPAM_shap,WS_shap,FER_shap,PES_shap,MO_shap,CO_shap,VE_shap,FR_shap,FERA_shap,PESA_shap,TSA_shap,WA_shap,CA_shap,VEGA_shap,IRR_W_shap,AGR_W_shap,UR_shap,GAO_shap,PR_shap,SR_shap,TR_shap,GDP_shap,UI_shap,RI_shap,UR_W_shap,RU_W_shap,IND_W_shap,LIF_W_shap,POP_TOT_shap,ACE_shap,base_value
180.9,27.2,28.3,6.84,7.81,215.0,1.59,66.2474,1.0595,34376.0,483.0,28.7012,25.1718,28.6734,5797.0,379.3590535887702,5.33018451487596,90.616,40.315,35.368,6.809466666666666,17.150500621066524,0.5104117114683594,57.69,245093.0,4.046117032847509,70.70339991554594,25.250483051606547,87265.0,36610.0,23148.0,20.47279770573432,11.45791031431516,5.074354330870425,0.2603928326866012,70.9,10.0,0.02374078497911493,-0.07054159025972088,-0.03183297813249131,-0.01309862950195869,-0.02939876390776287,-0.009389169129232553,-0.03425399089852969,-0.005141986226662992,7.399178110063971e-05,-0.007733168158059321,-0.0020126008971904697,-0.010896197917560734,-0.007805697427441673,-0.0034922112338244857,-0.008994195644433304,-0.0079499248880893,-0.002821225632602969,-0.004477775531510507,-0.0014643974928185346,-0.002219482352957127,-0.007813016503738862,-0.0027418150411297852,0.004230508000279469,-0.004609669060446318,0.0012556147699554806,0.0036504099052399337,0.005021172786752381,-0.004305113994826873,-0.01008946250968923,-0.0023439963751783004,0.0003223449783399685,-0.007176343140502771,-0.005506222181332604,-0.0033067667173842627,-0.0004861293422679126,-0.0006441573581347863,-0.07716779745183884,0.3836070292443037
191.4,25.7,30.2,10.11,8.41,885.5,1.6,69.4828,1.3569,21994.0,591.6353864032538,9.1363,9.5518,7.95815,16641.32,381.11245884595394,10.251869457689375,57.71,25.24,23.82,2.36,23.245438704361963,0.4724934230642314,61.4,189959.29356481816,5.960707881876988,46.25281304491967,47.78647907320334,66835.0,38481.79,24326.61,8.747788017238738,6.746846249557248,4.849428335338578,0.4633533676333021,73.3,0.8,0.021873381827026608,-0.11674669086312255,-0.012784477594929433,-0.0028692880334953495,-0.046572667239233846,-0.002881485785668094,-0.052431945467057324,-0.005281499975050486,0.0014159092027693978,0.0011724796611815684,-0.005656921720753111,-0.0012911430451398112,0.0022473039757460386,-0.005360860380654531,-0.006625738850173854,-0.00554302627686411,-0.0018228352659692346,-0.0008862380497157626,-0.0006547068990766965,-0.0038596706185489945,-0.0017063557930911608,0.0038380796539907737,-0.015512944910054413,-0.0012030087535579998,-9.050074343879694e-05,0.0007672147918492602,0.0001023191555092785,-0.0031674622495969106,-0.005397958794298265,-0.000885605501631898,0.000849139684190349,0.0019811917329207065,0.0016112260178973304,-0.0026015301421284595,0.0016011282708495833,-0.00022678833920508623,-0.07619596041738988,0.3836070292443037
218.7,27.6,27.9,10.915,8.14,525.5,4.03,94.75,0.975,80886.0,573.0,36.035,30.6179,69.9425,59746.0,503.33227546810537,3.5656280919222656,160.701,59.489,57.403,13.697,44.04493523854282,0.7705005543685988,37.51,683165.0,24.81513784080998,29.71825110917296,45.46661105001707,37563.0,37438.88,16936.21,15.717915646179634,15.449625511761106,1.4422353381379165,0.3216419673452932,70.17,1.0,0.021303313172732794,-0.05025603184166055,-0.016458210103834674,-0.0008018597913906009,-0.03113345241174102,-0.0017730792363484643,-0.08444224753106633,-0.00270785827500125,0.0004887628834694587,-0.0018498629176368294,-0.0017257283286501925,-0.006279749631260829,0.003773152160768711,-0.0044544375967234436,-0.0035804136656224696,-0.008420523268481096,-0.0050331783449898155,-0.004061506781727074,-0.0012722280931969504,-0.0009159987016270557,-0.0001916421266893517,-0.013160585506508749,-0.012710618994509182,-0.0015152650357534395,-0.0007676823111250995,-0.005304211204250654,-0.009316923574854925,-0.0034410659813632603,0.0016528612809876587,-0.0027543246683975047,0.0006024227384477873,-0.002915875762701031,-0.014322446935499713,-0.0032314211968332545,-0.0008827139871815786,-0.003268675524741411,-0.07034450260922312,0.3836070292443037
218.7,27.6,27.1,5.27,7.38,366.5,3.81,94.75,0.975,80886.0,573.0,36.035,30.6179,69.9425,59746.0,503.33227546810537,3.5656280919222656,160.701,59.489,57.403,13.697,44.04493523854282,0.7705005543685988,37.51,683165.0,24.81513784080998,29.71825110917296,45.46661105001707,37563.0,37438.88,16936.21,15.717915646179634,15.449625511761106,1.4422353381379165,0.3216419673452932,70.17,2.4,0.01720640480518341,-0.07131562522302069,-0.00995388878975064,-0.010004895324818788,-0.03668736656506856,0.01084414344125738,-0.06880296528028945,-0.014213772104121744,-0.0010678011334190822,-0.0022568719120075274,-0.001344245861594872,-0.016988961125413576,-0.003444634952271979,-0.006719399156669775,0.0014505466384192288,-0.010507843371791142,-0.0014108459589382016,-0.0010946192685514697,-0.003264095690101387,-0.0014880720153450967,-0.0018806718833123681,0.008011377012977995,-6.0049534464874654e-05,-8.433795534074026e-05,-0.001485751578584314,-0.008194717249522606,-0.005093959178775544,4.410851746797749e-05,0.0006256615556776597,0.001197488283117612,-0.0006808611967911328,-0.003878389292707045,-0.023417175814198946,-0.0013085494252542678,0.00027249374116460924,-0.002841115716534355,-0.07181212827873727,0.3836070292443037
421.2,27.7,28.7,4.36,7.37,447.0,7.87,113.44,6.47,113005.25,3048.97,56.37,31.11,123.25,170899.0,632.6927383685123,17.070544762331334,178.61,74.6,52.48,33.02,11.832260392384752,1.0136065476243834,41.19,962714.0,23.22925734100645,37.059541398199215,39.71120126079434,40450.0,30441.0,14677.0,7.420621787035737,5.286083690348805,0.6079000575173069,0.2002013844757149,68.94,69.6,0.22517615875074024,-0.14817636476363985,0.028144297098430495,-0.05660177068784832,-0.1711603555859377,0.07307704354325932,0.16906123815725246,-0.005117190138747313,-0.04577271194507678,-0.017820169997091094,0.04023256279838581,-0.00831242320127787,0.08313241951167584,0.09088549529047062,0.3265542447411766,-0.12415711807397502,0.029770655324682604,-0.00218704520724713,-0.017634582137689002,0.015168375649179005,0.01977613694965843,-0.039393754949172334,0.026900484760602295,-0.006479176934808491,-0.002082766145467765,-0.005139049165882183,0.00227359685891617,-0.002836967014397141,0.005239186907807995,0.017338888977343817,0.0014247332916905696,0.0004534360673278508,0.13416320431977508,0.003526842334928608,0.008564978473198913,-0.00047365629114210866,0.5594649278062085,0.3836070292443037
421.2,27.7,25.8,3.15,7.335,332.5,6.25,113.44,6.47,113005.25,3048.97,56.37,31.11,123.25,170899.0,632.6927383685123,17.070544762331334,178.61,74.6,52.48,33.02,11.832260392384752,1.0136065476243834,41.19,962714.0,23.22925734100645,37.059541398199215,39.71120126079434,40450.0,30441.0,14677.0,7.420621787035737,5.286083690348805,0.6079000575173069,0.2002013844757149,68.94,38.2,0.13990661527340612,-0.19796981016484397,-0.03638321249745786,-0.03086708488563696,-0.11044502482749524,-0.0678721084073186,0.052305620188514396,-0.028851933743183806,-0.019516209779928132,-0.008314558298637474,0.012744873802488054,-0.009579504315430915,0.012998645231127738,0.026305224395667515,0.08943671160067122,-0.03279193396990498,0.0005651504701624406,-0.006644592080265276,-0.01563921588162581,0.006809673563887667,0.012767940387129787,-0.009017856611559792,0.007943922349562243,0.0010688876050214055,-0.0014480775284270487,-0.0017726828654607261,-0.0013781066021571569,-0.0005649406431863674,0.000295254501203696,0.0034560594925036082,-0.0001033043147375158,0.004602752790475882,-0.000720023366933057,-0.001124332410593824,-0.0022976199009766157,-0.00046961989564200365,0.22951908242578312,0.3836070292443037
307.4,28.4,27.3,2.87,7.675,501.5,2.75,97.05,1.21,106381.0,2590.42,55.63,35.38,100.73,137331.0,610.4028000918064,14.863552903373884,174.27999999999997,73.07,53.35,21.39,11.545413701275482,1.3286396630675812,42.31,858592.0,16.673582357043852,41.11565010222189,42.21076754073426,42877.0,31410.0,15449.0,10.182451797210655,6.929020407132105,0.954641587443107,0.2674869382660009,92.11,12.2,0.05834300768561662,-0.12369167617832622,-0.007240592346837116,0.04995427971084912,-0.03328800123805801,0.007925425615782545,-0.051280389307066805,-0.0070335102484872,-0.0003371820195267582,0.013554035763566695,0.0183445203738908,0.0016270973316083379,0.001651126078019537,0.003733665896579626,0.023003751492748654,-0.019821301583821564,0.0010753490682691425,0.005163992363959549,-0.0005781371612101708,0.0019549871981143926,0.002640339440355697,-0.002111519351601599,0.008203887756293018,-0.004361228843530021,0.005052057017261789,-0.0034319428975383448,0.0009271203695486047,-0.0011315875127911577,0.0057838813743243565,0.01683956578684349,0.0007113210484385469,0.02126514067562918,0.015695224997277057,0.005226547336205838,0.009686310707281038,0.0033727015803257563,-0.04025256426073611,0.3836070292443037
331.5,28.3,26.8,2.28,7.7,1200.5,6.42,62.8682,0.7473,30465.0,544.0,23.7417,15.1611,35.7857,16160.0,391.6363496124131,6.993276684364113,77.789,31.907,28.226,8.037,12.555758966506351,0.9191379276851872,47.4,302484.0,8.8,57.3,33.9,63896.0,41068.0,18414.0,9.819277128486252,7.904115227830772,0.4381657992565056,0.2590222331408918,63.9,11.4,0.03983073023768762,-0.11211215605959296,-0.019774605740482606,-0.004200467051317289,-0.03221738980772595,-0.002199698351323606,0.025816450401519735,0.007830795813351872,-2.808103958765011e-05,-0.0024948517822970975,-0.005125153620416915,-0.003056954542795819,-0.0041046307887881986,-0.007173206064229207,-0.01867453627909223,-0.012952974168583748,-0.001993313498484585,-0.0024586238867292764,-0.0038590309831003345,-0.003749111089855437,-0.003908247553432984,-0.004898872536917531,-0.004769039349630478,-0.005143300325920175,0.0021833276003599164,-0.00395474361566205,-0.008766486851188044,-0.009879351537674668,-0.0034786812961101594,-0.009760643253102897,0.0013565071175495828,-0.0009479265784223916,-0.0015831646664688937,-0.0032962314225733294,-0.001549495647971831,-0.0009701290292044486,-0.1181022228548924,0.3836070292443037
307.4,28.4,27.6,3.465,7.49,659.0,2.58,97.05,1.21,106381.0,2590.42,55.63,35.38,100.73,137331.0,610.4028000918064,14.863552903373884,174.27999999999997,73.07,53.35,21.39,11.545413701275482,1.3286396630675812,42.31,858592.0,16.673582357043852,41.11565010222189,42.21076754073426,42877.0,31410.0,15449.0,10.182451797210655,6.929020407132105,0.954641587443107,0.2674869382660009,92.11,5.0,0.028165026316419244,-0.16583306546012558,-0.01606157994363457,0.0032799267473941096,-0.05586985185587157,-0.0002938499487936524,-0.05631016047981879,-0.004788247835822399,-0.002539256050561866,0.0029228965456907924,0.001096039426823458,-0.0074914226060112344,-0.005186613672412931,0.0010372265754267599,0.00662119069136679,-0.015100558449824652,0.00314936932331572,-0.0036169263006498383,-0.0011005750671029071,-0.011857038542317839,-0.0011817131858939927,0.0006767116424937977,-0.002480209618806841,-0.00035353219447036184,0.0015082130953669518,-0.0028872554345677325,0.0022319507831707543,0.0049290309349695844,-0.0003270535233120166,4.095314691464173e-05,0.0006427928712219021,-0.0005268401404221837,0.001121217501349749,-0.002612200764318303,-0.002004814497195183,0.007366003785282376,-0.04678141363430768,0.3836070292443037
114.4,28.8,28.6,2.3,7.42,419.0,4.52,53.8484,0.7,22791.0,176.0,19.9075,9.7003,26.1024,22316.0,289.4793664503182,2.235459983996139,78.731,30.36,17.926,5.442,12.707805206288954,0.8544099046087655,49.59,270490.0,11.8,40.1,56.9,45128.0,39616.0,17109.0,9.127778739156234,7.347487394884943,0.1563167286245353,0.2407812308070261,59.4,16.0,0.014835684510568777,-0.10787386370822788,-0.010401566467868781,0.0030953171507765802,-0.04595623560405026,-0.010420747431926431,-0.005585505291819572,-0.0008641235716641016,0.0023186974320560678,0.000226604828300574,-0.010245242008628943,-0.0011284392420202506,0.004651647107675669,-0.011354737011715766,-0.01018420464048783,0.0007046884174148234,-0.007855592099949711,-0.0044695322898527,-0.00019050290187199066,0.002888493509963158,-0.009918585401028393,-0.003259072819103797,-0.002876612160665291,-0.00041281462026139293,-0.0026004016647736203,-0.0005866199669738592,0.00027074820982912924,-0.0010712675129373906,-0.0024261985222498567,-0.004841346557562545,0.0004109970868254673,-0.0005197835651536796,0.002513835451876131,-0.0016544707305729371,-0.0013248479769875504,-0.0050042348417143005,-0.1093565035657957,0.3836070292443037
594.3,28.0,27.4,6.365,7.775,1219.5,6.48,111.07,3.69,99177.0,1003.5,55.58,40.03,120.87,13627.5,546.7309812568908,5.531973539140021,181.40000000000003,73.25,59.84,31.27,12.01708770605562,1.3716441835883986,39.96,1202915.0,16.431187710251496,41.28557796152066,42.28323432822784,53308.0,32689.0,17803.0,9.539679628333618,7.153294308153317,1.1848298070618952,0.2653379822968679,91.37,3.4,0.03281423837567371,-0.12191956700446704,-0.020452463789843018,-0.017290954791630304,-0.040303161136495576,-0.0011279968824237565,0.04004272504399221,-0.018466709656640882,-0.012826589338170985,0.0002474330489834192,-0.0004181366103390971,-0.011634915061295034,-0.01705009109030167,0.015006985149035847,-0.012094933454257745,-0.005771585819311443,-0.0005892418355991514,-0.0040038618010779185,-0.00332914948773881,-0.0025013083685189504,0.019693788064954185,-0.006273895831157763,-0.0034718102806558186,-0.004117270048397282,-0.0060926924754555025,-0.00020812157541513313,-0.0024270352162420795,-0.0031885246311624854,-0.005729406223011511,-0.00050571621085207,0.0013230706984177192,0.0018675882990161596,0.001658319644629963,-0.002295069486523667,0.000369132825483878,0.0011124609131366054,-0.1316030062300463,0.3836070292443037
14.0,2.8,5.1,13.27,8.425,1215.0,6.35,66.2474,1.0595,34376.0,483.0,28.7012,25.1718,28.6734,5797.0,379.3590535887702,5.33018451487596,90.616,40.315,35.368,6.809466666666666,17.150500621066524,0.5104117114683594,57.69,245093.0,4.046117032847509,70.70339991554594,25.250483051606547,87265.0,36610.0,23148.0,20.47279770573432,11.45791031431516,5.074354330870425,0.2603928326866012,70.9,8.0,-0.115703876754269,0.007817399275178718,-0.011319785974919802,-0.0009226207931836485,-0.03014050911180675,0.00036023338014880626,0.039177849755312015,-0.0051408646659304716,-0.0035699394904077056,-0.0018543696341415214,-0.007174825533293183,-0.004452931378036734,-0.011176366324846946,-0.0027844197085748115,-0.007997742652272183,-0.013110097482179601,-0.0009591166457782185,-0.004331504997486868,-0.004018119859198729,-0.006158648276080685,-0.00031034964447219926,0.002999304570257667,-0.014269828569764892,-0.0022216813204189133,0.00041657422979672853,-0.0010135266650468158,0.0053887427598238,-8.350179220238904e-06,-0.008792444868013264,-0.0018015091462681664,-0.0026601994922384638,0.006750768066073459,-0.0063182098946223605,-0.005383330167581637,0.0007549832916508072,-0.0012627835633854123,-0.1302034848680099,0.3836070292443037
7.0,3.3,7.2,8.66,8.535,926.0,1.79,69.4828,1.3569,21994.0,591.6353864032538,9.1363,9.5518,7.95815,16641.32,381.11245884595394,10.251869457689375,57.71,25.24,23.82,2.36,23.245438704361963,0.4724934230642314,61.4,189959.29356481816,5.960707881876988,46.25281304491967,47.78647907320334,66835.0,38481.79,24326.61,8.747788017238738,6.746846249557248,4.849428335338578,0.4633533676333021,73.3,1.8,-0.24045510126588246,0.3047094153302411,0.04239612236618995,0.015319730465610809,0.09757108726538717,0.01206059929293891,-0.05291898783296348,-0.0061236038307348846,0.006664387853816171,0.004076416251870499,0.046576613417516156,0.031370855458080764,0.014708129055798052,0.07052661343788108,-0.024129443252459182,0.06268803619779646,0.029115998189275464,-0.005419840229054295,0.05233798489905895,0.010508692367002359,0.07318032614886762,0.0335025065857917,-0.03614653040654957,0.06278946947616836,-0.02048234381712972,0.01004885781866808,0.022857144150572512,0.009902556774516895,-0.01260985932312906,0.009646942280232903,-0.009218122456222756,0.032953916420228775,0.03201994286539655,0.015590578424744312,0.03850018671713768,0.027783079727863275,0.015778279298295575,0.3836070292443037
27.0,3.0,7.6,12.96,8.575,349.5,2.42,94.75,0.975,80886.0,573.0,36.035,30.6179,69.9425,59746.0,503.33227546810537,3.5656280919222656,160.701,59.489,57.403,13.697,44.04493523854282,0.7705005543685988,37.51,683165.0,24.81513784080998,29.71825110917296,45.46661105001707,37563.0,37438.88,16936.21,15.717915646179634,15.449625511761106,1.4422353381379165,0.3216419673452932,70.17,4.2,0.02276788328463832,-0.004503889282544458,-0.011470901984721416,-0.003179338950042915,-0.02274376246457298,-0.0061715245184799,-0.053689806619659074,0.0007781144759307334,-0.01027352664309243,-0.0038810563118507496,-0.0037786327380066147,-0.021458733451242242,-0.005220407408972577,-0.004044356839731333,-0.0026640581277509513,-0.015798430343468988,-0.005728557879726092,-0.0008796971788009056,-0.0035376387306799463,-0.0034653560879329783,-0.004598034766192229,0.0034445421490818234,-0.0033145139692351204,-0.0014388650283217366,-0.006550369157145422,-0.00922752559185029,-0.015225376676147187,-0.0026069968286901684,-0.0023947492397079872,0.0025259174468616635,0.0005847443081438494,-0.010727719940866035,-0.021948069032902518,-0.002557568559423096,4.02453293403005e-05,-0.013869803802420694,-0.09358091578818857,0.3836070292443037
27.0,3.0,7.7,16.884999999999998,8.47,250.5,3.6,94.75,0.975,80886.0,573.0,36.035,30.6179,69.9425,59746.0,503.33227546810537,3.5656280919222656,160.701,59.489,57.403,13.697,44.04493523854282,0.7705005543685988,37.51,683165.0,24.81513784080998,29.71825110917296,45.46661105001707,37563.0,37438.88,16936.21,15.717915646179634,15.449625511761106,1.4422353381379165,0.3216419673452932,70.17,0.004242641,0.017421171898022305,-0.003004054858659705,-0.013831789633259171,-0.0008419334779803944,-0.04037902864006659,-0.0026283488298455867,-0.05926632876197496,-0.003016394476095832,-0.0014641290515040387,0.001717368271201838,-0.006047722582394877,-0.005276598579560719,-0.013546578828245405,0.0034816994083424423,-0.0028095223940908906,-0.000301873575275144,-0.007078303325300419,-0.004337812848389146,-0.010195508740531899,-0.005825295473138491,-0.0070779224671423425,-0.009339316420567527,-0.002666738132635752,-0.002597301757584018,-0.0058300841506570555,-0.00913686273309091,-0.011086816632499297,-0.0034896193599949304,0.00637035856023431,-0.0014505054273953044,0.0009306896571069945,-0.0005635717976838287,-0.02381526306271553,-0.0003021050027261195,-0.002654908429831267,-0.0046696353921045815,-0.10631007292618354,0.3836070292443037
16.0,3.1,7.2,16.945,8.54,1064.5,4.44,113.44,6.47,113005.25,3048.97,56.37,31.11,123.25,170899.0,632.6927383685123,17.070544762331334,178.61,74.6,52.48,33.02,11.832260392384752,1.0136065476243834,41.19,962714.0,23.22925734100645,37.059541398199215,39.71120126079434,40450.0,30441.0,14677.0,7.420621787035737,5.286083690348805,0.6079000575173069,0.2002013844757149,68.94,58.6,0.017859743600711252,0.36383108353863164,0.1051673162014534,0.028511107466183627,0.009444870327909811,-0.02559020877505344,0.415459305929641,-0.00962131914993126,-0.044108498391384886,-0.007851315758501511,0.012746895613769696,0.04250713254014652,-0.026035770755261187,0.10121435593503214,0.21558926162154726,0.01000985813327133,0.05258727790166936,-0.0009457077489544949,-0.03102650263657171,0.015855674371123337,0.1254632967400054,0.016105578594530625,0.033592742470403496,-0.0051182835300763825,-0.0038158986282845406,-0.014461434576660395,0.0005464964453130878,-0.0028797933583458307,0.015431170367325331,0.02358622796833516,0.0048678443860262835,0.0469766109312574,0.10096222817897803,0.006521054683253202,-0.00930678284727038,0.01033487533219158,0.8229840264003722,0.3836070292443037
16.0,3.1,6.1,14.785,8.375,1078.5,3.85,113.44,6.47,113005.25,3048.97,56.37,31.11,123.25,170899.0,632.6927383685123,17.070544762331334,178.61,74.6,52.48,33.02,11.832260392384752,1.0136065476243834,41.19,962714.0,23.22925734100645,37.059541398199215,39.71120126079434,40450.0,30441.0,14677.0,7.420621787035737,5.286083690348805,0.6079000575173069,0.2002013844757149,68.94,14.2,-0.0359371095073099,0.03424793258930247,-0.06924491729121655,-0.0021459497464820696,-0.040532816220074895,-0.0052004780247807475,-0.06851037213268378,-0.0037787740460286504,-0.021433143938581145,-0.002204160834662626,0.009045483361308776,-0.0031752549530938254,-0.013164600050076846,0.0017493679343412373,0.019555215958195427,-0.001693096949408452,-0.0009078939367706587,-0.0032289487620194737,-0.004498705963293716,-0.0057637715805321866,-0.0007021430802221085,-0.0007374140278746671,-0.003693482756304243,0.0003725902518878401,-0.012316636753578978,-0.00543467686822017,-0.001567841439197461,-0.0020591818106671165,0.0009142997565989708,-0.008858534408112368,3.2428499932088635e-05,-0.0031960522476583695,0.0026056992045293222,0.0009908137734358478,-0.00700316278263926,-0.002430121186189351,-0.08125745720540482,0.3836070292443037
21.0,3.6,6.0,11.239999999999998,8.254999999999999,1068.5,5.37,97.05,1.21,106381.0,2590.42,55.63,35.38,100.73,137331.0,610.4028000918064,14.863552903373884,174.27999999999997,73.07,53.35,21.39,11.545413701275482,1.3286396630675812,42.31,858592.0,16.673582357043852,41.11565010222189,42.21076754073426,42877.0,31410.0,15449.0,10.182451797210655,6.929020407132105,0.954641587443107,0.2674869382660009,92.11,21.2,0.29137146320814883,0.60824519427338,-0.044640016729633004,0.02231416554500662,-0.018441124246455724,0.011473519179659586,0.2874251690941552,-0.0030075649901603746,0.03489677251627046,-0.008382068468878632,0.04489361245806021,-0.012527672744666577,-0.025985297604153513,0.09921377562607327,0.11650670140205573,0.04461430117643126,0.01604671022233867,0.09633072649749623,0.01778921118006104,-0.0022628494103749445,0.011417328496463592,-0.008957085724299145,0.11959687479150788,0.02080889127217232,-0.004339656938488275,0.01069521929447855,-8.522197914616568e-05,0.0036995843534047,0.0022898051297912947,0.0009300169752289913,-0.002062854465718069,-0.011300745178014056,0.034140726461385676,0.0008030874375253664,-0.006844317276651667,0.024612349394398426,0.8416805361506218,0.3836070292443037
22.0,3.1,9.8,13.489999999999998,8.15,2355.0,17.85,62.8682,0.7473,30465.0,544.0,23.7417,15.1611,35.7857,16160.0,391.6363496124131,6.993276684364113,77.789,31.907,28.226,8.037,12.555758966506351,0.9191379276851872,47.4,302484.0,8.8,57.3,33.9,63896.0,41068.0,18414.0,9.819277128486252,7.904115227830772,0.4381657992565056,0.2590222331408918,63.9,0.004242641,0.03999801699382564,0.026736621592814713,-0.029546277103945612,-0.0018554955301806387,-0.044462390143113845,-0.0007650311446438246,0.046479645107562355,0.0009880854127307822,0.006887558301289881,-0.0035202204373975567,-0.002236975499739257,0.002287089992314577,-0.0011019478226080431,-0.0033346672169864114,-0.022504678430656594,-0.011417073790604866,0.0007030185312032743,-0.00576798293429116,-0.005948341670446097,-0.005220262692309918,-0.007941790673260889,-0.008198688778405386,-0.0068968239054083775,-0.0041874838341027535,-0.001705960493224366,-0.004017990852395685,-0.004772409433498979,-0.006343526824687917,-0.011672531395840144,-0.008078671496671928,0.00018258165568113666,-0.008989385991978143,0.0028717026657735303,0.001252559960509331,-0.0001865315282096556,-0.0029384685074910558,-0.2553351898444816,0.3836070292443037
21.0,3.6,7.6,14.59,8.475000000000001,1205.5,5.13,97.05,1.21,106381.0,2590.42,55.63,35.38,100.73,137331.0,610.4028000918064,14.863552903373884,174.27999999999997,73.07,53.35,21.39,11.545413701275482,1.3286396630675812,42.31,858592.0,16.673582357043852,41.11565010222189,42.21076754073426,42877.0,31410.0,15449.0,10.182451797210655,6.929020407132105,0.954641587443107,0.2674869382660009,92.11,15.4,0.205891442821982,0.6218798000536239,0.1687015965891381,0.0006452993676066393,0.08382582100108264,0.002457713096713008,0.07828183457721026,0.014657743399341908,0.006857219021767382,0.011982194542263952,0.11106913658169408,0.018774754405021698,-0.038461828818544715,-0.04791419732073946,0.14877613551914695,-0.030292815550540874,0.11244877076086897,0.011276493094240626,0.0015715855204810867,-0.014504315657541109,-0.019362723128870152,0.05744782996363942,0.10842569679642718,0.007028370577221134,-0.045192123511806105,0.02333890566912789,0.018686569896526617,0.04630082229462762,-0.00532481657651566,0.007650342260797804,0.046126608792692425,0.1568234737807264,0.10065591772397359,0.07753479929020006,0.00016401993421214303,0.09076624841429293,-0.3162662866773705,0.3836070292443037
26.0,4.3,7.6,10.23,8.135000000000002,1123.5,5.73,53.8484,0.7,22791.0,176.0,19.9075,9.7003,26.1024,22316.0,289.4793664503182,2.235459983996139,78.731,30.36,17.926,5.442,12.707805206288954,0.8544099046087655,49.59,270490.0,11.8,40.1,56.9,45128.0,39616.0,17109.0,9.127778739156234,7.347487394884943,0.1563167286245353,0.2407812308070261,59.4,26.0,0.22844293644806987,0.22722469833989933,0.009628408793359989,0.021323563642799845,0.004181212658683421,0.019655866734683492,0.3692870487272739,0.0457982057115684,0.04560454725598298,0.004446164998225861,-0.010198577657962837,0.013567459328720962,0.022450540714586728,-0.02560070876342559,-0.013887937230368469,0.004239147808402788,-0.0020026637396464847,0.02458699749472241,0.033000622174392175,0.029974273792467993,-0.015358564726387483,0.028075282673041022,0.019153662856357796,-0.0029359399713575576,0.003993179944033439,-0.001912850833808391,-0.004597971906575053,0.001121309061224281,0.0046518715657293585,0.0010303110474099663,-0.00131146105316772,0.044831479384253414,0.023050964308592176,-0.0022322019313771543,-7.509555357197255e-05,-0.00383939293213185,0.85494439012371,0.3836070292443037
11.0,3.3,5.6,13.0,8.15,1637.0,10.9,111.07,3.69,99177.0,1003.5,55.58,40.03,120.87,13627.5,546.7309812568908,5.531973539140021,181.40000000000003,73.25,59.84,31.27,12.01708770605562,1.3716441835883986,39.96,1202915.0,16.431187710251496,41.28557796152066,42.28323432822784,53308.0,32689.0,17803.0,9.539679628333618,7.153294308153317,1.1848298070618952,0.2653379822968679,91.37,6.2,-0.21392776476374517,0.13167763910566768,-0.06967223025858402,-0.0022380508761853032,-0.047481511579826476,0.000526481596753004,0.02101281418309857,-0.007325450514132765,-0.012094583660364153,0.0020600303759177527,0.0021846182768543534,-0.0076365267982085585,-0.025815639238183696,0.013485369913590462,-0.016126814413194846,-0.010111645688302813,-0.000623897106076274,-0.00034261963330208905,-0.0017028358982255065,-0.005970392793727419,0.007275129812769593,-0.005391717171296472,0.007592135767141979,-0.001810697137067712,-0.0364339286275208,-0.0029234897810965763,0.005469297833430273,0.000591057144726315,-0.004499053295391298,-0.006733498087463284,-0.0001964292085419045,0.0034182499023154415,0.011264086586112776,-0.0024307613261044104,0.00030957053105035967,0.007640514401718968,-0.07475088648498059,0.3836070292443037
9.0,18.5,14.7,12.95,8.39,1258.5,1.26,66.2474,1.0595,34376.0,483.0,28.7012,25.1718,28.6734,5797.0,379.3590535887702,5.33018451487596,90.616,40.315,35.368,6.809466666666666,17.150500621066524,0.5104117114683594,57.69,245093.0,4.046117032847509,70.70339991554594,25.250483051606547,87265.0,36610.0,23148.0,20.47279770573432,11.45791031431516,5.074354330870425,0.2603928326866012,70.9,10.2,-0.049547502679439887,-0.05692400661452363,-0.0104586276722451,-0.002168470723554493,-0.03270765570302804,-0.001266755551720656,-0.04234489051780354,-0.0012675231633087001,0.00235420413625737,-0.003944651850809652,-0.005035253381356599,-0.002430742646877959,-0.006491330202358467,-0.0027196716765562645,-0.012779550882987684,-0.005960379450892405,-0.0032194244551161937,-0.0026447918685153157,-0.015270601751593255,-0.006971926807115475,-0.0003229537761459741,0.0019764747967322698,-0.009544818733508388,-0.003358954555975886,0.0015148643450811513,0.0009291972002635403,0.0024311822652816804,0.00033059086495389596,-0.00430148769170046,-0.0022720055251071875,-0.003015847494825721,-0.005686023496091369,-0.0070724924777944885,-0.006046238895505662,0.00030891128194829656,-0.0002992371252427487,-0.04454406426909069,0.3836070292443037
15.0,19.1,13.5,11.465,8.405000000000001,1105.5,1.17,69.4828,1.3569,21994.0,591.6353864032538,9.1363,9.5518,7.95815,16641.32,381.11245884595394,10.251869457689375,57.71,25.24,23.82,2.36,23.245438704361963,0.4724934230642314,61.4,189959.29356481816,5.960707881876988,46.25281304491967,47.78647907320334,66835.0,38481.79,24326.61,8.747788017238738,6.746846249557248,4.849428335338578,0.4633533676333021,73.3,3.2,-0.050677020664637286,-0.08474327699902158,-0.007821605210192501,-0.0020636743089805045,-0.043023362124028304,-0.004112811645803353,-0.058024624741325775,-0.0050352871697396055,-0.004520726970707378,0.0012189754921322089,-0.0019103802430133026,-0.0020978201568747465,0.000557903253162904,-0.00927561317415287,-0.0020143481499205022,-0.0020407050863529195,0.002740119959538186,-0.00272255735471845,-0.007759415943485996,0.0008138345802823713,-0.005419888400162262,0.0011797246057540175,-0.007823762089634935,-0.0032826039210582785,-0.0010032782331109002,-0.0010000667721033081,-7.883953861892734e-05,-0.002854765874023239,-0.0009212063035617252,-0.00040903711070617324,-0.002261979921410483,-0.00266119908541441,-0.0007359338024010258,0.0012438499089330451,0.0010623953087876246,-0.0021702908103664684,-0.031004862833457686,0.3836070292443037
33.0,18.7,15.6,11.495,8.52,449.0,3.755,94.75,0.975,80886.0,573.0,36.035,30.6179,69.9425,59746.0,503.33227546810537,3.5656280919222656,160.701,59.489,57.403,13.697,44.04493523854282,0.7705005543685988,37.51,683165.0,24.81513784080998,29.71825110917296,45.46661105001707,37563.0,37438.88,16936.21,15.717915646179634,15.449625511761106,1.4422353381379165,0.3216419673452932,70.17,0.004242641,0.022411248041316865,-0.07181350719804565,-0.02672935356230786,-0.0012471202993765442,-0.017819303146873914,0.009731403732051454,-0.06744469438989957,-0.0023339599215735957,-0.0006081515240172515,-0.005833171810954806,-0.0010036681375155821,-0.0032670731407900655,-0.008471476811294752,-0.0009237253541747736,-0.00027876117577155593,-0.007591437588756283,-0.0012859255541116047,-0.005056080603972076,-0.013694303765272099,-0.007522324624781804,-0.0009536339218417789,0.0033131432781616887,-0.006731268505876259,0.00016635057205955338,-0.0034853867720812583,-0.013967412419927617,-0.005161513167743879,0.0012683706233898768,-0.002483657896518708,-0.004497856101952494,0.0006683264859020689,-0.00018831348977983083,-0.017310036752993863,-0.0041673769646634615,-0.00021188929056127222,-0.008339896152416863,-0.06809256076502304,0.3836070292443037
33.0,18.7,14.9,12.5,8.42,506.0,2.95,94.75,0.975,80886.0,573.0,36.035,30.6179,69.9425,59746.0,503.33227546810537,3.5656280919222656,160.701,59.489,57.403,13.697,44.04493523854282,0.7705005543685988,37.51,683165.0,24.81513784080998,29.71825110917296,45.46661105001707,37563.0,37438.88,16936.21,15.717915646179634,15.449625511761106,1.4422353381379165,0.3216419673452932,70.17,0.004242641,0.013470555239667496,-0.06818371969275176,-0.013423406297030547,-0.0024202817926804246,-0.030425288605814182,-0.0020425775057325694,-0.06504302110212544,-0.0023156127426773297,0.0020279438979923727,-0.004277770131205517,-0.0022213362467785667,-0.0025083077978342795,-0.004731464109693963,-0.00033716457275052267,-0.0028586671097824965,-0.005942810610868036,-0.006978846055765947,-0.005032315455997977,-0.001112082811693349,-0.008900449682647983,-0.005685035671728348,0.0005492062354460302,-0.012113895053043965,-0.0037836517626419625,-0.003156252630675833,-0.005285037616267804,-0.007330780103802679,-0.0003854627907276213,0.002054278378685317,-0.003452601373816528,0.0015429725870490056,-0.0017850397092600654,-0.014966117502190172,-0.0004702688381075873,3.7737128635225805e-06,-0.003009187237670023,-0.07091573768295346,0.3836070292443037
25.0,18.4,23.9,10.975,8.545,916.0,3.14,113.44,6.47,113005.25,3048.97,56.37,31.11,123.25,170899.0,632.6927383685123,17.070544762331334,178.61,74.6,52.48,33.02,11.832260392384752,1.0136065476243834,41.19,962714.0,23.22925734100645,37.059541398199215,39.71120126079434,40450.0,30441.0,14677.0,7.420621787035737,5.286083690348805,0.6079000575173069,0.2002013844757149,68.94,54.8,0.015261061262960236,-0.13309535931951058,-0.030299385396453243,-0.001057264784661422,-0.018226350348753233,-0.024594167174460987,-0.21428476380494735,-0.0080073825052629,-0.0012083374957243577,-0.0021574668260291156,0.004632096244022252,-0.0068048867241789985,-0.0026123956621934958,0.011878642669568456,0.02709480512576798,-0.015012026438489557,0.014906587549485267,-0.005856114961206911,-0.008066554209217433,0.006129527930170295,0.008566734095414481,-0.006010682312771659,-0.014494288150841986,-0.000776028605177996,-0.00500738629139959,-0.009997711728016527,-0.0004590284700194842,0.001901403488591311,0.002243492834580437,-0.007932540538410344,-0.0001519825713088077,0.0008632720075547612,-0.002309995998318001,0.0005434481799602408,-0.0026063300265620243,-0.0017898021638393397,0.08764630800733965,0.3836070292443037
25.0,18.4,19.4,11.865,8.155000000000001,796.0,3.64,113.44,6.47,113005.25,3048.97,56.37,31.11,123.25,170899.0,632.6927383685123,17.070544762331334,178.61,74.6,52.48,33.02,11.832260392384752,1.0136065476243834,41.19,962714.0,23.22925734100645,37.059541398199215,39.71120126079434,40450.0,30441.0,14677.0,7.420621787035737,5.286083690348805,0.6079000575173069,0.2002013844757149,68.94,2.0,0.013830470352744068,-0.12948413878058393,-0.011391343789485588,-0.005032749312619366,-0.04275601480156183,-0.0032849484340598148,-0.040610805507749315,-0.004483559553821883,-0.009173898369384308,0.0013044622711216407,0.004568078533435866,-0.0025950890127569466,-0.019110259677593913,0.0005523472434530614,0.017097666968281074,-0.009608345438415806,0.00258492965251207,-0.001465705716982486,-0.004776226614291467,-0.005719944955781105,0.005039383126422763,-0.0028521611525987606,-0.008525698588540154,-0.001143436351170141,-0.007410882969076435,-0.004288079890732956,-0.0005611709008614268,-0.0019805666773269523,3.0562871446253304e-06,-0.006205699571097884,0.002063361775750915,-0.002419611643999809,0.003632576238984863,0.0011009834706783295,0.0009537568005422726,-0.0031850178850193855,-0.06527354584696393,0.3836070292443037
46.0,19.0,18.4,7.425000000000001,8.035,1133.5,1.85,97.05,1.21,106381.0,2590.42,55.63,35.38,100.73,137331.0,610.4028000918064,14.863552903373884,174.27999999999997,73.07,53.35,21.39,11.545413701275482,1.3286396630675812,42.31,858592.0,16.673582357043852,41.11565010222189,42.21076754073426,42877.0,31410.0,15449.0,10.182451797210655,6.929020407132105,0.954641587443107,0.2674869382660009,92.11,12.6,0.01843365439213812,-0.14587919901746013,-0.02751328328624367,-0.015468178001853322,-0.034186558602377765,-0.00654139726422726,-0.05355846505612135,-0.004398106718435891,-0.0006564367158959356,0.001568743928025161,0.0016448813521613755,-0.012036783508956428,-0.0221989839989692,0.015123187163844707,0.015887004689623906,-0.019392195648203294,0.004297630942116176,-0.0034678657725453373,-0.012077822256833308,-0.01093256123363971,0.0010847950726747529,0.004986023030554254,0.0040035237930715105,-0.001223430087169011,-0.003438659077510242,-0.0012129332156231032,0.001388337717701987,-0.0007632325061907365,0.0017701219146450387,-0.003188388822600238,0.0009107555790493944,0.002738994229584931,0.004722787008310356,-0.004185440589984252,7.354313197235202e-05,0.0035273820829267305,-0.041199934265265865,0.3836070292443037
19.0,18.6,21.0,12.24,8.32,2660.0,12.6,62.8682,0.7473,30465.0,544.0,23.7417,15.1611,35.7857,16160.0,391.6363496124131,6.993276684364113,77.789,31.907,28.226,8.037,12.555758966506351,0.9191379276851872,47.4,302484.0,8.8,57.3,33.9,63896.0,41068.0,18414.0,9.819277128486252,7.904115227830772,0.4381657992565056,0.2590222331408918,63.9,11.6,0.002443488244898617,-0.11163009705487636,-0.028275868572915596,-0.0006361722030366404,-0.03708438000020881,0.0006976724167664829,0.029682021839544177,0.0002340967673808292,0.001464045510316889,-0.003027971638366581,-0.0015238739394893297,-0.007026992173244554,-0.006307246619835498,-0.012442849857422214,-0.0059522846775750355,-0.012907088532422983,-0.0036158130411058672,-0.002793179036428528,-7.786478847265216e-05,-0.0013914576700578129,-0.003345812608798338,-0.004896699013188481,-0.004185266826922693,-0.0007310186078151112,0.001302630521046621,0.0014054972057541252,0.0020490259133900224,-0.004465164979919796,-0.002704051531230408,-0.008138371187572673,0.0019392369128763698,-0.005116691707322995,-0.004701453040664394,0.0029689143535991543,-0.0017474412079900418,-0.004424908679599558,-0.10734105934699378,0.3836070292443037
46.0,19.0,21.9,15.05,8.455,1037.0,1.12,97.05,1.21,106381.0,2590.42,55.63,35.38,100.73,137331.0,610.4028000918064,14.863552903373884,174.27999999999997,73.07,53.35,21.39,11.545413701275482,1.3286396630675812,42.31,858592.0,16.673582357043852,41.11565010222189,42.21076754073426,42877.0,31410.0,15449.0,10.182451797210655,6.929020407132105,0.954641587443107,0.2674869382660009,92.11,6.2,0.017199320318177346,-0.13438239314282932,-0.019080068853994207,-0.003562528328038743,-0.053489505980784696,-0.005364609669583541,-0.06224910350361219,-0.012707160931701454,0.0002486113489915936,-0.0010552617007245659,0.00612027568276972,0.0029763463946680256,-0.018388535119593142,-0.0015574574253211474,0.012862668509284657,-0.02164556881412864,0.0030721854170163453,-0.0013022873830050245,0.0006666198465973145,0.0002695627805466468,-0.006753481876415506,0.003931184904649854,-0.0015200466786821638,0.0003416155433903073,-0.00529852692969144,-0.0038128383954366056,0.002143879057839512,-0.0005107670975848985,0.0032201503093043943,-0.004716648074487847,5.104259432604554e-05,0.00265371490890782,0.007367388609175878,-0.0016719657896707395,0.004456672317658866,0.006312093331168095,-0.05590723412732284,0.3836070292443037
16.0,20.0,18.5,8.765,8.075,1162.5,2.44,53.8484,0.7,22791.0,176.0,19.9075,9.7003,26.1024,22316.0,289.4793664503182,2.235459983996139,78.731,30.36,17.926,5.442,12.707805206288954,0.8544099046087655,49.59,270490.0,11.8,40.1,56.9,45128.0,39616.0,17109.0,9.127778739156234,7.347487394884943,0.1563167286245353,0.2407812308070261,59.4,17.2,-0.02831532914036264,-0.08702277550318589,-0.020030377469956877,-0.003708170681881407,-0.03530002869976063,-0.0028968470962718157,-0.05764377257786691,0.0011867228957513978,-0.00012922311046471616,-0.003111143239463362,-0.010880534529375532,-0.003764207206356031,0.000740749800267316,-0.005359323786882061,-0.004209610410034658,-0.004371745934089019,-0.0021645718595633915,-0.004480674237323302,-0.0016215745251004863,0.0033253773208707575,-0.01063887556549161,-0.001593311424367131,-0.004808950681860247,-0.002071448039884367,-0.00019478680410732938,-0.002454690230078991,-0.0015158118214458314,-0.0024589464565118115,0.00024949271542330206,8.379571760694024e-05,0.0007772364498426545,-0.0008444686296085491,0.0034666523678849107,-0.0011110468798627437,-0.00022362223205467206,-0.0004051220742985571,-0.04809578070417047,0.3836070292443037
5.0,19.2,19.9,13.085,8.31,1622.0,6.03,111.07,3.69,99177.0,1003.5,55.58,40.03,120.87,13627.5,546.7309812568908,5.531973539140021,181.40000000000003,73.25,59.84,31.27,12.01708770605562,1.3716441835883986,39.96,1202915.0,16.431187710251496,41.28557796152066,42.28323432822784,53308.0,32689.0,17803.0,9.539679628333618,7.153294308153317,1.1848298070618952,0.2653379822968679,91.37,7.6,-0.07418694744973132,-0.08112574046167235,-0.015663002651805678,-0.003037642699976767,-0.036769963468735414,-0.00161851884486774,0.003598056376601258,-0.014222209233169754,-0.005014188457280401,-0.0012396528789152671,-0.0002929347753524777,-0.006022282280027866,-0.02229493132481972,0.009673173204064363,-0.006854096006912489,-0.014447477796735858,-0.0016315892059355908,-0.007317266150688129,-0.006416153569395344,-0.005879227571810287,0.005862611640865604,0.00017911006075641464,0.008564532327776155,-0.0011802753371496961,-0.003045982929567502,-0.0017613438020149905,0.0004008946490163638,-0.00011411457943419125,-0.003683979761165875,0.0006480745257188893,-0.0007684222050011192,-0.00013533392300208008,-0.0009980628360062808,-0.002875635304177802,-0.0004135226365178842,0.00090800673390428,-0.052348658546494946,0.3836070292443037
406.5,28.1,25.0,8.935,8.455,276.5,3.36,0.7773,0.0,12.0,0.6876815804764671,0.0007,0.0051,0.023982,5294.6,171.42857142857144,9.824022578235246,0.0699999999999999,0.0,0.01,0.01,0.02819581891016,0.1652892186691128,90.7,3055.4045483894115,0.0595207257760765,21.668917363058736,78.2715619111652,78113.0,49348.53,31412.48,18.77858494367249,2.360204165039463,3.730853285200316,0.6732214686623013,106.5,1.0,0.02535113593873879,-0.09804669248561065,-0.024141738684847952,-0.0020268115401268012,-0.043387540240461625,-0.002881592477982246,-0.031138397228593632,0.0011707322889318121,-0.0030229668567578,-0.0020915177402397052,-0.0025387810419003187,-0.003497697411415477,-0.0004562423812846308,-0.001410783397344257,-0.009466598282257715,-0.000965827000327413,-0.0013580452340344596,0.00020924516177426555,-0.0029534765053540525,0.0009474605461582576,-0.00962324164186915,-0.005834340021635091,-0.004461833480745555,0.0009746376052498807,-0.0038459162088111017,-4.565408142904725e-05,-0.004011657377704977,-0.006612159234161175,-0.004295232153187193,0.0005351469231148585,-0.0034730084612965583,-0.009931719694286583,0.0041332403741156055,-0.001003404618240889,-0.0012241868457446466,0.0014097038066635554,-0.09189363128816087,0.3836070292443037
406.5,28.1,32.4,20.44,9.01,370.5,4.62,2.90776,0.115,1588.0,7.908338175479372,0.089,0.2026,19.077820000000003,4092.3,329.46058091286307,1.640734061302774,4.82,0.14,0.34,3.98,1.9414835306710216,0.2504382101047163,73.3,43717.2909103953,2.133822472423064,34.05945495650095,63.80672257107598,57754.0,39953.37,32733.15,7.989646389078048,3.576066916726457,2.2858259152713347,0.3546265201122545,56.1,9.2,0.10571188116446135,-0.06526946728428208,3.3266677831645525e-05,0.00536511724193892,2.3207875640969724,0.012812057531749202,0.029437032341957076,0.12139315422003466,0.08487526322714985,0.04113656985573472,-0.0030135338815549854,0.036336654691646486,0.0782083060747633,0.0016767448419705057,-0.021435694182291593,0.024777939974640808,0.08729115955531595,0.012331014427666867,0.04337701760698117,0.05148590603532887,-0.02014526152362428,-0.06476155090145765,-0.024348293598741286,0.018825272774944727,0.0028815422331293535,0.016690034496908354,0.0014948836000015602,-0.002432229276746472,0.002036807484303896,-0.006827565040439337,-0.007075240149473181,0.03639519144936154,0.09464782149841389,-0.00269132614135738,-0.00628015241275235,-0.006636325268385298,0.19770115897680318,0.3836070292443037
406.5,28.1,31.4,10.41,8.215,628.5,1.83,1.2429,0.0576,178.0,2.865339918651946,0.0803,0.0452,0.0112959999999999,74.0,635.7142857142857,10.233356852328376,0.28,0.14,0.08,0.0,0.1127832756406402,0.0717922868966855,97.4,2310.438051510152,0.0183640280367156,11.209851980137037,88.77178399182625,126700.0,55075.29,33831.22,30.733895233898767,1.0251391827949203,4.746573554900874,1.0265837231057064,162.4,11.0,0.021674817946429056,-0.0536669063133498,-0.019121420981052024,-0.0014601531795536543,-0.04358526453375816,-0.0027047937239209805,-0.07406090239994229,0.0012550907023251075,-0.0006838458590209453,0.0013837301125749983,-0.0063319992662097015,0.00013498577754944563,0.005927905066249266,-0.0037557093255842725,-0.00993104167903463,-0.004952321431289114,-0.0036407274597634915,-0.002104733676339189,-0.0018442369578406184,0.0023547150598218027,-0.009834022674088679,-0.0041850854766865555,-0.019332581750738122,0.003155394095617034,0.000589925184225046,0.003035330018028618,-0.002262345822528007,-0.009261847563708821,-0.00656886013069501,-0.007498172679916024,-0.0010233899252489193,-0.01985242213432987,0.010803037118166693,-0.00472837124330302,-0.002153809024021029,-0.002008342770859596,-0.07431070026631155,0.3836070292443037
320.3,27.8,28.9,15.805,8.215,788.5,5.87,79.7603,1.3218,37783.0,436.0,32.0201,11.986,58.2589,19506.0,317.1284444481749,3.659529465087586,119.14099999999998,45.663,16.368,14.3018,22.549304697785008,0.6391463480032891,44.35,477241.0,11.4,37.1,51.5,71561.0,34380.0,21443.0,14.98400185022494,14.347792906389309,1.8324918038196647,0.2479057292855512,67.5,13.4,0.027140295788024866,-0.09490509197426339,-0.027243813580522937,-0.0013114282411212693,-0.024080151775851846,-0.0009760343190282605,0.006089274513845643,-0.011597942185277738,-0.001085028567661844,-0.0019059275028606275,-0.0036865450938542675,-0.008842022484168412,0.0023082460680355645,-0.0006594894453883128,-0.004146311618387698,-0.003974737562239167,-0.007583392853848629,-0.006084531828140214,-0.003906050547957417,-0.0015715318111081972,6.139284310241525e-05,-0.0007343474977339285,0.0024427969722698125,-0.002520163732891276,-0.0018656348902732153,0.0010617082410802475,-0.0005144785406688864,-0.0013241515215486326,-0.0042121870939930296,0.0003690566696847482,-0.0008771575211236853,-0.004558954546228052,-0.027162860116610926,-0.006126514853288728,0.00038574183670182896,-0.0031200885493308287,-0.12478223174499968,0.3836070292443037
172.8,27.3,27.8,8.74,7.960000000000001,475.5,4.51,46.39,1.9696,37903.0,493.0,18.997,12.4084,46.2737,14888.0,438.5652299681805,5.704367949088805,86.425,31.048,20.027,9.119,23.6873667742644,0.5198347645921357,40.86,412043.0,11.40105756416319,43.837324276686296,44.76161815915051,46146.0,36086.43,16572.17,12.426995927713286,10.42342201495799,1.8765437977532649,0.2308378149566619,50.36,3.2,0.02473588419922938,-0.11101827199260393,-0.025452563186797006,-0.0009657842619344558,-0.03417327002622187,-0.00042359306166569387,0.004534698709224656,-0.002133104869474965,0.00026895638865729574,-0.0007054577022790916,-0.0016587823784599734,-0.006294301524758339,0.0027080430525044594,-0.0061648954978833536,-0.015585871399380261,-0.006733523993752891,-0.002048465935513381,-0.001417933705573279,-0.0060592481478427855,0.001991607203769188,-0.006884732063238825,0.0017269038253774256,-0.010131152990895004,-0.0035804937034845338,-0.000674950281778971,0.0012401343944172083,0.0009703275499244503,-0.00015041501571733522,0.00034270690288395154,-0.0002490456060816818,0.00110734107593695,-0.0023449391840646675,-0.005177305790906152,-0.003121117885845405,-0.0015447619215895713,-0.010778545704670255,-0.11602016569270444,0.3836070292443037
472.3,28.1,29.8,8.225000000000001,8.395,391.0,3.49,47.0,1.3107136824324324,36372.0,288.0,18.2749,8.0877,23.6982,13421.0,653.2327586206897,5.172413793103448,55.68,23.55,11.03,7.75,12.063693803924313,0.472838893581081,63.26,168105.0,10.1,30.6,59.3,59606.0,41956.5,25127.5,34.79581925675675,15.15646114864865,0.5191153820594531,0.2286277449324324,50.55,3.2,0.03330782032261292,-0.07409876501498124,-0.029504347319404278,-0.0033066280853624092,-0.03594258683423202,-0.0002533832161376783,-0.045270393857111534,0.0002170434749374766,-0.002359739433353146,0.0035580482675383555,-0.0021876077353954314,-0.003147659488022325,0.0008321318666761097,-0.0052720466566582485,-0.005319005129858854,-0.0037293732849260183,-0.0008821585727855548,-0.0021434562094509585,-0.0022855450585484477,-0.0013134872975448808,-0.006036001006141299,-0.003652174114249647,-0.011819630734001595,-9.804094210267313e-05,0.0023549339718495765,-0.0024545683401326276,-0.002241817625860376,-0.002909147174408039,-0.0004633015611519477,0.0022631997615098925,-0.002152461268318192,-0.015147268984777236,-0.01772705830012759,-0.0022849246611197755,-0.0013858160097151965,-0.007757763999203835,-0.08995926077322414,0.3836070292443037
115.2,28.8,29.4,2.42,7.52,524.0,8.27,60.6455,0.7705,18738.0,201.0,20.6519,13.225,27.4686,21790.0,236.6058463286824,2.5380390176147487,79.195,32.652,23.515,6.148,12.782698470895246,0.7724210753786316,47.21,209885.0,11.2,48.7,31.3,49780.0,37342.0,15884.0,8.251880779338212,6.642425473153561,0.2421040892193308,0.2176759611841297,53.7,24.0,0.12408651120650271,-0.22064400244814655,0.025608555412230397,-0.027667794954031707,-0.04661969455269475,0.02338383931200952,0.3798276158235967,0.049045109131063004,0.0502559683440874,0.0006592523834357522,-0.009892004750048108,0.010256111339355512,-0.007362315335000543,-0.00866914212082825,-0.0031400947055468926,0.10086204904442031,-0.0020538059777269724,-0.0014436267813046609,-0.0008524689233551282,-0.002620118660852315,-0.012559563682104131,0.01923144341136016,0.03540593396872284,-0.0007667105707029562,0.013223392224560185,0.010902092720692327,0.0003038812428712914,-0.008708453557143588,0.003524953449765824,0.005616060628866141,0.0010012798973669523,0.053922253437340285,0.06073916596050064,0.004321389862646662,0.003905155879134948,0.0006115909075985285,0.5459176461119205,0.3836070292443037
331.5,28.3,29.8,3.2350000000000003,7.47,628.5,8.35,62.8682,0.7473,30465.0,544.0,23.7417,15.1611,35.7857,16160.0,391.6363496124131,6.993276684364113,77.789,31.907,28.226,8.037,12.555758966506351,0.9191379276851872,47.4,302484.0,8.8,57.3,33.9,63896.0,41068.0,18414.0,9.819277128486252,7.904115227830772,0.4381657992565056,0.2590222331408918,63.9,9.0,0.026817630237589277,-0.11255395746324214,-0.01482033421906332,-0.010228052778790396,-0.04208844061320027,0.0005616186093539052,0.0460471730477487,-0.0054247977832953135,0.005263906003286439,-0.002774721748816465,-0.005166963447506236,-0.0025537561982249264,0.0016534429416060488,-0.004951835023239256,-0.005343131323655451,-0.011240281644277261,-0.001132410901288192,-0.012051841539020338,-0.004868028722703456,-0.002710232124663892,-0.00434507862354318,-0.0034670279019822624,-0.0037598447951798612,-0.0055025847007830996,0.0005210971940929765,-0.0018677470181137229,-0.0005512724521880308,-0.004922948085392517,-0.005075193165491016,-0.007313114292919635,0.0002894461372246384,-0.0009113747191925916,-0.005392928949246805,-0.0016609909369920677,-0.00014236563816667305,-0.0005222417678063113,-0.14046540821126352,0.3836070292443037
354.1,28.0,26.9,2.185,7.359999999999999,305.5,7.57,78.86,1.51,42101.0,1310.02,57.39,30.39,103.24,45409.14,239.6050310170167,7.455580217403678,175.70999999999998,75.89,47.08,23.13,11.640145980325425,1.1288686636714582,52.2,686334.0,16.06716086336319,29.95130135865117,53.98150854710848,36106.0,32559.0,16815.0,12.881572327495135,5.887189901806822,0.6001059414337037,0.2742822855197458,94.45,7.6,0.043235029485076674,-0.17295384066489838,-0.013742528467749551,0.02182983743337293,-0.0384519780613482,-0.016548799360170948,0.04403505677978198,-0.0054044007044285495,-0.0029743919832011002,-0.0007635993168999775,0.001108990727613366,0.018213815052683154,-0.017369978219891582,0.012422779137268658,-0.0032010881757984443,0.016447240263223643,-0.0003180907356242352,-0.0006720339755217249,-0.00555122515807549,-0.00977111457847059,0.015781904555236294,0.012329427540923145,0.012557403681178886,-0.0006705207905421754,0.0021149130879591013,-0.0009565003650883844,-0.004578268003339562,-0.0044011258427053765,-9.417009229460704e-05,0.005074638382842144,0.005011976519599558,0.003421372249722473,0.005970988422632218,0.004312094651783511,-0.0020108350800971168,0.0071047146711498525,-0.12335017987837395,0.3836070292443037
376.9,27.9,27.8,2.865,7.15,348.0,6.26,156.23,1.87,97710.0,1060.5399999999972,71.1,36.2,44.19,10480.0,463.12446677410185,5.026732391695883,210.98,98.81,63.08,12.67,11.72546549939368,1.018542407714805,36.2,633849.0,18.656421702718102,40.1694307582096,41.1741475390723,29464.0,31269.0,14895.0,17.562286116352706,10.924959818723158,0.0678323806069195,0.3802577434267549,98.99,8.2,0.034750818197304995,-0.0825038782072564,-0.03335553176701068,0.00474275022124251,-0.038497127126902335,-0.009793972357486686,0.000724011103933052,-0.0216649277570347,-0.0028265790020426096,-0.002105605142811932,-0.0035586411381761207,-0.006738108483453583,-0.016659434906517463,-0.0019812255445867816,-0.007430587218453487,-0.017135816995675356,-0.005087666474282738,0.0004001649841666212,-0.005816005303834874,-0.012131045060232284,-0.0019791590422391894,-0.0034571727830916697,-0.0030447329611827923,-0.006234313398599621,-0.0017254632307837348,-0.006895255815858638,-0.0022989765399446175,-0.0006345844889680564,-0.002950906467934444,0.001136227352544666,-0.0005079835342864219,-0.0025382733220855394,-0.0034963345061987615,-0.0044205758099754725,-0.00016534253954887147,0.0017212448393305133,-0.07703200361691416,0.3836070292443037
350.2,26.8,28.3,10.625,8.45,1078.5,2.18,97.153246,1.5051,22704.0,603.4405868680999,11.4219,8.4222,23.795409,18373.02,371.52675503190966,9.874661869875633,61.11,25.96,23.28,5.82,24.61494990856973,0.4775021872663257,65.5,193424.9506420834,3.786310606464182,52.02179642033601,44.19187938339238,90072.0,39502.4,26966.29,10.53622467854088,6.818367587891776,8.389512313189808,0.5234059869036483,82.8,2.6,0.023443904276937242,-0.07305856977434207,-0.011885340760151545,-0.002463337626929081,-0.049694782348039236,-0.004806559337303044,-0.0762360952484111,-0.011708159958943724,-0.0021861818494896125,-0.00530955248977989,-0.006275443301225698,-0.0030881445078800147,-0.004627639497630298,-0.006627590747860568,-0.010547943981364374,-0.004372653663158417,0.002322600100499889,-0.0026964574834952727,-0.008328807015592852,-0.0004303995923449558,-0.006297992539281642,0.0038295203944047375,0.0008381299224371764,0.0018591113543758777,-0.000534960287623104,0.00015676313545555086,-7.416258255642817e-06,-0.0017610710269461035,-0.007140418870064123,-0.0013567067682743056,-0.004405464353039859,-0.0002478100359439809,-0.0008607366246481778,-0.002771254273441929,0.0005324074253439878,0.0004447700021167622,-0.06546450479421764,0.3836070292443037
3.0,3.8,7.2,11.245,8.260000000000002,303.0,7.99,0.7773,0.0,12.0,0.6876815804764671,0.0007,0.0051,0.023982,5294.6,171.42857142857144,9.824022578235246,0.0699999999999999,0.0,0.01,0.01,0.02819581891016,0.1652892186691128,90.7,3055.4045483894115,0.0595207257760765,21.668917363058736,78.2715619111652,78113.0,49348.53,31412.48,18.77858494367249,2.360204165039463,3.730853285200316,0.6732214686623013,106.5,0.8,-0.1928029170973847,0.1383292649220675,0.02484430979937315,-0.002463067815018188,-0.05902248341900607,-0.011268726619891816,0.009984606886282561,0.003579665621121726,0.0028683150404443317,0.005025957527880863,-0.017006359389051796,0.0030520745894561155,0.006478515500202772,0.011458457546929519,-0.050652265772223475,0.012543363731044026,0.0006863731238991115,-0.0049812963278964085,-0.015918601999680204,0.0263526980066672,0.00019091029341022797,-0.04975437441530326,-0.062344260422202445,0.021370087039346498,-0.00297028109586487,0.004546527058507,-0.008349973931908597,-0.007255901928680639,-0.01330057904589922,-0.0024883062889178454,-0.005240132656569277,0.0026138542157908315,0.02295018199520806,0.00031067825543382974,0.002813294995576145,0.01097570456409206,-0.14504816486810643,0.3836070292443037
3.0,3.8,8.4,18.135,9.11,756.0,7.29,2.90776,0.115,1588.0,7.908338175479372,0.089,0.2026,19.077820000000003,4092.3,329.46058091286307,1.640734061302774,4.82,0.14,0.34,3.98,1.9414835306710216,0.2504382101047163,73.3,43717.2909103953,2.133822472423064,34.05945495650095,63.80672257107598,57754.0,39953.37,32733.15,7.989646389078048,3.576066916726457,2.2858259152713347,0.3546265201122545,56.1,0.004242641,-0.10080504841481658,0.7292838222036759,0.21097726377968976,0.04300077791015305,2.7712171044837066,0.04116949745764331,0.07846021906162311,0.07003974059751876,0.10491802450269465,0.0029032098082825883,-0.01163630073579647,0.07349885359096031,0.08503792858372129,0.004621519340823069,-0.024385983164732616,-0.008920199678589874,0.013933162704731059,0.030814451812766513,0.0761073148561021,0.1998481560777873,0.05230907873560988,-0.0793464852419371,0.0874031066553046,0.008803752853224704,0.04290727625290552,0.0818892844114453,-0.007939043355484824,0.0063578836418066685,0.00012009146312873022,0.0753016795000682,-0.0014746009744703973,0.16774339942882466,0.2559472333546728,0.0014517750591039834,-0.010605252046758927,-0.0078692700651784,0.11407385904962818,0.3836070292443037
3.0,3.8,7.9,14.545,8.375,982.5,8.57,1.2429,0.0576,178.0,2.865339918651946,0.0803,0.0452,0.0112959999999999,74.0,635.7142857142857,10.233356852328376,0.28,0.14,0.08,0.0,0.1127832756406402,0.0717922868966855,97.4,2310.438051510152,0.0183640280367156,11.209851980137037,88.77178399182625,126700.0,55075.29,33831.22,30.733895233898767,1.0251391827949203,4.746573554900874,1.0265837231057064,162.4,14.8,-0.2201819940563291,0.12628793349179127,-0.009283931640287233,0.001590268798172469,-0.03809217357852806,-0.004720524642616505,0.028357212732856473,0.012182680889964109,0.0038110729989906107,-0.001838177278017008,-0.011946129805097969,0.0041843335299442215,0.014978080394988253,-0.006662312212089699,-0.02086307779264947,0.0031932250068833425,0.0036163221268604192,0.0010548668106397027,0.0008422932339211356,-0.0011001271723459188,-0.007204304843520133,-0.0043440372372667,-0.044246602946271495,-0.0013560636170829345,0.010570498205100502,0.0032404946877310644,-0.01495686528893808,-0.01901144480643172,-0.022845718913401165,0.005503905816003677,-0.00597034231449167,-0.05192388211066524,0.017290800549089907,-0.008013229615365464,-0.00425123405021926,0.008550497063746056,-0.08752189699870845,0.3836070292443037
16.0,3.3,7.0,12.265,8.295,1023.0,4.29,79.7603,1.3218,37783.0,436.0,32.0201,11.986,58.2589,19506.0,317.1284444481749,3.659529465087586,119.14099999999998,45.663,16.368,14.3018,22.549304697785008,0.6391463480032891,44.35,477241.0,11.4,37.1,51.5,71561.0,34380.0,21443.0,14.98400185022494,14.347792906389309,1.8324918038196647,0.2479057292855512,67.5,0.6,-0.12630615022343894,0.1249641321071734,0.01620999179470042,-0.0024382961184407255,-0.03502204926063617,-0.007521853890890867,-0.08645168112435687,-0.0017969175831725262,2.5519654154774796e-05,0.00031766107305884343,-0.007719248086214052,-0.0024896305737396097,0.003255991817762448,-0.0042337336484342845,-0.007256547842795637,-0.005467875699202217,-0.005931120120609801,-0.006286701699718828,-0.008080763686448339,0.0003297480630377961,-0.0037462721019983227,-0.007322978628799318,-0.010444243103265765,-0.0029662537388503545,-0.0017458172794431448,0.0008124385712047396,0.0005960586077223216,-0.004210173847774665,-0.011182617542023453,-0.0022279190427313285,-0.00028942955347399543,-0.006201450498774641,-0.03684239216148853,-0.002496093555043139,-0.00127308174657325,-0.005216151769272992,-0.08364744340535253,0.3836070292443037
15.0,4.4,4.9,16.145,8.555,1004.5,5.68,46.39,1.9696,37903.0,493.0,18.997,12.4084,46.2737,14888.0,438.5652299681805,5.704367949088805,86.425,31.048,20.027,9.119,23.6873667742644,0.5198347645921357,40.86,412043.0,11.40105756416319,43.837324276686296,44.76161815915051,46146.0,36086.43,16572.17,12.426995927713286,10.42342201495799,1.8765437977532649,0.2308378149566619,50.36,35.2,-0.2794190650619567,-0.15775835343947012,0.0007704453511784455,0.0008956343897928692,-0.01600446259913345,-0.009296388681977992,0.0037674313597381077,0.0012063921398172816,-0.00014463848434388403,0.0003198553125063573,-0.0038261943869292714,-0.0028450512575606455,-0.008583825230598445,0.0015020259376615469,-0.004216092421362798,-0.003041990427300336,-0.00431862463864187,-0.0025310973310843092,-0.0016558720823377359,-0.002819954901933671,-0.0011552297013501349,-0.005685193569709856,0.012840846277152498,-0.0013635531285156853,-1.132845878600193e-05,-0.0005220050054291856,7.759904178480531e-05,0.0010810860774169463,-0.0011534221408267896,-0.0014402317799007008,-3.286509464183948e-05,-0.0021182537327210146,0.007980619263835252,-0.002398115918040268,-0.0010308049588153782,-0.004403929168668899,0.14641359457435707,0.3836070292443037
31.0,3.9,6.9,15.045,8.495000000000001,879.0,1.98,47.0,1.3107136824324324,36372.0,288.0,18.2749,8.0877,23.6982,13421.0,653.2327586206897,5.172413793103448,55.68,23.55,11.03,7.75,12.063693803924313,0.472838893581081,63.26,168105.0,10.1,30.6,59.3,59606.0,41956.5,25127.5,34.79581925675675,15.15646114864865,0.5191153820594531,0.2286277449324324,50.55,6.0,0.15014266998817524,0.4616694109064216,0.09829714708651105,-0.004046831130981439,0.08493897991875808,-0.004859171503533918,-0.09732739148040614,0.005955635448917744,0.06068061724615594,0.007135342713445424,-0.021822206759825342,0.04913468501530587,0.06782687965159616,0.008318668045103542,0.026093992066259175,0.011445511110747849,-0.024311469709500672,0.0692223086130495,0.005597495908538482,0.06890415878656012,0.024355792813003086,0.05159348227704565,0.06304937115559973,0.00938936995652815,0.04282814543073376,0.07234924432200693,-0.012919715351114656,-0.0020518544347335604,-0.009265992625926929,0.0782869376366337,-0.053551075607538266,0.030152428525810442,0.038344307569786906,0.038881199502696605,-0.0016638591544081798,-0.015972098363563423,0.030141325534010926,0.3836070292443037
26.0,4.3,6.5,12.885000000000002,8.295,1150.5,9.9,60.6455,0.7705,18738.0,201.0,20.6519,13.225,27.4686,21790.0,236.6058463286824,2.5380390176147487,79.195,32.652,23.515,6.148,12.782698470895246,0.7724210753786316,47.21,209885.0,11.2,48.7,31.3,49780.0,37342.0,15884.0,8.251880779338212,6.642425473153561,0.2421040892193308,0.2176759611841297,53.7,28.4,0.2978937234341477,0.37655618330774215,0.07236202863821149,0.030880028352451808,-0.01937493250084416,0.025563988578505798,0.6253280948102474,0.017084429915994417,0.006303883393605529,0.0013321112841367527,-0.005954836440893517,0.005183512419462262,0.041225510668009495,-0.011530550376822567,-0.007761221807450096,0.004443444985275449,-0.00816019936464723,0.0008548195846378633,-0.0017473811780413379,0.015239758187284047,-0.006706729826206982,0.00247121299306551,0.02898777573214224,0.006113320204118848,-0.0014712464654196844,-0.007667226786725223,0.016090666445282596,0.03742026146035646,0.016615602495148773,0.02840359670730927,-0.0006107195156316118,-0.04686811656691134,-0.08611312279788157,-0.00935301540109019,-0.01337532068602742,-0.007890453105792375,0.9885422227609282,0.3836070292443037
22.0,3.1,7.0,13.89,8.46,1088.5,5.42,62.8682,0.7473,30465.0,544.0,23.7417,15.1611,35.7857,16160.0,391.6363496124131,6.993276684364113,77.789,31.907,28.226,8.037,12.555758966506351,0.9191379276851872,47.4,302484.0,8.8,57.3,33.9,63896.0,41068.0,18414.0,9.819277128486252,7.904115227830772,0.4381657992565056,0.2590222331408918,63.9,20.6,0.2989888832128296,0.537765333103016,0.2116878281502674,0.025691682690133635,-0.016753628576795302,0.006191526735201458,0.3903743616274247,0.00762061558663846,0.023032918926328444,0.002772476623455681,-0.003013179643700519,-0.006325708745668322,0.0012275710251803639,0.0016386919639383806,-0.03561259743757547,0.007189518772065644,0.0065363872144371254,0.0019107438561816875,0.0074622791213914685,0.003185642898703609,-0.009309783582575615,0.015428595306972631,0.023539924671252557,0.004455448705702997,0.011914418229522836,0.020088054177661758,-0.005644653486087933,0.031575041351219045,0.0032888443768024586,0.0715816808352247,0.0031168373146404915,-0.021525722049797604,-0.007445987646157501,-0.008970797977720683,0.01571013040219744,-0.00906619179062545,0.9955631808253625,0.3836070292443037
21.0,3.3,6.8,14.385000000000002,8.370000000000001,1125.5,5.43,78.86,1.51,42101.0,1310.02,57.39,30.39,103.24,45409.14,239.6050310170167,7.455580217403678,175.70999999999998,75.89,47.08,23.13,11.640145980325425,1.1288686636714582,52.2,686334.0,16.06716086336319,29.95130135865117,53.98150854710848,36106.0,32559.0,16815.0,12.881572327495135,5.887189901806822,0.6001059414337037,0.2742822855197458,94.45,17.2,0.21701938866016768,0.6239996840773772,0.09992645527236164,0.002705908662949998,-0.006042108650629714,0.007722085869560612,0.02582744792414209,0.023338666331643863,0.12517625749732056,0.013223840898523742,0.005571263696377481,0.0033900480096538906,-0.02627571060632668,0.13090389437042174,0.147649663646395,0.06921541266143322,0.09124327314396698,-0.010087228206296768,0.04114626058998209,-0.011937175095081331,0.02898466998711226,0.05014698363840583,0.04436469200377662,0.004511421561862031,-0.011006405393903476,0.013018538135414327,0.016431837190563518,-0.004333467318986858,0.01375301903113723,0.004042981797829272,0.0015555632083366217,0.00715981316752731,0.004719939725473542,0.09611375316046182,0.003205909589305523,0.17111053627294795,-0.11815851082094013,0.3836070292443037
30.0,4.0,8.0,14.31,8.71,1752.5,7.77,156.23,1.87,97710.0,1060.5399999999972,71.1,36.2,44.19,10480.0,463.12446677410185,5.026732391695883,210.98,98.81,63.08,12.67,11.72546549939368,1.018542407714805,36.2,633849.0,18.656421702718102,40.1694307582096,41.1741475390723,29464.0,31269.0,14895.0,17.562286116352706,10.924959818723158,0.0678323806069195,0.3802577434267549,98.99,7.4,0.25302652663861713,0.7180193613547212,0.03099830070510504,0.00297082657770565,0.4574210880541553,0.032173648948470746,0.08518420609645545,0.05011240800532202,0.0022289910477896815,0.016383197456598317,0.0016136057799061067,0.02000283875192203,0.023484948771074415,0.001152577865868809,-0.019868614145865025,-0.010599056899858019,-0.006477583091085151,0.03175797800533473,0.024928807504475126,0.037067438066005695,-0.003580576699847985,-0.003804733591775094,0.007480186438187929,0.03415415190160275,0.04885290723914898,0.07214498861848066,0.04217740703995029,0.1423438787118842,-0.015047711289177331,0.004343863368655237,0.0006623800843954322,-0.019224235648289317,-0.015254515077297871,0.004716203073039692,0.09429775377114612,0.24160370005915563,-0.012722873908157193,0.3836070292443037
6.0,3.1,7.9,11.13,8.28,1119.5,7.6,97.153246,1.5051,22704.0,603.4405868680999,11.4219,8.4222,23.795409,18373.02,371.52675503190966,9.874661869875633,61.11,25.96,23.28,5.82,24.61494990856973,0.4775021872663257,65.5,193424.9506420834,3.786310606464182,52.02179642033601,44.19187938339238,90072.0,39502.4,26966.29,10.53622467854088,6.818367587891776,8.389512313189808,0.5234059869036483,82.8,3.8,-0.0948762893800934,0.02609331831956903,-0.014335060706362127,-0.000896021093552315,-0.05896016573222976,-0.0027218499950443704,0.017636283120761317,-0.0043371718206132405,-0.014345500001994263,-0.0017813228039691882,-0.00637196604472895,-0.008753098985180258,0.004153680154122416,0.0006881945673376273,-0.007758905525940162,-0.0035179923598965004,0.0027710194606333956,-0.00604244727641344,-0.007024511309961474,0.00020240259667238247,0.001834198683500287,0.007386096824581428,-0.025727197790207962,0.0027382237246880953,0.003443772320946061,0.006145984989901381,0.0005722640672077758,-0.0016853054768095454,-0.019736946231375143,-0.004414099437805518,-0.0077185742820923475,-0.0006935868443300354,-0.0021882024810959896,-0.02128090340954562,0.0026555875192085902,-0.003917605432992168,-0.09831494401209057,0.3836070292443037
0.0,20.3,15.2,11.685,8.274999999999999,352.0,2.82,0.7773,0.0,12.0,0.6876815804764671,0.0007,0.0051,0.023982,5294.6,171.42857142857144,9.824022578235246,0.0699999999999999,0.0,0.01,0.01,0.02819581891016,0.1652892186691128,90.7,3055.4045483894115,0.0595207257760765,21.668917363058736,78.2715619111652,78113.0,49348.53,31412.48,18.77858494367249,2.360204165039463,3.730853285200316,0.6732214686623013,106.5,0.004242641,-0.0721281067157785,-0.07206260357672968,-0.011743238978087907,-0.00278495834519466,-0.045466285284298164,0.005837380460773905,-0.036800374205534656,0.003845947985537345,-0.0024752292161186536,-0.003151200742771224,-0.00823031219653785,-0.0012212688832854222,0.0048142050268749365,-0.00639681087185939,-0.0066927111428231,0.0062762936654811126,0.0016471396603932001,-0.0016919277670482773,-0.00040424910218764845,-0.0013446976803243148,-0.0038721847798054397,-0.009578030395011108,-0.010137265970309577,0.0024949981148044303,0.0003659589650730332,-0.0011769427172839575,-0.005329145801564058,-0.003386324536986646,-0.0053511845056588405,-0.0026679934312899924,-0.00411202862237891,-0.0014236681691060457,0.002620999757200475,-7.31149098525466e-05,-0.000856913635507227,0.0027374813643594557,-0.05157693372108043,0.3836070292443037
0.0,20.3,17.4,14.575,8.485,947.5,5.62,2.90776,0.115,1588.0,7.908338175479372,0.089,0.2026,19.077820000000003,4092.3,329.46058091286307,1.640734061302774,4.82,0.14,0.34,3.98,1.9414835306710216,0.2504382101047163,73.3,43717.2909103953,2.133822472423064,34.05945495650095,63.80672257107598,57754.0,39953.37,32733.15,7.989646389078048,3.576066916726457,2.2858259152713347,0.3546265201122545,56.1,16.6,-0.059599061214054616,-0.0925029069557786,-0.009105792356034117,-0.0023970706512530635,-0.02933223496501645,-0.005413191147769493,0.00359841990905504,0.0009509116255988747,-0.003104218235239382,-0.003620095678294702,-0.004607165999089685,0.0033713616244494854,0.006080095347327494,-0.00628073870204389,-0.004788889541911586,-0.010513725755736225,-0.0073110136265556,0.00035498540227611324,-0.006197791543478757,0.005171793587505814,-0.008244257398570569,-0.000369344192246596,-0.019237646812883508,-0.002031931548068919,0.0009504600319390476,-0.0012269822539140746,0.0006964794080704401,-0.003630463555455207,-0.0016123436282699285,-0.0017573301338901191,-0.0012357437765846645,-0.002250685474524892,0.001126425685361028,-0.004446289536232751,-0.0012327821645885678,-0.005616998281329874,-0.06549802718528856,0.3836070292443037
0.0,20.3,17.6,13.415,8.335,1130.5,1.13,1.2429,0.0576,178.0,2.865339918651946,0.0803,0.0452,0.0112959999999999,74.0,635.7142857142857,10.233356852328376,0.28,0.14,0.08,0.0,0.1127832756406402,0.0717922868966855,97.4,2310.438051510152,0.0183640280367156,11.209851980137037,88.77178399182625,126700.0,55075.29,33831.22,30.733895233898767,1.0251391827949203,4.746573554900874,1.0265837231057064,162.4,10.2,-0.07524853130957733,-0.03592157003780206,-0.024973604464903477,-0.0030316027160733933,-0.03864185695225993,-0.002545614714423817,-0.04143533441238105,-0.00018242622104783687,-0.0029730787562827258,0.0018495630659162987,-0.0031492923510571306,-0.003558057739088931,-9.882360386351552e-05,-0.0015184700023382891,-0.000862944216157,-0.005978103357677659,-0.0007301063494135959,-0.004074248708784574,-0.00213355160318315,-0.0014018885651603246,-0.00705702884122729,0.0006617736257612701,-0.019295788630843164,-0.0011791179608553644,0.0009268290114899472,-0.0011887052841484547,-0.0018373049174745966,-0.004918747143819924,-0.011482892983282608,0.0011923550100376233,-0.004567730138078334,-0.00893282546972235,0.010826220096399386,-0.005099073698123294,0.00047578687779605233,0.003672167581195632,-0.0473044585591803,0.3836070292443037
13.0,19.4,16.5,10.405,8.09,1208.0,1.99,79.7603,1.3218,37783.0,436.0,32.0201,11.986,58.2589,19506.0,317.1284444481749,3.659529465087586,119.14099999999998,45.663,16.368,14.3018,22.549304697785008,0.6391463480032891,44.35,477241.0,11.4,37.1,51.5,71561.0,34380.0,21443.0,14.98400185022494,14.347792906389309,1.8324918038196647,0.2479057292855512,67.5,2.0,-0.03109426937842121,-0.06324240618074933,-0.008107674211884538,-0.0014056738823031382,-0.02867229017429053,-0.0021662358815471346,-0.030505677447654308,-0.007068909676745533,0.00043104215525090656,-0.001414381585394341,-0.0007924273842945725,-0.0018744415091350674,-0.002230035131797195,-0.005535321572485069,-0.006053158290063338,-0.00810775029007345,-0.0007331676874309754,-0.003810197648902732,-0.0073297073723127435,0.0019168416038155545,-0.003861770431200659,0.0011574170024444656,0.0038906178747614224,0.00033647633778552166,-0.0006434002891182872,9.792411855111666e-05,-0.0037193186394870264,-0.0008242786613603387,-0.00751203535745541,0.0004154606194545785,0.0005047867819666854,-0.007542076120153066,-0.024099861104041335,-0.001689798124134538,-0.0014477097149938386,0.001537803948546447,-0.09026367776716748,0.3836070292443037
13.0,20.0,15.9,10.365,8.315000000000001,916.5,2.82,46.39,1.9696,37903.0,493.0,18.997,12.4084,46.2737,14888.0,438.5652299681805,5.704367949088805,86.425,31.048,20.027,9.119,23.6873667742644,0.5198347645921357,40.86,412043.0,11.40105756416319,43.837324276686296,44.76161815915051,46146.0,36086.43,16572.17,12.426995927713286,10.42342201495799,1.8765437977532649,0.2308378149566619,50.36,12.4,-0.043370992845545214,-0.08427266773767768,-0.01336898839722077,-0.0016992816779141638,-0.04047846705031891,-0.0028045194099346766,-0.045536662892748915,-0.0021694712371875826,-0.0027330694968501785,0.00022652915678918369,-0.00292157985580464,-0.008963931575417522,-0.002644575526937842,-0.0007985024464627113,-0.005262686855470137,-0.0069464969200392565,-0.0018930102714026977,-0.006651953626424065,-0.002700793187444409,-0.0038720400584861636,-0.0017329322143147408,-0.003613493085528411,0.002739397284264366,-0.0013673676333079779,0.0003232550714164963,-0.0010970796613643588,-0.00012876955481867097,-0.00127287440933287,0.0009410972738017661,-0.0005869533742467528,0.00018194935594995713,-0.0032656112996240407,-0.005364975535000365,-0.0029274360059450004,-0.0007041980947057377,-0.002020382070913908,-0.04244585177085051,0.3836070292443037
15.0,19.9,22.1,12.63,8.305,797.5,3.01,47.0,1.3107136824324324,36372.0,288.0,18.2749,8.0877,23.6982,13421.0,653.2327586206897,5.172413793103448,55.68,23.55,11.03,7.75,12.063693803924313,0.472838893581081,63.26,168105.0,10.1,30.6,59.3,59606.0,41956.5,25127.5,34.79581925675675,15.15646114864865,0.5191153820594531,0.2286277449324324,50.55,5.6,-0.03941906032462914,-0.05260373237077146,-0.01109494185075164,-0.0029923632865150756,-0.03782286503662665,-0.002731064783098799,-0.050185984301691265,0.0014717643211285228,-0.0032060424347097696,-0.0029318026422212487,-0.004260929360364869,-0.0020217953994870167,0.0009829629786933438,-0.003922449694946404,-0.0031319926368693542,-0.005308923923100033,-0.004496627521390712,-0.003356183610546095,0.0002010500524193068,-0.009734630674744643,-0.00266387945972383,-0.0032086276045690033,0.00048507546695570014,-0.0023980024177581044,0.0019417411818479543,8.761122201874269e-06,-0.0013256707135587947,-0.002032742717613781,-0.002738807029090819,0.001538964683810874,-0.0024450955679640126,-0.01578933446357647,-0.0067050059186294616,-0.001127087612015506,-0.00012075541540980163,-0.007896741361667708,-0.05975018884986638,0.3836070292443037
15.0,20.0,19.4,9.77,8.1,1231.5,4.85,60.6455,0.7705,18738.0,201.0,20.6519,13.225,27.4686,21790.0,236.6058463286824,2.5380390176147487,79.195,32.652,23.515,6.148,12.782698470895246,0.7724210753786316,47.21,209885.0,11.2,48.7,31.3,49780.0,37342.0,15884.0,8.251880779338212,6.642425473153561,0.2421040892193308,0.2176759611841297,53.7,7.0,-0.07732106384510794,-0.07609577633750936,-0.013324752083669103,-0.0019269910749668852,-0.03691114774594705,-0.001403034028286735,0.0025681901816278756,-0.00585609937086701,0.000517045821373662,0.0010759395128116008,-0.008738677840058997,-0.005544255225298308,-0.0015508009493350988,-0.00973435176691661,-0.0012301061504210026,-0.0018280711878711955,-0.0026597494663049806,-0.0045744879574825354,-0.004692895496264099,-0.0010203899753590435,-0.011496354627112543,-0.0020213009044527937,-0.0027229601051658434,-0.0007937510218471288,0.0005034999906395875,-0.0008900148825099109,0.0015564098333319062,-0.0007107366590450182,5.2135347699122994e-05,0.0007697808758045238,0.0014825064875185444,-0.00010894499408701439,0.00014259343345960374,-0.0011035153269767755,-0.003800407772262889,-0.00512782735439639,-0.06653555142382782,0.3836070292443037
19.0,18.6,23.8,17.225,8.89,1229.0,3.98,62.8682,0.7473,30465.0,544.0,23.7417,15.1611,35.7857,16160.0,391.6363496124131,6.993276684364113,77.789,31.907,28.226,8.037,12.555758966506351,0.9191379276851872,47.4,302484.0,8.8,57.3,33.9,63896.0,41068.0,18414.0,9.819277128486252,7.904115227830772,0.4381657992565056,0.2590222331408918,63.9,0.004242641,0.009723902551146846,-0.10594440302190682,-0.02511239355430006,-0.0009617545021076996,-0.016837116895864406,-0.0013358983614792364,-0.04314902695361525,-0.004747825199738145,2.4594826002918152e-05,-0.0008812233650436005,-0.010623573358170699,-0.0005963445780798818,-0.0009656344943990291,-0.004121727977568903,-0.01204853427906831,-0.006452530824268853,-0.004166080675398307,-0.0024931177527954206,-0.003622458068033057,-0.0037097636858622243,-0.00808321902062744,6.191563792526389e-05,-0.006807685076879962,-0.007079339469783004,-0.005426343330182136,-0.002293153887925048,0.004069683277048175,-0.0005504831857979231,0.0012336749428262298,-0.0020746375884239834,0.0012850223512699155,0.0018219055111209574,-0.0016667832294478963,-0.006950730150565506,-0.002821457482253512,-0.015331551323955252,-0.052638846129799875,0.3836070292443037
32.0,18.3,21.0,14.54,8.29,901.0,4.82,78.86,1.51,42101.0,1310.02,57.39,30.39,103.24,45409.14,239.6050310170167,7.455580217403678,175.70999999999998,75.89,47.08,23.13,11.640145980325425,1.1288686636714582,52.2,686334.0,16.06716086336319,29.95130135865117,53.98150854710848,36106.0,32559.0,16815.0,12.881572327495135,5.887189901806822,0.6001059414337037,0.2742822855197458,94.45,0.004242641,0.019014055787896115,-0.13797695881842326,-0.024029931466405585,-0.0015998017446448454,-0.041579447214802105,-0.0018841617290551484,0.004376355951341487,-0.00236037651697794,-0.00018755201560756497,-0.0006122203854223058,0.002574849516774216,-0.012773029860109086,-0.012302125437806047,0.009397489544935524,0.004905313604200879,0.006999543805917105,-0.004356268995131056,-0.0010862898267805499,-0.009331743776177364,-0.0045224051487942575,0.0002815742293993667,-0.00175021335793039,-0.006076603345572949,-0.0017265465048452305,-0.0016611338406801186,0.0018185044980297434,-0.002532736140613752,-0.004406325332820409,0.002715020033841334,-0.0029472409359489874,0.0007245889818295823,6.99788083632803e-05,0.0020441126512984503,0.001174540808424358,-0.0003066299079606914,0.003119834354147318,-0.12447008495839933,0.3836070292443037
34.0,19.2,21.6,9.34,7.91,1965.0,6.42,156.23,1.87,97710.0,1060.5399999999972,71.1,36.2,44.19,10480.0,463.12446677410185,5.026732391695883,210.98,98.81,63.08,12.67,11.72546549939368,1.018542407714805,36.2,633849.0,18.656421702718102,40.1694307582096,41.1741475390723,29464.0,31269.0,14895.0,17.562286116352706,10.924959818723158,0.0678323806069195,0.3802577434267549,98.99,0.004242641,0.018169461345920953,-0.11934174403703458,-0.03302592371590435,-0.0007264140015467996,-0.03513428959995508,0.0003338713183378185,0.03692589092223595,-0.012576674620310457,-0.000810899624290564,-0.0007823520153760893,-0.0018821988347917761,-0.016647279461224868,-0.014431341678525014,-0.006205543686325352,-0.01242803657737871,-0.002904859151070317,-0.003158572617297371,-0.003530319621786477,-0.006899545035945875,-0.0061334854581703785,0.00044958925185104547,-0.0034759535330037357,0.003310434799641378,-0.0015404946915805312,-0.000640302983423071,-0.0010225355749328934,-0.0014393741715078522,-0.00029842321450511644,-0.002074773094306389,-0.00129657276906073,0.0002356010271857082,-0.0062489240833868585,0.007681330243746449,-0.0025670762080699273,0.0063893029652535875,0.006143125401188924,-0.12337423431842277,0.3836070292443037
4.0,19.6,13.6,11.905,8.355,1489.0,6.84,97.153246,1.5051,22704.0,603.4405868680999,11.4219,8.4222,23.795409,18373.02,371.52675503190966,9.874661869875633,61.11,25.96,23.28,5.82,24.61494990856973,0.4775021872663257,65.5,193424.9506420834,3.786310606464182,52.02179642033601,44.19187938339238,90072.0,39502.4,26966.29,10.53622467854088,6.818367587891776,8.389512313189808,0.5234059869036483,82.8,0.004242641,-0.07565082772945365,-0.07679944684108099,-0.015919962804764508,-0.002492851582355796,-0.048459775441636634,0.0006408884795382584,0.023460241910070182,-0.007468395903706551,0.0035766573995351827,-0.005092100283751882,-0.0009045730624347974,-0.0012104928897072858,-0.0031808077543973878,-0.0018090598471462733,-0.013419783267502983,-0.002708708898474781,-0.0016468916305651254,-0.007489240812137722,-0.0016224512519935775,-0.0006069034819180761,-0.011181975776950515,0.0035515880413974385,-0.003664873826007047,0.0026683926085631013,-0.0017647499932597055,0.002647595948850119,0.0025591582696263986,-0.003357180665868023,-0.0033017655430982533,-0.0003840396987895133,-0.0027358577074483056,-0.0028804406197741592,-0.002687139610449472,-0.007081548428783808,-0.0046026279311627135,-0.0005002164095640234,-0.06954570847873887,0.3836070292443037
533.4,27.3,29.9,11.03,8.425,257.0,2.78,69.61883,3.1667,31295.0,362.9812608948286,7.9764,10.4369,90.661662,22830.6,431.0012394986916,4.999053310767506,72.61,11.98,17.16,25.54,29.247120158096035,0.4441104259190304,62.5,205105.4262142192,6.613355601948504,25.327743910925538,68.05890048712597,63992.0,36649.66,25491.99,8.611711314748359,6.341558665661586,2.4926882667224866,0.4481821796071095,70.9,19.2,0.10856290053886675,-0.0926094280121227,-0.006874848743900652,-0.0002695679649089659,-0.00865539516632757,0.11145773046339551,-0.12985183528003594,-0.009218648479630545,-0.007390415721262492,0.000563483492781724,-0.003918347603951894,0.0038964778774728363,-0.007278148671612153,0.010918265503520763,0.001727419467642893,-0.0013472552845875223,-0.0028106616002817886,-0.00156954266441367,-0.006256765238940726,-0.004341259418676298,0.004028165536001312,0.005753433365995684,0.00042011844615141733,0.0069548488253106805,0.0038421513109157582,0.01000147703103723,-0.003399823093786838,-0.0035731296924253197,-0.004156390431647498,0.0004097021588434814,-0.0059582583714897506,0.010376121774315841,0.010402010461936385,-0.006691821046794454,-0.0036262870207428946,0.00014609250860908354,0.23357811449406052,0.3836070292443037
180.9,27.2,28.5,8.655000000000001,7.98,661.0,3.54,66.2474,1.0595,34376.0,483.0,28.7012,25.1718,28.6734,5797.0,379.3590535887702,5.33018451487596,90.616,40.315,35.368,6.809466666666666,17.150500621066524,0.5104117114683594,57.69,245093.0,4.046117032847509,70.70339991554594,25.250483051606547,87265.0,36610.0,23148.0,20.47279770573432,11.45791031431516,5.074354330870425,0.2603928326866012,70.9,20.0,0.029450710642461974,-0.10790360363821189,-0.03872263803146779,-0.0005283476489906404,-0.015429100192462401,-0.016736924123639866,-0.1787864505468557,-0.005561344216888149,-0.004180033799881736,0.0010752985098709661,-0.0008866999888171804,-0.007207868061959745,-0.015706210890784857,-0.007633704324252903,-0.009774478394538167,0.0006781750824302485,0.00018666050086418458,-0.004672036295135814,-0.016811349497487135,-0.0059288167053212675,-0.004653723863884809,-0.0020728885537634333,0.004438401227816944,-0.0020283146419872848,0.0012061552827556884,0.0025343671347945944,0.0052997812752922395,-0.0004972505864376808,-0.006482045399025083,-4.5155376816790584e-05,-0.0025866714197521385,-0.003912022840231657,-0.0038728108132878992,-0.0033898698259145015,-0.00017554155240456087,-0.0008339419557402503,0.08149071307542423,0.3836070292443037
289.5,27.4,30.5,9.735,8.254999999999999,484.0,5.28,6.34,0.062,5772.0,77.0,1.413,0.9294,11.2908,1379.0,654.421768707483,8.73015873015873,8.82,2.541,2.176,2.684,2.417385883124235,0.1122410186812435,81.11,43475.0,1.100962322622737,39.02707551786005,59.87196215951721,72144.0,42390.12,23847.44,16.617634982053918,2.250591120086632,1.7613416385502103,0.1556184237048982,33.95,0.8,0.022389394847365712,-0.10665009087262052,-0.0013136060923958776,-0.0021044209211443874,-0.04273698899429291,-0.0006180079669381179,0.013051622297304374,-0.0009410259546712025,-0.0005597405585770817,-0.0038615399133413984,-0.0017497712001204486,-0.0017871713498607306,0.005086281482751174,-0.012504308237694209,-0.017540011651193104,-0.006331474992136161,-0.002372179481511317,0.0020135528656343607,-0.0038382425438612685,0.007895464249886571,-0.001752345217391851,-0.007562302667647596,-0.01609144393354654,-0.0007565167856713127,-0.000337526408645016,0.00204642672867824,-0.00021439987855652264,-0.003190888197471695,0.000867154613758136,-0.00295431905891746,-0.0009280417642245764,0.001375534376129506,-0.0016413416946306752,-0.005223033037036653,-0.006051189272354043,-0.006106843229693677,-0.1381973993809273,0.3836070292443037
218.7,27.6,28.8,5.44,7.505,662.5,3.62,94.75,0.975,80886.0,573.0,36.035,30.6179,69.9425,59746.0,503.33227546810537,3.5656280919222656,160.701,59.489,57.403,13.697,44.04493523854282,0.7705005543685988,37.51,683165.0,24.81513784080998,29.71825110917296,45.46661105001707,37563.0,37438.88,16936.21,15.717915646179634,15.449625511761106,1.4422353381379165,0.3216419673452932,70.17,6.6,0.01988862583724161,-0.08779206699381271,-0.020233550105864806,-0.008737126085907211,-0.02735493843133251,-0.00180289041871826,-0.06148932122935851,-0.00018820576990643984,-0.0049690457914645485,-0.0004734646280606606,-0.002865452133119109,-0.003362404368817802,-0.010597091813882192,-0.004579342678189275,-0.0004929048350701716,-0.009591086472695073,-0.002975990772247312,-0.003972321559364592,-0.00508921379844347,-0.002437868004975224,-0.0028083449291686183,0.003807513006031519,-0.016091067562811076,-0.0020856366058190664,0.0004043891963859403,-0.006676590337107577,-0.0039050432294607165,-0.003020224507587655,0.0019413980686416251,-0.0009452332525203624,0.001817469913512468,-0.0025542109413072517,-0.018774743086347977,-0.005798488737394404,-0.0006164980431397794,-0.002706909117599332,-0.043920199583905445,0.3836070292443037
233.8,27.8,29.1,3.65,7.705,454.5,3.68,107.34,6.28,66001.9,1675.31,49.3,18.28,103.68,17174.4,435.2825957923893,11.048671107300668,151.63,65.22,31.43,27.37,10.04493389674318,0.8095851014325984,41.74,774172.0,21.96364940618549,42.590832655196046,35.44551793861847,49137.0,30324.0,14574.0,6.059303494414041,4.22208657852724,0.6829462442173873,0.1613749773036768,55.57,58.4,0.0808171874564141,-0.011756631235281617,0.01815504590359826,0.011538203194116534,0.006179015689219039,0.4014886618809153,-0.029759554934377475,-0.027249700169389435,-0.017456073407083775,-0.0028630721010267667,0.006357039387027418,-0.00753595420780281,0.007949832963446792,0.017395770310734717,-0.011951249819248928,-0.008686539884656662,0.005632165720065446,-0.002961495071649537,-0.00636978477239607,0.0029530876067777254,0.04897206978872418,-0.01575839442200958,-0.006862804082532697,-0.006012275572866193,0.0010539445870866374,-0.017761958899597325,0.0026278724893927553,0.007810075121621279,-0.0016230517687897122,0.004900265755131851,0.0035419715754687734,0.018616122252618276,0.09228717191144821,0.0032399144209921495,-0.0010328194530060026,-0.004433223844195415,0.4548572219504665,0.3836070292443037
421.2,27.7,28.2,5.455,7.470000000000001,377.5,4.715,113.44,6.47,113005.25,3048.97,56.37,31.11,123.25,170899.0,632.6927383685123,17.070544762331334,178.61,74.6,52.48,33.02,11.832260392384752,1.0136065476243834,41.19,962714.0,23.22925734100645,37.059541398199215,39.71120126079434,40450.0,30441.0,14677.0,7.420621787035737,5.286083690348805,0.6079000575173069,0.2002013844757149,68.94,10.4,0.03459832746690761,-0.11315533668578913,-0.010661172016213338,-0.009365157616945603,-0.05251440641004592,-0.007336907181888811,-0.002163332503599418,-0.01064811834134162,-0.021960416546401868,-0.004697256352131565,0.00322393939830364,-0.008690125249947113,-0.006148504639665285,0.010575619347703949,0.020946561068606873,-0.019882527043422058,-0.005401996645765995,-0.003565947804599997,-0.012260571867227557,-0.0182528915690879,0.01058797102576743,-8.404952318718147e-05,0.006461770680422582,-0.0004981590372820748,-0.005595422121696172,-0.004689461393281816,-0.0019450749441360428,-0.000330166018878416,-0.00041576309750477176,-0.0064396916655823635,0.001820585802197459,0.0015785838058218285,-0.0008433797738204388,0.002548126432423787,-0.000971179239762326,-0.0021018017890552746,-0.101712467285494,0.3836070292443037
605.9,28.6,26.7,3.3,7.68,349.5,6.06,13.72,0.83,7014.7,78.24,7.31,3.49,34.58,2219.0,256.8546320029293,2.864884657634566,27.31,10.63,6.92,6.91,1.80918779080694,0.4565479911105388,75.7,148886.0,2.978968581939072,42.82646793950212,54.19456347855881,46502.0,34131.0,20135.0,14.867372524025823,2.380954321306591,0.8667399117112345,0.2182642305946436,75.16,54.4,0.20701828342241543,-0.15591982044900454,0.02905883278387289,-0.033994978461414575,0.0003658256772905664,-0.1326913982676342,0.07450023978638153,0.14699673806472371,0.012671505644296617,-0.0004757306662698593,-0.01510389859167239,0.012458888958208241,0.010111282750343285,-0.022246156592542924,-0.050928475819528085,0.06734225957964858,-0.007781420911972726,0.002822622070088987,0.013406675610070444,0.012341543786848567,-0.017159560695290583,-0.0373467161009709,0.052317829693978024,0.013181046331301328,-0.0015038943927114246,0.0023248477869977427,-0.0019619603874162068,-0.002979180308369307,0.0009647435788065137,-0.002756093392769471,0.0013600661481420172,-0.002719955674062184,0.06222843430005012,-0.0002110558468848625,0.0005256191020210702,0.0008827762243648571,0.3819816139123093,0.3836070292443037
421.2,27.7,27.4,4.69,7.699999999999999,438.0,1.68,113.44,6.47,113005.25,3048.97,56.37,31.11,123.25,170899.0,632.6927383685123,17.070544762331334,178.61,74.6,52.48,33.02,11.832260392384752,1.0136065476243834,41.19,962714.0,23.22925734100645,37.059541398199215,39.71120126079434,40450.0,30441.0,14677.0,7.420621787035737,5.286083690348805,0.6079000575173069,0.2002013844757149,68.94,11.8,0.05129398367522906,-0.08269440134987234,-0.009111515668531257,0.01666924946010113,-0.03247569687354069,0.017817094751323263,-0.0312803580239415,-0.006020104689523575,-0.015850543134535357,-0.00237438840170702,0.008306608240430557,0.00030965689880152816,-0.006460067201405763,0.006964236674830318,0.018338939631357788,-0.014416725104674689,0.009629331485678754,-0.004338780858864387,-0.007161948600163063,-0.006903573268403607,0.006139818566540876,-0.001083934484049677,-0.010437883206953597,-0.0021481890324503206,-0.0003619781260689123,-0.0038205407187342686,-0.0022955941533048924,0.0024274178703005155,0.0033733385552962604,0.002850477338458099,0.00294347760888437,0.0027064904974152585,0.017719812421128165,-0.001189324309428524,-0.0011755276750773276,-0.002125678900629277,-0.11470439378482601,0.3836070292443037
453.1,28.0,28.0,8.735,8.125,1085.5,2.89,121.17,1.24,111887.0,1972.8,69.36,49.35,171.62,14251.0,484.1916219491085,8.537303098494027,231.08,91.11,77.42,35.98,15.308206323678789,1.4921568515595265,37.51,1010017.0,18.514367546917764,44.48838459533429,36.99724785774794,40876.0,30965.0,14316.0,9.36200276864403,7.781782798224389,1.0236131895309892,0.2773605197458011,95.51,8.8,0.02380816857951382,-0.09015361956941585,-0.026000968785956497,-0.006229736187184848,-0.03526237923496712,-0.005018469792169828,-0.06581932539741198,-0.005361229159558812,0.0010202892838666801,-0.00562560605195661,0.004802042307953038,-0.008131084848816196,-0.02213887069684764,0.008297603350753592,-0.006671562011664113,-0.016219158203651506,-0.0002946534194052189,0.0011225702458371647,0.00047381809136519984,-0.019813893965135023,0.0038505723296354253,-0.0058816150296479444,0.0028476219546670727,-0.0060403203622748465,-0.009866203817849353,-0.006949251039574546,-0.0014741174224764092,0.002143075310935575,0.0006295875615129823,-0.0021881410262237027,0.0028132207008699553,0.001725728226204714,-0.0030647862671564032,-0.001426235293038183,-0.00223413094878197,0.004026005640625957,-0.04699389335544158,0.3836070292443037
115.2,28.8,28.5,2.4450000000000003,7.52,241.5,8.35,60.6455,0.7705,18738.0,201.0,20.6519,13.225,27.4686,21790.0,236.6058463286824,2.5380390176147487,79.195,32.652,23.515,6.148,12.782698470895246,0.7724210753786316,47.21,209885.0,11.2,48.7,31.3,49780.0,37342.0,15884.0,8.251880779338212,6.642425473153561,0.2421040892193308,0.2176759611841297,53.7,15.6,0.024829407216360167,-0.09536889937085412,-0.013488849715019268,-0.0012680510058999013,-0.040890386082852885,-0.015799441039562222,0.03274444996068875,0.002063787421211603,0.000860145750145117,-0.004043314944331846,-0.0021473805233836103,-0.007505931466196977,-0.0012478001508861817,-0.005990221109241249,-0.008515209555625911,-0.0020690193368742855,-0.008158302726224064,-0.0015082318863521022,-0.005051247328519815,-0.0009114948629091197,-0.003299355255439883,-0.003558085535963379,-0.010286633161207039,-0.0008660610578954212,0.0003630551851044195,-0.0011672981797407084,-0.0008314931299537379,-0.002276337260069945,-0.0023843637077758696,-0.0013960408698767389,-0.0003346614322314601,0.0006773944509526104,-0.0002797274539868075,-0.0027508938747147714,-0.0042130255140364154,-0.004667628379538659,-0.14903993932685505,0.3836070292443037
354.1,28.0,27.4,2.175,7.355,445.5,5.34,78.86,1.51,42101.0,1310.02,57.39,30.39,103.24,45409.14,239.6050310170167,7.455580217403678,175.70999999999998,75.89,47.08,23.13,11.640145980325425,1.1288686636714582,52.2,686334.0,16.06716086336319,29.95130135865117,53.98150854710848,36106.0,32559.0,16815.0,12.881572327495135,5.887189901806822,0.6001059414337037,0.2742822855197458,94.45,4.6,0.037217065813019874,-0.11376999432065836,-0.017897428454210367,0.009320743350932997,-0.046522827651351684,0.006902510765939947,0.00316527717436354,-0.010588241595153999,-0.0036134579249968092,-0.001676274677738547,0.002976154962865015,-0.00821502017167708,-0.014158687082429728,0.0053974527462075155,-0.001992195852411289,-0.0021271423948928674,-0.0014300643249104308,-0.0044375667395070185,-0.005650441123483081,-0.0044656327987710595,0.0016862139990553287,-0.004144874146829051,0.0002478003874421114,-0.0012273260547469023,6.715651135891232e-05,-0.0028464084879184794,-0.0024992804306869744,-0.0031694405882929763,0.0009135589888319406,0.0001705436998357407,-2.7564591728153922e-05,-0.005474444916471837,0.0015787839874004267,0.001198208712351818,-0.0014152447941402574,0.0023973807909836386,-0.15355843368762484,0.3836070292443037
4.0,2.7,5.1,15.275,8.79,769.0,7.105,69.61883,3.1667,31295.0,362.9812608948286,7.9764,10.4369,90.661662,22830.6,431.0012394986916,4.999053310767506,72.61,11.98,17.16,25.54,29.247120158096035,0.4441104259190304,62.5,205105.4262142192,6.613355601948504,25.327743910925538,68.05890048712597,63992.0,36649.66,25491.99,8.611711314748359,6.341558665661586,2.4926882667224866,0.4481821796071095,70.9,11.6,-0.11803654903545975,0.01140965679349999,-0.051066691080729164,-0.0016420482564717474,-0.03398002647794783,-0.0002790787753959463,0.02697957327899834,-0.0028925252861032916,-0.011500373939052214,8.928702833752486e-06,-0.004298347933217881,-0.0002860030174876218,-0.00535607516455154,-0.0009891837028165595,-0.01000591329298913,0.002749264355128005,-0.005248066609104477,-0.0013943534282346542,-0.0023029521216327946,-0.0015727716311812415,-0.00041973074587682335,-0.00748466885959109,-0.0060393672715872496,-0.004969932014743485,-0.0027915494283661246,-0.004515690750752889,-0.011129169135044019,-0.008132388073330126,-0.003918062805508577,-0.0005622930979976981,-0.001934282860408228,-0.002057882463559507,0.007860970987627907,-0.0025367649582525124,8.245795344312933e-05,-0.0009422388579696499,-0.08182151097183427,0.3836070292443037
14.0,2.8,3.3,13.29,8.49,1280.0,4.44,66.2474,1.0595,34376.0,483.0,28.7012,25.1718,28.6734,5797.0,379.3590535887702,5.33018451487596,90.616,40.315,35.368,6.809466666666666,17.150500621066524,0.5104117114683594,57.69,245093.0,4.046117032847509,70.70339991554594,25.250483051606547,87265.0,36610.0,23148.0,20.47279770573432,11.45791031431516,5.074354330870425,0.2603928326866012,70.9,8.4,-0.12506352280266586,0.01574922189271698,-0.017399084108571206,-0.002948662578128281,-0.02585355780708293,0.0006788817793130884,0.0029893860965967156,-0.0009995878891398465,-7.452103309333175e-05,-0.0016790188973148726,-0.0017594136639187778,-0.0046270152072732645,-0.01387040665994087,-0.005394481153537821,-0.009903228838617604,-0.007418570516941445,-0.003470228202641005,-0.0031750679730127274,-0.011269913750390203,-0.0019996264825264606,-0.0008041816887756162,-0.0017329460506637889,-0.012094531403854492,-0.004453960418080292,0.0009414925488332905,0.0026525599167992655,0.0058347656950354584,-0.0001455371920019375,-0.004415027506959937,-0.005766290718068681,-0.002965153258604312,0.0027758079984535784,0.009079266892125216,-0.006124741127714512,-0.00074853040433178,-0.0019922368725140915,-0.10358438476764907,0.3836070292443037
25.0,4.3,3.7,5.975,8.434999999999999,536.0,1.08,6.34,0.062,5772.0,77.0,1.413,0.9294,11.2908,1379.0,654.421768707483,8.73015873015873,8.82,2.541,2.176,2.684,2.417385883124235,0.1122410186812435,81.11,43475.0,1.100962322622737,39.02707551786005,59.87196215951721,72144.0,42390.12,23847.44,16.617634982053918,2.250591120086632,1.7613416385502103,0.1556184237048982,33.95,0.004242641,0.01387558510837455,-0.028990067184592284,-0.02507284179950754,-0.012603785448397195,-0.04097006171165655,-2.233097329735918e-05,-0.07057118749556442,0.0010999545486023148,0.0022991822753101604,-0.0006612711648146264,-0.007566451354262728,0.0010941319695363407,0.003264109849308926,-0.0080532620800659,-0.008160959800394874,-0.004275659192353496,-0.0015460041103263732,-0.0026741922087967387,-0.004117302298545836,-0.0007472348275283936,-0.0063274531904607976,-0.0083270208351314,-0.014395353108023604,4.610079340638025e-06,-0.000399918102969725,-0.0021313160331919764,-0.0012147368552784075,-0.007766019285966948,-0.0014009527815505886,0.0004938255933423814,-0.004234609914322694,-6.463238969445402e-05,-0.0019780789129436017,-0.0009643234840283812,-0.003623986376139017,-0.0025558043333391376,-0.09184373919231197,0.3836070292443037
27.0,3.0,6.5,10.395,8.365,897.5,4.06,94.75,0.975,80886.0,573.0,36.035,30.6179,69.9425,59746.0,503.33227546810537,3.5656280919222656,160.701,59.489,57.403,13.697,44.04493523854282,0.7705005543685988,37.51,683165.0,24.81513784080998,29.71825110917296,45.46661105001707,37563.0,37438.88,16936.21,15.717915646179634,15.449625511761106,1.4422353381379165,0.3216419673452932,70.17,2.8,0.026009305794723325,-0.001885553300380708,-0.0030522494856268117,0.0014257798297330748,-0.03841357256596287,-0.004327307774995764,-0.09856910988378026,-0.00451340377951662,0.0003059435232231998,-0.003976588497559234,-0.0030360165797173946,-0.006370927042638264,-0.00038436915725469377,-0.0012521610409021364,-0.006567611514280238,-0.00211438618289928,-0.0020213022424528967,-0.0056039669147382185,-0.005066267329578593,-0.017481777754922708,9.174723954250587e-05,-0.0064695575336615255,0.002220681946103775,-0.00510262487300982,-0.00846588076713184,-0.008565777853752175,-0.010313314214969676,0.00010719594545662188,0.00454928503837436,-0.0003231193621953318,0.001326593548680348,-0.004465279259408514,-0.0230883867914478,-0.004410031813507276,-0.00011470417957752839,-0.004002355393022298,-0.09733337203661602,0.3836070292443037
9.0,3.0,7.4,15.845,8.64,1008.5,9.28,107.34,6.28,66001.9,1675.31,49.3,18.28,103.68,17174.4,435.2825957923893,11.048671107300668,151.63,65.22,31.43,27.37,10.04493389674318,0.8095851014325984,41.74,774172.0,21.96364940618549,42.590832655196046,35.44551793861847,49137.0,30324.0,14574.0,6.059303494414041,4.22208657852724,0.6829462442173873,0.1613749773036768,55.57,8.2,-0.10642391195986417,0.03678974580951035,0.0192132940562442,-0.0015496282248447374,-0.026322088198115417,-0.0059046317745621,0.02656001352084179,-0.01708578585181385,-0.041691224724054336,0.00012131772935391218,0.0013998309740175807,-0.014735207646153861,-0.006268077190034093,0.00909186597447843,-0.028797696698457,-0.004586133095435802,0.0025179154844954567,-0.006675390463011956,-0.003931196567912896,-0.009775077349816757,0.014846823575596019,-0.004251530691981318,-0.010397389043743413,-0.0006667092597732969,-0.0003989098158975422,-0.006124125222365065,0.0008656352013349487,0.002359230418999989,-0.005161803842832647,-0.014643235655191036,0.0014113617502152925,-0.001033197613433002,-0.0059755945531651325,0.0009654300380498188,-0.005824437638123829,-0.01429981759128472,-0.1125927122651289,0.3836070292443037
16.0,3.1,7.2,14.875,8.575,875.5,4.67,113.44,6.47,113005.25,3048.97,56.37,31.11,123.25,170899.0,632.6927383685123,17.070544762331334,178.61,74.6,52.48,33.02,11.832260392384752,1.0136065476243834,41.19,962714.0,23.22925734100645,37.059541398199215,39.71120126079434,40450.0,30441.0,14677.0,7.420621787035737,5.286083690348805,0.6079000575173069,0.2002013844757149,68.94,4.4,-0.02922241460997611,0.12995208212174475,0.07751973672459524,0.0031666042655706314,0.03616076614086828,0.006527466208984471,0.02566198116168379,-0.0018575428053736673,-0.017954457945500813,0.006810990991070874,0.011441422163819277,-0.0034579619082311893,-0.010421604812145236,-0.00019412843200067079,0.10120669339938711,0.013560452554374915,0.01285461059150596,-0.0009064266365021329,0.0010827602290858797,-0.0069539459453274765,0.004940894348546867,-0.0025792152434587537,0.020076876337019125,0.015065457190697394,0.034349054389943685,0.00610800064479311,-0.01301211647689342,0.013618585178628557,-0.01136315995206436,0.02244960866558055,0.011631600644129011,0.010295785274356609,0.031082228481148666,0.01846048537952205,-0.007440625478823974,-0.0039092163462191775,-0.14413380739899972,0.3836070292443037
16.0,4.7,5.8,16.335,8.58,1070.5,7.39,13.72,0.83,7014.7,78.24,7.31,3.49,34.58,2219.0,256.8546320029293,2.864884657634566,27.31,10.63,6.92,6.91,1.80918779080694,0.4565479911105388,75.7,148886.0,2.978968581939072,42.82646793950212,54.19456347855881,46502.0,34131.0,20135.0,14.867372524025823,2.380954321306591,0.8667399117112345,0.2182642305946436,75.16,9.8,-0.02984432523138821,-0.10276944973350814,-0.021223752107471225,-0.0014600605765978543,-0.030539214100378253,-0.0023798610332111552,0.04290184016649921,0.005252168597653509,-0.0011886239703744657,-0.00411080175389846,-0.0054499781193832544,0.004190611662343143,-0.00033562744036316994,-0.009657198364535963,-0.006158358988662556,-0.006703822091221805,-0.006130561735481026,-0.001985486020954944,-0.00490934943004201,0.00422379910325011,-0.007565670646727089,-0.004621746473324791,-0.006990888677537441,0.000157274349282186,0.0021879579421753693,0.0017218293001254436,-0.0004778472334146476,-0.0047654056176543265,-0.0009119502423952016,-0.0004395520128309769,-0.0024294610880315356,0.00023815821856260598,0.0003598134436955137,-6.803790107368958e-05,-0.0019329056578377864,-0.004803557088598607,-0.132854842034479,0.3836070292443037
16.0,3.1,6.2,14.31,8.56,1012.0,5.54,113.44,6.47,113005.25,3048.97,56.37,31.11,123.25,170899.0,632.6927383685123,17.070544762331334,178.61,74.6,52.48,33.02,11.832260392384752,1.0136065476243834,41.19,962714.0,23.22925734100645,37.059541398199215,39.71120126079434,40450.0,30441.0,14677.0,7.420621787035737,5.286083690348805,0.6079000575173069,0.2002013844757149,68.94,8.8,-0.049933094261214124,0.046457803901284934,-0.0913458047589908,-0.004762200685217973,-0.02183822249993683,-0.008055492591423297,0.004742116266861554,-0.014466970218345518,-0.026367528866976492,-0.0033932115913679205,0.009543156176805498,-0.008838437112669151,-0.004506136841761565,0.00262044194775323,0.03286096258554608,-0.004423928386531776,0.0032656990084797173,-0.0046372346828381155,-0.0028582474216818834,-0.012547322326960658,-0.002109003032868107,0.0031927494285628245,0.0078110616172974235,-0.002510319010665016,-0.0072051413667698705,-0.0036335789846877273,-0.001031605186872191,0.000332854877536504,-0.002254033025043708,-0.009790708341946201,0.0027393938352664334,0.003684998198101917,0.0032912538526579742,-0.0038899337345113284,-0.0024422350246459234,-0.0033917930535972136,-0.16395186043654877,0.3836070292443037
9.0,3.3,5.9,15.11,8.315,1625.0,11.5,121.17,1.24,111887.0,1972.8,69.36,49.35,171.62,14251.0,484.1916219491085,8.537303098494027,231.08,91.11,77.42,35.98,15.308206323678789,1.4921568515595265,37.51,1010017.0,18.514367546917764,44.48838459533429,36.99724785774794,40876.0,30965.0,14316.0,9.36200276864403,7.781782798224389,1.0236131895309892,0.2773605197458011,95.51,12.0,-0.2906091178410376,0.13948681141560276,-0.053452399840268006,-0.0029219199965397524,-0.03231523619809499,-0.0012310263467952616,0.010715583621834715,-0.010634153056889766,-0.000989738519613942,-0.013995371796190733,0.003592779583608117,-0.012516715995346511,-0.01913116604400179,0.019885010303308574,-0.010095732298990091,-0.025345679755943512,-0.0017129930838321653,0.003564002655136089,-0.005709181005756049,-0.01535210963959495,0.0027853574402009387,0.0017943226111431932,0.02628792350801329,-0.00587501787890991,-0.013794131567701692,-0.00904789714453121,0.009198904357229665,0.0020200591130803,0.02337195253775765,-0.013633275972679245,0.003274931445096928,-0.0011371643158296755,0.0010543065269788085,0.0023428572559108397,0.0009297021695723155,0.010772877487664425,-0.06093000549357384,0.3836070292443037
26.0,4.3,6.9,11.255,8.18,1076.5,12.8,60.6455,0.7705,18738.0,201.0,20.6519,13.225,27.4686,21790.0,236.6058463286824,2.5380390176147487,79.195,32.652,23.515,6.148,12.782698470895246,0.7724210753786316,47.21,209885.0,11.2,48.7,31.3,49780.0,37342.0,15884.0,8.251880779338212,6.642425473153561,0.2421040892193308,0.2176759611841297,53.7,21.6,0.23078310116815073,0.24899750200565907,0.07344216752486925,0.02102151421519616,-0.044281501017200464,0.00900337572830414,0.6287324677128345,0.0034879060275852503,0.025878610328460675,-0.004500851407647134,-0.006678626518696537,0.01302740539734562,0.04379805286414923,-0.03557529867626724,-0.016160059133544607,0.016558943580215185,0.0015713287269075588,-0.0034862231168275464,0.00612748016913731,0.018571998073409018,-0.022014075286375973,-0.014253052811448745,0.028059381600469363,0.012748300308982538,0.0034287957210714973,-0.014173348257318114,0.031868713507428745,0.035572905677060264,0.016854513318588324,0.01693558865226807,-3.0746944248705166e-05,-0.11102328578320646,-0.05052194031421097,-0.004875838439911596,-0.011841616500168997,-0.015170195130631309,0.9141899252279351,0.3836070292443037
21.0,3.3,7.7,12.81,8.35,1577.5,6.75,78.86,1.51,42101.0,1310.02,57.39,30.39,103.24,45409.14,239.6050310170167,7.455580217403678,175.70999999999998,75.89,47.08,23.13,11.640145980325425,1.1288686636714582,52.2,686334.0,16.06716086336319,29.95130135865117,53.98150854710848,36106.0,32559.0,16815.0,12.881572327495135,5.887189901806822,0.6001059414337037,0.2742822855197458,94.45,5.6,0.17918900719999023,0.7031612086482347,0.08500828643484663,0.0015646410003925411,-0.04208128077288468,0.011502350725544,0.07767952058153847,-0.00972958364523948,0.08097681074713668,0.024367656481141864,0.015414526953051478,0.02505351846106352,0.0059353539316604476,0.10118333949707446,0.10220260662026703,0.017482795290028053,0.018560281917452803,0.02328021369564036,-0.0111719403322786,0.042249951511621496,0.1906419694703073,0.12998390104621652,0.1028321378584951,0.009133731477583453,0.007243453723688932,0.021378673743456603,-0.032965233540162446,0.0017981273680925277,0.02705314650200308,0.028157214686895377,0.015099766359974941,0.03669828169358274,0.04571716335602103,0.041089596742143235,0.008092285137002673,0.17536251466410857,-0.03683580913270515,0.3836070292443037
32.0,18.8,19.7,14.185,8.67,1092.5,2.51,69.61883,3.1667,31295.0,362.9812608948286,7.9764,10.4369,90.661662,22830.6,431.0012394986916,4.999053310767506,72.61,11.98,17.16,25.54,29.247120158096035,0.4441104259190304,62.5,205105.4262142192,6.613355601948504,25.327743910925538,68.05890048712597,63992.0,36649.66,25491.99,8.611711314748359,6.341558665661586,2.4926882667224866,0.4481821796071095,70.9,26.2,0.012931093539421753,-0.11553568566218018,-0.01759466091791789,-0.0003951609041541847,-0.005122755886986853,-0.03230200318774829,-0.23556687244369334,-0.003882006440932548,-0.01036019199062139,0.00036555555959542793,-0.00557090419655044,-0.001365287931015093,-0.0018774388668437697,-0.0013108984349916228,-0.008192157217611871,-0.00730386208432416,-0.008672935441136365,-0.0011041865311563002,0.0020734268457939208,0.0008282219090809534,-0.002056718142703185,0.006085880339766553,-0.007763448137169078,-0.002457288298755873,0.002619362824286025,-7.409389751653929e-05,-0.002495075594633817,-0.005371964396908888,-0.0009817325556650662,-0.0046533253944168506,-0.0021557174871365222,-0.0020251457175860838,-0.0023655800366153353,-0.00446660764825842,0.003924811870480581,-0.0005589768787225124,0.12410503078252079,0.3836070292443037
9.0,18.5,19.4,12.54,8.235,1169.0,1.615,66.2474,1.0595,34376.0,483.0,28.7012,25.1718,28.6734,5797.0,379.3590535887702,5.33018451487596,90.616,40.315,35.368,6.809466666666666,17.150500621066524,0.5104117114683594,57.69,245093.0,4.046117032847509,70.70339991554594,25.250483051606547,87265.0,36610.0,23148.0,20.47279770573432,11.45791031431516,5.074354330870425,0.2603928326866012,70.9,17.6,-0.05612406393202641,-0.033210700020814936,-0.01189932335323344,-0.002507482011181604,-0.02981055496260523,-0.002797836999719347,-0.028864757654567558,-0.005173868030930554,-0.003373759671424826,0.000772471347202864,-0.0020977421011775742,-0.006348381188387668,-0.0070056242061157965,-0.003906530855844419,-0.007243905138845249,-0.012741237953305243,-0.0050115987084185095,-0.006590341816966727,-0.0012203366961330165,-0.0016900704149156772,-0.008385679262379805,-0.0008505366525302349,-0.008113915595846876,-0.003548447970921794,0.0022270734204600223,0.0015517731445531095,0.003940352622109157,0.000184179707430302,-0.00574700202948103,-0.0005017592913160694,-0.0017808190764238465,-0.007293124728215242,-0.005572258446676036,-0.002064167534311613,-0.0003081111485759436,-0.00277952734846621,-0.07573144793820878,0.3836070292443037
29.0,20.0,15.0,10.785,8.315000000000001,584.0,3.07,6.34,0.062,5772.0,77.0,1.413,0.9294,11.2908,1379.0,654.421768707483,8.73015873015873,8.82,2.541,2.176,2.684,2.417385883124235,0.1122410186812435,81.11,43475.0,1.100962322622737,39.02707551786005,59.87196215951721,72144.0,42390.12,23847.44,16.617634982053918,2.250591120086632,1.7613416385502103,0.1556184237048982,33.95,0.004242641,0.009251110682574419,-0.0854559799314787,-0.00789920057325314,-0.0019093869611000018,-0.042974050774549445,-0.0011703843111172264,-0.051937084589153526,-0.005740706687793139,-0.000864145724723743,0.00043010027923931433,-0.008467601306426022,-0.0037243775899211524,-0.0022246024509270986,-0.0064570025370145855,-0.003658476495183999,-0.007755187343185143,-0.0038118326415618295,-0.0035081728734075953,0.001637331539144117,0.004325512746969866,-0.0018308274199565228,-0.005146112249543266,-0.023025176000470923,-0.005654310733079909,-0.0008302333438768971,0.0022962035300831025,0.0007067503407597557,-0.00597566264060636,-0.003912384455713136,0.00044963182881474435,-0.00371200331331541,0.0015835851881032224,0.0007749359713246397,-0.000635211259747543,-0.0007830015523359156,-0.008561590279762948,-0.06504048541653902,0.3836070292443037
33.0,18.7,14.7,12.06,8.364999999999998,815.0,4.2,94.75,0.975,80886.0,573.0,36.035,30.6179,69.9425,59746.0,503.33227546810537,3.5656280919222656,160.701,59.489,57.403,13.697,44.04493523854282,0.7705005543685988,37.51,683165.0,24.81513784080998,29.71825110917296,45.46661105001707,37563.0,37438.88,16936.21,15.717915646179634,15.449625511761106,1.4422353381379165,0.3216419673452932,70.17,0.004242641,0.013436297032361233,-0.061123160313194,-0.013712437689925236,-0.002222956983993448,-0.029115534874921037,-0.003152916018540661,-0.05370026820649704,-0.009936015365334843,0.00011716197555264492,0.002689137666796647,-0.0033633379420886403,-0.007263146396726373,0.0009552004622916383,-0.0025441553195317637,-0.007222577047844728,-0.008793187513947486,-0.005087286556760467,-0.00559417922981083,-0.0031002371106296795,-0.013474418086310226,-4.0477874378367154e-05,-0.002890303603683907,-0.00863271701770524,-0.0023625687509775135,-0.0015718241191158683,-0.0052253045079608705,-0.003989730086177594,-0.005308982972055666,-0.0001107450822989189,-0.0019131492575009703,0.0008469599299132843,-0.003061558652358754,-0.006106852709005274,-0.002521986554687227,-0.0006911568685124351,-0.0035465613845735784,-0.08223703877689936,0.3836070292443037
5.0,18.9,17.6,19.085,8.594999999999999,1018.0,4.43,107.34,6.28,66001.9,1675.31,49.3,18.28,103.68,17174.4,435.2825957923893,11.048671107300668,151.63,65.22,31.43,27.37,10.04493389674318,0.8095851014325984,41.74,774172.0,21.96364940618549,42.590832655196046,35.44551793861847,49137.0,30324.0,14574.0,6.059303494414041,4.22208657852724,0.6829462442173873,0.1613749773036768,55.57,22.8,-0.0893547100915263,-0.058282055854797364,-0.009618489552910127,-0.0013812111861382919,-0.013278065069268152,-0.024991458424677454,-0.09772864709297817,-0.008769562089194856,-0.018121281815692777,-0.0003941319572428846,0.0015262501003841568,-0.002547544970487556,8.335413721700588e-05,0.003886527065187696,-0.009823841520895563,-0.003649753049636883,-0.0013234699486444415,-0.006919892992203428,-0.007352137162039672,-0.001562959523871538,0.005510564551999171,-0.007072774892052016,-0.00616286281185845,-0.0009249411616474307,-0.00021459096732238657,-0.004823848654826478,0.0012555998175715372,-0.0009982808586210025,-0.0031789109576493488,-0.0015284788391242466,0.001227248860523102,-0.0036546793642143424,0.0026451652838538064,-0.0005666457302868315,-0.00691989661504825,-0.01018587332218885,0.04352480932759741,0.3836070292443037
25.0,18.4,22.0,13.445,8.2,893.0,1.65,113.44,6.47,113005.25,3048.97,56.37,31.11,123.25,170899.0,632.6927383685123,17.070544762331334,178.61,74.6,52.48,33.02,11.832260392384752,1.0136065476243834,41.19,962714.0,23.22925734100645,37.059541398199215,39.71120126079434,40450.0,30441.0,14677.0,7.420621787035737,5.286083690348805,0.6079000575173069,0.2002013844757149,68.94,10.8,0.014845336275175211,-0.10679293910972776,-0.014338043282429378,-0.006043568969083322,-0.03631526755479476,-0.004131843241242071,-0.058331997967325154,-0.0017827461070070699,-0.015175774150217569,-0.0026215598856409402,0.005463798632845281,-0.0013441794489820816,-0.0018075057150175194,0.002393359209721288,0.003969430224969982,-0.014608984521279728,0.0020866254282494346,-0.0007636868115514523,-0.008392125464354949,-0.005257203777631117,3.285842016338981e-05,0.00039805127928654464,0.0015744670558099974,-0.0007369637954980154,-0.0074964705637345745,-0.004569380388905602,0.0004975932432959481,-0.0007499376125633712,0.0005376939351359992,-0.00503493342548608,0.0002818981030335086,-3.5673423359794516e-05,-0.0013155514126022658,0.000844039293006064,-0.0023777085697899224,-0.0018954504715899673,-0.07103737173291545,0.3836070292443037
15.0,20.5,17.9,9.925,8.280000000000001,1136.0,4.21,13.72,0.83,7014.7,78.24,7.31,3.49,34.58,2219.0,256.8546320029293,2.864884657634566,27.31,10.63,6.92,6.91,1.80918779080694,0.4565479911105388,75.7,148886.0,2.978968581939072,42.82646793950212,54.19456347855881,46502.0,34131.0,20135.0,14.867372524025823,2.380954321306591,0.8667399117112345,0.2182642305946436,75.16,15.8,-0.10362508663597207,-0.0499571105496337,-0.016608372563496232,-0.001959692786137266,-0.03498734372047086,-0.0035319753068809665,-0.02649536393582821,-0.00031421816752602523,0.0010951091100772266,-0.0015054146355638887,-0.002817567599316438,-0.011977369139591845,-0.00937808253491918,-0.004780441286663212,-0.0006032086070626922,-0.00147483481094241,-0.007282015800786512,-0.0011756401664267037,-0.0010319093381985997,0.00577030967610578,-0.003561915297371647,-0.0009188551828265221,-0.01361461098926762,-0.0027536178659647733,0.0018027492612600355,-0.0005237434571608862,0.0010963677894324064,-0.0008036482566967611,-0.0005215709346036174,-0.0008853273978456927,-0.002697149108474453,-0.005764632768308117,0.0015478199782470766,0.00028125417729218716,-0.002350586000829939,6.086826945344952e-05,-0.03922981434191266,0.3836070292443037
25.0,18.4,19.2,10.445,8.440000000000001,1120.5,3.21,113.44,6.47,113005.25,3048.97,56.37,31.11,123.25,170899.0,632.6927383685123,17.070544762331334,178.61,74.6,52.48,33.02,11.832260392384752,1.0136065476243834,41.19,962714.0,23.22925734100645,37.059541398199215,39.71120126079434,40450.0,30441.0,14677.0,7.420621787035737,5.286083690348805,0.6079000575173069,0.2002013844757149,68.94,30.6,0.015923371061993142,-0.13875229966516295,-0.019568409770727154,0.00042844137952973506,-0.020856899940408766,-0.022780805559208,-0.2107995308935642,-0.008528524244514604,-0.00972754290016989,-0.0031567599888270123,0.007121733669191599,-0.0007463164068758488,0.002692823506270847,0.013173532690852878,0.024236212490747356,-0.0034594009350985312,-0.003127964301966123,-0.0036715491985281276,-0.006705883856241902,-0.015888659671569858,0.0056207070127129695,-0.0008454953615243255,-0.0009503111351902253,0.0011783340200781853,-0.004413352416207388,-0.008509919817248983,-0.0030531652644276573,0.00022464782930910256,-0.0016968649253249115,-0.0030936287855729432,0.001665150541812182,-0.006277777335296074,-0.001856800876557831,0.0011553408702214604,-0.002645116550847889,-0.003475025026127697,0.08975929752147443,0.3836070292443037
10.0,18.9,20.3,12.95,8.41,1821.0,5.73,121.17,1.24,111887.0,1972.8,69.36,49.35,171.62,14251.0,484.1916219491085,8.537303098494027,231.08,91.11,77.42,35.98,15.308206323678789,1.4921568515595265,37.51,1010017.0,18.514367546917764,44.48838459533429,36.99724785774794,40876.0,30965.0,14316.0,9.36200276864403,7.781782798224389,1.0236131895309892,0.2773605197458011,95.51,7.0,-0.06195537461899222,-0.11065192953683434,-0.021827756984469787,-0.0034370656621952878,-0.0379954147276779,-0.000671536270529033,0.0003611038811504816,-0.011126176103328658,-0.003835504834229748,-0.009306895329306522,0.004468903436015047,-0.006297787418588997,-0.0118934405532976,0.009612035125804448,-0.005255900993943213,-0.012852500186612213,0.001713119974980755,0.0010071373917162427,-0.005368640624607606,-0.016272547319531438,0.010747715237860875,-0.0011248470967014593,0.002332917206610242,-0.003234327329943583,-0.007814836809411642,-0.0048541808594018175,-0.0006017657648772004,-0.0010322506322215,-0.00019590584250787682,-0.00029690569577117454,-6.770829980571579e-05,0.004939767606556416,0.0012705229393516978,-0.0009925748159488005,-0.001630345735078061,0.004008802858491736,-0.041203231375354026,0.3836070292443037
15.0,20.0,18.6,8.61,7.970000000000001,1374.0,1.5,60.6455,0.7705,18738.0,201.0,20.6519,13.225,27.4686,21790.0,236.6058463286824,2.5380390176147487,79.195,32.652,23.515,6.148,12.782698470895246,0.7724210753786316,47.21,209885.0,11.2,48.7,31.3,49780.0,37342.0,15884.0,8.251880779338212,6.642425473153561,0.2421040892193308,0.2176759611841297,53.7,8.8,-0.05194079300388694,-0.10291203137176734,-0.011900411332026123,-0.0018448163724193976,-0.029887582569693528,-0.0023314565761635704,-0.02144910245202482,-0.00649927692798277,-0.0017468330015738786,-0.0005905767809599657,-0.0060557948735853045,1.2385286390752721e-06,9.076983047028667e-05,-0.006246347189880908,-0.005238989510883889,-0.0005913197559614976,-0.0030860345872739964,-0.004521764690677321,-0.0007357083012660328,0.0007880166017760875,-0.0023228776237616943,-0.0009286647724608601,-0.004065218676502507,-0.0009453463864823169,-0.0006937895699714597,-0.0027820890334745245,0.000606270019585888,-0.0021418653087069504,0.0009564259741455319,-0.0017918902263045291,0.00046783592862387435,0.002558500605324905,0.002411366170272235,0.0006006438905994099,-0.001975501381481681,-0.0031815153360366857,-0.07136275483605763,0.3836070292443037
32.0,18.3,22.0,12.85,8.215,1955.0,7.06,78.86,1.51,42101.0,1310.02,57.39,30.39,103.24,45409.14,239.6050310170167,7.455580217403678,175.70999999999998,75.89,47.08,23.13,11.640145980325425,1.1288686636714582,52.2,686334.0,16.06716086336319,29.95130135865117,53.98150854710848,36106.0,32559.0,16815.0,12.881572327495135,5.887189901806822,0.6001059414337037,0.2742822855197458,94.45,0.004242641,0.023691252646967764,-0.14658505623228849,-0.015724516126016774,-0.0034266643272712785,-0.027337514244330435,0.0003351350671922139,0.0468679746783649,-0.011384181206425032,0.004421161500116193,-0.0001476649443308501,-0.0015065445937216242,-0.003765315509711701,-0.017539948178455233,0.00301869859298071,-0.005607808657611411,0.0002561049815267367,-0.000901692276820547,-0.005592756777380904,-0.010006632081543404,-0.005766679026807353,0.0013250931616251745,0.005055668909723561,0.005643271822482345,-0.0002247242412219437,1.106423636274348e-06,-0.0005462676690270481,-0.003367124426489076,-0.004503456782549616,0.002383281160145998,-0.0012716417076686995,0.00054710024967789,-0.006896744227657715,0.00023777619625131295,0.0006085361105700385,0.00023872930556535256,0.003509016005943224,-0.16717309688994042,0.3836070292443037
430.2,27.3,30.6,9.905,8.28,253.5,3.53,102.81,1.7645,47925.0,843.0,43.5255,20.1416,83.8778,77459.0,294.8686396357596,5.186734756660309,162.53,65.61,36.45,18.38,34.437046921982514,1.6325084864460302,44.34,791032.0,14.2,49.0,36.8,60352.0,33354.0,19580.0,15.09150601532647,12.226414519989854,1.982933986704912,0.251596591393268,73.72,18.4,0.10812230674239497,-0.0862330702211087,-0.04286868834247191,0.008234632637662203,-0.011357834090789165,0.12749768514807022,-0.1394391303447386,-0.009534451899429162,0.0025313173048198295,0.0007609831945349794,-0.004049474106480669,-0.003238333988313877,0.004037998821586365,0.005295232990756634,0.005375480397293973,0.013967277010281881,-0.000643182583153247,-0.0014069899606207966,-0.004725946737453334,0.00018681553192436673,0.007816676727185647,0.02316264984508355,-0.0056807550601661256,-0.001633591813345752,-0.001742043867707245,0.001424746563037228,0.0039410877848664915,0.0013733741765220991,-0.000950278251742326,0.003417617523421858,-3.7256085003425e-05,-0.005761986101667084,-0.016100899030764896,-0.003644187084088721,-0.0006356013162682391,0.001805026127646367,0.21441844385427733,0.3836070292443037
320.3,27.8,30.9,11.565,8.120000000000001,499.5,4.39,79.7603,1.3218,37783.0,436.0,32.0201,11.986,58.2589,19506.0,317.1284444481749,3.659529465087586,119.14099999999998,45.663,16.368,14.3018,22.549304697785008,0.6391463480032891,44.35,477241.0,11.4,37.1,51.5,71561.0,34380.0,21443.0,14.98400185022494,14.347792906389309,1.8324918038196647,0.2479057292855512,67.5,41.6,0.03251294811256229,-0.08329755254089832,-0.02684151750678818,0.0010750286234542754,-0.016181646827608347,-0.022637159797983863,-0.25151175688486543,-0.009586128176500406,0.00038094013929367183,-0.0013803079196562373,-0.006063733018624281,-0.008601293968968091,-0.003310763233651721,-0.0017215553376202758,-0.010596293869117895,0.0020890971397360225,-0.005052979541942478,-0.0043849312265713996,-0.0019062359134356128,0.0013064589242761388,-0.0021842128814508377,-0.0003787036302189059,0.003043810498590272,-0.0017129083722829785,0.0001537770886595047,-0.0004574530012905499,-0.0005860777711495785,-0.002277602724110086,-0.005871839066967373,-0.0026366876841833115,-0.00119711765553802,-0.004871622126859929,-0.018901230044042063,-0.005265706355373064,0.00029925947698453544,-0.002046921340127794,0.12068563408373545,0.3836070292443037
324.2,27.7,28.9,7.24,7.75,337.0,3.7,65.48,1.159547297297297,35404.0,628.0,32.7396,23.8933,28.3358,18135.0,353.61566120655215,6.272473032361166,100.12,42.91,32.89,6.89,21.692116085648387,0.4183057432432432,45.82,494396.0,16.2,34.7,49.1,52830.0,29483.6,14569.4,30.782770270270262,13.408445945945948,0.4610408828493061,0.2022597972972973,44.72,1.4,0.022215358816708126,-0.05094464151499172,-0.01911739455225567,-0.006998001451914512,-0.02739433124351004,-0.007947117174044255,-0.05182834165170789,0.0004728370594481648,-0.006273963345835601,-0.004543028880531586,-0.0013738970365375295,-0.0008897021537025781,-0.014104263621071983,-0.00502547302593787,-0.006777453819910686,-0.005833166207497318,-0.001032813029984635,-0.0031771642466386155,-0.013250240581110113,-0.005657347867575782,-0.0007248990641285981,0.003149503978590172,-0.0053173893814285585,0.00032055303764840355,0.0008169715789457226,-0.004261756492778661,-0.0023526205308735415,-0.0036674697650596485,-0.004580639073004318,-0.0016723822429776161,0.0008784524258226203,-0.0062628851799915244,-0.010066764273991188,-0.0006015400060762933,-0.00491691974302133,-0.005258202000210682,-0.08742410079886516,0.3836070292443037
289.9,27.7,28.5,2.965,7.505,599.5,4.1,86.2176,3.9735,25523.0,815.0,31.1163,21.4397,17.1606,5383.0,209.2032032524324,6.680273112515471,122.001,42.695,30.889,6.378066666666666,23.09060459820272,0.495701072671828,46.74,578032.0,13.2,34.4,52.4,70896.0,35317.0,22722.0,12.79694947845151,11.127680470035047,1.418914034866713,0.2008954576580689,54.7,21.2,0.024252721760421998,-0.08310565591479341,-0.036207448275138936,-0.007487679390857612,-0.013869726185997328,-0.019679306301598753,-0.18174754869192836,-0.010399981718510387,-0.013346334034577002,-0.0066813387380292,6.834183819592193e-05,-0.010888778598358234,-0.006586492368951434,-0.004050832688808441,-0.011069505357493958,0.0012341230766226823,-0.0012299560848623465,-0.003459735009819267,-0.009412120633448165,-0.00017855568788945064,-0.0013875026131669708,0.003939750514303652,-0.018657822537546352,-0.00016401898115872964,-0.001978469224025801,0.0014857446836928588,0.0013448840628067654,-0.0015927064791321788,-0.004389416092696293,-0.0005161218236510995,0.0010027385999759064,0.0015307553050418685,-0.0044290084484964656,-0.0019400461763143557,-0.006867256701613464,-0.0035989676322787986,0.08879103085336586,0.3836070292443037
605.9,28.6,26.7,5.645,7.609999999999999,381.5,3.76,13.72,0.83,7014.7,78.24,7.31,3.49,34.58,2219.0,256.8546320029293,2.864884657634566,27.31,10.63,6.92,6.91,1.80918779080694,0.4565479911105388,75.7,148886.0,2.978968581939072,42.82646793950212,54.19456347855881,46502.0,34131.0,20135.0,14.867372524025823,2.380954321306591,0.8667399117112345,0.2182642305946436,75.16,56.4,0.1389624379063025,-0.0033325619809329277,0.005087695068990196,0.0007281201720858339,0.018427457275489962,0.27367188861127945,-0.1458677676475296,0.007670464663145461,-0.009182475646957788,0.025994557685529177,0.0031618457287549925,0.00026977844070642337,0.037847786101823065,-0.0019686614318440445,0.006880286905604105,0.04679093449066082,-0.004665130460634842,-0.006322253040658924,0.014642796752353521,0.06445703749079258,-0.03430181219397733,-0.033049849638094486,0.017221532867600507,0.0023359215197463895,-0.0009588949677224063,0.008505555909747872,-0.0011521368753164899,-0.0024927135277539292,-9.11092944443093e-05,0.0036916674037153533,-0.0025833648272479428,0.023754782422135273,0.053845184384845195,0.0009412478143349367,-3.33543277035199e-05,-0.00038248469742635977,0.6813223185266059,0.3836070292443037
331.5,28.3,29.5,3.38,7.415,443.0,4.14,62.8682,0.7473,30465.0,544.0,23.7417,15.1611,35.7857,16160.0,391.6363496124131,6.993276684364113,77.789,31.907,28.226,8.037,12.555758966506351,0.9191379276851872,47.4,302484.0,8.8,57.3,33.9,63896.0,41068.0,18414.0,9.819277128486252,7.904115227830772,0.4381657992565056,0.2590222331408918,63.9,20.2,0.036316677077362934,-0.1107464475510642,-0.03241790119558573,-0.009708240873490762,-0.05198772997440149,0.051936304516469446,-0.15583967658380665,-0.017611681281899407,-0.0051295614723737126,-0.001148991202935587,-0.0015639748905474909,-0.002290622286188099,0.0059397549399485125,-0.01564879670583953,-0.005852229002242286,-0.01954917226141939,-0.0024273902674515958,-0.0048310465288038135,-0.00036077473778279033,-0.012970759303619461,-0.02671144443408897,-0.018104366981424386,-0.030168657830605905,-0.005587601906930406,0.0013432643795385998,-4.738751488426891e-05,-0.0038109065794075594,-0.0051014452986419155,-0.00397691801500817,-0.009380838737512628,0.00033660729105274126,-0.0013587364694103564,0.0013526821198562768,0.0005901241054137533,-0.0009379749341557412,-0.0013411892329653074,0.11861562135629355,0.3836070292443037
307.4,28.4,29.7,0.905,7.305,439.5,4.835,97.05,1.21,106381.0,2590.42,55.63,35.38,100.73,137331.0,610.4028000918064,14.863552903373884,174.27999999999997,73.07,53.35,21.39,11.545413701275482,1.3286396630675812,42.31,858592.0,16.673582357043852,41.11565010222189,42.21076754073426,42877.0,31410.0,15449.0,10.182451797210655,6.929020407132105,0.954641587443107,0.2674869382660009,92.11,16.8,0.03688612047582864,-0.12249884371956189,-0.014019436432669556,0.032932722847908734,-0.08049549628359576,0.011011374605198701,-0.005985630284994846,-0.004993994878605007,0.0019909717763463724,0.002524703713133935,0.009461383158341054,-0.006313088834285738,-0.00727959591584901,0.010466227419674408,0.015276018983374037,-0.009700604099780323,0.006010371210674443,-0.003057148534183695,-0.0023443262465298194,0.003089346985022221,0.0023849488732715445,-0.0030378314821670437,0.006884331721812496,-0.0026458985762049803,-0.0009807880378017765,-0.0031770950462669104,0.0020560911359886274,-0.000581461538871129,0.0018056227856626111,0.0023519931298990986,0.0011615678202360937,0.010899724553649626,0.013210461956138416,0.0011516198484847844,0.002528754823530717,0.0017140671300391423,-0.09115854910885292,0.3836070292443037
69.7,28.6,29.4,3.185,7.529999999999999,440.0,3.65,126.195,0.9478,45899.0,1702.0,58.722,16.8508,63.7322,13048.0,223.4017181377917,8.284052468910467,205.455,93.926,30.942,16.87,33.16205965449566,1.7174502122943875,39.64,605389.0,14.2,42.9,42.8,42227.0,38884.0,17032.0,18.34775726355647,14.769191834162667,0.4028414498141264,0.4839945952585677,119.4,12.4,0.017768613565713163,-0.10864850155698756,-0.036337916416426495,-0.0074317250338693415,-0.02454328441681961,0.010225687207033237,-0.05843838068346183,-0.018579060758153593,5.120780318975879e-05,0.0011549191145847233,0.0016894128452986476,-0.004683419931679958,-0.006395120176797115,-0.010416775681078428,-0.0031024981600542936,0.009351284047588703,0.0017702326582123915,-0.002429419669012228,-0.007650474430993194,-0.004957117025430005,-0.007777947553743916,-0.010977908431862785,0.008258618231241905,-0.00392412128858268,-0.0027488136539856618,0.00014378371338049506,0.001034220686803259,-0.0012683972312758438,4.119855662186473e-05,-0.002523119800413647,0.0004681899677962022,-0.006424198436240356,-0.012338809280966714,-0.0015341430436819758,-0.000600092712168898,0.001071930245185894,-0.05029993947284917,0.3836070292443037
114.4,28.8,28.6,3.875,7.52,731.0,7.07,53.8484,0.7,22791.0,176.0,19.9075,9.7003,26.1024,22316.0,289.4793664503182,2.235459983996139,78.731,30.36,17.926,5.442,12.707805206288954,0.8544099046087655,49.59,270490.0,11.8,40.1,56.9,45128.0,39616.0,17109.0,9.127778739156234,7.347487394884943,0.1563167286245353,0.2407812308070261,59.4,21.4,0.16057728445157407,-0.23328699424862856,0.005357165016854802,-0.04667375766361751,-0.06016230133051673,0.03306562633874516,0.2706454576210429,0.09292056341034673,0.0323635495826602,0.008125222395174223,-0.040267555098980654,0.01006357296835631,0.04163378165103497,-0.025241683920224512,0.026570734415824193,0.08290687687229366,-0.028741024276241645,-0.002359771085903066,0.0514524771925062,0.021788034398729617,-0.019685568908850346,0.00042293647925055233,0.027648151349276284,0.007652636452888449,0.0016018694747860311,0.010641990369185774,-0.0005042355135083132,0.008466492268877718,0.005903180191914247,-0.007384110521525142,-0.0002007602062076471,0.056627348552768415,0.02555092168351016,0.007965012608716897,0.007254926760991411,0.011195096036729704,0.47995312355458736,0.3836070292443037
116.8,28.8,28.9,3.4850000000000003,7.470000000000001,539.0,6.93,49.512,0.336,36853.0,138.0,15.7684,11.0015,49.6713,4038.0,582.73904587214,2.182128682342152,63.241,25.634,18.924,13.688,10.207596868462485,1.431208510245323,64.28,314899.0,7.9,22.3,69.8,42653.0,44208.0,19416.0,15.289797719630393,12.30765986180222,0.1473591078066914,0.4033288293821397,99.5,7.0,0.024421473968153206,-0.11677719396539032,-0.023135225713873903,-0.007451374130323533,-0.03476989944775899,-0.00048383273339520336,0.033924489190491534,0.0008559011031563108,-0.006870144323135417,-0.005655039033542069,-0.00756420680632194,-0.0009733152327438202,-0.0012088411580771189,-0.007748136725276712,-0.012083649573226767,-0.013065616516396402,-0.0035604919151713474,-0.004339797416081027,-0.002033034171909097,0.0006209136623268365,-0.0019459861113379367,-0.008552490839113783,-0.012743334528058767,-0.002386968657374377,-7.658597702780758e-05,0.0007906690984964346,-0.0015366545195380852,-0.005714256558567286,0.0006324051103244194,-0.005168382115662101,-0.002431802173765992,-0.005262019016469521,-0.009331449248517554,-0.0005149683899556586,0.0005321442832549415,-0.0005014471849426662,-0.09903626804395267,0.3836070292443037
7.0,2.8,8.6,16.765,8.7,961.5,6.2,102.81,1.7645,47925.0,843.0,43.5255,20.1416,83.8778,77459.0,294.8686396357596,5.186734756660309,162.53,65.61,36.45,18.38,34.437046921982514,1.6325084864460302,44.34,791032.0,14.2,49.0,36.8,60352.0,33354.0,19580.0,15.09150601532647,12.226414519989854,1.982933986704912,0.251596591393268,73.72,10.6,-0.11127500854743022,0.017975049816692876,-0.017629768325326343,-0.0015159944600115199,-0.025511600140792626,-0.004722629220535358,0.00820990080634754,-0.004220819532250366,-0.0013810890726745166,-0.00034435721114278094,-0.006907241350660727,-0.014330937912066771,-0.011033073083187147,-0.005983928626713657,0.006222476099307337,0.0014270764372001047,-0.007770332237705588,-0.0075102612562477555,-0.003315384723246098,-0.0019228782628973324,-0.012360108798990641,0.0037489958697309133,0.005778868068009614,-0.0006067740575720863,-0.005383740014707045,0.0018539412738755405,0.0033491747515896966,0.0003439512321104573,-0.0059444028045982115,0.00042082201379041337,-0.0019382260134443632,-0.01137348805864652,-0.023288788481925924,-0.007214841274544595,-0.002358967227240403,-0.0033221854905908354,-0.09123214437005421,0.3836070292443037
16.0,3.3,7.2,9.945,8.370000000000001,809.0,4.39,79.7603,1.3218,37783.0,436.0,32.0201,11.986,58.2589,19506.0,317.1284444481749,3.659529465087586,119.14099999999998,45.663,16.368,14.3018,22.549304697785008,0.6391463480032891,44.35,477241.0,11.4,37.1,51.5,71561.0,34380.0,21443.0,14.98400185022494,14.347792906389309,1.8324918038196647,0.2479057292855512,67.5,28.6,-0.116809405128782,0.19023186817765234,0.018889691277096672,0.011471220861809949,-0.017301514398617032,-0.026925752963870748,-0.3529777440335602,-0.017759920653576646,-0.001980188572779302,-0.0034448562826340317,-0.0023087720262507626,-0.008614280318530893,-0.0057521162539099675,0.0013667891795436482,-0.004150541958709562,0.0014371326006948927,-0.006409244633590192,-0.008457542389320833,-0.007518645490830137,-0.004032981523002189,-0.002151476123059795,-0.004914500918239345,-0.002462331022446341,-0.0008216674346476777,-0.0015722303620229153,0.0013937398884445388,-0.006476838959691422,-0.0020036672490338424,-0.00812925501105685,0.0004846479929983474,-0.003930974169634281,-0.001527754118045176,-0.033068575259918964,-0.004062034590169783,-0.00038855824929973315,-0.0026495694431165925,0.0921600948056827,0.3836070292443037
38.0,2.8,6.0,15.07,8.33,466.5,1.56,65.48,1.159547297297297,35404.0,628.0,32.7396,23.8933,28.3358,18135.0,353.61566120655215,6.272473032361166,100.12,42.91,32.89,6.89,21.692116085648387,0.4183057432432432,45.82,494396.0,16.2,34.7,49.1,52830.0,29483.6,14569.4,30.782770270270262,13.408445945945948,0.4610408828493061,0.2022597972972973,44.72,0.004242641,0.015439088111743327,-0.002726037918279574,-0.010489241965115068,-0.0009959138231351982,-0.03362550047536691,-0.004327371511608361,-0.08733564780093729,-0.006855838277066745,0.0011532174237072462,-1.9916538149122517e-05,-0.0007456245537226345,-0.00531585778109729,-0.0026706877956166834,0.00028590064185361,-0.006389323550586898,-0.0013874355439717594,-0.0015247929561883207,-0.005936398959408199,-0.003419133084826172,-0.0011912985115001603,-0.013225408333043248,-0.0010647598172848383,-0.009067937203993402,-0.0032120286518086956,0.0005545219344397408,-0.004012546309580401,-0.0006147127536435931,-0.0025708024203777344,-0.0007493129745125832,-0.006001667700087029,0.0006080549365530431,-0.01830788105881462,-0.007250649382670717,-0.0011526317739238335,0.0007530862124015842,-0.004293766195575397,-0.11382144230883567,0.3836070292443037
11.0,2.5,7.4,13.59,8.344999999999999,1163.5,5.85,86.2176,3.9735,25523.0,815.0,31.1163,21.4397,17.1606,5383.0,209.2032032524324,6.680273112515471,122.001,42.695,30.889,6.378066666666666,23.09060459820272,0.495701072671828,46.74,578032.0,13.2,34.4,52.4,70896.0,35317.0,22722.0,12.79694947845151,11.127680470035047,1.418914034866713,0.2008954576580689,54.7,11.6,-0.12847777928225698,0.004110584200049437,0.018774632642356057,-0.003101124639312426,-0.03831955210616192,-0.0022407563868910053,0.0026478501005719134,-0.0057822473843892426,-0.012049549988781405,0.0007636237206558374,-0.0022804077342152567,-0.0005962747878705468,-0.011294403954719501,-0.0016209376386056376,-0.007865571050594253,0.004250037722910446,-0.011253243816706044,-0.006512547846262652,-0.01292833941367765,-0.0016001046076416926,-0.0009070642587418349,-0.0024493649834766997,-0.025283433968822155,-0.00012047529841463164,-0.0026154553672919686,-0.0015017459479471044,-0.002025265147288641,-0.004009396390368544,-0.004061948604260884,-0.0019102667023738196,-0.001602041381411249,0.00048625535642107695,0.008430517467980582,-0.0003747076975802576,-0.003446212879692511,-0.006756710877331588,-0.07775748896567772,0.3836070292443037
16.0,4.7,5.1,16.725,8.695,1068.5,6.3100000000000005,13.72,0.83,7014.7,78.24,7.31,3.49,34.58,2219.0,256.8546320029293,2.864884657634566,27.31,10.63,6.92,6.91,1.80918779080694,0.4565479911105388,75.7,148886.0,2.978968581939072,42.82646793950212,54.19456347855881,46502.0,34131.0,20135.0,14.867372524025823,2.380954321306591,0.8667399117112345,0.2182642305946436,75.16,16.4,-0.028958644565815723,-0.09055149477751305,-0.017097185955693317,-0.0012531056456888678,-0.028003093084941307,-0.004294391583340857,0.010256291385740047,0.0026632235990837277,-0.00220293282375982,0.0004777225572615857,-0.004020211853397378,-0.0009110745849708739,-0.0074400596925988756,-0.005877615455538037,-0.007893707426264879,0.0007307936095943072,-0.006168645114327476,-0.0035002208796019348,-0.004495530336474375,-0.0036942678721000773,-0.003614924068873135,-0.005117067210376267,8.791557047515529e-05,-0.0024393290436516162,0.0009593613911420169,-0.00039256925384203366,-0.00209189848043025,-0.0011604883366574854,-0.000902705375726028,-0.004017982101067903,-0.0006268628500401951,0.0013574878452345732,-0.006809953289727368,-0.002025698702782398,-0.002452104901894923,-0.002861298182979227,-0.10667261997548244,0.3836070292443037
22.0,3.1,6.3,11.835,8.155000000000001,1170.5,6.35,62.8682,0.7473,30465.0,544.0,23.7417,15.1611,35.7857,16160.0,391.6363496124131,6.993276684364113,77.789,31.907,28.226,8.037,12.555758966506351,0.9191379276851872,47.4,302484.0,8.8,57.3,33.9,63896.0,41068.0,18414.0,9.819277128486252,7.904115227830772,0.4381657992565056,0.2590222331408918,63.9,24.6,0.4562625711287062,0.6814175199950115,0.4515242871750766,0.10596091211618235,-0.0037210346137483766,0.06734702927836526,0.7624736434174703,0.01721558110012367,0.03293361201882364,0.0023428216778363007,0.02069498134466505,0.0034360324560354255,0.029236699972922626,0.03366350819046299,-0.014762414481180375,0.0721231181981663,0.016131327290398404,-0.0155966824588055,0.012741939186428958,0.041165211557721106,0.020222786332791065,-0.0003128416246424015,0.0445638457064827,-0.029088570683573674,0.001601916272193168,0.006645068167708765,0.06006289744749671,-0.005698950902248419,0.046512270358701535,0.07446322129728894,0.0018685094794879075,0.0074972871970384975,0.05259657615174848,0.00400564667458331,0.013966615529110049,0.004325035251677017,0.9790117932623251,0.3836070292443037
21.0,3.6,5.7,12.515,8.195,1158.5,6.7,97.05,1.21,106381.0,2590.42,55.63,35.38,100.73,137331.0,610.4028000918064,14.863552903373884,174.27999999999997,73.07,53.35,21.39,11.545413701275482,1.3286396630675812,42.31,858592.0,16.673582357043852,41.11565010222189,42.21076754073426,42877.0,31410.0,15449.0,10.182451797210655,6.929020407132105,0.954641587443107,0.2674869382660009,92.11,18.0,0.23940186078970627,0.5552687728094559,0.012741632948940021,0.02218014738832912,-0.02335124544488887,0.004866490392014422,0.5963833746857321,-0.009351964251448732,0.018048451716701195,-0.009435373459321767,0.04617534121808905,0.034685581838712135,-0.04815583554096522,0.07290451903517048,0.09038645093639691,0.021343657771746353,0.00812107204459605,0.06131588429523011,0.011769695089509133,-0.06417515231296421,0.02097651096060875,0.031953840292990206,0.12354908312981332,0.00989507926938433,-0.016287014282618976,-0.008984919932360466,0.003059991278375187,0.005796916102990536,0.004243456081797663,0.035360865214218655,0.0016759553054968197,-0.004536268546556417,0.05932163943536575,0.011033136810486502,0.008601433324317148,0.026553176889816926,0.671564217628911,0.3836070292443037
17.0,3.8,7.2,13.705,8.455,982.0,7.16,126.195,0.9478,45899.0,1702.0,58.722,16.8508,63.7322,13048.0,223.4017181377917,8.284052468910467,205.455,93.926,30.942,16.87,33.16205965449566,1.7174502122943875,39.64,605389.0,14.2,42.9,42.8,42227.0,38884.0,17032.0,18.34775726355647,14.769191834162667,0.4028414498141264,0.4839945952585677,119.4,45.8,0.23813952171864608,0.6855002442669744,0.2563130765718718,0.037923266103801596,-0.026021186617823943,-0.005041464207073049,0.6509185047696034,0.022482727852960422,-0.002928237492839547,-0.014140698971847684,0.0012151431757956531,-0.00594888109713794,-0.045910206190310436,-0.007223980675141036,0.018712039741997907,0.03459115219612916,-0.00379951510888836,0.0085526745052387,-0.005574931999047568,-0.05546733413822949,-0.07368773332176108,-0.05637548555930455,-0.014503007894381881,-0.003962362284461657,-0.00022605388735731646,-0.006449347731346898,0.0030127496924251727,-0.003319717409710099,0.003154205735772834,-0.0029007054896403803,0.004007196513314988,0.001933558204521781,-0.018143929472814027,0.003113148659467722,0.00198669576086107,0.05084662839149442,0.7545944892863433,0.3836070292443037
26.0,4.3,6.8,12.645,8.405000000000001,1516.5,7.39,53.8484,0.7,22791.0,176.0,19.9075,9.7003,26.1024,22316.0,289.4793664503182,2.235459983996139,78.731,30.36,17.926,5.442,12.707805206288954,0.8544099046087655,49.59,270490.0,11.8,40.1,56.9,45128.0,39616.0,17109.0,9.127778739156234,7.347487394884943,0.1563167286245353,0.2407812308070261,59.4,4.6,0.022810732175906512,-0.020587002526347833,-0.012688828639996546,-0.0005843015310044159,-0.03929402763800075,0.002880309227233135,0.05252112800565859,-0.0018656164919957478,0.0006814398616552374,-0.002642642231658092,-0.006292463016385831,-0.00611024220008403,-0.0020191493087137803,-0.007917905291542416,-0.0059096870136757735,0.001170904673635961,-0.00449418771080672,-0.002778301170716676,-0.008095587283993759,-0.006413128109027941,-0.003622153820469976,-0.0046501707502951215,0.003456124973793827,-0.0036576813366264276,-0.0018482825563599637,-0.004393506549919644,-0.0025198974103356297,-0.011792309057588386,-0.0034833898379778,0.004790316879128418,0.0009516921856751055,-0.007643585906674459,-0.0016973050745824954,-0.0017606281085560647,-0.00550181952615579,-0.009568012872089932,-0.24040618224690358,0.3836070292443037
26.0,4.3,7.4,12.76,8.274999999999999,1099.0,6.26,49.512,0.336,36853.0,138.0,15.7684,11.0015,49.6713,4038.0,582.73904587214,2.182128682342152,63.241,25.634,18.924,13.688,10.207596868462485,1.431208510245323,64.28,314899.0,7.9,22.3,69.8,42653.0,44208.0,19416.0,15.289797719630393,12.30765986180222,0.1473591078066914,0.4033288293821397,99.5,21.8,0.22235227882241212,0.5217727650515734,0.16527278698670367,0.023818338536657394,-0.013956042608867096,3.712190004687144e-05,0.3381623532436788,-0.027291810900593762,-0.0363744572022309,0.0017639537155628253,-0.007188142342492936,0.00368348917458206,-0.013932377820213651,-0.0006222688918933322,-0.015108900945633663,-0.026378768126790745,-0.011054092201714721,0.004535977297152109,0.00246232830608883,0.011911315745674078,0.0005702192646761898,-0.004308471040179331,-0.11864050010219214,0.0016472918664415619,0.0011087427102029201,0.000777589762583362,-0.002338449843227864,-0.0030113074555993178,0.0019731807926048617,-0.0033614113461225975,-0.0018144944418842651,-0.007467861322996487,-0.009696719016258912,0.0020920657863219747,-0.00018820986151696362,0.0017487478690842995,0.7963998422523338,0.3836070292443037
18.0,18.6,18.7,15.02,8.594999999999999,1057.5,3.56,102.81,1.7645,47925.0,843.0,43.5255,20.1416,83.8778,77459.0,294.8686396357596,5.186734756660309,162.53,65.61,36.45,18.38,34.437046921982514,1.6325084864460302,44.34,791032.0,14.2,49.0,36.8,60352.0,33354.0,19580.0,15.09150601532647,12.226414519989854,1.982933986704912,0.251596591393268,73.72,22.0,0.0018566170505558432,-0.10244287955885133,-0.028580844759320222,0.00016137772550185725,-0.017666603069131575,-0.02716899685872098,-0.16983611191622913,-0.005553591224985818,0.005488931716730195,9.244055176774238e-05,-0.004270558506250383,-0.007890651812776922,-0.008486059691446515,-0.0007448207338650974,0.005684678116813296,-0.0006471977786471385,0.0019077715463936406,-0.002738278318817416,0.00040357956041892247,-0.009132670375208062,-0.004652285395810995,0.0007455788459628827,-0.011014611475790545,-0.0010230473366876602,-0.0008251300950845043,-0.0011553291898841664,-0.0003947573030988327,-0.004309668097024167,-4.6619105463222704e-05,-0.0004988896955425495,-0.00145609294995665,-0.0029967182998855905,-0.02426877405184011,-0.0007022314673910424,-0.0024895552701006264,-0.000688021754225099,0.08408404389861972,0.3836070292443037
13.0,19.4,16.8,12.510000000000002,8.375,1018.0,4.88,79.7603,1.3218,37783.0,436.0,32.0201,11.986,58.2589,19506.0,317.1284444481749,3.659529465087586,119.14099999999998,45.663,16.368,14.3018,22.549304697785008,0.6391463480032891,44.35,477241.0,11.4,37.1,51.5,71561.0,34380.0,21443.0,14.98400185022494,14.347792906389309,1.8324918038196647,0.2479057292855512,67.5,33.6,-0.2047997104624907,-0.08668437006572881,-0.02088282068880895,-0.001036834890643756,-0.01988583960880836,-0.011336896419525152,-0.00908348747529089,-0.006697492012754086,-0.0017120748013258024,-0.002550887943555918,-0.002042952136447032,-0.007686690742460385,-0.006892164551342517,0.0051006431691348565,-0.00537377064116299,0.0041826777160167685,-0.0013642996549606257,-0.00674845557970305,-0.005605875561013815,-0.0026673813319454624,-0.0003002760931849439,-0.01393057663614551,0.001648935377597813,-0.0009010245030125,-0.002897807499393815,0.0021933287118251123,-0.001988252849938971,0.0013430586736649253,-0.004607681268826124,-0.002068708647663398,-0.0035235015489161053,-0.006743027361420298,-0.011595788076519961,4.381974848607512e-05,-0.0018291313232233087,-0.0016597212913135647,0.09967167614027857,0.3836070292443037
4.0,19.0,15.9,11.705,8.075,541.5,1.24,65.48,1.159547297297297,35404.0,628.0,32.7396,23.8933,28.3358,18135.0,353.61566120655215,6.272473032361166,100.12,42.91,32.89,6.89,21.692116085648387,0.4183057432432432,45.82,494396.0,16.2,34.7,49.1,52830.0,29483.6,14569.4,30.782770270270262,13.408445945945948,0.4610408828493061,0.2022597972972973,44.72,0.004242641,-0.07322913989424705,-0.043847422081356245,-0.0066130776423960905,-0.0006692982790991638,-0.02363948399511477,-0.002255585915409024,-0.08025286639109253,-0.0037131684863319025,0.0029442072752863184,-0.002938777975117167,-0.0001268237782642255,-0.015979929078991217,-0.005577825944249826,0.0022181000001728485,-0.006535726306028664,-0.010682182355473432,-0.0003864601533859942,-0.0035964709240943198,-0.013961824532598246,-0.0014856277530391974,0.0007395339136322358,-0.0025602900547285804,-0.005374324806034568,-0.003109190914159022,-0.0018071512350191713,-0.0023352034762501727,-0.0008910787384957096,-0.002096048084398108,-0.00300559943231444,-0.0017923812412967335,0.0006871728505939249,-0.005279102243172617,-0.007292596607779461,8.443283848464112e-05,-0.0005863406928256169,-0.00475898859711985,-0.011519134836271405,0.3836070292443037
9.0,19.2,23.6,14.19,8.595,1340.0,1.97,86.2176,3.9735,25523.0,815.0,31.1163,21.4397,17.1606,5383.0,209.2032032524324,6.680273112515471,122.001,42.695,30.889,6.378066666666666,23.09060459820272,0.495701072671828,46.74,578032.0,13.2,34.4,52.4,70896.0,35317.0,22722.0,12.79694947845151,11.127680470035047,1.418914034866713,0.2008954576580689,54.7,28.8,-0.09950975695624946,-0.09030922724244496,-0.02094043662150701,-0.001473402862126628,-0.01110817930195481,-0.023629390103742483,-0.07077433188445865,-0.009821431812209383,-0.0005926761434723945,-0.0001267667456219656,-0.005966181003799032,-0.0035593253901849194,-0.010570641858503217,-0.0006897710946698974,-0.0061098905932158165,-0.002024613286678984,-0.0011315279795477817,-0.0009339646094789154,-0.005624573575332761,0.0007153596465165422,-0.010691610321712987,0.0004182554595172419,0.0012405666057020415,-0.0030987161397933957,0.0012389132877190956,-0.00044392570542792453,-0.0048336300067603555,-0.0017527817577744555,-0.0011840644494319947,-0.0004499842257549355,-0.0020862016562993306,-0.0013866742545117934,-0.0021748222659031553,-0.0010369960622241068,-0.00030347190331667047,-0.006913765501230962,0.05640818482264876,0.3836070292443037
15.0,20.5,18.1,9.7,8.629999999999999,1146.5,2.38,13.72,0.83,7014.7,78.24,7.31,3.49,34.58,2219.0,256.8546320029293,2.864884657634566,27.31,10.63,6.92,6.91,1.80918779080694,0.4565479911105388,75.7,148886.0,2.978968581939072,42.82646793950212,54.19456347855881,46502.0,34131.0,20135.0,14.867372524025823,2.380954321306591,0.8667399117112345,0.2182642305946436,75.16,24.2,-0.1158288577152416,-0.09174586054868995,-0.0218544563682129,-0.0009451735314602722,-0.01408696840827664,-0.02477927854905526,-0.11217695927557847,0.003567707777644196,-0.0020504428601513364,0.0024352687473098377,-0.005475142964472372,-0.00028395107326408507,-0.0028385731034601745,-0.003191147319351629,-0.0037273286189883985,0.0038421157312889882,-0.007664268802230558,0.00015184779651462692,0.002899260135988393,0.0018898899201303689,-0.008157601531905435,-0.0016701316926628345,0.006815295089036232,0.0003965984626362682,0.0006490111599365828,0.0022333372881015163,-0.00012112205537655474,-0.0010057348571717757,-0.0012030599297334667,-0.0007688168312112465,-0.003065375705870484,-0.0027605413754160234,0.001941941855475313,-0.0003668506164103737,-0.0029383044100056046,0.00020067059279730141,0.060908892808171626,0.3836070292443037
19.0,18.6,18.8,7.435,7.835,1145.5,6.32,62.8682,0.7473,30465.0,544.0,23.7417,15.1611,35.7857,16160.0,391.6363496124131,6.993276684364113,77.789,31.907,28.226,8.037,12.555758966506351,0.9191379276851872,47.4,302484.0,8.8,57.3,33.9,63896.0,41068.0,18414.0,9.819277128486252,7.904115227830772,0.4381657992565056,0.2590222331408918,63.9,19.2,-0.001642423885253563,-0.18981060800763472,-0.037351854701216027,-0.028143597662759322,-0.020108833882647264,-0.008057526589060822,0.039414850097770494,-0.006046424281472961,0.0037317463941872165,-0.005420355508103959,-0.009893913343548772,-0.010377908572554587,-0.01186013145372272,-0.014365954737489426,-0.019416501120043297,-0.014067097020645946,-0.0009117376711219501,-0.005869998896184073,-0.002371037773167092,-0.008276508053143816,-0.0079597243666649,-0.02124474799570938,-0.01680451202671974,-0.005291964838591714,0.0028420797487099998,-0.0005526239393899776,-0.008334022712272899,-0.0039053954680760756,-0.007202724531913801,-0.0034435182778785613,-0.0020211798495923523,-0.0009283409019311215,0.0022332147074242414,-0.0014012972917407714,-0.005005017118528483,-0.0004793696881582362,0.0917206819433098,0.3836070292443037
46.0,19.0,18.7,9.575,7.970000000000001,1199.0,3.73,97.05,1.21,106381.0,2590.42,55.63,35.38,100.73,137331.0,610.4028000918064,14.863552903373884,174.27999999999997,73.07,53.35,21.39,11.545413701275482,1.3286396630675812,42.31,858592.0,16.673582357043852,41.11565010222189,42.21076754073426,42877.0,31410.0,15449.0,10.182451797210655,6.929020407132105,0.954641587443107,0.2674869382660009,92.11,16.8,0.011654598768800498,-0.11265026863353948,-0.01594466890208424,-0.0057961566885933275,-0.032814991989483434,-0.0042518999877696195,-0.06039964264258743,-0.00276825213183959,-0.0012505226209759736,-0.0014543904270976724,0.0005045770108699806,-0.00970613863629599,-0.004811884462833403,0.0004967281719048828,0.0044972632375235395,-0.006665798950319487,-0.004442268460988999,-0.0008340023240695384,-0.0014413103678574148,-0.002800559538106121,0.0024617444910109043,0.0007432760981221984,-0.011468290966004128,-0.0028457520436495584,-0.004054246627104781,-0.0019256053895999974,-0.0006123013949642537,0.0006687282367299104,7.081134244799521e-05,-0.002645082532738652,0.0011618575608978634,-0.001736784220362702,0.00239751449475686,0.0002819139386216786,0.0004438136486957465,0.0009983872622251484,-0.07344519364026686,0.3836070292443037
28.0,19.1,18.5,8.9,8.17,1195.5,5.28,126.195,0.9478,45899.0,1702.0,58.722,16.8508,63.7322,13048.0,223.4017181377917,8.284052468910467,205.455,93.926,30.942,16.87,33.16205965449566,1.7174502122943875,39.64,605389.0,14.2,42.9,42.8,42227.0,38884.0,17032.0,18.34775726355647,14.769191834162667,0.4028414498141264,0.4839945952585677,119.4,11.2,0.027046345372994742,-0.1177959720045328,-0.04288800418687364,-0.0010898898355662893,-0.033266902975738054,-0.001492983351151145,0.005933263273909687,-0.009572377332175771,-0.0004737710269788886,-0.0017785107406477145,0.006481642611324788,-0.0013238870042065753,-0.005127636284256976,-0.011013143366823594,-0.0042969677379975715,0.009715086901560421,-0.002680068264404933,-0.006564546252290394,-0.005391623588899772,-0.0022489706706255684,-0.0027675232539574337,-0.004731726860627529,-0.008117634536077577,-0.0009429551598926332,-0.0009662428125739036,-0.0009185468188176553,-0.0011061439756304033,-0.004372695088386531,-0.0017115668890376884,-0.0020078718538085656,0.0005142743575076263,-0.002872263041014471,-0.02048198838718236,-0.0014902759219209357,0.00037312061525880853,0.008937395069127295,-0.10052635138233501,0.3836070292443037
16.0,20.0,21.8,20.18,8.870000000000001,1195.5,9.67,53.8484,0.7,22791.0,176.0,19.9075,9.7003,26.1024,22316.0,289.4793664503182,2.235459983996139,78.731,30.36,17.926,5.442,12.707805206288954,0.8544099046087655,49.59,270490.0,11.8,40.1,56.9,45128.0,39616.0,17109.0,9.127778739156234,7.347487394884943,0.1563167286245353,0.2407812308070261,59.4,12.0,-0.0351342823697875,-0.10469709658374388,-0.012115052966400981,-0.0004119482357054956,-0.03129456447437406,-0.0011194822099059802,0.035582162203888094,0.00432437673676759,-0.0011468331391612623,-0.006918350672349343,-0.0021122702863067343,-0.0007802039819459159,-0.005029540471732611,-0.003641886020389696,-0.00685715384160479,-0.00011353706941008626,-0.005028045048626758,-0.00012305967199305554,-0.00733703317431112,0.0014281735072533333,-0.005211491221562031,-0.003401437302430475,-0.0018022185657173434,-0.0009347565472125948,0.0012601627083495294,-0.001675194461519519,-0.0015542902704328264,-0.0037347510860611974,9.66744932035622e-05,-0.0007421822038789586,0.00039794318688412986,-0.0007015675740937363,0.002712160954251888,-0.0026703669037669887,-0.0018372388121982383,-0.0041942758144189905,-0.13467435386652749,0.3836070292443037
15.0,20.0,21.5,13.56,8.575,1105.5,5.98,49.512,0.336,36853.0,138.0,15.7684,11.0015,49.6713,4038.0,582.73904587214,2.182128682342152,63.241,25.634,18.924,13.688,10.207596868462485,1.431208510245323,64.28,314899.0,7.9,22.3,69.8,42653.0,44208.0,19416.0,15.289797719630393,12.30765986180222,0.1473591078066914,0.4033288293821397,99.5,16.2,-0.09165410239559908,-0.057676015370525434,-0.0103956504072994,-0.002820882603215677,-0.030620282658686243,-0.0026396664076795222,0.004649117101604749,-0.0054179357923567276,-0.0027489041102429276,-0.002381317289546128,-0.0034422269742935816,-0.004188043464285633,-0.0006173805504416461,-0.000532933105714614,-0.005824005572746199,-0.007713641181277726,-0.0067242343568553525,-0.005061819042700024,-0.006135093338477115,0.0009978736114377763,0.00046306885468462854,-0.0008023342210799449,-0.014359822159943489,-0.00010666681764026863,0.00047228610763947837,-0.0006867922004312287,-0.005488564840828378,-0.002640988010292252,0.0012130871632446843,-0.0043359081586822916,-0.0016786640680705497,-0.0021064387634396574,-0.012769260890781882,-0.0014809427938113548,0.002732585386062669,0.003506238143891095,-0.062061486837143694,0.3836070292443037
430.2,27.3,30.5,10.595,8.39,269.5,4.34,102.81,1.7645,47925.0,843.0,43.5255,20.1416,83.8778,77459.0,294.8686396357596,5.186734756660309,162.53,65.61,36.45,18.38,34.437046921982514,1.6325084864460302,44.34,791032.0,14.2,49.0,36.8,60352.0,33354.0,19580.0,15.09150601532647,12.226414519989854,1.982933986704912,0.251596591393268,73.72,20.0,0.10639960923232139,-0.09914545530142883,-0.01923953747997682,0.002868319693952797,-0.022931494206810992,0.07588281355798242,-0.1870679346347848,-0.006728685147439441,-0.003009184943512079,-0.004485677558307838,-0.0009316286879281164,-0.002652448473187786,0.0001459228899329893,0.005474717315907279,0.011751996008679268,0.0054854310428102925,-0.0015217512783904878,0.001293855756521231,-0.004771708293507502,0.004374973463515449,0.005972783590356512,0.0025773149915039478,0.002913051604603719,-0.0018916982629646809,-0.005175226675346491,-0.0025278251400838296,0.00436550058114032,-0.0019237518683075823,-0.003976600078555437,0.0016395751448968967,-0.00014288928980628798,-0.00707377894160648,-0.022949128778030455,-0.00045560206907491245,0.0014397296682000151,-0.0015025385438154303,0.19083849418908352,0.3836070292443037
172.8,27.3,28.3,8.195,8.21,372.0,2.49,46.39,1.9696,37903.0,493.0,18.997,12.4084,46.2737,14888.0,438.5652299681805,5.704367949088805,86.425,31.048,20.027,9.119,23.6873667742644,0.5198347645921357,40.86,412043.0,11.40105756416319,43.837324276686296,44.76161815915051,46146.0,36086.43,16572.17,12.426995927713286,10.42342201495799,1.8765437977532649,0.2308378149566619,50.36,3.4,0.019717096478367845,-0.0985432106986021,-0.013564660785098876,-0.0027251169954736975,-0.03977466194735218,0.004104642157132428,-0.05009451361528287,-0.0035058732811982306,-0.0008305689319968267,-0.0003022578048209364,-0.0030119390971958624,-0.002612831859538954,-0.00927893393362562,-0.0015375820267945564,-0.007574361755202205,-0.007905344155927498,-0.0026155170317118427,-0.0039569043833762385,-0.006337907143558062,-0.00015221814159303444,-0.0005649851355701655,-0.002061181565125776,-0.005465080559564135,-0.001240116866926352,0.0020981921566029394,-0.00011573842105766392,-0.001042242394760257,-0.0007755751131723349,0.00031812001951038796,-0.0017994401603937133,0.0007170171321680159,-0.00619690432213246,0.00026280096421638956,0.000901332007100185,-0.001761049951116246,-0.006380331418476999,-0.08756600819838543,0.3836070292443037
149.9,25.8,26.7,6.665,7.605,390.0,1.68,156.26,3.7,71109.0,604.0,25.5392,19.687,31.444,45417.0,639.9701205079514,5.435907589570977,111.113,48.363,43.95,6.87,30.453854606755456,0.8473062281162614,50.12,299186.0,8.188156481532047,41.53969380882165,50.2721497096463,56528.0,34807.04,22100.67,29.449202691670408,16.989687864542002,4.19935794066213,0.4460450312437009,97.31,0.004242641,0.018329433181012666,-0.08020197425348063,-0.03039393947149316,-0.015416267478528124,-0.033412732289483146,0.00988507683078448,-0.042919315251832214,-0.0038934140776594513,-0.006038412104050318,-2.6994704579314546e-05,-0.004015079885721206,-0.002415995861714086,-0.0009462852217257013,-0.005922130784019837,0.0030575082389016953,-0.008944894808034102,-0.004835102049012976,-0.0006068938256551774,-0.014561245345200098,-0.004051326923072336,-0.008361901957541704,0.0014633466520657164,-0.0009748101886361792,-0.0018877859289447452,-0.001428646293158332,-0.001456902765979369,0.0003408755206813375,-0.0009110108017921463,-0.0008571107902874553,-0.0012144169428696214,-0.0008164164237678059,-0.003978071656698983,-0.017741239339423672,-0.0071174775840093666,-4.776067100465258e-05,0.002778996843844655,-0.07179231769094864,0.3836070292443037
136.1,26.7,28.2,8.015,7.975,330.5,1.53,49.1485,0.47,15878.0,356.18,8.5477,7.134794327171835,4.120444715233774,11534.0,282.58702925891646,6.339075959279561,56.188,19.8872,18.41727,0.953,16.5223150965168,0.404246719542003,47.87,256107.0,6.0117218158366414,18.17413190276764,75.81414628139571,45012.0,32296.0,14288.0,6.990829016588316,9.211165561563142,1.5733199943233478,0.2193897616698903,43.22460681495,0.4,0.01573635711334646,-0.09745869279528657,-0.007737158841143052,-0.002494497457519179,-0.029879002322753274,0.006609538273575403,-0.02739586680506667,0.00038746676097313357,0.000609575714915999,-0.003511357226719462,-0.0066798956661174675,-0.006164578273892401,0.0007099618514378835,-0.0031134034181013706,-0.010284071704372767,-0.0023556728288531303,-0.0008243424010773494,-0.00023526054807007125,-0.0029654480206469723,0.0043697295927753056,-0.006218971824273468,-0.0018659725598990887,-0.010686067761853338,0.0011656160047277802,0.000854351619879412,4.0782205760483505e-05,-0.003299404960125679,-0.005231706971923505,-0.0011257923735926527,-0.0030074112427731317,-0.002825718168169256,-0.0010722927966465544,-0.005063341117153561,-0.0035134950031836826,-0.00029610296090443997,-0.0032621211993197597,-0.12290145405723403,0.3836070292443037
221.9,27.5,28.1,9.205,8.59,278.5,4.34,41.8,0.9984,37631.0,382.0,12.2266,9.8512,26.4183,120170.0,481.9852705731668,4.89273134806276,78.075,30.563,28.728,4.991,21.398798506227283,0.8755846807233554,35.03,369846.0,16.504901960784316,31.65686274509804,51.83823529411765,26213.0,35691.1,13158.53,16.539135979595088,17.556710821702243,1.1884593356762363,0.355470066518847,77.55,0.4,0.017057595256095126,-0.07905171676538884,-0.02033955444581807,-0.0023492668429389587,-0.025381232354169087,0.003919971471962828,-0.06570789916440845,-0.00010110240740081033,-0.001706299067785343,-0.0005164644774049506,-0.006846070416892569,-0.0046640537710239465,0.0016168066114187242,-0.00689177485803762,-0.002500347845877203,-0.008808547823379434,-0.0090574140039583,-0.0015438714064657702,-0.007805117368698117,-0.0062931133278956025,-0.004281606189906602,-0.0007084697857499116,-0.005844269531468549,-0.002989635374397038,0.0006542547450711309,-0.0015225585550069788,-0.0014093320614968787,-0.0017336000952248808,-0.0028111183519164613,-0.0009440240729600222,-0.0003828233170012606,-0.006050506268317501,-0.015266443661724532,-0.003626490815853075,0.00045028915473570356,-0.003051825668662782,-0.06489620363495004,0.3836070292443037
324.2,27.7,27.9,6.74,7.495,355.5,4.52,65.48,1.159547297297297,35404.0,628.0,32.7396,23.8933,28.3358,18135.0,353.61566120655215,6.272473032361166,100.12,42.91,32.89,6.89,21.692116085648387,0.4183057432432432,45.82,494396.0,16.2,34.7,49.1,52830.0,29483.6,14569.4,30.782770270270262,13.408445945945948,0.4610408828493061,0.2022597972972973,44.72,1.8,0.021928775395887588,-0.07758081946521996,-0.0317468475519369,-0.012614263179712001,-0.03340749719335387,-0.0048332447527597334,-0.000755557979767521,-0.0028173721131558222,-0.002322821794077752,-0.00015719539485871577,-0.0023100711063792335,-0.005261435452848671,-0.004670611017694076,-0.0031990864376226992,-0.0032997174235060837,-0.0038219287867347408,-0.0021986436254034423,-0.0009276066720485717,-0.012696190001443028,-0.0020524398594473736,-0.003332330997412404,0.001111785024404531,-0.003279548434851068,4.7461412226163305e-05,-0.0011082765242705738,-0.001500847932572166,-0.0003219152536864083,-0.0007826171101381375,-0.0024012784877171043,-0.003987944150964419,-9.76040555785111e-05,-0.009556796364486224,-0.010897423146913448,-0.00012514074488231947,-0.002147850804030896,-0.017880571649099394,-0.10076265635744978,0.3836070292443037
324.2,27.7,29.0,11.84,8.535,603.0,4.31,65.48,1.159547297297297,35404.0,628.0,32.7396,23.8933,28.3358,18135.0,353.61566120655215,6.272473032361166,100.12,42.91,32.89,6.89,21.692116085648387,0.4183057432432432,45.82,494396.0,16.2,34.7,49.1,52830.0,29483.6,14569.4,30.782770270270262,13.408445945945948,0.4610408828493061,0.2022597972972973,44.72,4.0,0.028326155428464218,-0.0812796094423781,-0.03159866043987374,-0.0021540122634420827,-0.01241214820804695,-0.0018304250001286461,-0.04061332969150195,-0.003991167632242048,0.00019377755622069248,-0.0036496631739040167,-0.005480925316611924,-0.013982325217997032,-0.0075084654490152935,-0.0005127985340853541,-0.004925418631173665,-0.005552517049945888,-0.003784994212910534,-0.0041497227332244315,-0.003424646041045587,-0.007425558332664267,-0.005844724147270122,-0.0007185957549760783,-0.006079263409289216,-0.005074617251132926,-0.0020812639563033944,-0.002653198049714167,-0.002060979415352142,0.0007070905311654061,-0.00033362860791385254,-0.006957003287971021,0.0006838010375698403,-0.02035223678996165,-0.0010497614508494693,-0.0008999673028787005,-0.0012701562171181114,-0.009583420014629765,-0.07207725373251984,0.3836070292443037
434.4,27.7,29.9,9.085,7.93,884.0,4.52,92.75,1.5386300675675677,45158.0,696.0,33.0483,14.6795,94.9691,6452.0,387.35632183908046,5.970149253731344,116.58,42.49,20.02,31.74,25.258358901966528,0.555059543918919,52.85,465622.0,12.3,44.1,43.6,67794.0,41956.5,22104.5,40.84636824324324,17.791976351351355,0.9989242570341496,0.2683831925675676,59.34,19.4,0.19124670626285176,-0.22300383584263425,-0.03366455866023897,0.015432638484053336,-0.011329160596554491,-0.0011920430697500578,0.14811097120555738,-0.021083520473912352,0.013263533559317397,-0.0001506482747693945,0.004520584596320984,-0.0013457618902126972,0.006905308772499369,0.06565155664303651,-0.011566149701053895,0.004597457586787639,0.003393758873765692,0.0003941179470469576,-0.0029251040921857256,-0.00817670276698969,0.024355046469718214,0.03094142293867967,0.02270364708267152,0.006724849591652558,-0.0008872224902734342,0.0014433349203318475,0.003760246224701412,-0.0002011626182744919,-0.006570926390898714,3.840627614407529e-05,0.0026354930022110547,0.018528600865975017,-0.04411345585249363,0.002734729663158443,-0.001331214948246889,0.0012867259016881352,0.3999652064746866,0.3836070292443037
434.4,27.7,30.1,7.905,7.795,856.5,4.22,92.75,1.5386300675675677,45158.0,696.0,33.0483,14.6795,94.9691,6452.0,387.35632183908046,5.970149253731344,116.58,42.49,20.02,31.74,25.258358901966528,0.555059543918919,52.85,465622.0,12.3,44.1,43.6,67794.0,41956.5,22104.5,40.84636824324324,17.791976351351355,0.9989242570341496,0.2683831925675676,59.34,3.0,0.026678082269305986,-0.08233323661610484,-0.022300694035366175,-0.004306221366859971,-0.03682730286382138,-0.0030362208870550003,-0.05196913965046405,-0.009417128926143053,-0.0021925307003160346,0.0008231299898276683,-0.0001283927122130967,-0.002432821351103487,-0.006115350788459179,-0.004799389811232682,-0.0004954760304341667,-0.006010490382711092,-0.00365143669613947,-0.004297360219061377,-0.0026564194230983655,-0.0007495547551661716,0.002364997925857698,-0.0032067974889650893,-0.0038430429032693275,-0.0005314803201084371,-0.0021249861549586034,0.0007076681576048341,0.00015305091626941804,-0.0009617056651040941,-0.0033907500763113315,-0.0030609597327808558,-0.0009752438434710049,-0.004425118056436381,-0.01653191865887493,-0.004491070915634426,0.0007183763229598605,-0.006200461424887181,-0.07825005579739809,0.3836070292443037
210.4,28.6,28.6,2.955,7.425000000000001,436.0,4.58,142.4267,0.98,46210.0,1116.0,70.9324,18.6665,46.0431,7546.0,207.0155004031897,4.999552011468507,223.22,96.741,33.206,13.388,36.02947095994996,1.9691703020360272,44.56,503654.0,12.3,40.9,46.8,38937.0,39286.0,17168.0,21.03691766650654,16.933855628952,0.4061223048327138,0.5549318265569341,136.9,21.4,0.08255329612487305,-0.17648580512342357,-0.05211435295951864,-0.0325684408377856,-0.016414328681615496,-0.026364714155594507,-0.005570819994124281,-0.02935868514080842,-0.007134409276768567,0.002055564373731613,0.0017946536870052376,-0.008855970250442621,0.004908496073136734,-0.007490281416103241,-0.01327378702039519,0.00823914310274025,-0.0009988124233981006,0.0010837130264068674,-0.015282825840016202,-0.0027452247589826464,0.0026211622729897383,0.03233889947334925,-0.037801381582394246,-0.0048573982203379265,-0.0006365375127643282,-0.0012711457815021282,-0.0014488121432562663,-0.0007822834079464236,-0.0019507583385954333,-0.0011823599397515299,0.00022360611706973127,-0.010417905338108538,-0.02025434722503026,-0.0004012776507685579,-8.407815359532528e-05,0.003130618501454589,0.15023126804890732,0.3836070292443037
7.0,2.8,8.8,14.115,8.465,971.0,3.57,102.81,1.7645,47925.0,843.0,43.5255,20.1416,83.8778,77459.0,294.8686396357596,5.186734756660309,162.53,65.61,36.45,18.38,34.437046921982514,1.6325084864460302,44.34,791032.0,14.2,49.0,36.8,60352.0,33354.0,19580.0,15.09150601532647,12.226414519989854,1.982933986704912,0.251596591393268,73.72,11.2,-0.05796059232205152,0.0128500799710552,-0.021043091102813678,-0.0024061361420899562,-0.040872431222038964,-0.004393306681886316,-0.058277211813256145,-0.010065185030301405,-0.0015351636257643422,0.000296599944122131,-0.006240712953731418,-0.004159140363335609,-0.0020267113608618617,-0.0054016458708792915,-0.0058576224433879035,-0.0019049712208410099,-0.008307866224398218,-0.002554462421685461,-0.01227417924441397,-0.00017205683824916945,-0.005360734555870291,-0.006150539782829587,0.007323287098358072,-0.0028960635559633356,-0.002402055344233912,0.0015025946901490294,0.0018169073356936454,-0.00044363622243205787,-0.007246570596471429,-0.004113434565563992,3.728853072971529e-05,-0.01261436729381482,-0.026455300704886515,-0.0060677934344857964,0.0002916802714268366,-0.004034475733836495,-0.042246189210563896,0.3836070292443037
15.0,4.4,7.4,13.355,8.18,1211.5,5.87,46.39,1.9696,37903.0,493.0,18.997,12.4084,46.2737,14888.0,438.5652299681805,5.704367949088805,86.425,31.048,20.027,9.119,23.6873667742644,0.5198347645921357,40.86,412043.0,11.40105756416319,43.837324276686296,44.76161815915051,46146.0,36086.43,16572.17,12.426995927713286,10.42342201495799,1.8765437977532649,0.2308378149566619,50.36,0.004242641,-0.09340584851490953,-0.06129507626251627,0.016332320664078,-0.003192449505440885,-0.03787854280167569,-0.0007178093617161123,0.003468427881598476,0.0005714863399043658,-0.0005491573348020568,-0.003551300456747414,-0.004240907772133745,-0.003888036897405982,9.226345767573627e-06,-0.004990718766736493,-0.006106802330662804,-0.006620421040182318,-0.0038154354629417226,-0.007355588416879372,-0.0050819768911848405,-0.0007101522168765449,-0.0030080338784803924,0.0007646629804124386,-0.007030764368052275,-0.007606676518917078,0.0020546892130126598,-0.00022280153507987788,0.0010918259279181486,-0.005076532503589985,0.0014450744787851994,-0.003426454408715167,0.0003747068997472548,-0.001143070229639606,-0.00559934022215505,-0.003260989844178158,-0.0022453770848611947,-0.007457195523505409,-0.07772714782195787,0.3836070292443037
6.0,3.8,4.0,14.315,8.395,588.0,2.57,156.26,3.7,71109.0,604.0,25.5392,19.687,31.444,45417.0,639.9701205079514,5.435907589570977,111.113,48.363,43.95,6.87,30.453854606755456,0.8473062281162614,50.12,299186.0,8.188156481532047,41.53969380882165,50.2721497096463,56528.0,34807.04,22100.67,29.449202691670408,16.989687864542002,4.19935794066213,0.4460450312437009,97.31,0.004242641,-0.13976739425833026,0.10973088223331917,-0.016306598248581095,-0.0018627710966393305,-0.0331044368368263,-0.002663437820350129,-0.07446566945252318,0.0014373124794413653,-0.005045218632246056,-0.0017318367989112894,0.00020738130745788508,-0.009024861583796636,-0.006464613278706867,-0.00240974694335212,-0.005012304804598297,-0.0049356177480270515,-0.012570365173742173,-0.0018300943387051418,-0.004318359820172189,-0.004361428994064528,-0.0009735633898526429,-0.0014548997922490044,-0.00365229856378088,-0.0035484516310195177,-0.0021456897972772543,-0.001223570918664334,-0.0007712076868241086,-0.0048758402311553555,-0.001123357815667987,-0.0037690266221761643,-0.003998051374219355,-0.012967662112787368,-0.020324452960242826,-0.0047856726497411736,0.004746660658468804,0.0035621438454836647,-0.06917251533518234,0.3836070292443037
24.0,3.0,6.1,9.15,8.469999999999999,372.0,5.07,49.1485,0.47,15878.0,356.18,8.5477,7.134794327171835,4.120444715233774,11534.0,282.58702925891646,6.339075959279561,56.188,19.8872,18.41727,0.953,16.5223150965168,0.404246719542003,47.87,256107.0,6.0117218158366414,18.17413190276764,75.81414628139571,45012.0,32296.0,14288.0,6.990829016588316,9.211165561563142,1.5733199943233478,0.2193897616698903,43.22460681495,0.004242641,0.022258349208471678,0.031219848254695537,-0.03095356157980859,-0.0018967313071091962,-0.04135037189659973,-0.010823909315901492,0.015542874572177734,-0.0035071424953639456,0.0002593124021465585,0.00048643713817000483,-0.0016621001561482704,-0.0002576648226628667,0.014961738965163627,-0.013841352574527266,-0.013297120919451115,-0.00533508994306127,-0.0018922149948775804,-0.0017323227133601911,-0.003182691863427558,0.0007333772691587581,-0.012491206284612422,-0.0018727147579193058,-0.023921770225279037,-0.0006016698355476002,0.0007781616194794585,-0.00020147181892146704,-0.007783721520875894,-0.008808034768638508,-0.001316801691427823,-0.0020949813816696426,0.0007171473000198587,-0.005831930115818981,-0.00025737748481333606,-0.0005521208823968943,-0.0031791416524599033,-0.010906240958720441,-0.21873697200790043,0.3836070292443037
19.0,2.7,6.8,7.095,8.29,298.5,1.67,41.8,0.9984,37631.0,382.0,12.2266,9.8512,26.4183,120170.0,481.9852705731668,4.89273134806276,78.075,30.563,28.728,4.991,21.398798506227283,0.8755846807233554,35.03,369846.0,16.504901960784316,31.65686274509804,51.83823529411765,26213.0,35691.1,13158.53,16.539135979595088,17.556710821702243,1.1884593356762363,0.355470066518847,77.55,0.004242641,0.004388931856180234,0.0035389726779734144,0.0006189195904880707,-0.007069045424771812,-0.03537651105473439,0.0051734567185243024,-0.07210259582692134,-0.009783625782777862,-0.00435651037531595,-8.57939260701408e-05,-0.0021039489191025523,-0.003715298284466066,0.003861325862817469,-0.0013964948492745561,-0.005572262713685633,-0.006980008970325198,-0.005971666192635894,-0.005121773121257623,-0.005275947923461591,-0.000614575467382863,-0.00891050567229589,-0.006511101691673196,-0.01365371926842878,-0.00456107745102296,-0.001138496041918801,-0.0012366963922977453,-0.003925293423235409,-0.0035148007019112494,0.0036362352066983835,0.000568788787350055,0.0004012065442899852,-0.007329963970308495,-0.019256879407912486,-0.0009412637228767076,0.00013065280392766018,-0.005335386898368593,-0.12054800019289054,0.3836070292443037
38.0,2.8,6.7,14.595,8.315000000000001,483.5,1.51,65.48,1.159547297297297,35404.0,628.0,32.7396,23.8933,28.3358,18135.0,353.61566120655215,6.272473032361166,100.12,42.91,32.89,6.89,21.692116085648387,0.4183057432432432,45.82,494396.0,16.2,34.7,49.1,52830.0,29483.6,14569.4,30.782770270270262,13.408445945945948,0.4610408828493061,0.2022597972972973,44.72,0.004242641,0.020196788408793513,0.003276653500894701,-0.002071736116583145,-0.0012129426949346993,-0.03699629472879072,-0.002598535536477962,-0.09034155604274323,-0.007580931407089035,0.003205386656336478,-0.0005517843707154186,-0.0025919518247246773,-0.006735398533443606,-0.009167417663459973,-1.716742912928268e-05,-0.007599121069846052,-0.005823341580107802,-0.00026382529487212897,-0.008271498189618186,-0.00790925483219325,-0.0008746124741931741,-0.0069332465482875695,-0.003917052443139258,-0.005774313891306522,0.00039006272641321435,-0.0009097465034574245,-0.0033614037760222905,-0.0017986776400357497,-0.005352824234093234,-0.0038367390120401996,-0.0016534696333110315,0.0019750512205064306,-0.016624700302879013,0.0014460483596970709,-0.0009117057422796931,-0.0009913429152220484,-0.004691746321817239,-0.1243996074500804,0.3836070292443037
38.0,2.8,7.6,13.955,8.295,825.5,1.9,65.48,1.159547297297297,35404.0,628.0,32.7396,23.8933,28.3358,18135.0,353.61566120655215,6.272473032361166,100.12,42.91,32.89,6.89,21.692116085648387,0.4183057432432432,45.82,494396.0,16.2,34.7,49.1,52830.0,29483.6,14569.4,30.782770270270262,13.408445945945948,0.4610408828493061,0.2022597972972973,44.72,2.0,0.017420246335677805,0.00609000597149134,-0.02681277910713106,-0.0026699902272472706,-0.031952109380314744,-0.0031167301163077354,-0.07360459137863169,-0.005694276187568899,-0.002065080907195807,-0.005659713850667078,-0.0033303810997555613,-0.009030480176831283,-0.00830557845843335,-0.002420776076614854,-0.004778978284448381,-0.00371586703074475,-0.0035732581187039613,-0.005105952350422742,-0.005077771519621215,-0.0025278377719223505,-0.00018046811843911229,-0.003548229609926545,-0.01919262393532942,-0.003086532785867653,-0.0003602347678194519,-0.0028495228756219133,-0.002064891628300147,-0.006259678838153686,-0.0018782398027057442,-0.00987830385565758,0.001259102678547305,-0.01426630252040923,-0.007392214375237628,0.001238427916541696,-0.002994013382121919,-0.016089970860630267,-0.07637824091905109,0.3836070292443037
25.0,2.6,7.4,11.635000000000002,7.975,1201.5,5.2,92.75,1.5386300675675677,45158.0,696.0,33.0483,14.6795,94.9691,6452.0,387.35632183908046,5.970149253731344,116.58,42.49,20.02,31.74,25.258358901966528,0.555059543918919,52.85,465622.0,12.3,44.1,43.6,67794.0,41956.5,22104.5,40.84636824324324,17.791976351351355,0.9989242570341496,0.2683831925675676,59.34,8.6,0.05479755881242454,0.036752779018133876,0.07581439464353025,0.007548539391718801,0.0009065038183083141,0.01137513186006496,0.017736755488440396,-0.002457101615145811,-0.00023837653299172679,-9.576072295506416e-05,7.851225944856728e-05,-0.002631607375418141,-0.003835563499790922,-0.001538776764646162,-0.0018713779871662405,-0.0010801356596251376,-0.00523220893616478,-0.005425583128817378,-0.0051312891828517145,-0.0007047018626083987,0.004781070953855914,-0.004477084872002396,0.00585380516635875,0.001364756232748431,0.00012854792177676802,-0.00020585002067188599,0.003959290928517776,-0.0015708603290841099,-0.004804389329316716,0.018871135457108428,-0.0009566536576797619,-0.00118052704259752,-0.0031328571525712687,0.0026896929896126237,-0.0012000975571572804,-0.00856718990020454,-0.1953371737804264,0.3836070292443037
25.0,2.6,4.4,13.735,8.29,1140.5,5.25,92.75,1.5386300675675677,45158.0,696.0,33.0483,14.6795,94.9691,6452.0,387.35632183908046,5.970149253731344,116.58,42.49,20.02,31.74,25.258358901966528,0.555059543918919,52.85,465622.0,12.3,44.1,43.6,67794.0,41956.5,22104.5,40.84636824324324,17.791976351351355,0.9989242570341496,0.2683831925675676,59.34,0.004242641,0.04702825063684335,0.02277370132040232,-0.022270594229921708,-0.0030496869857112585,-0.03323045317704479,-0.004330656874614455,0.04209054886673888,-0.004330745112771796,-0.0019338166310141492,-0.002210863654812182,-0.0029478237622727866,-0.006472152350470428,-0.0006614025899519584,-0.004506306330052527,-0.001909945430234064,-0.0026635614223778285,-0.0008871461792538572,-0.0022054032422602226,-0.007824567838882399,0.0030166215697924287,-0.0020804008996735037,-0.006237985813058916,-0.0012916420958936174,-0.0019665628454337528,0.00034794987489779734,0.00030349907154837995,-0.001376024003451064,0.0003625905979424704,-0.002171358653965092,0.002319976938888442,-0.0017663079313933756,-0.012291211482758317,0.0024825076262156177,-0.0011867574943850306,-0.0026777669725318726,-0.005482903902108462,-0.32080352591971556,0.3836070292443037
17.0,3.9,7.0,11.115,8.27,1203.5,8.735,142.4267,0.98,46210.0,1116.0,70.9324,18.6665,46.0431,7546.0,207.0155004031897,4.999552011468507,223.22,96.741,33.206,13.388,36.02947095994996,1.9691703020360272,44.56,503654.0,12.3,40.9,46.8,38937.0,39286.0,17168.0,21.03691766650654,16.933855628952,0.4061223048327138,0.5549318265569341,136.9,11.4,0.2997272094432264,0.7210663058143109,0.2948988985596224,0.032502570405292024,-0.025112231411039864,0.0446656911013027,0.16068867565443115,0.09196593138699732,0.025441779655714838,0.03761881298385559,0.0795944715694835,0.12509694605444868,0.08176666494458916,-0.02907507981484135,0.012449889636288064,0.15996776713368796,0.033637412494669366,0.07336771134287119,0.1880657986582567,0.06950971075954537,-0.03041795443743466,-0.01786867456200221,0.18312149073307712,0.0014577994650850912,-0.0002715417494376417,0.004141393496344482,0.0016172197492172354,-0.002324174069799456,0.006174252123261494,0.0005285062780603691,0.002495391269524904,0.027567989630624633,0.008218899654845381,0.0012433475442230706,0.03014662848785522,0.09577447928798692,-0.0318886625766754,0.3836070292443037
18.0,18.6,19.7,12.53,8.29,1063.0,2.45,102.81,1.7645,47925.0,843.0,43.5255,20.1416,83.8778,77459.0,294.8686396357596,5.186734756660309,162.53,65.61,36.45,18.38,34.437046921982514,1.6325084864460302,44.34,791032.0,14.2,49.0,36.8,60352.0,33354.0,19580.0,15.09150601532647,12.226414519989854,1.982933986704912,0.251596591393268,73.72,22.2,-0.0007018464648475119,-0.08844910708876948,-0.02981994236198565,0.00040743757349749263,-0.021527150056014455,-0.025589164293681577,-0.20328723926407596,-0.006332284820576506,-0.0012166631175205076,-0.0005575520762552769,0.0007238976595302446,-0.007440486255412299,-0.005365601498633621,0.00443737259445091,0.0028717912857731133,0.0008647421685357882,-0.0031435489064703397,-0.005621623561407134,-0.005787400094171371,0.002077559763565669,-0.0005476627405732829,0.006315147617521391,-0.014432929009199147,-0.0016821811612074522,-0.0028671633948882448,-0.0012359701205665833,0.0032014089512328275,0.00012402873175838824,-0.001955470268925031,0.0009227741075058775,-0.00039456873356053895,-0.004835178800858558,-0.005593710045019779,-0.0015059644728899011,-0.00044531138613820506,-0.003451774946103497,0.08079286725260318,0.3836070292443037
13.0,20.0,17.5,16.494999999999997,8.594999999999999,904.0,1.74,46.39,1.9696,37903.0,493.0,18.997,12.4084,46.2737,14888.0,438.5652299681805,5.704367949088805,86.425,31.048,20.027,9.119,23.6873667742644,0.5198347645921357,40.86,412043.0,11.40105756416319,43.837324276686296,44.76161815915051,46146.0,36086.43,16572.17,12.426995927713286,10.42342201495799,1.8765437977532649,0.2308378149566619,50.36,0.004242641,-0.058558128857985135,-0.05721490089781583,-0.011160638978083934,-0.0014904925863568977,-0.02759441370765368,-0.0026931112927074253,-0.046090032191326215,-0.0012800500743711963,-0.003395188385620716,-0.0004647540270040357,-0.001722759148105979,-0.010366040210550027,-0.004263908853754401,0.00046414828548828856,-0.010109204215308023,-0.0013884344246859338,-0.0017228484805673356,-0.004011925364223624,-0.006075538261793554,-0.0034491448554520797,-0.002083906711389622,-0.0014504982841511583,-0.0011691763857379558,-0.0039773957943543764,-0.0028181910701096055,-0.000228800699114802,-0.0002965684079875546,-0.0038003445183858293,0.0016281317748750225,0.0002453999469677626,0.0004931633050243087,-0.005971156448746716,-0.006145841001222532,-0.0015162074224402504,-0.0018457234495629822,-0.009448264320380985,-0.05006952978670598,0.3836070292443037
15.0,19.5,14.3,12.83,8.605,634.0,1.75,156.26,3.7,71109.0,604.0,25.5392,19.687,31.444,45417.0,639.9701205079514,5.435907589570977,111.113,48.363,43.95,6.87,30.453854606755456,0.8473062281162614,50.12,299186.0,8.188156481532047,41.53969380882165,50.2721497096463,56528.0,34807.04,22100.67,29.449202691670408,16.989687864542002,4.19935794066213,0.4460450312437009,97.31,0.004242641,-0.04414070471345136,-0.08961599333832661,-0.012256261054426431,-0.0027330137742683264,-0.01567933855267862,-0.0018083364764849331,-0.02909694429642211,-0.0147317632039388,-0.007905333585416277,-0.002267630398273462,-0.0023884996958076963,-0.00463612381834537,-0.0027400408188502,0.0008137593884021063,-0.0018949967219183874,-0.002366421027109021,-0.0078024903498589955,-0.004442194529498618,-0.007157924684385455,-0.003146219914779069,-0.001004183186839025,-0.0015221404035886087,-0.0021418416903664695,-0.0032512014855941088,-0.005602042901640138,-0.0002544101482878155,0.0007636241273333635,-0.009646067225063835,-0.0012246963630119928,-0.0018944419516871396,-0.0009414275518308084,-0.007801802267010014,-0.023176410291343916,0.0012798184528946884,0.008417938879380624,0.004100113731498513,-0.04117731917649508,0.3836070292443037
2.0,19.6,15.5,10.11,8.055,470.5,1.58,49.1485,0.47,15878.0,356.18,8.5477,7.134794327171835,4.120444715233774,11534.0,282.58702925891646,6.339075959279561,56.188,19.8872,18.41727,0.953,16.5223150965168,0.404246719542003,47.87,256107.0,6.0117218158366414,18.17413190276764,75.81414628139571,45012.0,32296.0,14288.0,6.990829016588316,9.211165561563142,1.5733199943233478,0.2193897616698903,43.22460681495,0.004242641,-0.07568627868313342,-0.05012352462702741,-0.014080068543553351,-0.002280061867398523,-0.03519173173389087,-0.002867876567567387,-0.05227337939043839,-0.002103410844380652,0.00036897853637735123,-0.0027045842042813725,-0.007439853148534889,0.0010362034197896736,-0.00589659146343668,-0.00432092204069098,-0.007329757823608817,-0.002336278383930527,-0.0050478494415680565,0.0004603347523758847,-0.0032972240572174422,-0.0005542349241053034,-0.0033013841711605576,0.0038211522437632084,-0.015808065117647253,-0.0034166995156556367,-0.00019483252118031603,-0.0021864214399829485,-0.005360923723007241,-0.004462212727715572,0.0003499484124283008,-0.0018649368019153685,0.001364108572403588,2.8072989856206775e-05,0.0012257482049365862,-0.0019115546749283886,0.0002553421972940357,-0.005094152096038061,-0.033356985248004394,0.3836070292443037
7.0,19.3,14.7,10.465,8.129999999999999,374.0,2.67,41.8,0.9984,37631.0,382.0,12.2266,9.8512,26.4183,120170.0,481.9852705731668,4.89273134806276,78.075,30.563,28.728,4.991,21.398798506227283,0.8755846807233554,35.03,369846.0,16.504901960784316,31.65686274509804,51.83823529411765,26213.0,35691.1,13158.53,16.539135979595088,17.556710821702243,1.1884593356762363,0.355470066518847,77.55,0.004242641,-0.05871005868539214,-0.0665597146221747,-0.010539359003305437,-0.0016873924713581752,-0.03260709922295064,-0.0037602670444175524,-0.0666231791395694,-0.007932043966526785,-0.004129750393331052,-0.004137268718332053,-0.002046936618474628,-0.00088998754819234,-0.0015258640345806862,0.00018173498101532447,0.0005596735297391797,-0.0030566496308892972,-0.0022130104123304294,-0.003582058482182517,-0.005740135485927263,-0.00685311744610468,-0.004166664546355608,-0.00023757587807874195,-0.0004883887929220988,-0.004009560458362096,0.00149570458413412,-0.0037915370318417733,-0.004687476782128217,-0.00013904126981893923,0.001950311856344343,-0.00033125681957850715,-0.0005158069760849097,-0.0050876023077095585,-0.004078344668572146,-0.002678171011308825,-8.175940563281275e-05,-6.34782140453641e-05,-0.032698439988307654,0.3836070292443037
4.0,19.0,15.1,14.72,8.325,554.5,1.54,65.48,1.159547297297297,35404.0,628.0,32.7396,23.8933,28.3358,18135.0,353.61566120655215,6.272473032361166,100.12,42.91,32.89,6.89,21.692116085648387,0.4183057432432432,45.82,494396.0,16.2,34.7,49.1,52830.0,29483.6,14569.4,30.782770270270262,13.408445945945948,0.4610408828493061,0.2022597972972973,44.72,0.004242641,-0.057181062391027805,-0.03911801666642229,-0.017441329965367913,-0.003166051308313999,-0.03286581597601374,-0.0018840272755672519,-0.057603949587792164,-0.0031700844721247717,-0.004374057208187878,-0.004297341558461387,-0.0030478473721692926,-0.013966857770768304,-0.0077204425415645,-0.002221842238989975,-0.0019716027999917667,-0.001533566114182279,-0.00708949865307659,-0.005034845111270741,-0.0077787009316186186,-0.0027508613591392824,-0.0056571500872572246,0.0023577366458872938,-0.009387104137179747,-0.0014997663379957289,0.00021801844860116644,-0.0013379722492148423,-0.0003492073093851403,-0.0027176064532250127,-0.0002507326441506536,-0.00817740552748243,-0.0009125970676541311,-0.008848606149355565,0.003029667413793501,0.0005997257431348222,-0.002297228559230771,-0.00857248593742648,-0.023310477739820878,0.3836070292443037
4.0,19.0,14.5,10.57,8.23,913.5,3.15,65.48,1.159547297297297,35404.0,628.0,32.7396,23.8933,28.3358,18135.0,353.61566120655215,6.272473032361166,100.12,42.91,32.89,6.89,21.692116085648387,0.4183057432432432,45.82,494396.0,16.2,34.7,49.1,52830.0,29483.6,14569.4,30.782770270270262,13.408445945945948,0.4610408828493061,0.2022597972972973,44.72,5.0,-0.08595138823303083,-0.05828673829169322,-0.0075945374307533125,-0.001971711032092567,-0.03330268052561829,-0.00254128679788361,-0.026057122206936276,-0.00833268639631569,-0.006968395104631774,-0.0006699804092446989,-0.0014350758586078906,-0.005394245297648012,-0.007394028098012006,-0.006057288050651549,-0.0026262261687467515,-0.0024743295026322196,-0.0009853614494204517,-0.0018216808047145615,-0.00038567453933258805,-0.003223528414964674,-0.0016766341030597677,-0.004640949259822559,-0.012637553494423635,-0.0012685094866901649,-0.00018252597190439716,-0.0002655332162976246,-0.004960121118153135,-0.003599182699496543,-0.00031227746047079427,-2.3729105790455788e-05,6.993865904708745e-05,-0.0005931180358553905,-0.003430184959433971,0.0003124920092523054,-0.00048660152902205964,-0.0034153980327149207,-0.040724222846329226,0.3836070292443037
4.0,18.0,17.9,9.715,8.07,1461.0,2.24,92.75,1.5386300675675677,45158.0,696.0,33.0483,14.6795,94.9691,6452.0,387.35632183908046,5.970149253731344,116.58,42.49,20.02,31.74,25.258358901966528,0.555059543918919,52.85,465622.0,12.3,44.1,43.6,67794.0,41956.5,22104.5,40.84636824324324,17.791976351351355,0.9989242570341496,0.2683831925675676,59.34,0.004242641,-0.07197287916826706,-0.03328215707403918,-0.011214569918811321,-0.0005908174673095364,-0.032044945450810096,-0.0019940717363109233,-0.06692082593527933,-0.004522782441539074,-0.003552662253690258,-0.0019015213629851712,3.562059874335881e-05,0.00021294542588293683,-0.008672901978716252,-0.0014821995018670937,-0.011720300201947484,-0.004948953328033293,-0.0007397273788228628,-0.004405523994937538,-0.003065557191148398,-0.0007639345557739358,0.0004711004005124216,2.5256092970568866e-05,-0.0035844760946929454,-0.001188052737464507,-0.00028152608312666423,-0.00036134050848583263,-0.0011119784445812297,-0.0005094583767155757,-0.0025570348557084747,-0.0006009993515908706,-0.001462951369273164,-0.004669190772498644,-0.014752471571167306,-0.002164111897970238,-0.0002601785523196048,-0.00478611999812226,-0.0397909276249508,0.3836070292443037
4.0,18.0,18.5,9.855,8.135,1184.0,2.99,92.75,1.5386300675675677,45158.0,696.0,33.0483,14.6795,94.9691,6452.0,387.35632183908046,5.970149253731344,116.58,42.49,20.02,31.74,25.258358901966528,0.555059543918919,52.85,465622.0,12.3,44.1,43.6,67794.0,41956.5,22104.5,40.84636824324324,17.791976351351355,0.9989242570341496,0.2683831925675676,59.34,9.8,-0.07443836022789278,-0.08009988966397942,-0.01939226344538232,-0.001604709119225542,-0.02669271764345467,-0.0037934054868916677,-0.02734608292890092,-0.00558584252061943,-0.0009705913563569391,-0.0002881416336943711,-0.0009580769793440877,-0.0032552866109957297,-0.0050171023452033605,-0.00116000440592567,-0.0031543034439285625,-0.004354980730762085,-0.004047265164554114,-0.0050337407737970335,-0.0022004704363644124,-4.838524541507227e-05,0.004037704191481073,-0.0015973621451606326,-0.0017743760254234076,-0.0029672912166764345,0.0014212706778198528,-0.000901242733622592,-0.0005703767963374627,-0.0027628372811401886,-0.0036120181903243087,-0.0012299533700570412,-0.000304672466591002,-0.00937286754759649,-0.013777095276551942,-0.0016815976829578454,-0.0003318534636249145,-0.0015239280027647833,-0.03456621586189916,0.3836070292443037
16.0,19.0,18.6,9.615,7.95,1228.5,3.71,142.4267,0.98,46210.0,1116.0,70.9324,18.6665,46.0431,7546.0,207.0155004031897,4.999552011468507,223.22,96.741,33.206,13.388,36.02947095994996,1.9691703020360272,44.56,503654.0,12.3,40.9,46.8,38937.0,39286.0,17168.0,21.03691766650654,16.933855628952,0.4061223048327138,0.5549318265569341,136.9,17.4,-0.04824143606548508,-0.09023161620522539,-0.012489845985546708,-0.003096155946453417,-0.028313548561806484,-0.0018971683705846533,-0.06365984014545877,-0.004106720962251227,-0.005183290764689442,-0.0005682455437878778,0.0005381529560933509,0.00025611258422334897,-0.0009322439708436542,-0.004611413097009053,-0.00816407377521197,0.004222868895158172,0.0015951012074947365,0.003249428309500217,-0.005135477827861906,-0.009033844582736488,-0.002428208611284696,-0.0034055685531347983,0.0052555969264358295,-0.0011184427514672208,-0.0012571960610027147,-0.0023470341134816425,-0.0010354223754257014,0.00039254924903313744,0.002304471954703336,-0.00023601734700302453,1.736985829969608e-05,-0.0012767730994770958,-0.008817678835863865,-0.00043713661221166447,-0.0016578223199273199,0.005259256345840797,-0.05320595840923489,0.3836070292443037
