pH,TN,TOC,Temp,Rain,EVI,FCOVER,LAI,LST,NDVI,CC,BD,GPAM,WS,FER,PES,MO,CO,VE,FR,FERA,PESA,TSA,WA,CA,VEGA,IRR_W,AGR_W,UR,GAO,PR,SR,TR,GDP,UI,RI,UR_W,RU_W,IND_W,LIF_W,POP_TOT,IMI,pH_shap,TN_shap,TOC_shap,Temp_shap,Rain_shap,EVI_shap,FCOVER_shap,LAI_shap,LST_shap,NDVI_shap,CC_shap,BD_shap,GPAM_shap,WS_shap,FER_shap,PES_shap,MO_shap,CO_shap,VE_shap,FR_shap,FERA_shap,PESA_shap,TSA_shap,WA_shap,CA_shap,VEGA_shap,IRR_W_shap,AGR_W_shap,UR_shap,GAO_shap,PR_shap,SR_shap,TR_shap,GDP_shap,UI_shap,RI_shap,UR_W_shap,RU_W_shap,IND_W_shap,LIF_W_shap,POP_TOT_shap,IMI_shap,base_value
6.59,0.2220461019333,2.274343786502,27.9,436.4,0.4671959280967712,0.1034901142120361,1.700000047683716,32.81999969482422,0.1327920854091644,260.926025390625,103.5349197387695,102.75,4.78,82098.0,1049.0,61.06,47.59,26.67,1144.0,402.7768238237748,5.1464455673845855,203.83,80.46,75.07,26.67,13.502993313811004,1.3571426592267275,41.38,826658.0,19.61414974691788,40.554352669645,39.83149758343712,37647.0,31064.0,14954.0,10.01000072751194,7.077667062460118,7.077667062460118,0.8315029869915178,92.59,22.630000000000003,0.19083769657462832,-0.10030051383725365,-0.2532007354809903,0.10045921397383795,-0.10982043746486303,-0.14621551750414072,-0.15259830803307706,-0.07146687622601162,-0.21671039911755358,0.018960889838635975,-0.011090099836234102,-0.2815539496326819,0.0019678418280092646,0.05716458625951788,-0.007675873350002771,0.006833326507592541,0.021915150636923553,-0.019393320176517605,0.02172471043490809,0.008671769950771634,0.0061126666386844605,-0.020857681600027766,0.016691559370839926,0.00791007557976986,-0.027172766102477985,0.02010670400050003,0.003925049979705331,-0.009130442771129354,-0.040273232298204634,0.13055370012391365,-0.18316032335150517,0.06408065022039233,0.0568647922802483,-0.021031108363415107,0.2242927879253403,-0.07534468383435156,-0.11153147876169527,0.05918255366012444,0.040195652217371335,0.15960669595957727,0.021696965416427738,0.7583155034115772,2.102480911388993
6.565,0.06248309925259,0.8169352225608,25.8,149.9,0.2579099237918854,0.2387939095497131,0.699999988079071,35.20999908447266,0.2410351186990738,55.81299209594727,28.23225402832031,156.26,3.7,71109.0,604.0,25.5392,19.687,6.87,4046.0666666666666,639.9701205079514,5.435907589570977,111.113,48.363,43.95,6.87,30.453854606755456,0.8473062281162614,50.12,299186.0,8.188156481532047,41.53969380882165,50.2721497096463,56528.0,34807.04,22100.67,29.449202691670408,16.989687864542002,16.989687864542002,4.19935794066213,97.31,0.48,0.1870395007715561,-0.17165871683915618,0.19873976124031467,0.050784136797185055,0.02254300267784857,0.01854549538262655,-0.011827439316315585,0.009912604885175858,-0.12799078777572143,-0.003154519248055286,0.020067274574656034,-0.12763360102660953,0.049262854569125894,0.09407655413122848,0.014319122162181888,0.025865145381772946,-0.011508716601762056,0.009482597108813945,0.004783722665626526,0.016123903228668524,-0.06675629629404285,-0.0018614727469393993,0.0020362657960504363,0.0037268477566540295,0.020171069981181067,0.04445875106879978,-0.031285923433257215,0.006920421169372357,-0.005818420464755033,-0.07109023852099196,0.04649276621325408,0.006243486543768095,0.04133453963696956,0.003464237402542493,-0.04504627659416295,0.015624666707590227,0.08496874834049958,-0.009460678830742864,-0.04151460782822685,-0.2713991352164885,0.008066250702715458,-1.4598184040330815,2.102480911388993
6.245,0.1588374700712,1.276391951719,28.1,472.3,0.315296471118927,0.3112873136997223,2.599999904632568,31.51000022888184,0.2990298569202423,255.4457244873047,128.9045104980469,47.0,1.3107136824324324,36372.0,288.0,18.2749,8.0877,7.75,507.0,653.2327586206897,5.172413793103448,55.68,23.55,11.03,7.75,12.063693803924313,0.472838893581081,63.26,168105.0,10.1,30.6,59.3,59606.0,41956.5,25127.5,34.79581925675675,15.15646114864865,15.15646114864865,0.5191153820594531,50.55,24.98,0.05628096174285744,0.06328341326618112,0.0827110649689566,0.15935077447036736,-0.06408973238547333,0.07624009701539758,-0.0984300912021427,-0.03302437210129585,0.09545264352846423,-0.0072452317043207645,-0.017963040082598948,-0.08147125560312996,-0.08960075365484217,-0.04172893454541915,-0.017480283819604602,-0.08308858952461737,-0.024172736427513875,-0.02330902213091035,-0.03458940851571972,0.005149013248155887,0.03067597387789287,-0.0617161826292286,-0.04273364978353493,-0.0983306167869596,-0.036461430808762144,-0.018218217985704464,-0.025907116769463712,-0.01728300704108556,0.0756546169045614,-0.15618154515081556,0.06008407358790291,-0.05305184910714154,-0.0008748114556073938,-0.0076066454014508626,-0.16807569487951693,0.1044174193424406,0.3338227569597074,-0.02952968055696694,-0.04320402528578413,0.1332929129132536,-0.09773239678062973,0.8166765950177798,2.102480911388993
6.404999999999999,0.1673749854038,1.586555336748,27.9,436.4,0.3305558562278748,0.1889648139476776,2.200000047683716,32.59000015258789,0.2011718451976776,190.2931976318359,129.0,102.75,4.78,82098.0,1049.0,61.06,47.59,26.67,1144.0,402.7768238237748,5.1464455673845855,203.83,80.46,75.07,26.67,13.502993313811004,1.3571426592267275,41.38,826658.0,19.61414974691788,40.554352669645,39.83149758343712,37647.0,31064.0,14954.0,10.01000072751194,7.077667062460118,7.077667062460118,0.8315029869915178,92.59,26.52,0.21097083994525007,-0.029637172207236252,-0.08493957512540522,0.15823614196630653,-0.12251570513751349,0.1216360903623281,-0.15728439315326975,-0.053646486794575975,0.12370892270572945,-0.0071216847263276374,-0.11622341848653735,0.11239809404744308,0.004598406012519307,0.07710169633291661,-0.011035974609199917,0.01087318350252453,0.03937813057552557,0.015332008812576504,0.0036115392451174567,0.01484999172901733,0.01619023500441108,-0.018635561058879823,0.01835596206411716,0.02125561228510935,-0.049365841651801134,0.015796241252217503,0.01462893837934831,0.02659376737289123,-0.06845225671364444,0.1218912749290468,-0.07055137165868657,0.043560178754851145,0.003667021344881527,-0.016237949588103186,0.06010817659180625,-0.07367102700704715,-0.09149938109517101,0.05148945772426676,0.05317832514946339,0.1692156775892945,0.05929915269522461,1.348658681754372,2.102480911388993
6.619999999999999,0.2002033955486,2.107310365125,28.0,453.1,0.4859171807765961,0.4767714738845825,1.399999976158142,34.45000076293945,0.4314171671867371,294.759033203125,128.2308044433594,121.17,1.24,111887.0,1972.8,69.36,49.35,35.98,2447.2,484.1916219491085,8.537303098494027,231.08,91.11,77.42,35.98,15.308206323678789,1.4921568515595265,37.51,1010017.0,18.514367546917764,44.48838459533429,36.99724785774794,40876.0,30965.0,14316.0,9.36200276864403,7.781782798224389,7.781782798224389,1.0236131895309892,95.51,2.63,0.20877383281535006,-0.0004611045185010765,-0.16488958283327526,0.06464421269949525,-0.060637019379064426,-0.10079380148777273,-0.1279982661266113,0.0508600126601523,-0.15590196896879938,-0.0027112666713073443,0.0472068421361036,-0.12965528201614507,0.01275040925689972,-0.03936508433078421,-0.017181276544230073,0.031154478127835318,0.005033041413873463,-0.017371639316901555,0.052732962571550156,-0.0125700596632087,-0.020161909959162626,-0.0004325420941458491,0.01007267033588144,0.004170425287215051,-0.013327341964643002,0.023360488460632056,0.003674783488735578,-0.004505236066877827,-0.060281116565805815,0.08651976719568484,-0.08602218750352038,0.042391897062421816,0.040080557271256124,-0.016658677614759608,0.05869678870518693,-0.0435733143679099,-0.08666624157072507,0.052571452083066086,0.0072597685728687635,0.10485491180419923,0.0436683277240955,-0.16293062062759417,2.102480911388993
7.0,0.1451085078067,1.316145153978,27.7,447.3,0.4844832122325897,0.2686246037483215,3.0,31.1299991607666,0.2648997008800507,294.9383544921875,129.0,107.39,3.73,96920.32,2066.12,58.97,40.44,27.91,610.38,465.7391638635272,9.928495915425277,208.1,77.67,61.57,27.91,13.785865223981112,1.7056792964710272,34.96,786132.0,20.47490893033877,43.41481379464505,36.11027727501618,31295.0,29723.0,15547.0,9.581485948260582,8.895328795155292,8.895328795155292,0.8326497317534427,104.89,4.88,0.025114942671731044,0.13569023815728723,0.13181998421694155,0.13174382532201706,-0.02890647019736925,-0.07420713127625636,-0.12431879638030656,-0.03301988829905171,0.09288157918700016,-0.0061113084340468134,0.03030082130641676,0.17092018992302477,0.03802559899515463,0.029138071874505966,0.005074368261033624,0.034519586873007935,0.04023714531899893,-0.013907433929969537,0.009628683575661868,0.02479089414724156,0.017675022008363107,0.05437330534309141,0.021381717259297182,0.025898885794915238,-0.00926020092563704,0.01754798856668638,0.024177938228123818,-0.01267250473308379,-0.07087312632007518,0.030647109396755724,-0.04090601366583715,0.06173873439116875,0.09401636592112476,-0.043593980255536666,0.0509762273802189,-0.034263293829746556,-0.07374164415616542,0.04106105340516657,0.018696812971495013,0.17801067115576014,0.061603187603293974,0.29478077869769187,2.102480911388993
7.1850000000000005,0.05666443727865,0.5661172965498,26.7,136.1,0.5981320142745972,0.1207273975014687,1.100000023841858,29.19000053405762,0.1465819180011749,233.8560638427734,119.8350448608398,49.1485,0.47,15878.0,356.18,8.5477,7.134794327171835,0.953,926.17,282.58702925891646,6.339075959279561,56.188,19.8872,18.41727,0.953,16.5223150965168,0.404246719542003,47.87,256107.0,6.0117218158366414,18.174131902767638,75.81414628139571,45012.0,32296.0,14288.0,6.990829016588316,9.211165561563142,9.211165561563142,1.5733199943233478,43.22460681495,0.2299999999999999,-0.232741421725048,-0.2026004736510804,0.11766469529119786,0.04036565602221524,0.01131790477962931,-0.132349078721134,-0.008516480949183424,0.008509443871298528,0.01933833069732651,0.014083306147949759,0.008835220808628957,-0.09318455699604239,-0.043081974714295944,-0.060019140545162344,-0.011586439957143719,-0.016730215328803755,-0.03273111591773341,-0.0040304925199597785,-0.025838169638765986,0.0027704162782756837,0.010465812253998577,-0.001063976784178523,-0.015165769382263517,-0.021188665947818604,-0.017832855877524686,-0.020800575579633017,-0.007318962495803163,-0.004496845489600687,-0.003113765676360344,-0.0697087106463732,-0.005876975397841299,-0.04676116068015108,-0.057399717050342594,-0.0046386219544801675,-0.04666684408884612,-0.026044648549228427,-0.09164828201758793,0.0022115232310897784,0.00952673504635462,-0.03514421837913688,-0.034217761567211714,-0.973238698250032,2.102480911388993
6.960000000000001,0.1210049522633,1.606840166926,25.7,191.4,0.4354498386383057,0.3447339236736298,1.700000047683716,33.04000091552734,0.3257871270179749,241.7138519287109,128.9469604492188,69.4828,1.3569,21994.0,591.6353864032538,9.1363,9.5518,2.36,1603.85,381.11245884595394,10.251869457689375,57.71,25.24,23.82,2.36,23.245438704361963,0.4724934230642314,61.4,189959.29356481816,5.960707881876988,46.25281304491967,47.78647907320334,66835.0,38481.79,24326.61,8.747788017238738,6.746846249557248,6.746846249557248,4.849428335338578,73.3,0.001414214,-0.05735528636653905,0.001173823336546764,-0.037669293218641535,0.04878372287406819,0.007622146715410042,0.0004679454296128752,-0.04858528693811966,-0.02104747268970821,-0.03778299318189969,-0.0026590755991637758,-0.020735823723312934,-0.06175252118287605,-0.0075412519811652685,-0.023581872917537095,0.0082976824004436,-0.005493691550567741,-0.029792931555304665,-0.0026786411191569706,-0.04251323409378524,-0.008436085571418549,-0.009492180596687829,0.035341958557255596,-0.01988463247002805,-0.0033771377537632403,0.00950144984864165,-0.04207835894683374,-0.006508756291936144,-0.01782133150415032,0.03798495603492485,-0.0716582860848866,0.023481143061886554,-0.0038253386339638083,0.011148252153070668,-0.002677762216888373,-0.07105353573174217,0.021291838630742903,-0.07042690305470026,-0.00996567333489657,0.022069549899199015,-0.35836493540805536,0.00778839796804826,-1.2413195741554373,2.102480911388993
6.675,0.0339474408782,0.3884056913313,27.4,361.9,0.3381420075893402,0.3199940025806427,1.299999952316284,34.56000137329102,0.3059951961040497,242.6983489990234,130.4543762207031,63.2664,0.9452,27886.0,444.3569145845439,12.4604,9.594,4.24,5126.7,578.0679933665008,9.211378826379432,48.24,20.1,16.14,4.24,19.43094720323031,0.6227563491270615,69.0,193368.9479159194,3.5451066319090208,42.50639508474981,53.94849828334116,69659.0,40079.96,28518.51,16.15424853850087,8.892486399593126,8.892486399593126,7.63752247452101,120.4,2.59,0.5723364628521957,-0.5239619298434699,0.48146497150743384,0.3063484409563244,0.19398941262718283,0.11414680557494286,-0.000779563332209321,0.05909511339105664,0.04486919009732075,-0.007039188469760172,0.006024874063208774,0.1435201488044113,-0.00684930684603755,-0.05748191057750955,0.006866814401757448,-0.04698287609464027,-0.045510440609359715,6.693613901735951e-05,0.021358141074189894,-0.022123942203295832,0.07878911693522239,0.1620941851121606,-0.011703257710439985,-0.06618498128873763,0.0019970027545932025,-0.022964980984805216,0.01096144872077276,0.029362174704379962,0.05762490068376065,0.1479923996297876,-0.0728786636400037,0.020736671534250472,0.029455421557300743,0.06147501763905163,0.0828202728086617,-0.055220442299789264,0.0017628236223245608,0.018737664142623546,0.024916800444014387,0.05612309565395122,0.04629518803488471,0.11898215382650963,2.102480911388993
7.24,0.07033861606964,0.7803418654608,27.3,430.2,0.6268255710601807,0.7635214924812317,2.799999952316284,31.32999992370605,0.6608172059059143,289.1892700195313,131.0277252197266,102.81,1.7645,47925.0,843.0,43.5255,20.1416,18.38,35348.0,294.8686396357596,5.186734756660309,162.53,65.61,36.45,18.38,34.437046921982514,1.6325084864460302,44.34,791032.0,14.2,49.0,36.8,60352.0,33354.0,19580.0,15.09150601532647,12.226414519989854,12.226414519989854,1.982933986704912,73.72,2.31,-0.7481541243453976,0.006405242979526582,0.35273649454454425,0.10904796513868498,0.09566932486422593,-0.16793717436934827,0.057114173198700866,0.07974715525226202,0.07814764357142853,-0.003190873792103943,0.030968949146976232,0.11099796783120838,0.009972963951295277,-0.026779166401014565,-0.005011801303946406,0.001500667027605207,0.0030390206995071,-0.00420985880400977,0.007474950952804593,0.133050302602991,0.018622635122155784,-0.030838062742259375,0.012881129808723912,0.01417061318864581,-0.008013952172361338,0.010067396088445157,-0.0343233429432148,-0.026592332667671227,0.009320558601524698,0.13871825265197552,0.031298525919090034,0.10770560738065979,0.04088303079112663,0.014380782871623476,0.04607495271298103,0.006761343593825564,0.017666104808915416,-3.168799378903131e-05,-0.0013855494851013229,0.025765081707679195,0.004111584071099017,-0.03129911368570178,2.102480911388993
6.665,0.05964233918332,0.8830219718617,28.1,406.5,0.4921537339687347,0.4416697323322296,1.600000023841858,30.82999992370605,0.4033357799053192,203.751953125,130.9732818603516,2.90776,0.115,1588.0,7.908338175479372,0.089,0.2026,3.98,913.13,329.46058091286307,1.640734061302774,4.82,0.14,0.34,3.98,1.9414835306710216,0.2504382101047163,73.3,43717.2909103953,2.133822472423064,34.05945495650095,63.80672257107598,57754.0,39953.37,32733.15,7.989646389078048,3.576066916726457,3.576066916726457,2.2858259152713347,56.1,0.001414214,0.09425144141510829,-0.2944763799277716,0.11440086157596671,0.055689364368794535,0.010601028857694468,-0.033485311535012434,-0.05372869607305615,0.004186942071071833,0.020855008521699324,-0.0023052068910328423,-0.03329892758477944,-0.04211166645056799,-0.06533502293302444,-0.03470176843827357,-0.06192546786402816,-0.03149188639409842,-0.022732751609408273,-0.04754357056244043,-0.025276201626053096,0.0052904692285228455,-0.01607033153250811,-0.03428285905567465,-0.04402931563998575,-0.023493807050632327,-0.04275820075004595,-0.016780638262105622,-0.0028131523235933984,-0.014951603090157736,0.011243343999143684,-0.09960405553615416,-0.023302137839375084,-0.005650765379425141,-0.023529692840995244,0.003625814238388552,0.016495008718688052,0.0072154008126817494,-0.054346173538535346,0.005791785376612089,0.00989033721003216,0.0038330252744490393,-0.008798757736396476,-1.3051420382187937,2.102480911388993
6.535,0.1020147377599,1.311680485782,28.1,406.5,0.495362788438797,0.5626463294029236,1.5,34.83000183105469,0.5001170635223389,126.0672454833984,85.59015655517578,2.90776,0.115,1588.0,7.908338175479372,0.089,0.2026,3.98,913.13,329.46058091286307,1.640734061302774,4.82,0.14,0.34,3.98,1.9414835306710216,0.2504382101047163,73.3,43717.2909103953,2.133822472423064,34.05945495650095,63.80672257107598,57754.0,39953.37,32733.15,7.989646389078048,3.576066916726457,3.576066916726457,2.2858259152713347,56.1,1.7899999999999998,0.15238618061080342,-0.34560002585145405,0.07293827928439713,0.12790181774599474,0.03370425838779194,-0.048032753114355675,-0.03546229286445298,0.023064766856492468,-0.029315993964555608,-0.0038265428335871655,0.07482715846865906,-0.0847992073430214,-0.07671733777679038,-0.05528072506166063,-0.03830327431473411,-0.06077899743046146,-0.049574016112252095,-0.024853530447813733,-0.04377390130120327,0.008744418410002263,-0.05818842698202936,-0.059663497932429865,-0.040725724107818675,-0.05573921853490178,-0.05405134432704648,-0.01098974249465392,-0.04579766733024737,-0.018624735156423433,0.096022890326567,-0.21277330390305718,0.02728736893832686,0.0037287622974835678,-0.06456561080151,0.01341995820379821,-0.09202469637332253,0.16482483921910168,-0.12616688397515102,0.07564361393300348,0.05859184404753613,-0.0549754079103004,0.037877923810854516,-0.27399838067858956,2.102480911388993
6.715,0.07368863019858,0.9141029775597,28.1,406.5,0.3405666947364807,0.472159206867218,1.399999976158142,32.7599983215332,0.4277273416519165,185.4667510986328,133.9436645507813,1.2429,0.0576,178.0,2.865339918651946,0.0803,0.0452,0.01,4.47,635.7142857142857,10.233356852328376,0.28,0.14,0.08,0.0,0.1127832756406402,0.0717922868966855,97.4,2310.438051510152,0.0183640280367156,11.209851980137037,88.77178399182625,126700.0,55075.29,33831.22,30.733895233898767,1.0251391827949203,1.0251391827949203,4.746573554900874,162.4,0.39,0.1274861280125915,-0.11567104502225992,0.17889965730160476,0.08796669226791705,0.01604437069280538,0.06207277048402471,-0.07107379202591255,0.04148186294327017,-0.021092850737739362,-0.0029071079636923784,-0.014793137384345772,0.10027606548229229,-0.09658444586268165,-0.06371606142737432,-0.0033617735620354874,-0.0402703698427649,-0.03440550531249028,-0.03952406592387703,-0.02692995655140838,0.010133044840185925,-0.02913009088463147,0.04417605736863335,-0.04292146776919249,-0.061693412434659,-0.06319044778298119,0.006133836816530644,0.012212323999265164,0.005588191276416199,0.058873241434223046,-0.0478749375506304,-0.044408738970174444,-0.00888964182673954,-0.08956273059709928,0.04591116621438411,-0.007243095260928356,0.029266786421299935,0.07146001814317424,0.010917051738942977,0.048515941004967374,-0.10658627679431809,-0.04507795869465918,-1.8290559922434622,2.102480911388993
5.985,0.1680037495316,1.757371613585,3.0,22.0,0.2996407449245453,0.4820165932178497,0.6000000238418579,9.25,0.4356132745742798,260.926025390625,103.5349197387695,102.75,4.78,82098.0,1049.0,61.06,47.59,26.67,1144.0,402.7768238237748,5.1464455673845855,203.83,80.46,75.07,26.67,13.502993313811004,1.3571426592267275,41.38,826658.0,19.61414974691788,40.554352669645,39.83149758343712,37647.0,31064.0,14954.0,10.01000072751194,7.077667062460118,7.077667062460118,0.8315029869915178,92.59,15.81,0.16010929395037235,0.017443652402376685,-0.14960577392956478,-0.33251577050983905,-0.005778623281396067,0.03621105355909089,-0.10710804351361003,0.012076727185398406,0.0002813334990060312,-0.005100584978237688,-0.007693446910940161,-0.19663384770101405,0.011749260788550719,0.07662151193083262,-0.021606647777371,0.01385164140327828,0.035012891245074604,0.005312987848883477,0.018111727432173173,0.007640700338408313,0.03323566770146143,-0.028857043757801893,0.018776315035065716,0.02208563285565468,0.008345580216031578,0.025332059908192605,0.029573703296598964,-0.0026197044425644743,-0.0737799099233234,0.10862553554866468,-0.19100332766026246,0.027873944193474064,0.06981396735715688,-0.014161488932324606,0.3921868211318506,-0.05464588612690573,-0.14955186214530847,0.03944697283220004,0.053832532671862256,0.24044235401786868,0.045721929767751156,0.7079760362333619,2.102480911388993
6.785,0.1153866267697,1.123266199194,3.8,6.0,0.1045826151967049,0.1064843088388443,0.2000000029802322,8.489999771118164,0.1351874470710754,55.81299209594727,28.23225402832031,156.26,3.7,71109.0,604.0,25.5392,19.687,6.87,4046.0666666666666,639.9701205079514,5.435907589570977,111.113,48.363,43.95,6.87,30.453854606755456,0.8473062281162614,50.12,299186.0,8.188156481532047,41.53969380882165,50.2721497096463,56528.0,34807.04,22100.67,29.449202691670408,16.989687864542002,16.989687864542002,4.19935794066213,97.31,0.77,0.013885952405515095,-0.07655899682210295,0.09947329999355133,-0.027963499021541754,-0.09973357984982431,0.015290210906183332,-0.046673711579293016,0.030799184398027125,-0.021487106401007594,0.007971691150916744,-0.00253767160500864,-0.11413593440793916,0.05324356929108033,0.043840314610046366,0.0002725785915972612,-0.01039837107516359,-0.0007419380658539587,0.015096859937417323,-0.011528704174910689,-0.0023512996373465213,-0.07192272706551013,-0.012945613275631308,0.0063655453608371495,0.00975057861139068,0.023368134676013137,-0.010133655931451341,0.024315713736927126,0.0038227219611871865,0.020866610655328258,-0.07455031246005091,0.030760300138150343,0.0025992206574883435,0.011038488587830204,0.021938776622992047,-0.02345931743306572,0.03147399823588779,0.1471427810905735,-0.06850125987746285,-0.027245599729474622,-0.4588479135408997,0.005052832741639568,-1.1024255564241323,2.102480911388993
6.615,0.2498670891447,2.540322618316,3.9,31.0,0.2856614589691162,0.474615067243576,0.5,9.329999923706056,0.4296920597553253,255.4457244873047,128.9045104980469,47.0,1.3107136824324324,36372.0,288.0,18.2749,8.0877,7.75,507.0,653.2327586206897,5.172413793103448,55.68,23.55,11.03,7.75,12.063693803924313,0.472838893581081,63.26,168105.0,10.1,30.6,59.3,59606.0,41956.5,25127.5,34.79581925675675,15.15646114864865,15.15646114864865,0.5191153820594531,50.55,6.99,0.1820225163435098,0.001252963088278236,-0.20268677382444727,-0.029430373858544044,-0.008963475451455438,0.0299285485735163,-0.10156494937243403,-0.01042210751742818,-0.03030339392519088,-0.004762586070457475,-0.011693582625244725,-0.18078808481257874,-0.07293503256014082,-0.051401012477348594,0.0007393117550527518,-0.0476168945180252,-0.057897412453836304,-0.031260942145017886,-0.022470135325216623,-0.004679097835614754,-0.1045454198211665,-0.025851540392613902,-0.0650155526874587,-0.042333215860417085,-0.06418991515727254,-0.04081428785761817,0.0012335597077617444,-0.05873387973918576,0.041007811335031855,-0.08767553008045073,0.05081326364120463,-0.07378750607045369,-0.008327537901932391,0.0006293151353020221,-0.12882195644639433,0.04131440192798621,0.2552725793595309,-0.022551866854424563,-0.023173764684121155,0.10064326522417832,-0.0751365274597192,0.20785811381123498,2.102480911388993
6.555,0.2860426071757,5.111696182713,3.0,22.0,0.289913684129715,0.3692471086978912,0.6000000238418579,9.050000190734863,0.3453976809978485,190.2931976318359,129.0,102.75,4.78,82098.0,1049.0,61.06,47.59,26.67,1144.0,402.7768238237748,5.1464455673845855,203.83,80.46,75.07,26.67,13.502993313811004,1.3571426592267275,41.38,826658.0,19.61414974691788,40.554352669645,39.83149758343712,37647.0,31064.0,14954.0,10.01000072751194,7.077667062460118,7.077667062460118,0.8315029869915178,92.59,10.7,0.23759691120625934,0.105411384007195,-0.2632954111511354,-0.42172957838978614,-0.025130911869229777,0.05235651587904431,-0.12730897384986745,0.007048506207298555,-0.016146186029654962,-0.004887598408735316,-0.1590592892045388,0.1314885943724658,0.014624660774017717,0.05742428864981049,-0.014822343590203669,0.014018254769849614,0.03243234649230724,-0.04510549272946083,0.03557869846338881,0.014396966500673325,0.015416601494885995,-0.021571246943902157,0.007420003961422483,0.013600719061913024,-0.03937645049777343,0.03955024685303214,0.053008810201659776,0.01872738745051905,-0.06660075916553618,0.07580692063341854,-0.08056694681325467,-0.002923829888110063,0.08935599970107436,-0.045870394130237455,0.0810307380942394,-0.04552085832692683,-0.09321354919322763,0.05480072456260678,0.05024101243633776,0.16640594826871533,-0.008471764480811505,0.5504154224433004,2.102480911388993
6.92,0.1449557844545,1.523612043563,3.3,9.0,0.3074502944946289,0.5247359275817871,0.5,7.190000057220459,0.4697887301445007,294.759033203125,128.2308044433594,121.17,1.24,111887.0,1972.8,69.36,49.35,35.98,2447.2,484.1916219491085,8.537303098494027,231.08,91.11,77.42,35.98,15.308206323678789,1.4921568515595265,37.51,1010017.0,18.514367546917764,44.48838459533429,36.99724785774794,40876.0,30965.0,14316.0,9.36200276864403,7.781782798224389,7.781782798224389,1.0236131895309892,95.51,11.21,-0.01760972466191746,0.2382942392958794,-0.06299731558794149,0.07143760620371904,0.10774850060057362,0.12907115928595894,-0.02099383259238674,0.00018355598673229777,0.12341084238397892,-0.0053451896319166355,0.0687589172840817,-0.025839090910623863,0.0007859138600760263,-0.017018695549631868,-0.02310179303563211,0.031066513588419296,0.08826230703404872,0.0474557181767886,0.06868417986755959,0.0019721006035104518,0.002106940293044324,0.00791908269096162,0.033150548291858394,0.018382214607438052,-0.027432481153868073,0.08421832334488859,0.026181191703886796,-0.011829509430564955,-0.09084478383196977,0.15381077260931492,-0.059701290698023456,0.12387045619299167,0.23030174201441697,-0.01274338944710327,0.3400106676878641,-0.05598892552964396,-0.18141759451548561,0.08791358933656009,0.04054051430162511,0.2749746489796089,0.03763991651742242,0.7281496174567147,2.102480911388993
7.07,0.1704014639463,1.572112131902,2.9,21.0,0.3485862910747528,0.4600082337856293,0.6499999761581421,7.610000133514404,0.41800656914711,294.9383544921875,129.0,107.39,3.73,96920.32,2066.12,58.97,40.44,27.91,610.38,465.7391638635272,9.928495915425277,208.1,77.67,61.57,27.91,13.785865223981112,1.7056792964710272,34.96,786132.0,20.47490893033877,43.41481379464505,36.11027727501618,31295.0,29723.0,15547.0,9.581485948260582,8.895328795155292,8.895328795155292,0.8326497317534427,104.89,1.61,-0.23360586273926312,0.04837779027712534,-0.058220631290925653,-0.16165393119800145,0.01404393672849984,0.036890234871883774,-0.10190519948198928,0.01804984253272419,0.003124955327366541,-0.00396622859500344,0.040686497599235726,0.10809712098771714,0.01616002302570263,0.0361866217979113,-0.03575817329960414,0.05489666855928947,0.01667567965970377,-0.034760744218714536,0.03363788683223531,0.027015950505621666,-0.01972384159744246,0.09763933237642053,0.04803247035993261,0.02530374194495384,-0.011142874060082275,0.07899508804781367,0.028223130120313765,0.045552213278249855,-0.11340019819210283,0.0543111919572112,-0.052164134219405245,0.04363797464442909,0.09274728009174588,-0.057343466095277074,0.09230331311444757,-0.013824670783476845,-0.11093602513009686,0.012182968210894618,0.01163631044526119,0.16287310685147532,0.03214014186477292,-0.3554619443401462,2.102480911388993
7.395,0.0643875669168,0.586354679176,3.0,24.0,0.1266993135213852,0.1343065798282623,0.25,8.890000343322754,0.1574452668428421,233.8560638427734,119.8350448608398,49.1485,0.47,15878.0,356.18,8.5477,7.134794327171835,0.953,926.17,282.58702925891646,6.339075959279561,56.188,19.8872,18.41727,0.953,16.5223150965168,0.404246719542003,47.87,256107.0,6.0117218158366414,18.174131902767638,75.81414628139571,45012.0,32296.0,14288.0,6.990829016588316,9.211165561563142,9.211165561563142,1.5733199943233478,43.22460681495,0.25,-0.22055175955971942,-0.06232190749613804,0.14468275395606175,-0.09383784833783283,0.026461250643245914,0.0008319127266295335,0.009093762687465607,0.03153783493791704,0.008516129853553139,0.019171696858946215,0.021306646840181222,-0.10200725955853711,-0.03699101652065293,-0.06036839410004904,-0.011197660626145078,-0.019869964746932985,-0.034664799024933024,-0.053940669460222114,0.016849624088441487,7.845298503524057e-06,-0.004740405108779639,0.008176010829512947,-0.021549506854149518,-0.025882859180215684,-0.015378483447479083,-0.0109668256960576,-0.018589436498586995,-0.02694118874601552,0.0069499749501701815,-0.04496586295333689,0.08133836904901547,-0.1548953355049016,-0.08155315795622298,-0.0036340162634150726,-0.03730670082464345,-0.02369805787119548,-0.11172737213276558,0.005190428568632353,0.009578475242946295,-0.061555636969220354,-0.024232842320227065,-1.082120443453896,2.102480911388993
6.91,0.1548696238513,1.709914543751,3.3,7.0,0.2677996456623077,0.4793040454387665,0.3499999940395355,5.909999847412109,0.4334432482719421,241.7138519287109,128.9469604492188,69.4828,1.3569,21994.0,591.6353864032538,9.1363,9.5518,2.36,1603.85,381.11245884595394,10.251869457689375,57.71,25.24,23.82,2.36,23.245438704361963,0.4724934230642314,61.4,189959.29356481816,5.960707881876988,46.25281304491967,47.78647907320334,66835.0,38481.79,24326.61,8.747788017238738,6.746846249557248,6.746846249557248,4.849428335338578,73.3,0.32,-0.0877756916775252,0.0477377401928825,-0.03521372133094701,-0.01073213487843169,-0.05064340448490108,0.008421976043347946,-0.047875048034096826,0.0031771351583884133,0.027355456060526213,-0.0016720841574715292,-0.012625421914533915,-0.09381011555233276,-0.013853445792687134,-0.017288919707993046,-0.001377223398769213,-0.008128323836950549,-0.03628163646254689,-0.01216249770042489,-0.027496052313479607,-0.006230404990725212,-0.0017560924314893652,0.014251047065365128,-0.01902418590663005,-0.018300572768086585,0.010937786733149553,-0.04148038470814931,-0.026443347499996883,0.00010855959239419212,-0.0022695538874831916,-0.10350529318343615,0.04462248545547485,-0.003403671321808385,-0.010320080195320774,0.010937984784599373,-0.050276149776997035,0.018799913036636993,-0.03744608014053663,0.013807981874677378,0.01740383734350325,-0.3833689200276277,0.0006469574543880412,-1.1586361082140066,2.102480911388993
7.015000000000001,0.07736614263897,0.9251703495411,3.0,14.0,0.1248723119497299,0.2005982398986816,0.2000000029802322,7.369999885559082,0.2104785889387131,242.6983489990234,130.4543762207031,63.2664,0.9452,27886.0,444.3569145845439,12.4604,9.594,4.24,5126.7,578.0679933665008,9.211378826379432,48.24,20.1,16.14,4.24,19.43094720323031,0.6227563491270615,69.0,193368.9479159194,3.5451066319090208,42.50639508474981,53.94849828334116,69659.0,40079.96,28518.51,16.15424853850087,8.892486399593126,8.892486399593126,7.63752247452101,120.4,3.26,-0.29896048630320005,-0.2755066152419895,0.15529763837612703,-0.1987729158337461,-0.15675113063672325,0.017369569470756706,-0.051166228565038205,0.018687578677549038,-0.03627095863909927,-0.003118851542472864,-0.008380176011531099,0.03445046450913655,-0.028542854963801788,-0.03253653681359716,-0.0028504684663494344,-0.022459172855014913,-0.04544929787539875,-0.00708230939239729,-0.03805386448139321,-0.018227864840533552,-0.05178440381679682,0.05022602789691881,-0.037364352968870695,-0.03900329083192628,-0.008623650696361429,-0.026011043839040255,-0.015382604034733936,-0.019118454043491495,0.017560600588331015,-0.09129631024313861,0.005222229914739801,0.005843463357479778,0.005713651932775943,0.012911383124126591,-0.1285223179775058,0.04780287569609938,-0.012714108767802818,0.01626424544211476,0.004347924563218836,-0.5066581603920786,-0.02693339886740435,-0.048568710884777766,2.102480911388993
6.915,0.1822646103677,1.716971388361,2.8,7.0,0.3004625141620636,0.4256236851215363,0.4000000059604645,7.489999771118164,0.3904989361763,289.1892700195313,131.0277252197266,102.81,1.7645,47925.0,843.0,43.5255,20.1416,18.38,35348.0,294.8686396357596,5.186734756660309,162.53,65.61,36.45,18.38,34.437046921982514,1.6325084864460302,44.34,791032.0,14.2,49.0,36.8,60352.0,33354.0,19580.0,15.09150601532647,12.226414519989854,12.226414519989854,1.982933986704912,73.72,1.96,-0.08095370600835305,0.07106764231040145,-0.04107685545913411,-0.2044445059545687,-0.10855172299302647,0.041587871120515055,-0.10001705078477965,0.01802043126861099,-0.020927213925169785,-0.0018454345059581545,0.04029217266943304,0.10556647720024921,0.01631780503492335,-0.012735289393109306,-0.0025504900329978543,0.0050068500863271305,0.007846964726224592,0.00531779134005772,0.007899487938149874,-0.2174113663788885,-0.013327419215114756,-0.022401470791432065,0.011780660803779042,0.005648674840456769,0.011227392240718493,0.004547243701294068,-0.03291564206825572,-0.01033975710067896,-0.007420100070652547,0.04142778593418188,0.0059133535505971006,0.07664606735075359,0.06738654343667436,0.014046707874396857,0.024507592690060864,0.010407392906374314,-0.017110155306290852,-0.01051687393488827,-0.008483754617860528,-0.009544711740629274,-0.0007173372606048111,-0.23498585433501282,2.102480911388993
7.01,0.0638351135086,0.7424533970044,3.8,3.0,0.1829661130905151,0.4541138708591461,0.25,7.429999828338623,0.4132910966873169,203.751953125,130.9732818603516,2.90776,0.115,1588.0,7.908338175479372,0.089,0.2026,3.98,913.13,329.46058091286307,1.640734061302774,4.82,0.14,0.34,3.98,1.9414835306710216,0.2504382101047163,73.3,43717.2909103953,2.133822472423064,34.05945495650095,63.80672257107598,57754.0,39953.37,32733.15,7.989646389078048,3.576066916726457,3.576066916726457,2.2858259152713347,56.1,0.45,-0.06923749836283967,-0.27391191354067995,0.10264202283933987,-0.01744932831620099,-0.09056348635116593,0.0052199733094894455,-0.06466874265653315,0.009139890842663588,0.002652590321900741,-0.0011246392176253485,-0.031583634215116035,0.011174473273102161,-0.06797824929695336,-0.03005866655590945,-0.04081932057719678,-0.03833420868299435,-0.03472064349672288,-0.028725514980382318,-0.01680048070650082,0.003523080305429161,-0.006407792918733335,-0.04052851571328937,-0.021062802543514374,-0.03369106455612926,-0.04337746552831955,-0.03382776292541529,0.0030679394525941544,-0.003757061052601783,0.053409959226206415,-0.053102625568513806,-0.021986214704054832,-0.025345822938310412,-0.04456743726390412,0.0006211243703728757,-0.03411414868274003,0.021911802845133936,-0.07573755509924376,0.0339507338960539,0.03801229586621048,-0.07448452659632314,-0.011299482708563995,-1.0567905372984243,2.102480911388993
7.095,0.1885120006796,1.781521666372,3.8,3.0,0.1531119793653488,0.2633763253688812,0.2000000029802322,6.300000190734863,0.260701060295105,126.0672454833984,85.59015655517578,2.90776,0.115,1588.0,7.908338175479372,0.089,0.2026,3.98,913.13,329.46058091286307,1.640734061302774,4.82,0.14,0.34,3.98,1.9414835306710216,0.2504382101047163,73.3,43717.2909103953,2.133822472423064,34.05945495650095,63.80672257107598,57754.0,39953.37,32733.15,7.989646389078048,3.576066916726457,3.576066916726457,2.2858259152713347,56.1,3.14,-0.4529705199474702,0.08835668492835248,-0.04788492457615205,-0.07823658456763952,-0.05760799394373313,0.04773049529083077,-0.06423683858790898,0.028951675326854488,0.038608367596578284,-0.0031233716229908336,0.03275651077675869,-0.14647905235906367,-0.10474035525612994,-0.04661021864728529,0.002208017680677532,-0.03281676470453385,-0.058681410354562105,-0.03401494629611264,0.0037946177351987132,0.0003883993707713751,0.0072696880875155355,-0.03741590253973842,-0.0470915146311745,-0.049735828123404636,-0.030277533715707204,-0.009403833597316414,0.0745947071504779,-0.0020147127733798455,0.1499559527473175,-0.13987877846218183,0.2158321937894216,-0.06285521082347255,0.010703438885626337,-0.005416538731544229,0.04042342778865711,0.06859043432830367,-0.0902523244630429,0.07940458585217122,0.09850339669524688,-0.10267977513658115,-0.03415527562983335,0.009041547058266586,2.102480911388993
7.195,0.1314135470274276,1.4353267236489895,3.8,3.0,0.1158771365880966,0.2247588932514191,0.2000000029802322,5.989999771118164,0.2298071086406708,185.4667510986328,133.9436645507813,1.2429,0.0576,178.0,2.865339918651946,0.0803,0.0452,0.01,4.47,635.7142857142857,10.233356852328376,0.28,0.14,0.08,0.0,0.1127832756406402,0.0717922868966855,97.4,2310.438051510152,0.0183640280367156,11.209851980137037,88.77178399182625,126700.0,55075.29,33831.22,30.733895233898767,1.0251391827949203,1.0251391827949203,4.746573554900874,162.4,0.001414214,-0.3238273546196869,0.021437853064562615,-0.04231580158625728,-0.032557582834735525,-0.04333264232426882,-0.008790667020133683,-0.026475845346343695,0.02038415607204657,0.010048457140335807,-0.0018702998913358835,-0.04685866706049997,-0.01477320435747965,-0.04299727004306625,-0.02462104469328186,-0.009355310293554806,-0.019240429244004167,-0.006855145051027663,-0.0245623870018171,-0.03377812898857517,0.006089138201961797,-0.0388442624040181,0.008939600032405005,-0.037977549830684444,-0.035253467323607755,-0.014761621572717553,-0.009787928948062453,-0.0011800317507004207,-0.03160264393378749,0.0761514640711248,-0.07707718106382525,0.024442438828584257,-0.0975891300161602,-0.13159473646630065,-0.010006833743012967,-0.06303720809059453,0.02694107681687454,0.12407293453038437,0.011148468448081985,0.024688247749465507,-0.15245754413120446,-0.014416247255692719,-1.0366730549019993,2.102480911388993
6.625,0.09037240693334,0.9771361460098,18.1,31.0,0.5859137177467346,0.7720003128051758,2.700000047683716,23.25,0.6676002144813538,260.926025390625,103.5349197387695,102.75,4.78,82098.0,1049.0,61.06,47.59,26.67,1144.0,402.7768238237748,5.1464455673845855,203.83,80.46,75.07,26.67,13.502993313811004,1.3571426592267275,41.38,826658.0,19.61414974691788,40.554352669645,39.83149758343712,37647.0,31064.0,14954.0,10.01000072751194,7.077667062460118,7.077667062460118,0.8315029869915178,92.59,29.33,0.4218521136785857,-0.14970602914952907,0.6869781660588923,0.113322657480312,0.17510347024886866,-0.03559946598869279,-0.1090820057447999,-0.02433466817712182,0.04052733183861705,-0.008910312729887737,0.058083456241234635,-0.12956652832869453,0.0033100289920111824,0.10196149675315244,0.055144141230266584,0.043779195273993696,0.01034813451487584,-0.041347711114445684,0.030216600519488445,0.03384991025354249,0.04349778981797865,-0.021287481677834875,0.032061097626458014,0.00807517098134849,0.020157089399290264,0.05662356215715414,-0.00927957996178883,0.03794094678980766,-0.04970721379166929,0.3227077364647994,0.16881368165434107,0.07238954643515161,0.0867847542220261,-0.11339397070708213,0.40278748215560345,-0.049963596730958605,-0.10202947595948338,0.11524798636627379,0.08234075834148091,0.3646760582801653,0.05999390291329461,1.4943550638272427,2.102480911388993
6.77,0.1042940155616,1.036290954491,19.5,15.0,0.2182116806507111,0.2789719700813293,0.6000000238418579,27.09000015258789,0.2731775641441345,55.81299209594727,28.23225402832031,156.26,3.7,71109.0,604.0,25.5392,19.687,6.87,4046.0666666666666,639.9701205079514,5.435907589570977,111.113,48.363,43.95,6.87,30.453854606755456,0.8473062281162614,50.12,299186.0,8.188156481532047,41.53969380882165,50.2721497096463,56528.0,34807.04,22100.67,29.449202691670408,16.989687864542002,16.989687864542002,4.19935794066213,97.31,0.39,0.06144751972961243,-0.06783262667444068,0.11543766972294547,0.02523570951854342,-0.097607254868024,0.021989321396802607,-0.016909482581075226,-0.002534444206044975,0.040036342560779384,-0.002342936315108102,0.003969355895882487,-0.1441346964746481,0.04763483837782405,0.0499012688554358,0.0010135542307980112,-0.006720224678865698,-0.005441808762727262,0.0022416021059034285,0.006046293570776468,6.663403962741676e-05,-0.0620205675980542,-0.010859804143314226,0.0034323191749863506,0.002539752261247452,0.01912879383622204,-0.0025970179700525314,-0.015369727822835546,-0.0007469717682106441,0.02896712113136892,-0.015401163156377105,0.07497235422837546,-0.024571398946805875,0.03302091279055457,0.0018511664046673086,0.01479205156606626,0.0034178901121485585,0.09213437798595984,-0.05301713404746263,-0.0962388746810612,-0.32115333025413556,0.035238851811736846,-1.6687488800974095,2.102480911388993
6.44,0.148192055009,1.388260746381,19.9,15.0,0.7444897890090942,1.0,4.5,23.97999954223633,0.8817965388298035,255.4457244873047,128.9045104980469,47.0,1.3107136824324324,36372.0,288.0,18.2749,8.0877,7.75,507.0,653.2327586206897,5.172413793103448,55.68,23.55,11.03,7.75,12.063693803924313,0.472838893581081,63.26,168105.0,10.1,30.6,59.3,59606.0,41956.5,25127.5,34.79581925675675,15.15646114864865,15.15646114864865,0.5191153820594531,50.55,13.580000000000002,0.25899476458271964,0.3604885337444721,-0.08403957567858747,0.26148829279450003,0.047844746003858775,0.004551440009381747,0.7505837588042488,0.04080233731062619,0.07703295802033967,-0.003076119651086695,-0.08155947055865545,-0.10272436407022179,-0.07406439146492623,-0.04366911430604512,-0.013203079650877081,-0.021414458910469003,-0.06409128621825941,-0.014714622017810996,-0.039561132056405726,0.02318713843100697,0.03825252056575852,-0.00729889319464565,-0.06502993828291068,-0.07916054883017212,-0.1207247021209914,-0.03865011642687024,-0.003200055947061653,-0.0519836070360616,0.07168987033271697,-0.12980927511211485,0.0055704681369242335,-0.13404131364356725,-0.03029983383021313,0.010250875999685393,-0.21897880051063842,0.13815274697809948,0.6880780446535207,-0.024871642142767113,-0.00908694902813283,0.198451010545832,-0.050848571665002965,0.9476912092190467,2.102480911388993
6.1850000000000005,0.2834978090305,2.721791227372,18.1,31.0,0.7229005098342896,1.0,4.800000190734863,20.29000091552734,0.8772516250610352,190.2931976318359,129.0,102.75,4.78,82098.0,1049.0,61.06,47.59,26.67,1144.0,402.7768238237748,5.1464455673845855,203.83,80.46,75.07,26.67,13.502993313811004,1.3571426592267275,41.38,826658.0,19.61414974691788,40.554352669645,39.83149758343712,37647.0,31064.0,14954.0,10.01000072751194,7.077667062460118,7.077667062460118,0.8315029869915178,92.59,31.89,0.3318551509245299,0.35742801280459385,-0.3201025966898888,0.07318908936262591,-0.01487006855825892,0.12076346540544183,1.1096819674316794,-0.06127150958310821,0.09862554515758523,-0.0038095105700194365,-0.3414328638957812,0.23897329228592584,0.03942653606063691,0.0726256124756762,0.008358774299966098,0.02501483707071752,0.10928716162429197,0.05683903036714786,0.04442229099280659,0.037827527125715486,0.04789602843066683,-0.013035810395143876,0.026747132024727737,0.03643622204288834,0.05981075373548084,0.04912379462574625,0.08720228854008023,0.07921481483778928,-0.06667695710086266,0.16286881989717944,0.07601836481143238,0.05622120139468474,0.13304840330453593,-0.037596251329872786,0.10913723064854267,-0.06101332308119165,-0.11110770027618866,0.03836749302223321,0.06716465943003987,0.2648611212788383,0.0480205361184199,1.7859396851258356,2.102480911388993
6.465,0.1521214355077,1.557262009841,18.9,10.0,0.591846227645874,0.8813539743423462,1.799999952316284,26.13999938964844,0.7550832033157349,294.759033203125,128.2308044433594,121.17,1.24,111887.0,1972.8,69.36,49.35,35.98,2447.2,484.1916219491085,8.537303098494027,231.08,91.11,77.42,35.98,15.308206323678789,1.4921568515595265,37.51,1010017.0,18.514367546917764,44.48838459533429,36.99724785774794,40876.0,30965.0,14316.0,9.36200276864403,7.781782798224389,7.781782798224389,1.0236131895309892,95.51,80.8,0.3867311003622598,0.34851648615184255,0.07547278517205276,0.06934333042916845,0.08422116251167604,-0.36329417023458527,0.46278286324662615,-0.0795842654982698,0.10178156578069315,-0.002631536247208732,0.1261838002108852,-0.10058875929308123,0.051100932385539546,-0.018849675865669213,0.0024633300936547585,0.007209080190688754,0.11617653807572788,0.14357732131693046,0.05235105629218746,0.0015450234067975188,0.025259656105889115,0.006093503287760593,0.015904209050000763,0.05034621248091573,0.07007157587725672,0.023060988457291366,-0.020648957612225828,-0.013518938268418568,-0.08917930531024461,0.4567284660920268,0.03164846633549316,0.13340509807015768,0.0679976837131544,-0.014104495666688166,0.5832437207426409,-0.012744640274671837,-0.08080276352952934,0.04355822473380251,0.08008488947025054,0.31473893698421296,0.06034940659929999,1.5421354089810049,2.102480911388993
6.99,0.1358321727385,1.052298407994,18.0,8.0,0.689206063747406,0.9442567825317384,3.700000047683716,23.38999938964844,0.8054053783416748,294.9383544921875,129.0,107.39,3.73,96920.32,2066.12,58.97,40.44,27.91,610.38,465.7391638635272,9.928495915425277,208.1,77.67,61.57,27.91,13.785865223981112,1.7056792964710272,34.96,786132.0,20.47490893033877,43.41481379464505,36.11027727501618,31295.0,29723.0,15547.0,9.581485948260582,8.895328795155292,8.895328795155292,0.8326497317534427,104.89,3.79,-0.023947311387397342,0.14963462727656587,0.10894373952620655,0.032919896910665505,-0.043380120129906594,-0.07139899159641931,0.8391983766442864,0.13503780604002527,0.04428706410527228,-0.0038754962719977247,0.05303709366708063,0.21259178685315416,0.015643287359038395,0.0998290044018068,-0.06184603818878531,0.07625040013913528,0.030731719848234175,0.012869057666510341,0.10595406663615736,0.016270051020197497,-0.006914758248836717,0.05192075035523147,0.011414836357696911,0.04495108033169522,0.024304029694292774,0.04619928289833477,0.08201017691951717,0.008164302513585376,-0.0878198783660773,0.14905080436670687,0.01643387593165968,0.05309199870517487,0.1275099181975239,-0.08625080544746011,0.1755603683176451,-0.017593493749271015,-0.14395897948672068,0.02151290790655176,0.07181837821612129,0.2063242809073999,0.059900539281661655,0.0315467477157946,2.102480911388993
6.875,0.1212168998997,2.241133393548,19.6,2.0,0.5695142149925232,0.8013975024223328,1.299999952316284,24.09000015258789,0.6911180019378662,233.8560638427734,119.8350448608398,49.1485,0.47,15878.0,356.18,8.5477,7.134794327171835,0.953,926.17,282.58702925891646,6.339075959279561,56.188,19.8872,18.41727,0.953,16.5223150965168,0.404246719542003,47.87,256107.0,6.0117218158366414,18.174131902767638,75.81414628139571,45012.0,32296.0,14288.0,6.990829016588316,9.211165561563142,9.211165561563142,1.5733199943233478,43.22460681495,1.42,-0.05427446235565002,0.011113882432633561,-0.08633660327462714,0.031165250529476905,-0.051612182827957466,-0.006125955460825926,-0.05638680438790471,0.007419883800437685,0.009473106474266456,-0.0019502797167515213,-0.013291521760052985,-0.11656167128402742,-0.03011276257457212,-0.04446153770870297,-0.006089731507119717,-0.013814748558448608,-0.03330696280265692,-0.011200940946699125,-0.04377088195772376,-0.000926277964434126,-0.009829074879293282,-0.013836727104382593,-0.03256993298517772,-0.03549290228658354,-0.017037451863696325,-0.06294821141095598,-0.006302903476520444,-0.03176554101496,0.01326308897254056,-0.04598439362068894,0.030543787450646048,-0.06164905778912365,-0.12837353750283365,-0.001619223918474725,-0.06317175177391623,-0.03372124451363919,-0.11679834044259044,0.027099973225151164,0.00872357451345306,-0.05447110754484312,-0.027598641710297654,-0.8930663108447334,2.102480911388993
6.3,0.09579494426716,2.166593862461,19.1,15.0,0.4532485902309418,0.5795559883117676,1.0,27.6299991607666,0.513644814491272,241.7138519287109,128.9469604492188,69.4828,1.3569,21994.0,591.6353864032538,9.1363,9.5518,2.36,1603.85,381.11245884595394,10.251869457689375,57.71,25.24,23.82,2.36,23.245438704361963,0.4724934230642314,61.4,189959.29356481816,5.960707881876988,46.25281304491967,47.78647907320334,66835.0,38481.79,24326.61,8.747788017238738,6.746846249557248,6.746846249557248,4.849428335338578,73.3,1.4300000000000002,0.04201914530631621,-0.18646238621050723,-0.09957114496250871,-0.03320764947269343,-0.07924612206500023,-0.03027054890058939,-0.030155839759710923,0.005670152780541699,0.02125513895071348,-0.0020643952586688495,-0.022123743096424696,-0.10979646965453864,-0.02453564345138143,-0.028857306474004855,-0.02603115038631947,-0.01663420950833825,-0.05746710028930101,-0.01642534036224236,-0.035962500894209416,-1.7573066696033312e-05,-0.013916932232532413,0.030386346375074952,-0.04673123466502875,-0.024230089110438714,-0.010271194863831653,-0.05383643384123572,-0.009529210279462864,-0.014245690301700975,0.03520171036233657,-0.056440028543409425,0.028080411341157713,-0.002877195089298723,0.010560532444040325,0.009737705350969962,-0.08637525807216292,0.03360720459697771,-0.0682697088752175,0.005867902389320086,0.01551688984394418,-0.2813342635192093,-0.011054306690930377,-0.8596636955734575,2.102480911388993
6.515000000000001,0.04013846537348,0.404672904159,19.5,13.0,0.3012502193450928,0.3733408749103546,0.6000000238418579,30.04999923706055,0.3486726880073547,242.6983489990234,130.4543762207031,63.2664,0.9452,27886.0,444.3569145845439,12.4604,9.594,4.24,5126.7,578.0679933665008,9.211378826379432,48.24,20.1,16.14,4.24,19.43094720323031,0.6227563491270615,69.0,193368.9479159194,3.5451066319090208,42.50639508474981,53.94849828334116,69659.0,40079.96,28518.51,16.15424853850087,8.892486399593126,8.892486399593126,7.63752247452101,120.4,2.96,0.32228985343337985,-0.5974512719233753,0.3142821015163791,0.1441517185710836,-0.228822082371451,0.038125406900886484,0.0024455722480197562,-0.015449989393178775,0.04792397780000461,-0.0027336673857062286,-0.00813113776606047,0.08652798650419573,-0.030056764699227655,-0.04513324443972668,-0.0034307750450679906,-0.019197847702424064,-0.047807920394698056,0.0035102170633617867,-0.008629479185678014,-0.025350321970938228,0.020398763396719012,0.06328805852733788,-0.035144333960546656,-0.03150198682839981,-0.009523029066447664,0.005302124922745843,0.016692809522035557,-0.010153564347070598,0.021888291802373727,-0.06928080376586877,-0.02563378604286117,0.014810844988154692,0.0018965472188429144,0.06577447322878287,-0.026420128729718294,0.029331435450760158,-0.0033097323589026837,0.011196943347284095,0.017879787190235242,-0.3242668793195044,0.0035340253061731386,-0.019606631462927914,2.102480911388993
6.41,0.08634544989243,0.9901605200162,18.6,18.0,0.5740424394607544,0.876735508441925,1.600000023841858,26.56999969482422,0.751388430595398,289.1892700195313,131.0277252197266,102.81,1.7645,47925.0,843.0,43.5255,20.1416,18.38,35348.0,294.8686396357596,5.186734756660309,162.53,65.61,36.45,18.38,34.437046921982514,1.6325084864460302,44.34,791032.0,14.2,49.0,36.8,60352.0,33354.0,19580.0,15.09150601532647,12.226414519989854,12.226414519989854,1.982933986704912,73.72,8.26,0.3038736265223124,-0.11367264589213302,0.5722795061299111,0.05746960078197305,0.10356032867170868,-0.152447550709825,0.27393701674754267,0.02314762491104185,0.09707087972573944,-0.005677354145795066,0.051075194910983425,0.21277071630698624,0.023319891818566217,-0.00855325660738171,0.003390468621044507,0.0024706413184757414,0.0020975988441496174,0.0013586099888198034,0.015177073493832705,-0.12040089545655067,-0.023781476196134375,-0.027554676563013338,0.010366959498147477,0.003268562581157375,0.023979299462749636,-0.007993449935456698,0.056978004792588764,-0.008617688714177318,-0.02220070201915223,0.10432272519124672,0.07474029288219755,0.14622275483817795,0.13069952452764855,0.04977006281266212,0.03784993121644951,0.051749499337980565,0.047651896226336324,-0.009612669562222443,0.00367685463023375,0.04193426561146043,0.020380589052103493,0.600821564652957,2.102480911388993
6.63,0.0590718391242,0.5759403734802,20.3,0.0,0.5112689137458801,0.7386882901191711,1.0,28.56999969482422,0.640950620174408,203.751953125,130.9732818603516,2.90776,0.115,1588.0,7.908338175479372,0.089,0.2026,3.98,913.13,329.46058091286307,1.640734061302774,4.82,0.14,0.34,3.98,1.9414835306710216,0.2504382101047163,73.3,43717.2909103953,2.133822472423064,34.05945495650095,63.80672257107598,57754.0,39953.37,32733.15,7.989646389078048,3.576066916726457,3.576066916726457,2.2858259152713347,56.1,0.22,0.10927323392190733,-0.3482442075429717,0.12061022558982952,0.047040303905378104,-0.045347148890141395,-0.030292850732745142,-0.0004053088639630241,0.011231489018595301,0.0258332896092325,-0.001396015484700924,0.03575638035224982,-0.039644251639721864,-0.06256053482275457,-0.043790265604504386,-0.03174716401845216,-0.04186521301761971,-0.033065670518728406,-0.04940226839180102,-0.0020414416212006558,0.0035250570252538236,-0.012737440634402469,-0.038630751127842824,-0.023376719400344876,-0.053031661755114354,-0.02596889825176913,-0.023788695389055644,-0.019763011967879673,-0.002516038451401972,0.023369458557979637,-0.04530918374884641,-0.03384043248859234,-0.06197011220676354,-0.03402599550958257,0.003567798909905849,-0.029836229966545974,0.03180262872541791,-0.05464387286390404,0.01993427964695728,0.019077187948278108,-0.04807237802550658,0.014327801019768202,-1.329084537322284,2.102480911388993
6.905,0.1119911176749,0.877792920801,20.3,0.0,0.5412545204162598,0.7060145735740662,0.800000011920929,29.6299991607666,0.6148116588592529,126.0672454833984,85.59015655517578,2.90776,0.115,1588.0,7.908338175479372,0.089,0.2026,3.98,913.13,329.46058091286307,1.640734061302774,4.82,0.14,0.34,3.98,1.9414835306710216,0.2504382101047163,73.3,43717.2909103953,2.133822472423064,34.05945495650095,63.80672257107598,57754.0,39953.37,32733.15,7.989646389078048,3.576066916726457,3.576066916726457,2.2858259152713347,56.1,6.19,0.01988837008143307,-0.5648282260522246,0.4581089645558968,0.1589672186209355,-0.17438101560052016,-0.013594667445286146,0.014523916182108309,0.018768241838784804,0.06490466083982024,-0.002605201672180557,0.15044029956636948,-0.018431532700662466,-0.09699887992255393,-0.06774642788938944,-0.047368434455245745,-0.05700897995266128,-0.1145879029171774,-0.06522427141678055,-0.02417917217127986,0.01736778830259571,-0.03944773120497114,-0.048327554857300184,-0.03753103687660764,-0.06197773378447162,-0.06817267725965943,-0.030035529875138266,0.026740372930187738,0.00047334920556747485,0.1907080470521469,-0.1435220924626337,0.10859307845856522,-0.022939042631245667,-0.055395165229914764,-0.0009706230064621124,0.014890599527396287,0.2052177493902855,-0.15387799774331504,0.10099122727313077,0.10467141828162133,-0.04978222379228099,0.0012380490677896927,0.2841297230108758,2.102480911388993
7.0,0.06498900503097,0.6232803354827,20.3,0.0,0.31899493932724,0.5351080298423767,0.8999999761581421,26.72999954223633,0.4780864417552948,185.4667510986328,133.9436645507813,1.2429,0.0576,178.0,2.865339918651946,0.0803,0.0452,0.01,4.47,635.7142857142857,10.233356852328376,0.28,0.14,0.08,0.0,0.1127832756406402,0.0717922868966855,97.4,2310.438051510152,0.0183640280367156,11.209851980137037,88.77178399182625,126700.0,55075.29,33831.22,30.733895233898767,1.0251391827949203,1.0251391827949203,4.746573554900874,162.4,0.2299999999999999,-0.04456508077727631,-0.07759154771943577,0.15188123207527682,0.1027716376660974,-0.09640265511709731,0.034665057225152854,-0.03425292429339601,0.017908599434071228,0.03361522755329501,-0.0020315191694535387,0.03045883465488445,0.088341069258051,-0.02188625831610989,-0.030105044680647543,-0.013181838642922276,-0.022071197132812838,-0.04746191712270957,0.00039516312326301625,0.0031389195139054416,0.00733082115656,-0.01771090853225905,0.008105029573780499,-0.07254065166215883,-0.009998580188374,-0.02053110281855336,0.01863351465424059,0.00251272850553508,-0.01392089875310192,0.11620948248449717,-0.0712456314410083,-0.015362022520508615,-0.16198122344847066,-0.0940630628138315,0.09669779965293127,-0.055213245035498425,0.03180541309923861,0.0675047315795673,0.01792453242454211,0.024369679651455957,-0.06660556999983966,-0.04666386307578067,-1.8691794023842085,2.102480911388993
6.15,0.2126568435834,2.075193026483,28.6,69.7,0.5422480702400208,0.0557925328612327,1.799999952316284,34.95000076293945,0.092973805963993,287.2151489257813,132.8357696533203,126.195,0.9478,45899.0,1702.0,58.722,16.8508,16.87,882.0,223.4017181377917,8.284052468910467,205.455,93.926,30.942,16.87,33.16205965449566,1.7174502122943875,39.64,605389.0,14.2,42.9,42.8,42227.0,38884.0,17032.0,18.34775726355647,14.769191834162667,14.769191834162667,0.4028414498141264,119.4,5.2700000000000005,0.06389474463299853,-0.06601397091243415,-0.1532174989383202,-0.006705035401275339,0.008318981288000904,-0.09901769653335216,-0.08206623517489053,-0.08436999383289367,-0.35863906329707235,0.016791418794542535,-0.000599023887189154,0.03271370332548398,0.030592985140043317,-0.037561523887794455,0.008646917234873408,0.02844626680703368,0.025253070421516876,0.015649101664312104,-0.01677913560054729,0.009884826307301364,0.04702870523091405,0.005573625526158188,0.014911399019416405,0.017572680827463015,-0.010231944821076432,0.004994253184297093,0.046553610068978735,-0.027383885529940023,-0.03607948118261992,-0.002467194536351536,-0.0158221172234043,0.01705713293887672,-0.025900893627549458,-0.042419372013071534,-0.11194083327474066,-0.01977343840640966,0.04117332949815318,-0.02819613449228926,-0.007327367404941554,0.10990106924704741,0.07580185125244318,0.15565525695751417,2.102480911388993
6.265000000000001,0.08511240689968,0.790420141245,28.6,69.7,0.3084035217761993,0.0,1.100000023841858,32.20999908447266,0.0408003255724906,295.7795104980469,133.0,126.195,0.9478,45899.0,1702.0,58.722,16.8508,16.87,882.0,223.4017181377917,8.284052468910467,205.455,93.926,30.942,16.87,33.16205965449566,1.7174502122943875,39.64,605389.0,14.2,42.9,42.8,42227.0,38884.0,17032.0,18.34775726355647,14.769191834162667,14.769191834162667,0.4028414498141264,119.4,0.78,0.020807227575452926,-0.13300633000140077,0.1375456017418765,0.004544849836383947,0.056426712145097556,0.08039168904267716,-0.036585958120762395,0.02173225268651734,0.06780274494551122,0.03874602290149778,-0.02114371961029248,0.0474032552562421,0.061629485479206755,-0.02478304306755308,-0.0035931572788394763,0.030434652143390816,0.02736680679884741,0.0030274461909429893,-0.001096153554390178,0.0028398059115279707,-0.02704241807491047,0.004744206353556335,0.01168007475126065,0.03267446981521789,0.011573780480306616,0.0038858253629878493,0.013410557366791143,-0.029193556203856053,-0.016733103600796294,0.005016925561125441,-0.0448405314278789,-0.02038907468423712,-0.0103283258163137,-0.02718550731043793,-0.07598134969105011,-0.02601490258798007,0.0016459990913281763,-0.032276573595357995,-0.009099010923062456,0.04634251012117602,-0.03321539935353209,-1.524519645665656,2.102480911388993
6.45,0.1214945252553,1.579837550425,27.0,407.6,0.50328129529953,0.6838319897651672,1.600000023841858,30.72999954223633,0.5970655679702759,303.3760986328125,130.0,146.82,2.55,54240.0,1270.57,40.6824,30.2805,30.43,8784.0,217.9459876481201,5.105376724300736,248.869,82.267,71.105,30.43,21.438604752014506,1.7255172022880916,45.35,732077.0,19.4,31.7,48.9,35573.0,35134.0,17406.0,18.86276651066043,10.95257410296412,10.95257410296412,1.971747299884448,117.01,0.4599999999999999,0.23578866058832498,0.06605658778746151,0.0017131982310674685,0.06268010667618366,0.01139963500062004,-0.03351706128194927,0.010537451258511342,0.00390681533515459,0.034364912707242144,-0.002863711301237369,0.028489043491776105,0.002242437160690368,0.04413738083431963,0.014058714032988093,-0.049792719464283444,-0.010901237485813908,0.002417538704001339,0.014996981821954275,-0.043242257482023,-0.03598180944216437,0.050429064648225906,-0.01976534814632031,-0.0059903689729981615,0.01130741142597979,0.02294222721073309,-0.11385816757974672,-0.026238266380154536,-0.07400657784997022,0.00926410129480063,-0.023081741183181195,-0.04685902261023874,-0.06524399089126379,-0.03497604898340069,-0.026508510224753968,0.008187395152286583,-0.005109636919805778,0.01809261876798699,0.003191318737575781,-0.017261829471914143,-0.056607500920188646,0.009539419171283968,-1.8981906108082043,2.102480911388993
6.725,0.1294402405123,1.624522525286,27.5,221.9,0.5033127665519714,0.146291509270668,1.899999976158142,32.04999923706055,0.1670332103967667,227.2692108154297,129.4583129882813,41.8,0.9984,37631.0,382.0,12.2266,9.8512,4.991,6472.866666666667,481.9852705731668,4.89273134806276,78.075,30.563,28.728,4.991,21.398798506227283,0.8755846807233554,35.03,369846.0,16.504901960784316,31.65686274509804,51.83823529411765,26213.0,35691.1,13158.53,16.539135979595088,17.556710821702243,17.556710821702243,1.1884593356762363,77.55,0.001414214,0.11298826472670769,0.04936631393409336,-0.02493930231296691,0.04777617597836068,0.03113505577482285,-0.039465292238863185,-0.029893210898619137,-0.01443522348266565,0.027242602150072393,-0.001922832897864287,0.01185452446609267,0.0512836961012217,-0.04505905270914078,-0.031301388394436774,0.012617777435341898,-0.004018320348928681,-0.021704017205862323,-0.0009089393230387989,-0.01800838679593285,-0.03671884536888684,-0.004447781357797817,-0.019316625506500713,-0.005452699001296441,-0.0020865981687092977,0.006610555291990766,-0.015016488507273542,-0.03701979077362917,0.0044805770115344205,-0.05905085208092352,-0.062318145749159136,-0.06716604346386155,-0.07846317550516685,-0.00858953091758306,-0.021341445426223796,-0.015460028509318397,-0.052065261757990755,-0.016246176477055972,-0.0021410888807149946,-0.03892791694274638,0.03886408441868844,-0.008836435967939866,-1.7124829740633722,2.102480911388993
6.425000000000001,0.1688504759075,2.142072891536,27.4,289.5,0.467218428850174,0.4532169699668884,2.099999904632568,34.4900016784668,0.4125735759735107,256.8768005371094,130.0,6.34,0.062,5772.0,77.0,1.413,0.9294,2.684,76.2,654.421768707483,8.73015873015873,8.82,2.541,2.176,2.684,2.417385883124235,0.1122410186812435,81.11,43475.0,1.100962322622737,39.02707551786005,59.87196215951721,72144.0,42390.12,23847.44,16.617634982053918,2.250591120086632,2.250591120086632,1.7613416385502103,33.95,1.89,0.08324964539741628,0.006691005913249693,-0.19166030876123114,0.14662634661240737,0.01890702788950873,-0.07999893954908475,-0.11115072874678297,-0.041734579567215414,-0.08841712754045146,-0.0022577822450548625,-0.038205139249097596,0.02225539520650638,-0.06224299205193531,-0.0494046848968137,-0.038858168947510374,-0.037432037949562055,-0.046304864488542076,-0.008844455133192208,-0.031452145407442,0.009643322868854743,0.010327291834400953,0.005232856434071453,-0.031823940492118695,-0.06131559345289132,0.006083259202539914,-0.028326523397234273,-0.034118406584253566,-0.03311202129244338,0.0652454299293459,-0.09818800111173184,-0.03528842045739293,-0.014103244392783354,-0.04957182429707611,0.012244958259630978,0.007169748561398559,0.005441688202205119,0.0024732938238885005,0.04598741359100674,0.031431943838251764,-0.02071554448764066,-0.08275341147260037,-0.2545929667099262,2.102480911388993
6.25,0.173983982049,2.03767651465,27.6,218.7,0.4115930199623108,0.2535823285579681,1.399999976158142,32.68000030517578,0.2528658509254456,267.5724487304688,131.7989349365234,94.75,0.975,80886.0,573.0,36.035,30.6179,13.697,2339.8,503.33227546810537,3.5656280919222656,160.701,59.489,57.403,13.697,44.04493523854282,0.7705005543685988,37.51,683165.0,24.81513784080998,29.71825110917296,45.46661105001707,37563.0,37438.88,16936.21,15.717915646179634,15.449625511761106,15.449625511761106,1.4422353381379165,70.17,12.3,0.14615740804129745,-0.03976254577690268,-0.2319745915734675,0.13138687989756,0.024421526548452664,0.07356807756517078,-0.1147884982121177,0.06749613142397723,-0.04627635797229594,-0.003344180111424033,0.030476055274019087,0.3023678794220323,-0.005074716628762044,-0.06597848699148749,-0.02703797068318816,-0.013550427754176808,0.011070950979599781,-0.015095972188981266,-0.013080341893713831,-0.008518682894064034,-0.06563635428214902,-0.06389944572711828,0.020778005251428144,0.009166295054717843,-0.057478197226300945,-0.015297778579290044,-0.014439891372458113,-0.01019161963881927,-0.03816270889015867,-0.0029789886286016865,-0.09187420657137409,-0.08666027673135974,0.031147537800250612,-0.016003434778540337,0.04546302400669085,-0.014591636850149348,0.057124862318276425,-0.05561122053419241,-0.0596363912544912,0.05361113356635912,-0.011442974458797894,0.5528957660980522,2.102480911388993
6.640000000000001,0.2558848001299,3.503101136478,27.7,219.6,0.4768135249614716,0.2010269314050674,1.600000023841858,35.20000076293945,0.2108215540647507,148.6543884277344,68.14414978027344,50.1,1.306,41383.0,353.0,16.046,12.1913,6.776,670.2,631.7050831934056,5.388490306823385,65.51,26.747,24.969,6.776,17.9549829028876,0.4442509992904584,49.43,209556.0,6.020172305106115,47.59403235973944,46.38579533515444,76037.0,38605.82,21713.2,14.86650338874155,8.90786065415315,8.90786065415315,3.334605630605978,50.07,4.32,0.21649821948522002,0.03383410361432474,-0.248494521475397,0.11490537037001927,0.03948393280315208,-0.070053708246327,-0.07465542562271009,-0.008056125887320364,-0.22965397078840769,-0.0026523144617676573,-0.025952073548571264,-0.25559850338351675,-0.033597923673107245,-0.039724301640468196,0.010905155755812346,-0.026136097727692664,-0.026623849712661428,0.009641897615627382,-0.030010351323173323,-0.002471092313528023,-0.04772219562216194,-0.01752268384222405,-0.013441010648850393,-0.022229525020695307,0.0018011423482094501,-0.04943304189341145,-0.009146889343392061,-0.0252923575991299,-0.008719285380793751,-0.08751898900500968,0.12476874187594511,0.0751511130888248,-0.016482615634333352,-0.050153665557620075,-0.02369649689830845,0.046056500540813464,-0.040743665016139866,-0.00015134239394685168,-0.03678051460679852,-0.31122682751039965,-0.05558374903327786,-0.04067364308214745,2.102480911388993
6.805,0.1268252958939,1.320664001366,27.3,172.8,0.4161115288734436,0.2807495594024658,0.800000011920929,35.4900016784668,0.2745996415615082,284.4898376464844,130.9375762939453,46.39,1.9696,37903.0,493.0,18.997,12.4084,9.119,1097.6666666666667,438.5652299681805,5.704367949088805,86.425,31.048,20.027,9.119,23.6873667742644,0.5198347645921357,40.86,412043.0,11.40105756416319,43.837324276686296,44.76161815915051,46146.0,36086.43,16572.17,12.426995927713286,10.42342201495799,10.42342201495799,1.8765437977532649,50.36,4.55,0.12115636999718846,0.0652295356373069,0.07974803100514694,0.10613709896977522,0.058696945945383085,0.09713661107001836,-0.043535792420851,0.028667224489152376,-0.23709576065710278,-0.007151305105653605,-0.022357435412937755,0.012774842387181717,-0.08777437008020932,0.0010804187125758701,0.06609847761224952,-0.005288598473067352,0.012380094107240502,0.030205838555702934,0.008595081075327426,0.005728400869527794,-0.03588891209475693,-0.013585667873383445,0.013264139621052929,-0.005978819112875478,0.010217258949531249,0.030919248050777236,-0.0031721588695655446,-0.01943981355777944,-0.04893256223248323,-0.05342504354508126,-0.034192162761814006,0.00486388121661725,0.04367892800748811,0.0016659462836105421,0.003145397201064082,-0.08777522874844715,-0.09717499148997014,-0.04730031156074248,-0.06053494727611539,-0.06302363898151091,-0.1533057067937916,0.18537607872451187,2.102480911388993
6.835,0.2152928664995,2.151346883201,27.7,421.2,0.4462528824806213,0.1177685037255287,2.099999904632568,31.95000076293945,0.1442147940397263,269.1738586425781,129.0,113.44,6.47,113005.25,3048.97,56.37,31.11,33.02,4048.8,632.6927383685123,17.070544762331334,178.61,74.6,52.48,33.02,11.832260392384752,1.0136065476243834,41.19,962714.0,23.22925734100645,37.059541398199215,39.71120126079434,40450.0,30441.0,14677.0,7.420621787035737,5.286083690348805,5.286083690348805,0.6079000575173069,68.94,10.54,-0.0732493973912206,-0.046912238855729795,-0.27281680326524654,0.11235537481680509,-0.011382581005804249,-0.08798166931024756,-0.09649617557507002,-0.06146119138237551,0.08315078276884742,0.020204972583567727,0.01503030950902029,0.09949869213055347,0.046015227358671876,0.22851014218654023,0.020711724711814927,0.08052518180687918,0.022298820346011827,-0.007408562173717592,0.003912288964027555,-0.03432839468412567,-0.0024436836636160253,0.10200384457362821,0.01600288455537522,0.01779965072451155,0.016649276422918823,-0.05637171328242394,-0.00997506147250531,0.0002568001446780155,-0.04268943262577516,0.1499750436819158,-0.20133907851763072,0.01163525095023219,0.07854741378419568,-0.037342669210163826,0.08674622916243971,-0.041989958704914884,-0.1474877819492249,0.10909561534831295,0.11024407304008485,0.3178290992936817,-0.024375426177633996,0.65154405462055,2.102480911388993
6.85,0.2044854036256,4.393743349293,27.4,161.7,0.4772187471389771,0.1235397160053253,1.799999952316284,34.18999862670898,0.1388000845909119,243.8013305664063,129.2899780273438,90.0226,0.7435,42621.0,380.0,29.4862,26.9367,6.0698,1695.8666666666666,337.6107982224757,3.0100678849520373,126.243,48.203,43.513,6.0698,23.893469695255813,0.8922933064271592,52.67,391262.0,5.5,42.2,52.3,87708.0,38644.0,23300.0,29.21013066820637,20.030529177502824,20.030529177502824,4.456108026187788,110.8,0.3399999999999999,-0.031105835909140272,-0.010971790447423652,-0.10448093616997359,0.03757299029239219,0.009212203967501357,-0.05506819212017581,-0.04493315607530528,-0.02341115154983709,-0.06548997889249587,0.009027298903441963,-0.02414241671736817,0.04720607043785278,-0.014221078670350796,-0.032090761208557556,0.017443901339778693,-0.011506914896192022,-0.013418593732640125,0.01196119555155747,-0.014658734565542602,-0.0050910078098531895,-0.017668640988413236,-0.030179302362259443,0.006529504078265769,-0.000852614350442295,0.010705293766804954,-0.02419555608660446,-0.0294081729748286,0.009579041674383965,0.022957056366256463,-0.010870970022748231,0.0066586969558848404,-0.014979001825675362,-0.015795990498852906,-0.005214522079681055,-0.0271249062489951,0.012692245397425733,0.1016823553669383,-0.04023917838942724,-0.04526503394404431,-0.3109862732063048,0.026015728520113073,-1.4065258837127477,2.102480911388993
7.109999999999999,0.2359938898278,2.381356845608,27.3,416.7,0.2698071599006653,0.1796951144933701,1.0,34.31999969482422,0.1937560886144638,249.9428100585938,131.9918212890625,94.5485,2.1563,46537.0,680.0,35.5076,21.2759,9.55653,702.0666666666667,383.5888559182328,5.60501153972964,121.32,51.283,28.768,9.556533333333334,22.96171465687948,0.7568755271663641,40.05,477450.0,5.7139813203593866,53.40210944990944,40.88390922973117,54771.0,36208.0,22771.0,14.874310622850874,16.990620933097066,16.990620933097066,2.7751741163370838,74.2,15.77,-1.0774740804474567,0.04268031957873615,-0.1322432131340029,0.0910762217079755,-0.0011983097404008713,0.045674274906283306,-0.04672084867628297,0.04261348272603942,-0.0732618977722013,-0.004302678430569418,-0.022675619259709446,0.07733837123191918,0.017821212484501282,0.030071427031653063,0.009081303818384168,0.0009735697410070077,0.0032732171046081946,0.027607167145120882,0.04202139421598988,0.0026807946731569167,0.010753022219869336,-0.009760987307527103,0.018449374780175276,0.009086908914498005,0.021763582355226397,0.024519803927280027,-0.06266746425162997,0.024083365910104525,-0.04052162441506514,0.019627573903649987,0.10070568788656968,0.26313855159608646,0.163423166165594,-0.003956997227738623,-0.04106190037832127,0.05436178396583998,0.14498911374993612,-0.08891890433151277,-0.08383081726252564,-0.21916880034969655,0.016721188367693717,0.6110314415298633,2.102480911388993
6.815,0.1722557157185,1.662176009124,27.8,233.8,0.3344251811504364,0.4704570770263672,1.600000023841858,31.17000007629395,0.4263656735420227,243.0920715332031,129.7129364013672,107.34,6.28,66001.9,1675.31,49.3,18.28,27.37,612.65,435.2825957923893,11.048671107300668,151.63,65.22,31.43,27.37,10.04493389674318,0.8095851014325984,41.74,774172.0,21.96364940618549,42.590832655196046,35.44551793861847,49137.0,30324.0,14574.0,6.059303494414041,4.22208657852724,4.22208657852724,0.6829462442173873,55.57,1.26,0.08146879024978262,0.050360145730315664,-0.025753963927796598,0.10447578657011039,0.04256429308746007,0.07402495304297194,-0.055764573702122996,0.0011533935342449507,0.06696767845848806,-0.0037798553779721635,-0.009214820088818697,0.06716412876872348,0.036083432053797895,0.19779284159734387,0.004298492190195224,0.01804573519947017,0.012752344481647004,0.02053877259150614,0.005220082330168208,0.005801552179269498,0.016583218643558238,0.04048326461052058,0.008336314397281951,0.02691352174885101,0.03551937143981927,0.022354129203595273,0.03712966411060183,0.05323460659675766,-0.004372323429910463,0.033366157328942804,-0.021444495304022003,0.01488944113883186,0.036731991399312325,0.0010176438846393298,-0.06742253188637552,-0.02510820760531346,-0.09281012275011742,0.09517707521514973,0.12055414105625825,0.11737326296127862,-0.015602222551940891,-1.3407539548382625,2.102480911388993
6.835,0.0723150022842,0.8170048577893,27.3,533.4,0.478956401348114,0.4987780153751373,1.399999976158142,35.33000183105469,0.4490224123001099,242.5231170654297,133.0,69.61883,3.1667,31295.0,362.9812608948286,7.9764,10.4369,25.54,1008.69,431.0012394986916,4.999053310767506,72.61,11.98,17.16,25.54,29.247120158096035,0.4441104259190304,62.5,205105.42621421916,6.613355601948504,25.327743910925538,68.05890048712597,63992.0,36649.66,25491.99,8.611711314748359,6.341558665661586,6.341558665661586,2.4926882667224866,70.9,4.33,-0.23033547677658497,-0.071104849352967,0.30783210024412255,0.11931096668291134,0.10082992785295933,-0.03922024925809815,-0.0381562049265485,0.04755214958428404,-0.21241469544405112,-0.0049610700005432,-0.016825018880888852,0.15783122685633136,-0.0013188350712880492,0.07560184744186701,0.021153224337380427,-0.02133791499212385,-0.01716706430388155,0.024064228325500214,0.07511794031155292,-0.0020160644667921667,-0.0044973950893618,-0.02837876339408103,-0.00388751118094659,-0.0314738466984126,0.0009618990798480498,0.08967135743552357,-0.008462470564642,-0.005554067067336343,0.0827447432430927,-0.0645563470283523,-0.05383704572438719,-0.1480162032173248,-0.29237852775689677,0.08967765186162431,0.004941607901244471,0.06967716630909121,-0.05817624398472254,0.05574131673562806,0.048108892199001344,-0.2690491553972243,0.06780828340526202,0.1042651322529418,2.102480911388993
5.555,0.2521590479137,2.278178500774,3.8,17.0,0.2121531069278717,0.277606874704361,0.449999988079071,8.529999732971191,0.2535617649555206,287.2151489257813,132.8357696533203,126.195,0.9478,45899.0,1702.0,58.722,16.8508,16.87,882.0,223.4017181377917,8.284052468910467,205.455,93.926,30.942,16.87,33.16205965449566,1.7174502122943875,39.64,605389.0,14.2,42.9,42.8,42227.0,38884.0,17032.0,18.34775726355647,14.769191834162667,14.769191834162667,0.4028414498141264,119.4,18.66,0.27357919782388496,0.23768598733271945,-0.16581654267723198,0.06461097536538744,0.17148167645180362,0.08525648650247594,-0.07221532423887408,0.031411270550685086,0.12267266660789025,-0.008053587734699375,0.04215824634453735,0.18287013384967582,0.09422024509008047,-0.07110484275367339,0.003887968554510657,0.03815050773136321,0.06559919054294003,0.010128405097755677,-0.015245237863506244,0.05057696919748569,0.022256588764721454,0.04173719266569238,0.03272855337802325,0.06893258194078226,0.002349594208062511,0.005836499188793765,0.11172852731321473,-0.10119912456983002,-0.0380774019737727,0.023452275551448264,0.0033430576963583204,0.0077263227221556095,0.03242500341404229,-0.028144073893432476,0.004122794130700646,-0.0035385172360112406,0.056483257096260765,-0.05232780898234344,0.008184920240892169,0.16818957182718447,0.12458193828095684,1.086317933322629,2.102480911388993
5.945,0.1522563317346,1.886986682136,3.8,17.0,0.1956540644168854,0.034642856568098,0.5,7.21999979019165,0.0600076392292976,295.7795104980469,133.0,126.195,0.9478,45899.0,1702.0,58.722,16.8508,16.87,882.0,223.4017181377917,8.284052468910467,205.455,93.926,30.942,16.87,33.16205965449566,1.7174502122943875,39.64,605389.0,14.2,42.9,42.8,42227.0,38884.0,17032.0,18.34775726355647,14.769191834162667,14.769191834162667,0.4028414498141264,119.4,2.64,0.29507245952251837,0.19422319185151712,-0.017202397064538653,0.023463196007651364,0.12598663454956838,0.09942872511572207,-0.1434105083249742,0.01788453930267129,0.18360858951695264,0.08652445448818609,0.04424621755024418,0.17323437544563797,0.07967533476150132,-0.05980994836031457,0.011636038539814786,0.06245447464706366,0.05296703527146016,0.025076484813704124,0.018745348984259235,0.025712873531621838,0.1155783230253729,0.04279495784209575,0.03915187391371,0.026791833998169735,0.018767490752041472,0.010396126988576749,0.06111718128854413,-0.03373940895462883,-0.03230585784371933,0.0016625335430725085,-0.00201647840708028,0.036564614089438785,-0.024195864796056444,0.008153669895022175,-0.1218625847809017,-0.03239429092581851,0.06837451406964108,-0.0420044648936019,-0.03765417475148567,0.19342971457424588,0.15095519940392105,0.017204705312382405,2.102480911388993
6.220000000000001,0.07622649824215,0.7090772672491,2.7,28.0,0.130614772439003,0.1433392316102982,0.300000011920929,8.729999542236328,0.164671391248703,303.3760986328125,130.0,146.82,2.55,54240.0,1270.57,40.6824,30.2805,30.43,8784.0,217.9459876481201,5.105376724300736,248.869,82.267,71.105,30.43,21.438604752014506,1.7255172022880916,45.35,732077.0,19.4,31.7,48.9,35573.0,35134.0,17406.0,18.86276651066043,10.95257410296412,10.95257410296412,1.971747299884448,117.01,0.001414214,0.13410816853749563,-0.07571174294117375,0.13959576233429838,-0.1369642724475125,0.044813082403736146,0.035764920964022215,-0.028897301526274476,0.0036990188818891295,0.022054259700700622,0.018989880809444026,-0.049545473378500925,-0.004188202483463139,0.03837888664251661,-0.0024570350809953734,-0.002638178485096429,-0.027519188128411733,0.0013873855385463784,0.002962723748176366,-0.04074832193762999,-0.0533818583538523,-0.004610176290734664,-0.015874939468223638,0.004339874246739818,0.020346070011030032,0.025580335590289903,-0.05734506935335224,-0.013273458380252207,-0.03544071048032493,0.0061741155394119795,0.007945026610512312,-0.08034669871325606,-0.05128674550354474,-0.04749464743235145,-0.04405284082808063,-0.018577518736245028,-0.006198974546860002,0.04618454419542098,0.007767772878869405,0.010991085406392802,-0.045584173943148974,-0.007613544422085383,-1.7417838644011645,2.102480911388993
6.89,0.17364974024,2.296341613553,2.7,19.0,0.1220132410526276,0.2162890136241913,0.2000000029802322,8.630000114440918,0.2230312079191208,227.2692108154297,129.4583129882813,41.8,0.9984,37631.0,382.0,12.2266,9.8512,4.991,6472.866666666667,481.9852705731668,4.89273134806276,78.075,30.563,28.728,4.991,21.398798506227283,0.8755846807233554,35.03,369846.0,16.504901960784316,31.65686274509804,51.83823529411765,26213.0,35691.1,13158.53,16.539135979595088,17.556710821702243,17.556710821702243,1.1884593356762363,77.55,0.001414214,-0.038114442253950956,0.014945607509056569,-0.08832512221264185,-0.09694753381260668,0.004792837990156801,0.015876701681059813,-0.04701571372989566,0.012027922054461687,0.01716740787262097,-0.0012757685913238968,0.00955938902677736,0.035747681804699845,-0.02842855053418312,-0.02151118000212592,0.008950684277107927,-0.011789118088141532,-0.0225700479662046,-0.018159534868318623,-0.017914222055813285,-0.028201466940809005,-0.014883044006477603,-0.018147074494569097,-0.033640799004875585,-0.0028810129218036634,-0.0050760429340880025,-0.022653468032425746,-0.02879597793007267,0.0030588510832749707,-0.035655660590622584,-0.039529880013782555,-0.034618664508336214,-0.07697876680642364,-0.01477261144667862,-0.02620736213098278,-0.03590970081300471,-0.024752407360472694,0.020193243362591602,-0.05795734063303095,-0.02096931255969684,0.020708148856356252,-0.016953571039019153,-1.3334093222917294,2.102480911388993
6.880000000000001,0.1336814520919,1.696561208858,4.3,25.0,0.3824531137943268,0.5343990325927734,0.5,8.850000381469727,0.4775192141532898,256.8768005371094,130.0,6.34,0.062,5772.0,77.0,1.413,0.9294,2.684,76.2,654.421768707483,8.73015873015873,8.82,2.541,2.176,2.684,2.417385883124235,0.1122410186812435,81.11,43475.0,1.100962322622737,39.02707551786005,59.87196215951721,72144.0,42390.12,23847.44,16.617634982053918,2.250591120086632,2.250591120086632,1.7613416385502103,33.95,3.13,-0.03828346212697213,0.11134919062070552,-0.07033853084658037,-0.0564269490180304,0.006447815655032207,0.05060113765718419,-0.027423981134430498,-0.007806723032961571,-0.008310291624162348,-0.005383242844836799,-0.05867888651107207,-0.007337713108281596,-0.05322335977782496,-0.029494650453794714,0.014118438525125399,-0.048910546945524394,-0.08624181658343877,-0.034108732966240486,-0.05071322270529348,0.020485801571398055,-0.09080143615847916,0.0145213906756253,-0.06243531775812157,-0.08120517354842742,-0.00353747345297597,-0.06567248627892694,0.050539195329416496,-0.07436841488990464,0.04685157446365336,-0.0946568605277571,0.10214078343904107,-0.0137021618688014,-0.042153888653963786,0.029980355057050524,-0.060648094912408836,0.023105743828811608,0.02090465414396019,0.05339657650084706,0.02141605107043869,-0.02203618478938003,-0.05119350520975423,-0.001178989196312541,2.102480911388993
6.415,0.1007544961211,1.136353011331,3.0,27.0,0.2895459234714508,0.3809801042079926,0.3499999940395355,8.6899995803833,0.3547840714454651,267.5724487304688,131.7989349365234,94.75,0.975,80886.0,573.0,36.035,30.6179,13.697,2339.8,503.33227546810537,3.5656280919222656,160.701,59.489,57.403,13.697,44.04493523854282,0.7705005543685988,37.51,683165.0,24.81513784080998,29.71825110917296,45.46661105001707,37563.0,37438.88,16936.21,15.717915646179634,15.449625511761106,15.449625511761106,1.4422353381379165,70.17,41.0,0.4676401144190459,-0.014136518100043748,0.38308267151156905,-0.3761561958784004,0.13162902927130932,-0.02370953626767742,-0.07012239774712367,-0.015329475293867346,0.007455406460794722,-0.007190485302126071,0.06908011628617532,0.4544322004992282,0.0228073552632704,-0.06537715978873893,-0.017392001694999704,-0.02435326871625152,0.021958140433067385,-0.00583592377457538,-0.006281648997915901,0.0065552606242708315,-0.07108087124477605,-0.07477236869256006,0.008543298436619806,0.0378500705566257,-0.020401537736761323,-0.0037120185827369755,-0.043312205647816925,0.012487878045300072,-0.018499306306010065,0.10877059044991622,-0.06297013656154744,-0.05899484272021802,0.01445187394344254,-0.051140728789381674,0.0730592248138274,-0.009573207695037157,-9.47548192919978e-06,-0.037495830494444826,-0.07826779668498787,0.05116032581101175,0.00862158860196367,1.2363428877311526,2.102480911388993
6.645,0.2973392050863,3.882291161179,3.1,21.0,0.2597025632858276,0.3728253245353699,0.5,10.52000045776367,0.3482602834701538,148.6543884277344,68.14414978027344,50.1,1.306,41383.0,353.0,16.046,12.1913,6.776,670.2,631.7050831934056,5.388490306823385,65.51,26.747,24.969,6.776,17.9549829028876,0.4442509992904584,49.43,209556.0,6.020172305106115,47.59403235973944,46.38579533515444,76037.0,38605.82,21713.2,14.86650338874155,8.90786065415315,8.90786065415315,3.334605630605978,50.07,36.760000000000005,0.2992361310151755,0.07623347990855112,-0.2503725070595392,-0.24671404871606492,-0.002841612079995648,0.019779569010366684,-0.08998878018814144,-0.006300294239306892,-0.039898492921842256,-0.004236041646450794,-0.07519577973050759,-0.33253901236946704,-0.09822252098622261,-0.042356805424264066,0.00642177547758912,-0.02890294643200462,-0.05576290846092167,-0.03703252050746232,-0.06350923934951425,0.0071680441164644225,-0.09478628814930559,-0.01966242626530589,-0.08227680885128202,-0.05939404465327967,-0.021549623465049093,-0.041089243381517,-0.025912813321512584,-0.03869696353445755,0.01955092891328968,-0.14013451759703463,0.09394469805312101,0.23480104454420508,0.06852558832755314,-0.12271130316704511,0.03876130463567092,0.008058164756104847,0.014296653840923667,0.0373648613813566,-0.07968238659121563,-0.47404788701969663,-0.18811816668650133,0.8435620148950255,2.102480911388993
6.744999999999999,0.190567550905,2.302765231833,4.4,15.0,0.3107393682003021,0.2610255777835846,0.300000011920929,10.78999996185303,0.2588204741477966,284.4898376464844,130.9375762939453,46.39,1.9696,37903.0,493.0,18.997,12.4084,9.119,1097.6666666666667,438.5652299681805,5.704367949088805,86.425,31.048,20.027,9.119,23.6873667742644,0.5198347645921357,40.86,412043.0,11.40105756416319,43.837324276686296,44.76161815915051,46146.0,36086.43,16572.17,12.426995927713286,10.42342201495799,10.42342201495799,1.8765437977532649,50.36,25.380000000000003,0.3189594806728418,0.12736533366469677,-0.11716480103094358,-0.0009301248642150428,-0.030393762401654346,0.060131081812549336,-0.09420234047470148,0.012244941813871302,-0.04888642748189158,-0.005858790579717632,0.01221228564286132,0.0714225941594923,-0.07043149384541911,0.0027536222939379186,0.04837712336215183,0.015922896082629378,-0.008792997354816135,0.040514568564540235,0.057924015809432586,0.0169227873273194,-0.010322096008108872,0.015838074448634897,0.007186024544760627,0.050805482236552124,0.007337063784594667,0.05074387234257294,0.015586997888283771,-0.012271958918659887,-0.13361960404645656,-0.10417509046249321,-0.022152027002884968,0.05879209085332693,0.049106897375895596,0.007093465887475792,0.12624652696761768,-0.11516338671668203,-0.12940623628190945,0.04016099959716668,-0.04237253700487775,-0.05701518590521297,-0.16712675556447357,1.2152533364011908,2.102480911388993
7.05,0.1691529316109,1.614295478722,3.1,16.0,0.4082054197788239,0.5365220308303833,0.75,7.329999923706055,0.4792176187038422,269.1738586425781,129.0,113.44,6.47,113005.25,3048.97,56.37,31.11,33.02,4048.8,632.6927383685123,17.070544762331334,178.61,74.6,52.48,33.02,11.832260392384752,1.0136065476243834,41.19,962714.0,23.22925734100645,37.059541398199215,39.71120126079434,40450.0,30441.0,14677.0,7.420621787035737,5.286083690348805,5.286083690348805,0.6079000575173069,68.94,4.13,-0.41700493955460843,0.07329028261255002,-0.08031620325613768,-0.08840762603376062,0.03952925734187014,0.04591934805805795,-0.0075745631165336615,0.045728465151623876,0.015228550025261934,-0.0036837718347087823,0.017258847518591126,0.12967277672409544,0.019094430131372,0.2394751718996559,-0.0716956858583726,0.0748720071153947,0.010245490955538172,0.021894413423841,0.025325970870442683,-0.030381509826518615,-0.08582464520051145,0.15188060625933583,0.020212781324866258,0.013919308837153999,-0.0019509307076222893,0.022604206380317838,-0.007350912962341738,0.01597976649319759,-0.0507874246556312,0.34321831503906297,-0.14151854661444668,0.036687812375021236,0.03297776146710387,-0.0029051493126899474,0.1580712364350911,-0.048392238508211415,-0.15685909420019012,0.11159405935637187,0.0521639269965235,0.24278328985720873,0.011011708859237922,0.17605290732055429,2.102480911388993
6.83,0.1606819690298,2.347291146801,3.4,7.0,0.1968807429075241,0.4173991978168488,0.4000000059604645,7.550000190734863,0.383919358253479,243.8013305664063,129.2899780273438,90.0226,0.7435,42621.0,380.0,29.4862,26.9367,6.0698,1695.8666666666666,337.6107982224757,3.0100678849520373,126.243,48.203,43.513,6.0698,23.893469695255813,0.8922933064271592,52.67,391262.0,5.5,42.2,52.3,87708.0,38644.0,23300.0,29.21013066820637,20.030529177502824,20.030529177502824,4.456108026187788,110.8,0.5700000000000001,-0.06729815172066442,0.003941083243407787,-0.06465148239879637,-0.00430122624500659,-0.05718351678858744,0.0009211734749842466,-0.04001178459438959,-0.0035808145905612335,-0.012599036494619196,-0.0013482608174672293,-0.023102778110885982,0.06745386702404359,-0.000748110701330007,-0.028707115704659354,-0.0028543123267590607,-0.013926021441468015,-0.009175785441359068,-0.0055551381234544735,-0.010240370401181262,-0.002104957051167755,0.006009795477031715,-0.02429224038473332,0.0021128416900755924,0.00707954383711328,0.0011562465349561804,-0.017694710578187344,-0.03997835794987622,0.005922630260000032,0.042936024879221754,-0.025880568811902795,0.003379292950965447,0.0019115436187712922,-0.03131106694205659,0.03431995906145308,-0.023511032603099037,0.01334388697810937,0.13536722455959535,-0.09037288658844769,-0.06437493352027376,-0.3308977253673365,0.02727978306077423,-1.4576965768232477,2.102480911388993
6.869999999999999,0.1145043187526,1.247618436804,2.5,13.0,0.1359676569700241,0.2386392802000046,0.2000000029802322,7.710000038146973,0.2409114241600037,249.9428100585938,131.9918212890625,94.5485,2.1563,46537.0,680.0,35.5076,21.2759,9.55653,702.0666666666667,383.5888559182328,5.60501153972964,121.32,51.283,28.768,9.556533333333334,22.96171465687948,0.7568755271663641,40.05,477450.0,5.7139813203593866,53.40210944990944,40.88390922973117,54771.0,36208.0,22771.0,14.874310622850874,16.990620933097066,16.990620933097066,2.7751741163370838,74.2,1.42,-0.06973070972826097,-0.14476515311730329,0.04537115232995714,-0.14167601207003458,-0.08970726128690878,0.0012619971778476458,0.01648656042478981,0.03129715854360257,-0.013227527767943673,-0.0031757558295503418,-0.016308767719776424,0.030024982584873232,0.004828615189937435,-0.011306463419226958,0.006265792034333561,-0.0031430255043087495,0.007449330623145245,0.025837070092675274,-0.029681326899910338,0.004037794805830319,-0.004126866814447572,-0.018459298313711753,0.017256640298524868,0.023873070344096102,0.02161613058485094,-0.029351526696351347,-0.01612561283714602,-0.0038007785156369046,-0.031627144155325373,0.0067360125946579474,-0.03060092418908607,0.07791623418754896,0.053505069719161844,0.024139870780170887,0.052482652627863016,0.03811297680146526,0.006976799606345607,-0.0552932254616171,-0.05002733690652532,-0.16004443942464425,-0.0014318940802477032,-1.2561428353533848,2.102480911388993
6.825,0.1765552201383,1.925569515421,3.0,9.0,0.3023658096790314,0.4583475291728973,0.6000000238418579,7.800000190734863,0.4166780114173889,243.0920715332031,129.7129364013672,107.34,6.28,66001.9,1675.31,49.3,18.28,27.37,612.65,435.2825957923893,11.048671107300668,151.63,65.22,31.43,27.37,10.04493389674318,0.8095851014325984,41.74,774172.0,21.96364940618549,42.590832655196046,35.44551793861847,49137.0,30324.0,14574.0,6.059303494414041,4.22208657852724,4.22208657852724,0.6829462442173873,55.57,3.8,0.11906957068736665,0.13895860340725633,-0.06420000972109845,-0.1983266582033248,-0.0626141903353273,0.05643772183032707,-0.12033454821060885,-0.01984061002742965,-0.02015923227462917,-0.004331438920460706,-0.0224583620252087,0.12439008123712847,0.041966477831476355,0.17730198906699657,0.0018276342410826984,0.028732623780611966,0.024858075839467374,0.002883387119392955,0.01574072813364913,0.026830121744424118,0.024199063833337253,0.03490536751388582,0.009201398491393831,0.014056224523985273,0.015552696557308131,0.026145612700609444,0.009671438534860499,0.011972517331130894,-0.017410318044479945,0.045698441053042216,-0.14086193112167528,0.0936583594150143,0.05387185878941092,-0.01265000307280575,0.14986501087807116,-0.022003648126381514,-0.21018705278635022,0.1102540688791778,0.1761681124104652,0.25345507255964905,-0.08044753619225234,0.1904850104263169,2.102480911388993
7.12,0.05211915154462,0.6050561967567,2.7,4.0,0.1649818420410156,0.2946636974811554,0.4000000059604645,6.630000114440918,0.2857309579849243,242.5231170654297,133.0,69.61883,3.1667,31295.0,362.9812608948286,7.9764,10.4369,25.54,1008.69,431.0012394986916,4.999053310767506,72.61,11.98,17.16,25.54,29.247120158096035,0.4441104259190304,62.5,205105.42621421916,6.613355601948504,25.327743910925538,68.05890048712597,63992.0,36649.66,25491.99,8.611711314748359,6.341558665661586,6.341558665661586,2.4926882667224866,70.9,4.42,-0.7661258018417284,-0.4385790421980782,0.13504479072685355,-0.13814423513237845,-0.17279351496952583,-0.007033851288550058,-0.03353749938035621,-0.0010490517662837817,0.026966660314006758,-0.002586151224095362,-0.007189104787365041,0.03296186005382331,-0.013986365795717558,0.04461775114160266,-0.00578436738229357,-0.013033741637133079,-0.0245458626857726,-0.01106580478535037,0.02633174080459863,0.005804381039110029,-0.0018634228922892071,-0.014936488008708688,-0.004491847196361076,-0.029443162798532284,-0.015584609246230664,0.023293135951273147,-0.029083383172983278,0.014758995816810066,0.06877797245787225,-0.06306498801533598,0.03250858375150713,-0.12365862678759729,-0.10266315776866394,0.0145001346998615,0.06137676298990845,0.0242468016354833,-0.09719691568415145,0.02395619677286594,0.02681307817331981,-0.19410160657938108,0.00270853867661206,0.06230366060184315,2.102480911388993
6.32,0.1405047339064,1.54002453671,19.1,28.0,0.6302679777145386,0.765863835811615,1.700000047683716,25.14999961853027,0.662691056728363,287.2151489257813,132.8357696533203,126.195,0.9478,45899.0,1702.0,58.722,16.8508,16.87,882.0,223.4017181377917,8.284052468910467,205.455,93.926,30.942,16.87,33.16205965449566,1.7174502122943875,39.64,605389.0,14.2,42.9,42.8,42227.0,38884.0,17032.0,18.34775726355647,14.769191834162667,14.769191834162667,0.4028414498141264,119.4,16.69,0.004241932518663782,0.18252549061109308,-0.2258833856139099,0.03144480646320154,0.010522744579939226,-0.44401980334590185,-0.09824282908765598,-0.09923376712016763,-0.020585333260940343,-0.00618909462564623,-0.031044518194161364,0.04534447984513821,0.11215493402595164,-0.0824317596834735,-0.019175244071753618,-0.012693160948110748,0.05787929615576286,0.004012744911480626,0.004000346744083827,0.027416139670298434,-0.05965407738159416,-0.011422170749981975,-0.030531498709344306,0.03030379737861231,-0.0167130148947471,-0.00460531619540423,0.06510548957751598,-0.11056064562918619,-0.036659449422033565,0.007009211093420164,-0.045772839196841275,0.019367300738347693,0.009881211517960776,-0.026057195976143754,-0.13675943526206538,-0.06031646156054917,0.06260423169401486,-0.02441761353169567,-0.024302825029706553,0.1576523523936048,0.022091833480051816,0.9103948681898182,2.102480911388993
6.265,0.1382626852967,1.462918458051,19.1,28.0,0.5608036518096924,0.8136013150215149,1.899999976158142,21.82999992370605,0.7008810639381409,295.7795104980469,133.0,126.195,0.9478,45899.0,1702.0,58.722,16.8508,16.87,882.0,223.4017181377917,8.284052468910467,205.455,93.926,30.942,16.87,33.16205965449566,1.7174502122943875,39.64,605389.0,14.2,42.9,42.8,42227.0,38884.0,17032.0,18.34775726355647,14.769191834162667,14.769191834162667,0.4028414498141264,119.4,4.48,0.05279007437801926,0.24351289293554146,-0.13276173807145103,-0.018858403586666128,-0.02357653294608464,0.03538875052903321,-0.14423637932981365,-0.07133108359866307,-0.004274199959007063,-0.005390117790317173,0.059743507117149396,0.05038673238141922,0.07251756915519947,-0.03541920403600669,-0.003547447062213771,-0.029629778895876303,0.02790735842776475,0.01794113159854891,-0.006644463013741109,0.0078083495533792565,0.07457861220254561,0.015480101970839289,-0.020599776860908657,0.03721506267157384,0.014025462673045741,-0.012983941549551759,0.021555806863936634,-0.03734618038986803,-0.044747664991999,0.02157035504840321,-0.021371719782939214,0.026231392088229756,-0.006003957593231446,-0.013101078985840963,-0.07687617193162441,-0.04656861634040257,0.03625588039844287,-0.02556573472090533,-0.0289802555224159,0.12917368390120104,0.09715079441061247,0.20043920679506844,2.102480911388993
6.93,0.05768797243834,0.6174817119731,18.2,0.0,0.4405795335769653,0.6189005970954895,1.299999952316284,25.8700008392334,0.5451204776763916,303.3760986328125,130.0,146.82,2.55,54240.0,1270.57,40.6824,30.2805,30.43,8784.0,217.9459876481201,5.105376724300736,248.869,82.267,71.105,30.43,21.438604752014506,1.7255172022880916,45.35,732077.0,19.4,31.7,48.9,35573.0,35134.0,17406.0,18.86276651066043,10.95257410296412,10.95257410296412,1.971747299884448,117.01,0.0699999999999999,-0.05652289841684973,-0.3766834857325302,0.13103664643387308,-0.014534492476377647,-0.12726192164968236,-0.006335676779621244,-0.022414495536126178,0.010769315161742208,0.025631556121865285,-0.0016450738077983453,-0.0111747107442934,-0.014490051238331959,0.04041160827723797,-0.0029972047400078578,-0.005430381943238879,0.00816407695022647,-0.003692818374256568,0.004631121676473423,-0.02372212578635661,-0.07391807828692253,-0.011306053266627706,-0.016970605112728646,0.009131667956360678,0.012604062759550269,-0.0014656665915390443,-0.021231336228083812,-0.0005772949808743079,-0.025126015299232675,-0.006938562298950263,-0.008108059964608413,-0.071884193202015,-0.03944781161949507,-0.0023034576079808467,-0.024358192478073765,0.007252435766742565,-0.010927308996324474,0.06418293146160431,-0.0021337562391999655,-0.010542471422813796,-0.05804574699676596,-0.0038428684944519878,-1.3569732092359337,2.102480911388993
7.3,0.08830742099776,0.9563473484437,19.3,7.0,0.4589750170707703,0.6835933923721313,1.100000023841858,26.98999977111816,0.5968747138977051,227.2692108154297,129.4583129882813,41.8,0.9984,37631.0,382.0,12.2266,9.8512,4.991,6472.866666666667,481.9852705731668,4.89273134806276,78.075,30.563,28.728,4.991,21.398798506227283,0.8755846807233554,35.03,369846.0,16.504901960784316,31.65686274509804,51.83823529411765,26213.0,35691.1,13158.53,16.539135979595088,17.556710821702243,17.556710821702243,1.1884593356762363,77.55,0.05,-0.34553956535877656,-0.10853997287119273,0.0756496915072785,-0.02264622513449286,-0.06555252454744187,-0.03189079155802024,-0.0039486488680704444,0.0034600788275711203,0.02119635363161798,-0.0018505326748127094,0.016215247448591954,0.024626183525659134,-0.04976723412564023,-0.03704935146687784,-0.008222758897580253,-0.012613946254306915,-0.015560372241656267,-0.026826835796877245,0.019285582288459436,-0.004483115672541298,-0.01957339337927985,-0.014031005019787676,-0.0026324331588693946,-0.006530317475611863,-0.012302922610193499,0.01262644725356948,-0.015077960015449195,0.0024059451287030574,-0.055534089005668655,-0.052605004557233735,-0.037211592498060775,-0.07460588497607386,0.0010923328180797625,-0.032315966596768705,0.0001716612411255286,-0.0317157824623864,0.002973664648598026,-0.09277655246818904,-0.045154483966412945,-0.004607525283994625,-0.005554672972706625,-1.0442514832857994,2.102480911388993
6.885,0.08938325883726,0.9556439068384,20.0,29.0,0.676328182220459,0.9666127562522888,2.599999904632568,23.77000045776367,0.827003538608551,256.8768005371094,130.0,6.34,0.062,5772.0,77.0,1.413,0.9294,2.684,76.2,654.421768707483,8.73015873015873,8.82,2.541,2.176,2.684,2.417385883124235,0.1122410186812435,81.11,43475.0,1.100962322622737,39.02707551786005,59.87196215951721,72144.0,42390.12,23847.44,16.617634982053918,2.250591120086632,2.250591120086632,1.7613416385502103,33.95,60.27,-0.07835559105465648,-0.6003474435310345,0.35589863460528426,0.22705179261858582,0.0927237498653121,-0.05130607139650969,0.39989528077072467,0.03083196386595959,0.02357350276375645,-0.004978068057680507,-0.027462097454234134,-0.03869688587170097,-0.15693825000117068,-0.06308906335977371,-0.05646433259849422,-0.05842992226826023,-0.08234463384607808,-0.08307244019408241,-0.06041250791796482,0.042462980764801594,0.011632033029920396,0.020348570746951712,-0.07803193159354845,-0.13517320034070882,-0.05001169256871807,-0.0723863716187189,-0.037615238145808624,-0.07491268633428261,0.1324031758058118,-0.18292470131162547,-0.09211245434894233,0.017541054466622817,-0.04524264323478562,0.09079865967558003,-0.04435027444537258,0.035465291156899184,0.010568615857744646,0.026913387326989315,0.025879190388601314,-0.0038380535019096663,0.0355868728482164,0.9213380809579977,2.102480911388993
6.41,0.1030776253343,1.047196481415,18.7,33.0,0.4507595300674438,0.6250419616699219,1.100000023841858,25.38999938964844,0.5500335693359375,267.5724487304688,131.7989349365234,94.75,0.975,80886.0,573.0,36.035,30.6179,13.697,2339.8,503.33227546810537,3.5656280919222656,160.701,59.489,57.403,13.697,44.04493523854282,0.7705005543685988,37.51,683165.0,24.81513784080998,29.71825110917296,45.46661105001707,37563.0,37438.88,16936.21,15.717915646179634,15.449625511761106,15.449625511761106,1.4422353381379165,70.17,18.08,0.42413240735640284,-0.09107403045071986,0.5720199534085113,0.06792091533099309,0.14560493932035745,0.09052132682665237,0.015737756797345192,0.07084154226619277,-0.02855508619267493,-0.006383822061470612,0.05413707966241064,0.574456758913584,0.005925147310132206,-0.06170754966605459,-0.024434020963381032,-0.019057105834712273,0.011498161822324637,-0.020513795011327683,0.006559813752072041,-0.0017550967725690648,-0.046770767327398,-0.09021283894649242,0.022995823408942663,0.01646028996433595,-0.002804587196558672,0.01497866457537742,-0.07199301074154218,-0.01648532237287146,-0.09064654173026784,0.04948525359563061,-0.03243724163493611,-0.10576975740026681,0.031602204805472954,-0.03569412617373744,0.13334275192208586,-0.012815499177551893,0.059646745034260665,-0.06291174630797461,-0.03807344275480127,0.07219646058091907,0.011774215662327992,1.2294961479770719,2.102480911388993
7.08,0.1546684837325,2.108195949799,19.3,11.0,0.4887903034687042,0.6446688175201416,2.400000095367432,22.59000015258789,0.5657350420951843,148.6543884277344,68.14414978027344,50.1,1.306,41383.0,353.0,16.046,12.1913,6.776,670.2,631.7050831934056,5.388490306823385,65.51,26.747,24.969,6.776,17.9549829028876,0.4442509992904584,49.43,209556.0,6.020172305106115,47.59403235973944,46.38579533515444,76037.0,38605.82,21713.2,14.86650338874155,8.90786065415315,8.90786065415315,3.334605630605978,50.07,4.16,-0.4859403960626804,0.07127401981141891,-0.13511408037424552,-0.0496101255078684,-0.005758565793395992,-0.047182172969682176,0.0004941654006252238,-0.01058829489641357,0.0027287782906787574,-0.002160721065476545,-0.03538136689423117,-0.20702273867756596,-0.03129466355789919,-0.04429763458832166,0.01416172271594402,-0.021127879908541237,-0.031117558637866756,-0.02749433742836112,-0.030992225787718757,-0.005536746278929011,-0.09675978183641566,-0.01294380808109416,-0.019078015672275805,-0.021042094577569496,-0.015746194996871098,-0.047861982396105326,-0.0021733566807816017,-0.04150420846522318,-0.008345461687422357,-0.16585103512648489,0.18382663092424628,-0.00033758113801013456,0.0044134509100112965,0.02342902260844132,-0.026378506428445674,0.011268330422230011,-0.0314424566103844,0.021979976705624717,-0.01739768639463,-0.2801058035856113,-0.11113540287525389,-0.05513348852482153,2.102480911388993
7.05,0.2009573923785,2.454004650977,20.0,13.0,0.6137903928756714,0.8649687767028809,1.200000047683716,24.61000061035156,0.7419750094413757,284.4898376464844,130.9375762939453,46.39,1.9696,37903.0,493.0,18.997,12.4084,9.119,1097.6666666666667,438.5652299681805,5.704367949088805,86.425,31.048,20.027,9.119,23.6873667742644,0.5198347645921357,40.86,412043.0,11.40105756416319,43.837324276686296,44.76161815915051,46146.0,36086.43,16572.17,12.426995927713286,10.42342201495799,10.42342201495799,1.8765437977532649,50.36,5.38,-0.27687835177924713,0.0824541746865725,-0.08764194231643344,0.06642669978016055,-0.037056124750175536,-0.3102351625140872,-0.08358918181021,0.00926003417663741,0.0060806185278925225,-0.0022974394059274593,-0.02006198767764722,0.029387580218201027,-0.057704452366800954,-0.0008514961374457397,0.03027651940000937,-0.008797891329100827,-0.024262844704906472,0.009908909043471813,0.003542055718193271,0.0062084073092555595,-0.043893380764056876,-0.015635845272801818,-0.006334302054485308,-0.006492150982143352,0.021280004582600664,-0.005163402193691591,-0.02004908004606839,-0.024672717140521903,-0.07521188890666233,-0.06010395227745176,0.031233676115982222,-0.0266440215027542,-0.018351568877580583,-0.002800759754027227,-0.03939850871806262,-0.037473174886836214,-0.09144113924272827,0.008216069889371347,-0.04137933962373062,-0.12910801620257548,-0.07431109239673238,0.06206715746631377,2.102480911388993
7.04,0.09079972775049,0.7268085050842,18.4,25.0,0.7011379599571228,0.9581373929977416,2.700000047683716,22.72999954223633,0.8165099024772644,269.1738586425781,129.0,113.44,6.47,113005.25,3048.97,56.37,31.11,33.02,4048.8,632.6927383685123,17.070544762331334,178.61,74.6,52.48,33.02,11.832260392384752,1.0136065476243834,41.19,962714.0,23.22925734100645,37.059541398199215,39.71120126079434,40450.0,30441.0,14677.0,7.420621787035737,5.286083690348805,5.286083690348805,0.6079000575173069,68.94,3.71,-0.5460115686430945,-0.18362163284129912,0.6339162363095675,-0.044089412878733136,0.11228142735490103,-0.06324458563025108,0.4531282662975135,0.13022452719777353,0.028676047374727287,-0.006450781050138232,0.01861004016979142,0.1461719185526018,0.02544055423961251,0.20655616247653966,-0.02199975824309508,-0.005576634877594277,0.014155483992537521,0.012327452323865073,-0.019629153591929915,0.006249022439820728,-0.01883641645871108,0.0796138563290005,0.006818777994718439,0.011005815835786036,0.03271655890496912,-0.0028098155203043263,0.030247009297716444,0.019737885881448113,-0.012120883262483461,0.644747667559306,-0.04100149780244104,0.0119721385526937,0.0784959987177281,-0.049683378257439535,0.07032737211161293,-0.02363046942907383,-0.17519591074611524,0.07736371488217264,0.1187794655626639,0.2615718228440964,0.007802480394952127,0.11077120996580939,2.102480911388993
7.19,0.1593194119943,2.625257472965,19.4,17.0,0.513699471950531,0.785018801689148,1.899999976158142,25.96999931335449,0.6780150532722473,243.8013305664063,129.2899780273438,90.0226,0.7435,42621.0,380.0,29.4862,26.9367,6.0698,1695.8666666666666,337.6107982224757,3.0100678849520373,126.243,48.203,43.513,6.0698,23.893469695255813,0.8922933064271592,52.67,391262.0,5.5,42.2,52.3,87708.0,38644.0,23300.0,29.21013066820637,20.030529177502824,20.030529177502824,4.456108026187788,110.8,6.790000000000001,-0.6380170423627132,0.0166778943940881,-0.15181499979121144,0.03942734385898798,0.049625039001461105,-0.07118542262935079,-0.07814726854383477,-0.03267236297391354,0.04697426584817001,-0.0031125970851863193,-0.04872747564897868,0.11268699987098807,0.012506754915812057,-0.056218797585112,0.006086975399637562,-0.02935291066463098,0.0004947160191368539,0.0234229264986352,-0.010251956608612112,-0.001498760582646319,0.020959146203822453,-0.04250941997894554,0.01168948328366971,0.0033609084310591954,0.009346716003841782,0.0044674959921977234,-0.0522453426497523,0.01119065257685723,-0.006201312880380993,-0.003499714261270148,0.08771274893020743,-0.04801473560091102,-0.09454925495921636,-0.009932731792214333,-0.08235988534241914,0.056697699981974506,0.24492267983814237,-0.11488407204288524,-0.1075641550760484,-0.4953235110124806,0.049117280429112765,0.15109628820070065,2.102480911388993
7.12,0.1467348950418,1.467844401516,18.2,18.0,0.6687385439872742,0.8945724964141846,2.299999952316284,26.07999992370605,0.7656580209732056,249.9428100585938,131.9918212890625,94.5485,2.1563,46537.0,680.0,35.5076,21.2759,9.55653,702.0666666666667,383.5888559182328,5.60501153972964,121.32,51.283,28.768,9.556533333333334,22.96171465687948,0.7568755271663641,40.05,477450.0,5.7139813203593866,53.40210944990944,40.88390922973117,54771.0,36208.0,22771.0,14.874310622850874,16.990620933097066,16.990620933097066,2.7751741163370838,74.2,3.26,-0.8028804600195727,0.03868097426823812,-0.12300914249091872,-0.04088695003441534,-0.010994361114862784,-0.23580650719889676,0.07305835729243698,-0.02281579639657868,0.035478124477434834,-0.0030260322000831173,-0.03884327855688752,0.00801045418239672,0.005329384450102159,0.00816887753171619,0.005246398719260426,0.0014088631693739528,0.005555312402197188,0.01732211372163146,0.014323090323945497,-0.005876994527061452,-0.0033451983725535928,-0.0007746411571279311,0.015566126058925845,0.015640325653657815,0.0027323311632498903,0.01908470663375924,-0.04375933405087564,0.013312739903572957,-0.039494235420657754,-0.01736879115644845,0.017071429331088416,0.0843741451066453,0.08178359132161134,0.016435336346097763,0.006147049212187982,0.04223570351774105,0.012596256799588456,-0.07023273756657723,-0.0988401502807392,-0.10565857688745015,-0.00307733988261315,-0.10616621073614803,2.102480911388993
7.225,0.1234688595027,1.205059814803,18.9,5.0,0.56145840883255,0.8666871786117554,2.599999904632568,24.04999923706055,0.7433497309684753,243.0920715332031,129.7129364013672,107.34,6.28,66001.9,1675.31,49.3,18.28,27.37,612.65,435.2825957923893,11.048671107300668,151.63,65.22,31.43,27.37,10.04493389674318,0.8095851014325984,41.74,774172.0,21.96364940618549,42.590832655196046,35.44551793861847,49137.0,30324.0,14574.0,6.059303494414041,4.22208657852724,4.22208657852724,0.6829462442173873,55.57,4.94,-0.8858590097504203,-0.0021917657383018875,0.10819014574040194,-0.038495809206622676,-0.11136472632270307,-0.02310700719559098,-0.06994226901698856,-0.02169436137308367,0.008923790035420032,-0.0034491554163396778,-0.019702255952055568,0.12587424750672654,0.015731402883888235,0.2645869808876888,0.010775586295756456,0.0025610559700289803,0.019008460717042965,0.011859087685705183,-0.0038010102044791607,0.018925115012680172,0.01021174126688853,0.02782618275075226,0.018430090659763688,0.016809875365346748,0.013466114786686334,-0.00811455182777716,0.03397087268112233,0.019578921790584024,-0.022289171950891595,0.03686223063711069,-0.31536765913490666,0.18438068102579572,-0.08447005407733373,0.025492858823854502,0.20408461536001407,-0.047253604216966824,-0.11975663667917251,0.2383657153986861,0.17320488292898523,0.11391928889031984,-0.07179792002181065,0.15024184355931355,2.102480911388993
6.855,0.03076168732213,0.273770872194,18.8,32.0,0.3367940187454224,0.4881641268730164,0.8999999761581421,30.17000007629395,0.4405312836170197,242.5231170654297,133.0,69.61883,3.1667,31295.0,362.9812608948286,7.9764,10.4369,25.54,1008.69,431.0012394986916,4.999053310767506,72.61,11.98,17.16,25.54,29.247120158096035,0.4441104259190304,62.5,205105.42621421916,6.613355601948504,25.327743910925538,68.05890048712597,63992.0,36649.66,25491.99,8.611711314748359,6.341558665661586,6.341558665661586,2.4926882667224866,70.9,2.49,-0.1707772035876987,-0.6023225572651135,0.2262439007450594,-0.042883577162399836,0.05458133519004334,0.06567473659547982,-0.07476999905298001,0.02563871749921236,0.05641437597293408,-0.005276206060196275,-0.012335145108634649,0.08283939678396564,-0.005300674308440678,0.0706083089851891,-0.014949578764615602,-0.02931851671088953,-0.03519056388887112,0.004159417434129853,0.08133638270571832,0.008130399418878387,-0.003355347802746167,-0.02708713971590624,0.002067595254979093,-0.03829706203332174,0.010932965185260346,0.06618854506989011,-0.014127285292197467,0.015422897969256156,0.07272193709335983,-0.09550254155520817,0.015431747631577352,-0.1043426317356061,-0.12093600540026091,0.03850888365739961,0.013641690183430932,0.022954692905885234,-0.15954119163611905,0.060405770367826316,0.055300410561612744,-0.2530378139316453,-0.016825248477922217,-0.06299175370647572,2.102480911388993
6.13,0.1132376351737,1.085110961347,28.8,116.8,0.6129671335220337,0.1863466501235962,1.799999952316284,32.68000030517578,0.1990773230791092,329.3404541015625,131.0,49.512,0.336,36853.0,138.0,15.7684,11.0015,13.688,535.0,582.73904587214,2.1821286823421517,63.241,25.634,18.924,13.688,10.207596868462485,1.431208510245323,64.28,314899.0,7.9,22.3,69.8,42653.0,44208.0,19416.0,15.289797719630393,12.30765986180222,12.30765986180222,0.1473591078066914,99.5,11.26,0.0941223175722407,-0.42099682434200075,0.08315451446780936,0.03246311303589031,0.04879744718829173,-0.4927060362291522,-0.030726272255997077,-0.06290158154442907,-0.06854565133445437,-0.004710482064285271,-0.06475312844367,0.019966751908767077,-0.05306702806660905,-0.08054038649011641,-0.019359516187454483,-0.031125037189107408,-0.03638103402615524,-0.010866535792243703,0.026065225378260993,0.02271445168496574,-0.005994881851133016,-0.07086964480637106,-0.024541551973903574,-0.03643505489535159,-0.025031015936285227,0.026911687122425067,-0.0424622996650869,0.04079341254552127,0.04176690147561026,-0.1123077451569261,-0.08175911148672461,-0.05472335574042518,-0.07554104706470388,-0.05593181792192629,-0.09158820935612311,0.006951565260358605,0.0011276278219302105,-0.00630948243744206,-0.0018776057314826345,0.03611796595598573,0.0006750260150875209,0.3345969902962679,2.102480911388993
6.375,0.226203811064,2.268647150833,28.0,354.1,0.3739136755466461,0.5626747012138367,1.200000047683716,33.47000122070312,0.5001397728919983,370.5200500488281,132.7790679931641,78.86,1.51,42101.0,1310.02,57.39,30.39,23.13,2283.8,239.6050310170167,7.455580217403678,175.70999999999998,75.89,47.08,23.13,11.640145980325425,1.1288686636714582,52.2,686334.0,16.06716086336319,29.95130135865117,53.98150854710848,36106.0,32559.0,16815.0,12.881572327495135,5.887189901806822,5.887189901806822,0.6001059414337037,94.45,3.770000000000001,0.09962327687372449,-0.03734326241363304,-0.19513309818267588,0.09352944335248314,-0.0190797013546107,0.0785234639763367,-0.02423747073358391,0.06517317846138027,-0.14161215814948086,-0.00678759355656795,-0.042011974965047494,0.1232081771810772,-0.018814394476939954,-0.036943742165691254,-0.002856957329553489,0.013972213663160881,0.022997697581187904,-0.01363404857413839,-0.005646752360975338,-0.008513215799350271,-0.012401473926613149,0.015144191263243557,0.009749410186079398,0.02261102559196302,-0.009169314061291622,-0.01497417025628962,-0.02530333608412185,-0.012385945835965662,0.01749541556625629,0.01699407550331673,-0.015592909600469329,-0.05266191755095495,-0.002817507569445299,-0.0686224273488624,-0.004495118744205695,-0.031845845278352526,-0.050861178396502574,0.02751844692078882,0.020756117209559343,0.13027112772921107,-0.0034538172394968925,0.0815642111112828,2.102480911388993
5.9,0.1662771156886,1.71571893414,28.5,175.3,0.451192706823349,0.3462640643119812,2.400000095367432,32.81000137329102,0.3270112574100494,280.4542541503906,130.2056732177734,183.5192,0.98,54651.0,1569.0,81.283,53.4333,1.4101,409.22,223.51233078401705,6.416915463580222,244.51,108.676,89.27,1.4101,21.606103183901,1.091960683698584,44.1,646581.0,15.7,29.6,54.7,32791.0,38369.0,16598.0,29.188471783605653,21.4702652156679,21.4702652156679,0.2514382037807957,117.0,15.94,0.08696006391511761,-0.02464822928630748,-0.09371173653739968,0.044855831848806725,0.026660916597582518,-0.11131680641847194,-0.10171248673542865,-0.07181781168398449,-0.2683547809357988,-0.003596020864322802,0.006704556656186455,-0.00014214728050869762,0.07224042178934913,-0.04392768316087312,-0.004581435241736464,0.023205741615151033,0.030903425575699583,-0.07078362319385623,-0.026008588758297303,0.014593310540309146,0.04750428265647497,-0.0022845527953467837,0.026751174366683707,0.028615403180359843,-0.07826885056041658,-0.023392131124041017,-0.021726456246106075,-0.006543661015224656,-0.0034525018467101544,0.016971934731584114,-0.04256990789528938,-0.06036791471659682,-0.02254873013403269,-0.012591558381914992,0.022317937667714415,-0.021479096599388847,0.1679386623215397,-0.06741481401654884,-0.09185906698775939,0.16077306398749344,0.11383976033527868,0.925986617695773,2.102480911388993
6.34,0.1317107729302,1.346018965951,27.6,218.7,0.5788008570671082,0.3789136111736298,2.200000047683716,32.13000106811523,0.3531308770179749,226.8743743896484,128.2054748535156,94.75,0.975,80886.0,573.0,36.035,30.6179,13.697,2339.8,503.33227546810537,3.5656280919222656,160.701,59.489,57.403,13.697,44.04493523854282,0.7705005543685988,37.51,683165.0,24.81513784080998,29.71825110917296,45.46661105001707,37563.0,37438.88,16936.21,15.717915646179634,15.449625511761106,15.449625511761106,1.4422353381379165,70.17,6.38,0.14528315220447263,0.07967141489649668,-0.06334688633726906,0.09151461730326989,0.023763015340548022,-0.10211064161348626,-0.06758358413947281,-0.021805542070185768,0.04086387404159182,-0.0032531994974706714,-0.0005799617909360566,-0.5960287900342374,-0.004263877945835726,-0.03786771158792547,-0.01821426829451226,-0.012429547816282149,0.0012565333818783885,-0.024199222234310636,-0.014935862768325004,0.003048062914633165,-0.05009956183494065,-0.052258418771438275,0.011006899721454844,0.00012913134344851862,-0.022509919807896885,-0.008410541012650341,-0.0044599115673918275,-0.0026140375315444773,-0.07005636677006258,0.027656311801518296,-0.34805686076590797,-0.09720641427242663,0.023356762065319413,-0.036611282605677864,-0.032174966512946414,-0.014115738361026198,0.07131564215372786,-0.0693641412989236,-0.06548776038340291,0.013689464821131014,-0.035546887245494894,0.10725002543011208,2.102480911388993
6.545,0.1443703391467,1.448893289668,28.0,354.1,0.4328791797161102,0.4880608320236206,1.799999952316284,34.54000091552734,0.440448671579361,306.6544189453125,129.1849212646484,78.86,1.51,42101.0,1310.02,57.39,30.39,23.13,2283.8,239.6050310170167,7.455580217403678,175.70999999999998,75.89,47.08,23.13,11.640145980325425,1.1288686636714582,52.2,686334.0,16.06716086336319,29.95130135865117,53.98150854710848,36106.0,32559.0,16815.0,12.881572327495135,5.887189901806822,5.887189901806822,0.6001059414337037,94.45,3.3600000000000003,0.26572027737693854,0.1835082279858179,-0.08093794135318606,0.08133298686589119,-0.016535479899845117,0.08476904543582346,-0.12529350920359134,-0.08856062101782294,-0.1852091811252758,-0.008046213444555184,-0.0009248046401189924,0.12297528083529323,-0.02168727671448136,-0.03858538055105596,-0.006092222517589096,0.023812784748268267,0.017695580238243535,-0.009882101058377769,-0.00752891609678048,-0.009166127422824522,0.02828283670300156,0.012406802921206727,0.0034215054347878303,0.016940036986838082,0.008419044794398322,-0.018886906145606154,-0.033179660688503664,-0.022558221403974964,0.024129637185949827,0.02322294307535051,-0.09154676683875732,-0.12320433325436897,-0.0039022594364359177,-0.036103423943743176,0.029335619288845805,-0.0017041698014363948,-0.04043513569049535,0.05533025655592796,0.06301394445681938,0.12765318642242354,0.021964263448724576,0.20024191007670017,2.102480911388993
6.68,0.262267499631,2.120456046221,28.3,331.5,0.4058118462562561,0.1438602954149246,1.0,34.59000015258789,0.1650882363319397,325.0343017578125,121.6630172729492,62.8682,0.7473,30465.0,544.0,23.7417,15.1611,8.037,883.0,391.6363496124131,6.993276684364113,77.789,31.907,28.226,8.037,12.555758966506351,0.9191379276851872,47.4,302484.0,8.8,57.3,33.9,63896.0,41068.0,18414.0,9.819277128486252,7.904115227830772,7.904115227830772,0.4381657992565056,63.9,12.05,0.2887705385669833,0.07855713235377337,-0.26963699821289633,0.09975528053508612,0.018552971823606646,0.0650143718188628,-0.06111511165311097,0.02478354152850808,-0.1100501278551527,-0.00774131641839626,-0.044580412812880256,-0.4805111757843988,-0.0047709202722181045,-0.0755618288031547,0.0432599605290452,0.006945200279471408,0.01099603758286687,0.02709196413436432,0.028771586178801933,0.022392290358780896,0.01792555886378979,0.01967380541726016,0.0028169718190329098,0.011093208469217597,0.0371972968373447,0.03319933056307498,0.050181646105484215,0.058486941922106774,-0.01311802530987185,-0.19192703394463745,0.1753857580833137,0.29170745537080806,-0.08933345713361637,-0.06857744694978471,-0.38349343454581686,-0.020939544220804195,-0.12457612652925303,0.04027188521856444,0.014485179162584294,0.32700605505669955,-0.0837201595567167,0.5696061356489082,2.102480911388993
6.78,0.2519742817932,2.374731592573,28.6,210.4,0.351541668176651,0.1127407252788544,0.699999988079071,34.59999847412109,0.1397272646427155,366.6012268066406,129.0,142.4267,0.98,46210.0,1116.0,70.9324,18.6665,13.388,492.0,207.0155004031897,4.999552011468507,223.22,96.741,33.206,13.388,36.02947095994996,1.9691703020360272,44.56,503654.0,12.3,40.9,46.8,38937.0,39286.0,17168.0,21.03691766650654,16.933855628952,16.933855628952,0.4061223048327138,136.9,16.61,0.32578275064635087,0.2100655873420183,-0.17171919301967126,0.13245404388522722,0.05248671108367855,0.09692469621892093,-0.06050632022507481,0.0741802626305725,-0.20414665147440963,0.07765055198897594,-0.03322278243629255,0.19348712218482986,0.14158883204590533,-0.055358248013071695,0.024855669831391446,0.047384685778990444,0.07051119345449841,0.0435499047029297,0.044240682927076745,0.056972491090185894,0.16109046570386276,-0.0181803358690813,0.027959873469779416,0.12183912754524492,0.026353976690326818,0.0349466391634196,0.13597045781626352,-0.04980637686105913,-0.003107050944003209,0.017746700337738685,0.12863181410543617,0.047487563026719595,0.04989769405196429,0.006126963402377372,-0.05402520491485487,7.376815984025953e-05,0.16874961329321386,-0.08637022847216588,-0.05176256359915714,0.28926932784332904,0.14859559522895155,1.240630494457553,2.102480911388993
6.705,0.2003897513764,2.414483073552,26.7,136.1,0.6288979649543762,0.1016698405146599,3.799999952316284,31.25,0.1313358694314957,153.3260345458984,117.3640823364258,49.1485,0.47,15878.0,356.18,8.5477,7.134794327171835,0.953,926.17,282.58702925891646,6.339075959279561,56.188,19.8872,18.41727,0.953,16.5223150965168,0.404246719542003,47.87,256107.0,6.0117218158366414,18.174131902767638,75.81414628139571,45012.0,32296.0,14288.0,6.990829016588316,9.211165561563142,9.211165561563142,1.5733199943233478,43.22460681495,0.001414214,0.08541674806515218,0.007393442570377343,-0.07985686405451273,0.03795622124703367,0.01011213500512535,-0.037000072791357516,-0.027495206877589225,-0.005610129509586837,0.02446519107621867,0.009581234291719757,-0.03527178431279025,-0.11731742376371405,-0.028416521103237745,-0.02888844795024486,-0.007318761287722758,-0.013537583429599173,-0.03265599736175497,-0.014356988817860827,-0.027627425689308455,0.0033685787152499,-0.013350065554957779,0.0020213557418319204,-0.021785836314316836,-0.030110841998946862,-0.01361744856898441,-0.01645709379762411,-0.00935617837851169,-0.019054606859805014,-0.0025501766821544253,-0.03265301324333996,0.025094821033475455,-0.09586337480630028,-0.10540206521580693,-0.014566858575912112,-0.05451350753568113,-0.018697466683341216,-0.053263802446541365,-0.01269748132780662,0.005561447677784608,-0.03240686052065575,-0.021176717743655878,-1.2891180662255501,2.102480911388993
6.66,0.1829329069306,1.759549358588,27.7,434.4,0.4098489880561829,0.2989175021648407,2.0,30.52000045776367,0.2891339957714081,288.1651306152344,129.0,92.75,1.5386300675675677,45158.0,696.0,33.0483,14.6795,31.74,196.0,387.35632183908046,5.970149253731344,116.58,42.49,20.02,31.74,25.258358901966528,0.555059543918919,52.85,465622.0,12.3,44.1,43.6,67794.0,41956.5,22104.5,40.84636824324324,17.791976351351355,17.791976351351355,0.9989242570341496,59.34,5.39,0.3573389678734819,-0.0032163488266523156,-0.09034524047753067,0.14284329694136974,-0.03152688637573742,0.09482798519078654,-0.12666059964429593,-0.043560562319005805,0.09012348281370945,-0.005953786104917524,0.004342043005628548,0.11823587057623079,0.005737336539314186,-0.036523688624845785,0.015089703142642841,-0.0034537627929821734,0.007945122977951491,0.02182174888206647,-0.05690992765920237,0.04556953151873313,-0.015006103646941549,-0.011318203547503902,0.0023808377555106118,-0.00029127285792476256,0.027792565727373608,-0.05160792682616744,-0.014036491479259006,0.037564793950878014,0.04139268660091326,-0.010174709423445205,0.0030173477251081993,0.02397807663644198,0.03282420985156209,0.02128396405035171,-0.15304456943459804,0.041831713394611156,0.2715857419448439,-0.060499336181092135,-0.043823388785589404,0.05097926202230159,-0.058758254257962064,0.40331950275204154,2.102480911388993
6.984999999999999,0.2165105769995,2.120223873569,25.8,149.9,0.3598625957965851,0.3565589487552643,1.899999976158142,33.97000122070312,0.3352471590042114,260.8031616210938,134.8762664794922,156.26,3.7,71109.0,604.0,25.5392,19.687,6.87,4046.0666666666666,639.9701205079514,5.435907589570977,111.113,48.363,43.95,6.87,30.453854606755456,0.8473062281162614,50.12,299186.0,8.188156481532047,41.53969380882165,50.2721497096463,56528.0,34807.04,22100.67,29.449202691670408,16.989687864542002,16.989687864542002,4.19935794066213,97.31,2.8,-0.13438350783404893,-0.034707796207163466,-0.12609895478375263,0.07985238717356694,0.01746518074313643,0.038446412961813684,-0.073477315298398,-0.07322947743814431,-0.1128783752053277,-0.0017630996559746537,-0.03584048800484737,0.03056103968794923,0.04405827663617675,0.06557945867348458,-0.02290009727701543,-0.013237340639694584,-0.008623659474425994,0.009956607833970298,-0.026231597950332787,-0.019880230691283928,-0.10132489758927839,-0.013416861617006426,0.004887308117817168,-0.0038250816824147217,-0.008989695398719012,-0.02353981343575292,0.004725357669056407,0.0037039083314593713,0.020217947527417002,-0.04115714598563497,0.017864916537888353,-0.010110963462153445,0.011882454723818237,-0.01407852153514968,-0.09326084054808598,0.013152987809968163,0.1173184494624147,-0.06710327805799896,-0.016567392227356335,-0.4211880137447733,0.02271742586686739,-0.10205277547216976,2.102480911388993
6.73,0.1313806613633,1.671253791192,26.8,350.2,0.5449880957603455,0.5738555192947388,2.200000047683716,32.75,0.5090844035148621,218.3512725830078,128.90185546875,97.153246,1.5051,22704.0,603.4405868680999,11.4219,8.4222,5.82,881.58,371.52675503190966,9.874661869875633,61.11,25.96,23.28,5.82,24.614949908569734,0.4775021872663257,65.5,193424.9506420834,3.786310606464182,52.02179642033601,44.19187938339238,90072.0,39502.4,26966.29,10.53622467854088,6.818367587891776,6.818367587891776,8.389512313189808,82.8,2.51,0.20395778092020195,0.08463324682496015,-0.10697694963577668,0.1370035662867594,0.07951383626856842,-0.009151990015525423,-0.015424491647165296,-0.03953327382588755,-0.09741519338847142,-0.004568572766147516,-0.06932210116006896,-0.3829365694306325,0.025425319120055044,-0.016581037331488902,-0.0010942045605043193,-0.013157337057637076,-0.014863414106075612,0.01652794946404177,-0.041093104032916015,0.010170687443227532,0.005055383307859385,0.09381952126440592,-0.020428144613513787,-0.03173461350984871,0.02522122959850829,-0.04359894879010971,-0.0014135383160319259,-0.014821464330423584,0.04718649964127695,-0.07736467692570292,0.05291266740264836,0.06121871727658438,-0.003211437385179994,0.02672194688487802,-0.0757345860516653,0.02433315847592893,-0.05741705799789635,0.018827638174290784,0.01518117762019392,-0.6526375232450665,-0.0014211412855656635,-0.07945350120798692,2.102480911388993
6.485,0.07505783322448,0.7726308297319,27.3,533.4,0.5887801647186279,0.7191327214241028,2.099999904632568,33.04000091552734,0.6253061890602112,255.7650146484375,133.0,69.61883,3.1667,31295.0,362.9812608948286,7.9764,10.4369,25.54,1008.69,431.0012394986916,4.999053310767506,72.61,11.98,17.16,25.54,29.247120158096035,0.4441104259190304,62.5,205105.42621421916,6.613355601948504,25.327743910925538,68.05890048712597,63992.0,36649.66,25491.99,8.611711314748359,6.341558665661586,6.341558665661586,2.4926882667224866,70.9,4.74,0.44621545474382573,0.031980287172249544,0.4437085565782618,0.14560669928824066,0.13753927466721508,-0.1963011659536859,0.05754799011407887,-0.10592092573590348,-0.1299952848652611,-0.006631650855764759,-0.023621551301213906,0.16387000350141906,-0.01667237533594017,0.0975346834668307,0.04124014644732239,-0.013264853957341893,-0.016199736635317062,0.009667498919996386,0.09122606569970956,0.036098761876695806,0.04092513094103205,-0.027699561580317212,0.005042196062160742,-0.035347641194006484,0.006197757844347507,0.09040812835446554,0.031743006256525416,0.046313440112047875,0.05316011016303675,-0.1351635981689906,-0.1231720225049648,-0.018354559659084703,-0.2657517270243261,0.11262077422859151,-0.12520860204345088,0.06333679200604092,-0.0573687341584592,0.043031967591028654,0.0707078347414499,-0.0913125596629688,0.22654793380189223,0.3204081869669027,2.102480911388993
5.0600000000000005,0.1566062594814,1.649161457892,4.3,26.0,0.2916558682918549,0.5421540141105652,0.699999988079071,8.550000190734863,0.4837231934070587,329.3404541015625,131.0,49.512,0.336,36853.0,138.0,15.7684,11.0015,13.688,535.0,582.73904587214,2.1821286823421517,63.241,25.634,18.924,13.688,10.207596868462485,1.431208510245323,64.28,314899.0,7.9,22.3,69.8,42653.0,44208.0,19416.0,15.289797719630393,12.30765986180222,12.30765986180222,0.1473591078066914,99.5,13.99,0.12924051965877878,0.11782428528607122,-0.06355064762360414,0.005170074809691894,0.01913177176855967,0.022346786284469934,-0.04452051668486099,0.015188006843323798,0.05526029610133261,-0.009014712169999273,-0.05986768640065572,0.14460383676365013,-0.05686508610215966,-0.11387372935353779,0.044482727461261605,-0.12995188177470113,-0.10431807008205211,-0.06211524757556612,0.0648775002384209,0.03130114507384134,-0.07711172227363554,-0.10931606329628259,-0.0799782354815397,-0.0723238062915625,-0.02063089094823225,0.09589780443126812,-0.0007592838538112101,0.208820831334102,0.1073636482697911,-0.07466440656210763,-0.03368873608380094,-0.09983506408182437,-0.10053814087610222,-0.01883418582589367,-0.1745700776627054,-0.005155054565169759,0.025890149591490608,0.02082076800242063,-0.02606506629195071,0.13638768538180737,0.023083132068277345,0.803585442182084,2.102480911388993
6.1,0.2302912650946,2.440129807002,3.3,21.0,0.3015008866786957,0.4831761121749878,0.699999988079071,8.09000015258789,0.4365409016609192,370.5200500488281,132.7790679931641,78.86,1.51,42101.0,1310.02,57.39,30.39,23.13,2283.8,239.6050310170167,7.455580217403678,175.70999999999998,75.89,47.08,23.13,11.640145980325425,1.1288686636714582,52.2,686334.0,16.06716086336319,29.95130135865117,53.98150854710848,36106.0,32559.0,16815.0,12.881572327495135,5.887189901806822,5.887189901806822,0.6001059414337037,94.45,22.12,0.1389315841458156,0.003365492584998675,-0.1366664182854584,0.03486450801853789,-0.045078224420198244,0.012168499738909322,-0.1196861718695145,0.048581005436135506,-0.0011599169174442148,-0.00824650483578444,-0.01423869615979505,0.09559567168541264,-0.01938826489506753,-0.03712703272234654,-0.01866637941275264,0.018846724641276548,0.021179347660276092,0.006415381617029281,-0.04282438180665478,-0.020356099172262554,-0.08071763939911039,0.011332415245007721,0.013345725529361373,0.019518304635072092,0.0022891101565910787,-0.05200235972332303,-0.03767144627252121,-0.035557428989792264,0.02590433342498737,0.026843023702735214,-0.00015921033977064347,-0.050203247420140526,-0.022306718391831938,-0.054853384130168735,0.0032116646689828833,-0.015689849447575344,-0.026882251542061607,0.060945778855704714,0.08365793117869177,0.18279962377226916,0.00888399671122897,0.930448706055875,2.102480911388993
6.105,0.1732695057781,1.83224403656,3.4,7.0,0.1602319031953812,0.2202560305595398,0.6000000238418579,8.40999984741211,0.2098356187343597,280.4542541503906,130.2056732177734,183.5192,0.98,54651.0,1569.0,81.283,53.4333,1.4101,409.22,223.51233078401705,6.416915463580222,244.51,108.676,89.27,1.4101,21.606103183901,1.091960683698584,44.1,646581.0,15.7,29.6,54.7,32791.0,38369.0,16598.0,29.188471783605653,21.4702652156679,21.4702652156679,0.2514382037807957,117.0,11.43,0.23575066123425498,0.13804145096056167,-0.07042216932645531,0.03879820552794264,-0.04318465175584425,0.06233896480104879,-0.09809409149514983,-0.005201123031787547,0.03297440481348901,-0.005558032201603003,0.03888508459203881,0.028401134923915362,0.05779363807186015,-0.0372169951639371,-0.0006827349647645642,0.02125887469551533,0.0609663459350122,-0.10613904670160271,-0.04992112155049109,0.007341456729918705,0.12864324837923052,-0.0023002244392410277,0.03319695187779141,0.03718200726434584,-0.10627566905005362,-0.02941679093800482,-0.017045031274377863,0.003291098972782347,-0.0021767960342113034,0.0470862744246842,-0.014169292421080181,-0.11300778626289694,0.03720140440925031,-0.03771796516480393,-0.04233922979584896,-0.033745424674125356,0.3505921507757157,-0.0854519833703525,-0.13362777016405017,0.2511982734054328,0.11697934154159155,0.5826999277457364,2.102480911388993
6.23,0.203861600483,2.004570981987,3.0,27.0,0.2058755159378052,0.3090001046657562,0.449999988079071,9.1899995803833,0.297200083732605,226.8743743896484,128.2054748535156,94.75,0.975,80886.0,573.0,36.035,30.6179,13.697,2339.8,503.33227546810537,3.5656280919222656,160.701,59.489,57.403,13.697,44.04493523854282,0.7705005543685988,37.51,683165.0,24.81513784080998,29.71825110917296,45.46661105001707,37563.0,37438.88,16936.21,15.717915646179634,15.449625511761106,15.449625511761106,1.4422353381379165,70.17,8.379999999999999,0.07940730620676187,-0.026276124491123477,-0.15856243923737207,-0.20844474137196087,-0.007699590042000648,0.01734705371945163,-0.05806938381539652,-0.016739678384154112,-0.025885484990663843,-0.002299879947677208,0.006004044794244645,-0.5341080991897035,0.005303689345135376,-0.030986379331967295,-0.010073093890212548,-0.00943083652737554,0.005509414982050642,-0.008048160116188263,0.0019334524977020818,-0.003627002918859945,-0.04678909469081555,-0.051568008817150256,0.007487974176299772,0.004995493684546115,-0.016673974670586178,-0.013748342654667733,-0.023035827435203816,-0.00660978834732665,-0.047858430802705666,0.02448761251568802,-0.32996236684848557,-0.08068680429959199,0.001831608724198297,-0.040761270026792785,-0.0528351991889067,-0.020442005245247898,0.015953092692303474,-0.052540379220328795,-0.02684939609235152,0.03729516601306386,-0.0023268473169299475,0.1502014326606877,2.102480911388993
6.49,0.1605837784232,1.544346997286,3.3,21.0,0.3203232288360596,0.5338107943534851,0.6499999761581421,7.849999904632568,0.4770486354827881,306.6544189453125,129.1849212646484,78.86,1.51,42101.0,1310.02,57.39,30.39,23.13,2283.8,239.6050310170167,7.455580217403678,175.70999999999998,75.89,47.08,23.13,11.640145980325425,1.1288686636714582,52.2,686334.0,16.06716086336319,29.95130135865117,53.98150854710848,36106.0,32559.0,16815.0,12.881572327495135,5.887189901806822,5.887189901806822,0.6001059414337037,94.45,9.92,0.2737191930279369,0.07293729020410686,-0.05259247354191023,0.044588065947056735,0.0063288137898780406,0.03829730849631605,-0.031133771535009135,0.029086436966201345,0.023945283109787985,-0.009346365632489384,0.006506022605462891,0.11494766356598114,-0.0075099366863724095,-0.033564392055617655,-0.02472985317686107,0.010940120649640561,0.035655932312365565,0.03027786448400003,-0.022641082436661318,-0.023300389578216694,-0.1042123589455732,-0.013929979352629674,0.01625126531755088,0.018177669543772933,0.019407223449205,-0.03325964677042799,-0.03167461459187328,-0.03996477663074618,0.030195965282153337,-0.011663165046949886,-0.06999748281505883,-0.1164496229501675,-0.0015072358108590977,-0.07687028120679314,0.039560373480664636,-0.02994383583567104,-0.026137352341786026,0.047157458627829274,0.07461259052518292,0.2821313713848358,0.059560037947143415,0.6735080293564825,2.102480911388993
6.65,0.1552940102061,1.245185176499,3.1,22.0,0.2493519634008408,0.2066291272640228,0.550000011920929,7.429999828338623,0.2153033018112183,325.0343017578125,121.6630172729492,62.8682,0.7473,30465.0,544.0,23.7417,15.1611,8.037,883.0,391.6363496124131,6.993276684364113,77.789,31.907,28.226,8.037,12.555758966506351,0.9191379276851872,47.4,302484.0,8.8,57.3,33.9,63896.0,41068.0,18414.0,9.819277128486252,7.904115227830772,7.904115227830772,0.4381657992565056,63.9,10.53,0.32217127324256584,0.15552049887960312,0.21075706877524497,-0.20353055049868995,0.04685206728929188,0.007100255711760872,-0.09263508723775153,-0.015829447147727427,0.029055072313407492,-0.00971502735977985,-0.059052243759157186,-0.2595445006088122,-0.005041931344545425,-0.06742233362630942,0.053455601154710174,0.007593448966741545,0.03558290048385959,0.04628614047646982,0.039682204621727536,0.05085755845706448,0.031583999952417806,0.02518422996078138,0.02130643056263215,0.023376031064894144,0.04223995777533858,0.03158266159170311,0.05162564546009529,0.07341603009065142,-0.025883843237883397,-0.3062697629636386,0.24791768629581198,0.2695977211267454,-0.17962570180330661,-0.000288950580579761,-0.29967265009845134,1.2133317184659375e-05,-0.16751384237257294,0.0305968309523305,0.04413466745434567,0.2843917533082422,-0.18826282771473052,0.6836464064652099,2.102480911388993
6.775,0.1495452637953,1.482051013111,3.9,17.0,0.3169166743755341,0.3141359686851501,0.6499999761581421,8.210000038146973,0.3013087809085846,366.6012268066406,129.0,142.4267,0.98,46210.0,1116.0,70.9324,18.6665,13.388,492.0,207.0155004031897,4.999552011468507,223.22,96.741,33.206,13.388,36.02947095994996,1.9691703020360272,44.56,503654.0,12.3,40.9,46.8,38937.0,39286.0,17168.0,21.03691766650654,16.933855628952,16.933855628952,0.4061223048327138,136.9,19.8,0.2814883496379479,0.21782252944179348,-0.1573737022507703,0.0516104302825406,0.12455891833652288,0.05570210521237464,-0.1452615464736009,0.022580138234188828,0.06636193219898248,-0.013669972344068837,-0.06224376977002255,0.16038375489658216,0.19783918984560306,-0.04571947102586269,0.08062527161382609,0.02065295879996847,0.10382436370337375,0.030836536162300067,0.021738165822113097,0.04490017718751917,0.21991068137134434,-0.01643184600991674,0.018691341863363208,0.09731799125357048,0.03950438750267493,0.044021698497701454,0.07152206516254216,-0.06968833470914977,-0.022720395740121656,-0.004298767390893699,0.04987319893750841,-0.010106637697434095,0.06463510119018609,-0.02018961669539574,-0.03878679147548978,-0.001898569549666762,0.12127731751895057,-0.06588562405726417,-0.07121958485571667,0.2948249039159855,0.27514459491358145,1.0948506500959632,2.102480911388993
6.98,0.3480176247829,4.071637583559,3.0,24.0,0.1359964907169342,0.2086603492498398,0.300000011920929,7.559999942779541,0.2169282734394073,153.3260345458984,117.3640823364258,49.1485,0.47,15878.0,356.18,8.5477,7.134794327171835,0.953,926.17,282.58702925891646,6.339075959279561,56.188,19.8872,18.41727,0.953,16.5223150965168,0.404246719542003,47.87,256107.0,6.0117218158366414,18.174131902767638,75.81414628139571,45012.0,32296.0,14288.0,6.990829016588316,9.211165561563142,9.211165561563142,1.5733199943233478,43.22460681495,0.5700000000000001,-0.03828146312414906,0.026988687060424142,-0.10476090461865531,-0.10068208302545825,0.004395989498239919,0.003457609776291062,-0.01645271335332653,0.012189350630622358,-0.0029103302753064426,-0.0011815333124249982,-0.05080852040776519,-0.14683655330690087,-0.0341321996980114,-0.026011530270392564,-0.00709732446225827,-0.025471391543163913,-0.029614905363065165,-0.009328171479050067,-0.031801309761707676,-0.0005177227942039904,0.026633592040976505,0.005766868567210609,-0.02557704371795993,-0.02268659739836585,0.00019467037497086364,-0.027787958969187464,-0.00033869537914868307,-0.011149982514732948,0.005938355708494764,-0.06478925644431728,0.05853800680383573,-0.14306930716580246,-0.05519289793877399,-0.007610480137052933,-0.02688334755570395,-0.011751219794037737,-0.09201769113040056,-0.005279148228699358,0.013475877949909756,-0.03790904133516591,-0.057779829030041543,-1.0423372214951088,2.102480911388993
6.915,0.1489192472501,1.309372686006,2.6,25.0,0.2328783720731735,0.3379221558570862,0.449999988079071,9.550000190734863,0.32033771276474,288.1651306152344,129.0,92.75,1.5386300675675677,45158.0,696.0,33.0483,14.6795,31.74,196.0,387.35632183908046,5.970149253731344,116.58,42.49,20.02,31.74,25.258358901966528,0.555059543918919,52.85,465622.0,12.3,44.1,43.6,67794.0,41956.5,22104.5,40.84636824324324,17.791976351351355,17.791976351351355,0.9989242570341496,59.34,2.44,-0.0023079923336626782,0.10846006359194862,0.08960888887767204,-0.17983912250958384,0.025060694554355046,0.0408422262849053,-0.10819214528531307,0.0002959626830415285,-0.050691268661757924,-0.008066858981503212,-0.004255329577252276,0.14673906814469959,0.007357422615634235,-0.014226930514327241,0.023717088456498427,-0.004644485990865976,0.0009989406187087767,0.009012970433221157,0.012959018515190168,0.030498429739847798,0.00928356724407058,-0.004113387797842783,0.005148460134863919,0.0006218007624848143,0.021991577114560724,0.011761823151493456,-0.021220740818185747,0.024857672413112562,0.02250940093712417,0.018973951458581783,0.03099925538292152,0.00861764821573161,0.011376758674392518,0.020777361136861173,-0.13426064955361647,0.032722902387962646,0.2517538098702207,-0.026908415495068706,-0.06132604371756312,0.08584864679258322,-0.0388971091279527,-0.009261718063498936,2.102480911388993
7.24,0.2144586218815,2.681093961189,3.8,6.0,0.1706766188144684,0.2570461630821228,0.300000011920929,8.760000228881836,0.2556369304656982,260.8031616210938,134.8762664794922,156.26,3.7,71109.0,604.0,25.5392,19.687,6.87,4046.0666666666666,639.9701205079514,5.435907589570977,111.113,48.363,43.95,6.87,30.453854606755456,0.8473062281162614,50.12,299186.0,8.188156481532047,41.53969380882165,50.2721497096463,56528.0,34807.04,22100.67,29.449202691670408,16.989687864542002,16.989687864542002,4.19935794066213,97.31,62.8,-0.8408389529269188,0.03664856553834399,-0.10249906954885221,-0.006804408022144326,-0.11923235543631013,0.028130010814638794,-0.0449294204643229,0.021391374766593807,0.027837714577792227,-0.002332071036565997,-0.026332602958427754,0.013335174265434024,0.09150365951133424,0.12341972748661648,-0.015086087483796229,-0.010391307418467454,-0.0012485015150159428,0.003972999939927802,-0.0016360372380585853,-0.015262528030900247,-0.11369090570707341,-0.015591170021332834,0.00973731396300721,0.00244583276927004,-0.006351704357773991,0.0004964231117628004,-0.011684332635311845,0.004354995980160292,0.011627146594342764,-0.09736725018470312,0.07413156560092463,-0.00014702194568241289,-0.040515622092410906,0.029147376655135337,-0.07604931017826318,0.038674985453719224,0.1819874693178572,-0.032844620990334084,-0.06342370380787175,-0.5406497394917532,0.03658637526119128,0.8042589939126046,2.102480911388993
6.885,0.1148724190189,1.302710603876,3.1,6.0,0.2831749320030212,0.5371334552764893,0.550000011920929,7.849999904632568,0.4797067642211914,218.3512725830078,128.90185546875,97.153246,1.5051,22704.0,603.4405868680999,11.4219,8.4222,5.82,881.58,371.52675503190966,9.874661869875633,61.11,25.96,23.28,5.82,24.614949908569734,0.4775021872663257,65.5,193424.9506420834,3.786310606464182,52.02179642033601,44.19187938339238,90072.0,39502.4,26966.29,10.53622467854088,6.818367587891776,6.818367587891776,8.389512313189808,82.8,9.08,-0.12567593547480643,-0.23753837058739738,0.04253539747575994,-0.16451641613361428,-0.11023729740589623,0.003089134605485072,-0.011994457683176729,-0.012572646540706073,-0.035977772546932074,-0.003629354710574273,-0.03831033834163099,-0.17008248681749685,0.04422409586410506,-0.029877726202830586,-0.02423479343170762,-0.002304920509981462,-0.04145187284203709,0.0016049574577482572,-0.05386832486809001,0.004508711102476803,-0.012166154141596098,0.09142869073897594,-0.05644631226826459,-0.038246810300741355,0.02012705968413503,-0.061238083830452525,-0.02026734220614888,-0.07377508987841427,0.0488039232339943,-0.08079805555380876,0.08798078943218567,0.04112169284647099,0.010937712235725493,0.04946382188174174,-0.08392919066321336,0.02768152232997816,-0.07758526496530974,0.010672935931128474,0.025826256605796488,-0.9286515887528658,0.001830108520051016,0.19459085034026066,2.102480911388993
7.01,0.1636396561405,1.491558335471,2.7,4.0,0.2174653857946396,0.3065177798271179,0.300000011920929,6.590000152587891,0.2952142357826233,255.7650146484375,133.0,69.61883,3.1667,31295.0,362.9812608948286,7.9764,10.4369,25.54,1008.69,431.0012394986916,4.999053310767506,72.61,11.98,17.16,25.54,29.247120158096035,0.4441104259190304,62.5,205105.42621421916,6.613355601948504,25.327743910925538,68.05890048712597,63992.0,36649.66,25491.99,8.611711314748359,6.341558665661586,6.341558665661586,2.4926882667224866,70.9,2.78,-0.22335539638029872,0.07671481338143349,-0.03730869194364641,-0.20155508767010186,-0.06857638366223547,0.060123508993419894,-0.0711837857614737,0.022018397293868452,0.06432337830634785,-0.0033194327419624027,-0.026293528921669307,0.06972585491940848,-0.007609304387820837,0.059547454890969666,0.031789227413013564,-0.019432460369775084,-0.04943914910487366,0.03525236879510339,0.0739977949656313,0.010360814364743443,-0.004876640153233902,-0.025210110445506872,-0.006924492907244751,-0.04041343540942759,0.019224615562590787,0.06879435883765113,-0.0018920772731071845,0.0006016770377756053,0.0758431101934984,-0.098716992126545,0.07166932201327289,-0.18212943153094968,-0.09600621807237619,0.06405429248698058,-0.044313099922263045,0.061376199774560505,-0.14886350945755833,0.042441939943935726,0.03557670544215943,-0.23513648579549037,0.022020954175153797,-0.03731586122687437,2.102480911388993
6.665,0.2242042461774,3.310778092327,20.0,15.0,0.543432354927063,0.7203001976013184,1.700000047683716,25.68000030517578,0.6262401342391968,329.3404541015625,131.0,49.512,0.336,36853.0,138.0,15.7684,11.0015,13.688,535.0,582.73904587214,2.1821286823421517,63.241,25.634,18.924,13.688,10.207596868462485,1.431208510245323,64.28,314899.0,7.9,22.3,69.8,42653.0,44208.0,19416.0,15.289797719630393,12.30765986180222,12.30765986180222,0.1473591078066914,99.5,45.25,0.33469354024325726,0.15345203085298995,-0.15440288541553315,0.16792265060625508,-0.03256295962299929,0.0747148873643018,0.11282971817825449,-0.0445635389926611,0.02912777029315472,-0.004254264348186543,0.049082580317277524,0.05755275514815013,-0.04045938876445872,-0.05878945921803822,0.02049157300661324,-0.05478463610261677,-0.08344231322547421,-0.058324131905566935,0.04290701361326501,0.05625405395450076,-0.04595181570912239,-0.05770405250985653,-0.058180150787578946,-0.05527128243213508,-0.0008355497380253096,0.04001963894488292,0.003171749074361285,0.15292089321682578,0.06967040277272463,-0.1093821179253283,-0.04953451967239382,-0.023339039588579902,-0.09687293601548286,-0.028389338277745924,-0.21191898607392795,0.012411023215041483,0.05129977784852961,-0.030851263395743445,-0.055367364992736826,0.19931396085419698,0.022940758878365174,1.317406063059927,2.102480911388993
6.46,0.4073399839378,4.242409041675,18.3,32.0,0.6186338663101196,0.8797546029090881,3.0,23.60000038146973,0.7538036704063416,370.5200500488281,132.7790679931641,78.86,1.51,42101.0,1310.02,57.39,30.39,23.13,2283.8,239.6050310170167,7.455580217403678,175.70999999999998,75.89,47.08,23.13,11.640145980325425,1.1288686636714582,52.2,686334.0,16.06716086336319,29.95130135865117,53.98150854710848,36106.0,32559.0,16815.0,12.881572327495135,5.887189901806822,5.887189901806822,0.6001059414337037,94.45,9.44,0.2904683569927001,0.19953424589405777,-0.14488220216473566,0.02700594674248711,0.008728244979633027,-0.2856488275626907,0.2867328032260993,-0.020614383607055076,0.02394471853226434,-0.004008037025108857,0.07065661004802677,0.10096914148435462,-0.010514289937680577,-0.02918618791375773,-0.011875188998645193,-0.00641759103571522,0.02835552893346176,0.02907130106200939,-0.031049676284543137,-0.009934905211906963,-0.08836060195707252,0.0036807498867856836,0.017813176087452986,0.03368086363491596,0.025206273326301053,-0.039806125483359246,-0.019213754219817858,-0.019309559171553702,-0.006622123195673413,0.058579604538972464,0.03757661420444489,-0.17460440511419434,-0.05261352084006654,-0.1961848219124367,0.0415214365295832,-0.08184983525937428,-0.07354963438434055,0.06804220660054125,0.05894842662569142,0.1791602866024477,-0.014416603761608738,0.46116288016457113,2.102480911388993
6.045,0.4323661659069,4.523324693613,18.6,4.0,0.5635682940483093,0.7286205291748047,1.700000047683716,23.09000015258789,0.6328964233398438,280.4542541503906,130.2056732177734,183.5192,0.98,54651.0,1569.0,81.283,53.4333,1.4101,409.22,223.51233078401705,6.416915463580222,244.51,108.676,89.27,1.4101,21.606103183901,1.091960683698584,44.1,646581.0,15.7,29.6,54.7,32791.0,38369.0,16598.0,29.188471783605653,21.4702652156679,21.4702652156679,0.2514382037807957,117.0,45.79,0.40350735878723204,0.4272174037157094,-0.21787254356651103,0.037565200316021244,-0.04345165250101128,-0.024054294134024535,0.08507162482244894,-0.04411502340610609,0.09744121291791086,-0.0034977952055633478,0.05754599850869289,0.06355621008295564,0.04734562799707058,-0.032042671691626404,0.006984352276660455,0.04427169667487023,0.051321999400272086,-0.036334418321377626,-0.041330450553563394,0.013415248948615099,0.0790310687831369,-0.00041470814123749643,0.06848816889431333,0.04281742440053489,-0.06146896365005523,-0.0336179010089255,-0.016796285522170384,0.002049751039827341,-0.02512796911620545,0.05587615372519954,0.09355063132196653,-0.03184422582120181,-0.0057554776510224,-0.06631976407486939,0.06384472678299062,-0.005399281774531128,0.3387399384030142,-0.1393463942594826,-0.07263832387479477,0.3132086531781825,0.08108069707668622,1.7084456121136902,2.102480911388993
7.09,0.2109943022505,2.236637401021,18.7,33.0,0.5615285038948059,0.8261546492576599,1.799999952316284,25.51000022888184,0.7109236717224121,226.8743743896484,128.2054748535156,94.75,0.975,80886.0,573.0,36.035,30.6179,13.697,2339.8,503.33227546810537,3.5656280919222656,160.701,59.489,57.403,13.697,44.04493523854282,0.7705005543685988,37.51,683165.0,24.81513784080998,29.71825110917296,45.46661105001707,37563.0,37438.88,16936.21,15.717915646179634,15.449625511761106,15.449625511761106,1.4422353381379165,70.17,3.71,-0.4867372447364032,-0.009633010037010514,-0.1437603606089833,-0.025673769091779798,0.0032607027830672485,-0.018088038431131277,-0.06847615151555513,-0.013041692614089667,-0.0036924024473409616,-0.0019890355633105706,0.005122169639333163,-0.2997143646706827,-0.0006419207698199619,-0.03407059783639849,-0.017179632243700282,-0.00953205409273505,-0.0015677226585103176,0.003918579661753058,-0.005853638218250112,-0.018523888106457824,-0.03423496976168829,-0.029468573428574046,0.005710486089228642,0.014859805381624003,-0.007745762023027078,-5.581911955959695e-05,-0.033542879313870844,0.0030669655720703152,-0.029975464193383216,0.002542469435953476,-0.3105111632330809,-0.10426735618966629,0.003741591342259204,-0.007854047983477316,-0.06007671729987486,-0.014942900913651086,0.022998799407738253,-0.03292358136794064,-0.03406632951053327,0.009749080815236056,-0.03179430642607621,-0.07526773237634916,2.102480911388993
6.76,0.1383364927277,1.36151947826,18.3,32.0,0.6368365287780762,0.8975669741630554,2.400000095367432,24.67000007629395,0.7680535912513733,306.6544189453125,129.1849212646484,78.86,1.51,42101.0,1310.02,57.39,30.39,23.13,2283.8,239.6050310170167,7.455580217403678,175.70999999999998,75.89,47.08,23.13,11.640145980325425,1.1288686636714582,52.2,686334.0,16.06716086336319,29.95130135865117,53.98150854710848,36106.0,32559.0,16815.0,12.881572327495135,5.887189901806822,5.887189901806822,0.6001059414337037,94.45,13.6,0.33976169939414824,0.23062193833320635,0.04869478645711225,0.05070860971929501,0.015491569263045535,0.024986793467484003,0.915296964974026,0.10590738367027368,0.08656707207404546,-0.007907021025195604,0.12949754656036389,0.1971416045281803,-0.008328683924628488,-0.006279689566872726,-0.008896726529114107,-0.015774927743128386,0.05212988873512956,0.06624598958384036,-0.05749746947200043,-0.03505485933518493,-0.10246264086768515,0.003238216905156177,0.02477095345989806,0.042558723199006686,0.03091748433909396,-0.028253054263186493,0.012176509688957537,-0.028076469275867533,0.03640446654474376,0.026501064596581192,-0.004387100600753846,-0.06226628821599298,-0.014521686763502828,-0.06268657901498942,0.08290174325346018,-0.04301076449721593,-0.0728561005943921,0.061554523844737384,0.06894562073308037,0.3601964011139934,0.015640363461047004,1.1603859502658016,2.102480911388993
6.82,0.2751994788049,3.039642289716,18.6,19.0,0.4976628124713898,0.4495828747749329,1.5,25.32999992370605,0.4096662998199463,325.0343017578125,121.6630172729492,62.8682,0.7473,30465.0,544.0,23.7417,15.1611,8.037,883.0,391.6363496124131,6.993276684364113,77.789,31.907,28.226,8.037,12.555758966506351,0.9191379276851872,47.4,302484.0,8.8,57.3,33.9,63896.0,41068.0,18414.0,9.819277128486252,7.904115227830772,7.904115227830772,0.4381657992565056,63.9,21.4,0.16020270629815064,0.15193812850717217,-0.245508520949108,-0.00914188847236801,0.021860027941409465,-0.0831659564548172,-0.12787280883087085,0.027304994570557017,-0.03137061248614916,-0.0035364157166332564,0.013846766211325301,-0.4561845640424872,0.027240551219088926,-0.04854729505931017,0.03690571532177276,0.017622692142380415,0.02602464270277407,0.049728286599391144,0.03318274099275007,0.06860955557972193,0.04101544104807544,0.03273361379886053,-0.0015796677321195495,0.02751111226750076,0.02645228860602946,0.018280555218691007,0.04714244296250405,0.05546057357738028,0.0292115705208853,-0.18152304364473087,0.10787492359150193,0.30821112272387835,-0.09082587871869323,-0.03092315388203124,-0.41835029416554603,0.013373273320379653,-0.16464285749470586,-0.004193796375417192,0.014962301180232295,0.3418626316722949,-0.08046594719635325,0.8391003936782946,2.102480911388993
6.91,0.3244494786224,3.620502949044,19.0,16.0,0.5620102882385254,0.6935369372367859,1.600000023841858,24.03000068664551,0.6048295497894287,366.6012268066406,129.0,142.4267,0.98,46210.0,1116.0,70.9324,18.6665,13.388,492.0,207.0155004031897,4.999552011468507,223.22,96.741,33.206,13.388,36.02947095994996,1.9691703020360272,44.56,503654.0,12.3,40.9,46.8,38937.0,39286.0,17168.0,21.03691766650654,16.933855628952,16.933855628952,0.4061223048327138,136.9,30.27,0.042009250992443306,0.42986162388528476,-0.28807435051904756,0.06667228001973122,0.18791392298351298,0.09902582874859225,0.24067527563276228,0.02131758428423187,0.027840345857897873,-0.0068682345943525515,0.11031391312665062,0.20988426668453034,0.11600185928645082,-0.036372623891336955,0.020203639419749342,0.04735327537416005,0.14798911946069,0.017195118504110797,0.03873046378581788,0.111838896119967,0.35607461200980467,0.07459143715229592,0.06408265175297852,0.07774951448268255,0.02486135552299662,0.0408072064439766,-0.019945337964687403,-0.0204412550160195,0.009299588582245822,0.04626690623548335,0.056456043092417627,0.02496195010287918,0.06976982796040818,-0.021269102913327332,0.0075998384834383035,-0.005509705135482412,0.21873224825470258,-0.04023562422208482,-0.01982669949543201,0.28477690909273223,0.1510584976368701,1.6174787187169422,2.102480911388993
7.055,0.126549624646,1.311102619606,19.6,2.0,0.5302199125289917,0.7814150452613831,1.600000023841858,24.65999984741211,0.6751320362091064,153.3260345458984,117.3640823364258,49.1485,0.47,15878.0,356.18,8.5477,7.134794327171835,0.953,926.17,282.58702925891646,6.339075959279561,56.188,19.8872,18.41727,0.953,16.5223150965168,0.404246719542003,47.87,256107.0,6.0117218158366414,18.174131902767638,75.81414628139571,45012.0,32296.0,14288.0,6.990829016588316,9.211165561563142,9.211165561563142,1.5733199943233478,43.22460681495,0.18,-0.13129694303352152,0.013103463988518324,0.025713636986387445,0.025928125656733768,-0.032083674621593686,-0.03459985021658935,-0.038315516471164296,0.00017318993259686968,0.007459139803773708,-0.0024522353074280753,-0.03679018210753564,-0.09187736036739078,-0.020759184411203023,-0.0309915327063063,-0.015775035565020523,-0.015316986519086617,-0.03361240911495407,-0.0034423328768462096,-0.02980248586973176,0.0028556773152668196,-0.017068520749802647,0.003046953073178882,-0.011175234969297886,-0.02847767939855107,-0.00144253108435076,-0.0320880585499108,0.0026282374797738164,-0.013923863249248792,0.03508471181232015,-0.06929598891164639,0.006663506155600766,-0.13895636183809262,-0.10722419883217664,-0.007148881815432081,-0.03079434941115323,-0.018453387131157798,-0.09298344846302645,0.0037432920336723198,0.01830986558820587,-0.017397892709821446,-0.05025114819587908,-1.0920162490478251,2.102480911388993
6.745,0.165993909789,1.364430915429,18.0,4.0,0.5297542214393616,0.7643019556999207,2.700000047683716,25.06999969482422,0.6614415645599365,288.1651306152344,129.0,92.75,1.5386300675675677,45158.0,696.0,33.0483,14.6795,31.74,196.0,387.35632183908046,5.970149253731344,116.58,42.49,20.02,31.74,25.258358901966528,0.555059543918919,52.85,465622.0,12.3,44.1,43.6,67794.0,41956.5,22104.5,40.84636824324324,17.791976351351355,17.791976351351355,0.9989242570341496,59.34,22.28,0.3207283311913489,0.09337846614111914,-0.12531332113698584,0.035041566437168534,0.0006110861236228837,-0.15770870541338802,0.15888195653748702,-0.05522768429154525,-0.007729681019205637,-0.0027061451603659138,-0.023848300107521946,0.1820407149017555,-0.001647468062816171,-0.03514434308058112,-0.024509617320029143,-0.0013579822924220998,-0.04956241782428694,-0.018684820873662834,-0.10055798945529382,0.04897846277279316,-0.040166981170536034,-0.010552043082425366,0.013166990548372249,-0.01836079466296354,0.01360276281810362,-0.0450274548563175,0.007120428617112373,0.05000628444505859,-0.00813420462550134,0.009541998445638522,0.08176858471141897,0.05314909897546758,0.01936465533415317,0.04323675149504558,-0.1585381472115987,0.03572234689816833,0.42395042279968037,-0.04865583737462291,-0.079400249640923,0.06481525749142743,-0.04126448989473282,0.9452661971939961,2.102480911388993
7.1,0.2206431797445,2.782678939426,19.5,15.0,0.5342583656311035,0.7287935614585876,2.599999904632568,24.42000007629395,0.633034884929657,260.8031616210938,134.8762664794922,156.26,3.7,71109.0,604.0,25.5392,19.687,6.87,4046.0666666666666,639.9701205079514,5.435907589570977,111.113,48.363,43.95,6.87,30.453854606755456,0.8473062281162614,50.12,299186.0,8.188156481532047,41.53969380882165,50.2721497096463,56528.0,34807.04,22100.67,29.449202691670408,16.989687864542002,16.989687864542002,4.19935794066213,97.31,12.78,-1.06504640470515,0.013638136865687638,-0.16441979646252003,0.0417321865342092,-0.06390950297110247,-0.06961728593718727,0.04889323389239146,-0.04000423665833665,0.018070778050576282,-0.0022614918691106155,-0.04854671972605863,-0.007766979875043068,0.04075719619786833,0.06459832892101251,-0.006120718051562985,-0.005907243572059051,-0.005633510482846738,0.005449466101126727,-0.013170329059008556,-0.017250509465578923,-0.07956662628939375,-0.024239503921009597,-0.001292942210100606,-0.005491374965058582,0.009708877392345999,0.009559846065007132,-0.01436105003231205,0.0004673538883216699,0.008734662880771755,-0.07534388914657757,-0.0009580938206053879,0.003371662925579627,0.007551620920537938,0.011772161383531099,-0.04561018654785583,0.014361293408670478,0.2209687938867137,-0.04235661942791196,-0.04004644335922781,-0.496881697501056,0.024678895174525695,0.32211594882153444,2.102480911388993
6.34,0.1375358478178,1.206564715757,19.6,4.0,0.5365254282951355,0.7443121671676636,1.700000047683716,26.22999954223633,0.6454497575759888,218.3512725830078,128.90185546875,97.153246,1.5051,22704.0,603.4405868680999,11.4219,8.4222,5.82,881.58,371.52675503190966,9.874661869875633,61.11,25.96,23.28,5.82,24.614949908569734,0.4775021872663257,65.5,193424.9506420834,3.786310606464182,52.02179642033601,44.19187938339238,90072.0,39502.4,26966.29,10.53622467854088,6.818367587891776,6.818367587891776,8.389512313189808,82.8,9.83,0.338125886073336,0.24664628181519221,0.20203540633502418,0.1746388898274745,-0.1708059539482346,0.023230671820812954,0.07803338596434331,-0.025472871081379744,0.06465857367194254,-0.003679305236786501,-0.03059121500025508,-0.49519983911450255,0.07671007658692552,0.02455469561892103,0.01794840098591526,-0.003326334423269195,-0.05649638882651925,-0.012362544158706546,-0.014699257342726946,0.04152702286705605,-0.00094912300514991,0.1488619711461942,-0.023903049677144662,-0.07616159303975285,0.004084601462585868,-0.06396072904497858,0.01738493093813307,-0.10269223201862773,0.14257664531900083,-0.08069357529294208,-0.001012198310578194,0.05211017433647067,-0.00969587986846454,0.09807990085094932,-0.06990521327487667,0.06684745233121799,-0.05057950687792616,0.03433372102468276,0.038748116267262975,-1.1331217731724028,0.033332761029945666,0.6492981895102421,2.102480911388993
6.635,0.2163291263279,1.973026965186,18.8,32.0,0.444529116153717,0.5849077701568604,1.100000023841858,28.04999923706055,0.5179262161254883,255.7650146484375,133.0,69.61883,3.1667,31295.0,362.9812608948286,7.9764,10.4369,25.54,1008.69,431.0012394986916,4.999053310767506,72.61,11.98,17.16,25.54,29.247120158096035,0.4441104259190304,62.5,205105.42621421916,6.613355601948504,25.327743910925538,68.05890048712597,63992.0,36649.66,25491.99,8.611711314748359,6.341558665661586,6.341558665661586,2.4926882667224866,70.9,8.18,0.47053646010567896,-0.014174730681756032,-0.10080651457002385,0.016568774245504736,0.010969529229449115,0.0014515925827437437,0.019138944626785847,0.05196480364800662,0.07459455237246589,-0.0032289196606725356,-0.0538023294329177,0.13927064153901297,-0.030407917659729767,0.14076932116306853,0.026695796609856125,-0.010584883301402458,-0.02638001951610198,0.03937320120015655,0.10893646200862703,0.04529239515913648,0.04013437310431611,0.019066246938193233,0.02315759230824188,-0.02836693532625212,0.04176905059523408,0.18824732576648234,0.04980779409798557,0.06956088840792658,0.1214998047098634,-0.07414610117429407,0.027190843518881614,-0.13094716300006254,-0.17907837443886093,0.023110033026430797,-0.033198103773407595,0.14540945940726677,-0.04982673276471901,0.1573985566154588,0.15833829591865656,-0.3248175053892191,0.08316104162018748,0.44666935219033627,2.102480911388993
6.44,0.1202515832103,1.380655427559,27.0,407.6,0.5278112292289734,0.6881611943244934,2.400000095367432,31.95000076293945,0.6005289554595947,260.6069030761719,129.9587097167969,146.82,2.55,54240.0,1270.57,40.6824,30.2805,30.43,8784.0,217.9459876481201,5.105376724300736,248.869,82.267,71.105,30.43,21.438604752014506,1.7255172022880916,45.35,732077.0,19.4,31.7,48.9,35573.0,35134.0,17406.0,18.86276651066043,10.95257410296412,10.95257410296412,1.971747299884448,117.01,20.12,0.1964624118187931,-0.3307852376336814,-0.24002426414808725,0.05799138714815488,-0.0013217202274827145,-0.08618569304747503,-0.07026807409175666,-0.027955591692472793,0.06013452145492195,-0.0045776733914390634,-0.09058463257341647,-0.014224730668356611,0.09939093251456503,0.002950120836496395,0.014107352978317,0.004532323474646582,0.00040799291851001396,-0.006530915504437828,-0.0679910830251175,-0.21616829097084703,-0.11577004519791807,-0.01972633385425431,0.0011074168485356584,0.014230234432499888,0.0036388297212542665,-0.0769147130209022,0.0007589015231933338,-0.07082170394726565,-0.024435769282805286,0.11670616159425118,-0.13306770575139676,-0.12448373584821817,-0.04157729705085509,-0.06496009259601121,-0.025018751085735858,-0.044222757408046154,0.07287088621547448,-0.027515288020949803,-0.004244895164272689,-0.07349760624312332,0.0012156363145914284,0.6120497912769205,2.102480911388993
6.41,0.1613072752335,1.63910553182,28.4,307.4,0.5387269854545593,0.2874916791915894,1.600000023841858,33.0099983215332,0.2789454460144043,386.3236389160156,130.0,97.05,1.21,106381.0,2590.42,55.63,35.38,21.39,6084.07,610.4028000918064,14.863552903373884,174.27999999999997,73.07,53.35,21.39,11.545413701275482,1.3286396630675812,42.31,858592.0,16.673582357043852,41.11565010222189,42.21076754073426,42877.0,31410.0,15449.0,10.182451797210655,6.929020407132105,6.929020407132105,0.954641587443107,92.11,16.82,0.2053736633688677,-0.041787040100549414,-0.05404372391570367,0.07092119916272355,-0.04467773761902938,-0.03611092355998711,-0.12825163882260665,-0.047190178071381504,-0.2537325089188524,-0.003539804164320226,0.034588649364770394,0.01067133503814699,0.018216812697006368,-0.04706525688292464,0.05111649589496672,0.006307238564593631,0.009464520761044693,-0.016321991048986108,-0.022254598486935673,-0.045050984772620685,0.040003249614383105,0.041343519833986674,0.011233341841027178,0.014764949552132766,-0.0027573151313699863,0.0033062005359680404,-0.04154501927504324,-0.03610046188998963,-0.03416161945171185,0.10075841147103345,0.005620034999214108,0.05027725017582998,0.04788070471107495,-7.404086284807931e-05,-0.031127881199121576,-0.02799254994932563,-0.05916508738044653,0.023938394273631314,0.0366644324224908,0.1453796673211037,0.03488441599905494,0.8934219527918614,2.102480911388993
6.67,0.3496345721093,3.285947327853,28.4,307.4,0.5771974921226501,0.2246352732181549,1.5,32.88999938964844,0.2297082245349884,274.3808898925781,127.9325256347656,97.05,1.21,106381.0,2590.42,55.63,35.38,21.39,6084.07,610.4028000918064,14.863552903373884,174.27999999999997,73.07,53.35,21.39,11.545413701275482,1.3286396630675812,42.31,858592.0,16.673582357043852,41.11565010222189,42.21076754073426,42877.0,31410.0,15449.0,10.182451797210655,6.929020407132105,6.929020407132105,0.954641587443107,92.11,1.36,0.15426777312625198,0.01339107127382887,-0.18345238177105788,0.06218740425619762,0.001407790703000489,-0.0802415092381416,-0.07754344073543326,0.009881497546448403,-0.09628945023356936,-0.0024442022386938155,0.009227496386738521,-0.16127004367578768,0.0056817959761247035,-0.01469319404754788,-0.026791934957960624,0.045268474907963575,0.016668863672879543,-0.012530688299564607,0.024770598648115993,-0.0335778444710886,-0.02061661141179504,0.06744949216675014,0.00806227963208218,0.0032645883091027006,-0.015010995349497546,0.0015437737709143918,-0.024130964232259418,0.012599577877088463,-0.01794187901425177,0.02459216579562052,-0.058546264366246714,0.01323373282770628,0.013887605610536341,-0.015140315778320684,0.06886292769038123,-0.02441792337433436,-0.058976843208773076,0.013862405331223326,0.03623986151930875,0.08082859152904716,0.0034985759886913105,-1.294640056231874,2.102480911388993
6.65,0.126125325302,1.313179613021,27.5,221.9,0.5431041121482849,0.358176589012146,2.0,32.54000091552734,0.3365412950515747,232.277587890625,129.3061218261719,41.8,0.9984,37631.0,382.0,12.2266,9.8512,4.991,6472.866666666667,481.9852705731668,4.89273134806276,78.075,30.563,28.728,4.991,21.398798506227283,0.8755846807233554,35.03,369846.0,16.504901960784316,31.65686274509804,51.83823529411765,26213.0,35691.1,13158.53,16.539135979595088,17.556710821702243,17.556710821702243,1.1884593356762363,77.55,1.17,0.175201297814725,0.045550107559945874,0.0856868071301142,0.059878539112105486,0.05351434630167211,-0.002802838018629722,-0.04984879883821118,-0.007394466631230926,0.048457365961745415,-0.002576056248974057,0.018154884885065274,0.08217868490726689,-0.1290865339994198,-0.08537084673019124,-0.022469875160255497,-0.04140191226662141,-0.036437227647984356,-0.03758299006917515,-0.024620526843704263,-0.030169820004026425,-0.012510019680252301,-0.0329688515821472,-0.03520906069315969,-0.0267382950044703,-0.0051115397192770615,-0.027442987389746144,-0.03778064855583942,0.015372241596924147,-0.02845854409132152,-0.03080174230143893,-0.019839412398985585,-0.07771161906386256,-0.031473087893798934,-0.06938689716439692,-0.025077091648126975,-0.052923517698189204,0.02054099871893413,-0.030125730066793078,-0.12344382649241012,0.015414070917177012,0.011032745729899072,-1.4601896988028893,2.102480911388993
6.26,0.1314114692684,1.542266446818,28.1,472.3,0.1815195679664612,0.1489138305187225,1.899999976158142,33.5099983215332,0.1576301604509354,79.36817169189453,41.61711502075195,47.0,1.3107136824324324,36372.0,288.0,18.2749,8.0877,7.75,507.0,653.2327586206897,5.172413793103448,55.68,23.55,11.03,7.75,12.063693803924313,0.472838893581081,63.26,168105.0,10.1,30.6,59.3,59606.0,41956.5,25127.5,34.79581925675675,15.15646114864865,15.15646114864865,0.5191153820594531,50.55,12.28,0.060978810687782256,0.1554004182047211,-0.020053537533734955,0.16971529335156083,-0.013194757745252073,0.04860383914865085,-0.03484498081950005,-0.06527429905254392,-0.10606279020977674,0.06020298647542945,0.0275151960966177,-0.15024852330400607,-0.06514461646345442,-0.03707277096807944,0.020968938232166612,-0.031079877273645185,-0.013302413881872832,0.0026910094296327403,-0.011607762275379963,0.0159653450471815,-0.08019543715089092,-0.026110335255041674,-0.020536862986162308,-0.040437802054919356,-0.0031551699367119435,-0.005763831605436298,0.003608841926092299,-0.010248616315308023,0.06605416440637786,-0.13122117282880935,0.08874872585362754,-0.042797368900850466,0.04693838610418603,-0.012446757768164396,-0.17776129726704676,0.05776426813076254,0.38697813953005245,-0.028374510864261526,-0.03045440581976435,0.13626844584452918,-0.07555556406546386,0.5964817273052178,2.102480911388993
6.22,0.1396255252606,1.262405959324,27.7,421.2,0.3442819714546204,0.0872379466891288,1.700000047683716,32.13000106811523,0.1197903603315353,227.1785125732422,127.3537368774414,113.44,6.47,113005.25,3048.97,56.37,31.11,33.02,4048.8,632.6927383685123,17.070544762331334,178.61,74.6,52.48,33.02,11.832260392384752,1.0136065476243834,41.19,962714.0,23.22925734100645,37.059541398199215,39.71120126079434,40450.0,30441.0,14677.0,7.420621787035737,5.286083690348805,5.286083690348805,0.6079000575173069,68.94,7.709999999999999,0.34613892605400187,0.2434504322921857,0.25642867615201975,0.20307168470718903,-0.007557030921801955,0.22434706081473257,-0.07707611395278942,-0.07213869246141984,0.14440178612398458,0.0755906671006232,0.1322649355526083,-0.25845741789392196,0.08433610400604086,0.3141539191519842,0.11798749317310293,0.05478493642853573,0.012368259258102653,0.024041655184701118,-0.009824913192540464,0.01367039969516921,0.03221407451853155,0.3417860431881854,0.02108116107701785,0.02769466407515575,0.0052519191531465335,-0.02790229789610017,-0.02762700962706015,0.025349446171894698,-0.06530846042162741,0.299193890917115,-0.29258266253909104,0.0596210362927521,0.09126913051307195,0.021900071494747087,0.7990967828227442,-0.1406318756055553,-0.19560502675909072,0.19830992323986713,0.18463640803669107,0.5485855034221896,0.0002289729183540201,0.6381714227627964,2.102480911388993
6.7,0.0676377974555,0.9316349549353,27.5,221.9,0.6179741621017456,0.1523949801921844,2.799999952316284,29.75,0.1719159781932831,158.2906188964844,116.0,41.8,0.9984,37631.0,382.0,12.2266,9.8512,4.991,6472.866666666667,481.9852705731668,4.89273134806276,78.075,30.563,28.728,4.991,21.398798506227283,0.8755846807233554,35.03,369846.0,16.504901960784316,31.65686274509804,51.83823529411765,26213.0,35691.1,13158.53,16.539135979595088,17.556710821702243,17.556710821702243,1.1884593356762363,77.55,0.001414214,0.09921090823382842,-0.11440128570460366,0.11151350774295865,0.0550885995468125,0.031769385775551176,-0.1955646975670243,-0.03171029516993441,0.009771543795417531,0.024518274940084697,-0.0019206826179288105,-0.04157828908582453,-0.13922602087771524,-0.025210809348966006,-0.02704795396781996,-0.003529205511731541,-0.007769287034112463,-0.013545150571968399,0.0037048775504809005,-0.020882044392987124,-0.019500999995681924,-0.0024029148509144014,-0.034366106198809435,0.0011072422049474256,-0.011634752610407324,0.006640638885961339,0.00025863767927517667,-0.01668038679216986,0.0006514082480571462,-0.06100487717549552,-0.0733341508296435,-0.041255251287890156,-0.03594450575555676,-0.034316772177233355,-0.03874505375797159,0.0017701740416232515,-0.06635752577951642,-0.04349200013006339,-0.03509250083134978,-0.04481114361155783,0.004359442750457678,0.015973277345416127,-1.2860764397510211,2.102480911388993
6.725,0.1258579667521,1.354410811781,27.3,416.7,0.2475447058677673,0.1029258966445923,2.5,31.53000068664551,0.1314879506826401,271.5149230957031,131.2420196533203,94.5485,2.1563,46537.0,680.0,35.5076,21.2759,9.55653,702.0666666666667,383.5888559182328,5.60501153972964,121.32,51.283,28.768,9.556533333333334,22.96171465687948,0.7568755271663641,40.05,477450.0,5.7139813203593866,53.40210944990944,40.88390922973117,54771.0,36208.0,22771.0,14.874310622850874,16.990620933097066,16.990620933097066,2.7751741163370838,74.2,3.4799999999999995,0.35263608283421477,0.1298251074219587,0.005308480900130208,0.13567598752217597,0.05693179914529911,0.06952420999691829,-0.07314060207782316,-0.05741003698040725,0.10529056498303555,0.07908132246322926,0.015430299657280577,0.19325020479224625,0.03802393298817328,0.004473966164398014,0.04261701516003806,-0.0023337170535233653,0.008134995507658527,0.023935197536367924,0.011764787869993576,0.006259870284062319,0.022658421639935165,-0.026388441297458452,0.018246361421188295,0.005591407758998623,0.030423198398784757,0.009241093784221466,-0.04187450139480644,0.011826614318764727,-0.039815576496766814,0.014318216853076594,0.07431939542177131,0.21456066956138237,0.2002924414506415,0.007763157745939675,0.06722985559375957,0.04399581377475992,0.11819927864987408,-0.02491007716662701,-0.15055228010332208,-0.21932650027377537,0.02508364147145774,0.17981839830870744,2.102480911388993
6.83,0.2154186366291,2.091032440366,27.8,233.8,0.2987442910671234,0.2722972631454468,4.400000095367432,30.80999946594238,0.2678378224372864,255.4473724365234,130.0,107.34,6.28,66001.9,1675.31,49.3,18.28,27.37,612.65,435.2825957923893,11.048671107300668,151.63,65.22,31.43,27.37,10.04493389674318,0.8095851014325984,41.74,774172.0,21.96364940618549,42.590832655196046,35.44551793861847,49137.0,30324.0,14574.0,6.059303494414041,4.22208657852724,4.22208657852724,0.6829462442173873,55.57,5.42,-0.012666804516804376,0.02563040834385901,-0.1724815508531756,0.1150564608321292,0.04073021612945003,0.0625384766886709,-0.05536121201422064,-0.02606093576934663,0.07324501826975019,-0.005703503875993143,-0.011266093409853007,0.10022493896645032,0.05052679047558928,0.2469996316838079,0.04018497086432771,0.01882421817875002,0.012804976632003705,0.03266901093849439,-0.017199882104992882,0.036956009320216275,0.01741436519089614,0.05527561712393072,0.012689166222466209,0.0139365736723412,0.024416163725312835,0.002164458083803811,0.019286212365259448,0.02445927827293053,-0.013524512073490702,0.2064204692697385,-0.17129565761529375,0.05373091614258012,0.03648887589096561,0.014086665781331243,0.0991181180721032,-0.029145977679174484,-0.2131083694853587,0.1903552118530497,0.06433087375550525,0.14199910009861924,-0.06835537214449132,0.3578284383598948,2.102480911388993
7.12,0.1738742953797,2.067589227543,27.4,161.7,0.3403342366218567,0.1695738881826401,1.200000047683716,34.47000122070312,0.1841316670179367,232.0772094726563,132.0273895263672,90.0226,0.7435,42621.0,380.0,29.4862,26.9367,6.0698,1695.8666666666666,337.6107982224757,3.0100678849520373,126.243,48.203,43.513,6.0698,23.893469695255813,0.8922933064271592,52.67,391262.0,5.5,42.2,52.3,87708.0,38644.0,23300.0,29.21013066820637,20.030529177502824,20.030529177502824,4.456108026187788,110.8,1.67,-0.6805596614102833,-0.0039192213380011,-0.1092026070388965,0.07876854058215396,0.01597544116294014,0.05545000850269573,-0.059347495094174495,0.02151485389447775,-0.06433597773662769,-0.003103111645439649,0.01967557367787235,0.04796323068253695,0.0038127588019706282,-0.03133423820813186,-0.007667233862215661,-0.02893964308162683,0.0030998467606259683,0.0031474122120998538,-0.011572142975754096,-0.018369022060069295,0.02421382814645771,-0.04156387511990032,0.007052125332411324,0.004092397139058424,0.006369943440309722,-0.008025180889642792,-0.04531130460393614,-0.0077025261868257314,-0.03322594527690671,-0.02166409612738062,0.03212917956931053,-0.011523106573440555,-0.0021287846544292277,0.07158522868331053,-0.004254165157035439,0.025498621325008596,0.1367288870689226,-0.15560843072319397,-0.1372017710515065,-0.35557684992102434,0.03197266991552896,-0.29105112061649563,2.102480911388993
7.115,0.1365566168923,1.569686265859,27.7,289.9,0.6096546649932861,0.1284908801317215,2.900000095367432,32.18999862670898,0.1527927070856094,219.2985229492188,131.0,86.2176,3.9735,25523.0,815.0,31.1163,21.4397,6.37807,471.8666666666667,209.2032032524324,6.680273112515471,122.001,42.695,30.889,6.378066666666666,23.090604598202717,0.495701072671828,46.74,578032.0,13.2,34.4,52.4,70896.0,35317.0,22722.0,12.79694947845151,11.127680470035047,11.127680470035047,1.418914034866713,54.7,13.36,-1.243223876706208,0.135941769857076,-0.04993273154390036,0.11454612414457363,0.0678949111051625,-0.1593423142203245,0.005454602544137677,0.02630451846809594,0.10680016372632242,0.04767308880528435,0.018772311263834184,0.10502236233558504,0.01555252453219146,0.14813757347938378,0.04088899456663053,0.0101282970044412,0.013499235983355872,0.03194583028211484,0.04214627980510703,0.05005558219482188,0.19105023959005482,0.02891888587793804,0.024212886037479654,0.013152596616535495,0.03801961436797868,0.04664820365537892,0.0407126476393315,0.02845676786836704,0.043282994204724645,0.06035426168923726,0.08815373341843952,-0.06747763438394751,0.007587576768128224,0.015913892514188753,0.16568215304979814,0.09031019782321528,-0.05570395034115052,-0.000747975570440751,-0.01279333806154318,0.09096350759465706,-0.04283590951393129,0.7752580697439844,2.102480911388993
6.855,0.04223930043189,0.4588025554773,25.7,191.4,0.3535537421703339,0.4277059733867645,0.8999999761581421,34.5099983215332,0.3921647965908051,275.0,128.1002197265625,69.4828,1.3569,21994.0,591.6353864032538,9.1363,9.5518,2.36,1603.85,381.11245884595394,10.251869457689375,57.71,25.24,23.82,2.36,23.245438704361963,0.4724934230642314,61.4,189959.29356481816,5.960707881876988,46.25281304491967,47.78647907320334,66835.0,38481.79,24326.61,8.747788017238738,6.746846249557248,6.746846249557248,4.849428335338578,73.3,0.32,-0.04800922156547317,-0.2867431389653356,0.11400939585862217,0.0627758308383636,0.026841910496412352,0.028961882908071827,-0.06117722545599099,0.014560274665593176,-0.03641361605725254,-0.003021638124715549,0.0003850652372929973,-0.15573578727181298,-0.009004328219511094,-0.022035040491027735,0.008180394148745098,-0.004819356632127879,-0.0375331424071337,-0.0158777330921148,-0.01724460883153364,-0.007349120832339432,0.0008451358712045353,0.017706480222230293,-0.024435842014150697,-0.014211179228615945,-0.0030068151759332505,-0.022147928986756577,-0.01208688229031396,-0.012449015683261658,0.04451950556796514,-0.06438747714844069,0.010092376945423906,-0.0020714823264861406,-0.004983672837086522,0.019471231604111405,0.008514572111831518,0.003531789991538945,-0.09600385244045168,0.026855970617616614,0.015046236682275744,-0.3871147456035251,-0.009256720409670365,-1.146089051189454,2.102480911388993
6.4,0.1632344812459,1.467862611626,2.7,28.0,0.2166171818971634,0.1004345864057541,0.4000000059604645,9.220000267028809,0.1303476691246033,260.6069030761719,129.9587097167969,146.82,2.55,54240.0,1270.57,40.6824,30.2805,30.43,8784.0,217.9459876481201,5.105376724300736,248.869,82.267,71.105,30.43,21.438604752014506,1.7255172022880916,45.35,732077.0,19.4,31.7,48.9,35573.0,35134.0,17406.0,18.86276651066043,10.95257410296412,10.95257410296412,1.971747299884448,117.01,6.6,0.10768147152801981,-0.015052350337500653,-0.1540379330120049,-0.22856447694497187,0.0004820169324520673,0.0421380794902797,-0.11755182271113156,-0.0035082714343443342,-0.04280290440330285,0.03435578056809026,-0.05548126164637501,-0.017698043224634575,0.04838753345387521,-0.008846977096749465,-0.004989351726020663,0.004666763326269608,0.003909128447994625,-0.01885485718469131,-0.02993309942772606,-0.11744280333095232,-0.042423802954494036,-0.029035563182900636,0.0005250553237274413,0.01704463709564876,-0.029029465593281213,-0.025226492183748683,-0.026055917857214773,-0.0331631552755135,-0.006325372843071842,0.061029635253711634,-0.1214889140378218,-0.19742278771020938,-0.007137009159312591,0.011647503216983778,-0.004049256599042583,-0.06599877074407409,0.027762291593244327,-0.05952985010831613,-0.01531808167544666,-0.04184942142281216,0.038578162563848294,0.2585630942045246,2.102480911388993
5.904999999999999,0.1922570584841,1.951581635845,3.6,21.0,0.4531041085720062,0.4497370719909668,0.8500000238418579,8.210000038146973,0.409789651632309,386.3236389160156,130.0,97.05,1.21,106381.0,2590.42,55.63,35.38,21.39,6084.07,610.4028000918064,14.863552903373884,174.27999999999997,73.07,53.35,21.39,11.545413701275482,1.3286396630675812,42.31,858592.0,16.673582357043852,41.11565010222189,42.21076754073426,42877.0,31410.0,15449.0,10.182451797210655,6.929020407132105,6.929020407132105,0.954641587443107,92.11,21.54,0.2687133124494576,0.05639069912687413,-0.11490743930661115,0.057820982898701946,0.001313458059798034,-0.012583511306613171,-0.16142225281964057,0.05728488690813534,0.09027180779236361,-0.0042465730812401015,0.06967746642837298,0.043471716706873845,0.0034257205897010533,-0.06265161756798623,0.03386156189086613,0.04825243710167704,0.01907190187380179,0.02755487694160543,0.012861667967517887,-0.05560423227737195,-0.004272181122796703,0.10605200015986342,0.0102117126752856,0.029216079510399152,0.00755950046615903,0.01179063770058566,-0.027159933686372907,-0.04294008253305213,0.006289620946627128,0.08200430705968757,0.005800909181416536,0.02674442226020617,0.055534450635779595,-0.03078274501051048,0.0560072328052484,-0.03271382378053382,-0.07606533647369365,0.06937930486968258,-0.0008600977889727801,0.20680358335823995,0.06599218500638378,1.0050077553202865,2.102480911388993
6.565,0.2264315865326,2.033548315905,3.6,21.0,0.3838760256767273,0.5992656350135803,0.75,6.25,0.5294125080108643,274.3808898925781,127.9325256347656,97.05,1.21,106381.0,2590.42,55.63,35.38,21.39,6084.07,610.4028000918064,14.863552903373884,174.27999999999997,73.07,53.35,21.39,11.545413701275482,1.3286396630675812,42.31,858592.0,16.673582357043852,41.11565010222189,42.21076754073426,42877.0,31410.0,15449.0,10.182451797210655,6.929020407132105,6.929020407132105,0.954641587443107,92.11,2.95,0.24985955051204659,-0.02312136702809948,-0.24857054338441237,0.009205018579144953,-0.0014939036871073786,0.05204462605097795,-0.03519421303365382,0.04373968005727504,0.11750359514355664,-0.004682611629832523,0.03348481449391698,-0.30266383045678963,0.008694814254413341,-0.06669524937332598,-0.04450329145253638,0.04223633466346657,0.01000388412934261,-0.03676688270072914,0.010345769599021847,-0.06665577189065512,-0.06570657745341309,0.07431920218281449,0.007325289902510179,0.008141974005848129,-0.021724962084670563,0.0129635258520721,-0.03916459093836604,0.0022726014083018996,-0.03418668321985754,0.10411001696635509,-0.06312536906520842,0.022643251938628907,0.01995693964220111,-0.015924341931240572,0.16659028646885418,-0.0466495930857491,-0.09481930424948222,0.06903897104947836,0.0534304164594505,0.15503150391241072,0.02094575889175765,-0.17277845635340783,2.102480911388993
7.15,0.2125038355892,2.335936137249,2.7,19.0,0.1458965837955475,0.2414888739585876,0.25,8.65999984741211,0.2431910932064056,232.277587890625,129.3061218261719,41.8,0.9984,37631.0,382.0,12.2266,9.8512,4.991,6472.866666666667,481.9852705731668,4.89273134806276,78.075,30.563,28.728,4.991,21.398798506227283,0.8755846807233554,35.03,369846.0,16.504901960784316,31.65686274509804,51.83823529411765,26213.0,35691.1,13158.53,16.539135979595088,17.556710821702243,17.556710821702243,1.1884593356762363,77.55,1.5,-0.4391439022767008,0.0005699196036438925,-0.12119810082571343,-0.09619522083352786,0.0049774850315880085,0.015879872042685768,-0.03408757534332109,0.01979039020370694,0.01523092146974524,-0.00256899923225862,0.01247935648972635,0.06456067782233003,-0.055510334247141156,-0.04940633240784521,0.015337174829328443,-0.027093257030006517,-0.029658713459735742,-0.0473254524322692,-0.012410897441790419,-0.0312942314303946,-0.026267349834786718,-0.01930088453611823,-0.008798356877523467,-0.016237100549042226,0.007456593732582434,-0.02794286280346569,-0.01529105310386511,0.0028515406966908075,-0.06591018809739033,-0.08767041147977578,-0.0845094591511297,-0.12818508705252318,0.00304595064092428,-0.027052775417861996,0.009894541404792104,-0.04697524894785603,0.041577668547630287,-0.08129621151089667,-0.04472045387979599,0.00883116592967419,-0.019644051142851813,-0.5829523001734633,2.102480911388993
6.59,0.1651267123139,1.836242436349,3.9,31.0,0.2748605906963348,0.3992600440979004,0.6000000238418579,9.289999961853027,0.3694080412387848,79.36817169189453,41.61711502075195,47.0,1.3107136824324324,36372.0,288.0,18.2749,8.0877,7.75,507.0,653.2327586206897,5.172413793103448,55.68,23.55,11.03,7.75,12.063693803924313,0.472838893581081,63.26,168105.0,10.1,30.6,59.3,59606.0,41956.5,25127.5,34.79581925675675,15.15646114864865,15.15646114864865,0.5191153820594531,50.55,9.4,0.20813889591372572,0.034638715997454786,-0.11187496564257886,-0.043266319011105184,-0.00601955280872053,0.03367917859368017,-0.10273852866201194,-0.004900562304421286,-0.04187245608272498,-0.004546172761591194,0.003589559543062992,-0.1687437502829125,-0.06751697212469304,-0.06250270952144629,0.0029823795421980216,-0.04583448478917125,-0.0652644793137442,-0.028077059173723717,-0.04862611363618634,0.0014201617368962526,-0.1314464781563729,-0.018044947576476254,-0.053918240842642254,-0.07441446660377551,-0.04599478594260287,-0.024515646714717176,-0.011105199358426021,-0.037910330640443156,0.06381928548403086,-0.12382758106477565,0.10591808542923524,-0.14605328665173145,-0.014993768553016706,-0.00495409130433111,-0.2378495901097195,0.08437697835604199,0.33405294513574335,-0.012606472850835427,-0.022888766193063903,0.2072254451415502,-0.06594691005808995,0.35654480115941267,2.102480911388993
6.6850000000000005,0.2234949169228,2.132437712,3.1,16.0,0.1741376221179962,0.2516548931598663,0.449999988079071,7.449999809265137,0.2513239085674286,227.1785125732422,127.3537368774414,113.44,6.47,113005.25,3048.97,56.37,31.11,33.02,4048.8,632.6927383685123,17.070544762331334,178.61,74.6,52.48,33.02,11.832260392384752,1.0136065476243834,41.19,962714.0,23.22925734100645,37.059541398199215,39.71120126079434,40450.0,30441.0,14677.0,7.420621787035737,5.286083690348805,5.286083690348805,0.6079000575173069,68.94,3.78,0.29604778817354227,0.04290743242227466,-0.30037211853766344,-0.1286361556802876,0.06403104987379626,0.03224810007889758,-0.09696947228559297,-0.00253311671986014,0.009609584566671426,-0.004658941056579313,0.025500375279691078,-0.3168630402559647,0.027453975784359475,0.29034829044400257,0.007663154751760914,0.11551280294638133,0.019757767767878277,-0.02361357013182721,0.011637901590555022,-0.002502131299057531,-0.04688468289060982,0.1848091282306705,0.001043183715082796,0.017498840855609155,0.014868459966150094,0.012369530018535435,0.006496608847985042,0.005021592194563773,-0.029855934708844976,0.22032086416683158,-0.3572162073077633,0.05858200077072253,0.047249184865504515,-0.011021921661274959,0.3734424567068927,-0.0675766322994605,-0.12944612088950813,0.14404841952654535,0.07346849108021702,0.3606212440074887,0.005894147380546255,0.15922618825378598,2.102480911388993
6.89,0.2674164585093,3.37908423967,2.7,19.0,0.1469908207654953,0.2672204375267029,0.5,8.3100004196167,0.2637763321399689,158.2906188964844,116.0,41.8,0.9984,37631.0,382.0,12.2266,9.8512,4.991,6472.866666666667,481.9852705731668,4.89273134806276,78.075,30.563,28.728,4.991,21.398798506227283,0.8755846807233554,35.03,369846.0,16.504901960784316,31.65686274509804,51.83823529411765,26213.0,35691.1,13158.53,16.539135979595088,17.556710821702243,17.556710821702243,1.1884593356762363,77.55,0.6900000000000001,-0.046256859298213396,0.024795098167087415,-0.08124153001117525,-0.11524491795070935,-0.0013350449373247075,0.003174181272625033,-0.04120505086443154,-0.0033567338428111258,0.004869547054753641,-0.0011513546081259938,-0.034530756289255816,-0.13618864293204389,-0.043362615649471956,-0.022028542984509847,0.006800180251128015,-0.0021656528668245432,-0.015649846792686727,-0.015817519857780984,-0.014109736880753157,-0.025214881269202998,-0.03474682130839204,-0.013444056912383488,-0.004034033953212189,-0.008547941896831597,-0.0008435782270389637,1.3053887407316055e-05,-0.01736892873910257,-0.0024552886503515815,-0.05308677235309733,-0.05837710841267833,-0.021625422438839453,-0.06616991053719538,-0.036586592278676056,-0.009700889520114293,-0.02496892647544153,-0.06039929536811539,0.012460342548787568,-0.03469370207813337,-0.027708734571002435,0.031056850505759938,0.004456747113261377,-1.1145880535233303,2.102480911388993
6.720000000000001,0.1999856564854,2.081625695475,2.5,13.0,0.2666166126728058,0.3510452210903168,0.5,8.289999961853027,0.3308361768722534,271.5149230957031,131.2420196533203,94.5485,2.1563,46537.0,680.0,35.5076,21.2759,9.55653,702.0666666666667,383.5888559182328,5.60501153972964,121.32,51.283,28.768,9.556533333333334,22.96171465687948,0.7568755271663641,40.05,477450.0,5.7139813203593866,53.40210944990944,40.88390922973117,54771.0,36208.0,22771.0,14.874310622850874,16.990620933097066,16.990620933097066,2.7751741163370838,74.2,3.45,0.30680800739221736,0.0640115779316984,-0.11167263225268102,-0.19652689742797508,-0.04255895115772727,0.060629585990216596,-0.06789130036102142,0.015616256645647808,0.01832106959761586,-0.0043758139039854925,0.027165670088492334,0.175959161400795,0.02246106021304144,0.006332173331640711,0.023787233176757593,-0.001286375933908923,0.014833853605086933,0.02556078644027,0.002827819893951489,0.02086387792858293,0.01874991719587704,-0.010727290075737939,0.015062059152289354,0.01858707612752919,0.05830767894838944,6.653521058614942e-05,-0.032774995541898576,0.009582277898443837,0.030395975185674606,0.031389164065243634,0.013866203315788871,0.1560967488215538,0.12657121153466874,0.029166011120425495,0.07281814217951618,0.06676265256747142,-0.014912335632136143,-0.04038567968225102,-0.06221300307626372,-0.1165040088035167,0.016598982278141182,0.11876227412093428,2.102480911388993
7.035,0.1555494286073,1.451284014927,3.0,9.0,0.2613529860973358,0.3172178268432617,0.5,7.230000019073486,0.3037742674350739,255.4473724365234,130.0,107.34,6.28,66001.9,1675.31,49.3,18.28,27.37,612.65,435.2825957923893,11.048671107300668,151.63,65.22,31.43,27.37,10.04493389674318,0.8095851014325984,41.74,774172.0,21.96364940618549,42.590832655196046,35.44551793861847,49137.0,30324.0,14574.0,6.059303494414041,4.22208657852724,4.22208657852724,0.6829462442173873,55.57,2.25,-0.33085082281194633,0.0740795840797946,-0.0815279142794898,-0.1518128089560196,-0.023757045528734987,0.04439157446823087,-0.07233302532858214,-0.015919640718959238,-0.011679347884957702,-0.00422776694945064,-0.023766312843304983,0.01884779164812068,0.014928071334143178,0.15759873334947044,0.003033561238436966,0.022192633331986143,0.011205419305362696,0.006677952590049241,0.009395440846797953,0.016585150399478145,0.004945960885961487,0.03411440653610045,0.00881394647143321,0.012053499881760233,0.009981488358345891,0.007623786004842303,0.005258516706991923,0.0029186766111525043,0.016147118183551412,0.11867348268954084,-0.1229598330515437,0.10455617442086804,0.03526496189041066,0.029764977327198693,0.06838467158412095,-0.0574247056889581,-0.17905537597427615,0.07711512465495615,0.08580667671514675,0.16205713416147047,-0.054703594819991874,-0.24342715817759739,2.102480911388993
6.85,0.07623938666431,0.9117736874711,3.4,7.0,0.1214609667658806,0.1533065140247345,0.300000011920929,8.59000015258789,0.1726452112197876,232.0772094726563,132.0273895263672,90.0226,0.7435,42621.0,380.0,29.4862,26.9367,6.0698,1695.8666666666666,337.6107982224757,3.0100678849520373,126.243,48.203,43.513,6.0698,23.893469695255813,0.8922933064271592,52.67,391262.0,5.5,42.2,52.3,87708.0,38644.0,23300.0,29.21013066820637,20.030529177502824,20.030529177502824,4.456108026187788,110.8,0.38,-0.06456676037481517,-0.2042499035946094,0.09836710209690502,-0.023579787787282862,-0.0930001204652944,0.012819378402433334,-0.022567615225561867,0.011183135420491454,0.0067156185242347455,-0.002796301349182596,0.021652745440020257,0.008237595224578344,-0.0037980451092589503,-0.03740929698798574,0.013328239003894826,-0.012812846878659903,-0.0010026882359525043,0.024899519536586,-0.00800958232884295,-0.013028970793879116,-0.0016797411935985849,-0.029980710425414094,0.006324530724436013,0.00441715420922265,-0.0038302648124517017,-0.02178407320124095,-0.026982797987002406,0.01588539038749877,0.005461761568265546,-0.003830149415065562,0.044496338090917555,-0.024230313989566585,0.0032255134590086255,0.022314038986049084,-0.016452792580472286,0.013074243065260832,0.10921373878908336,-0.025631331020034842,-0.06369572624232386,-0.29911598379304627,0.0024974748535314542,-1.5206145077825641,2.102480911388993
7.02,0.06714716584645,0.6007905580112,2.5,11.0,0.2684709429740906,0.325076162815094,0.5,7.570000171661377,0.3100609183311462,219.2985229492188,131.0,86.2176,3.9735,25523.0,815.0,31.1163,21.4397,6.37807,471.8666666666667,209.2032032524324,6.680273112515471,122.001,42.695,30.889,6.378066666666666,23.090604598202717,0.495701072671828,46.74,578032.0,13.2,34.4,52.4,70896.0,35317.0,22722.0,12.79694947845151,11.127680470035047,11.127680470035047,1.418914034866713,54.7,0.7,-0.20922573441162245,-0.1322590423122747,0.2627749851178378,-0.13266633095440916,-0.09869517655024537,0.03423254489339891,-0.07335059462144276,-0.00017557993979423482,-0.02002383802545955,-0.003281194931129006,0.05704928806639511,0.012039402899623335,-0.00011220081604554344,0.07514679627411533,-0.012848148224118616,-0.01780321874038777,-0.015126133324578406,0.01772997715353263,-0.009140902364742947,0.007580392096482691,0.07098355169815473,0.004417571847443508,-0.009776294117327755,0.0038019800526090273,0.012947978837531987,-0.03932759420666839,-0.018201183678233097,-0.04804560098535149,0.009275747391860939,0.008107986154267537,0.012736804826417985,-0.063872500528465,0.01619859498250297,0.016897249701432894,0.018479238041210877,0.03763360929337801,0.0019929559363517533,-0.01873215890827119,-0.015359285454032905,0.05536396405205597,-0.014308890825021093,-1.436120338935405,2.102480911388993
7.215,0.102587099731,1.127128519816,3.3,7.0,0.1354595273733139,0.2337662279605865,0.2000000029802322,7.46999979019165,0.2370129823684692,275.0,128.1002197265625,69.4828,1.3569,21994.0,591.6353864032538,9.1363,9.5518,2.36,1603.85,381.11245884595394,10.251869457689375,57.71,25.24,23.82,2.36,23.245438704361963,0.4724934230642314,61.4,189959.29356481816,5.960707881876988,46.25281304491967,47.78647907320334,66835.0,38481.79,24326.61,8.747788017238738,6.746846249557248,6.746846249557248,4.849428335338578,73.3,0.49,-0.2765975226818118,-0.16326310962426946,0.09363382973845001,-0.014501431649725399,-0.059441668795770966,-0.002493300005909989,-0.009304020349460191,0.013198919230315336,-0.005752306450274786,-0.0019250215588836061,-0.002235072351206306,-0.15013304599572436,-0.02574410247878402,-0.02296674727171195,-0.013607182673236785,-0.0035093379736062984,-0.02805855533131396,-0.02049535809247755,-0.0011490432613645838,-0.007901451182842701,0.007660513320937716,0.01778625301131984,-0.025955453384667627,-0.007387623509566768,0.00435001522686799,-0.005275967776775324,-0.010650161057244974,-0.0024866440477198984,0.047045637114613785,-0.07294395916914798,-0.0015589734556852,-0.02573116988386028,0.01828051840618717,0.017566063247097176,-0.056799635594186826,0.062449681804631875,-0.10116678091022183,0.01806956691970115,0.010431983048212714,-0.3581957621321199,0.00536518070008607,-0.9399465127376605,2.102480911388993
6.455,0.1959040303814,1.827906441274,18.2,0.0,0.4926227033138275,0.7589735388755798,1.799999952316284,25.32999992370605,0.6571788191795349,260.6069030761719,129.9587097167969,146.82,2.55,54240.0,1270.57,40.6824,30.2805,30.43,8784.0,217.9459876481201,5.105376724300736,248.869,82.267,71.105,30.43,21.438604752014506,1.7255172022880916,45.35,732077.0,19.4,31.7,48.9,35573.0,35134.0,17406.0,18.86276651066043,10.95257410296412,10.95257410296412,1.971747299884448,117.01,34.13,0.33138093882391706,0.09624836485693226,-0.05365449249930683,0.020636840466992035,-0.056166484408546255,-0.12999325469660117,0.08325931396847594,-0.05614771538286003,-0.010208701750845562,-0.0022263930030167246,-0.08875619311572513,0.060259330718196,0.051160125288646705,0.010780390260275375,0.010824566146824543,-0.023403909856569927,-0.006932008234667641,-0.006548509606509522,-0.07756163412798198,-0.29364003794989546,-0.07631066779547832,-0.025886845188448214,0.005709681160515223,0.026545109962229564,-0.05163403413549537,-0.014429516739444814,-0.03631722762377465,-0.08673656174528879,0.06669835847686045,0.011583635272691063,-0.2851630527337547,-0.14768598303408365,-0.03623782939638478,-0.04523458833631595,-0.0649950240136822,-0.0011665983618004637,0.1428284314328339,-0.09548507556132968,0.014862517131608955,-0.20422084920981431,0.10426834186725316,1.071793987076613,2.102480911388993
6.54,0.3783828045614,4.473671270399,19.0,46.0,0.6479945182800293,0.6949933767318726,2.299999952316284,24.85000038146973,0.605994701385498,386.3236389160156,130.0,97.05,1.21,106381.0,2590.42,55.63,35.38,21.39,6084.07,610.4028000918064,14.863552903373884,174.27999999999997,73.07,53.35,21.39,11.545413701275482,1.3286396630675812,42.31,858592.0,16.673582357043852,41.11565010222189,42.21076754073426,42877.0,31410.0,15449.0,10.182451797210655,6.929020407132105,6.929020407132105,0.954641587443107,92.11,52.58,0.4196310545201413,0.3774057521454524,-0.11983745497383642,0.07976793516858025,0.02803107597387864,0.03438686923024938,0.16814986009383573,-0.06614081352681404,0.11738578732125453,-0.003177540883421881,0.058886521539650995,0.1004749020914315,0.01199769926909362,-0.0626136092805536,0.016060647811857055,-0.010103421524865519,0.008005837850680009,0.006352184431976671,-0.006776244006876353,-0.0744031587087084,0.0023695298809325305,0.0030603067607154035,0.008509139785892317,0.013037313194479894,0.014914092705119475,-0.014800826449761972,-0.04897513163171245,-0.010855734976590602,-0.03666840883786793,0.2619224039874971,0.13246609006740623,0.06482400272693489,0.15713982381921948,-0.025653340616903764,0.10372127964242812,0.06790229665732486,-0.14657758234185184,0.07181850147375364,0.0489066558404593,0.32432684768992476,0.03308443594060377,1.3943203408728004,2.102480911388993
6.675,0.2890472276714,3.014214178748,19.0,46.0,0.5933253765106201,0.8934727311134338,1.799999952316284,25.76000022888184,0.764778196811676,274.3808898925781,127.9325256347656,97.05,1.21,106381.0,2590.42,55.63,35.38,21.39,6084.07,610.4028000918064,14.863552903373884,174.27999999999997,73.07,53.35,21.39,11.545413701275482,1.3286396630675812,42.31,858592.0,16.673582357043852,41.11565010222189,42.21076754073426,42877.0,31410.0,15449.0,10.182451797210655,6.929020407132105,6.929020407132105,0.954641587443107,92.11,1.08,0.15706122873350975,0.06918340537615586,-0.15181285348220258,-0.030644840204389744,0.008093704622937414,-0.17693098397325957,0.11326019480428662,-0.03763248748809557,0.03446302993025166,-0.002859314559958892,-0.0039905208382988,-0.17494230277847964,-0.012182504674652561,-0.04051893310400194,0.0065923750309739015,0.04441779144713654,0.005407054223236613,-0.0185376766107511,0.019372254117974073,-0.025277919526561186,-0.054896152082074025,0.07095868343580511,0.01885796617681625,0.01422885758162012,-0.021448882719036205,0.012107691877405125,-0.016189486045157526,-0.002881774204666704,-0.012425435300916433,0.06954727246740364,-0.02931599377887321,0.01321551752253441,0.05294119890953878,-0.027694487788015976,0.011773813717998582,-0.013103376746876222,-0.06212417396588713,0.02124009486055008,0.05393010950391182,0.04530840609502047,0.0010932519535999884,-1.4321096439439571,2.102480911388993
6.805,0.1534663517208,1.867697387561,19.3,7.0,0.4930704534053802,0.8993932604789734,1.100000023841858,24.70999908447266,0.7695146203041077,232.277587890625,129.3061218261719,41.8,0.9984,37631.0,382.0,12.2266,9.8512,4.991,6472.866666666667,481.9852705731668,4.89273134806276,78.075,30.563,28.728,4.991,21.398798506227283,0.8755846807233554,35.03,369846.0,16.504901960784316,31.65686274509804,51.83823529411765,26213.0,35691.1,13158.53,16.539135979595088,17.556710821702243,17.556710821702243,1.1884593356762363,77.55,0.001414214,0.03830164882197279,0.05189957360841803,-0.040644540218869214,-0.017783421487081796,-0.04799713234795491,-0.04618904821685284,0.17972354221052958,0.015201887146831686,0.017763378853676848,-0.0009410564756253629,0.008859025458164995,0.06176125877883171,-0.03665242989594117,-0.03376344692736166,-0.008917654725548285,-0.0027426122155738727,-0.025788542760419607,-0.030189575906435485,-0.02118341502401746,-0.027323291212436727,-0.02772412045340748,-0.013778055893897537,-0.001134252117713928,-0.005341595143254332,-0.004321949017234143,-0.011193622249178579,-0.0006519095905823844,0.014336143495864248,-0.05681764412071792,-0.05598099643591561,-0.04598730112088375,-0.1127767602957902,-0.04640789031644814,-0.015507684953336176,-0.10291893844958395,-0.03961446890933436,0.06827340170129896,-0.045733047566842336,-0.09662762042379469,0.016359801958838953,0.0009302245169528853,-1.5519494810926262,2.102480911388993
6.66,0.1099732820411,1.044781490968,19.9,15.0,0.5384698510169983,0.7504218220710754,4.099999904632568,22.26000022888184,0.6503374576568604,79.36817169189453,41.61711502075195,47.0,1.3107136824324324,36372.0,288.0,18.2749,8.0877,7.75,507.0,653.2327586206897,5.172413793103448,55.68,23.55,11.03,7.75,12.063693803924313,0.472838893581081,63.26,168105.0,10.1,30.6,59.3,59606.0,41956.5,25127.5,34.79581925675675,15.15646114864865,15.15646114864865,0.5191153820594531,50.55,10.38,0.26446857994771567,-0.5059803066753084,0.4024732567959,0.1469028588316869,-0.17360829246125647,-0.029958571210736418,0.07129381779173857,-0.029369190474040796,0.011686884132912356,-0.0032432532720268028,0.1242110601784662,-0.12281821354688142,-0.055049124604323915,-0.05664005698129777,0.014464306248584791,-0.08033946789859334,-0.041325084134004986,-0.010868120939121617,-0.040331462458241686,0.007476917330757782,-0.05605517227435475,-0.03194121182337406,-0.06483983515866572,-0.07785667214414557,-0.06446858371712734,-0.026981934575247578,0.0009965315130539443,-0.058530039776116684,0.04519731058023167,-0.16663374189037133,0.131828239849885,-0.11142004249512674,-0.002264934524428064,-0.007706864048028372,-0.2729310684951488,0.08368500099913216,0.45967201788228707,-0.044449655512697014,-0.03210818417894192,0.1892157719557872,-0.06429547887668005,0.5316985464578028,2.102480911388993
6.335,0.2632378178348,2.549147377755,18.4,25.0,0.3566314578056335,0.5036435127258301,1.799999952316284,23.96999931335449,0.4529148042201996,227.1785125732422,127.3537368774414,113.44,6.47,113005.25,3048.97,56.37,31.11,33.02,4048.8,632.6927383685123,17.070544762331334,178.61,74.6,52.48,33.02,11.832260392384752,1.0136065476243834,41.19,962714.0,23.22925734100645,37.059541398199215,39.71120126079434,40450.0,30441.0,14677.0,7.420621787035737,5.286083690348805,5.286083690348805,0.6079000575173069,68.94,2.7,0.049119366465718475,0.05857430174935143,-0.30709308268351015,-0.026708826854126545,-0.014304405258502717,0.0593971292218193,-0.035034304626518874,-0.04927655438124201,0.032885988818132386,-0.004480423063971084,0.03996180551196447,-0.4185870639503701,0.03975116719200746,0.25016118677961635,-0.03474605882726608,0.07613008497771812,0.007343308669165683,0.0038680221860994735,0.018022874492569785,-0.009233644032501553,-0.025560942277428667,0.17892513035191215,0.006395340264774863,0.009768124709604354,0.00279234477982393,0.011250997000723118,-0.01855840028601231,-0.0009060508178081461,-0.03707230840448754,0.40163432740245486,-0.13565097000682724,-0.02410660194128287,0.062937605928164,-0.01446457892563191,0.21399596947594546,-0.05449671358661719,-0.08210138079058378,0.08404066717298693,0.07429298430215567,0.11923798178497233,0.021657689322135455,-0.19620522037975022,2.102480911388993
7.105,0.1117993812063,1.349241221433,19.3,7.0,0.5908805727958679,0.8486366271972656,1.899999976158142,22.18000030517578,0.7289093136787415,158.2906188964844,116.0,41.8,0.9984,37631.0,382.0,12.2266,9.8512,4.991,6472.866666666667,481.9852705731668,4.89273134806276,78.075,30.563,28.728,4.991,21.398798506227283,0.8755846807233554,35.03,369846.0,16.504901960784316,31.65686274509804,51.83823529411765,26213.0,35691.1,13158.53,16.539135979595088,17.556710821702243,17.556710821702243,1.1884593356762363,77.55,3.78,-0.45684032329791807,-0.227512081077206,-0.03460649325847043,-0.021214657077158354,-0.0794752129121625,-0.18013463630064508,-0.07381186499653268,-0.025235768768063223,-0.011587930413865253,-0.0015949413225171238,-0.031616672847492734,-0.1542956767063588,-0.02565606371784817,-0.03483175291835498,0.00775883940485073,-0.011829514080862288,-0.024561089425551463,-0.006977268754038932,-0.0026219351951731152,-0.0322532221171423,-0.024328542903705962,-0.016298772571317382,-0.009021132547873975,-0.010823404170921987,0.004701284723472783,-0.016502543526876266,-0.005551459316935507,-0.0018127117169205779,-0.05999552479622071,-0.07398328354494883,-0.09163882237940561,-0.0801506187269697,0.02471104142413244,-0.033080126918474,-0.012729136563808419,-0.06433577588247132,-0.016800878558249674,-0.06682889429968783,-0.04339499555894871,0.008909307779016672,-0.0032846796578378176,-0.0751817173355812,2.102480911388993
6.835,0.1208219338969,1.166843801582,18.2,18.0,0.4840219616889954,0.6705208420753479,2.799999952316284,23.81999969482422,0.5864166617393494,271.5149230957031,131.2420196533203,94.5485,2.1563,46537.0,680.0,35.5076,21.2759,9.55653,702.0666666666667,383.5888559182328,5.60501153972964,121.32,51.283,28.768,9.556533333333334,22.96171465687948,0.7568755271663641,40.05,477450.0,5.7139813203593866,53.40210944990944,40.88390922973117,54771.0,36208.0,22771.0,14.874310622850874,16.990620933097066,16.990620933097066,2.7751741163370838,74.2,1294.2,-0.18153722631378338,0.13586050068819885,0.10074063109554117,0.01338458376936622,0.08807322907110215,-0.020116339679225326,0.016613928024540647,-0.05075741955020925,0.03179707477206837,-0.007632415574509688,0.003257343241479238,-0.006513036535470617,-0.014833953520748766,-0.06444421362294808,0.012196786708605956,0.006890817109669989,0.012705561973271084,0.022893599711824232,0.01337904789421016,0.011355105108232278,-0.004622832584194869,-0.02456771708908485,0.007355038872803599,0.02635810873721487,0.039149990264908376,0.0015654174097580187,-0.032808263072394796,0.00085645053442569,-0.03953063998278228,0.06445983777672523,0.03418282098683989,0.3492603114359081,0.13414449031569536,0.12521818795020223,0.15337189803272483,0.0741019220352173,0.1887662938286085,-0.14459222844080075,-0.19077401619695597,-0.34458478279947297,0.05570746198541012,1.3378402992414773,2.102480911388993
6.775,0.2288318748659,2.309665035609,18.9,5.0,0.5791773200035095,0.874875009059906,3.700000047683716,24.38999938964844,0.7499000430107117,255.4473724365234,130.0,107.34,6.28,66001.9,1675.31,49.3,18.28,27.37,612.65,435.2825957923893,11.048671107300668,151.63,65.22,31.43,27.37,10.04493389674318,0.8095851014325984,41.74,774172.0,21.96364940618549,42.590832655196046,35.44551793861847,49137.0,30324.0,14574.0,6.059303494414041,4.22208657852724,4.22208657852724,0.6829462442173873,55.57,14.19,0.2538163551570614,0.2124500628054375,-0.2199603419987251,0.011805622651707393,0.019787090133759254,-0.10467487387405702,0.02057776450557871,-0.03133795504830779,0.06446937484131192,-0.0030764887221157,-0.07336892341065696,0.08938836245739368,0.05980405865819187,0.18222252545086678,0.04738734722312084,0.02681708198285191,0.02418764217384155,0.05470091249456157,-0.019304458451573848,0.034253469121991606,0.027904255342727956,0.05081774934829446,0.012838588946615381,0.029265429985127378,0.005939953519147867,-0.058923973842058316,-0.08095314543379946,0.042575370201608155,-0.007445138897281179,0.06519272346259108,-0.173554439613712,0.05929939871508401,0.08287404130550573,0.012954875238356122,0.09419565011252422,-0.04200846761162391,-0.15827093875547874,0.07830580910394203,0.12421308128780215,0.2602719292003895,-0.06539257165999153,0.9338576613928888,2.102480911388993
7.13,0.06015805778879,0.6011054421239,19.4,17.0,0.2714352309703827,0.3411122262477875,1.0,27.72999954223633,0.3228897750377655,232.0772094726563,132.0273895263672,90.0226,0.7435,42621.0,380.0,29.4862,26.9367,6.0698,1695.8666666666666,337.6107982224757,3.0100678849520373,126.243,48.203,43.513,6.0698,23.893469695255813,0.8922933064271592,52.67,391262.0,5.5,42.2,52.3,87708.0,38644.0,23300.0,29.21013066820637,20.030529177502824,20.030529177502824,4.456108026187788,110.8,0.16,-0.4670413826015428,-0.2775868340987363,0.1040410015022499,0.03229604107455811,0.03591913825931263,0.006909183852316365,-0.04752521741599772,0.011377799031441137,0.04320812148420372,-0.0027606956156669095,0.042123568965238514,0.02506177451659458,0.004420803132525132,-0.05032046528771752,-0.002804734390694655,-0.012678570640913637,-0.002131775719171861,0.01879153709986711,-0.007329457809333697,-0.01146849229832881,0.011277754582057275,-0.02891861233138479,0.002754620166786562,0.0009550800272845192,-0.0028245237512747145,0.01395073205989319,-0.019881850537553033,0.012333149671379917,-0.00651734317629597,-0.01798494955693602,-0.004493476595845988,0.0015880141005618642,-0.0014429289932595163,0.004920802865817714,-0.04420325331250205,0.016407576195721068,0.09458241622918286,-0.06315549506293609,-0.05358226579212348,-0.16553009271004707,0.022999638319830436,-1.3167134534212526,2.102480911388993
7.195,0.1055744224005,0.8829123922879,19.2,9.0,0.6498844027519226,0.90932297706604,2.099999904632568,25.35000038146973,0.7774583697319031,219.2985229492188,131.0,86.2176,3.9735,25523.0,815.0,31.1163,21.4397,6.37807,471.8666666666667,209.2032032524324,6.680273112515471,122.001,42.695,30.889,6.378066666666666,23.090604598202717,0.495701072671828,46.74,578032.0,13.2,34.4,52.4,70896.0,35317.0,22722.0,12.79694947845151,11.127680470035047,11.127680470035047,1.418914034866713,54.7,1.06,-0.3237185687412857,-0.291353869012557,0.1960345141007565,-0.02145404005894669,-0.10132566510298055,-0.14946990160539278,0.2724163297932828,-0.03548150214034833,0.005174672072462305,-0.001779061298468132,0.03760349000821588,0.03694310650706755,-0.04205548362474652,0.10904368216329023,-0.025886567237263097,-0.027083326960331704,0.018525603438960387,0.02097758104209786,-0.04199744117923544,-0.0011224419971695375,0.0740905346409418,-0.0008013868269045599,-0.013312006926978903,0.012011826066998804,0.01736781701189466,0.010807037207763603,-0.02268962081463537,-0.016453366602596338,-0.005942344896378937,-0.006994731978280405,-0.01551872989552791,-0.024912538220058185,-0.003868022745125943,0.05098713986406804,0.04567499587673228,0.06028700175508852,-0.014547623750171702,-0.0041163392328889825,-0.021106356883072285,0.018382505121058806,-0.003821984456444616,-1.3037423683256493,2.102480911388993
7.35,0.0943848871141,1.053129111878,19.1,15.0,0.3182654678821564,0.497094988822937,0.699999988079071,30.11000061035156,0.4476760029792786,275.0,128.1002197265625,69.4828,1.3569,21994.0,591.6353864032538,9.1363,9.5518,2.36,1603.85,381.11245884595394,10.251869457689375,57.71,25.24,23.82,2.36,23.245438704361963,0.4724934230642314,61.4,189959.29356481816,5.960707881876988,46.25281304491967,47.78647907320334,66835.0,38481.79,24326.61,8.747788017238738,6.746846249557248,6.746846249557248,4.849428335338578,73.3,1.49,-0.28973190076494937,-0.14664508808628304,0.07139993595844134,-0.02987879778345809,-0.04942339750949758,0.02688973143266049,-0.04088526259205538,0.0019111100658192742,0.020763950143067634,-0.0027552434594836847,-0.0023920975486398494,-0.14256271728011782,-0.016714119227137416,-0.02809950616775315,-0.009687461735913512,-0.013075829366105652,-0.04417355941410638,-0.012594243357772924,-0.045722066579735834,-0.007059157915005922,-0.010323881971649816,0.026869161465554525,-0.031004805674660053,-0.021551405701611674,-0.014258687409921528,-0.027296597533451854,-0.032882315332710244,-0.015658066833100743,0.029521600374544526,-0.09104699228890237,0.060261938837356845,-0.002994900346617217,0.01242985260282875,0.014450552065507521,-0.09263766614970521,0.03276379469688986,-0.09200004491495202,0.01116119069990235,0.02488319741038145,-0.40483662738878046,-0.002446268052211962,-0.7120392533338163,2.102480911388993
6.3,0.06546488257556,0.5245143915534,28.8,115.2,0.4257345795631409,0.0,2.0,33.77999877929688,0.0467522889375686,270.0374450683594,130.0,60.6455,0.7705,18738.0,201.0,20.6519,13.225,6.148,775.0,236.6058463286824,2.5380390176147487,79.195,32.652,23.515,6.148,12.782698470895246,0.7724210753786316,47.21,209885.0,11.2,48.7,31.3,49780.0,37342.0,15884.0,8.251880779338212,6.642425473153561,6.642425473153561,0.2421040892193308,53.7,17.82,0.030194572277134225,-0.07786667482386109,0.4067510879577603,0.0861886417309288,0.09006064709241038,0.1354831321432721,-0.023598908693413235,-0.058642915751901524,-0.04936108162510207,0.06135399588046131,-0.008115627042017803,0.01248205509735274,-0.08792913566803326,-0.10398213472857594,-0.1612332972506992,-0.057172902330057694,-0.03880154075706381,-0.18339672024990433,-0.07734584908711264,0.007790618015336826,-0.02492075923969963,-0.1455167594283704,-0.07652422062284318,-0.03904473317414521,-0.03519964312354571,-0.00958959447080272,-0.03533821386029008,0.006780798045452663,0.011184425432118594,-0.12642381084407683,-0.07597617385501505,0.010815694249584373,-0.02541528762294909,-0.030157330337795395,-0.11259656323911622,-0.055414881118340344,-0.08639454887167079,0.02345639732916611,0.0259651929098182,0.11029478438966907,-0.09190691580588466,0.7694659982594894,2.102480911388993
6.345,0.187590280695,1.564037081138,28.8,115.2,0.5304648280143738,0.1642918586730957,1.299999952316284,30.82999992370605,0.1783933937549591,334.9280090332031,131.3819274902344,60.6455,0.7705,18738.0,201.0,20.6519,13.225,6.148,775.0,236.6058463286824,2.5380390176147487,79.195,32.652,23.515,6.148,12.782698470895246,0.7724210753786316,47.21,209885.0,11.2,48.7,31.3,49780.0,37342.0,15884.0,8.251880779338212,6.642425473153561,6.642425473153561,0.2421040892193308,53.7,2.91,0.050808299308060675,0.03703096260142051,-0.00794253996404588,0.018062758722458994,0.012347541769500836,-0.042487201528274496,-0.08675448360666635,0.039274791977484735,0.02814882156928069,-0.003512322416529079,-0.0067661445944104505,0.1281428287945456,-0.04565975470840935,-0.07829594790400003,-0.035912969114724524,-0.07421245633054056,-0.028957432211842417,-0.0374211348140379,-0.019884348152554597,0.011184661247534654,0.029188240274554154,-0.11553618670895234,-0.010861844517756226,-0.03969037711818242,-0.028057774496497646,0.005544615918188356,-0.007328117615426821,-0.05544464468909423,-0.004434691505099208,-0.13544977012998421,-0.08323030000715517,0.010392713538138176,-0.02274780721869323,-0.010058983321301663,-0.019926676415139833,-0.033296089745592304,-0.06992037011421055,0.023517688411986447,0.030939666015678147,0.08462203743471768,-0.12676750811323284,-0.05806695727456827,2.102480911388993
6.29,0.1958208053322,2.067808123632,28.3,331.5,0.5595869421958923,0.2621971964836121,2.099999904632568,32.27000045776367,0.2597577571868896,321.0201416015625,130.0,62.8682,0.7473,30465.0,544.0,23.7417,15.1611,8.037,883.0,391.6363496124131,6.993276684364113,77.789,31.907,28.226,8.037,12.555758966506351,0.9191379276851872,47.4,302484.0,8.8,57.3,33.9,63896.0,41068.0,18414.0,9.819277128486252,7.904115227830772,7.904115227830772,0.4381657992565056,63.9,31.630000000000003,0.017217850679531764,0.06967228480684569,-0.1875797944545048,0.1114883789020823,-0.014998571739881329,0.0246245478679193,-0.1050443464752753,-0.042414930270402704,0.0409046042497502,-0.0036683511361479625,0.0029339542366797478,0.10977744163188619,-0.014329566645086712,-0.07318832020333496,0.016402045194758096,0.023630999252083694,0.019492887370521284,0.040192445663735234,0.062144313682918464,0.0685934184322832,0.035145548006170424,0.020158373390324447,0.021655325950938265,0.018089051427901758,0.059783702242653766,0.047095890676719085,0.05031105788843717,0.06344497411092753,0.02145029204152522,-0.05337212678475776,0.027144921821774904,0.0804593859310262,-0.020971161249908544,0.006028936853050326,-0.2071766723741312,0.008659503958886506,-0.08843051293736788,0.007757799959508737,0.015009649155777894,0.08760243670630738,-0.05835929079982451,1.2461415098522557,2.102480911388993
6.525,0.1198617483758,1.10340131925,28.6,210.4,0.4101231396198273,0.0063340114429593,1.5,32.63999938964844,0.0291978325694799,255.9736328125,128.0220336914063,142.4267,0.98,46210.0,1116.0,70.9324,18.6665,13.388,492.0,207.0155004031897,4.999552011468507,223.22,96.741,33.206,13.388,36.02947095994996,1.9691703020360272,44.56,503654.0,12.3,40.9,46.8,38937.0,39286.0,17168.0,21.03691766650654,16.933855628952,16.933855628952,0.4061223048327138,136.9,5.05,0.36580063693784187,-0.09510568290157236,0.33231652394146655,0.06754957488249058,0.10896459084388341,0.1898341484970879,0.11298872781044333,0.014304253067122885,0.12729402345581906,0.09416729472845331,0.04012810428917888,0.021835561924846904,0.1048370215153555,-0.04390941609209409,0.08068088839575652,0.039385418025310946,0.10711772311676748,0.05304885485698461,0.06336603851686236,0.02516316591377852,0.21116957024263683,-0.021826785170356765,0.026733800071058834,0.12962775291921555,0.029902193235117003,0.021340380299603546,0.21415139138349332,-0.0582456493451027,0.007414577975287129,0.0003976717524930118,0.031259669350460074,0.02730616631777947,-0.0010101190380519486,-0.015885167602333293,-0.11935632718179849,-0.033336898611974884,0.2448602823584806,-0.06317956487182519,-0.0631107313178945,0.3361091873258119,0.11077011441101794,0.4384771923894295,2.102480911388993
5.76,0.2009681707521,2.305766517037,27.6,218.7,0.4322603642940521,0.3183337450027466,1.899999976158142,32.65000152587891,0.3046669960021973,264.5146484375,130.0,94.75,0.975,80886.0,573.0,36.035,30.6179,13.697,2339.8,503.33227546810537,3.5656280919222656,160.701,59.489,57.403,13.697,44.04493523854282,0.7705005543685988,37.51,683165.0,24.81513784080998,29.71825110917296,45.46661105001707,37563.0,37438.88,16936.21,15.717915646179634,15.449625511761106,15.449625511761106,1.4422353381379165,70.17,26.06,0.32637051863374655,0.026213852529414085,-0.19237801303633018,0.13680996768013576,0.019789501671213648,0.07034078583237713,-0.07674181696341828,-0.015368376783677395,0.08297384413972027,-0.0029632089156657717,0.05460146033798809,0.22227575457398768,0.007659058102406591,-0.06556305404764136,-0.021432337388978318,-0.01729908292333131,0.00020657973340714174,-0.009687519293045654,-0.006001538280164809,0.004193080576951625,-0.057812755002523766,-0.08062037417455573,0.035526619503391,0.002476376110920753,-0.030817114603938434,-0.0035065966676920634,-0.07161330934520807,-0.002103778532473499,-0.0601985837821849,0.01428131317673247,-0.07886635853699404,-0.09467291533306701,0.03893995895609263,-0.021761122710304438,0.07901071618357673,-0.004786219441797556,0.022610042942920728,-0.07888718366599645,-0.04820771699910982,0.041663454771274665,-0.018978725865483305,1.3381378602975746,2.102480911388993
6.015000000000001,0.166620465519,1.78404328372,27.9,376.9,0.2440312653779984,0.1749793887138367,1.5,34.84000015258789,0.1899835020303726,263.8450012207031,132.0,156.23,1.87,97710.0,1060.5399999999972,71.1,36.2,12.67,445.0,463.12446677410185,5.026732391695883,210.98,98.81,63.08,12.67,11.72546549939368,1.018542407714805,36.2,633849.0,18.656421702718102,40.1694307582096,41.1741475390723,29464.0,31269.0,14895.0,17.562286116352706,10.924959818723158,10.924959818723158,0.0678323806069195,98.99,12.21,0.180650611382327,-0.02319022609689274,-0.12656252976739774,0.1356934770063964,-0.016389643291477053,0.08756359545979642,-0.10319268836313863,0.06524945832137019,-0.17024170570960265,-0.006059740301221606,0.025500118538737238,0.10297635433799586,0.02397438693873124,-0.018336683205678207,-0.019018234935821977,-0.00033006076281885124,0.03798397071450017,-0.07728346896369473,-0.012986455659382012,0.003989596246508876,-0.028845693412469585,-0.037018979596323345,0.024414695723331527,0.04233296326734126,-0.0293582968359114,-0.013939894443843515,0.000597535956068862,0.0002753986812894293,-0.04331063101778267,0.03749017392948726,-0.0027912830589339466,-0.005911868061404713,0.015348190607386703,-0.011726352395955408,0.028161699944408713,-0.03195938958704938,0.05061266376543801,-0.02793813454895293,-0.024156227811705212,0.16596079636015926,0.04106261273392009,0.7026218006962445,2.102480911388993
7.08,0.1073563743704,1.491912923371,27.5,221.9,0.5748522281646729,0.199037492275238,4.300000190734863,28.63999938964844,0.2092299908399582,142.1536865234375,121.3395462036133,41.8,0.9984,37631.0,382.0,12.2266,9.8512,4.991,6472.866666666667,481.9852705731668,4.89273134806276,78.075,30.563,28.728,4.991,21.398798506227283,0.8755846807233554,35.03,369846.0,16.504901960784316,31.65686274509804,51.83823529411765,26213.0,35691.1,13158.53,16.539135979595088,17.556710821702243,17.556710821702243,1.1884593356762363,77.55,0.001414214,-0.29892446941963857,-0.19892361826146954,-0.05978526049671927,0.04920942901558007,0.02073218353756241,-0.026498515185841807,-0.04096291865850803,-0.0021744477027678217,0.02709196935384538,-0.002785244736471221,-0.031618143573985416,-0.08996250100969337,-0.019584890059893924,-0.022249426151916864,0.004895281660545159,-0.002369616225536445,-0.01241735812148544,0.005195343110302908,-0.019077841292601046,-0.019870758360368175,-0.024825192950898772,-0.023747703809000018,-0.001965873014647516,-0.007661205081036323,-0.00650837453600249,-0.011239043637819102,-0.01886674218211556,0.0014798168520792452,-0.026616328554286178,-0.06000755848799603,-0.03113754180719843,-0.04560826420196104,-0.0008886422378709518,-0.02588292715372516,-0.044187371771084165,-0.03645190520159668,0.018198089859972278,-0.04347623001935427,-0.058800163430278204,-0.004269697759998895,0.002882902407611268,-0.9114599117003379,2.102480911388993
6.515000000000001,0.06897301535367,0.6676463154617,27.7,447.3,0.7420581579208374,0.3893652856349945,2.599999904632568,30.68000030517578,0.3614922165870667,222.1938934326172,129.6773071289063,107.39,3.73,96920.32,2066.12,58.97,40.44,27.91,610.38,465.7391638635272,9.928495915425277,208.1,77.67,61.57,27.91,13.785865223981112,1.7056792964710272,34.96,786132.0,20.47490893033877,43.41481379464505,36.11027727501618,31295.0,29723.0,15547.0,9.581485948260582,8.895328795155292,8.895328795155292,0.8326497317534427,104.89,4.75,0.28116276156005904,-0.028806272722256842,0.39495232233032584,0.1392045119568939,0.029456362455151975,-0.5106579487012931,-0.11949513698508962,0.07723566258675407,0.055636194791179094,-0.006134566729888302,0.07464590437908188,0.04862996500334706,0.058798367005540086,0.09772258062980839,-0.020472499970463097,0.006974124216940214,0.030849146316526486,-0.03451450741162976,-0.04857182771770756,-0.0044473124085924855,0.030882392851752205,0.015522676191525498,-0.0026436183577170924,0.009123646458610902,-0.016892084404593333,-0.03843765157554298,0.023433974002138758,-0.05279997876565903,-0.09709121338801918,0.12567446505185226,0.12773497991415209,0.03913448847376275,0.050384304865961925,-0.10908662791736423,0.07326187672035303,-0.02584908732213076,-0.13570596116583328,0.029248232341604296,0.014504531640792195,0.11905929747503248,-0.06045175064820798,0.31226186703343417,2.102480911388993
6.695,0.1274662076636,0.9835741501016,28.0,453.1,0.3051283657550812,0.2235206067562103,2.299999952316284,34.84999847412109,0.2128068059682846,332.4620361328125,129.8257904052734,121.17,1.24,111887.0,1972.8,69.36,49.35,35.98,2447.2,484.1916219491085,8.537303098494027,231.08,91.11,77.42,35.98,15.308206323678789,1.4921568515595265,37.51,1010017.0,18.514367546917764,44.48838459533429,36.99724785774794,40876.0,30965.0,14316.0,9.36200276864403,7.781782798224389,7.781782798224389,1.0236131895309892,95.51,3.85,0.24332156832900367,0.025382956256624345,0.10138071591651536,0.04263052423216871,-0.037978048146935194,0.01924918480578346,-0.11033219829876906,-0.07338112569879743,-0.34195382805401453,-0.007853692609816786,-0.11819238416175352,-0.027724116337485595,0.005477160275215343,-0.04279474910150749,-0.021722840382251852,0.012957518733455764,0.01284817538585048,-0.008401559979887651,0.005720023768604676,-0.004455373816424979,-0.01156037298450241,0.009029392590746355,0.010573298900970206,0.008588010486448217,-0.020239870401332107,-0.02675098596920724,0.01337168157566344,-0.00018488901772073518,-0.05537942106602711,0.05999710441112982,-0.047484026997932305,0.022075624220306,0.03591751304268842,-0.03711737789493057,-0.02050158094917427,-0.03065164571057537,-0.05170587357482874,0.044061101907864234,0.039293594042886945,0.07600999788101759,0.039780410427600034,0.06296004833758344,2.102480911388993
6.734999999999999,0.1139399067812,1.809336543191,27.8,320.3,0.398882657289505,0.1910979747772217,2.0,32.47000122070312,0.2028783857822418,197.2183074951172,97.66290283203124,79.7603,1.3218,37783.0,436.0,32.0201,11.986,14.3018,1405.4666666666667,317.1284444481749,3.659529465087586,119.14099999999998,45.663,16.368,14.3018,22.549304697785008,0.6391463480032891,44.35,477241.0,11.4,37.1,51.5,71561.0,34380.0,21443.0,14.98400185022494,14.347792906389309,14.347792906389309,1.8324918038196647,67.5,19.35,0.24564057082176446,-0.10514919190172803,-0.14687766763527177,0.20201837607973722,0.03949336929852141,0.13561927070235835,-0.034336119720712446,-0.027822741093346814,0.11868673426331951,-0.01025933818542395,0.005411256039515111,-0.18090251282462844,-0.0207196366884163,-0.05728075903153518,0.013087645572028128,-0.012994620371318887,0.017423705485649442,-0.02861878274986529,0.052058706732234006,0.0011143268992891864,-0.027737492383224892,-0.0600572335191536,0.031371387392398906,0.015573222412611342,0.018940311653539533,0.04329804737726224,0.009432951385038923,0.05165241394494655,0.014689585926476978,-0.012728683650842875,0.24177701300231283,-0.0009043580391443929,-0.03956107922352383,0.05992843722808165,0.22674143302679287,0.035235600472777205,0.0189837537844433,-0.1633948541578138,-0.10260902659082789,-0.053273586063413016,0.00926203968795023,0.8298254082655767,2.102480911388993
6.945,0.2137058061186,2.308573007529,28.0,594.3,0.5184149742126465,0.1792715638875961,2.299999952316284,34.25,0.1934172511100769,288.3624877929688,129.3096313476563,111.07,3.69,99177.0,1003.5,55.58,40.03,31.27,624.27,546.7309812568908,5.531973539140021,181.40000000000003,73.25,59.84,31.27,12.01708770605562,1.3716441835883986,39.96,1202915.0,16.431187710251496,41.28557796152066,42.28323432822784,53308.0,32689.0,17803.0,9.539679628333618,7.153294308153317,7.153294308153317,1.1848298070618952,91.37,119.78,0.041759247488575,-0.03184652929531875,-0.19011079202429396,0.09625339439313393,-0.12502099509816614,-0.13921063606184914,-0.13671042633545588,-0.09508000100380745,-0.2295232957903063,-0.0027535415668971997,0.029300763837643906,0.08966383815172596,0.009510714803240283,0.009671328410040637,-0.06213295008568094,0.0027732647580560156,0.02393060899293049,0.00720266911340881,0.023700150102959026,0.02327937380364169,-0.07008944229478942,-0.004161617776379023,0.01782206412439704,0.02025284249021204,-0.010141126072383422,0.051545236749108894,0.02604598358669321,0.016527087013470054,-0.06724344783113337,0.1332620984606911,-0.006570292184827897,0.01155721235810787,0.0655177997583523,-0.01588160838093604,0.047595456586452256,-0.014756372323609046,-0.12375933594664093,0.06588003385066991,0.038122599554713865,0.13652747766510576,0.017294250123435596,1.0673914526409933,2.102480911388993
7.02,0.216094553184,2.214483648776,25.8,149.9,0.4290626347064972,0.1921222656965256,2.200000047683716,32.20000076293945,0.2036978155374527,244.8415679931641,129.0,156.26,3.7,71109.0,604.0,25.5392,19.687,6.87,4046.0666666666666,639.9701205079514,5.435907589570977,111.113,48.363,43.95,6.87,30.453854606755456,0.8473062281162614,50.12,299186.0,8.188156481532047,41.53969380882165,50.2721497096463,56528.0,34807.04,22100.67,29.449202691670408,16.989687864542002,16.989687864542002,4.19935794066213,97.31,1.7,-0.3006046950832242,-0.0013801198463188503,-0.15363369114219677,0.08627881296991839,0.01924512722191868,0.04144515902106659,-0.06681303165608551,-0.027728581460192792,0.0652646111544454,-0.0024980579300318386,-0.01664347889600326,0.11065653567330447,0.03136003790097306,0.05540248932118991,-0.017803946198779074,-0.00946115297405049,-0.001893264913233006,0.0013579123629024804,-0.01816885533591265,0.020030655920039865,-0.11424350382108239,-0.023604584246757453,0.0033002529199002264,0.010589560595457358,-0.006407512806239546,-0.020095524240750794,0.004986106378608424,-0.00495023709838277,-0.002830530639970652,-0.05793633228936228,0.061127326213871125,-0.013199864407535589,0.005183377119712529,0.005534844832029162,-0.0017298536922316643,0.018463067084783645,0.14830260893399821,-0.06962492476007903,-0.023875912867253667,-0.45310737777093885,0.002821884492179394,-0.3839719016492599,2.102480911388993
6.365,0.1147868051168,1.183626584146,4.3,26.0,0.1972007304430008,0.290416955947876,0.5,6.380000114440918,0.2823335528373718,270.0374450683594,130.0,60.6455,0.7705,18738.0,201.0,20.6519,13.225,6.148,775.0,236.6058463286824,2.5380390176147487,79.195,32.652,23.515,6.148,12.782698470895246,0.7724210753786316,47.21,209885.0,11.2,48.7,31.3,49780.0,37342.0,15884.0,8.251880779338212,6.642425473153561,6.642425473153561,0.2421040892193308,53.7,0.64,0.08819470876629934,-0.16308695159840858,0.06782497140002675,-0.01711010247917147,0.015850940613774598,0.005032681874232415,-0.009839369496330632,-0.0013938447016989708,0.04776894599734801,-0.002738796134188286,0.008317596979963123,0.003657964968413532,-0.06395354584744199,-0.08569918324286117,-0.01370141699130178,-0.018572729310020828,-0.009304444485460415,-0.037954493286320924,-0.03598464011895704,0.0031446475213161075,0.024168160582543376,-0.04968781553296141,-0.024836816715193007,-0.006347324198170074,-0.025948141752684034,-0.007132581739453611,0.014728572272928411,0.0187683268330875,-0.001961521627847121,-0.055613879024051106,-0.05487535024376115,0.010483467079815479,0.005035600617120509,0.00014799345587383355,-0.03831243109004572,-0.0319462041122606,-0.07223252562293789,0.014472488342551526,0.01582254319707861,0.03246721376408823,-0.045022582914622064,-1.4769287067012626,2.102480911388993
6.445,0.1367118254852,1.298144584647,4.3,26.0,0.2148696184158325,0.4087094664573669,0.4000000059604645,7.809999942779541,0.376967579126358,334.9280090332031,131.3819274902344,60.6455,0.7705,18738.0,201.0,20.6519,13.225,6.148,775.0,236.6058463286824,2.5380390176147487,79.195,32.652,23.515,6.148,12.782698470895246,0.7724210753786316,47.21,209885.0,11.2,48.7,31.3,49780.0,37342.0,15884.0,8.251880779338212,6.642425473153561,6.642425473153561,0.2421040892193308,53.7,1.87,0.21923316890047867,0.1039314034220297,0.027118431507027706,-0.02023918414540824,0.020753617128590095,0.010374009269173312,-0.07254969177383461,0.0023197089512831726,-0.022170708621270054,-0.007042834578664015,-0.06063885884103366,0.1433636585225468,-0.09334434682119168,-0.0764136390313506,-0.031640639168559526,-0.07481712424044966,-0.05562956549949014,0.0025397229435620617,-0.02084113200497817,0.008535155292367591,0.02694551968027368,-0.11952946976257954,-0.0739675004431046,-0.017348034295719073,-0.012347037117695392,-0.0755958847155562,-0.006683462073910062,-0.034981030557770285,-7.593310362419281e-05,-0.12277100991667252,-0.0897887421554187,0.001700434469268708,-0.016750448027742105,-0.0005230753002687605,-0.08158413304033454,-0.027311579604167524,-0.09448521071462901,0.036995895654545176,0.0190550122107379,0.08765117576904598,-0.06326131114375308,-0.4294145504072075,2.102480911388993
5.66,0.2095821009921,2.211532849444,3.1,22.0,0.1978944689035416,0.3411900699138641,0.800000011920929,7.630000114440918,0.3212240040302277,321.0201416015625,130.0,62.8682,0.7473,30465.0,544.0,23.7417,15.1611,8.037,883.0,391.6363496124131,6.993276684364113,77.789,31.907,28.226,8.037,12.555758966506351,0.9191379276851872,47.4,302484.0,8.8,57.3,33.9,63896.0,41068.0,18414.0,9.819277128486252,7.904115227830772,7.904115227830772,0.4381657992565056,63.9,16.95,0.13212054556957437,0.0432711999483872,-0.1530191464150557,-0.20449902223865504,-0.01680661041347775,0.0028759989425307885,-0.10202145688806194,0.011312004767707617,-0.016630149242118964,-0.008235558561980749,-0.017673048536700688,0.07492524508549836,-0.017151312990987266,-0.07121163990674542,0.049494067829451496,0.007774863471160654,0.044369320905883816,0.018692126838839605,0.03244414528168278,0.04964221336471384,0.060748157514142774,0.02267489048611606,0.011062868234002887,-0.01000744781154197,0.02960680307180159,0.05398463372548579,0.046225305760046485,0.08144750830007255,-0.0038499882159521047,-0.0733744468482909,0.0005949786897980758,0.10222949869360316,-0.08110066692793043,0.006430622967542199,-0.2024952780867461,0.03139160542970061,-0.09554232317546851,0.018091441915952598,0.013327161505701924,0.18270025504706433,-0.0287301207585261,0.7512123530402315,2.102480911388993
6.425,0.1813929308748,1.649603096967,3.9,17.0,0.1429540812969208,0.2226490825414658,0.4000000059604645,7.519999980926514,0.2120927721261978,255.9736328125,128.0220336914063,142.4267,0.98,46210.0,1116.0,70.9324,18.6665,13.388,492.0,207.0155004031897,4.999552011468507,223.22,96.741,33.206,13.388,36.02947095994996,1.9691703020360272,44.56,503654.0,12.3,40.9,46.8,38937.0,39286.0,17168.0,21.03691766650654,16.933855628952,16.933855628952,0.4061223048327138,136.9,3.33,0.10599564459663816,0.039419600948458575,-0.08958469004672953,0.005474359076237367,0.08419049653573903,0.06202407218120061,-0.07193414543801924,0.009416332991444443,-0.009306865549471665,-0.005780546058900682,-0.026325883368263046,-0.23717500834143718,0.08000688110536429,-0.04565041040605864,0.034293397253728486,0.016718384231906414,0.06904926554835407,0.028724769506370706,0.023699816151289264,0.03516653004160617,0.16237653933116233,-0.020025718287215645,0.02001083226158513,0.06193240691255775,0.021158837869064962,0.017431091043807002,0.08709640657238193,-0.02605874928284908,-0.004785626399447263,-0.0262269256747095,0.06366090253961745,0.006448521886428349,0.014166464918642329,-0.00917711760260862,-0.10321174321963915,-0.021805629740294475,0.15553349112079018,-0.03986978092632487,-0.04830421829631089,0.2617635276462533,0.15858373415353708,0.04848901891044817,2.102480911388993
5.615,0.141255779268,1.572929672943,3.0,27.0,0.2011622041463852,0.3816510736942291,0.6000000238418579,7.210000038146973,0.3553208410739899,264.5146484375,130.0,94.75,0.975,80886.0,573.0,36.035,30.6179,13.697,2339.8,503.33227546810537,3.5656280919222656,160.701,59.489,57.403,13.697,44.04493523854282,0.7705005543685988,37.51,683165.0,24.81513784080998,29.71825110917296,45.46661105001707,37563.0,37438.88,16936.21,15.717915646179634,15.449625511761106,15.449625511761106,1.4422353381379165,70.17,22.29,0.25823745689471256,0.1111561555385124,-0.09054278163809806,-0.3039343596696854,-0.007680499014328235,0.0009860938795609232,-0.063056511716335,-0.035261429253034327,0.04911440308426977,-0.0050981532824225795,0.029263855177094268,0.13510049673845062,-0.01890367733279712,-0.054710290479007995,-0.02453697544476019,-0.0199080550792859,0.00026635270449331115,-0.005953448686166718,-0.01172363021795173,-0.034428708766819895,-0.03355900919530543,-0.06799498077423782,0.022106638782890542,0.011945552607299792,-0.005025956213008697,-0.005173244532896137,-0.03358608274941801,0.005713676681975,-0.03742133907938845,0.046538858581683606,-0.1731747046635719,-0.08156708197377147,-0.023894226912874728,-0.02915566206118092,-0.011891757353325372,-0.01599290302477314,0.07386205644276926,-0.0008862076036166399,-0.03538720821624157,0.04413241166982333,0.005971815897151877,0.7330224509886467,2.102480911388993
5.765000000000001,0.2130431102024,2.310097577704,4.0,30.0,0.281296968460083,0.2954275012016296,0.4000000059604645,7.71999979019165,0.2863419950008392,263.8450012207031,132.0,156.23,1.87,97710.0,1060.5399999999972,71.1,36.2,12.67,445.0,463.12446677410185,5.026732391695883,210.98,98.81,63.08,12.67,11.72546549939368,1.018542407714805,36.2,633849.0,18.656421702718102,40.1694307582096,41.1741475390723,29464.0,31269.0,14895.0,17.562286116352706,10.924959818723158,10.924959818723158,0.0678323806069195,98.99,14.57,0.18116307539271653,-0.039136589589528856,-0.2247471578593249,0.04729104986065067,-0.026957913047750505,0.05545338437426841,-0.1015409250903176,0.023699898577993726,-0.015082706997869488,-0.006031735853757647,0.05187435374630147,0.09724676430947152,0.010768717427388741,-0.007019584887078966,-0.03643274388334243,0.019858205321710565,0.09167307385487947,-0.007632989896694142,-0.003226566092111116,0.010146657208795661,-0.02550923035934103,-0.029021740537136666,0.02728885650960724,0.029632667273865064,-0.009974233542452615,-0.01759834288351707,0.04181259742006653,0.01741791837650819,-0.07371934787952343,0.025253449274227124,-0.032672741593676655,0.03856145357422065,0.048303239499800824,-0.031453206204459946,0.03418584962957536,-0.011600102872820494,0.014451389916590562,-0.0071005406391342115,-0.011925069177057601,0.20537112962873647,0.07239468073955505,1.0135237195555817,2.102480911388993
6.99,0.1059911845053,1.263483969206,2.7,19.0,0.1251616626977921,0.1729066520929337,0.300000011920929,4.829999923706055,0.1883253157138824,142.1536865234375,121.3395462036133,41.8,0.9984,37631.0,382.0,12.2266,9.8512,4.991,6472.866666666667,481.9852705731668,4.89273134806276,78.075,30.563,28.728,4.991,21.398798506227283,0.8755846807233554,35.03,369846.0,16.504901960784316,31.65686274509804,51.83823529411765,26213.0,35691.1,13158.53,16.539135979595088,17.556710821702243,17.556710821702243,1.1884593356762363,77.55,0.22,-0.03764008572499729,-0.2005558021588949,0.043550759087549545,-0.1017926699526142,0.02297086090064839,0.004364702651393602,0.001403856877936033,-0.001742415206041175,0.013573120864573848,-0.002676201020192799,-0.027673917289299427,-0.1361188754010946,-0.028637649770767864,-0.026152664041961537,0.003134426250064254,-0.009598183023801556,-0.02537989162211305,-0.01083733566640876,-0.028080355502257577,-0.020613808115594986,-0.02668849114113252,-0.013427892155712481,0.0011514734101365452,-0.009477056571980957,0.010117438017041413,-0.021406637364125354,-0.0022424210953758943,-0.0021735420058248524,-0.08462789244699523,-0.061650000706722496,-0.027077916651032884,-0.032665406889806,-0.006931933340267292,-0.03810450585791843,-0.001539807811961505,-0.05140496430627535,0.00840981599566292,-0.0365731293761055,-0.03657812534779076,-0.012070196420187088,0.0028152655218727923,-1.0906095515075138,2.102480911388993
6.77,0.05802006594736,0.5796685970171,2.9,21.0,0.3063189685344696,0.4518246054649353,0.4000000059604645,6.610000133514404,0.4114596843719482,222.1938934326172,129.6773071289063,107.39,3.73,96920.32,2066.12,58.97,40.44,27.91,610.38,465.7391638635272,9.928495915425277,208.1,77.67,61.57,27.91,13.785865223981112,1.7056792964710272,34.96,786132.0,20.47490893033877,43.41481379464505,36.11027727501618,31295.0,29723.0,15547.0,9.581485948260582,8.895328795155292,8.895328795155292,0.8326497317534427,104.89,1.15,0.14641887012578078,-0.3228013277489226,0.24288804291829003,-0.16439887031476244,0.04367697733163365,0.06561494296253657,-0.08513195261987867,-0.00847685887175611,0.0631414403915406,-0.004990199256688388,0.045757469463977074,0.05770748704648573,0.02098507644096398,0.015333813010016472,0.054186629051691935,0.10857000974536643,0.057322493713931166,0.03982415394595588,0.001997641309048087,0.07277702665235852,0.01102199476910748,0.04458561513118915,0.09601455423142762,0.015971525402506848,0.030955615735962005,0.07521282747399526,-0.030622136639663965,0.06331173886742908,-0.009249205587198972,0.02774846720264761,-0.006889049101853723,0.029840398645727073,0.03976300372497645,-0.002213763507083044,0.024508272430859523,-0.019879730401560585,-0.056161111497669516,0.021896180418319956,0.015009532945346992,0.06451857342640868,0.0037644151211715326,-1.3681152814512023,2.102480911388993
6.885,0.1605434077526,1.438917600993,3.3,9.0,0.2447891235351562,0.3198673725128174,0.6000000238418579,8.010000228881836,0.3058938980102539,332.4620361328125,129.8257904052734,121.17,1.24,111887.0,1972.8,69.36,49.35,35.98,2447.2,484.1916219491085,8.537303098494027,231.08,91.11,77.42,35.98,15.308206323678789,1.4921568515595265,37.51,1010017.0,18.514367546917764,44.48838459533429,36.99724785774794,40876.0,30965.0,14316.0,9.36200276864403,7.781782798224389,7.781782798224389,1.0236131895309892,95.51,19.4,0.024608808685617944,0.09137833161046718,-0.09227252728515312,0.057665309697156886,0.029094227027380893,0.01886872001807207,-0.13257687470712698,0.009370193049602692,-0.05688076801842534,-0.00845094341645023,0.005972792284737838,-0.06796446047467175,-0.004567422423337164,-0.021986330379615483,-0.03767444450454786,0.03436295410711319,0.026791582940728344,0.045381385027547363,0.046116193427238515,-0.014914311662316293,0.0023270201527047173,0.0021225955156260134,0.03195880269748173,0.048856958893360614,0.01785029742878399,0.016100860817648853,0.025694614504463975,0.009947703570127486,-0.05633346850750962,0.16889111590036196,-0.04628684644767782,0.0931668559034006,0.05702933724824111,-0.038598780005122624,0.0915684124606777,-0.036451354316319295,-0.07407130411965776,0.026214531029108933,0.068731436892529,0.23358236586896242,0.054875443401047996,0.8808909872706281,2.102480911388993
7.01,0.119155109289,1.256707293646,3.3,16.0,0.199992373585701,0.3218914866447449,0.300000011920929,9.979999542236328,0.3075131773948669,197.2183074951172,97.66290283203124,79.7603,1.3218,37783.0,436.0,32.0201,11.986,14.3018,1405.4666666666667,317.1284444481749,3.659529465087586,119.14099999999998,45.663,16.368,14.3018,22.549304697785008,0.6391463480032891,44.35,477241.0,11.4,37.1,51.5,71561.0,34380.0,21443.0,14.98400185022494,14.347792906389309,14.347792906389309,1.8324918038196647,67.5,3.45,-0.12231949343194723,-0.15072783601545967,0.168585445601435,-0.0020218435968855086,-0.013456974269181955,0.03499429452838374,-0.0740407959336881,0.0077481836420484115,-0.03555772517935836,-0.006383502714568734,-0.030516357277752815,-0.08122069023246872,0.012591268155956658,-0.04055620604380963,0.019384026734100203,-0.010073713451973165,0.01851526034076236,0.0003256958706769897,0.026910347747732932,-0.0046756548439153,0.05076812472927852,-0.07315857301244977,0.021589288165094332,0.01286510360683315,0.004577990696532664,0.00944659104442691,-0.031946555185248096,0.00367328383395209,0.019584410542971453,0.015343785916862585,0.024790087916306214,-0.014988046936457966,-0.05591401329496874,0.20227502606867356,0.09852683101536241,0.022705314526217955,-0.0014819888393394543,-0.062198769897338926,-0.05483593154960544,-0.11061307593074161,-0.062149349636747495,0.05073309475544372,2.102480911388993
7.095,0.2514176443827,2.307216662407,3.3,11.0,0.3960256278514862,0.5645306706428528,0.699999988079071,6.389999866485596,0.5016245245933533,288.3624877929688,129.3096313476563,111.07,3.69,99177.0,1003.5,55.58,40.03,31.27,624.27,546.7309812568908,5.531973539140021,181.40000000000003,73.25,59.84,31.27,12.01708770605562,1.3716441835883986,39.96,1202915.0,16.431187710251496,41.28557796152066,42.28323432822784,53308.0,32689.0,17803.0,9.539679628333618,7.153294308153317,7.153294308153317,1.1848298070618952,91.37,5.05,-0.8013721482615219,0.19285156161233322,-0.1529281060530338,0.034583221049921085,0.035789158723782785,0.07837493097584228,0.014475614509894475,0.03145502728503198,0.14447324719745674,-0.005332368411123833,0.08566382736014203,0.12218244028196205,0.013615445318864694,0.11153853775677276,-0.1538426830031677,-0.0069777343578171225,0.020440239763003777,0.04303904729598433,0.005425815057707939,-0.03157094015658366,-0.06747536499716802,-0.004256396600045287,0.0052144462091383795,0.020541462835855718,0.04832958728750238,0.006838689548079757,0.13039413243136372,-0.03301229438092559,-0.008796657458995449,0.17733925234421619,-0.03096460965613366,0.054968049050657976,0.06426822744309912,0.008739502497948748,0.17103735436883288,-0.002023342264350503,-0.08613330069021323,0.024392662042519043,0.0372654187106527,0.17361972900759426,0.042108218160341535,0.22123357218317694,2.102480911388993
6.705,0.2523850853452,2.438119775099,3.8,6.0,0.2356555312871933,0.3786807954311371,0.300000011920929,8.529999732971191,0.3529446423053741,244.8415679931641,129.0,156.26,3.7,71109.0,604.0,25.5392,19.687,6.87,4046.0666666666666,639.9701205079514,5.435907589570977,111.113,48.363,43.95,6.87,30.453854606755456,0.8473062281162614,50.12,299186.0,8.188156481532047,41.53969380882165,50.2721497096463,56528.0,34807.04,22100.67,29.449202691670408,16.989687864542002,16.989687864542002,4.19935794066213,97.31,5.7,0.30341650330193815,0.17049894520314413,-0.1689915096252225,0.018416214681346844,-0.10729795359331191,0.06630715308804061,-0.09617985581862745,0.02340700280619785,0.024819598559173726,-0.001981468790210794,-0.0007638075486757101,0.16936798981204634,0.04966285512258761,0.05383287976204876,-0.013047942161792836,-0.012879259845823898,-0.0027620274850633786,0.029987132945097982,-0.014614870375953614,-0.017860194758977755,-0.11121853823331182,-0.018205542773357574,0.0004730528471991624,0.006571255780407292,-0.010624600918265049,-0.020171581303933706,0.017638006245833872,-0.007429961818037456,-0.011100594257120955,-0.059273291876539645,0.008213870010920821,0.0190960849574767,-0.0720419556165579,0.010200289267580964,-0.030310695540043463,0.005348880504607268,0.12937720994546542,-0.09883323151979131,-0.011431187170557643,-0.4932677171028918,0.03260488102596717,0.23208151332184207,2.102480911388993
6.355,0.1134605722313,1.226288784831,20.0,15.0,0.5981937646865845,0.7840847373008728,1.5,25.61000061035156,0.6772677898406982,270.0374450683594,130.0,60.6455,0.7705,18738.0,201.0,20.6519,13.225,6.148,775.0,236.6058463286824,2.5380390176147487,79.195,32.652,23.515,6.148,12.782698470895246,0.7724210753786316,47.21,209885.0,11.2,48.7,31.3,49780.0,37342.0,15884.0,8.251880779338212,6.642425473153561,6.642425473153561,0.2421040892193308,53.7,20.130000000000003,0.03528427090120394,-0.5824278174036299,-0.011749438400409396,0.05396646054403388,-0.1422802983525325,-0.4088340040988405,-0.15822428818425394,0.005567604418232808,-0.017130540378566334,-0.0038385457466356466,-0.011746306923101668,-0.011761463369795822,-0.07684005880984476,-0.05958799302106493,-0.05727409343549515,-0.09319259209954173,-0.005524149804026856,-0.04358411736809651,-0.014705940958694536,0.012431135729944786,-0.005325344566954282,-0.09162268724536987,-0.03406273935048374,-0.018088793986651624,-0.011679496574419334,-0.028924786769261118,-0.021720150713867042,-0.0315839347550645,-0.009277992147312009,-0.11923010918666839,-0.004570267824106822,-0.02669967250229091,-0.07701778544607807,-0.007689100017072637,-0.06152596934660685,-0.05121466428157876,-0.12663733045064154,0.022239131949725564,0.01405232109862845,0.0021911382470862105,-0.056149711781530665,0.49240127034881154,2.102480911388993
6.359999999999999,0.3182215058186,3.183907364943,20.0,15.0,0.6330850720405579,0.9256718158721924,1.5,23.90999984741211,0.790537416934967,334.9280090332031,131.3819274902344,60.6455,0.7705,18738.0,201.0,20.6519,13.225,6.148,775.0,236.6058463286824,2.5380390176147487,79.195,32.652,23.515,6.148,12.782698470895246,0.7724210753786316,47.21,209885.0,11.2,48.7,31.3,49780.0,37342.0,15884.0,8.251880779338212,6.642425473153561,6.642425473153561,0.2421040892193308,53.7,14.07,0.3001490381010227,0.41345592913310975,-0.08150714603578668,0.17160245025041518,-0.006878927026118675,-0.027925730576505804,0.7908441530164565,0.03975959319656255,0.07151609934924634,-0.0033757363557815447,0.03981997840758415,0.27080761429469574,-0.13707565923489154,-0.09538412672420968,-0.0780723027072963,-0.0759310454512597,-0.17199444963911095,-0.18139327299792787,-0.0790661540584406,0.02784177465352695,-0.04565323155786618,-0.10741236222942827,-0.16820948662044247,-0.05031464054470416,-0.10570599189074696,-0.039295768299838475,-0.015861383555689734,-0.04654148580203767,0.0035087248581693762,-0.3373124686442315,0.048972489627427375,-0.06393254460336169,-0.09303428591473502,-0.02804896409180955,-0.10303067993104928,-0.09876125611632607,-0.2920822543400573,0.058907485136820405,0.054528386922902385,0.12262469942244936,-0.14353619497176257,0.9567001393525862,2.102480911388993
6.385,0.1795637312951,1.79149926306,18.6,19.0,0.5894808769226074,0.7502785325050354,1.5,24.8700008392334,0.6502228379249573,321.0201416015625,130.0,62.8682,0.7473,30465.0,544.0,23.7417,15.1611,8.037,883.0,391.6363496124131,6.993276684364113,77.789,31.907,28.226,8.037,12.555758966506351,0.9191379276851872,47.4,302484.0,8.8,57.3,33.9,63896.0,41068.0,18414.0,9.819277128486252,7.904115227830772,7.904115227830772,0.4381657992565056,63.9,44.19,0.21503720050666,0.19521329814021007,-0.034555441695731146,0.00694240584986996,0.05452501580771048,-0.03919249661237689,0.09477237776061524,0.03496787528693681,0.030820757232082573,-0.004962930072098959,0.03954368548688947,0.01885315259615885,0.0021954772997414772,-0.1071443695561612,0.03548102275410199,-0.0104306792694842,0.054746472019003734,0.04905598718847608,0.07552094394690363,0.06389113754918803,0.03986365760839543,0.026721076457411997,0.012725485073286035,0.020240673667518493,0.051132546196924464,0.05521107080951335,0.01711746976990256,0.07349525756400548,0.0065390019944170374,-0.09108288365928455,-0.07241274681314824,0.029273221360985025,-0.10949391502875369,0.04875590632902458,-0.09565702545968813,-0.029296010288235252,-0.1148781223544501,0.027406577026355093,0.03385172216745551,0.08479225259879611,-0.05144708628847718,1.5063472879667537,2.102480911388993
6.505000000000001,0.1717842430621,1.454843827059,19.0,16.0,0.5307262539863586,0.6367385983467102,2.400000095367432,24.40999984741211,0.5593908429145813,255.9736328125,128.0220336914063,142.4267,0.98,46210.0,1116.0,70.9324,18.6665,13.388,492.0,207.0155004031897,4.999552011468507,223.22,96.741,33.206,13.388,36.02947095994996,1.9691703020360272,44.56,503654.0,12.3,40.9,46.8,38937.0,39286.0,17168.0,21.03691766650654,16.933855628952,16.933855628952,0.4061223048327138,136.9,7.229999999999999,0.27419698006927506,0.09049901805247632,-0.15393708380131282,0.03745441731309984,0.06381734919466545,-0.09036308257048946,0.011238486051908669,-0.033185068564838736,0.018768110152916018,-0.0037703847773372877,-0.0629942316442029,-0.17160693567630375,0.08588569080177695,-0.04452076200698498,0.013983741985634035,0.045653125703102,0.07463307110115427,0.04051014938298616,0.03670691183733288,0.06909413002338258,0.09164700964360961,0.01244806889456227,0.023476549383136414,0.06760343633906456,0.01901135650579817,0.022105647555552464,0.11278488577867392,-0.012076483312761455,-0.02591485905728772,0.024788075267570188,0.10848334830603554,0.021515053367125846,0.02046986949734846,-0.013116793849505393,-0.11230080691858897,0.011354464937467123,0.140520272255526,-0.06870821008027997,-0.04428991746425157,0.3467282968242652,0.1687206787983887,0.536415506673744,2.102480911388993
6.9,0.2105869040306,2.424899113622,18.7,33.0,0.7407733201980591,1.0,3.900000095367432,22.69000053405762,0.903842031955719,264.5146484375,130.0,94.75,0.975,80886.0,573.0,36.035,30.6179,13.697,2339.8,503.33227546810537,3.5656280919222656,160.701,59.489,57.403,13.697,44.04493523854282,0.7705005543685988,37.51,683165.0,24.81513784080998,29.71825110917296,45.46661105001707,37563.0,37438.88,16936.21,15.717915646179634,15.449625511761106,15.449625511761106,1.4422353381379165,70.17,8.98,-0.0687683252510615,0.03449716110643934,-0.20367920990713168,0.010074637255747799,0.021516232689551627,0.05114400300965638,0.4571373475933215,0.04901418199576437,0.03046821286389607,-0.0020507044228725404,-0.008856349796289575,0.2048293972079409,-0.011911627874942465,-0.0220759444293799,-0.011870102197979593,-0.009757871585898092,0.0075802616273286105,-0.02957058652251725,-0.012798807729966976,-0.0159134056319016,-0.028773142147692842,-0.030463915660919084,0.016502231894293763,0.0018084919388638098,-0.01255250082863495,-0.001726506075996448,-0.09219286170724084,-0.006427042608673261,-0.02467628678528131,-0.0006515518123632935,-0.1615830418752739,-0.11444490153470539,0.1035433593482012,-0.05416263134719339,0.0657279194864677,-0.020813901571440495,0.056466979354736345,-0.061364906282513454,-0.0593692261602264,0.0661097047955264,-0.011901865092920993,0.258935276835924,2.102480911388993
6.83,0.3290345806553,3.357728492649,19.2,34.0,0.6673039793968201,0.9679861664772034,2.0,22.77000045776367,0.8380921483039856,263.8450012207031,132.0,156.23,1.87,97710.0,1060.5399999999972,71.1,36.2,12.67,445.0,463.12446677410185,5.026732391695883,210.98,98.81,63.08,12.67,11.72546549939368,1.018542407714805,36.2,633849.0,18.656421702718102,40.1694307582096,41.1741475390723,29464.0,31269.0,14895.0,17.562286116352706,10.924959818723158,10.924959818723158,0.0678323806069195,98.99,96.0,-0.08245569969201456,0.34122101231722624,-0.2465997878435883,0.044650660013605535,0.0492555005848407,-0.0500222926456481,0.7270582179586635,-0.09913382596679739,0.07544426431332243,-0.00379366369359202,0.038460481262416836,0.03977178144664497,-0.04218738250306349,-0.022693434013984937,-0.014149210723233474,0.01448156118462791,0.0948679874583612,-0.011038525770884,-0.023611589672858833,0.031146058177342617,-0.04509805313707331,-0.007140734519925895,0.015868009213241784,0.03768849852599661,-0.03823384477407674,-0.00785951260745057,0.03852310894371484,-0.033042833278770556,-0.1306035050670616,0.051893064333591664,0.019311600178829446,-0.022104258815641487,0.04471131989103731,-0.11382483799499452,-0.030854642842081437,-0.01172124894807347,-0.07247717334801558,0.028971668777405403,0.004457063905894798,0.4117065773886862,-0.0026184936156496306,1.6150206261155546,2.102480911388993
6.975,0.3333314348394,4.644973571393,19.3,7.0,0.3762629628181458,0.6235977411270142,1.299999952316284,21.02000045776367,0.5488781929016113,142.1536865234375,121.3395462036133,41.8,0.9984,37631.0,382.0,12.2266,9.8512,4.991,6472.866666666667,481.9852705731668,4.89273134806276,78.075,30.563,28.728,4.991,21.398798506227283,0.8755846807233554,35.03,369846.0,16.504901960784316,31.65686274509804,51.83823529411765,26213.0,35691.1,13158.53,16.539135979595088,17.556710821702243,17.556710821702243,1.1884593356762363,77.55,0.54,-0.06274084834672977,0.0493943660798541,-0.08922883343722787,-0.019356879002210912,-0.03733291486470263,0.03132741292117863,-0.006534601178369473,0.010866211351356458,-0.008894467976177097,-0.00136087953019889,-0.038905328825174376,-0.1480164737936575,-0.03613611186674097,-0.03223005717009071,0.00793171065137719,-0.017326658277423086,-0.02123350355192086,-0.009733432733919453,-0.03125721293024253,-0.0172657999942312,-0.03549925322429043,-0.013805646563589128,-0.0035986979462904883,-0.0036459521249634767,0.004402454885654169,-0.02931791214167608,-0.0032634000376565316,-0.0028515085816616047,-0.07554711995838442,-0.07213201016327367,-0.07267814078513764,-0.08645963655342351,0.008422071671026078,-0.007980332033126642,-0.006124912388273512,-0.05277340186829675,0.017261682771786586,-0.06436721351603045,-0.05308459071742253,-0.006196080624154992,0.0015732057683635532,-1.065537030462292,2.102480911388993
6.45,0.0752823382127,0.720559062291,18.0,8.0,0.4623614847660065,0.6657237410545349,1.399999976158142,25.68000030517578,0.5825790166854858,222.1938934326172,129.6773071289063,107.39,3.73,96920.32,2066.12,58.97,40.44,27.91,610.38,465.7391638635272,9.928495915425277,208.1,77.67,61.57,27.91,13.785865223981112,1.7056792964710272,34.96,786132.0,20.47490893033877,43.41481379464505,36.11027727501618,31295.0,29723.0,15547.0,9.581485948260582,8.895328795155292,8.895328795155292,0.8326497317534427,104.89,2.33,0.32397746697324326,-0.20230855965695804,0.49428309666446885,0.05108398959459737,-0.18392480732628613,-0.04676670512068089,0.039714449437335084,0.044478074989630786,0.02233424104913142,-0.003596744951093589,0.10023917385365352,0.09249311494373247,0.02708578685042453,0.09264970376889695,-0.024920751383237127,0.06851757935201748,0.0371121673915185,-0.0574900289077195,0.015878929065074775,0.014232901086215865,0.016745613929582716,0.05887918463302777,-0.0018599620215828283,0.022088055939006247,0.0008873304112931635,0.014163378613884548,0.010498222951428082,-0.016424846610461775,-0.06970915096532555,0.11992810588947027,0.036677180394064667,0.07420446595142127,0.10060463141626678,-0.07849939781485589,0.10210669947275894,-0.006730043820338305,-0.14974813085282224,-0.014722898305975795,0.051036096342373674,0.13284069554077,0.020445419755065797,-0.10557906938588717,2.102480911388993
6.74,0.1080268747878,0.9551262178177,18.9,10.0,0.6282303333282471,0.8944280743598938,2.799999952316284,24.64999961853027,0.7655424475669861,332.4620361328125,129.8257904052734,121.17,1.24,111887.0,1972.8,69.36,49.35,35.98,2447.2,484.1916219491085,8.537303098494027,231.08,91.11,77.42,35.98,15.308206323678789,1.4921568515595265,37.51,1010017.0,18.514367546917764,44.48838459533429,36.99724785774794,40876.0,30965.0,14316.0,9.36200276864403,7.781782798224389,7.781782798224389,1.0236131895309892,95.51,2.63,0.19026800142345018,-0.493478912300663,0.16465211519773587,-0.02304521609679795,-0.1696083340156474,-0.14723704079014718,0.19762553311593362,0.07133155835245271,0.015537762334977789,-0.002879430215805767,-0.06006633632146983,-0.03452329548751003,0.013111370663507848,-0.02985900937009134,-0.02322976988181479,0.030018047900870436,0.021869826750131292,0.018139132710930393,-0.005158051247941375,-0.011410841600387345,-0.013335868098074643,-0.004160340757574876,0.00971188781387169,0.009641041887982293,-0.003937586030573636,-0.01231513735663603,-0.0021587094290880238,-0.010417393825599008,-0.03538464824960095,0.2867606845407281,0.01233451979944944,0.03451404873328283,0.09084449136682098,-0.03567654542345544,0.063887765227817,-0.039919870649231595,-0.11420338207145689,0.029562211985699815,0.03277656688960269,0.032885419396567174,0.03550800101668574,-0.2019193707146914,2.102480911388993
7.035,0.1068543922567,1.127225031548,19.4,13.0,0.4678736925125122,0.621826708316803,1.5,25.04999923706055,0.5474613904953003,197.2183074951172,97.66290283203124,79.7603,1.3218,37783.0,436.0,32.0201,11.986,14.3018,1405.4666666666667,317.1284444481749,3.659529465087586,119.14099999999998,45.663,16.368,14.3018,22.549304697785008,0.6391463480032891,44.35,477241.0,11.4,37.1,51.5,71561.0,34380.0,21443.0,14.98400185022494,14.347792906389309,14.347792906389309,1.8324918038196647,67.5,4.1,-0.21993542111746497,-0.27194211516896033,0.27653716149681723,0.04170759481389541,-0.12756540857115767,-0.024661966892774233,-0.03102266821893862,0.004247879603411997,0.008251127820811277,-0.0030463516367599695,0.029885875520354578,-0.12170092625822873,-0.007964302381267807,-0.017320919342804664,0.016211286352248843,-0.029032352034118934,0.021350239933934055,0.02394721959810704,0.005718257844331687,-0.004264797107432927,0.017616606242430822,-0.04998934144864329,0.028766940723755387,0.01955027217511085,0.023352251047850592,-0.016285650114645268,-0.01435965927026701,0.015361142772599123,-0.03465435208287091,0.01245266365812867,0.14921893433597871,-0.03838630614022263,-0.03284640221402514,0.1457543444120093,0.12639753203070725,0.01795900447154424,0.03874457696592439,-0.0976694083301118,-0.07078241161769253,-0.05795801555970685,0.0030764849785482884,0.009487049885909116,2.102480911388993
6.825,0.1973637230563,1.705108159192,19.2,5.0,0.5868080854415894,0.8374630212783813,2.299999952316284,25.04999923706055,0.7199704051017761,288.3624877929688,129.3096313476563,111.07,3.69,99177.0,1003.5,55.58,40.03,31.27,624.27,546.7309812568908,5.531973539140021,181.40000000000003,73.25,59.84,31.27,12.01708770605562,1.3716441835883986,39.96,1202915.0,16.431187710251496,41.28557796152066,42.28323432822784,53308.0,32689.0,17803.0,9.539679628333618,7.153294308153317,7.153294308153317,1.1848298070618952,91.37,10.61,0.1713768086020137,0.1520421272295062,-0.05753832485550094,0.03752505536348327,0.10046109127986722,-0.07398714224592555,-0.037271696193551196,0.005220630122581426,0.04889950920594861,-0.002146374296396947,0.05478512326080818,0.1470261690741172,0.007301582406740725,-0.0045705389015492145,-0.0003179359288188133,0.003777639925130627,0.004642281042470086,0.001884546122688291,0.051293423732276945,0.009277996124234055,-0.0379556606218685,-0.01742140349943657,0.0069490892941830975,0.006281819823314416,0.004222266234341143,0.04586313555168455,0.03750092187459804,0.028218150034430532,-0.05043950220406992,0.19712802404508703,0.026471058349940013,0.04721076315909154,0.10181141356937592,-0.02823497535660866,0.13546139737329219,-0.010642471963132328,-0.058626499651407274,0.10768748361058526,0.09988607729040086,0.14454314599907958,0.0267123095779098,0.6714025916516547,2.102480911388993
7.25,0.1407529893279,1.80535505914,19.5,15.0,0.5652166604995728,0.7583724856376648,1.899999976158142,25.53000068664551,0.6566979885101318,244.8415679931641,129.0,156.26,3.7,71109.0,604.0,25.5392,19.687,6.87,4046.0666666666666,639.9701205079514,5.435907589570977,111.113,48.363,43.95,6.87,30.453854606755456,0.8473062281162614,50.12,299186.0,8.188156481532047,41.53969380882165,50.2721497096463,56528.0,34807.04,22100.67,29.449202691670408,16.989687864542002,16.989687864542002,4.19935794066213,97.31,2.98,-0.6549846894399962,0.16092543853272226,-0.054210192809347045,0.030462190604303063,-0.04758529459725832,-0.03115169655473432,0.05582013727666348,-0.02310603973385872,0.00443598833214488,-0.0016568823847919578,-0.04231597178895026,0.12919941660796758,0.0516107821617043,0.09697603384731338,-0.02463505571044512,-0.015683948766789378,-0.0014390925701009195,0.011048477883683494,0.01151741203025448,0.0011732900642091426,-0.1382803261099616,-0.012319028909434582,0.005553369627450622,-0.002063814638997463,-0.001213973631500298,-0.01513091073126992,-0.00777657993958567,0.008369132474181218,0.014896092465030953,-0.03983195480692671,0.054582368975621645,-0.013102028399240273,-0.01040900607302322,-0.008232194660347858,-0.029379472314147226,0.01977002485108099,0.20302088960912085,-0.08767291107506028,-0.04200723772204945,-0.5189216283754213,0.0072593683305894885,-0.12021119236154487,2.102480911388993
