pH,TN,TOC,Temp,Rain,EVI,FCOVER,LAI,LST,NDVI,CC,BD,GPAM,WS,FER,PES,MO,CO,VE,FR,FERA,PESA,TSA,WA,CA,VEGA,IRR_W,AGR_W,UR,GAO,PR,SR,TR,GDP,UI,RI,UR_W,RU_W,IND_W,LIF_W,POP_TOT,pH_shap,TN_shap,TOC_shap,Temp_shap,Rain_shap,EVI_shap,FCOVER_shap,LAI_shap,LST_shap,NDVI_shap,CC_shap,BD_shap,GPAM_shap,WS_shap,FER_shap,PES_shap,MO_shap,CO_shap,VE_shap,FR_shap,FERA_shap,PESA_shap,TSA_shap,WA_shap,CA_shap,VEGA_shap,IRR_W_shap,AGR_W_shap,UR_shap,GAO_shap,PR_shap,SR_shap,TR_shap,GDP_shap,UI_shap,RI_shap,UR_W_shap,RU_W_shap,IND_W_shap,LIF_W_shap,POP_TOT_shap,base_value
6.44,0.1202515832103,1.380655427559,27.0,407.6,0.5278112292289734,0.6881611943244934,2.400000095367432,31.95000076293945,0.6005289554595947,260.6069030761719,129.9587097167969,146.82,2.55,54240.0,1270.57,40.6824,30.2805,30.43,8784.0,217.9459876481201,5.105376724300736,248.869,82.267,71.105,30.43,21.438604752014506,1.7255172022880916,45.35,732077.0,19.4,31.7,48.9,35573.0,35134.0,17406.0,18.86276651066043,10.95257410296412,10.95257410296412,1.971747299884448,117.01,0.53878654606,-0.4985196059141821,-0.03386279406577771,-0.166567254555369,-0.18819573688771982,0.2298114552390369,0.5084402311289157,0.402465725390263,-0.1546918226922764,0.4466346693368371,0.8560977746114261,0.05313513011942569,0.2560826356486297,0.06582585055227448,0.020380607241137588,0.00024936494476357485,0.0108608900330458,0.06192815455503742,-0.17554109156059708,-0.9022218115989998,-0.2832366079787451,0.07231480417083369,0.031018861324142555,0.04094627772403692,0.11821310149106645,-0.03487107285567174,-0.06704447350114277,-0.34071620830038407,-0.05654425096475809,0.07506227199583156,-0.38867637552631856,-0.3255183340108158,0.022424455793775906,-0.09674771275510434,0.07622960542418396,-0.017847135831664012,0.3059599735525485,-0.0708780442865804,-0.007140518074815934,-0.4340318627630906,0.025063956226695955,5.7857697576869285
6.45,0.1214945252553,1.579837550425,27.0,407.6,0.50328129529953,0.6838319897651672,1.600000023841858,30.72999954223633,0.5970655679702759,303.3760986328125,130.0,146.82,2.55,54240.0,1270.57,40.6824,30.2805,30.43,8784.0,217.9459876481201,5.105376724300736,248.869,82.267,71.105,30.43,21.438604752014506,1.7255172022880916,45.35,732077.0,19.4,31.7,48.9,35573.0,35134.0,17406.0,18.86276651066043,10.95257410296412,10.95257410296412,1.971747299884448,117.01,0.5434776990499995,-0.6777848309929362,0.09935092244952104,-0.1664045677294884,-0.2277583447092113,0.25348087154725746,0.1549100727846381,-0.11307115880788669,-0.17590511652278631,0.3063361431498129,0.5495319732293887,0.003081065626020766,0.16660456755631137,0.00943994403837293,-0.057039794265184206,0.007772261492503134,0.03216562338802157,0.059363587747532885,-0.2046476673923406,-0.9801322586974717,-0.498260033502216,0.05372155362944301,0.02691164365404297,0.02067514533608276,0.1900387092254687,-0.1951616672700928,-0.049949631152448624,-0.24872371066974278,-0.05268437212254318,0.016628082849841557,-0.2685591194005725,-0.4002495404636484,-0.0041214746886530556,-0.15141834248130107,0.04632029789993656,-0.07571650828359407,0.16196830770863924,0.0849755883264582,-0.10104784546879815,-0.33041298277374537,-0.029891970536215024,5.785769757686927
5.76,0.2009681707521,2.305766517037,27.6,218.7,0.4322603642940521,0.3183337450027466,1.899999976158142,32.65000152587891,0.3046669960021973,264.5146484375,130.0,94.75,0.975,80886.0,573.0,36.035,30.6179,13.697,2339.8,503.33227546810537,3.5656280919222656,160.701,59.489,57.403,13.697,44.04493523854282,0.7705005543685988,37.51,683165.0,24.81513784080998,29.71825110917296,45.46661105001707,37563.0,37438.88,16936.21,15.717915646179634,15.449625511761106,15.449625511761106,1.4422353381379165,70.17,1.58202234405997,0.6603032095055416,0.7122916053929279,-0.023020135876427556,-0.10126922922771842,0.25598720977562456,-0.0050350479286005445,0.04853820451959545,0.0009102206887661168,0.1276629591306179,1.2144675194248253,0.08186567881934044,0.37495679220741884,0.03287984325067265,0.2119001406277635,0.05695708120759391,0.045378553240230955,0.16601260288814826,0.3015730032170743,0.08344681085728271,0.18850557285961136,0.15056031161825315,0.05234110326347604,0.10565229536048608,0.04016893370566699,0.14903779513745227,0.7394633414738863,0.17439493672811782,0.006229691950984846,0.1748315971361151,-0.24274757874063324,-0.2391749031724931,0.2190639804153176,-0.012909369373253377,0.41581366752793275,0.03518826816025896,0.3093528026568521,-0.1041621425167883,0.04643026581646651,0.170439326440004,0.11962352263627585,5.785769757686927
6.015000000000001,0.166620465519,1.78404328372,27.9,376.9,0.2440312653779984,0.1749793887138367,1.5,34.84000015258789,0.1899835020303726,263.8450012207031,132.0,156.23,1.87,97710.0,1060.5399999999972,71.1,36.2,12.67,445.0,463.12446677410185,5.026732391695883,210.98,98.81,63.08,12.67,11.72546549939368,1.018542407714805,36.2,633849.0,18.656421702718102,40.1694307582096,41.1741475390723,29464.0,31269.0,14895.0,17.562286116352706,10.924959818723158,10.924959818723158,0.0678323806069195,98.99,1.2886036110540708,0.6319236436389952,0.45449146413721025,0.03336023085488319,0.03869482107767652,0.11927682193976012,-0.2418822763023655,-0.058834598197647546,-0.4847642821872795,-0.19892608273478704,1.427780855103113,0.08688551340740136,0.12835510256815885,0.12762058496170514,0.16383712192433486,0.021441135789900923,0.15593448880796745,0.27394316515720735,0.1538284068089569,0.21875148530891267,0.10240073821210786,0.20604594709946408,0.050901209647260526,-0.03488517708354536,0.5015372409215405,0.10642300578637909,0.16509078018354537,0.05314930374443209,-0.1470880538732747,0.13530287021469767,-0.26023660069795435,0.36675196807888083,0.30084486945386835,-0.10694853506896458,0.17106562062664973,-0.03762146607108541,0.28792045113020986,0.12029329539330876,0.09605157140000342,1.105654558843162,0.19766824372942474,5.785769757686927
6.545,0.1443703391467,1.448893289668,28.0,354.1,0.4328791797161102,0.4880608320236206,1.799999952316284,34.54000091552734,0.440448671579361,306.6544189453125,129.1849212646484,78.86,1.51,42101.0,1310.02,57.39,30.39,23.13,2283.8,239.6050310170167,7.455580217403678,175.70999999999998,75.89,47.08,23.13,11.640145980325425,1.1288686636714582,52.2,686334.0,16.06716086336319,29.95130135865117,53.98150854710848,36106.0,32559.0,16815.0,12.881572327495135,5.887189901806822,5.887189901806822,0.6001059414337037,94.45,0.26975124822649116,0.16929283174214738,-0.06425010032995482,-0.2079637577828255,-0.1978981345423645,0.043488258408125834,-0.17159749577034922,0.0653897474535805,-0.3259704692672453,-0.27019056301192024,0.5883747046321247,0.0039750560449588095,-0.021981004202180705,0.01788584087654847,-0.08586393013481512,0.012156553817290083,-0.038099174156865034,0.0656956828429242,0.03954124846897781,-0.025253142719661243,-0.4297681709481129,0.002297703060873143,0.06021770845070007,0.027547862622566994,0.03081202472544427,0.060352346640463704,-0.21795341202600257,0.002230732883514127,0.11062802975916404,0.02998051786821132,-0.07346036396592452,-0.2405102112724922,-0.10129324722969531,-0.034915878650520295,-0.21511995469957332,-0.027799601367206606,-0.03974208582874835,0.061608173471216575,0.0527547075482205,0.3602600058220902,0.07890366443304113,5.785769757686927
6.425000000000001,0.1688504759075,2.142072891536,27.4,289.5,0.467218428850174,0.4532169699668884,2.099999904632568,34.4900016784668,0.4125735759735107,256.8768005371094,130.0,6.34,0.062,5772.0,77.0,1.413,0.9294,2.684,76.2,654.421768707483,8.73015873015873,8.82,2.541,2.176,2.684,2.417385883124235,0.1122410186812435,81.11,43475.0,1.100962322622737,39.02707551786005,59.87196215951721,72144.0,42390.12,23847.44,16.617634982053918,2.250591120086632,2.250591120086632,1.7613416385502103,33.95,0.5546036821745145,0.14808766865358647,0.13862623397072185,-0.23039779447268594,-0.1395462036985258,0.15722712134741365,-0.14847470096457338,0.10547351534540698,-0.28289915592602305,-0.16456486262181694,0.2244811148619238,0.06751533602206079,-0.23744575215673114,0.06371186533803504,-0.35576964421229845,0.0283263327134116,-0.2435708950051698,-0.47430274697064334,-0.11582767161190426,0.2847158251716216,0.3501216485180502,-0.10566800603037996,-0.17843718888149507,-0.22390948457497342,-0.2933020824552243,-0.06701878131062529,-0.4694530257017237,0.051899227758966236,0.10312444255812399,-0.06876164193561589,0.2912976559344814,0.07329632179707206,-0.24229740464186536,-0.007475465168391149,0.03461769096454762,-0.10607308715767905,0.09088753240852061,-0.2743860226193459,-0.15719730336797022,-0.04973150783772099,-0.06605943381599111,5.7857697576869285
6.404999999999999,0.1673749854038,1.586555336748,27.9,436.4,0.3305558562278748,0.1889648139476776,2.200000047683716,32.59000015258789,0.2011718451976776,190.2931976318359,129.0,102.75,4.78,82098.0,1049.0,61.06,47.59,26.67,1144.0,402.7768238237748,5.1464455673845855,203.83,80.46,75.07,26.67,13.502993313811004,1.3571426592267275,41.38,826658.0,19.61414974691788,40.554352669645,39.83149758343712,37647.0,31064.0,14954.0,10.01000072751194,7.077667062460118,7.077667062460118,0.8315029869915178,92.59,1.1135333702075065,0.43661863633275705,0.21181690633517478,0.07658518686429387,0.14233780614491898,0.07928408765681368,-0.025666611278617506,0.42401596260379826,-0.027795675785446023,-0.11586409943369569,-1.6069070931953908,0.07187864356307545,0.10027785335857937,0.167157486393645,0.1587326205045805,0.13066012959819817,0.07706303709764802,0.5148120360238052,0.04064017598673638,0.1898786730223305,0.08548074275968605,0.2657399297259612,0.015266745744477728,0.07826246627234323,0.6491708709428268,0.04512027098081439,0.010410611131855374,-0.1211434028162915,0.09748660236271951,0.26745885462962216,0.5675770397771361,0.303777528525937,0.5632120954784964,-0.08018789799010506,0.20743871113190493,-0.11832363671256259,-0.30635061019995563,0.4177924369246677,0.30570754301936903,0.6918969266493477,0.15110586892418731,5.785769757686927
6.22,0.1396255252606,1.262405959324,27.7,421.2,0.3442819714546204,0.0872379466891288,1.700000047683716,32.13000106811523,0.1197903603315353,227.1785125732422,127.3537368774414,113.44,6.47,113005.25,3048.97,56.37,31.11,33.02,4048.8,632.6927383685123,17.070544762331334,178.61,74.6,52.48,33.02,11.832260392384752,1.0136065476243834,41.19,962714.0,23.22925734100645,37.059541398199215,39.71120126079434,40450.0,30441.0,14677.0,7.420621787035737,5.286083690348805,5.286083690348805,0.6079000575173069,68.94,0.7112616232011679,0.16560583241623741,-0.06094270184664041,-0.043514211178425834,0.022402005123840163,0.08152241427174693,-0.4801404391110348,0.0507966965692895,0.012426362013013614,-0.38496874351167404,-1.3021921270849843,0.019046117851274413,0.011792665558803614,-0.11676284191207413,0.1527342687440314,-0.39437042901064334,0.03548728841032752,0.010637689461557335,-0.04473579753465462,-0.22452339866546722,0.2060884020265649,-0.7095960267248339,0.020094377751196824,0.04648209507239328,0.005446863616951236,-0.1779444194559049,-0.10708072885197313,0.04021302150465078,-0.009562976814679658,0.29947204401049105,0.049508903556913286,0.0906820649151805,0.23542339145932903,-0.058868843909003044,-0.10529768308734255,-0.13499575578817635,-0.3309144322483899,0.1018313840455759,0.11796471040194852,0.33179711102185827,0.037956519201809015,5.785769757686927
6.515000000000001,0.06897301535367,0.6676463154617,27.7,447.3,0.7420581579208374,0.3893652856349945,2.599999904632568,30.68000030517578,0.3614922165870667,222.1938934326172,129.6773071289063,107.39,3.73,96920.32,2066.12,58.97,40.44,27.91,610.38,465.7391638635272,9.928495915425277,208.1,77.67,61.57,27.91,13.785865223981112,1.7056792964710272,34.96,786132.0,20.47490893033877,43.41481379464505,36.11027727501618,31295.0,29723.0,15547.0,9.581485948260582,8.895328795155292,8.895328795155292,0.8326497317534427,104.89,0.28235265246625063,-1.0450037458393389,-1.6082948372455244,-0.09183486660493528,-0.002911372190480821,0.1261782067790235,-0.07154449494065185,0.2819198746509705,-0.04699201299873573,-0.125386450584084,-1.0077551358085108,-0.07649752451999643,0.015103861681432037,0.009974468156460711,0.1699641366262382,-0.081952994860502,0.05139182739238335,0.10350309441517129,0.012256329532614981,0.17810198508791442,0.03656652347185361,-0.10052291120329489,0.023562525272098567,0.029062946737638207,0.07858748734172337,0.014851574254274413,-0.11622626928022443,-0.12467359795495864,-0.14283941942704556,0.15393781385056474,0.014550947462839728,0.0983069235334027,0.16613538112109374,-0.10802138057347348,-0.24805661567182288,-0.03096670858938792,-0.26001438061297955,0.07782390274548621,0.010983803880389017,0.2239282903101416,0.00894066250698459,5.785769757686927
6.705,0.2003897513764,2.414483073552,26.7,136.1,0.6288979649543762,0.1016698405146599,3.799999952316284,31.25,0.1313358694314957,153.3260345458984,117.3640823364258,49.1485,0.47,15878.0,356.18,8.5477,7.134794327171835,0.953,926.17,282.58702925891646,6.339075959279561,56.188,19.8872,18.41727,0.953,16.5223150965168,0.404246719542003,47.87,256107.0,6.0117218158366414,18.174131902767638,75.81414628139571,45012.0,32296.0,14288.0,6.990829016588316,9.211165561563142,9.211165561563142,1.5733199943233478,43.22460681495,-0.1936391710877833,0.05589015547845306,0.09530376484340297,-0.07675889885359682,-0.08308346573215618,0.009930308386792042,-0.37533038481950864,0.10287397520195556,-0.04673939377513408,-0.2868243289743983,-1.2327377082561612,-0.12902767031127407,-0.06526691568978717,-0.034048590165171554,-0.18913012599096993,0.02142714033486617,-0.1461052288294294,-0.15862717263295908,-0.18452733046387645,0.05569516944711613,-0.11853923964688808,0.004848125829476084,-0.055672012322164545,-0.12315836992123375,-0.11133871779566283,-0.1283314620085311,-0.039727099168173734,-0.0026008318718195775,0.046742250508195714,-0.09905758511949558,-0.010776917059679208,-0.5814595102025308,-0.6387480146622454,-0.060952474428751256,-0.22321276819178637,-0.07883436859117622,-0.32142423025567907,0.014802800079578344,-0.001484535560499221,-0.13265750998976386,-0.19757667198140674,5.785769757686927
7.109999999999999,0.2359938898278,2.381356845608,27.3,416.7,0.2698071599006653,0.1796951144933701,1.0,34.31999969482422,0.1937560886144638,249.9428100585938,131.9918212890625,94.5485,2.1563,46537.0,680.0,35.5076,21.2759,9.55653,702.0666666666667,383.5888559182328,5.60501153972964,121.32,51.283,28.768,9.556533333333334,22.96171465687948,0.7568755271663641,40.05,477450.0,5.7139813203593866,53.40210944990944,40.88390922973117,54771.0,36208.0,22771.0,14.874310622850874,16.990620933097066,16.990620933097066,2.7751741163370838,74.2,-0.9812630512797403,0.44676351720591184,0.38807133306595976,-0.08471886724549749,0.13557758308232792,0.05379317060928653,-0.025452983423463953,-0.14275856046415306,-0.19246551386348895,-0.2252447063154773,-0.45208644145209836,0.0036476016238559486,0.06331648783441968,0.03672645794896915,0.012606930259238055,0.09543293107001509,0.0343384134340331,0.02797696370204165,0.042472432305002715,0.18368783467156335,-0.14649325942317562,0.1130432947303226,0.026793773026392815,0.09975444470855895,-0.015428075218223683,0.04282490775624814,0.07177033183647752,0.07245425066350386,0.019599576514450507,0.06545309644490553,0.028584953620651204,0.49572430499051084,0.36703122761966195,0.19241267594955544,0.1651521786940868,0.013561268701942223,0.14281670513281441,-0.1755370027564083,-0.1130927655405618,-0.6436773920189469,0.10419359981565242,5.785769757686927
7.24,0.07033861606964,0.7803418654608,27.3,430.2,0.6268255710601807,0.7635214924812317,2.799999952316284,31.32999992370605,0.6608172059059143,289.1892700195313,131.0277252197266,102.81,1.7645,47925.0,843.0,43.5255,20.1416,18.38,35348.0,294.8686396357596,5.186734756660309,162.53,65.61,36.45,18.38,34.437046921982514,1.6325084864460302,44.34,791032.0,14.2,49.0,36.8,60352.0,33354.0,19580.0,15.09150601532647,12.226414519989854,12.226414519989854,1.982933986704912,73.72,-0.7794648469112077,-1.0200843696181494,-1.3656234433593015,-0.10376718780665957,-0.0896914105843374,0.11468693430704391,0.1949768335402764,0.2602346156784423,-0.09480562860276516,0.2822123584951892,0.45576614450255054,0.03482555072151037,0.03930396229091689,-0.011360225441976143,-0.008726322219366775,0.012584353979807025,-0.009540443199881362,-0.03830019888632865,-0.004528210815297566,-1.207126058238532,-0.16712434147384625,0.008159555540414939,0.01993797996396207,0.00969835825253725,0.0012226486232692995,0.011205891009806809,0.05108792740737476,-0.11642306012595995,0.033796443932953724,0.046806984205424174,-0.19553576156787558,0.12353577840938973,0.08728572150608808,0.048657009401746255,-0.028255236672918498,-0.020849750730176458,-0.02661142862246052,-0.07217236174725451,-0.04004510761693122,-0.1715675489370311,-0.018172422046901615,5.785769757686927
6.485,0.07505783322448,0.7726308297319,27.3,533.4,0.5887801647186279,0.7191327214241028,2.099999904632568,33.04000091552734,0.6253061890602112,255.7650146484375,133.0,69.61883,3.1667,31295.0,362.9812608948286,7.9764,10.4369,25.54,1008.69,431.0012394986916,4.999053310767506,72.61,11.98,17.16,25.54,29.247120158096035,0.4441104259190304,62.5,205105.42621421916,6.613355601948504,25.327743910925538,68.05890048712597,63992.0,36649.66,25491.99,8.611711314748359,6.341558665661586,6.341558665661586,2.4926882667224866,70.9,0.3213725160433285,-1.2237778237337367,-1.4745678471755763,-0.12263953143950228,0.05042793684615202,0.1850535607606599,0.31847542587497335,0.21387274682965643,-0.06746072925603963,0.31063640114993757,0.30375179206725783,-0.002980027884858183,-0.021882975828022455,0.023946743716776926,-0.11220755524571395,0.06324562644647265,-0.06479496370607096,-0.1144673445490421,0.032788953050161385,0.08780840196404675,-0.06055455846657561,0.0618861190886284,0.01783962047938629,-0.07191883378702024,-0.0712711447117812,0.19377334702540394,0.16067173888926656,-0.005251164367587065,0.09564349676076507,-0.07781168072383433,0.16244587308856592,-0.24840823319206037,-0.313098113825246,0.08478396470987382,-0.028510432600556634,0.11824315887015553,-0.21010047473168314,0.010525464889019362,0.03613040186545258,-0.34105769749719417,0.012413091223781017,5.785769757686927
6.4,0.1632344812459,1.467862611626,2.7,28.0,0.2166171818971634,0.1004345864057541,0.4000000059604645,9.220000267028809,0.1303476691246033,260.6069030761719,129.9587097167969,146.82,2.55,54240.0,1270.57,40.6824,30.2805,30.43,8784.0,217.9459876481201,5.105376724300736,248.869,82.267,71.105,30.43,21.438604752014506,1.7255172022880916,45.35,732077.0,19.4,31.7,48.9,35573.0,35134.0,17406.0,18.86276651066043,10.95257410296412,10.95257410296412,1.971747299884448,117.01,0.560379654093811,0.22780482077277145,-0.09537776192663598,-0.2942354124727378,-0.0610641227549645,0.020981307868600196,-0.5941095612504931,-0.2923567621710673,0.13054188855167145,-0.5698563508682146,0.5506041891200905,0.024253976667134764,0.055152637972478824,-0.04811445814780113,0.009693950825595246,0.019273026866417558,0.016331960693642955,0.043577165532687645,-0.0800719487558658,-0.644155247962226,-0.4032679656875863,0.02603802905234372,0.03243749002439866,0.028384679030088716,0.14763849509392005,-0.10915450892614291,0.019723401149365327,-0.11697691382002866,-0.041679213358543556,-0.0501916313797545,-0.12946337812697975,-0.37747347493784433,-0.02768618348989201,-0.18806246550069397,0.04206043605838409,0.003583808868926693,0.21825922642418213,0.003473577924361352,0.06754241384957882,-0.4018423581133384,0.08901159528737868,5.785769757686927
6.220000000000001,0.07622649824215,0.7090772672491,2.7,28.0,0.130614772439003,0.1433392316102982,0.300000011920929,8.729999542236328,0.164671391248703,303.3760986328125,130.0,146.82,2.55,54240.0,1270.57,40.6824,30.2805,30.43,8784.0,217.9459876481201,5.105376724300736,248.869,82.267,71.105,30.43,21.438604752014506,1.7255172022880916,45.35,732077.0,19.4,31.7,48.9,35573.0,35134.0,17406.0,18.86276651066043,10.95257410296412,10.95257410296412,1.971747299884448,117.01,0.22085645843642068,-0.7553123011122344,-1.3141131372089403,-0.10200389039258306,-0.05117591726569957,-1.5180957918849252,-0.3075848897545084,-0.2660998638101792,0.01942066831038113,-0.14144252652844694,0.11102455454077682,-0.0019854636688969862,0.04220970817417737,-0.030755168945382837,-0.020269119678169276,0.0054708754211986775,-0.0013910644759088004,-0.004579606713476662,-0.060387535503545225,-0.4125019301310582,-0.17438444764657487,0.03579042072549399,0.020581373989827362,0.039497860541378695,0.026326090044004793,-0.01995548135484716,-0.04119266728766722,-0.04458791206407927,0.015633802642335156,0.04088250434951831,-0.20821630231731958,-0.11048859902609082,-0.11342334043995488,-0.05595960490878224,-0.08368775362747799,-0.03912309592553164,0.09733510424688452,-0.03246638593268353,0.0027027722553355595,-0.14408335141890719,-0.07720043478721617,5.7857697576869285
5.615,0.141255779268,1.572929672943,3.0,27.0,0.2011622041463852,0.3816510736942291,0.6000000238418579,7.210000038146973,0.3553208410739899,264.5146484375,130.0,94.75,0.975,80886.0,573.0,36.035,30.6179,13.697,2339.8,503.33227546810537,3.5656280919222656,160.701,59.489,57.403,13.697,44.04493523854282,0.7705005543685988,37.51,683165.0,24.81513784080998,29.71825110917296,45.46661105001707,37563.0,37438.88,16936.21,15.717915646179634,15.449625511761106,15.449625511761106,1.4422353381379165,70.17,1.5076087157922133,0.43520723130511735,0.25594727877100554,0.160865445347945,-0.034942761670247645,0.008486349845978403,0.05383084901264312,-0.10142431510126342,-0.5289108862396287,-0.09073945922168229,1.0381730547647765,0.06194379197988916,0.07585637698896086,0.0923046021348884,0.13665167164425665,0.048932685317595016,0.051508215664406075,0.14641364935512824,0.14756125812795942,0.20890190303926892,0.2918077822285565,0.26257975740965406,0.038488723436946946,0.10891435350177847,0.13205917390173538,0.18388939103453525,0.7483344672807434,0.2552753495635715,-0.07336017321555059,0.26304832097309844,-0.03133955502174072,-0.17097982192409736,0.2954770972243576,-0.07758574136796732,0.49248789877913324,-0.01101099516929723,0.3249476992199567,-0.007114154748143475,-0.057453446141029284,0.04454650763033707,0.053986494831787635,5.7857697576869285
5.765000000000001,0.2130431102024,2.310097577704,4.0,30.0,0.281296968460083,0.2954275012016296,0.4000000059604645,7.71999979019165,0.2863419950008392,263.8450012207031,132.0,156.23,1.87,97710.0,1060.5399999999972,71.1,36.2,12.67,445.0,463.12446677410185,5.026732391695883,210.98,98.81,63.08,12.67,11.72546549939368,1.018542407714805,36.2,633849.0,18.656421702718102,40.1694307582096,41.1741475390723,29464.0,31269.0,14895.0,17.562286116352706,10.924959818723158,10.924959818723158,0.0678323806069195,98.99,1.649670707505365,0.6725630856230874,0.9240460212566693,0.21058596967138862,-0.040452571103616775,0.11965334390387243,-0.09553211710669829,-0.7295793166524333,-0.11185820013041552,-0.05456008285902033,1.424889668376865,0.08420513714220575,0.18752595246291714,0.06304709292744966,0.2440018900937464,0.08217408366859018,0.043318327339462614,0.30463572191553295,0.16550627329419795,0.2061681519301081,0.1258978392125826,0.194151022430148,0.02927060277236208,0.02442008970517273,0.17220507151267275,0.11731391271700871,0.06914688159632854,0.022841705066576273,-0.08455914772888051,0.1777645203884978,0.03170369502891216,0.26957372451240197,0.3177881645949327,-0.09709400783636528,-0.15160371163127953,-0.06813808348368577,0.32052010823449284,0.08323616969017229,0.042440759612318336,1.1900854992870322,0.17593651162566704,5.785769757686927
6.49,0.1605837784232,1.544346997286,3.3,21.0,0.3203232288360596,0.5338107943534851,0.6499999761581421,7.849999904632568,0.4770486354827881,306.6544189453125,129.1849212646484,78.86,1.51,42101.0,1310.02,57.39,30.39,23.13,2283.8,239.6050310170167,7.455580217403678,175.70999999999998,75.89,47.08,23.13,11.640145980325425,1.1288686636714582,52.2,686334.0,16.06716086336319,29.95130135865117,53.98150854710848,36106.0,32559.0,16815.0,12.881572327495135,5.887189901806822,5.887189901806822,0.6001059414337037,94.45,0.6699430145570089,0.2918287789479131,0.37534887977976966,0.17484146332623784,0.1518429062651184,0.09484630051670477,-0.11753067681244615,-0.11030418312105976,0.046004076223280066,-0.286875138746784,0.9056251048006576,-0.003396554655417624,-0.018767851386508678,0.008537223913316794,-0.05698539020007506,0.05784726168544715,0.01739996408722237,0.08936534326516332,-0.05742040181582345,-0.012845038017443855,-0.48557397084057036,0.07472843665925177,0.04591185348657952,0.07059097576075753,-0.005672379789923705,-0.055535119869209636,-0.19133681287329027,-0.0043203002630494884,0.1895024572633989,0.07987598050854812,-0.0616146201780677,-0.14031840989484845,-0.10803305172132431,-0.036186136843416795,-0.12214701320813437,-0.028192969062173317,0.009292585983613119,0.14208877409357643,0.0837351309899536,0.5220160981143597,0.09092938697913137,5.785769757686927
6.880000000000001,0.1336814520919,1.696561208858,4.3,25.0,0.3824531137943268,0.5343990325927734,0.5,8.850000381469727,0.4775192141532898,256.8768005371094,130.0,6.34,0.062,5772.0,77.0,1.413,0.9294,2.684,76.2,654.421768707483,8.73015873015873,8.82,2.541,2.176,2.684,2.417385883124235,0.1122410186812435,81.11,43475.0,1.100962322622737,39.02707551786005,59.87196215951721,72144.0,42390.12,23847.44,16.617634982053918,2.250591120086632,2.250591120086632,1.7613416385502103,33.95,-0.25443331757601056,0.04096799215499606,0.04981872997075502,0.1160344157595455,-0.03320735574890658,0.017209054385618223,-0.10438289225773308,-0.252954320607923,0.15896567775245352,-0.09212473147492677,0.1493850966425637,-0.008093879910478644,-0.22333107068317826,0.06410799918403498,-0.42293448419091445,-0.04326228193922695,-0.22672029721058976,-0.2903300837194965,-0.07794873671654523,0.2389660272274099,0.4787935340019593,-0.042164194403023436,-0.16468752861687364,-0.20052611455396496,-0.2262233701366093,-0.10470472275143221,-0.3996601068905335,-0.033756832721987075,-0.02126097918873941,-0.20596675269318818,0.33755798141565574,0.07963539825888562,-0.0861413310327273,0.13285715535464485,-0.046841129277715256,-0.039449825546056326,0.09134204696537633,-0.19494591319081286,-0.11682889128041,-0.017496268397104314,-0.153934445056942,5.7857697576869285
6.555,0.2860426071757,5.111696182713,3.0,22.0,0.289913684129715,0.3692471086978912,0.6000000238418579,9.050000190734863,0.3453976809978485,190.2931976318359,129.0,102.75,4.78,82098.0,1049.0,61.06,47.59,26.67,1144.0,402.7768238237748,5.1464455673845855,203.83,80.46,75.07,26.67,13.502993313811004,1.3571426592267275,41.38,826658.0,19.61414974691788,40.554352669645,39.83149758343712,37647.0,31064.0,14954.0,10.01000072751194,7.077667062460118,7.077667062460118,0.8315029869915178,92.59,0.7934847573188123,0.6395761924144258,1.0040894238677598,0.13879195900482313,-0.011979532725978551,0.17739719218015718,-0.08326067328957858,-0.16975471287765198,0.30102969615787445,-0.15686635248093328,-1.8936309987667144,0.08217905641802233,0.0967599910413055,0.07140820511303773,0.24666563753546702,0.1332129931710954,0.07707003370061545,0.4751062915645005,0.07723393441823807,0.13054314514157359,0.011594536934915708,0.31572100073280085,0.05068176123647231,0.07182721859918284,0.319989907499226,0.06273943328949809,-0.009679419588541757,-0.03470873601204564,0.005334653708302328,0.2345571620043109,0.16147144231374902,0.15433482117051245,0.36473340126074705,-0.01671709986141164,0.25241249191781734,-0.0038353385193418874,-0.043692417546647766,0.27883419652143854,0.1597408395839176,0.7180718379801533,0.3789498048624839,5.7857697576869285
6.6850000000000005,0.2234949169228,2.132437712,3.1,16.0,0.1741376221179962,0.2516548931598663,0.449999988079071,7.449999809265137,0.2513239085674286,227.1785125732422,127.3537368774414,113.44,6.47,113005.25,3048.97,56.37,31.11,33.02,4048.8,632.6927383685123,17.070544762331334,178.61,74.6,52.48,33.02,11.832260392384752,1.0136065476243834,41.19,962714.0,23.22925734100645,37.059541398199215,39.71120126079434,40450.0,30441.0,14677.0,7.420621787035737,5.286083690348805,5.286083690348805,0.6079000575173069,68.94,-0.10921983814131171,0.27728367289599193,0.14997746176041923,0.10569966552027195,0.021499237085604417,-0.23158890150972308,-0.04724705534050736,-0.24418686104618362,-0.14362922426314817,-0.036881925443646546,-1.124727177265247,0.00817081622458038,0.035498981462848654,-0.1335828943063415,0.11041702469048753,-0.25399440599740697,0.013085214605133197,0.0006238400825443099,-0.07453147563989664,-0.1830858916899357,0.09315213326900329,-0.4414753571046666,0.01940523940128706,0.026486077208235075,0.04979273188704344,-0.10532574792799188,-0.10870048523237567,-0.0016150697898814996,-0.003402948176738918,0.15010416089078638,-0.09077890164855577,0.06673308129132001,0.21238958406251132,-0.05012609705093093,-0.1677328496713377,-0.05823689989809455,-0.37220050451271103,0.03564814306268793,-0.009487842664887928,0.32189022285136415,0.010339865884779679,5.785769757686927
6.77,0.05802006594736,0.5796685970171,2.9,21.0,0.3063189685344696,0.4518246054649353,0.4000000059604645,6.610000133514404,0.4114596843719482,222.1938934326172,129.6773071289063,107.39,3.73,96920.32,2066.12,58.97,40.44,27.91,610.38,465.7391638635272,9.928495915425277,208.1,77.67,61.57,27.91,13.785865223981112,1.7056792964710272,34.96,786132.0,20.47490893033877,43.41481379464505,36.11027727501618,31295.0,29723.0,15547.0,9.581485948260582,8.895328795155292,8.895328795155292,0.8326497317534427,104.89,-0.0735558544748639,-1.475004407492021,-1.1355774682726876,-0.10793946828687234,0.002296888126925208,0.015359935859204032,-0.11115791438043598,-0.19779924684415276,-0.14929967493726448,-0.0994684551738137,-0.9374923494979677,-0.06878804214851027,0.0125419617360637,-8.804683824868247e-05,0.10312730760375378,-0.03259299177728462,0.020831705789629767,0.04860212257227995,-0.016161470145638013,0.10533952361113134,0.012221488208577288,-0.06020635737195892,0.011675802822723255,0.00248510540181468,0.014319075082151892,0.07456450566316401,-0.0768508569208013,-0.11640990459513827,-0.05984984253192982,0.08724933442116913,0.04767570579947574,0.027054355371590382,0.0983919036839887,-0.1295479550606011,-0.20844673507916125,-0.01639424151528988,-0.1275290796661131,0.03175607762735,0.01612312815749693,0.07318625706852194,0.011760995826874529,5.785769757686927
6.98,0.3480176247829,4.071637583559,3.0,24.0,0.1359964907169342,0.2086603492498398,0.300000011920929,7.559999942779541,0.2169282734394073,153.3260345458984,117.3640823364258,49.1485,0.47,15878.0,356.18,8.5477,7.134794327171835,0.953,926.17,282.58702925891646,6.339075959279561,56.188,19.8872,18.41727,0.953,16.5223150965168,0.404246719542003,47.87,256107.0,6.0117218158366414,18.174131902767638,75.81414628139571,45012.0,32296.0,14288.0,6.990829016588316,9.211165561563142,9.211165561563142,1.5733199943233478,43.22460681495,-0.4944227712506395,0.1459774581918685,0.23384744983397332,0.03888600398628258,-0.008643592955514845,-1.0673502315244,-0.16500878207953248,-0.11578394320074352,-0.13865442389581942,-0.1306728858377751,-0.8499097301386135,-0.08812371009237195,-0.09742832328620894,-0.024701338890556975,-0.13876635961513298,0.003188564354067669,-0.10853439864208986,-0.09754539640284453,-0.16441040552817648,0.05113218142608469,-0.12501414685821857,-0.014322031575258692,-0.04047042969246172,-0.05954139244242534,-0.06328912177321744,-0.1858901397356831,-0.02346873112754207,-0.008066198357839801,0.008873568309810065,-0.07484399859539306,-0.05906676136555092,-0.45734047911730374,-0.44180839717691106,-0.06724845604042198,-0.14842803554687764,-0.048636404432407576,-0.20916942996966384,0.009374578974439598,-0.06905964789439872,-0.09736502673220249,-0.09779874663615977,5.785769757686927
6.869999999999999,0.1145043187526,1.247618436804,2.5,13.0,0.1359676569700241,0.2386392802000046,0.2000000029802322,7.710000038146973,0.2409114241600037,249.9428100585938,131.9918212890625,94.5485,2.1563,46537.0,680.0,35.5076,21.2759,9.55653,702.0666666666667,383.5888559182328,5.60501153972964,121.32,51.283,28.768,9.556533333333334,22.96171465687948,0.7568755271663641,40.05,477450.0,5.7139813203593866,53.40210944990944,40.88390922973117,54771.0,36208.0,22771.0,14.874310622850874,16.990620933097066,16.990620933097066,2.7751741163370838,74.2,-0.20942061556164562,-0.23012134092221406,-0.026850250543993075,-0.26217230300967354,0.02034123648803639,-1.547469925324249,-0.15578813361383337,-0.4523060772573158,-0.13914534966876863,-0.14534436857455763,-0.4926303469420544,-0.05239607200634087,-0.037289943522971415,-0.10599916852747254,0.020661849533103942,0.06444236454781453,0.013390401884258515,-0.048333104595745024,0.035637634613255864,0.13422335196540316,-0.0547811575641689,0.032707857064457224,0.023136859978145186,0.024756778421417696,-0.05498775207437399,0.03437686830551384,0.03015112026700249,0.04797743438318066,-0.0005225425611487348,-0.0015648955183784248,0.00123491703126342,0.30175642203756864,0.12449395329044538,0.05773539251772384,0.08892995457104168,0.057817116665408584,-0.0037142157580260884,-0.0701816231614165,-0.1047375547229828,-0.5048285294814462,-0.043756924742208624,5.785769757686927
6.915,0.1822646103677,1.716971388361,2.8,7.0,0.3004625141620636,0.4256236851215363,0.4000000059604645,7.489999771118164,0.3904989361763,289.1892700195313,131.0277252197266,102.81,1.7645,47925.0,843.0,43.5255,20.1416,18.38,35348.0,294.8686396357596,5.186734756660309,162.53,65.61,36.45,18.38,34.437046921982514,1.6325084864460302,44.34,791032.0,14.2,49.0,36.8,60352.0,33354.0,19580.0,15.09150601532647,12.226414519989854,12.226414519989854,1.982933986704912,73.72,-0.5947145502875454,0.1838740744610106,0.14563042590497718,-0.2947415975572822,0.07795030695631522,0.06992342825696796,-0.13135662813043422,-0.34277937373372963,-0.32818979187214775,-0.2014537978215631,0.5603641096086841,0.0312770712366223,0.01610372649805447,-0.0013309883360977566,-0.0035432567955406466,0.017757215573263412,0.012040400576800928,-0.01587878795862885,0.04191758710880326,-1.4097901653259601,-0.21358036844725828,0.03943012596318666,0.02044096165095773,0.026746247060428423,-0.05164890487333459,0.05699557114355269,0.015551076807816052,-0.12017859680541298,-0.03535806563964342,0.058548469309825824,-0.05702605162300937,0.25539674380572785,0.13003576064406283,0.059875551278342286,-0.0908512781190867,0.005687006803909249,0.023509227988925557,-0.047218724050631954,-0.015636096891362732,-0.20504437490128827,-0.039839976326983516,5.785769757686927
7.01,0.1636396561405,1.491558335471,2.7,4.0,0.2174653857946396,0.3065177798271179,0.300000011920929,6.590000152587891,0.2952142357826233,255.7650146484375,133.0,69.61883,3.1667,31295.0,362.9812608948286,7.9764,10.4369,25.54,1008.69,431.0012394986916,4.999053310767506,72.61,11.98,17.16,25.54,29.247120158096035,0.4441104259190304,62.5,205105.42621421916,6.613355601948504,25.327743910925538,68.05890048712597,63992.0,36649.66,25491.99,8.611711314748359,6.341558665661586,6.341558665661586,2.4926882667224866,70.9,-0.7264774575541132,0.062193273048503896,-0.06520713454078912,-0.2485612316218091,0.018511658706261442,0.043238419861844034,-0.02582192285129159,-0.3439420030288843,-0.3375088299777543,-0.11960344217020957,0.20319486926159938,-0.034677495618452826,0.025689738269208506,-0.037237820941103617,-0.0809638755685016,0.043803268952045706,-0.0551963983449583,-0.08724447111707527,0.1393388809490228,0.0901063664417151,-0.05065446025907061,0.037261606397181644,-0.006692144931865725,-0.13463981942428924,-0.08683623766631987,0.11850978865390427,0.1582566086123549,0.04198688706587228,0.12229995294448633,-0.08241303912651499,0.08829194846901149,-0.3989089337490411,-0.3237194738920905,0.06371371484616417,0.043444270302736156,0.029537597871503785,-0.2602990995264484,0.07906952540166974,0.048467875088505995,-0.43182241798669735,-0.04881978059359915,5.7857697576869285
6.455,0.1959040303814,1.827906441274,18.2,0.0,0.4926227033138275,0.7589735388755798,1.799999952316284,25.32999992370605,0.6571788191795349,260.6069030761719,129.9587097167969,146.82,2.55,54240.0,1270.57,40.6824,30.2805,30.43,8784.0,217.9459876481201,5.105376724300736,248.869,82.267,71.105,30.43,21.438604752014506,1.7255172022880916,45.35,732077.0,19.4,31.7,48.9,35573.0,35134.0,17406.0,18.86276651066043,10.95257410296412,10.95257410296412,1.971747299884448,117.01,1.2089248205610996,0.5345617018658052,0.31762721774393704,0.2521553366911741,-0.2514597349410908,0.6679900692088486,0.8057732754152985,0.2174514056075222,0.43488330140040893,1.0235309647006277,1.111946033476052,0.1195118862168294,0.2498373799105449,0.03265326356330026,-0.012616901358386631,0.061000037271540464,-0.015052995976863937,0.033816667476860594,-0.12644939216236475,-0.9129334571874205,-0.11316521523884233,0.12221978963065723,0.10319856947290858,0.03901015402506151,0.23336340772192155,-0.1714806441451906,-0.025342389498723916,-0.2899249738803949,-0.04545557494730549,0.0590922573203135,-0.6698180576434352,-0.5068657795758632,-0.028300429707611114,-0.32253043341985643,0.2286276050951297,-0.1460245434408578,0.4837227047184702,0.09203127485915186,-0.09014177011044604,-0.5052737217622822,0.014350219981193716,5.785769757686927
6.93,0.05768797243834,0.6174817119731,18.2,0.0,0.4405795335769653,0.6189005970954895,1.299999952316284,25.8700008392334,0.5451204776763916,303.3760986328125,130.0,146.82,2.55,54240.0,1270.57,40.6824,30.2805,30.43,8784.0,217.9459876481201,5.105376724300736,248.869,82.267,71.105,30.43,21.438604752014506,1.7255172022880916,45.35,732077.0,19.4,31.7,48.9,35573.0,35134.0,17406.0,18.86276651066043,10.95257410296412,10.95257410296412,1.971747299884448,117.01,-0.531223168459543,-1.634341252806833,-1.6767902684216598,0.06810865340173188,-0.15685823396332807,0.025854044728331416,-0.03599810982674095,-0.07782216326472678,-0.05129997836237482,-0.03776926617727718,0.18175288484827398,-0.0066465033568196275,0.004456333766371741,-0.043471277460654344,-0.01909193757035285,0.009066514823057795,0.012053395451075496,-0.014402744857815156,-0.026765106721241837,-0.3211294599934337,-0.1720073586884274,0.020185675617883748,0.011431648817033338,0.011938780725834847,0.026263710083136133,-0.035212030990961034,-0.03558068059287773,-0.08505098279376717,0.011531723637721378,-0.027511178976714633,-0.25314622786918417,-0.08683753000903864,-0.07414580483245817,-0.02568311147415252,0.0072033326232944965,-0.010513480376531067,0.03274611562066629,-0.027162816926225086,0.008766796671028606,-0.2055018064931119,-0.10382376471287237,5.785769757686927
6.9,0.2105869040306,2.424899113622,18.7,33.0,0.7407733201980591,1.0,3.900000095367432,22.69000053405762,0.903842031955719,264.5146484375,130.0,94.75,0.975,80886.0,573.0,36.035,30.6179,13.697,2339.8,503.33227546810537,3.5656280919222656,160.701,59.489,57.403,13.697,44.04493523854282,0.7705005543685988,37.51,683165.0,24.81513784080998,29.71825110917296,45.46661105001707,37563.0,37438.88,16936.21,15.717915646179634,15.449625511761106,15.449625511761106,1.4422353381379165,70.17,-0.2821676432064226,0.488853715372687,0.49678826972104545,0.1359207292941421,0.02038605434340653,0.1304401888448495,0.17679600521106073,0.5282336983291602,0.3228992531712542,0.5213082240170613,1.1896878298233127,0.12520640128100627,0.16731719849679672,-0.0433294973140396,0.26375834545357457,0.10309879546580077,0.0036485607277170207,0.14333185119222347,0.15863711072398848,0.027434112173791842,0.08396276129856799,0.2685568636421492,0.07309434565561368,0.07259556016958224,0.11563413810308283,0.15199980429388815,0.41369827071700865,0.18940873366457214,-0.08622485266067888,0.20220879927074242,-0.5325594128421938,-0.29736821229499855,0.15815225862077345,-0.03113512321388316,0.21790696920301986,-0.001609734883496472,0.25869631632303053,0.028525914371463495,0.007003318970426757,0.21133296656790393,-0.047166878399167,5.785769757686927
6.83,0.3290345806553,3.357728492649,19.2,34.0,0.6673039793968201,0.9679861664772034,2.0,22.77000045776367,0.8380921483039856,263.8450012207031,132.0,156.23,1.87,97710.0,1060.5399999999972,71.1,36.2,12.67,445.0,463.12446677410185,5.026732391695883,210.98,98.81,63.08,12.67,11.72546549939368,1.018542407714805,36.2,633849.0,18.656421702718102,40.1694307582096,41.1741475390723,29464.0,31269.0,14895.0,17.562286116352706,10.924959818723158,10.924959818723158,0.0678323806069195,98.99,0.6693529313141084,1.6004173896558995,2.2611935944369885,0.16343280122872286,0.12462186177000938,1.2033541623146404,0.7445965513831764,0.5645268906641374,0.6210918506147707,0.8788832475864021,2.0298117635769826,0.24263654136363644,0.383007888893965,0.3167304730354978,0.2910410419519433,0.23888896638643523,0.27843576959248995,0.5843793095189127,0.27768265474011605,0.36008306397133644,0.1563366937380463,0.4620332445482452,0.07276831557038947,0.15400043398915106,0.4624322136803825,0.0993668544791962,0.47604260101912904,0.06017851416155281,-0.2930730131580734,0.2789002408385976,-0.08713684999720701,0.5516096733759317,0.8025402276927971,-0.06828647829305567,0.03716545160241432,0.011100423614106347,0.7241905283792825,0.19043313806902096,0.16880641218420664,1.5196449523225921,0.3517125441209026,5.785769757686927
6.76,0.1383364927277,1.36151947826,18.3,32.0,0.6368365287780762,0.8975669741630554,2.400000095367432,24.67000007629395,0.7680535912513733,306.6544189453125,129.1849212646484,78.86,1.51,42101.0,1310.02,57.39,30.39,23.13,2283.8,239.6050310170167,7.455580217403678,175.70999999999998,75.89,47.08,23.13,11.640145980325425,1.1288686636714582,52.2,686334.0,16.06716086336319,29.95130135865117,53.98150854710848,36106.0,32559.0,16815.0,12.881572327495135,5.887189901806822,5.887189901806822,0.6001059414337037,94.45,0.012448862351493784,0.20391881760293962,-0.05793754205396392,0.22152678116066915,-0.15889337540305037,0.22435972789235645,0.26727896882137236,0.4411405219666757,0.2520868406612615,0.485929426494498,1.0285277718027739,0.0031812619812690013,0.012617744152522814,-0.018874674801252045,-0.09430467857987046,-0.013805094866419601,0.012809803030249922,0.09939152079951492,0.03319362297787339,-0.0011085621844007705,-0.5293866507234377,-0.00940905325611241,0.09964395679554916,0.07881498470659554,0.06397376528147802,0.12108609631678686,-0.22657043598063029,0.003161832457449535,0.16620912614343744,0.06650596500715304,-0.12712369394618284,-0.3634535197366792,-0.12882760557050332,-0.10878774472901014,-0.14910910360615937,-0.04941667962165811,-0.08709792088036424,0.09144002937653821,0.1655536265138197,0.6339404449797116,0.12546143396083434,5.785769757686927
6.885,0.08938325883726,0.9556439068384,20.0,29.0,0.676328182220459,0.9666127562522888,2.599999904632568,23.77000045776367,0.827003538608551,256.8768005371094,130.0,6.34,0.062,5772.0,77.0,1.413,0.9294,2.684,76.2,654.421768707483,8.73015873015873,8.82,2.541,2.176,2.684,2.417385883124235,0.1122410186812435,81.11,43475.0,1.100962322622737,39.02707551786005,59.87196215951721,72144.0,42390.12,23847.44,16.617634982053918,2.250591120086632,2.250591120086632,1.7613416385502103,33.95,-0.17368572974158347,-0.4668619857536114,-0.5265598383221782,0.031771742488337994,0.024385031591514172,0.29087786565810897,0.31400614204886873,0.2805100104697686,0.2008255526465874,0.4276129882609419,0.39434170603364044,0.07636487615085012,-0.16147676308498346,-0.0638579198190495,-0.30212302161465204,0.02132400214066817,-0.26384436244712595,-0.057991729146287994,-0.05830267425096469,0.2941525468502897,0.36492947423989325,0.012180140253635138,-0.2510357533541599,-0.17045006740646887,-0.18050234284498515,-0.09545538244757472,-0.2996734307549925,-0.000320931489062722,0.12771696041118497,-0.11722989019521353,0.3954451405738901,0.11933335190331744,-0.19527170689491266,0.08464753465795379,-0.04585217967721585,0.049478122568502834,0.12235589336294862,0.03965063998043448,-0.09743764691627022,0.013707073104855971,-0.1601001266619603,5.7857697576869285
6.1850000000000005,0.2834978090305,2.721791227372,18.1,31.0,0.7229005098342896,1.0,4.800000190734863,20.29000091552734,0.8772516250610352,190.2931976318359,129.0,102.75,4.78,82098.0,1049.0,61.06,47.59,26.67,1144.0,402.7768238237748,5.1464455673845855,203.83,80.46,75.07,26.67,13.502993313811004,1.3571426592267275,41.38,826658.0,19.61414974691788,40.554352669645,39.83149758343712,37647.0,31064.0,14954.0,10.01000072751194,7.077667062460118,7.077667062460118,0.8315029869915178,92.59,1.2320758487825916,0.5196034882079502,0.5605216763576534,0.21177430257526839,0.013227460434409774,0.23853063450059556,0.31078189161968534,0.6131583990957455,0.3186508214867054,0.6086138997416759,-2.6929527645606384,0.22941361790339918,0.06537356502842044,0.1624287915034488,0.20545823145996658,0.153146896674618,0.11859787377015847,0.6094471796643032,-0.1105295917471268,0.2466337977954751,0.0011588053433481498,0.3954719145885121,0.05633149406968522,0.08847508326379742,1.112735816558784,0.08046288122603396,0.04982474666769806,-0.10029497225989958,0.01249616373993423,0.37778440625094384,0.5198673634912959,0.5095792426746859,0.8531894261856726,-0.11966479843976192,0.0012898317361140776,0.0728772254856976,-0.33123705735835424,0.22024044846046634,0.24263859230623555,0.7516674981657566,0.33575670009204156,5.7857697576869285
6.335,0.2632378178348,2.549147377755,18.4,25.0,0.3566314578056335,0.5036435127258301,1.799999952316284,23.96999931335449,0.4529148042201996,227.1785125732422,127.3537368774414,113.44,6.47,113005.25,3048.97,56.37,31.11,33.02,4048.8,632.6927383685123,17.070544762331334,178.61,74.6,52.48,33.02,11.832260392384752,1.0136065476243834,41.19,962714.0,23.22925734100645,37.059541398199215,39.71120126079434,40450.0,30441.0,14677.0,7.420621787035737,5.286083690348805,5.286083690348805,0.6079000575173069,68.94,0.6058860660438846,0.35849841895935436,0.1845339292514351,0.11236195345419693,-0.05352689957475928,0.07467187747363117,-0.13273222481557967,0.012712841255038096,0.13056599467926655,-0.17775384053964757,-1.3444575757075647,-0.0034809318957227386,0.09155878711365358,-0.13398902837952842,0.11226757217860676,-0.3699932482053352,-0.01051480102112338,0.07338832121005079,-0.13185184060943209,-0.2729258094038808,0.09349773321346748,-0.6852820434196031,0.014775477719233265,0.032712012837690874,0.05435267385754894,-0.15756256522312992,-0.05879804842011105,0.0014150597146018369,-0.029306944033902105,0.20063975604848938,-0.01804540493491591,0.022620603454331218,0.16181350524700347,-0.10150219904445641,-0.19376774414680575,-0.046102430573969864,-0.3134464282417198,0.048743282015682454,0.047383767359436835,0.3096375581449596,-0.003911138392087825,5.785769757686927
6.45,0.0752823382127,0.720559062291,18.0,8.0,0.4623614847660065,0.6657237410545349,1.399999976158142,25.68000030517578,0.5825790166854858,222.1938934326172,129.6773071289063,107.39,3.73,96920.32,2066.12,58.97,40.44,27.91,610.38,465.7391638635272,9.928495915425277,208.1,77.67,61.57,27.91,13.785865223981112,1.7056792964710272,34.96,786132.0,20.47490893033877,43.41481379464505,36.11027727501618,31295.0,29723.0,15547.0,9.581485948260582,8.895328795155292,8.895328795155292,0.8326497317534427,104.89,0.29710593356909915,-1.0051256145490068,-1.6657674135402798,0.1273261276302652,0.008246656701042299,0.15175374134651418,0.04326286189411601,-0.10205161289226417,0.04038072286712716,0.20345638219805665,-1.2660461572942754,-0.09742636123063264,0.014634963157219424,-0.04260052986795563,0.12313989441116706,-0.007676287387549459,0.03577449296952362,0.0669053850290241,-0.005584239673114555,0.16394033980499034,-0.03502633862237451,-0.06206668369967122,0.011822998246352282,0.03885461957057712,0.023224924766116706,-0.034668352984661345,-0.12109331472357392,-0.04621513124288843,-0.09714445603804754,0.10763502769783685,-0.03302882006340676,0.14532881751393167,0.1675816778607523,-0.15319039630470668,-0.1554367471380689,-0.06939798981572416,-0.19780999708106825,0.05922616483196349,0.06221748671815162,0.18042276720929148,-0.038973808834857404,5.785769757686927
7.055,0.126549624646,1.311102619606,19.6,2.0,0.5302199125289917,0.7814150452613831,1.600000023841858,24.65999984741211,0.6751320362091064,153.3260345458984,117.3640823364258,49.1485,0.47,15878.0,356.18,8.5477,7.134794327171835,0.953,926.17,282.58702925891646,6.339075959279561,56.188,19.8872,18.41727,0.953,16.5223150965168,0.404246719542003,47.87,256107.0,6.0117218158366414,18.174131902767638,75.81414628139571,45012.0,32296.0,14288.0,6.990829016588316,9.211165561563142,9.211165561563142,1.5733199943233478,43.22460681495,-0.6437143135471945,-0.17455382858200508,-0.06501310678439147,0.010204793607682408,-0.14920224094428525,0.08314384867802886,0.15852791729776133,-0.039577455409226026,0.06357971432630949,0.1703728137470957,-1.213652630612333,-0.12254165901689473,-0.11551919383446226,-0.07225920404494497,-0.1793201863928485,-0.002700235631872545,-0.11010382652770222,-0.16124179815967804,-0.22991057191541495,0.04690864758449403,-0.1898786032371541,-0.003532063723859826,-0.05161162646202847,-0.07112510103573536,-0.14798918392018573,-0.16766834420795082,-0.11221630251081625,-0.06549750594838577,0.021712938849075405,-0.08432980310289173,-0.08508461888903895,-0.45106808631599654,-0.5797260497505798,-0.08513795490859068,-0.19713909225571294,-0.04110288833433318,-0.24298738948088114,0.019173053680353307,0.01895143197916614,-0.04909774577301045,-0.14773282005502103,5.7857697576869285
7.12,0.1467348950418,1.467844401516,18.2,18.0,0.6687385439872742,0.8945724964141846,2.299999952316284,26.07999992370605,0.7656580209732056,249.9428100585938,131.9918212890625,94.5485,2.1563,46537.0,680.0,35.5076,21.2759,9.55653,702.0666666666667,383.5888559182328,5.60501153972964,121.32,51.283,28.768,9.556533333333334,22.96171465687948,0.7568755271663641,40.05,477450.0,5.7139813203593866,53.40210944990944,40.88390922973117,54771.0,36208.0,22771.0,14.874310622850874,16.990620933097066,16.990620933097066,2.7751741163370838,74.2,-1.3592678733675416,0.15886176983052183,0.023118176076610153,0.15028498093154022,0.0542623502366516,0.28790132068105484,0.10107588239358178,0.2610111160644316,0.003932467746835385,0.3538401704130416,-0.6645075732707396,-0.06782821853115954,0.050867652499699455,-0.024665717342733668,0.028856035509358186,0.11082703908055962,0.04865186522546816,-0.00782553914992242,0.040555853673267604,0.16975539104772283,-0.09027656725289772,0.14539261567762418,0.06820083999731559,0.010813566484466297,-0.02497783771569832,0.05722772543128366,0.10873287669901403,0.034363040618477024,-0.04170273490809725,0.058972818187368915,0.19253207116663984,0.4958688331660381,0.33251205138637413,0.06024183899702148,0.2959411185661332,0.08583395092232855,0.2167783090749079,-0.2387153453804769,-0.05752248464579379,-0.7472323137719027,-0.03578783532889063,5.785769757686927
6.41,0.08634544989243,0.9901605200162,18.6,18.0,0.5740424394607544,0.876735508441925,1.600000023841858,26.56999969482422,0.751388430595398,289.1892700195313,131.0277252197266,102.81,1.7645,47925.0,843.0,43.5255,20.1416,18.38,35348.0,294.8686396357596,5.186734756660309,162.53,65.61,36.45,18.38,34.437046921982514,1.6325084864460302,44.34,791032.0,14.2,49.0,36.8,60352.0,33354.0,19580.0,15.09150601532647,12.226414519989854,12.226414519989854,1.982933986704912,73.72,0.875460730302111,-0.8877499952607795,-0.7441777004255427,0.20867126747519357,0.1446643518940134,0.3242740858037238,0.3705179595041508,-0.01935022840161038,-0.08019009589681396,0.4708843005733075,0.7526563240467293,0.058219638997636235,0.014421947833085222,0.027002300405504148,0.0049082082622884755,0.008262212661271287,0.01585955749044517,-0.006199992896763022,0.0441800595084092,-1.4434928021118865,-0.27327577002430187,0.060919959035771555,0.02115599797083349,-0.012576368314412112,-0.011758900972209144,0.03891559138004863,0.007327575086014078,-0.1371208302293616,0.005989049390253946,0.034921533472204426,-0.07369444834187178,0.3118867599555461,0.11240569084229934,0.042376380852679585,-0.045606355047077995,0.027336397163979103,0.034911777998485105,0.024557900577369396,-0.03372090342326539,-0.29571082821595446,-0.025312612713017435,5.785769757686927
6.635,0.2163291263279,1.973026965186,18.8,32.0,0.444529116153717,0.5849077701568604,1.100000023841858,28.04999923706055,0.5179262161254883,255.7650146484375,133.0,69.61883,3.1667,31295.0,362.9812608948286,7.9764,10.4369,25.54,1008.69,431.0012394986916,4.999053310767506,72.61,11.98,17.16,25.54,29.247120158096035,0.4441104259190304,62.5,205105.42621421916,6.613355601948504,25.327743910925538,68.05890048712597,63992.0,36649.66,25491.99,8.611711314748359,6.341558665661586,6.341558665661586,2.4926882667224866,70.9,0.1656470324329404,0.291020368254653,0.1052618881565146,0.03442129594069506,-0.08000075163780791,0.12341964457899017,0.016421434404166806,-0.12541213034318324,-0.044491893599832265,-0.154360980581811,0.30293217802362055,0.01751922772767704,0.014695376257346182,0.009561313428298726,-0.13659853238029127,0.07615312962268546,-0.11419833168281705,-0.06815633428216734,0.01832313221473018,0.12157181783372402,-0.04705883602930231,0.07165146379562026,0.06036070550876008,-0.116175424676547,-0.1322218678270605,0.03755422897493599,0.1464406775564634,0.0023221546908054336,0.05716502262659865,-0.05884504222386585,0.10777542383176993,-0.2820252600532676,-0.3494370740015422,0.04850470081643502,0.045592233669392655,0.04866720686034576,-0.2509544792146623,-0.034556133221524656,0.0009546210498971494,-0.3870533196100315,0.008521536813564157,5.7857697576869285
6.15,0.2126568435834,2.075193026483,28.6,69.7,0.5422480702400208,0.0557925328612327,1.799999952316284,34.95000076293945,0.092973805963993,287.2151489257813,132.8357696533203,126.195,0.9478,45899.0,1702.0,58.722,16.8508,16.87,882.0,223.4017181377917,8.284052468910467,205.455,93.926,30.942,16.87,33.16205965449566,1.7174502122943875,39.64,605389.0,14.2,42.9,42.8,42227.0,38884.0,17032.0,18.34775726355647,14.769191834162667,14.769191834162667,0.4028414498141264,119.4,0.5741361352795381,0.3734934504039536,0.2608180635085468,-0.1588142847107311,-0.23744636135495933,0.3852953909963135,-0.3882329504746955,0.09139181872912198,-0.45086258012691993,-0.6138091174083885,1.0435540523819558,-0.02181196147346705,0.07755813737419541,-0.04185976695226153,-0.04883590057542405,-0.10100892131503188,0.05290977236458957,-0.14566420267525482,-0.05790885438121814,0.13356567191183702,-0.4600391423158199,-0.17419644249416386,0.07208931849516816,0.043732465198574245,-0.11626576725925745,-0.004562495327187888,0.05283883801886491,-0.32483524618924736,-0.007845149076858293,0.023071037549135604,0.07938909812427293,0.024486318617540286,-0.04818685588023097,-0.06173373586290724,0.048081807320791516,-0.0016593242720433314,0.17605281717870835,-0.019694550250415704,0.039073135172292606,0.5056077083138638,-0.019880009401922544,5.7857697576869285
6.41,0.1613072752335,1.63910553182,28.4,307.4,0.5387269854545593,0.2874916791915894,1.600000023841858,33.0099983215332,0.2789454460144043,386.3236389160156,130.0,97.05,1.21,106381.0,2590.42,55.63,35.38,21.39,6084.07,610.4028000918064,14.863552903373884,174.27999999999997,73.07,53.35,21.39,11.545413701275482,1.3286396630675812,42.31,858592.0,16.673582357043852,41.11565010222189,42.21076754073426,42877.0,31410.0,15449.0,10.182451797210655,6.929020407132105,6.929020407132105,0.954641587443107,92.11,1.011600683708578,0.3163171470056452,0.3732794403904529,-0.20454495778464418,-0.22420332712557825,0.4169121454058746,-0.0027583696725663742,-0.08315710680363386,-0.046574499526978785,-0.03474324355862701,1.7770453355846387,0.21728392539679717,0.10447017984696443,0.03748618120133621,0.5039348231937767,-0.31456498929888044,0.06464657862819445,0.31712748073909053,-0.052383529324348865,-0.7914953693266708,0.46587270201604963,-0.7897606496740543,0.04217438783545191,0.05990471046923015,0.1281669336516801,-0.1493573747312417,-0.11066701239263181,-0.15026167621454226,-0.019829905016903588,0.17434038746212957,-0.17177472272340588,0.176272282622276,0.098115996221063,-0.06391077460341044,-0.16345575235060092,-0.02878495514872152,-0.2998928553297752,0.1420541339462261,0.1032420542925357,0.3430229173440746,0.17087172055263303,5.785769757686927
6.525,0.1198617483758,1.10340131925,28.6,210.4,0.4101231396198273,0.0063340114429593,1.5,32.63999938964844,0.0291978325694799,255.9736328125,128.0220336914063,142.4267,0.98,46210.0,1116.0,70.9324,18.6665,13.388,492.0,207.0155004031897,4.999552011468507,223.22,96.741,33.206,13.388,36.02947095994996,1.9691703020360272,44.56,503654.0,12.3,40.9,46.8,38937.0,39286.0,17168.0,21.03691766650654,16.933855628952,16.933855628952,0.4061223048327138,136.9,0.4257671942881336,-0.33738626304677094,-0.11555650413895613,-0.08919757550392753,-0.09877554936333928,0.04712958534232211,-0.37531543621350316,-0.020651416746806966,-0.06623334856433498,-0.5931171037090208,0.4888089370899582,-0.08083566926792811,0.08664074682988869,0.0007570817628299586,-0.02870509733499153,0.02553686322620304,0.07755883900313769,-0.06448351562965615,0.056779109044510445,0.2852789074508992,-0.3450651980710957,0.1276616875821699,0.06246631769081638,0.05117548712507506,-0.046944237735185045,0.12465468266375979,0.23393969802683764,-0.2132085095245826,0.03059690585521065,0.06649919012469215,0.1390052298214232,0.07924126590674126,0.029833872291766966,-0.0306715553390348,0.030405555973834247,-0.015845533410112706,0.21059146939279685,-0.01822008443423828,-0.07283321745015381,0.37650696670127726,-0.07348380215680887,5.785769757686927
6.565,0.06248309925259,0.8169352225608,25.8,149.9,0.2579099237918854,0.2387939095497131,0.699999988079071,35.20999908447266,0.2410351186990738,55.81299209594727,28.23225402832031,156.26,3.7,71109.0,604.0,25.5392,19.687,6.87,4046.0666666666666,639.9701205079514,5.435907589570977,111.113,48.363,43.95,6.87,30.453854606755456,0.8473062281162614,50.12,299186.0,8.188156481532047,41.53969380882165,50.2721497096463,56528.0,34807.04,22100.67,29.449202691670408,16.989687864542002,16.989687864542002,4.19935794066213,97.31,0.20973164978083245,-1.369159488657038,-0.8654740468743495,-0.09730490105604316,-0.08215751036617983,0.024472514871195655,-0.1189990785565544,-0.1104508906605796,-0.1752459515404352,-0.11804781835917579,-1.3037812272544962,-0.1012709733211644,0.03478038274288667,-0.0924719803056564,0.04394052214210253,0.05092392760295871,-0.004918155749527531,0.018846290198005416,-0.059444778900200175,-0.08014143270001504,0.09069728611541546,0.049676246050422805,0.004426413416274764,0.004516243338919017,-0.016008494828758296,-0.013060481479708896,0.022527448408768923,0.0006149444246324002,0.0603278728035947,-0.06574719869547634,-0.07385128607211779,-0.0148931320116417,-0.05394696971822513,-0.05951398653204915,-0.15818029098673705,-0.028800586725816656,0.3849435330413918,-0.04952628704937987,-0.09843200074694491,-0.7831232787205066,-0.029337432801034947,5.785769757686927
6.25,0.173983982049,2.03767651465,27.6,218.7,0.4115930199623108,0.2535823285579681,1.399999976158142,32.68000030517578,0.2528658509254456,267.5724487304688,131.7989349365234,94.75,0.975,80886.0,573.0,36.035,30.6179,13.697,2339.8,503.33227546810537,3.5656280919222656,160.701,59.489,57.403,13.697,44.04493523854282,0.7705005543685988,37.51,683165.0,24.81513784080998,29.71825110917296,45.46661105001707,37563.0,37438.88,16936.21,15.717915646179634,15.449625511761106,15.449625511761106,1.4422353381379165,70.17,1.2889439732670025,0.4051575735522255,0.3670580477804715,0.012903185069392734,-0.10640583705335982,0.24742972032334878,-0.029193866408905533,-0.07440526721117487,-0.0617140800629444,-0.10487338734590594,1.2922976162484343,0.0060822673955833,0.3167249721025505,0.013506801022784195,0.20671130670052654,0.06559277130874008,0.014047344917037297,0.14032576373986153,0.19280779708386775,0.08112907331214991,0.24216663822247697,0.20383313489132485,0.06514512491386222,0.07675565531738611,0.1377653204452783,0.11139751998086656,0.8322290887133826,0.17392673497388814,-0.07757523104964366,0.188625256848432,-0.22492753304942803,-0.19725309616959433,0.25157703395388925,-0.08391517070143546,0.47862040033726777,-0.0021150640011122026,0.16791783851369715,0.003067585354977753,0.03322005317619747,0.18031227521602478,0.04704848117452132,5.785769757686927
6.695,0.1274662076636,0.9835741501016,28.0,453.1,0.3051283657550812,0.2235206067562103,2.299999952316284,34.84999847412109,0.2128068059682846,332.4620361328125,129.8257904052734,121.17,1.24,111887.0,1972.8,69.36,49.35,35.98,2447.2,484.1916219491085,8.537303098494027,231.08,91.11,77.42,35.98,15.308206323678789,1.4921568515595265,37.51,1010017.0,18.514367546917764,44.48838459533429,36.99724785774794,40876.0,30965.0,14316.0,9.36200276864403,7.781782798224389,7.781782798224389,1.0236131895309892,95.51,-0.10342434796611329,-0.24026872910343408,-0.751376699656281,-0.19020665091778302,-0.0618499310278966,0.051458382150963246,-0.09880272037536235,0.23187969400174033,-0.3160735972237758,-0.15217437762079322,0.8837696223416853,-0.0060154059515544755,0.07684084763330445,0.021531431394121836,0.33071940448858667,-0.09275463080931086,0.09449388144360411,0.2177833795953749,-0.0801551820988869,-0.05373882045744016,0.10485475563334012,-0.050864703098329876,0.02893216326745492,-0.015899237256913706,0.2201250405607679,-0.0779189933073678,-0.09743777677889298,-0.1003981810150727,-0.10149520541472183,0.00214666967458658,-0.26388418345883397,0.16446964300639363,0.05966436964503393,-0.026612543919732223,0.1687135888824535,-0.21463572425288932,-0.2601317031909223,0.08143680027033857,0.09341911922097179,0.29158195129122216,0.09630206190586099,5.785769757686927
6.7,0.0676377974555,0.9316349549353,27.5,221.9,0.6179741621017456,0.1523949801921844,2.799999952316284,29.75,0.1719159781932831,158.2906188964844,116.0,41.8,0.9984,37631.0,382.0,12.2266,9.8512,4.991,6472.866666666667,481.9852705731668,4.89273134806276,78.075,30.563,28.728,4.991,21.398798506227283,0.8755846807233554,35.03,369846.0,16.504901960784316,31.65686274509804,51.83823529411765,26213.0,35691.1,13158.53,16.539135979595088,17.556710821702243,17.556710821702243,1.1884593356762363,77.55,-0.19615210372851966,-0.7691915879733647,-0.7032601551671672,-0.09344522939991991,-0.08853517344416649,-0.013069094816057883,-0.3390388085289994,0.06440356153955655,-0.0882747939746289,-0.16020811579744323,-1.0777867318820016,-0.05508049460547787,-0.11282853123915389,-0.039875571949106625,-0.052498896824385355,0.02922612822183035,-0.016937389349261187,-0.09695413134179216,-0.1480920538396246,-0.30437538047537627,0.018606363943534366,0.0037540982792229984,0.010457680323380484,-0.034056581299359734,-0.08709612999928623,-0.030155699033112455,-0.06405370177316938,0.012733644178314343,-0.13735552480973431,-0.1753230532084763,-0.10606734679415986,-0.18750774703363024,-0.10551408459710347,-0.29091949735516515,0.023143964410675132,-0.13905849035299014,0.07942722617665578,-0.14307870358284763,-0.14874568720472073,0.03193143747107982,-0.035523521946726526,5.785769757686927
6.640000000000001,0.2558848001299,3.503101136478,27.7,219.6,0.4768135249614716,0.2010269314050674,1.600000023841858,35.20000076293945,0.2108215540647507,148.6543884277344,68.14414978027344,50.1,1.306,41383.0,353.0,16.046,12.1913,6.776,670.2,631.7050831934056,5.388490306823385,65.51,26.747,24.969,6.776,17.9549829028876,0.4442509992904584,49.43,209556.0,6.020172305106115,47.59403235973944,46.38579533515444,76037.0,38605.82,21713.2,14.86650338874155,8.90786065415315,8.90786065415315,3.334605630605978,50.07,0.2537601098230586,0.2909936362252767,0.4829366914104139,-0.16390267098252065,-0.1292627341065076,0.19853171290559646,-0.12246176565624996,-0.10973388838932645,-0.44834789181829454,-0.26452264256002495,-1.6365887991581924,-0.059053817755067795,-0.11050247608866408,0.0568999307290237,-0.002948064275165474,0.0922850569140699,-0.02177978906393252,-0.09675101094967568,-0.0973044389413296,0.2228222199034994,0.2476090664476787,0.1083635554014896,-0.1695899448899024,-0.1394151420348708,-0.20506390086686274,-0.07207570846766002,0.07711668290483169,-0.050438003297611465,0.08415039237379514,-0.19906481532758225,0.15602403998810974,0.331697018574642,0.030251118709239206,0.17562259758686738,0.31683237782863966,0.09418509085887627,0.0464787674221863,0.05865774176811759,0.14541592033869122,-0.7309928183951562,-0.17155897029347741,5.785769757686926
6.734999999999999,0.1139399067812,1.809336543191,27.8,320.3,0.398882657289505,0.1910979747772217,2.0,32.47000122070312,0.2028783857822418,197.2183074951172,97.66290283203124,79.7603,1.3218,37783.0,436.0,32.0201,11.986,14.3018,1405.4666666666667,317.1284444481749,3.659529465087586,119.14099999999998,45.663,16.368,14.3018,22.549304697785008,0.6391463480032891,44.35,477241.0,11.4,37.1,51.5,71561.0,34380.0,21443.0,14.98400185022494,14.347792906389309,14.347792906389309,1.8324918038196647,67.5,-0.21103016434348143,-0.33407103175026576,0.1022068133429046,-0.13345716870841096,-0.0042448686623455245,0.11399337535495575,-0.12292378980885472,0.17197916463352128,-0.14022156833282273,-0.15112438934316105,-1.2948536274407851,-0.0340073411899432,0.07004380044738016,0.0875614064628264,-0.0030892595866172843,0.10149951248922966,0.08992257826541272,-0.08060887253701092,0.19761914864868413,0.12306403878149656,-0.11521653775309786,0.23980985130938182,0.08022424903078902,0.0996244554254524,-0.07997579378346338,0.09380667876469333,0.08407729468703447,0.10132459017241857,0.11199859917700376,0.015195413288187446,-0.0215814670047532,0.06856191374651766,-0.07972497291793752,0.5565285627518252,-0.09142577784729804,0.0999624785675401,0.2170521552751522,0.053343323758364515,0.004998560755477814,-0.14970146613909396,0.07469850382122072,5.7857697576869285
7.0,0.1451085078067,1.316145153978,27.7,447.3,0.4844832122325897,0.2686246037483215,3.0,31.1299991607666,0.2648997008800507,294.9383544921875,129.0,107.39,3.73,96920.32,2066.12,58.97,40.44,27.91,610.38,465.7391638635272,9.928495915425277,208.1,77.67,61.57,27.91,13.785865223981112,1.7056792964710272,34.96,786132.0,20.47490893033877,43.41481379464505,36.11027727501618,31295.0,29723.0,15547.0,9.581485948260582,8.895328795155292,8.895328795155292,0.8326497317534427,104.89,-1.3708469875282396,0.1391242116244147,-0.04479293588711127,-0.07020278125103781,-0.1063940879536951,0.2633187601625014,-0.06638235040828337,0.35816743233007414,-0.03303268100373957,-0.06706302818365388,0.5217227701182335,-0.04724364045322704,0.06789719842747521,0.062434056006386594,0.300009354130445,-0.25442949319524333,-0.00041746227159004484,0.156844692307325,-0.05350472872275199,0.2598687977655519,0.022806382139420805,-0.25607581833497794,0.02628306798021396,0.008446618411580786,0.19616354444383752,-0.008497465961255446,-0.21295896772655198,-0.41499793520615214,-0.18566528120508596,0.007817924591402922,-0.25306389004550334,0.00977818832017093,0.18101236275539448,-0.1194727595132632,-0.31603577838772573,-0.12011955876902902,-0.3188108006697441,0.15844659701222363,0.1533021553946068,0.24192498206626645,0.022824241465559243,5.785769757686927
6.984999999999999,0.2165105769995,2.120223873569,25.8,149.9,0.3598625957965851,0.3565589487552643,1.899999976158142,33.97000122070312,0.3352471590042114,260.8031616210938,134.8762664794922,156.26,3.7,71109.0,604.0,25.5392,19.687,6.87,4046.0666666666666,639.9701205079514,5.435907589570977,111.113,48.363,43.95,6.87,30.453854606755456,0.8473062281162614,50.12,299186.0,8.188156481532047,41.53969380882165,50.2721497096463,56528.0,34807.04,22100.67,29.449202691670408,16.989687864542002,16.989687864542002,4.19935794066213,97.31,-1.101342640583591,0.30675934567621077,0.12273640676773494,-0.16429695189303237,-0.14206346633905967,0.07065498245976838,-0.10296091145262765,0.01038039585564173,-0.23361409605412733,-0.18886971974498468,0.8072644683405791,0.0828028643130636,-0.013938302699172622,0.05820883654219511,0.12615427704516516,0.1030111685805926,0.029527925061215116,-0.04282776755740658,0.00716636875181816,-0.0963758031078837,0.18464866727195395,0.10206733132441277,0.021240497140142905,0.059670290726794896,-0.014338477385627916,-0.030415407450561704,0.12607887943650042,0.03784689105848027,0.03887418727948614,-0.0787249587140576,0.12650017988054132,-0.05502913145252767,-0.08774265859708268,-0.013590005593700605,-0.10846512636835619,0.0479503000039612,0.4717043940937243,-0.0647844949041203,-0.10153248235770566,-1.2660069010169055,0.03345528686085775,5.785769757686927
7.115,0.1365566168923,1.569686265859,27.7,289.9,0.6096546649932861,0.1284908801317215,2.900000095367432,32.18999862670898,0.1527927070856094,219.2985229492188,131.0,86.2176,3.9735,25523.0,815.0,31.1163,21.4397,6.37807,471.8666666666667,209.2032032524324,6.680273112515471,122.001,42.695,30.889,6.378066666666666,23.090604598202717,0.495701072671828,46.74,578032.0,13.2,34.4,52.4,70896.0,35317.0,22722.0,12.79694947845151,11.127680470035047,11.127680470035047,1.418914034866713,54.7,-0.916311922390141,0.16784961794521325,0.016610449208688777,-0.07763909051620284,0.043161300106627366,0.192550380457901,-0.28022968148777855,0.45766082011411074,-0.09507203774904889,-0.23093471537364238,-1.7695563220949906,-0.040446914935557375,0.021506617582894367,0.1324134640861767,-0.08241456314746014,0.08541238315514905,0.06722856679818019,0.014719579991059143,0.03900947523141255,0.18559335796714405,-0.19084174178047483,0.03235420189950544,0.05403447306026443,0.01895409913535066,-0.07113491386237003,0.02648033247134925,0.04291630681650568,0.13056255185947485,0.07378474701454944,0.0445632287071176,0.06967185822933468,-0.0289687955752946,-0.1009841365852681,0.20889190269466631,0.13163259363091617,0.06846201238455281,-0.10541649168350072,-0.018028650922363127,0.05541365807207602,0.06610178924239685,-0.05364444832276516,5.785769757686927
6.855,0.04223930043189,0.4588025554773,25.7,191.4,0.3535537421703339,0.4277059733867645,0.8999999761581421,34.5099983215332,0.3921647965908051,275.0,128.1002197265625,69.4828,1.3569,21994.0,591.6353864032538,9.1363,9.5518,2.36,1603.85,381.11245884595394,10.251869457689375,57.71,25.24,23.82,2.36,23.245438704361963,0.4724934230642314,61.4,189959.29356481816,5.960707881876988,46.25281304491967,47.78647907320334,66835.0,38481.79,24326.61,8.747788017238738,6.746846249557248,6.746846249557248,4.849428335338578,73.3,-0.22468944015455858,-1.2757892334582566,-1.1011218848566255,-0.11922175732499811,-0.1277402378156033,0.029766337991863862,-0.09746066008373433,-0.08598888863591529,-0.1769801455374902,-0.09376252071824785,0.22996970725565866,-0.09360512887743833,-0.0034762995133570027,-0.023718294662764223,-0.1565657755925214,0.012158473297052488,-0.11774101663096771,-0.1125400019935463,-0.1306118799516918,0.03260018648953433,-0.13064040596237006,-0.04214766156649832,-0.038869652475629436,-0.057881461147543424,-0.11301359744479966,-0.16451846554281566,-0.02894944438549694,-0.02218580073074102,0.02655677249906424,-0.043362984769064895,-0.05120520002538268,-0.0051615042455828986,-0.08856083189910206,0.02166037286199023,-0.03910888214074004,0.01721895016696462,-0.1763716174224037,-0.055810542264996425,0.03591677069579197,-0.692741955560852,-0.015525382181975514,5.7857697576869285
5.555,0.2521590479137,2.278178500774,3.8,17.0,0.2121531069278717,0.277606874704361,0.449999988079071,8.529999732971191,0.2535617649555206,287.2151489257813,132.8357696533203,126.195,0.9478,45899.0,1702.0,58.722,16.8508,16.87,882.0,223.4017181377917,8.284052468910467,205.455,93.926,30.942,16.87,33.16205965449566,1.7174502122943875,39.64,605389.0,14.2,42.9,42.8,42227.0,38884.0,17032.0,18.34775726355647,14.769191834162667,14.769191834162667,0.4028414498141264,119.4,1.1001559955079523,0.6712953609661492,0.7236581993549643,0.14072894374476172,0.14611815520563898,0.06564014522393229,-0.055702457196924536,-0.4332665020945201,0.3280700661570906,-0.16117127901732084,1.261917089313896,0.0045115132815828725,0.1746332175367835,-0.014693979958143588,-0.06924173252492645,-0.10237482760299017,0.12168422716300238,-0.17880989472065814,-0.031637205133749534,0.2181845278250524,-0.5016771002200209,-0.12388165826251456,0.0020868340107468666,0.07188063056610061,-0.21158018330732564,-0.08783840620048933,-0.003747626656841622,-0.46454903244580265,-0.02381903432177242,0.05782147864788715,0.02901080141990353,-0.010238400754850089,0.016304809538422022,0.012480701898430832,0.01461679697316661,-0.0026053548288351713,0.17287402292538676,0.0032403757767496266,0.0212102038304632,0.5544967672003137,0.013910304830877221,5.785769757686927
5.904999999999999,0.1922570584841,1.951581635845,3.6,21.0,0.4531041085720062,0.4497370719909668,0.8500000238418579,8.210000038146973,0.409789651632309,386.3236389160156,130.0,97.05,1.21,106381.0,2590.42,55.63,35.38,21.39,6084.07,610.4028000918064,14.863552903373884,174.27999999999997,73.07,53.35,21.39,11.545413701275482,1.3286396630675812,42.31,858592.0,16.673582357043852,41.11565010222189,42.21076754073426,42877.0,31410.0,15449.0,10.182451797210655,6.929020407132105,6.929020407132105,0.954641587443107,92.11,1.5062721665025658,0.5189386163220978,0.4323848230820144,0.24904652475282374,0.0280205670255802,0.32104980645686737,-0.15598850411365003,-0.07920979119311045,0.2605799813605911,-0.36642920536599827,1.7555286755783077,0.3107724305274428,0.04545162578855081,0.08210425124152436,0.4456503814327745,-0.37985448843592856,0.045178494884229835,0.3245750036964164,0.011390749516391852,-0.6845391730055411,0.3337264195489666,-0.7133131863474774,0.0652072922348755,0.04026485026982255,0.19180588756269135,-0.045835796140368,-0.1252789183138999,-0.08011151100808671,0.04748310462544877,0.18406358191848646,0.015055465896755956,0.19759612753828085,0.13890237240329747,-0.03561698262734114,-0.21525991305708217,-0.031764361422330266,-0.2521662578019019,0.21283644608240895,0.2141404111991224,0.5140076725001559,0.2186176019077232,5.785769757686927
6.425,0.1813929308748,1.649603096967,3.9,17.0,0.1429540812969208,0.2226490825414658,0.4000000059604645,7.519999980926514,0.2120927721261978,255.9736328125,128.0220336914063,142.4267,0.98,46210.0,1116.0,70.9324,18.6665,13.388,492.0,207.0155004031897,4.999552011468507,223.22,96.741,33.206,13.388,36.02947095994996,1.9691703020360272,44.56,503654.0,12.3,40.9,46.8,38937.0,39286.0,17168.0,21.03691766650654,16.933855628952,16.933855628952,0.4061223048327138,136.9,0.30694844660418324,0.2274373911227028,0.1212612721249184,0.08397654403742587,0.0710302451737399,-2.041382125612405,-0.20184132356551657,-0.3668488618198838,-0.38663320605380447,-0.14708568047621687,0.06974296941157343,-0.08846650724110394,0.17335682003596473,-0.008596557349482467,-0.018007187501851818,0.011560483127256141,0.04675443463453991,-0.055511503248754236,0.09576744392126724,0.1903193066015674,-0.3301068347709517,0.12830568507935633,0.023984938670764715,0.05259466191999932,-0.04037638119719944,0.0796084927870323,0.18541515029948916,-0.3198861759213163,0.04440913078002321,0.07158869309629967,0.01775642701018883,-0.0018567159552599726,0.041024899607799016,-0.02485235093927411,-0.007293783927111368,0.008008609354451432,0.1486167296270168,-0.062683519302688,-0.027435054742333504,0.24474002077405754,-0.07503027500255681,5.785769757686927
6.785,0.1153866267697,1.123266199194,3.8,6.0,0.1045826151967049,0.1064843088388443,0.2000000029802322,8.489999771118164,0.1351874470710754,55.81299209594727,28.23225402832031,156.26,3.7,71109.0,604.0,25.5392,19.687,6.87,4046.0666666666666,639.9701205079514,5.435907589570977,111.113,48.363,43.95,6.87,30.453854606755456,0.8473062281162614,50.12,299186.0,8.188156481532047,41.53969380882165,50.2721497096463,56528.0,34807.04,22100.67,29.449202691670408,16.989687864542002,16.989687864542002,4.19935794066213,97.31,-0.1335377498767943,-0.21010305969171325,-0.15218345290112445,0.04532299696647718,0.01525928717485304,-1.582662768631024,-0.37598332160479736,-0.3208103093975601,0.04615355729962781,-0.2621674070782142,-1.1319160776979953,-0.07658186639184207,-0.02026175455368252,-0.039045187678813244,0.046499402296204966,0.06563669175413549,0.0048143112229796226,-0.025194654529873756,-0.043957656271450006,-0.2266489961901292,0.11000630359818579,0.03151261369213836,0.030078056645498147,0.007930154875274162,0.010193083887831134,-0.015514167204170703,0.06624645346483715,-0.03402552096783303,0.029119247379324198,-0.06922417856518863,-0.09154015420036914,0.027335481147339257,-0.08390026033989384,-0.011321979782013594,-0.08749411029976219,0.02738124212159886,0.24293710189008913,-0.07711408384500722,-0.030540765284770743,-0.8684095087595848,0.020427156429997224,5.7857697576869285
6.415,0.1007544961211,1.136353011331,3.0,27.0,0.2895459234714508,0.3809801042079926,0.3499999940395355,8.6899995803833,0.3547840714454651,267.5724487304688,131.7989349365234,94.75,0.975,80886.0,573.0,36.035,30.6179,13.697,2339.8,503.33227546810537,3.5656280919222656,160.701,59.489,57.403,13.697,44.04493523854282,0.7705005543685988,37.51,683165.0,24.81513784080998,29.71825110917296,45.46661105001707,37563.0,37438.88,16936.21,15.717915646179634,15.449625511761106,15.449625511761106,1.4422353381379165,70.17,1.1753490179164743,-0.5236152205046866,0.009278717511476872,0.1328452410581696,-0.0003650405528083193,0.22848174601494886,0.012386081709938232,-0.4529750489816839,0.11212466203222093,-0.02223274670143449,1.2742778846304075,0.15992412158114977,0.12888497083053388,0.04137566962618341,0.20285405622869787,0.08085740456381034,0.021488399903449345,0.17568380383193602,0.30658485200821944,0.07936071694826574,0.19316664347216497,0.14215592330215499,0.022307916898815543,0.04262858049625148,0.1530179815050284,0.20148432565705723,0.8597836958723469,0.0993818608369883,-0.11189923285861918,0.15170358397812844,0.2619623782498985,-0.2778864855571486,0.2500384496473624,-0.03765625076731016,0.5293497816800202,0.005935895051532618,0.23474768767579982,-0.0559439080336411,-0.08666701280713414,0.024103006703999785,0.1613804118890271,5.7857697576869285
6.885,0.1605434077526,1.438917600993,3.3,9.0,0.2447891235351562,0.3198673725128174,0.6000000238418579,8.010000228881836,0.3058938980102539,332.4620361328125,129.8257904052734,121.17,1.24,111887.0,1972.8,69.36,49.35,35.98,2447.2,484.1916219491085,8.537303098494027,231.08,91.11,77.42,35.98,15.308206323678789,1.4921568515595265,37.51,1010017.0,18.514367546917764,44.48838459533429,36.99724785774794,40876.0,30965.0,14316.0,9.36200276864403,7.781782798224389,7.781782798224389,1.0236131895309892,95.51,-0.09356391825760728,0.41391912919961865,0.12347578344999717,0.09483422633510281,0.23797155461904743,0.11805472050993752,-0.10096277623710748,0.011027748687196878,0.15921938485793305,-0.1957185899875482,1.2239037721455734,0.03453148594030564,0.18230211916564887,0.12828748581995195,0.5583062134482941,-0.18622137302870242,0.2804262895037653,0.546072542864656,-0.26770297856251,-0.05954312204018608,0.15464884332167625,-0.08147766700824437,0.11193880134373509,0.14047804924210397,0.41815062556385557,-0.24939972580608258,-0.06783230550271242,-0.1634977198096438,-0.16389133016836954,0.13723244707821217,-0.10466444387508789,0.36362973076262345,0.3194610406511798,-0.04678858131175597,-0.20951734537307654,-0.1410698635788715,-0.3393038627907891,0.22669738008560758,0.18144616886335774,0.34603221312023474,0.20268583924609293,5.785769757686927
6.89,0.2674164585093,3.37908423967,2.7,19.0,0.1469908207654953,0.2672204375267029,0.5,8.3100004196167,0.2637763321399689,158.2906188964844,116.0,41.8,0.9984,37631.0,382.0,12.2266,9.8512,4.991,6472.866666666667,481.9852705731668,4.89273134806276,78.075,30.563,28.728,4.991,21.398798506227283,0.8755846807233554,35.03,369846.0,16.504901960784316,31.65686274509804,51.83823529411765,26213.0,35691.1,13158.53,16.539135979595088,17.556710821702243,17.556710821702243,1.1884593356762363,77.55,-0.2649511713263119,0.15254464595598846,0.3596450590860794,-0.17853354635183807,0.019207068379585662,-0.6995847716263951,-0.043554831734526546,-0.1304674702643989,0.0720513177817939,-0.05277018672857255,-1.3314876749680213,-0.06027955784610905,-0.15121136648775038,-0.10510434743064934,-0.0885655937582922,0.017932949981976264,-0.02531487509043114,-0.13975621283216735,-0.2101452650873179,-0.4703386514606909,-0.08263468857347754,0.06987446930310459,-0.05212330534517548,-0.0541772914256398,-0.07582979926925142,-0.08755272417987521,0.011135440178295783,-0.032277594015543025,-0.14421585156453004,-0.19311421800068276,-0.04802895671987042,-0.26991830041603765,-0.017402725499657285,-0.5045675043115987,-0.09503263764170068,-0.3065185230857558,0.025692020713246,-0.2179431692189966,-0.2300406462913542,0.07815420839290309,-0.001270494598956488,5.785769757686927
6.645,0.2973392050863,3.882291161179,3.1,21.0,0.2597025632858276,0.3728253245353699,0.5,10.52000045776367,0.3482602834701538,148.6543884277344,68.14414978027344,50.1,1.306,41383.0,353.0,16.046,12.1913,6.776,670.2,631.7050831934056,5.388490306823385,65.51,26.747,24.969,6.776,17.9549829028876,0.4442509992904584,49.43,209556.0,6.020172305106115,47.59403235973944,46.38579533515444,76037.0,38605.82,21713.2,14.86650338874155,8.90786065415315,8.90786065415315,3.334605630605978,50.07,0.42778080040230443,0.4501340852991748,0.6369011734619835,0.1389252625959491,-0.018865821635256668,0.13399603146590292,0.017699193348629277,-0.23465851857749054,0.28249954208468225,-0.047060276705156744,-1.6740550714921456,0.06258883608365566,-0.007038163754254589,0.12191369115788468,-0.03523955880136601,0.10363515279889986,-0.009306535331643717,-0.07423257546715671,-0.05614652180786187,0.25459458577774685,0.4708495859530786,0.09047224803594611,-0.1009925567463118,-0.05552296929543332,-0.07665418075594617,-0.06978443411625264,0.17591799143528922,0.056517636755390045,0.02034205543469947,-0.11198360837842695,0.2864321771773454,0.26134382749796875,0.07421974994885323,0.279789959780767,0.4999144962618825,-0.002294490617475109,0.05314579057941301,0.13512995973799125,0.15598931905169167,-0.7187292969093879,-0.08544137096336486,5.785769757686927
7.01,0.119155109289,1.256707293646,3.3,16.0,0.199992373585701,0.3218914866447449,0.300000011920929,9.979999542236328,0.3075131773948669,197.2183074951172,97.66290283203124,79.7603,1.3218,37783.0,436.0,32.0201,11.986,14.3018,1405.4666666666667,317.1284444481749,3.659529465087586,119.14099999999998,45.663,16.368,14.3018,22.549304697785008,0.6391463480032891,44.35,477241.0,11.4,37.1,51.5,71561.0,34380.0,21443.0,14.98400185022494,14.347792906389309,14.347792906389309,1.8324918038196647,67.5,-0.8648272533325289,-0.21419393787651608,-0.07972763381903125,0.07784808061768882,-0.006339156365963716,-0.06593169316516467,-0.07717686068471637,-0.36497075798696893,0.14103629732246378,-0.07713040717030457,-1.2504747520200834,0.027593597678617465,0.043485753372422296,0.05892039737608257,-0.04982671873643396,0.07337289066849444,0.029360675894242738,0.014694435005002523,0.09782003086576929,0.08055903614244082,-0.18347255941920304,0.14760702447252913,0.056921375463438895,0.053279470765063154,-0.016844917856559987,0.13126229175860438,0.05568108834998253,0.09444286226918434,0.04378272143074269,0.056560540261466584,0.019957558638213208,0.0385758803505463,-0.09322452605804528,0.2726593786091888,0.07174556587475737,0.03519163157235202,-0.0006619674408602597,0.16473213571001433,0.0018856964760143684,-0.2760900664236733,0.02446635141250168,5.785769757686927
7.07,0.1704014639463,1.572112131902,2.9,21.0,0.3485862910747528,0.4600082337856293,0.6499999761581421,7.610000133514404,0.41800656914711,294.9383544921875,129.0,107.39,3.73,96920.32,2066.12,58.97,40.44,27.91,610.38,465.7391638635272,9.928495915425277,208.1,77.67,61.57,27.91,13.785865223981112,1.7056792964710272,34.96,786132.0,20.47490893033877,43.41481379464505,36.11027727501618,31295.0,29723.0,15547.0,9.581485948260582,8.895328795155292,8.895328795155292,0.8326497317534427,104.89,-1.256133874837363,0.19711560220263338,0.03546108075118445,-0.30806055325737963,-0.028763902820250948,0.0445613252058803,-0.17311931438601583,-0.08526757279822224,-0.20190525248485677,-0.23377051482644462,0.54432356356639,-0.05164723698427909,0.050217062142126546,0.013916011679889687,0.1498264706417947,-0.12370454784684463,0.04054379805021524,0.15041260079278398,-0.06693354131896234,0.185211671979685,-0.015637191012357277,-0.18947060245789474,0.032676901184377306,0.0066319481648881755,0.12666909907698087,-0.11111353406946219,-0.20666879111037859,-0.24219857546474322,-0.21049908312057855,0.019694518403082412,-0.16668183009357884,0.05420380556265484,0.15803071887276135,-0.1251708906477491,-0.4329489433630302,-0.029237277091605913,-0.26466579370620114,0.0348932613762547,0.0854069660363062,0.1576150967375317,-0.021768394160716038,5.785769757686927
7.24,0.2144586218815,2.681093961189,3.8,6.0,0.1706766188144684,0.2570461630821228,0.300000011920929,8.760000228881836,0.2556369304656982,260.8031616210938,134.8762664794922,156.26,3.7,71109.0,604.0,25.5392,19.687,6.87,4046.0666666666666,639.9701205079514,5.435907589570977,111.113,48.363,43.95,6.87,30.453854606755456,0.8473062281162614,50.12,299186.0,8.188156481532047,41.53969380882165,50.2721497096463,56528.0,34807.04,22100.67,29.449202691670408,16.989687864542002,16.989687864542002,4.19935794066213,97.31,-0.8887940555501753,0.4321309957951884,0.45431016641753486,0.14049084144211,0.12828182318173578,-0.3927394064026141,-0.0031642692249177484,-0.4478914306041533,0.17622393811262926,-0.11437988723194174,0.9414362682144547,0.10362179697008034,0.06372676698508284,0.15704898602085968,0.1472753563108414,0.1288240632496882,0.007547195335300201,-0.0018626341526494967,-0.0008160325835322446,-0.10044947946419196,0.21196203462470173,0.1083324606263248,0.025597496493024525,0.02199424910562205,0.01017913302255354,0.044644388802508095,0.1918763145092722,0.04206533016034134,0.04472189354863473,-0.019318343888070078,0.16269849163661151,0.038336436158860766,-0.11088883314877325,0.01892316532433384,-0.009629011342254024,0.05476920266620348,0.4643057571441484,-0.1066578675853281,-0.03943816488151327,-1.4101134141566238,0.08430358413264179,5.785769757686927
7.02,0.06714716584645,0.6007905580112,2.5,11.0,0.2684709429740906,0.325076162815094,0.5,7.570000171661377,0.3100609183311462,219.2985229492188,131.0,86.2176,3.9735,25523.0,815.0,31.1163,21.4397,6.37807,471.8666666666667,209.2032032524324,6.680273112515471,122.001,42.695,30.889,6.378066666666666,23.090604598202717,0.495701072671828,46.74,578032.0,13.2,34.4,52.4,70896.0,35317.0,22722.0,12.79694947845151,11.127680470035047,11.127680470035047,1.418914034866713,54.7,-0.6031872417908911,-1.0494887583065442,-1.2885637873164948,-0.18703080757159785,-0.005718824896608077,-0.0205146018971837,-0.08606923435117715,-0.16937228450109462,-0.09650336463838327,-0.090349539251311,-0.9180402344297449,-0.041138527061726715,0.04172123158188166,0.04202167782096513,-0.07044084267074628,0.01935081979909159,0.02220020507162253,-0.032985703333973306,-0.00969253150252275,0.06485465935935027,-0.16614044301107148,0.0034439461469328117,0.04735586184161939,-0.004075450589998124,0.01766102561608049,-0.03696048279360633,-0.033930268622106664,0.00134232794582817,0.0531410269291314,0.02472803899281789,-0.03036060429349337,-0.0703194159667902,-0.060185899293633105,0.08514459401068715,-0.07590532258589235,0.04362278904834374,-0.028431119580882496,0.005466834878069815,0.012059924620014087,-0.014836293734421246,-0.025622283821682874,5.785769757686927
7.215,0.102587099731,1.127128519816,3.3,7.0,0.1354595273733139,0.2337662279605865,0.2000000029802322,7.46999979019165,0.2370129823684692,275.0,128.1002197265625,69.4828,1.3569,21994.0,591.6353864032538,9.1363,9.5518,2.36,1603.85,381.11245884595394,10.251869457689375,57.71,25.24,23.82,2.36,23.245438704361963,0.4724934230642314,61.4,189959.29356481816,5.960707881876988,46.25281304491967,47.78647907320334,66835.0,38481.79,24326.61,8.747788017238738,6.746846249557248,6.746846249557248,4.849428335338578,73.3,-0.5532097154196264,-0.4093487954289783,-0.11365610028218555,0.06513937542985598,0.028072517566636812,-1.0654500097706494,-0.10939068537156545,-0.2009817850368534,-0.14359224640245907,-0.05090065131127979,0.23955372367762418,-0.033027402512681846,-0.0656429325234053,-0.029932906176652136,-0.2563302211051032,0.03253643350324592,-0.1323370486711206,-0.07402745823056922,-0.132260789036263,0.03886124440417286,-0.13740134656853376,-0.12461460638597767,-0.04284111454859762,-0.05237871853531421,-0.13379894573245202,-0.0949170124030088,-0.0015720671544611857,-0.017285411058745353,0.04045451073679735,-0.09226875854314491,0.04006380373890184,-0.0909959935183182,-0.11561907797207553,0.012900972460630341,-0.08700031626613648,0.0029729800942705684,-0.18796009454568505,0.0016517826810505027,-0.018031470158483748,-0.9078433930269432,-0.05025642675752242,5.7857697576869285
6.32,0.1405047339064,1.54002453671,19.1,28.0,0.6302679777145386,0.765863835811615,1.700000047683716,25.14999961853027,0.662691056728363,287.2151489257813,132.8357696533203,126.195,0.9478,45899.0,1702.0,58.722,16.8508,16.87,882.0,223.4017181377917,8.284052468910467,205.455,93.926,30.942,16.87,33.16205965449566,1.7174502122943875,39.64,605389.0,14.2,42.9,42.8,42227.0,38884.0,17032.0,18.34775726355647,14.769191834162667,14.769191834162667,0.4028414498141264,119.4,1.092252821970243,0.35967310078850917,0.2770104245979537,0.07210205283161171,-0.12740327779369257,0.28050327099346073,0.536050105898782,0.19808677507792613,0.3848115922591127,0.5427716525476894,1.2890422909016384,0.1799396385762896,0.1293631004391207,-0.024075812667518532,-0.09751323968750958,-0.14919199765943789,0.10385242376874526,-0.24557350489905594,-0.029732768463111087,0.20401767505040844,-0.6427503576623828,-0.1605272721569823,0.06747683532925275,0.0778104679948246,-0.16487861291472208,-0.03870746979856802,0.05857221166211435,-0.4615273605811434,-0.04304633935786469,0.060390981423239655,0.06162063002088658,0.06204072630450189,-0.0708557326382595,-0.03479135438704728,0.02679952009539277,-0.04051658121120797,0.2213487903028629,0.018171055518861223,0.02338955643264584,0.6156621008293893,-0.037541495912209934,5.785769757686927
6.54,0.3783828045614,4.473671270399,19.0,46.0,0.6479945182800293,0.6949933767318726,2.299999952316284,24.85000038146973,0.605994701385498,386.3236389160156,130.0,97.05,1.21,106381.0,2590.42,55.63,35.38,21.39,6084.07,610.4028000918064,14.863552903373884,174.27999999999997,73.07,53.35,21.39,11.545413701275482,1.3286396630675812,42.31,858592.0,16.673582357043852,41.11565010222189,42.21076754073426,42877.0,31410.0,15449.0,10.182451797210655,6.929020407132105,6.929020407132105,0.954641587443107,92.11,0.9389501694875181,0.8579586821387114,1.3723911345401028,-0.1538000030781431,-0.09933254062460566,0.3802016340720454,0.5543605485153721,0.5401738496975143,0.4182191969790314,0.528489804980227,1.7767575654054089,0.3582468150212248,0.06431718541145977,0.04337426631430789,0.5020923428003091,-0.4009459540067763,0.1226535531410089,0.38893135488458347,0.007113498315101034,-0.871691046634532,0.32164167156622286,-0.7880826337498598,0.05466011506924229,0.018509254354011666,0.20014576282932187,-0.00309785075055502,-0.13192026399753262,-0.15073704939802202,-0.0600773677585004,0.09946384852253698,-0.2917887480781362,0.07126841165895414,0.028092190813496416,-0.04300286237592162,-0.04431383536445418,-0.02541740464596128,-0.4108903299990605,0.16536978504042477,0.19273733792030026,0.5212705223968455,0.1473780938503085,5.785769757686927
6.505000000000001,0.1717842430621,1.454843827059,19.0,16.0,0.5307262539863586,0.6367385983467102,2.400000095367432,24.40999984741211,0.5593908429145813,255.9736328125,128.0220336914063,142.4267,0.98,46210.0,1116.0,70.9324,18.6665,13.388,492.0,207.0155004031897,4.999552011468507,223.22,96.741,33.206,13.388,36.02947095994996,1.9691703020360272,44.56,503654.0,12.3,40.9,46.8,38937.0,39286.0,17168.0,21.03691766650654,16.933855628952,16.933855628952,0.4061223048327138,136.9,0.4378879811371894,0.34344911219625257,0.07617183812675525,0.05179836701694115,0.0956014720902969,0.39310674023246855,-0.09985845379043583,0.3305102421993185,0.2785016662586985,-0.09351787374589741,0.3218701366190532,-0.23654688219505537,0.21603307800759972,0.01902427909909295,-0.00836536838263339,-0.0012445818452562207,0.0845890734460278,-0.0598998660239994,0.1108529652288676,0.2677103794555391,-0.3909441665936197,0.25834388413162007,0.07358696631208457,0.019084654327007417,-0.05612434047505066,0.12975069743826087,0.24313828236452592,-0.3514988624005557,-0.016265077241744752,0.03877757785540492,0.04131405783173947,0.09334300023016066,0.04894219584931695,0.0009931438085780304,0.16381808869619915,-0.02259993771137177,0.1662811255793696,-0.043392910449290945,-0.052085410629458075,0.5043496965296425,0.0023429931680952385,5.785769757686927
6.77,0.1042940155616,1.036290954491,19.5,15.0,0.2182116806507111,0.2789719700813293,0.6000000238418579,27.09000015258789,0.2731775641441345,55.81299209594727,28.23225402832031,156.26,3.7,71109.0,604.0,25.5392,19.687,6.87,4046.0666666666666,639.9701205079514,5.435907589570977,111.113,48.363,43.95,6.87,30.453854606755456,0.8473062281162614,50.12,299186.0,8.188156481532047,41.53969380882165,50.2721497096463,56528.0,34807.04,22100.67,29.449202691670408,16.989687864542002,16.989687864542002,4.19935794066213,97.31,-0.17545761543684243,-0.49541722745750993,-0.34110563342790884,-0.03311900162431871,0.012538172429425102,-0.01944810780035877,-0.0606513615640667,-0.12322944678187052,-0.10141450644350296,-0.08677742349845442,-1.7589177432263992,-0.07730526475313282,-0.02602538981176868,-0.08698815084903262,0.027192618541640918,0.043452357784447095,0.0026767799236607956,-0.015562921478676772,-0.043864273971653545,-0.08620781143520222,0.09701293947939865,0.0481351610838923,0.03708626219092187,0.0050728576770096385,-0.025679701558288377,-0.047554684038028205,-0.01859898240069513,0.027695707879940707,0.02201350014363479,-0.06788306866546184,-0.0160993417898249,-0.05856936300653859,-0.08774911226818229,-0.002487237318257729,-0.1835479251155467,0.02609448205732477,0.3555946108806635,-0.09494421302007906,-0.1560350204865403,-1.1989482223344698,0.017470250106244922,5.785769757686927
6.41,0.1030776253343,1.047196481415,18.7,33.0,0.4507595300674438,0.6250419616699219,1.100000023841858,25.38999938964844,0.5500335693359375,267.5724487304688,131.7989349365234,94.75,0.975,80886.0,573.0,36.035,30.6179,13.697,2339.8,503.33227546810537,3.5656280919222656,160.701,59.489,57.403,13.697,44.04493523854282,0.7705005543685988,37.51,683165.0,24.81513784080998,29.71825110917296,45.46661105001707,37563.0,37438.88,16936.21,15.717915646179634,15.449625511761106,15.449625511761106,1.4422353381379165,70.17,1.3038384674875942,-0.571915307046501,0.03399623782643313,0.06082470435501438,-0.041522248702275354,0.4534651024010954,0.19174028443723357,-0.17748258008622994,0.28417663882842775,-0.1029752945322046,1.4310018662061814,0.21640073017142517,0.10477054242201045,0.03613927354357246,0.2021514061187486,0.13608872285458543,-0.0017097674074358544,0.271230066415647,0.20913239872339226,0.09803970109692221,0.25984738199424035,0.1860947186389854,0.0743055570951298,0.003329954896588383,0.1621646395208777,0.19087277659180626,0.8699467490524594,0.18540134071469416,0.04112742481978904,0.14104838248036256,0.06607137321745953,-0.29258749862934574,0.12345729419154335,-0.0634235298332726,0.3974634968276299,0.017350055139616554,0.19112119645474204,0.00035215043663106016,-0.057882250132458145,0.17146972821202264,0.14308959996246626,5.785769757686927
6.74,0.1080268747878,0.9551262178177,18.9,10.0,0.6282303333282471,0.8944280743598938,2.799999952316284,24.64999961853027,0.7655424475669861,332.4620361328125,129.8257904052734,121.17,1.24,111887.0,1972.8,69.36,49.35,35.98,2447.2,484.1916219491085,8.537303098494027,231.08,91.11,77.42,35.98,15.308206323678789,1.4921568515595265,37.51,1010017.0,18.514367546917764,44.48838459533429,36.99724785774794,40876.0,30965.0,14316.0,9.36200276864403,7.781782798224389,7.781782798224389,1.0236131895309892,95.51,-0.10211794700678574,-0.4752995201924451,-1.8453660099390305,0.07632553181019215,0.10542907531783641,0.23579334533728102,0.16844961409673329,0.4096496314365356,0.1452589099297014,0.3932843167327132,0.730343366795669,0.04555197415979636,0.15123770579783244,0.051898503392501905,0.27206622064848374,-0.1551097117542611,0.1079297828976619,0.4404238841556016,-0.15142980995280153,-0.11673816033681199,0.1650428795009361,-0.08111305931743558,0.023122637796035406,0.09151297943414242,0.3198419578297013,-0.12255846573380909,-0.03152422647319786,-0.24663952234601463,-0.14653336866551184,0.10958009525530239,-0.3701082884300921,0.21079330684193942,0.2116541274272458,-0.03432335365200919,-0.03299131422083416,-0.21713736905445466,-0.4249712693040096,0.055468276167498685,0.13311193361058896,0.25967131436212376,0.14405476157667385,5.7857697576869285
7.105,0.1117993812063,1.349241221433,19.3,7.0,0.5908805727958679,0.8486366271972656,1.899999976158142,22.18000030517578,0.7289093136787415,158.2906188964844,116.0,41.8,0.9984,37631.0,382.0,12.2266,9.8512,4.991,6472.866666666667,481.9852705731668,4.89273134806276,78.075,30.563,28.728,4.991,21.398798506227283,0.8755846807233554,35.03,369846.0,16.504901960784316,31.65686274509804,51.83823529411765,26213.0,35691.1,13158.53,16.539135979595088,17.556710821702243,17.556710821702243,1.1884593356762363,77.55,-0.790987104666996,-0.19100998284537948,-0.0401145127800199,0.03174343117131043,0.026973497606414393,0.05737154807375153,0.13272546307534985,0.004997276843491658,0.11870060824791266,0.13855415279421399,-1.3275250513783137,-0.12467154606824861,-0.17528985318733814,-0.1416941663726729,-0.11240959279309766,0.023056568224471063,-0.06352691856217893,-0.1247230798876935,-0.06584378641507647,-0.4447386059786828,-0.00019259116102012438,-0.011787999582576753,-0.07375117584930023,-0.03409777577337183,-0.09881815383544253,-0.16200956875719505,-0.04193481502434413,-0.05484198413904307,-0.22512848919800368,-0.2629320309088085,-0.29930306954519387,-0.25813194324396543,-0.1389409651991297,-0.3448989868416663,0.05960460969533187,-0.20411276358136643,0.049879989535494836,-0.16217453642166538,-0.15819222027967716,-0.004038190175147151,-0.124947265884438,5.7857697576869285
7.08,0.1546684837325,2.108195949799,19.3,11.0,0.4887903034687042,0.6446688175201416,2.400000095367432,22.59000015258789,0.5657350420951843,148.6543884277344,68.14414978027344,50.1,1.306,41383.0,353.0,16.046,12.1913,6.776,670.2,631.7050831934056,5.388490306823385,65.51,26.747,24.969,6.776,17.9549829028876,0.4442509992904584,49.43,209556.0,6.020172305106115,47.59403235973944,46.38579533515444,76037.0,38605.82,21713.2,14.86650338874155,8.90786065415315,8.90786065415315,3.334605630605978,50.07,-1.282182795905297,0.09177552429740277,0.0842573933028391,0.0364655697459082,0.02855815890665514,0.17656984794714828,0.02785438019689553,0.11675750014369486,0.19256687509205908,-0.003043326990607461,-1.2681695172691099,-0.013853272313499828,-0.14138861348305543,0.000328812181321525,-0.08727069005918446,0.07361072941013773,-0.04847612740426802,-0.12897045708085816,-0.06879068724633271,0.17359053619182527,0.20931885631002,0.07371292981427884,-0.1356354647450552,-0.08460486047789954,-0.05574064591356916,-0.08391943829234205,-0.010383432880782473,-0.04026973131114164,0.03080969304275331,-0.1731261287900779,0.08213683038442747,0.18325937679364349,0.0007413148863028388,0.2828739305560279,0.16114520927549034,0.0902646645350375,0.040112895384626514,0.05305607863950416,0.08612268486813428,-0.6295962849523041,0.00983588315914008,5.7857697576869285
7.035,0.1068543922567,1.127225031548,19.4,13.0,0.4678736925125122,0.621826708316803,1.5,25.04999923706055,0.5474613904953003,197.2183074951172,97.66290283203124,79.7603,1.3218,37783.0,436.0,32.0201,11.986,14.3018,1405.4666666666667,317.1284444481749,3.659529465087586,119.14099999999998,45.663,16.368,14.3018,22.549304697785008,0.6391463480032891,44.35,477241.0,11.4,37.1,51.5,71561.0,34380.0,21443.0,14.98400185022494,14.347792906389309,14.347792906389309,1.8324918038196647,67.5,-1.015439365231781,-0.29789089213697734,-0.028277616907397423,-0.0016223472988625698,-0.0040865353388340004,0.18755106057757676,0.016484086265991033,-0.08569866818074279,0.16847640857079513,-0.03496282618237767,-1.1832807547813144,-0.0010417711400171707,0.02109277092637744,0.04917379127837026,-0.03189747003216015,0.0778931784918208,0.08230315070771832,-0.04259781272388263,0.08420078097646662,0.07392825723874245,-0.1464275216102439,0.15235632096122645,0.054625408678112684,0.04437164200161351,-0.033420899325374766,0.10295897768832274,0.06237369042603206,0.09105908309549586,0.07723218975044925,0.05690783020634741,0.029600644851638935,0.042675401962927996,-0.1190522433201943,0.3149594690445716,-0.01768139120818028,0.04378104844720979,0.05280184026284943,0.03705866456143103,-0.06262010095836017,-0.10992123147321231,-0.0037929294946987824,5.785769757686927
6.99,0.1358321727385,1.052298407994,18.0,8.0,0.689206063747406,0.9442567825317384,3.700000047683716,23.38999938964844,0.8054053783416748,294.9383544921875,129.0,107.39,3.73,96920.32,2066.12,58.97,40.44,27.91,610.38,465.7391638635272,9.928495915425277,208.1,77.67,61.57,27.91,13.785865223981112,1.7056792964710272,34.96,786132.0,20.47490893033877,43.41481379464505,36.11027727501618,31295.0,29723.0,15547.0,9.581485948260582,8.895328795155292,8.895328795155292,0.8326497317534427,104.89,-1.6707980636675384,0.11614682770810181,-0.32119168272976417,0.12829430892878432,0.027198335138541457,0.2541212561281818,0.2152738839265136,0.42548675866554414,0.12320389107776768,0.40865063971802235,0.9155995035778871,-0.05201084827134602,-0.011830897264307602,-0.10000875336376243,0.21105827361729915,-0.4544473605495492,0.00631756380389444,0.06588556270938617,-0.07076853486320196,0.25071840333575696,-0.06821207334867496,-0.36056146999057487,0.02937882523593986,0.053173848025707314,0.016746322169303163,0.029886630937945857,-0.2138353004978102,-0.21333680498718996,-0.34967885375167657,0.022909170358195324,-0.258002515863568,0.26369128734370634,0.3149999495292367,-0.1593191753031824,-0.2529500076776708,-0.07804883786923085,-0.3727520308844065,0.08023355506233898,0.0629690167213212,0.3631133890800937,-0.06027013767645003,5.785769757686927
7.1,0.2206431797445,2.782678939426,19.5,15.0,0.5342583656311035,0.7287935614585876,2.599999904632568,24.42000007629395,0.633034884929657,260.8031616210938,134.8762664794922,156.26,3.7,71109.0,604.0,25.5392,19.687,6.87,4046.0666666666666,639.9701205079514,5.435907589570977,111.113,48.363,43.95,6.87,30.453854606755456,0.8473062281162614,50.12,299186.0,8.188156481532047,41.53969380882165,50.2721497096463,56528.0,34807.04,22100.67,29.449202691670408,16.989687864542002,16.989687864542002,4.19935794066213,97.31,-1.5151250036457078,0.4434846634598179,0.42471816844796545,-0.11868769985168348,0.08920086197549108,0.4121680783417149,0.36009510008576945,0.3511348453390677,0.16195949371205778,0.5609622962429072,1.0732224018824426,0.19492169700662587,0.10216307271908191,0.2605522186335242,0.18029350995470295,0.10621918224516036,0.0872705893701519,-0.020011055902349157,-0.01208818604790248,-0.1523906913598819,0.2404410414450743,0.21866717786001832,0.0690708697567527,0.035432521974734676,-0.017466360490157373,0.038382795267620416,0.02052263732841982,0.08047414198671195,0.15689830640274013,0.04883166753745386,0.12395865265711159,0.05830947780359367,-0.049522611813051697,-0.13026907913973038,-0.06927527944215676,0.030889698797827953,0.6545285082965409,-0.03240004395266446,-0.10032389691129417,-1.804053470680801,0.14605486490256236,5.785769757686927
7.195,0.1055744224005,0.8829123922879,19.2,9.0,0.6498844027519226,0.90932297706604,2.099999904632568,25.35000038146973,0.7774583697319031,219.2985229492188,131.0,86.2176,3.9735,25523.0,815.0,31.1163,21.4397,6.37807,471.8666666666667,209.2032032524324,6.680273112515471,122.001,42.695,30.889,6.378066666666666,23.090604598202717,0.495701072671828,46.74,578032.0,13.2,34.4,52.4,70896.0,35317.0,22722.0,12.79694947845151,11.127680470035047,11.127680470035047,1.418914034866713,54.7,-1.090173073525626,-0.49311436406378667,-1.2734499351802895,-0.011064255006858703,-0.007441322098795815,0.13716939320346475,0.026753778173708127,0.1949320137058431,0.0984441365027728,0.21088649771801515,-1.3627306825058279,-0.050761619632073485,0.031778568745539415,0.026633346914185507,-0.08751026306978393,0.06878456839169089,0.0422964646403405,-0.01384689416250301,-0.08193113163688086,0.11570621010530831,-0.17859375371061592,0.01896539678480728,0.03802291368059139,0.02459855067607571,0.01340866611872619,-0.0071003267387125995,-0.06469680832463247,0.06885423638021686,0.05461317256107625,0.0037606644239178886,-0.07081036475460034,-0.026023789161250015,-0.07938967492868326,0.1320085238789848,0.04783838528472952,0.10466555764583496,-0.06341293526484658,-0.08040827429310206,0.002609857679761148,0.041315480864293375,-0.05921931071440464,5.785769757686927
7.35,0.0943848871141,1.053129111878,19.1,15.0,0.3182654678821564,0.497094988822937,0.699999988079071,30.11000061035156,0.4476760029792786,275.0,128.1002197265625,69.4828,1.3569,21994.0,591.6353864032538,9.1363,9.5518,2.36,1603.85,381.11245884595394,10.251869457689375,57.71,25.24,23.82,2.36,23.245438704361963,0.4724934230642314,61.4,189959.29356481816,5.960707881876988,46.25281304491967,47.78647907320334,66835.0,38481.79,24326.61,8.747788017238738,6.746846249557248,6.746846249557248,4.849428335338578,73.3,-0.8773373733689631,-0.4352146005100373,-0.13419153147290236,-0.006264525499964387,0.04787284294689061,0.02011076569373957,-0.06867122894511045,-0.08682213490119715,-0.0518705658250224,-0.10227647848480793,0.3221679182767822,-0.10693197747200224,-0.08960170399767191,-0.07616120248185722,-0.2901297720751471,0.01667576052249009,-0.13076776844020957,-0.17664847035360762,-0.11584147148210905,0.0223046228412828,-0.10915280323494249,-0.0746854723950569,-0.147366169035151,-0.1563363824544842,-0.1053976458780173,-0.16655284504315565,-0.09379414678203347,-0.09804184769287921,0.08668166622756618,-0.08874592714279546,-0.047370881192629194,0.015373916748889679,-0.006048564904132914,-0.01013576005965707,-0.006018825671164611,0.007639554698056217,-0.3397799367129742,-4.99145301254648e-05,-0.017578769078157235,-1.2829429770116292,-0.051525454265408575,5.7857697576869285
6.265000000000001,0.08511240689968,0.790420141245,28.6,69.7,0.3084035217761993,0.0,1.100000023841858,32.20999908447266,0.0408003255724906,295.7795104980469,133.0,126.195,0.9478,45899.0,1702.0,58.722,16.8508,16.87,882.0,223.4017181377917,8.284052468910467,205.455,93.926,30.942,16.87,33.16205965449566,1.7174502122943875,39.64,605389.0,14.2,42.9,42.8,42227.0,38884.0,17032.0,18.34775726355647,14.769191834162667,14.769191834162667,0.4028414498141264,119.4,0.3612619166631177,-0.7414817639305533,-1.8900852955806897,-0.14352616543423405,-0.15258302565358098,0.05954183334194466,-0.3759505701290727,-0.09752933230858309,-0.024566615085098054,-0.4390442981084574,0.42996635890952445,-0.15165067952296993,0.1699478432355408,-0.021044006161641204,-0.05677207049730552,-0.10920502067849579,0.072637414342713,-0.055411466029665145,-0.023549917895251665,0.11798513393173855,-0.4272267395343012,-0.088745753641996,-0.000253727722606271,0.054889381514808655,-0.0569781342461495,0.005550166092520459,0.12151894951299169,-0.2617499986791217,-0.04911370726377917,0.06690372053681919,-0.018271828497773368,0.0633478090651451,-0.024211345626864722,-0.027854945425356215,-0.1343802176723469,-0.04416191985757586,0.08847914745242395,-0.00899575002060049,0.0013401250244221008,0.19865090055861234,-0.04322606485621907,5.785769757686927
6.29,0.1958208053322,2.067808123632,28.3,331.5,0.5595869421958923,0.2621971964836121,2.099999904632568,32.27000045776367,0.2597577571868896,321.0201416015625,130.0,62.8682,0.7473,30465.0,544.0,23.7417,15.1611,8.037,883.0,391.6363496124131,6.993276684364113,77.789,31.907,28.226,8.037,12.555758966506351,0.9191379276851872,47.4,302484.0,8.8,57.3,33.9,63896.0,41068.0,18414.0,9.819277128486252,7.904115227830772,7.904115227830772,0.4381657992565056,63.9,1.257399733144114,0.6876683579388496,0.5096261388300692,-0.1749738679604326,-0.25705091320914925,0.6856643760594573,-0.061123944912902184,0.2726377335340347,-0.025331897370134488,-0.012221119986330612,1.4703026956790604,0.2496554999570094,0.2283650076388856,0.04076978531467127,0.0683417983432939,0.3450909621972677,0.07453575775384762,-0.028970416063640075,0.4199284688260057,0.41186362453994735,0.17348998510863703,0.03660693967609996,0.13387425049549848,0.039981672249784696,0.029549214610972447,0.618968025099755,0.26098407835234755,0.36797067009814904,0.18883037184203308,-0.01919137706450676,0.5797640257528281,1.1760167276616487,-0.0025091383568696113,0.0794273953142084,-0.17693878602172627,0.00384254021343818,-0.22245508285487822,0.1054878461639066,0.048604703978183394,0.5224111314340276,-0.010980640648312464,5.785769757686926
5.9,0.1662771156886,1.71571893414,28.5,175.3,0.451192706823349,0.3462640643119812,2.400000095367432,32.81000137329102,0.3270112574100494,280.4542541503906,130.2056732177734,183.5192,0.98,54651.0,1569.0,81.283,53.4333,1.4101,409.22,223.51233078401705,6.416915463580222,244.51,108.676,89.27,1.4101,21.606103183901,1.091960683698584,44.1,646581.0,15.7,29.6,54.7,32791.0,38369.0,16598.0,29.188471783605653,21.4702652156679,21.4702652156679,0.2514382037807957,117.0,1.7525896320494898,0.5908844929822211,0.3324905707072873,-0.2043173276625533,-0.15447489673516382,0.2953584927164276,-0.14052187977521977,0.3001072712528234,-0.060051417966251165,-0.10583137644114286,1.6941737312963185,0.21932484762662866,0.1726522482752717,0.007149318532696809,0.011975143811808827,0.055913424759085194,0.09107051392518217,0.2883450477103287,0.13693132295023344,0.14125720004213616,-0.23099601119549162,0.06898518539775604,0.10313538840465553,0.05051418755894477,0.35240536956482704,0.19908516713944616,0.0072576223612607444,0.02137170101955843,0.08416306175006949,0.0751112460254022,0.09946525295568713,-0.2947410359774812,-0.13076952584957083,-0.12336367542423961,0.457844688964788,0.0019003900164916339,0.8061227076919414,-0.4603025287488796,-0.4275003519207656,0.725064018185711,0.07691873929630681,5.7857697576869285
6.67,0.3496345721093,3.285947327853,28.4,307.4,0.5771974921226501,0.2246352732181549,1.5,32.88999938964844,0.2297082245349884,274.3808898925781,127.9325256347656,97.05,1.21,106381.0,2590.42,55.63,35.38,21.39,6084.07,610.4028000918064,14.863552903373884,174.27999999999997,73.07,53.35,21.39,11.545413701275482,1.3286396630675812,42.31,858592.0,16.673582357043852,41.11565010222189,42.21076754073426,42877.0,31410.0,15449.0,10.182451797210655,6.929020407132105,6.929020407132105,0.954641587443107,92.11,-0.2631556422656994,0.363135828846457,0.2387922321297429,-0.21027270122563135,-0.16484556593188296,0.26123732265101296,-0.07392262161068792,-0.0879133257050468,-0.15018309607181546,-0.12171918371704642,0.5454189079153063,-0.22306573380528585,0.024789330286158817,0.0006542879022761738,0.27863366245210736,-0.3298826519339969,0.05093213547595125,0.14877089816746114,-0.05311930711810472,-0.8214577242745819,0.0904049855873632,-0.7037299986859065,0.020352624419299598,0.027616026077352362,0.042234228525233695,-0.02444706227536597,-0.12135809321801742,-0.09491778504612429,-0.03030041475969621,0.010264441876967881,-0.27644914276288013,0.05578565703307814,0.07610402018771871,-0.05165565467440388,-0.093120854944909,-0.054995120402893005,-0.3227654515680513,0.12104114719536112,0.10842990379928034,0.3018293032737454,0.07199226726663004,5.785769757686927
6.725,0.1294402405123,1.624522525286,27.5,221.9,0.5033127665519714,0.146291509270668,1.899999976158142,32.04999923706055,0.1670332103967667,227.2692108154297,129.4583129882813,41.8,0.9984,37631.0,382.0,12.2266,9.8512,4.991,6472.866666666667,481.9852705731668,4.89273134806276,78.075,30.563,28.728,4.991,21.398798506227283,0.8755846807233554,35.03,369846.0,16.504901960784316,31.65686274509804,51.83823529411765,26213.0,35691.1,13158.53,16.539135979595088,17.556710821702243,17.556710821702243,1.1884593356762363,77.55,-0.20455958291881646,-0.2810291247324806,-0.0483879147766485,-0.1025832642582416,-0.10087892080249457,0.10432622324672576,-0.39535427638124426,0.01263933092940731,-0.08918499433263505,-0.21832982381638286,-1.4534127372220116,-0.08748699870323522,-0.23585877285452064,-0.040676498062177636,-0.07250663762490768,0.052612910642577525,-0.05750505476240283,-0.07145724938385976,-0.10398189871363006,-0.443876186536396,0.0020228760246806163,0.06086929437714531,-0.035347480346613995,-0.04439652974991495,-0.013817989462489801,-0.08962360862499569,0.007155714291402572,0.04713507235378565,-0.1945890770753305,-0.2555396457315328,-0.0757170788038421,-0.2804671200007757,-0.3032378283082207,-0.2669634995065399,-0.03205955265662861,-0.21586198273845658,0.07858090134958691,-0.160974875061392,-0.15840253833876985,0.01872827393058205,-0.01779143107693773,5.785769757686927
6.26,0.1314114692684,1.542266446818,28.1,472.3,0.1815195679664612,0.1489138305187225,1.899999976158142,33.5099983215332,0.1576301604509354,79.36817169189453,41.61711502075195,47.0,1.3107136824324324,36372.0,288.0,18.2749,8.0877,7.75,507.0,653.2327586206897,5.172413793103448,55.68,23.55,11.03,7.75,12.063693803924313,0.472838893581081,63.26,168105.0,10.1,30.6,59.3,59606.0,41956.5,25127.5,34.79581925675675,15.15646114864865,15.15646114864865,0.5191153820594531,50.55,0.8612790265440791,-0.1543465919980115,0.09553607454507791,0.00024665884070270333,0.11458897931153093,-0.26029628902143304,-0.45319576093039776,0.07301585745383687,-0.09907560406019772,-0.2937501448488467,-1.6489496112155084,0.016953619531336228,-0.03338432791717538,0.03626073476684075,-0.08069245810389601,0.051610616628452934,-0.151094869243143,-0.11398245513959963,0.0711979845179368,0.30875037511623377,0.33344319510977316,0.16006062741024057,-0.19019494480609464,-0.019712703215231758,-0.2195279915271732,0.03604477967130341,-0.00804654406275366,0.0421503739396026,0.07919349896731982,-0.12230996653522143,0.20291271480219278,-0.16851547384033935,-0.10686320233608908,0.06396737635660817,-0.10479508205798282,0.6460510497367805,0.6174266472479105,0.4058839424880845,-0.02267228929594241,0.11185662430129444,0.032161566994312385,5.785769757686927
6.805,0.1268252958939,1.320664001366,27.3,172.8,0.4161115288734436,0.2807495594024658,0.800000011920929,35.4900016784668,0.2745996415615082,284.4898376464844,130.9375762939453,46.39,1.9696,37903.0,493.0,18.997,12.4084,9.119,1097.6666666666667,438.5652299681805,5.704367949088805,86.425,31.048,20.027,9.119,23.6873667742644,0.5198347645921357,40.86,412043.0,11.40105756416319,43.837324276686296,44.76161815915051,46146.0,36086.43,16572.17,12.426995927713286,10.42342201495799,10.42342201495799,1.8765437977532649,50.36,-0.21581896484651075,-0.5625576251352921,-0.019331924817019286,-0.15432066064697816,-0.2077157386643348,0.08692184274808967,-0.12509349700713504,-0.2133311044059456,-0.5179284357510028,-0.1255884463200346,0.6156079258029578,-0.024628315533288703,-0.12600227984108806,0.10413853366772889,0.002558370365622046,0.142277327751857,0.020849717839076336,-0.048091735948144455,0.18206816231473777,0.17808388144994325,0.005739754128201972,0.12737927091876897,0.061804518751060376,0.03339631525085448,-0.04935333764036772,0.20058632663018458,0.18673061472000121,0.0067987548632269705,-0.03822118603176524,-0.07051027541898125,0.1237797484204212,0.27063924920229104,0.10910411425941668,0.02539704979792397,0.2234456035767565,-0.0017568073291739743,-0.16011435747268607,-0.02482869817490981,0.014613000946039826,-0.26345115711116474,-0.21139304034490355,5.785769757686927
6.83,0.2154186366291,2.091032440366,27.8,233.8,0.2987442910671234,0.2722972631454468,4.400000095367432,30.80999946594238,0.2678378224372864,255.4473724365234,130.0,107.34,6.28,66001.9,1675.31,49.3,18.28,27.37,612.65,435.2825957923893,11.048671107300668,151.63,65.22,31.43,27.37,10.04493389674318,0.8095851014325984,41.74,774172.0,21.96364940618549,42.590832655196046,35.44551793861847,49137.0,30324.0,14574.0,6.059303494414041,4.22208657852724,4.22208657852724,0.6829462442173873,55.57,-0.15525888246895383,0.4584975775897162,0.1685484357635878,-0.07040855136888798,-0.13362771389570124,0.109154636368395,-0.09368304589186967,0.5097059491106073,-0.04939613925647005,-0.0799321814397395,0.329691348061246,0.05881750006687558,0.07555823182750254,-0.2603825058958604,0.00796262136334199,-0.1040163018001005,0.03839599841965158,-0.09904215136601173,-0.16732962558457531,0.2146981784455478,-0.01474850147206593,-0.24495362501547482,0.032169703931024175,0.03456528830636566,-0.11928739394059067,-0.20077662145859185,-0.24983112654610715,0.047741402565420955,-0.01672756064779694,0.23467683952130894,-0.08072287387437142,0.23453341632765304,0.046074123207017426,0.004588841215367845,0.0667102355822909,-0.0907793468003973,-0.6302264973726733,0.032052299554703824,0.052499641496932314,0.32225693656471427,-0.07795682482623086,5.785769757686927
6.835,0.2152928664995,2.151346883201,27.7,421.2,0.4462528824806213,0.1177685037255287,2.099999904632568,31.95000076293945,0.1442147940397263,269.1738586425781,129.0,113.44,6.47,113005.25,3048.97,56.37,31.11,33.02,4048.8,632.6927383685123,17.070544762331334,178.61,74.6,52.48,33.02,11.832260392384752,1.0136065476243834,41.19,962714.0,23.22925734100645,37.059541398199215,39.71120126079434,40450.0,30441.0,14677.0,7.420621787035737,5.286083690348805,5.286083690348805,0.6079000575173069,68.94,-0.08816450845389479,0.40255328183933553,0.2077926452779756,-0.0471097575059517,-0.1051057744227063,0.05930658937073378,-0.2746516734683488,0.19316663874330042,-0.04297439818933683,-0.278542001367025,0.6328955944100942,-0.06432629333359396,0.02450132823747893,-0.1666237404620281,0.18191224271705178,-0.3151283720005224,0.07035009915787009,0.08383320799108156,-0.13369111249783242,-0.2526088972436627,0.14059575871207786,-0.5797897471441328,0.044603841524198794,0.03865331493376208,0.07082356282084763,-0.12111779121958861,-0.07942469691420329,-0.012614821025845768,-0.04624646446130539,0.21515563529672085,-0.11444426990641698,0.08921042859493089,0.27343818961747474,-0.04075858730182406,-0.09668571086709114,-0.03776636760112606,-0.501914868101821,0.0794751879014256,0.16706151656069868,0.4289815484597593,0.043242124196077834,5.785769757686926
6.945,0.2137058061186,2.308573007529,28.0,594.3,0.5184149742126465,0.1792715638875961,2.299999952316284,34.25,0.1934172511100769,288.3624877929688,129.3096313476563,111.07,3.69,99177.0,1003.5,55.58,40.03,31.27,624.27,546.7309812568908,5.531973539140021,181.40000000000003,73.25,59.84,31.27,12.01708770605562,1.3716441835883986,39.96,1202915.0,16.431187710251496,41.28557796152066,42.28323432822784,53308.0,32689.0,17803.0,9.539679628333618,7.153294308153317,7.153294308153317,1.1848298070618952,91.37,-0.9831369861582925,0.5281978992027297,0.5823817971995954,0.047562680138468906,0.28832732009135936,0.5875743536961301,0.057812644104762535,0.6005644860807147,-0.022531959641527655,-0.1459820695260261,0.8438879204763826,0.014409925107402058,0.13122724398721672,-0.021402944608821233,0.21632943893286818,0.11465354423709906,0.20851316615220475,0.3570212096642062,0.07112793741258557,0.4529839935635856,0.2745980741223477,0.39085565379119935,0.22690756970651935,0.16070665293420694,0.28010491350311334,0.1683172650942284,0.026478844814216213,0.010561946432601887,0.25087231661524606,-0.015575042902101691,0.07228159602771818,0.3409959573154648,0.32104873581916343,0.022695485138718146,-0.014358336078764466,0.06650910276571875,-0.21086161104309312,0.3006278274711794,0.45983782887497787,0.37437637402908797,0.07999365858648037,5.785769757686927
6.73,0.1313806613633,1.671253791192,26.8,350.2,0.5449880957603455,0.5738555192947388,2.200000047683716,32.75,0.5090844035148621,218.3512725830078,128.90185546875,97.153246,1.5051,22704.0,603.4405868680999,11.4219,8.4222,5.82,881.58,371.52675503190966,9.874661869875633,61.11,25.96,23.28,5.82,24.614949908569734,0.4775021872663257,65.5,193424.9506420834,3.786310606464182,52.02179642033601,44.19187938339238,90072.0,39502.4,26966.29,10.53622467854088,6.818367587891776,6.818367587891776,8.389512313189808,82.8,-0.23463961544143455,-0.2179145263305374,-0.020474641046380453,-0.18006800411531856,-0.09708055233814396,0.20826782201101623,0.049217625777996134,0.16032955465703988,-0.12390646774264018,-0.10511606938613892,-1.4668274253724896,0.006854532982297046,0.1827700028108954,0.14011391289033767,-0.18926656997879165,0.10183553649119731,-0.09879722582840411,-0.16112661107329887,0.06361581779850672,0.11306986858400421,-0.045863060695142864,0.2932941357811388,-0.029982159547195093,-0.008330958984151779,-0.031881775343544715,0.00654447729164039,0.16538228198025443,-0.01692841860835202,0.09423786770357939,-0.029954325878946086,0.01981196203036732,0.16437711543250663,0.032044711906164224,0.2256640795983551,-0.1000826514895074,0.09064029826620602,-0.11399640284133554,0.01049344282879546,-0.01603738351989281,-1.2605783447318297,0.0357366983489791,5.7857697576869285
6.715,0.07368863019858,0.9141029775597,28.1,406.5,0.3405666947364807,0.472159206867218,1.399999976158142,32.7599983215332,0.4277273416519165,185.4667510986328,133.9436645507813,1.2429,0.0576,178.0,2.865339918651946,0.0803,0.0452,0.01,4.47,635.7142857142857,10.233356852328376,0.28,0.14,0.08,0.0,0.1127832756406402,0.0717922868966855,97.4,2310.438051510152,0.0183640280367156,11.209851980137037,88.77178399182625,126700.0,55075.29,33831.22,30.733895233898767,1.0251391827949203,1.0251391827949203,4.746573554900874,162.4,-0.14829136236191492,-0.42612732750419147,-0.6563720842639335,-0.09189744467117805,-0.09177669573755994,-0.010099877423279668,-0.06257650122308182,0.011184368131879174,-0.03516780942199626,-0.03597186310848669,-0.868720594230146,-0.03703126302608902,-0.18889244171789046,-0.0732153295606839,-0.24311397633934048,-0.03870729880258268,-0.09417537550597055,-0.15709901062518625,-0.08135038951628766,0.08575136046618921,0.10054619372078007,-0.05839954454638866,-0.13642180301236675,-0.13079829320062544,-0.13894514020854054,-0.05015688232692705,-0.20660471148409676,0.001355978491789686,-0.057534921995604345,-0.011736560267298241,-0.025339966550898037,-0.4965923148797804,-0.3379309002076172,-0.04415550263963858,-0.20548875042766035,0.004996995444337658,0.13517921740735497,-0.024146173499713697,-0.024496244086623997,-0.5040236181558196,-0.1214522228806451,5.785769757686927
5.945,0.1522563317346,1.886986682136,3.8,17.0,0.1956540644168854,0.034642856568098,0.5,7.21999979019165,0.0600076392292976,295.7795104980469,133.0,126.195,0.9478,45899.0,1702.0,58.722,16.8508,16.87,882.0,223.4017181377917,8.284052468910467,205.455,93.926,30.942,16.87,33.16205965449566,1.7174502122943875,39.64,605389.0,14.2,42.9,42.8,42227.0,38884.0,17032.0,18.34775726355647,14.769191834162667,14.769191834162667,0.4028414498141264,119.4,0.61586950393147,0.2505100603663493,0.23732794199703552,0.0713825400653827,0.09397060652683298,-0.4832963921468087,-0.6150384769232057,-0.2842023848678564,-0.530300995495595,-0.6552593055836184,0.6714682906163238,-0.13601894887635738,0.11707807240125023,-0.0703476520910445,-0.09417271175561111,-0.10315234763512848,0.08070010612370009,-0.09855860336955365,0.006399159091966163,0.14552144578143258,-0.44570597073877516,-0.04637852140290192,0.044861598305712534,0.021438291144309396,-0.09357778582543282,-0.0013460605392717022,-0.08316516944413806,-0.3101617745543342,-0.002648265443844,0.039475733510125455,0.018827613837611484,0.09998788826299614,-0.015977476906504678,-0.026674174865472782,-0.08130387073022911,-0.013143544366505852,0.195118113449842,-0.015750973679387048,0.00947098628983356,0.39764091999269113,-0.05016550642907639,5.785769757686927
5.66,0.2095821009921,2.211532849444,3.1,22.0,0.1978944689035416,0.3411900699138641,0.800000011920929,7.630000114440918,0.3212240040302277,321.0201416015625,130.0,62.8682,0.7473,30465.0,544.0,23.7417,15.1611,8.037,883.0,391.6363496124131,6.993276684364113,77.789,31.907,28.226,8.037,12.555758966506351,0.9191379276851872,47.4,302484.0,8.8,57.3,33.9,63896.0,41068.0,18414.0,9.819277128486252,7.904115227830772,7.904115227830772,0.4381657992565056,63.9,1.2981093965750918,0.5265521262898445,0.6406823491184191,0.1330242434790152,0.03837542357001689,-0.44472775532112596,-0.17249367744959807,-0.006607113814140142,-0.2700815310008103,-0.1282828093177998,1.8718799956878431,0.12657567238817005,0.04555459763707296,0.13019388951043354,-0.10348319540618034,0.31253151098938553,0.05579611516329049,-0.01968662859617047,0.41378647165170984,0.4167146157933758,0.022685205060884266,0.10334527427064903,0.03046113388077491,0.06262066177027248,-0.0032812813009503263,0.35989002113927165,0.1619353110861633,0.2281649095193984,0.06395318683670226,-0.031949864621904446,0.17327515427643939,0.678244204614459,0.08753068983983565,0.1276331676761074,-0.20267996176676614,0.03419898080582606,-0.2766602583216701,0.05651024455942107,0.06405673784542865,0.37012474022975184,-0.06135231270826617,5.785769757686927
6.105,0.1732695057781,1.83224403656,3.4,7.0,0.1602319031953812,0.2202560305595398,0.6000000238418579,8.40999984741211,0.2098356187343597,280.4542541503906,130.2056732177734,183.5192,0.98,54651.0,1569.0,81.283,53.4333,1.4101,409.22,223.51233078401705,6.416915463580222,244.51,108.676,89.27,1.4101,21.606103183901,1.091960683698584,44.1,646581.0,15.7,29.6,54.7,32791.0,38369.0,16598.0,29.188471783605653,21.4702652156679,21.4702652156679,0.2514382037807957,117.0,1.1186416347296309,0.5906944354128075,0.4911697266728257,0.07507682189885356,0.0203639241703016,-0.6768216918228015,-0.4294152043275304,-0.09054931495253478,0.20396961240476386,-0.2806557491713359,1.5044275025065816,0.17812243859238283,0.2235021342617478,0.037639618677861586,0.039065065811704734,0.09952207865023281,0.12002691802140959,0.24446058521426384,0.1343814027910665,0.1509646098326102,-0.12421330707232392,0.05205523145906802,0.06416019475500696,0.1255761634824979,0.2737229200411157,0.127656887254915,0.011695276182362399,-0.014012893837268817,0.05133825503715402,0.06775013053336565,-0.10821757218396795,-0.4168499621035553,-0.07930397939136886,-0.03222399373290393,0.367796443770869,-0.1027888962206438,0.765992158115651,-0.5228237241438474,-0.3846404182161076,0.6987963600926846,0.08156806441057458,5.7857697576869285
6.565,0.2264315865326,2.033548315905,3.6,21.0,0.3838760256767273,0.5992656350135803,0.75,6.25,0.5294125080108643,274.3808898925781,127.9325256347656,97.05,1.21,106381.0,2590.42,55.63,35.38,21.39,6084.07,610.4028000918064,14.863552903373884,174.27999999999997,73.07,53.35,21.39,11.545413701275482,1.3286396630675812,42.31,858592.0,16.673582357043852,41.11565010222189,42.21076754073426,42877.0,31410.0,15449.0,10.182451797210655,6.929020407132105,6.929020407132105,0.954641587443107,92.11,0.29547255378341236,0.2701408557117489,0.20874106567346107,0.1404706822339686,-0.03715663100887926,0.08848961245787479,-0.1190421215573952,-0.1243468777863647,-0.4173372925017062,-0.20364252049643494,0.4492353649733292,-0.3112215359343973,0.01269060420216291,-0.022250678500048176,0.28476664437864213,-0.34149807435727314,0.005542950771151227,0.16602662004950405,-0.07842895800134375,-0.6302203872592168,0.25993037254136836,-0.5859794733431318,0.03291123467700837,0.015538525883537435,0.14057825411168393,-0.0841849387267068,-0.16144919922475312,-0.1404565363243763,-0.022492242559536413,0.060842784228510936,-0.059150262981316794,0.03396708925840852,0.061989479564849535,-0.02567499914707357,-0.14565442921713548,-0.11756190292050654,-0.26754213069326654,0.058425207926,0.1452155327262891,0.21629993047993587,0.10469702164127748,5.785769757686927
6.89,0.17364974024,2.296341613553,2.7,19.0,0.1220132410526276,0.2162890136241913,0.2000000029802322,8.630000114440918,0.2230312079191208,227.2692108154297,129.4583129882813,41.8,0.9984,37631.0,382.0,12.2266,9.8512,4.991,6472.866666666667,481.9852705731668,4.89273134806276,78.075,30.563,28.728,4.991,21.398798506227283,0.8755846807233554,35.03,369846.0,16.504901960784316,31.65686274509804,51.83823529411765,26213.0,35691.1,13158.53,16.539135979595088,17.556710821702243,17.556710821702243,1.1884593356762363,77.55,-0.16797099196226725,0.0474070436018903,0.0770875758981744,-0.15118527049759004,-0.0002181724920390741,-1.66252955996616,-0.13755843671464577,-0.16381692084042496,0.05241095336301823,-0.1299824698465203,-1.0107108503570805,-0.08516598751681931,-0.1603505485133581,-0.07591652764349627,-0.0016837876985817586,0.01151264500560773,-0.05933966019805829,-0.05913751543865689,-0.06256350392422601,-0.3728514153652965,-0.01590285809999238,0.009953382437166418,-0.02305958823864433,-0.033030549983731776,-0.007870516560503027,-0.08187506911094695,-0.01032726258877635,-0.002576678663037693,-0.15399111454007272,-0.14205347746639094,-0.1333011016291824,-0.19233980035465992,-0.05501328536766507,-0.29269110285156336,-0.02228218316477505,-0.18432264048519423,0.05336208235442461,-0.12874656602677373,-0.13203679454799633,-0.03591515671090289,-0.03506869897066753,5.785769757686927
6.59,0.1651267123139,1.836242436349,3.9,31.0,0.2748605906963348,0.3992600440979004,0.6000000238418579,9.289999961853027,0.3694080412387848,79.36817169189453,41.61711502075195,47.0,1.3107136824324324,36372.0,288.0,18.2749,8.0877,7.75,507.0,653.2327586206897,5.172413793103448,55.68,23.55,11.03,7.75,12.063693803924313,0.472838893581081,63.26,168105.0,10.1,30.6,59.3,59606.0,41956.5,25127.5,34.79581925675675,15.15646114864865,15.15646114864865,0.5191153820594531,50.55,0.5973001257543312,0.2751585717891318,0.2067928304847723,0.17584863072827547,0.0022480679701155637,0.08591024585821176,-0.045565742021101384,-0.09679015572530547,0.27344211930578777,-0.03884594773242497,-1.7995754155214183,0.024618332961184246,-0.09521346169052684,0.1705826886345975,0.11353776626157012,0.19668347758234403,0.004173106449091746,-0.04731817858693973,0.12995768338745783,0.3234132118876858,0.6764856119399637,0.19446640512604593,-0.08162553746737615,-0.03529575827940923,0.009766121685991483,0.025975470242832827,-0.21688350116767982,-0.0031551025469889935,-0.0440758497369094,-0.21161885395364624,0.020989588612976024,0.12039461289661917,-0.2959610849607735,0.5234174347423316,-0.021029289777804716,0.5030628326164828,0.41822825632538807,0.2551968763997058,0.07420840269279878,0.17498761578320757,0.010609104396313981,5.785769757686927
6.744999999999999,0.190567550905,2.302765231833,4.4,15.0,0.3107393682003021,0.2610255777835846,0.300000011920929,10.78999996185303,0.2588204741477966,284.4898376464844,130.9375762939453,46.39,1.9696,37903.0,493.0,18.997,12.4084,9.119,1097.6666666666667,438.5652299681805,5.704367949088805,86.425,31.048,20.027,9.119,23.6873667742644,0.5198347645921357,40.86,412043.0,11.40105756416319,43.837324276686296,44.76161815915051,46146.0,36086.43,16572.17,12.426995927713286,10.42342201495799,10.42342201495799,1.8765437977532649,50.36,-0.1549786502531365,0.5579344780649022,0.5089159225691299,0.29745106972020324,0.13232066290646882,0.16193435280270166,0.01082082260901999,-0.6748199132716654,0.29178418830913594,-0.07282724542146439,0.8932462871351116,0.055825476521942884,-0.0602747442344429,0.08080332339235737,0.008221101311969367,0.15806026919723423,-0.03845582962957228,-0.09896761485972272,0.2858172151529961,0.2637297744177709,0.0038243534364973777,0.23248994268846382,0.06348216776760444,0.07302090384969591,-0.12139634495050511,0.26396681061584887,0.2845183940976859,0.19286838258939812,0.0058734585941689526,0.06034798798785072,0.19256081009665751,0.32024962244614796,0.13274206279043513,0.04026347632991819,0.22069844752625212,-0.01805552198837801,-0.11945661137135022,0.09404187105952817,0.06796996440713803,-0.14694423098542986,-0.1802786707754284,5.7857697576869285
7.035,0.1555494286073,1.451284014927,3.0,9.0,0.2613529860973358,0.3172178268432617,0.5,7.230000019073486,0.3037742674350739,255.4473724365234,130.0,107.34,6.28,66001.9,1675.31,49.3,18.28,27.37,612.65,435.2825957923893,11.048671107300668,151.63,65.22,31.43,27.37,10.04493389674318,0.8095851014325984,41.74,774172.0,21.96364940618549,42.590832655196046,35.44551793861847,49137.0,30324.0,14574.0,6.059303494414041,4.22208657852724,4.22208657852724,0.6829462442173873,55.57,-0.9755316416467337,0.15767282588414822,-0.0838567392416331,0.005408366468067712,0.027540663280496275,0.04173907663759224,-0.08804228072225335,-0.3060354309627559,-0.34088335485384613,-0.1598892302284309,0.12493475194235996,0.016669130665497727,0.05996515511032663,-0.2241711230249499,0.02610100804311873,-0.07547658348999109,0.025952965493579023,-0.06481024857304503,-0.1808491555672698,0.13637406499529572,-0.04693719452650199,-0.1286226810252693,0.018455174689753107,0.04760402152333946,-0.08454099024008188,-0.2015091483894209,-0.17476070819712952,0.03611040613201196,-0.01340155013472081,0.11447219327021163,-0.20317596873803254,0.09127950147238169,0.11183980593613485,0.00353851026597074,-0.06156946690340467,-0.03281337831378065,-0.40041470459083506,0.05256742586292943,0.05678475110464191,0.23899235024035428,-0.08797551673544424,5.785769757686927
7.05,0.1691529316109,1.614295478722,3.1,16.0,0.4082054197788239,0.5365220308303833,0.75,7.329999923706055,0.4792176187038422,269.1738586425781,129.0,113.44,6.47,113005.25,3048.97,56.37,31.11,33.02,4048.8,632.6927383685123,17.070544762331334,178.61,74.6,52.48,33.02,11.832260392384752,1.0136065476243834,41.19,962714.0,23.22925734100645,37.059541398199215,39.71120126079434,40450.0,30441.0,14677.0,7.420621787035737,5.286083690348805,5.286083690348805,0.6079000575173069,68.94,-1.1235634418268787,0.19052445297696705,0.039204960203727324,0.10805509642465409,0.06582060501334097,0.07376099026181004,-0.06563926112429326,-0.11927382380120237,-0.2696431266385136,-0.1349567748499241,0.45567507329913287,-0.0847752671572255,0.049344254596803805,-0.12205558808749976,0.11074981563791286,-0.3502668094141595,0.008373523124271087,0.005953426305639331,0.07994919678486508,-0.19335558185219404,0.1975653035386549,-0.4987390801650485,0.01922748048784791,0.022027477735155787,0.05328330437544415,-0.19196645746399865,-0.19747806795003006,0.018406478849522807,-0.0037930909518648637,0.05492762271217847,-0.11280429234591909,0.01776934487875052,0.1189923693592468,-0.022554859305564518,-0.16945890110892514,-0.03986117755220767,-0.3563428292880842,0.04682473556309689,-0.030943533709895627,0.32151518923122485,-0.005835940084472857,5.785769757686927
7.095,0.2514176443827,2.307216662407,3.3,11.0,0.3960256278514862,0.5645306706428528,0.699999988079071,6.389999866485596,0.5016245245933533,288.3624877929688,129.3096313476563,111.07,3.69,99177.0,1003.5,55.58,40.03,31.27,624.27,546.7309812568908,5.531973539140021,181.40000000000003,73.25,59.84,31.27,12.01708770605562,1.3716441835883986,39.96,1202915.0,16.431187710251496,41.28557796152066,42.28323432822784,53308.0,32689.0,17803.0,9.539679628333618,7.153294308153317,7.153294308153317,1.1848298070618952,91.37,-1.5262944953563267,0.39730868935980207,0.30538057615853237,0.11936883773797995,0.04769063651624691,0.07394246312716717,-0.13914447054536597,-0.11605893504936966,-0.46475061675839796,-0.22439950280727147,0.649856072374925,-0.023448815899377085,0.08601898434087518,-0.09323536869422037,0.25597201441111556,0.05529228261455654,0.07771826693780721,0.22753521420536083,-0.16119633502652433,0.20616125741856325,0.16902807670529416,0.13142055608711609,0.052374507073697174,0.055753911336345295,0.1469116234641247,-0.11970919228173749,-0.06735184532159544,-0.0210923153928817,0.02199989773678168,-0.07049582338283951,-0.02039544416890286,0.15035543355066694,0.1309014106006432,0.03417158879952176,-0.024094680359107928,0.05795882108270719,-0.3012024633547939,0.1930377732980635,0.17413607139846396,0.27343592922313614,0.10637260822854329,5.785769757686927
6.885,0.1148724190189,1.302710603876,3.1,6.0,0.2831749320030212,0.5371334552764893,0.550000011920929,7.849999904632568,0.4797067642211914,218.3512725830078,128.90185546875,97.153246,1.5051,22704.0,603.4405868680999,11.4219,8.4222,5.82,881.58,371.52675503190966,9.874661869875633,61.11,25.96,23.28,5.82,24.614949908569734,0.4775021872663257,65.5,193424.9506420834,3.786310606464182,52.02179642033601,44.19187938339238,90072.0,39502.4,26966.29,10.53622467854088,6.818367587891776,6.818367587891776,8.389512313189808,82.8,-0.13881094537625555,-0.3087607048137139,0.04113978444649476,0.1317171521686277,0.09455870292785708,0.036415278808394236,0.06458226949011292,-0.11452369644551093,0.04257330034994824,-0.09595404341127418,-1.3106930332508504,0.049381673543640724,0.17189197596936787,0.06410535580930111,-0.15584804425629747,0.18548007502210906,-0.0052996827020154,-0.005870995070865174,-0.035379113594696844,0.16810235850507482,-0.07025059980633253,-0.0270771211582429,-0.04179012257874907,0.02361944282412276,0.02873356625558343,-0.057890978781128255,0.1966734039664996,0.017475060851981344,0.054511359051578924,-0.06278033410809691,0.005638215509705373,0.1506348923135775,0.007788818635810009,0.20984578110681595,-0.07211690402735778,0.053620937166422335,-0.0978164698460588,0.008750953313754528,0.02195749093137948,-1.2381305886037937,0.05691932928713833,5.7857697576869285
7.195,0.1314135470274276,1.4353267236489895,3.8,3.0,0.1158771365880966,0.2247588932514191,0.2000000029802322,5.989999771118164,0.2298071086406708,185.4667510986328,133.9436645507813,1.2429,0.0576,178.0,2.865339918651946,0.0803,0.0452,0.01,4.47,635.7142857142857,10.233356852328376,0.28,0.14,0.08,0.0,0.1127832756406402,0.0717922868966855,97.4,2310.438051510152,0.0183640280367156,11.209851980137037,88.77178399182625,126700.0,55075.29,33831.22,30.733895233898767,1.0251391827949203,1.0251391827949203,4.746573554900874,162.4,-0.3639694006154764,-0.12251966108645819,-0.07743613047758295,0.03480316717815645,-0.12115570223732182,-1.0355432146432448,-0.10585781700650798,-0.1232937541556816,-0.3983157894245923,-0.14256128544302968,-0.6106531897256771,-0.054144785665742774,-0.09804959840616677,-0.03802999988838755,-0.20329115676552423,-0.03785503216200948,-0.10583083987369347,-0.04817472301401913,-0.11577795366652172,0.0617801816824135,0.04667657892094279,-0.010938643445015815,-0.0673943583402596,-0.13712556991339883,-0.1576529866248653,-0.08813364529855643,-0.137213956796069,0.003688117367626701,-0.042349468342214626,-0.11961872535961586,-0.058515132967666555,-0.46009016978117495,-0.41405710636861714,-0.06932609348958212,-0.2566414459482507,0.03566578765199177,0.2484925754673101,-0.045118515992203866,-0.04491498723174103,-0.13832334186230275,-0.10671861678555498,5.785769757686927
6.265,0.1382626852967,1.462918458051,19.1,28.0,0.5608036518096924,0.8136013150215149,1.899999976158142,21.82999992370605,0.7008810639381409,295.7795104980469,133.0,126.195,0.9478,45899.0,1702.0,58.722,16.8508,16.87,882.0,223.4017181377917,8.284052468910467,205.455,93.926,30.942,16.87,33.16205965449566,1.7174502122943875,39.64,605389.0,14.2,42.9,42.8,42227.0,38884.0,17032.0,18.34775726355647,14.769191834162667,14.769191834162667,0.4028414498141264,119.4,0.9074373107387391,0.2412343830780069,-0.10786064824219888,0.06687870881837117,-0.1661734723592799,0.25645677078293444,0.41828340822833115,0.1527292606838951,0.336440604589769,0.40232911538059696,1.0523260125737206,-0.1550170298427426,0.08594983380604908,-0.051040696797759987,-0.11735762547076534,-0.1775705730493841,0.11441937763420425,-0.22547166629865778,-0.05746274087775616,0.18916865767223845,-0.5771983985923256,-0.16040120402135152,0.02691076159596406,0.12206735153192882,-0.1770665087743061,-0.13035725200136375,0.10921839825238215,-0.4117851946011286,-0.04610906807221404,0.07905301518041023,0.0008071044114115189,0.045395827019849934,-0.05848417260205374,0.004194053886168965,-0.008144752917669399,-0.013995460830149206,0.18439886909513117,-0.03739741323002973,-0.015159121677674007,0.4574714816837311,-0.05279725692482214,5.7857697576869285
6.385,0.1795637312951,1.79149926306,18.6,19.0,0.5894808769226074,0.7502785325050354,1.5,24.8700008392334,0.6502228379249573,321.0201416015625,130.0,62.8682,0.7473,30465.0,544.0,23.7417,15.1611,8.037,883.0,391.6363496124131,6.993276684364113,77.789,31.907,28.226,8.037,12.555758966506351,0.9191379276851872,47.4,302484.0,8.8,57.3,33.9,63896.0,41068.0,18414.0,9.819277128486252,7.904115227830772,7.904115227830772,0.4381657992565056,63.9,1.5008516480506124,0.45866166199639197,0.687514270695042,0.43455477218099675,0.46418495393847864,0.8842269676594139,0.7035386131249188,0.07869828739876368,0.5870878424882916,1.0669087367034606,2.981677673527857,0.38748509311198953,0.48917583575503415,0.3964799521039002,-0.19468738280352005,0.3580608087034918,0.17305689660568987,0.004234856143352876,0.4995412202315977,0.6817458023929825,0.07507176139166509,0.10177152198911472,0.07231088529739638,0.18252317919589914,0.3056987619228828,0.3711411159549918,-0.019967875830883147,0.4498847763626245,0.17352476209669834,0.09333201704512824,0.3371153198018208,1.1725416901794976,0.12204856495078824,0.29462357454673804,0.13336474485853933,-0.058138981157729454,-0.2940644248273882,0.11034005918365408,0.12142477310872975,0.5716256116193231,-0.11866646518624124,5.7857697576869285
6.045,0.4323661659069,4.523324693613,18.6,4.0,0.5635682940483093,0.7286205291748047,1.700000047683716,23.09000015258789,0.6328964233398438,280.4542541503906,130.2056732177734,183.5192,0.98,54651.0,1569.0,81.283,53.4333,1.4101,409.22,223.51233078401705,6.416915463580222,244.51,108.676,89.27,1.4101,21.606103183901,1.091960683698584,44.1,646581.0,15.7,29.6,54.7,32791.0,38369.0,16598.0,29.188471783605653,21.4702652156679,21.4702652156679,0.2514382037807957,117.0,1.8880152742627867,1.4496604436339346,1.7587306424301465,0.5758028348768064,0.022311415864426348,0.7745454422144101,1.3050473330538919,0.28313099494298166,0.43389600926064326,1.2643856206381618,2.6898369781820706,0.5445933255853972,0.20519429350563115,0.03162344654523016,0.12497487076364533,0.11345008651564677,0.16774924846204234,0.4235927353643267,0.18111124853329805,0.19764426200096316,-0.032523858812638785,0.1402566650600582,0.09358862878582734,0.13852379935756454,0.4284741280962785,0.2358075509468558,0.1503607519339131,-0.011225408536666611,-0.0005078775528149689,0.20454309426365835,0.04587721075119422,-0.6780889914693592,-0.2239776008203477,-0.20414274619095715,0.9259027164877267,-0.060704394144397066,0.7316379548628328,-0.49100498914450547,-0.44502597440689623,1.032154859813364,0.20683744832044834,5.7857697576869285
6.675,0.2890472276714,3.014214178748,19.0,46.0,0.5933253765106201,0.8934727311134338,1.799999952316284,25.76000022888184,0.764778196811676,274.3808898925781,127.9325256347656,97.05,1.21,106381.0,2590.42,55.63,35.38,21.39,6084.07,610.4028000918064,14.863552903373884,174.27999999999997,73.07,53.35,21.39,11.545413701275482,1.3286396630675812,42.31,858592.0,16.673582357043852,41.11565010222189,42.21076754073426,42877.0,31410.0,15449.0,10.182451797210655,6.929020407132105,6.929020407132105,0.954641587443107,92.11,-0.21912797060010072,0.17223240266361142,0.08819450349989848,-0.035120321572658174,-0.1320031428520443,0.18032414847840253,0.2105122960283848,0.07807579448636726,-0.01820362885143645,0.32589929829421865,0.4808139212277786,-0.28326081675394815,-0.021896159699914246,0.003397416134156487,0.1616748362826915,-0.42051918341150873,0.04053007072192102,0.1286730160605003,-0.06436463761570166,-0.6852092504625258,0.14297203013101467,-0.8150738903982072,0.01497834380899891,-0.03645237792912467,0.12612943708830895,-0.10750922314357059,-0.09253597382478589,-0.07280148551023687,-0.017019931759032863,0.09420958337944992,-0.2554486870517725,0.022793696584538115,0.017389802804502752,-0.14357450863493523,-0.16950649557254902,-0.10512082570615207,-0.33796695503363927,0.1080933737695479,0.12180463971358457,0.15963785948510437,0.06182369777171437,5.785769757686927
7.3,0.08830742099776,0.9563473484437,19.3,7.0,0.4589750170707703,0.6835933923721313,1.100000023841858,26.98999977111816,0.5968747138977051,227.2692108154297,129.4583129882813,41.8,0.9984,37631.0,382.0,12.2266,9.8512,4.991,6472.866666666667,481.9852705731668,4.89273134806276,78.075,30.563,28.728,4.991,21.398798506227283,0.8755846807233554,35.03,369846.0,16.504901960784316,31.65686274509804,51.83823529411765,26213.0,35691.1,13158.53,16.539135979595088,17.556710821702243,17.556710821702243,1.1884593356762363,77.55,-0.6748194708463467,-0.49649471600121803,-0.5515002615869825,-0.006956858387848759,0.014064404894061628,0.07770321800440207,0.0386974103907608,-0.07006909586041206,-0.08767851942188837,0.1396700327785224,-1.2361446251820756,-0.0826844726699522,-0.11553293492866852,-0.06840154414657366,-0.0584971759922599,-0.08883663891779114,-0.06964406561735643,-0.08055049347851465,-0.08732026226317229,-0.3650996536163609,-0.017729736274330683,-0.027251970614052237,-0.002897414667407385,0.014874505352709141,-0.08031169960813868,-0.12183427249543038,-0.03880120775525523,0.01019432749078796,-0.19292061424347406,-0.20273685107544173,-0.07777333713269488,-0.21237197432560118,-0.08251763150225529,-0.2517493212999688,-0.05789626557891486,-0.2526098535571217,0.08349815163925119,-0.13947326101497545,-0.22623535090872263,0.09511276021140812,-0.02879612184886474,5.785769757686927
6.66,0.1099732820411,1.044781490968,19.9,15.0,0.5384698510169983,0.7504218220710754,4.099999904632568,22.26000022888184,0.6503374576568604,79.36817169189453,41.61711502075195,47.0,1.3107136824324324,36372.0,288.0,18.2749,8.0877,7.75,507.0,653.2327586206897,5.172413793103448,55.68,23.55,11.03,7.75,12.063693803924313,0.472838893581081,63.26,168105.0,10.1,30.6,59.3,59606.0,41956.5,25127.5,34.79581925675675,15.15646114864865,15.15646114864865,0.5191153820594531,50.55,0.17651230232874351,-0.07898435880060843,-0.28066979421032445,0.022782950227335008,0.052590153671602025,0.15884232120934935,0.40778641938900245,0.525081991861922,0.3747973952665782,0.35804269421526785,-2.066878905776832,-0.05290088439913091,0.028171696979548615,0.03353591838936124,-0.01778196207604717,0.09954108436650821,0.014601589481537447,-0.04672769295532586,-0.17883425583294507,0.38359316795043674,0.541339800243582,0.2274896891546361,-0.12718636797433527,0.2534720324005179,0.000808051035131078,0.024481522815730572,-0.04045692976354679,0.3176434443262592,-0.10486045394862857,-0.19982653844102638,0.24616080620394076,-0.22134918328125078,-0.2242338848942632,0.060099992158751024,-0.08044002293987078,0.5772008290607921,0.6128599407552943,0.3591803930154323,0.28488834634168364,-0.07550523603662258,0.24541104907717207,5.7857697576869285
7.05,0.2009573923785,2.454004650977,20.0,13.0,0.6137903928756714,0.8649687767028809,1.200000047683716,24.61000061035156,0.7419750094413757,284.4898376464844,130.9375762939453,46.39,1.9696,37903.0,493.0,18.997,12.4084,9.119,1097.6666666666667,438.5652299681805,5.704367949088805,86.425,31.048,20.027,9.119,23.6873667742644,0.5198347645921357,40.86,412043.0,11.40105756416319,43.837324276686296,44.76161815915051,46146.0,36086.43,16572.17,12.426995927713286,10.42342201495799,10.42342201495799,1.8765437977532649,50.36,-1.9101123353624458,0.2848131687302633,0.4020624062869939,-0.008987242563062972,0.03418734926545356,0.02175490579029704,0.18407076627946264,-0.12073583526028386,0.10948931767688026,0.33310694276765845,0.695167300319525,0.14140121216022064,-0.020281410735676648,0.10118208022687014,0.06695799202307884,0.1523417739602035,-0.02656560388425803,-0.10398967084393955,0.16732300980906337,0.15887435673844522,-0.03161683550104666,0.173631899621594,0.0867874494042085,0.028163960772646417,-0.15541659487852286,0.06332656059179313,0.03449718125310782,-0.03812561410586731,-0.0008649823016586197,0.023388337403910997,0.034919830957093646,0.39985689765855165,0.037565957690757545,0.00649121888064604,0.3627267534163933,-0.04124921929745714,-0.24197290808434269,-0.04739023383749493,0.04012975248027961,-0.3489884494608008,-0.24749371471384837,5.785769757686927
6.775,0.2288318748659,2.309665035609,18.9,5.0,0.5791773200035095,0.874875009059906,3.700000047683716,24.38999938964844,0.7499000430107117,255.4473724365234,130.0,107.34,6.28,66001.9,1675.31,49.3,18.28,27.37,612.65,435.2825957923893,11.048671107300668,151.63,65.22,31.43,27.37,10.04493389674318,0.8095851014325984,41.74,774172.0,21.96364940618549,42.590832655196046,35.44551793861847,49137.0,30324.0,14574.0,6.059303494414041,4.22208657852724,4.22208657852724,0.6829462442173873,55.57,0.00150248132651661,0.6470875651799263,0.40426041014870795,0.08231128139215456,0.21804688638815403,0.2756360545677845,0.3431360769408589,0.6008632675842267,0.16629453210740883,0.5134098271666571,0.23972035947914158,0.16041459533470168,0.06671854117545954,-0.12220103055276299,0.07790273761516124,-0.10834150717270037,0.041241627322893125,-0.08146334484902777,-0.09241579358613257,0.1531343033157682,-0.029377793397097857,-0.27014316178858416,0.02236857719682206,0.053961458638745276,-0.06880047876665903,-0.10620742924025846,-0.0724150616220488,0.07999893239817402,0.020016432346212865,0.253241317377303,-0.36107014883015887,0.223175103953786,0.2090319688160666,0.015602841019630201,0.030825380019363857,-0.09675801453002619,-0.6238776772871838,0.10587777326699895,0.04803826896866936,0.4770312089465038,-0.1765190916519991,5.785769757686927
7.04,0.09079972775049,0.7268085050842,18.4,25.0,0.7011379599571228,0.9581373929977416,2.700000047683716,22.72999954223633,0.8165099024772644,269.1738586425781,129.0,113.44,6.47,113005.25,3048.97,56.37,31.11,33.02,4048.8,632.6927383685123,17.070544762331334,178.61,74.6,52.48,33.02,11.832260392384752,1.0136065476243834,41.19,962714.0,23.22925734100645,37.059541398199215,39.71120126079434,40450.0,30441.0,14677.0,7.420621787035737,5.286083690348805,5.286083690348805,0.6079000575173069,68.94,-1.0140906332836173,-0.4189486854314526,-1.4200849611684625,0.12846969433144914,-0.0335405113277113,0.22305572827563447,0.17376491866529545,0.32743086325356296,0.09454870091885126,0.2777438051267765,0.41595976497104753,-0.019082470791605338,0.07167309368479036,-0.06870395100024536,0.1288964708249644,-0.18438760915130525,0.0723374597143505,0.0739674048633534,-0.0336570181761248,-0.23822247614000014,0.14511906960541235,-0.4412365513837602,0.025795264951208208,0.010397848893694106,0.050923625788611614,-0.07400624935255573,-0.09074875241854545,0.0082161950478441,-0.01812076373838852,0.14207510715102314,-0.2793104359294722,0.0743253540941674,0.08023637243948434,-0.05145230126849213,-0.04166776352868947,-0.07659462826388597,-0.30724205599051374,0.06468192147637657,0.09373252128061871,0.36585547541158725,-0.04394394079355971,5.785769757686927
6.825,0.1973637230563,1.705108159192,19.2,5.0,0.5868080854415894,0.8374630212783813,2.299999952316284,25.04999923706055,0.7199704051017761,288.3624877929688,129.3096313476563,111.07,3.69,99177.0,1003.5,55.58,40.03,31.27,624.27,546.7309812568908,5.531973539140021,181.40000000000003,73.25,59.84,31.27,12.01708770605562,1.3716441835883986,39.96,1202915.0,16.431187710251496,41.28557796152066,42.28323432822784,53308.0,32689.0,17803.0,9.539679628333618,7.153294308153317,7.153294308153317,1.1848298070618952,91.37,-0.11055608099752996,0.5302420797556869,0.3251916765472442,0.02737093323018147,0.14764708852305156,0.435894116033035,0.40865162961670926,0.492300558639524,0.39199532234522527,0.5592002494890612,1.1641844940871764,0.0499764849835728,0.029839405001136726,-0.0457149617890548,0.10681565925363816,0.08201498432868037,0.10895103340510937,0.35467294618348505,-4.270204074008355e-05,0.4065364441617252,0.15505127518556053,0.19829871514556538,0.07563009811710068,0.0929845928421218,0.19707029910830184,-0.053068755959946166,-0.026927539895031122,0.03135625199705524,0.028762656369813715,-0.029273556138535255,-0.054131736932831576,0.2726784521062798,0.21789057607103102,0.044462202608066326,0.06386717254198349,0.06433771339365461,-0.3270959638412389,0.15739118575823366,0.22202158465813734,0.3724575440648192,0.10837797757471816,5.7857697576869285
6.34,0.1375358478178,1.206564715757,19.6,4.0,0.5365254282951355,0.7443121671676636,1.700000047683716,26.22999954223633,0.6454497575759888,218.3512725830078,128.90185546875,97.153246,1.5051,22704.0,603.4405868680999,11.4219,8.4222,5.82,881.58,371.52675503190966,9.874661869875633,61.11,25.96,23.28,5.82,24.614949908569734,0.4775021872663257,65.5,193424.9506420834,3.786310606464182,52.02179642033601,44.19187938339238,90072.0,39502.4,26966.29,10.53622467854088,6.818367587891776,6.818367587891776,8.389512313189808,82.8,0.67058115752726,0.1406929544107309,-0.07540974322864852,-0.019650252447900158,0.12258012399161178,0.15489484267593087,0.30582973072185815,0.11745759845887782,0.017012180572160474,0.4833305439931945,-1.6883181422823832,0.06588762328053484,0.28252352340546666,0.01931648493692395,-0.19084796223009035,0.15820186218435706,0.07255180396180771,-0.1447182713885861,-0.05751654060313479,0.3131588782667325,-0.04298981913281996,-0.04521657023732054,0.03471716372643835,0.14096026844161316,0.11127939767532191,0.0797823583497187,0.25630279656404303,0.09974494950124912,0.07481647330703374,0.0034033930112061053,-0.05936696578494205,0.1555163202046601,0.042931806661583104,0.1982981373425963,-0.031302696881641334,0.11085041844711845,-0.14756098911638318,0.027846365081544183,0.07166488137998617,-1.661911896577938,0.09981434883569351,5.7857697576869285
7.0,0.06498900503097,0.6232803354827,20.3,0.0,0.31899493932724,0.5351080298423767,0.8999999761581421,26.72999954223633,0.4780864417552948,185.4667510986328,133.9436645507813,1.2429,0.0576,178.0,2.865339918651946,0.0803,0.0452,0.01,4.47,635.7142857142857,10.233356852328376,0.28,0.14,0.08,0.0,0.1127832756406402,0.0717922868966855,97.4,2310.438051510152,0.0183640280367156,11.209851980137037,88.77178399182625,126700.0,55075.29,33831.22,30.733895233898767,1.0251391827949203,1.0251391827949203,4.746573554900874,162.4,-0.45279562817617586,-1.0852220069291978,-0.5275377059135186,-0.019567120445003708,-0.11222424479578348,0.010781284528464876,-0.00526975231979485,-0.015338305337492758,-0.06629421764417696,-0.039967762880234604,-0.6663433017438088,-0.045543535428828684,-0.20110154052286064,-0.04114676542289166,-0.13862332759860652,-0.04139509900034175,-0.14478301836986063,-0.09984096011225212,-0.03696897739749003,0.06830181556765248,0.11286739155113562,-0.026868913421794326,-0.10981549006525972,-0.126947408692654,-0.11648049460564441,-0.026939839786231292,-0.23933613597693978,-0.0448826716765088,-0.04688914523572076,-0.047732006352728916,-0.02427131349421116,-0.30195385881492026,-0.3889676334645888,0.07842384078492613,-0.26167840489188293,0.008161081975668408,0.13949261260242188,-0.04307186242968958,-0.012031311270189577,-0.16119803024867196,-0.27803238342928943,5.785769757686927
6.13,0.1132376351737,1.085110961347,28.8,116.8,0.6129671335220337,0.1863466501235962,1.799999952316284,32.68000030517578,0.1990773230791092,329.3404541015625,131.0,49.512,0.336,36853.0,138.0,15.7684,11.0015,13.688,535.0,582.73904587214,2.1821286823421517,63.241,25.634,18.924,13.688,10.207596868462485,1.431208510245323,64.28,314899.0,7.9,22.3,69.8,42653.0,44208.0,19416.0,15.289797719630393,12.30765986180222,12.30765986180222,0.1473591078066914,99.5,0.7676471505698101,-0.45502775869379963,-0.15124951518616225,-0.11343974684223464,-0.15881670730151023,0.39448752428507583,-0.4991419730410698,0.04072145231910662,-0.06605529457640702,-0.28450904284114026,1.0790006513961674,0.23985732234308121,-0.07225121931173328,-0.027825039318251643,-0.02724753861957489,0.0876718039484043,-0.04013084251184381,-0.2924859002175997,0.26466494030705,0.36137999401757326,0.5300281226645022,0.24096365775494666,-0.00781805150300859,-0.01864424198173542,-0.12029272685928798,0.5179796281292482,-0.2442372739357868,0.7646442158929562,0.18689377365292056,-0.06980728530248222,0.3888514873201217,-0.7063361616954077,0.5851495808548727,0.0012169112937369109,-0.36744983584288166,0.11256158327305121,0.1317934823162976,-0.0010801690822388095,0.03997551712770242,0.8437509129627921,0.20778229814098717,5.785769757686927
6.3,0.06546488257556,0.5245143915534,28.8,115.2,0.4257345795631409,0.0,2.0,33.77999877929688,0.0467522889375686,270.0374450683594,130.0,60.6455,0.7705,18738.0,201.0,20.6519,13.225,6.148,775.0,236.6058463286824,2.5380390176147487,79.195,32.652,23.515,6.148,12.782698470895246,0.7724210753786316,47.21,209885.0,11.2,48.7,31.3,49780.0,37342.0,15884.0,8.251880779338212,6.642425473153561,6.642425473153561,0.2421040892193308,53.7,0.4976074684373311,-1.0865681412470511,-1.8674810707254907,-0.12611002456719395,-0.10735990935276417,0.03471230059268893,-0.3502285785251002,0.08715719223098027,0.028569337406509094,-0.3434950597795625,0.42794134603837325,0.0345239759176034,-0.08504993708396201,-0.0516623024528385,-0.27449673405475566,0.028567148244940055,-0.022721647458689025,-0.06634795133419669,0.008988175485050431,0.12409233587973632,-0.2548976326201427,0.10191596200400975,0.004919810903256013,-0.032888824022690256,-0.16401195305503202,0.0776452099081902,-0.13689917321808256,0.0523844225968621,0.031578935363633674,-0.1641855261078977,0.15767398856423534,0.33213462895531826,-0.0688121760405249,-0.045488870050679885,-0.08213413341749999,-0.04009990543544103,-0.2719869085617338,0.059431280731418644,0.027498333780980877,0.2624020449350448,-0.17899622246343214,5.785769757686927
6.59,0.2220461019333,2.274343786502,27.9,436.4,0.4671959280967712,0.1034901142120361,1.700000047683716,32.81999969482422,0.1327920854091644,260.926025390625,103.5349197387695,102.75,4.78,82098.0,1049.0,61.06,47.59,26.67,1144.0,402.7768238237748,5.1464455673845855,203.83,80.46,75.07,26.67,13.502993313811004,1.3571426592267275,41.38,826658.0,19.61414974691788,40.554352669645,39.83149758343712,37647.0,31064.0,14954.0,10.01000072751194,7.077667062460118,7.077667062460118,0.8315029869915178,92.59,0.6697667894075726,0.6173303600727612,0.5153759455744625,-0.043354854629729024,0.018811377774119453,0.30260736290734896,-0.3826677996237473,0.05627745320952308,0.029913510082975197,-0.5575841179682026,0.9255502163481563,-0.22146016530685456,0.1248981525020525,0.00016834459908254829,0.3491506162284052,0.1560180563116691,0.1454531738150655,0.5850941807284636,0.04696755723896221,0.22208485267300446,0.06423285763237212,0.317980209439374,0.11515914460768066,0.10635834630773393,0.668602453574468,0.04958177502524822,0.05875165847463389,0.049904045441522604,-0.00010302535866942482,0.13332288976357445,0.12629738788959996,0.1614143041480894,0.4394686962743142,0.09781834436948882,-0.03286029353757536,0.022453200751450703,-0.10108551467277078,0.29101128409844207,0.36501701717560703,1.1526034383709696,0.1702454079710448,5.785769757686927
6.725,0.1258579667521,1.354410811781,27.3,416.7,0.2475447058677673,0.1029258966445923,2.5,31.53000068664551,0.1314879506826401,271.5149230957031,131.2420196533203,94.5485,2.1563,46537.0,680.0,35.5076,21.2759,9.55653,702.0666666666667,383.5888559182328,5.60501153972964,121.32,51.283,28.768,9.556533333333334,22.96171465687948,0.7568755271663641,40.05,477450.0,5.7139813203593866,53.40210944990944,40.88390922973117,54771.0,36208.0,22771.0,14.874310622850874,16.990620933097066,16.990620933097066,2.7751741163370838,74.2,-0.15245542248885588,-0.373922859100724,0.08607006157357677,-0.15088705478618944,-0.08056019825641063,0.012866733238153424,-0.8719303417979983,0.32646391963081217,-0.1298451864793343,-0.7214777816421497,0.8977503259660177,0.015231491334066686,0.006902706430884383,-0.05063712468195517,0.03204977057761649,0.10719037455130713,0.03377879575435675,0.04634237893585935,0.13286468567391155,0.258457829193152,-0.10307264477373361,0.12358651591620462,0.05488187778305601,0.06352509343367811,-0.010463264492583649,0.0924974100351164,0.10008151091991642,0.13941844126890826,-0.06536532055462936,0.0639742358903251,0.30645547619574925,0.7388355149741201,0.5599589008596754,0.16330753596775152,0.12745918405791204,0.12156693445932676,0.07395856134306977,-0.2234001310200245,-0.17897777582547927,-0.8057088620326925,0.03352901594780555,5.785769757686927
7.1850000000000005,0.05666443727865,0.5661172965498,26.7,136.1,0.5981320142745972,0.1207273975014687,1.100000023841858,29.19000053405762,0.1465819180011749,233.8560638427734,119.8350448608398,49.1485,0.47,15878.0,356.18,8.5477,7.134794327171835,0.953,926.17,282.58702925891646,6.339075959279561,56.188,19.8872,18.41727,0.953,16.5223150965168,0.404246719542003,47.87,256107.0,6.0117218158366414,18.174131902767638,75.81414628139571,45012.0,32296.0,14288.0,6.990829016588316,9.211165561563142,9.211165561563142,1.5733199943233478,43.22460681495,-0.5043996331038176,-0.8963522668817575,-0.6112355656221508,-0.07211279523989432,-0.08341034696734835,0.0497556473405999,-0.21533242868945926,-0.03986160800849496,-0.04569176683930906,-0.16983572592736265,-0.9450182148953165,-0.07353778505445875,-0.06529727874536681,-0.0725631652056604,-0.18884108804111144,0.0010654704484041172,-0.09445110834217448,-0.10511484483783744,-0.061158320770763476,0.03840280539186512,-0.12918180134465543,0.014862726692558031,-0.02991235232388009,-0.05844350887905487,-0.0738844556378939,-0.11418114746430312,-0.05347195200684007,0.007311445137482176,0.026835936107309433,-0.15930569097230318,-0.03651468771933877,-0.29968071395816204,-0.13229795490074395,-0.07913809089334194,-0.08939787471247979,-0.0443765656398473,-0.12887448562422707,0.026939917073587727,-0.0147072952197275,-0.02900032138767601,-0.12479326579677051,5.785769757686927
6.85,0.2044854036256,4.393743349293,27.4,161.7,0.4772187471389771,0.1235397160053253,1.799999952316284,34.18999862670898,0.1388000845909119,243.8013305664063,129.2899780273438,90.0226,0.7435,42621.0,380.0,29.4862,26.9367,6.0698,1695.8666666666666,337.6107982224757,3.0100678849520373,126.243,48.203,43.513,6.0698,23.893469695255813,0.8922933064271592,52.67,391262.0,5.5,42.2,52.3,87708.0,38644.0,23300.0,29.21013066820637,20.030529177502824,20.030529177502824,4.456108026187788,110.8,-0.31351210456538364,0.16709023201008036,0.32672309243721387,-0.09925805587158014,-0.10663734575335838,0.1400796357923881,-0.407691756165965,0.015608405205586226,-0.26965326911147497,-0.5758614287455024,-1.1221726007524444,-0.09027363156985395,0.04900010650925777,-0.03856924752583083,-0.025418177063785685,0.04606208017501984,-0.018947780307685697,-0.01925147468203105,-0.017161459582274035,0.03740769323322261,-0.13845537721832327,0.08018697750453352,0.06350261166686057,0.015563039750401816,0.0340521092507118,0.009530025447135068,-0.1329744955143901,0.03444951259199689,0.05172421664231188,-0.052206319773881404,-0.07131229935872262,0.028075219004935464,-0.1146776782911253,0.06149982894701772,0.2133830278224624,0.006965893964931451,0.2765732545615982,-0.5020690302174309,-0.32499616002357296,-1.6810875779471866,-0.0988364766299782,5.7857697576869285
7.12,0.1738742953797,2.067589227543,27.4,161.7,0.3403342366218567,0.1695738881826401,1.200000047683716,34.47000122070312,0.1841316670179367,232.0772094726563,132.0273895263672,90.0226,0.7435,42621.0,380.0,29.4862,26.9367,6.0698,1695.8666666666666,337.6107982224757,3.0100678849520373,126.243,48.203,43.513,6.0698,23.893469695255813,0.8922933064271592,52.67,391262.0,5.5,42.2,52.3,87708.0,38644.0,23300.0,29.21013066820637,20.030529177502824,20.030529177502824,4.456108026187788,110.8,-0.667287303257064,0.16130740138549574,0.06973189423353748,-0.1368686885990875,-0.11062901076512092,0.019685513914809438,-0.33990109918512346,-0.12892508514601483,-0.23312229470795084,-0.22168320971606637,-1.5190509837264916,-0.002463284675807901,0.006634840380321194,-0.06814903467853188,-0.033795633699463735,0.05659957121735185,0.013388291940839514,-0.08942202508587488,-0.06499853963869894,0.05521564217521332,-0.13038367523472563,0.12250704237833913,0.04275782629086581,0.016065735966006207,-0.018295229919665906,-0.10140883324265,-0.0013769756389907701,0.0743575839328338,0.011328997963765186,-0.011150860546482769,-0.01650639177839826,-0.060130951221153826,-0.11854033379526831,-0.029738745490105727,0.14494364464546763,0.040559890111084296,0.22270124641913017,-0.14203248362136625,-0.26656254913935307,-1.2159303071673273,-0.034305582043585726,5.785769757686927
6.960000000000001,0.1210049522633,1.606840166926,25.7,191.4,0.4354498386383057,0.3447339236736298,1.700000047683716,33.04000091552734,0.3257871270179749,241.7138519287109,128.9469604492188,69.4828,1.3569,21994.0,591.6353864032538,9.1363,9.5518,2.36,1603.85,381.11245884595394,10.251869457689375,57.71,25.24,23.82,2.36,23.245438704361963,0.4724934230642314,61.4,189959.29356481816,5.960707881876988,46.25281304491967,47.78647907320334,66835.0,38481.79,24326.61,8.747788017238738,6.746846249557248,6.746846249557248,4.849428335338578,73.3,-0.756403911098519,-0.32507656268740115,-0.07689279463247108,-0.15628456399644888,-0.11242194225069074,-0.00046242779256635186,-0.12255814827970439,-0.03368065687094649,-0.1320646330234944,-0.0652484941184578,-1.162477569373467,-0.04246755986253531,0.0036354685250433913,-0.03380486124736723,-0.182262493310557,0.009283933852971262,-0.10383989406863003,-0.11687368031136114,-0.14354850060870158,-0.013338977725884585,-0.08139837901648701,-0.1400353159939464,-0.08867401228779039,-0.07960786826016236,-0.058031929946242254,-0.09583822434354876,0.004663788822438665,-0.08028008265965678,0.11069237862972588,-0.14700441757133656,0.012597676315180883,0.05807427336069656,-0.04023293845132459,0.04329110040010666,-0.12912901382279868,0.0057194431945731955,-0.4106714592430732,-0.013450355584912607,0.045227072479202414,-0.9968531615391351,-0.050795448762790914,5.7857697576869285
6.675,0.0339474408782,0.3884056913313,27.4,361.9,0.3381420075893402,0.3199940025806427,1.299999952316284,34.56000137329102,0.3059951961040497,242.6983489990234,130.4543762207031,63.2664,0.9452,27886.0,444.3569145845439,12.4604,9.594,4.24,5126.7,578.0679933665008,9.211378826379432,48.24,20.1,16.14,4.24,19.43094720323031,0.6227563491270615,69.0,193368.9479159194,3.5451066319090208,42.50639508474981,53.94849828334116,69659.0,40079.96,28518.51,16.15424853850087,8.892486399593126,8.892486399593126,7.63752247452101,120.4,-0.0939082351593531,-1.1682230681166925,-0.7791634849139717,-0.08216509620678943,-0.034750392261661406,0.02040560366250105,-0.06110768042257869,-0.03652252514571901,-0.13127092205526766,-0.0509580502125436,-0.5519720813185228,0.005924618638607437,-0.05117106497316451,0.01372545756407643,-0.06647015658171627,0.022743917154770348,-0.13202466736581392,-0.07838476641048193,-0.040564074763462875,-0.1887456649974016,0.11910055362193835,0.06412604366791505,-0.06266050046807599,-0.06261715683096646,-0.0008812042677544263,-0.04843703699041485,0.01893907209071834,0.005961655420179217,-0.002227150043691136,-0.008131297309709693,-0.03700783379850558,0.029035146217559194,-0.04278460011997288,0.06578768036062087,-0.10534504857655581,0.01547827391941011,0.05025094969248719,-0.0012813678748349415,-0.004561449781153405,-1.0036742954993532,-0.1367959091732418,5.7857697576869285
6.665,0.05964233918332,0.8830219718617,28.1,406.5,0.4921537339687347,0.4416697323322296,1.600000023841858,30.82999992370605,0.4033357799053192,203.751953125,130.9732818603516,2.90776,0.115,1588.0,7.908338175479372,0.089,0.2026,3.98,913.13,329.46058091286307,1.640734061302774,4.82,0.14,0.34,3.98,1.9414835306710216,0.2504382101047163,73.3,43717.2909103953,2.133822472423064,34.05945495650095,63.80672257107598,57754.0,39953.37,32733.15,7.989646389078048,3.576066916726457,3.576066916726457,2.2858259152713347,56.1,-0.01829448688774409,-1.1918719518308558,-0.8298652249648574,-0.10005591877466774,-0.0836344556679298,0.07546062095533114,-0.06497827278277725,-0.06466660407603848,-0.09397032056766479,-0.09502864012528293,-0.7586583623923785,-0.052136191658859965,-0.2635526729568916,-0.02273126760916512,-0.2295774848718557,0.012219062354231756,-0.1322127644253224,-0.19508267363227372,-0.05735865762143705,0.037232807980769965,-0.15453584020345293,0.017364745265878785,-0.12649043380087197,-0.14482850803938388,-0.1456065931954044,-0.007408164625874701,-0.25961576597756036,0.027224654519288183,-0.010096319098145382,-0.21233446108113477,-0.047061714812488914,-0.04013118683431682,-0.11999640129541618,0.025650897015714585,-0.071844691884092,0.09213974624763101,-0.14644784607213726,-0.047423006448889214,-0.05054075247263987,-0.06729782136119086,-0.010753935822855257,5.785769757686927
6.835,0.0723150022842,0.8170048577893,27.3,533.4,0.478956401348114,0.4987780153751373,1.399999976158142,35.33000183105469,0.4490224123001099,242.5231170654297,133.0,69.61883,3.1667,31295.0,362.9812608948286,7.9764,10.4369,25.54,1008.69,431.0012394986916,4.999053310767506,72.61,11.98,17.16,25.54,29.247120158096035,0.4441104259190304,62.5,205105.42621421916,6.613355601948504,25.327743910925538,68.05890048712597,63992.0,36649.66,25491.99,8.611711314748359,6.341558665661586,6.341558665661586,2.4926882667224866,70.9,-0.1475546723615695,-0.8345354754511703,-0.8006999755267872,-0.07864602458101771,0.031930394240950156,0.20200797844836163,-0.024604837925210326,-0.09797777624880426,-0.13104662704477207,-0.07935167405715325,-0.5240134921402256,-0.07497279861608448,0.028825347080217778,0.0356566840392463,-0.05784761376930422,0.034632364370180524,-0.04570980295283337,-0.03973780111633585,0.1368282749814743,0.0647249216280814,-0.038681851207102734,0.016671051496421303,0.023371282071357486,-0.04705543824951053,-0.03666811194117895,0.12016618575096788,0.15751682215309148,0.062121159892457346,0.12601827574114147,-0.08538352685251423,0.12290897201804468,-0.21606277628255008,-0.23414893328834305,0.09277949502390041,-0.021060870709103934,0.0936775585444835,-0.17762969785229984,0.04287224113940206,0.031213218113945545,-0.23752228143531542,0.028776334126176972,5.7857697576869285
6.535,0.1020147377599,1.311680485782,28.1,406.5,0.495362788438797,0.5626463294029236,1.5,34.83000183105469,0.5001170635223389,126.0672454833984,85.59015655517578,2.90776,0.115,1588.0,7.908338175479372,0.089,0.2026,3.98,913.13,329.46058091286307,1.640734061302774,4.82,0.14,0.34,3.98,1.9414835306710216,0.2504382101047163,73.3,43717.2909103953,2.133822472423064,34.05945495650095,63.80672257107598,57754.0,39953.37,32733.15,7.989646389078048,3.576066916726457,3.576066916726457,2.2858259152713347,56.1,0.3411721673051437,-0.3148162584215449,-0.03616439230182846,-0.16166614336258534,-0.09171669265375271,0.09995914345866752,0.001564382086446418,-0.050845207972333994,-0.14116519931872834,-0.06325226957731665,-1.1452611563065898,0.024592724214568772,-0.2832204969763888,-0.0986612589225333,-0.19984741172176132,0.010517448059131343,-0.17693838779973636,-0.2512655195737982,-0.16468319624656128,0.07953648287284411,-0.23320884785931192,0.0325654989449625,-0.17702489013188716,-0.21578348589306998,-0.24492946433401488,-0.0773522903862109,-0.38277919182294373,-0.016138019140532995,0.05624531300443605,-0.23200917512729857,0.01001192596403122,-0.00725798678748249,-0.28365114916308964,0.0311301972510399,-0.009479134208574694,0.16427723450395515,-0.2897160269376499,-0.09142979588438482,-0.13027218657375098,-0.13359601327906143,-0.022025282881212527,5.7857697576869285
5.0600000000000005,0.1566062594814,1.649161457892,4.3,26.0,0.2916558682918549,0.5421540141105652,0.699999988079071,8.550000190734863,0.4837231934070587,329.3404541015625,131.0,49.512,0.336,36853.0,138.0,15.7684,11.0015,13.688,535.0,582.73904587214,2.1821286823421517,63.241,25.634,18.924,13.688,10.207596868462485,1.431208510245323,64.28,314899.0,7.9,22.3,69.8,42653.0,44208.0,19416.0,15.289797719630393,12.30765986180222,12.30765986180222,0.1473591078066914,99.5,1.0885320980589905,0.3096401940097555,0.32637559994977944,0.1619123810450945,-0.06614308711804735,0.059835520428004586,-0.1281663605200732,-0.006414602899810736,0.30297731234887143,-0.19306600735401522,1.7059610401697567,0.23656260662366935,-0.1389009944176518,0.15249374774701807,-0.09256070287685432,0.23274119103202576,-0.038316831546562846,-0.10588672389178326,0.41301148712344715,0.2639937972349948,0.5203110611520465,0.28645856922675567,-0.03275091899245549,-0.0396785162820826,-0.1811842889590637,0.5538961824813703,-0.23008064512504364,0.33776116579447185,0.2476577342643261,-0.07166878627718265,0.2896586101961695,-0.6909084073715648,0.3576370543533967,-0.05585653458064033,-0.10295720361842971,0.007394723976900479,0.07434061582187394,0.04883599225808225,0.030972675626389574,0.7113907578206563,0.1667853378792321,5.7857697576869285
6.365,0.1147868051168,1.183626584146,4.3,26.0,0.1972007304430008,0.290416955947876,0.5,6.380000114440918,0.2823335528373718,270.0374450683594,130.0,60.6455,0.7705,18738.0,201.0,20.6519,13.225,6.148,775.0,236.6058463286824,2.5380390176147487,79.195,32.652,23.515,6.148,12.782698470895246,0.7724210753786316,47.21,209885.0,11.2,48.7,31.3,49780.0,37342.0,15884.0,8.251880779338212,6.642425473153561,6.642425473153561,0.2421040892193308,53.7,0.485202161021744,-0.3695103804013295,-0.27209274083622187,0.07918832794379371,-0.10132690150383117,-0.4584279031801058,-0.18876169310932156,-0.34988956266186494,-0.44894656816819295,-0.13775912010328903,0.3851306865620518,-0.027181113320310923,-0.1849515883406679,-0.020594899009713008,-0.3674158984241768,-0.006147489631956697,-0.04804929355045059,-0.1501904413558478,0.08801118579403593,0.1556863265963774,-0.568655292494356,0.12153003626252779,-0.0740539360239892,-0.10921249842710871,-0.12994921847587412,-0.12329175591662551,-0.24246615687637055,0.04632274706528753,0.0423019339837187,-0.1616368664835539,0.08690344296654036,0.2821469205302533,0.008044878561171531,-0.0009428572015691694,-0.09849383604345303,-0.07750550742435676,-0.343936175411598,-0.026705462643803208,-0.005651733449213585,0.29266436100226484,-0.22822800190896186,5.785769757686927
5.985,0.1680037495316,1.757371613585,3.0,22.0,0.2996407449245453,0.4820165932178497,0.6000000238418579,9.25,0.4356132745742798,260.926025390625,103.5349197387695,102.75,4.78,82098.0,1049.0,61.06,47.59,26.67,1144.0,402.7768238237748,5.1464455673845855,203.83,80.46,75.07,26.67,13.502993313811004,1.3571426592267275,41.38,826658.0,19.61414974691788,40.554352669645,39.83149758343712,37647.0,31064.0,14954.0,10.01000072751194,7.077667062460118,7.077667062460118,0.8315029869915178,92.59,1.3449742300890855,0.4637469641332033,0.46634397251272913,0.15344479209322137,-0.012866290106272752,0.29169932458715625,-0.2119278299481857,-0.10255024311112952,0.26592713423868436,-0.2971746452944313,0.9469147675867212,-0.25037596721176664,0.08706673599917754,-0.04651998203267375,0.32400447119200365,0.12847537850016807,0.1869275670955035,0.7414222205247839,-0.19188227531278682,0.21841323924164588,0.07785947394496533,0.29994612845779806,0.09017017166521124,0.14779659393727798,0.5966032243038016,-0.07908996732223716,0.0035515532947575,-0.06509383660218375,0.14165609540310964,0.1539616884953033,0.07107759806402288,0.21253618844887204,0.6807987439770896,0.06489583013564104,-0.13169348345659992,0.056276572710480144,-0.3310119145797576,0.31052294010439857,0.4110765267104242,0.7327320091873059,0.1188960373902405,5.785769757686927
6.720000000000001,0.1999856564854,2.081625695475,2.5,13.0,0.2666166126728058,0.3510452210903168,0.5,8.289999961853027,0.3308361768722534,271.5149230957031,131.2420196533203,94.5485,2.1563,46537.0,680.0,35.5076,21.2759,9.55653,702.0666666666667,383.5888559182328,5.60501153972964,121.32,51.283,28.768,9.556533333333334,22.96171465687948,0.7568755271663641,40.05,477450.0,5.7139813203593866,53.40210944990944,40.88390922973117,54771.0,36208.0,22771.0,14.874310622850874,16.990620933097066,16.990620933097066,2.7751741163370838,74.2,-0.026092152969156974,0.3570850372262573,0.21573890920291575,-0.615869506155129,0.08553789044222977,-0.024722356160451337,-0.13371625768806675,-0.41242919368127345,0.14695066260146264,-0.283291700785312,0.9194865185095393,0.03711581209067516,0.05024224357423135,-0.20986892968399742,0.04198384499419546,0.037235470108603286,0.014709039408729327,0.01255287142388628,0.10634486234887526,0.2368875185222948,-0.14655755430630704,0.07935509486915555,0.04426372226002603,0.07492828722610582,-0.018299193846986972,0.10689067383141156,0.08673738564196716,0.06634795186295765,-0.0894906954635144,0.07926455275338862,-0.016334567289225516,0.8819829919731728,0.30271140321389955,0.30366531513499395,0.20180520686288075,0.10155319393427938,0.14802175466763776,-0.12928976286676208,-0.036993740651595365,-0.8267820112329686,-0.0609436483537531,5.7857697576869285
7.395,0.0643875669168,0.586354679176,3.0,24.0,0.1266993135213852,0.1343065798282623,0.25,8.890000343322754,0.1574452668428421,233.8560638427734,119.8350448608398,49.1485,0.47,15878.0,356.18,8.5477,7.134794327171835,0.953,926.17,282.58702925891646,6.339075959279561,56.188,19.8872,18.41727,0.953,16.5223150965168,0.404246719542003,47.87,256107.0,6.0117218158366414,18.174131902767638,75.81414628139571,45012.0,32296.0,14288.0,6.990829016588316,9.211165561563142,9.211165561563142,1.5733199943233478,43.22460681495,-0.30459251749901695,-0.5985746219083391,-0.4947783586163239,0.02576221452538056,-0.01519460636499964,-0.8783437014916498,-0.1987305124733777,-0.12987275143549573,0.04374520344278444,-0.10504285195034292,-0.39716329532416045,-0.06963691563848631,-0.06710633082058591,-0.03536655611759296,-0.19751858512098644,-0.009003142506474432,-0.061186400012724025,-0.08950155733635883,-0.06838132710196772,0.02446443830259797,-0.10606317947756704,-0.016850249259578256,-0.01901060282848071,-0.045904874270734114,-0.06817954898460805,-0.03629763244242453,-0.054530311991187706,-0.01527389434168952,0.03071024214391277,-0.1013160784762381,-0.03118211403369379,-0.36967914231534776,-0.24463909881140858,-0.07319173594662952,-0.1457224853193569,-0.07426292156809909,-0.38115423726106057,0.017126748807241306,-0.013513970771636517,-0.0871845367512738,-0.15177140409359682,5.7857697576869285
6.83,0.1606819690298,2.347291146801,3.4,7.0,0.1968807429075241,0.4173991978168488,0.4000000059604645,7.550000190734863,0.383919358253479,243.8013305664063,129.2899780273438,90.0226,0.7435,42621.0,380.0,29.4862,26.9367,6.0698,1695.8666666666666,337.6107982224757,3.0100678849520373,126.243,48.203,43.513,6.0698,23.893469695255813,0.8922933064271592,52.67,391262.0,5.5,42.2,52.3,87708.0,38644.0,23300.0,29.21013066820637,20.030529177502824,20.030529177502824,4.456108026187788,110.8,-0.19056170038484962,0.10868918490242001,0.23471380540266648,0.06797386473793061,-0.00735482152514307,-0.36079530229157747,-0.10606449982359767,-0.3347872555242386,-0.22937895140395057,-0.20195980622852902,-1.2165746799177934,-0.06112932441414302,-0.04928758458546854,-0.026902853074028583,-0.0074600571496987,0.04435070072637337,0.020060954812411897,-0.00016319460818518353,-0.08539982776631043,0.03077540078523507,-0.11251028280427806,0.01759708500255791,0.04539120997618917,0.018410681573749737,-0.029685692316047046,0.03768238046505364,-0.14443971873816414,0.04383060946386563,0.10451220952610747,-0.057118866451587536,-0.11432571590386954,0.04090597472824712,-0.2989022858440632,0.03994188611084284,0.01263209850192796,-0.009335701886311868,0.41495498493656324,-0.2172115023336617,-0.3157963465032722,-1.2623095950842385,-0.07058791450006115,5.785769757686927
6.85,0.07623938666431,0.9117736874711,3.4,7.0,0.1214609667658806,0.1533065140247345,0.300000011920929,8.59000015258789,0.1726452112197876,232.0772094726563,132.0273895263672,90.0226,0.7435,42621.0,380.0,29.4862,26.9367,6.0698,1695.8666666666666,337.6107982224757,3.0100678849520373,126.243,48.203,43.513,6.0698,23.893469695255813,0.8922933064271592,52.67,391262.0,5.5,42.2,52.3,87708.0,38644.0,23300.0,29.21013066820637,20.030529177502824,20.030529177502824,4.456108026187788,110.8,-0.12866783686396896,-0.5651202495386464,-0.6500523345804627,0.030058612708491764,0.0037167665323934915,-1.4988723981781034,-0.26812146183418384,-0.3037329489972494,0.04774536979055524,-0.14143631981589752,-0.8778124884144537,-0.03206105162395893,0.0020292864669742283,1.5182907175207798e-06,-0.030821429773889325,-0.004984224759746668,-0.01301082896475421,-0.013878318792731556,-0.023823485332869265,0.024854594252508414,-0.12172874290218498,0.044252637379863506,0.02336648751298943,-0.00033005885134219465,-0.048512150770584656,-0.11349144611236206,0.04746505138782824,0.02986946144614616,0.020295393798871252,0.006513445750737729,-0.04149779690090461,-0.03914586814280962,-0.10918638072187303,0.01799279092647679,-0.07422347884014796,0.011326133122554668,0.15775616454214725,-0.09289111920380433,-0.05662397070287439,-0.5788512790643014,-0.009855346789378166,5.7857697576869285
6.91,0.1548696238513,1.709914543751,3.3,7.0,0.2677996456623077,0.4793040454387665,0.3499999940395355,5.909999847412109,0.4334432482719421,241.7138519287109,128.9469604492188,69.4828,1.3569,21994.0,591.6353864032538,9.1363,9.5518,2.36,1603.85,381.11245884595394,10.251869457689375,57.71,25.24,23.82,2.36,23.245438704361963,0.4724934230642314,61.4,189959.29356481816,5.960707881876988,46.25281304491967,47.78647907320334,66835.0,38481.79,24326.61,8.747788017238738,6.746846249557248,6.746846249557248,4.849428335338578,73.3,-0.3480815080140334,0.04215973708666174,-0.023329805133483122,0.07901491439174417,0.03231041832485217,-0.017201461873427266,-0.09840686250996163,-0.28025048039315165,-0.5283997333871421,-0.07091104961377497,-1.2155251713494242,-0.06967527117670777,-0.011785769865304727,-0.0208629428243082,-0.14296058173194434,0.04929646792743245,-0.13181411579523994,-0.06058762836028022,-0.13150447256412032,0.01679099729002689,-0.1847286346717202,-0.10588090901182241,-0.0769270989823287,-0.04644968920905287,-0.12366387118727551,-0.2350255878994747,-0.014130904267465874,-0.026993395197305675,0.08987090734872001,-0.20826977386258974,-0.06565197863603837,0.1048200813361982,-0.09440269658672285,0.0146573326381636,-0.08538177963535333,0.04964892632957895,-0.4114300985340287,-0.016686633371408733,0.010947513841145238,-0.9966831242107826,-0.07533960059090122,5.785769757686927
7.015000000000001,0.07736614263897,0.9251703495411,3.0,14.0,0.1248723119497299,0.2005982398986816,0.2000000029802322,7.369999885559082,0.2104785889387131,242.6983489990234,130.4543762207031,63.2664,0.9452,27886.0,444.3569145845439,12.4604,9.594,4.24,5126.7,578.0679933665008,9.211378826379432,48.24,20.1,16.14,4.24,19.43094720323031,0.6227563491270615,69.0,193368.9479159194,3.5451066319090208,42.50639508474981,53.94849828334116,69659.0,40079.96,28518.51,16.15424853850087,8.892486399593126,8.892486399593126,7.63752247452101,120.4,-0.38392355814109785,-0.3984420384258685,-0.5019046410191271,0.037656045183781406,0.014530401253083802,-1.3084880059045725,-0.12055080405371928,-0.21039083811524506,-0.1148287122098995,-0.1442909745742936,-0.29353372684640977,0.0074666614978050605,-0.004667623688106091,-0.0028789103478982594,-0.060793049124715094,-0.004067745279947123,-0.02456182152617183,-0.03494379059006029,-0.040378590302645484,-0.171756651418194,0.10145032810754862,0.015632705412927606,-0.03324485664007748,-0.015750610088746436,-0.0401825662763001,-0.07187491171662243,-0.0002127079359483345,-0.00214692807409401,0.012961139696249282,-0.08274486945192923,0.010606787396249345,0.020329931636968224,-0.08799312405169446,0.042470473762873995,-0.06364870527848368,0.04989991174944316,0.0025898576861682343,0.040053638092305915,0.0006576165442664464,-1.007270998235466,-0.06644057137325124,5.785769757686927
7.01,0.0638351135086,0.7424533970044,3.8,3.0,0.1829661130905151,0.4541138708591461,0.25,7.429999828338623,0.4132910966873169,203.751953125,130.9732818603516,2.90776,0.115,1588.0,7.908338175479372,0.089,0.2026,3.98,913.13,329.46058091286307,1.640734061302774,4.82,0.14,0.34,3.98,1.9414835306710216,0.2504382101047163,73.3,43717.2909103953,2.133822472423064,34.05945495650095,63.80672257107598,57754.0,39953.37,32733.15,7.989646389078048,3.576066916726457,3.576066916726457,2.2858259152713347,56.1,-0.5165729529286189,-1.0026095746324146,-0.5435697015026393,0.0425879788555639,-0.1495737302666821,-0.16212987332344694,-0.05487033618514283,-0.17702923027384354,-0.10338916602065507,-0.026449513118810202,-0.8448324925823444,-0.03785756730162976,-0.22731323970797768,-0.06932602905498116,-0.17692856801448534,0.003834250303016947,-0.08613014222422065,-0.09581322712653384,-0.08308545581382404,0.05316395335979016,-0.11134283853001321,-0.03713279106382369,-0.10543938909303772,-0.0506236207887543,-0.1118227193666164,-0.056862663993250434,-0.23373401482928555,-0.01195019357380534,0.07102508334351938,-0.13792238322288797,0.05861285409291298,-0.0685756946898909,-0.11495388241096598,0.023136708416311973,0.02330603671421519,0.054048026970178624,-0.11900546988597478,-0.005683677666564625,0.018031449596454727,-0.17542236659219798,-0.12789296601861386,5.785769757686927
7.12,0.05211915154462,0.6050561967567,2.7,4.0,0.1649818420410156,0.2946636974811554,0.4000000059604645,6.630000114440918,0.2857309579849243,242.5231170654297,133.0,69.61883,3.1667,31295.0,362.9812608948286,7.9764,10.4369,25.54,1008.69,431.0012394986916,4.999053310767506,72.61,11.98,17.16,25.54,29.247120158096035,0.4441104259190304,62.5,205105.42621421916,6.613355601948504,25.327743910925538,68.05890048712597,63992.0,36649.66,25491.99,8.611711314748359,6.341558665661586,6.341558665661586,2.4926882667224866,70.9,-0.41581320897705104,-0.9078003765039252,-1.0851292583657046,-0.13764361183210283,0.028420554289146176,-0.16309630649262583,-0.034726562933074724,-0.16767798011147858,-0.12146522227495544,-0.07665796763421562,-0.5304912412324083,-0.06069738448604265,0.01106012389550313,0.04384202717494127,-0.07215923116619401,0.0246393939712136,-0.05217021766375307,-0.0371776764263404,0.051715987924271734,0.06235139554047884,-0.019895497261903056,0.00882088457605823,0.01085453266514915,-0.0416052540422572,-0.02447568243023183,-0.0007875338613664296,0.14493712102148323,0.023712234685149807,0.04384713277363955,-0.029260618986514775,0.04424872167538394,-0.24278552353105595,-0.2605093203914856,0.061133493148184094,0.017800331286381088,0.050310618027625376,-0.12044329363261802,0.013394736877142746,0.02170941205553249,-0.19751935567418522,0.0039829863215486054,5.785769757686927
7.095,0.1885120006796,1.781521666372,3.8,3.0,0.1531119793653488,0.2633763253688812,0.2000000029802322,6.300000190734863,0.260701060295105,126.0672454833984,85.59015655517578,2.90776,0.115,1588.0,7.908338175479372,0.089,0.2026,3.98,913.13,329.46058091286307,1.640734061302774,4.82,0.14,0.34,3.98,1.9414835306710216,0.2504382101047163,73.3,43717.2909103953,2.133822472423064,34.05945495650095,63.80672257107598,57754.0,39953.37,32733.15,7.989646389078048,3.576066916726457,3.576066916726457,2.2858259152713347,56.1,-0.579633454659407,0.11118825150104701,0.022432837896696495,0.09055060702187397,-0.20585071163730737,-0.23789532626622878,-0.035517814588305684,-0.2838088488294877,-0.1273961333979379,-0.035624645121423805,-0.9946969158930276,0.003729948325530428,-0.18210152426152335,-0.06652214823102842,-0.30161323973128595,-0.008401846719889397,-0.15513539642637555,-0.15731660091040997,-0.043349057094257425,0.040553020157076215,-0.166388737183808,0.041756437896062315,-0.13191515643965915,-0.1222847301627535,-0.1784133535806537,-0.08348417132133773,-0.3915574036075879,-0.012617753795890899,0.10950955662637736,-0.23170017686550884,0.11166894270145443,-0.01872805309605329,-0.31405433061670396,0.043406090105657054,0.01751009628038036,0.21114989348557944,-0.2473520947643453,-0.0065201864409429695,-0.019626866835540536,-0.07901559128571116,-0.0365008828760837,5.7857697576869285
6.665,0.2242042461774,3.310778092327,20.0,15.0,0.543432354927063,0.7203001976013184,1.700000047683716,25.68000030517578,0.6262401342391968,329.3404541015625,131.0,49.512,0.336,36853.0,138.0,15.7684,11.0015,13.688,535.0,582.73904587214,2.1821286823421517,63.241,25.634,18.924,13.688,10.207596868462485,1.431208510245323,64.28,314899.0,7.9,22.3,69.8,42653.0,44208.0,19416.0,15.289797719630393,12.30765986180222,12.30765986180222,0.1473591078066914,99.5,0.7782640860095457,0.7338452676416639,1.2649211588045677,0.019498305307764124,0.23536262372821373,0.48872943412126996,0.6792353637630676,0.3163202418972244,0.26851832393317837,0.9398738701525223,1.7139881207626926,0.29532007206867195,0.19385258978186606,0.26106058620578904,0.34157529118707797,0.013988125055651723,-0.04074967466564616,-0.32734367909581713,1.532363816908931,0.3815323686934584,0.5864805283238065,0.5704900479715446,-0.021408400168074843,0.02661951630872572,-0.16224375258904492,1.0190986234833217,-0.14166051445989392,0.8987356221835062,0.4098880074949802,0.053348386170648375,0.6547668656167908,-1.059261189629504,0.37526361282063164,0.04689127867022802,-0.1933585627231711,-0.0506103161201407,0.18046302001075146,-0.004846715563072627,0.03424836407221784,1.2559264475058682,0.27370089163628086,5.785769757686927
6.355,0.1134605722313,1.226288784831,20.0,15.0,0.5981937646865845,0.7840847373008728,1.5,25.61000061035156,0.6772677898406982,270.0374450683594,130.0,60.6455,0.7705,18738.0,201.0,20.6519,13.225,6.148,775.0,236.6058463286824,2.5380390176147487,79.195,32.652,23.515,6.148,12.782698470895246,0.7724210753786316,47.21,209885.0,11.2,48.7,31.3,49780.0,37342.0,15884.0,8.251880779338212,6.642425473153561,6.642425473153561,0.2421040892193308,53.7,1.0125151246634612,-0.37381867446710926,-0.08610845985763989,0.07425039405808809,0.22818975231732322,0.379383965253889,0.7714031730849918,0.04448512325869306,0.172190718701189,0.5064277665162461,0.9218992693327152,0.08310867466085314,-0.1593147140994544,-0.21860001211348315,-0.5870785939629667,0.07143998827702698,-0.022035170594338977,-0.28788942689508135,0.04379468446086884,0.2262501521845548,-0.2488754897817269,0.14955649022471182,-0.015509876112617707,-0.3688413933999728,-0.30121759076948257,0.0914276684426661,-0.1915994898760284,0.07351374868731823,0.10594766679763186,-0.190375856408453,0.23873177861252506,0.614066091170958,-0.07824127188638852,-0.044665343850317805,-0.004399441388178715,-0.08449458575745956,-0.370704084177179,-0.004722836905430479,0.0021027348325937853,0.678286196039246,-0.2999104683777563,5.7857697576869285
6.625,0.09037240693334,0.9771361460098,18.1,31.0,0.5859137177467346,0.7720003128051758,2.700000047683716,23.25,0.6676002144813538,260.926025390625,103.5349197387695,102.75,4.78,82098.0,1049.0,61.06,47.59,26.67,1144.0,402.7768238237748,5.1464455673845855,203.83,80.46,75.07,26.67,13.502993313811004,1.3571426592267275,41.38,826658.0,19.61414974691788,40.554352669645,39.83149758343712,37647.0,31064.0,14954.0,10.01000072751194,7.077667062460118,7.077667062460118,0.8315029869915178,92.59,0.36796468734362503,-0.9654046758498579,-0.8619417333906729,0.29614849037376917,0.06544619995839802,0.3728892874993317,0.6327023413197711,0.7162997258416942,0.3104670631239033,0.5429829677633661,1.0721715454068974,-0.5176523765034935,0.08316160690802869,0.11580461729471137,0.41690512484579584,0.07458321716524526,0.08963811934430299,0.6307586070887915,-0.08344881567542035,0.21755050116755967,0.05145911614432741,0.25556926508593975,0.07135657937766064,0.054999909466052786,0.5182108801824526,-0.05791786073118995,-0.061244554662299944,0.001647705236345794,0.09364419256403826,0.10995312784327187,-0.311272558496332,0.20040423170153118,0.5602583092321939,-0.031224213895016357,0.20339872828734817,0.13283200123351793,-0.21542908511089318,0.206016864529558,0.35402134194859447,0.47149011381954575,0.25368434513639637,5.785769757686927
6.835,0.1208219338969,1.166843801582,18.2,18.0,0.4840219616889954,0.6705208420753479,2.799999952316284,23.81999969482422,0.5864166617393494,271.5149230957031,131.2420196533203,94.5485,2.1563,46537.0,680.0,35.5076,21.2759,9.55653,702.0666666666667,383.5888559182328,5.60501153972964,121.32,51.283,28.768,9.556533333333334,22.96171465687948,0.7568755271663641,40.05,477450.0,5.7139813203593866,53.40210944990944,40.88390922973117,54771.0,36208.0,22771.0,14.874310622850874,16.990620933097066,16.990620933097066,2.7751741163370838,74.2,0.4048945568250797,-0.008393689979932764,0.3433945333518888,0.5867774668818774,0.2280342715485156,1.3520271767732959,0.5798809853887426,1.8001586104849798,0.6227322954034425,0.9311820840424554,2.466694280937624,0.10103846309161169,0.15093911237081015,-0.04706567714067115,-0.009039645728547022,0.3997024510657372,0.19256175002149126,0.08541807169957116,0.4372354266307878,0.5362626400317719,-0.08624630124052146,0.27796282091876906,0.19881015650299969,0.11623022334086557,0.033361142145363974,0.5061864691076514,0.34720374735788817,0.17369214111680464,0.2557082494905092,0.07931876461257037,0.39195078161066826,1.1093762536009197,0.9260666883078693,1.3870338130545117,1.2281396864139202,0.528447377624621,0.5525231215568525,-0.5311018324724278,-0.08627826213204304,-1.0777416586347073,0.5896262027066487,5.785769757686927
6.875,0.1212168998997,2.241133393548,19.6,2.0,0.5695142149925232,0.8013975024223328,1.299999952316284,24.09000015258789,0.6911180019378662,233.8560638427734,119.8350448608398,49.1485,0.47,15878.0,356.18,8.5477,7.134794327171835,0.953,926.17,282.58702925891646,6.339075959279561,56.188,19.8872,18.41727,0.953,16.5223150965168,0.404246719542003,47.87,256107.0,6.0117218158366414,18.174131902767638,75.81414628139571,45012.0,32296.0,14288.0,6.990829016588316,9.211165561563142,9.211165561563142,1.5733199943233478,43.22460681495,-0.24108781504758103,-0.301478026926658,0.07275354748064211,0.002263818573260176,-0.14870479995270117,0.09786313140128088,0.16124940686248923,-0.05453056013347881,0.08076405025172048,0.1657903639803254,-1.3554289263379233,-0.13037149344728297,-0.10195259665591246,-0.0718988869037428,-0.1891158877143286,0.015090452414593674,-0.1497568090083005,-0.19309185984385702,-0.16203948132787652,0.0802220750100867,-0.22962182618969929,-0.015616525589872893,-0.10545505394075237,-0.11969089593011888,-0.12339019907336653,-0.1915082906975133,-0.09637989091575026,-0.06172675242186879,0.04602884602023582,-0.10245579077952456,-0.022996289699079946,-0.5876989067945096,-0.5568387143732623,-0.047448452565895693,-0.23475260471354595,-0.08369990690942146,-0.3059625036063601,0.040190049629214485,0.002848312960366912,-0.10976696522137018,-0.08258954764371955,5.785769757686927
7.19,0.1593194119943,2.625257472965,19.4,17.0,0.513699471950531,0.785018801689148,1.899999976158142,25.96999931335449,0.6780150532722473,243.8013305664063,129.2899780273438,90.0226,0.7435,42621.0,380.0,29.4862,26.9367,6.0698,1695.8666666666666,337.6107982224757,3.0100678849520373,126.243,48.203,43.513,6.0698,23.893469695255813,0.8922933064271592,52.67,391262.0,5.5,42.2,52.3,87708.0,38644.0,23300.0,29.21013066820637,20.030529177502824,20.030529177502824,4.456108026187788,110.8,-1.2189090755286172,0.17804616560126893,0.27230365555219754,0.011265163225890515,0.04343765539003815,0.27969209404189027,0.31106896137617307,0.11975980017508421,0.006722511357958649,0.4744015964307764,-1.131647924947306,-0.08079930610512176,0.0034041154394177653,-0.06010150330407608,-0.025919390652810386,0.031119130425475056,0.04528387329957665,-0.03618139610532752,-0.08966832204466542,0.004590059393792645,-0.15011387448664126,0.1423498778829678,0.06453099141393308,0.04553904810040543,0.02561032123080827,-0.09708151188476803,-0.00651585175011038,0.04825580930696775,-0.013377366604912325,-0.023150262034161262,0.006695730327275847,-0.009491739837557281,-0.13837373562477395,0.1625761606437098,0.04657544792000904,0.02249856603410812,0.44316454383700604,-0.36788574818270603,-0.30136430172768036,-1.443442722339866,-0.07170319446289464,5.7857697576869285
7.13,0.06015805778879,0.6011054421239,19.4,17.0,0.2714352309703827,0.3411122262477875,1.0,27.72999954223633,0.3228897750377655,232.0772094726563,132.0273895263672,90.0226,0.7435,42621.0,380.0,29.4862,26.9367,6.0698,1695.8666666666666,337.6107982224757,3.0100678849520373,126.243,48.203,43.513,6.0698,23.893469695255813,0.8922933064271592,52.67,391262.0,5.5,42.2,52.3,87708.0,38644.0,23300.0,29.21013066820637,20.030529177502824,20.030529177502824,4.456108026187788,110.8,-0.5843180485087912,-1.3180530184842487,-1.2440294894320083,-0.005343117200869866,0.01283665896406396,-0.01857373893101642,-0.08557598383314584,-0.10643421653517321,-0.07029519522910227,-0.07928575453195172,-1.0101769730555406,-0.04708793249246277,0.0002850536188398478,-0.02574207810043423,-0.03570164794073303,0.044447316545806574,-0.029551360603372573,0.016637289181487058,-0.041223817558954635,0.015582195153654768,-0.17037766458151635,0.04070651027177181,0.03097544852845918,0.02971082155813799,-0.05227441404455633,0.01889762689954838,0.009494928832910135,0.021899618488261174,0.09230314315679013,0.00020129990778720389,-0.033414522400308434,-0.04319614044162942,-0.09172355108911578,0.08344089545197471,0.05300886329653847,-0.01234484095694284,0.09692568922619416,-0.12430781662309275,-0.10528921022928006,-0.4685778379737268,-0.05623355040515319,5.785769757686927
6.3,0.09579494426716,2.166593862461,19.1,15.0,0.4532485902309418,0.5795559883117676,1.0,27.6299991607666,0.513644814491272,241.7138519287109,128.9469604492188,69.4828,1.3569,21994.0,591.6353864032538,9.1363,9.5518,2.36,1603.85,381.11245884595394,10.251869457689375,57.71,25.24,23.82,2.36,23.245438704361963,0.4724934230642314,61.4,189959.29356481816,5.960707881876988,46.25281304491967,47.78647907320334,66835.0,38481.79,24326.61,8.747788017238738,6.746846249557248,6.746846249557248,4.849428335338578,73.3,0.4873782008714654,-0.4709582025231205,0.08905076013890677,-0.0025745985044902295,0.06459686728471507,0.08386540575591721,-0.004204040483450623,-0.07229349223516808,-0.09929017696277065,-0.08946217434709854,-1.6403282591780421,-0.059059494128772295,-0.06716846096015232,-0.036954887974525064,-0.21188393235692116,0.05230142372278566,-0.19978297454278296,-0.12507918389321657,-0.21906318904046873,-0.04326498926479521,-0.09846179901228264,-0.0829064804889533,-0.10871221737150205,-0.029128584142946095,-0.11923517198970864,-0.21839170370638084,-0.041703957192301105,0.016362919602406878,0.01934152224814491,-0.1923217769243731,-0.11596135800499328,-0.005180577635145493,-0.21171544275162066,0.02040525708171979,0.10946733887420029,0.004924334692053657,-0.2440265688177707,0.04084795105409361,-0.034197885529231996,-1.169789161389401,-0.06478186389030823,5.785769757686926
6.515000000000001,0.04013846537348,0.404672904159,19.5,13.0,0.3012502193450928,0.3733408749103546,0.6000000238418579,30.04999923706055,0.3486726880073547,242.6983489990234,130.4543762207031,63.2664,0.9452,27886.0,444.3569145845439,12.4604,9.594,4.24,5126.7,578.0679933665008,9.211378826379432,48.24,20.1,16.14,4.24,19.43094720323031,0.6227563491270615,69.0,193368.9479159194,3.5451066319090208,42.50639508474981,53.94849828334116,69659.0,40079.96,28518.51,16.15424853850087,8.892486399593126,8.892486399593126,7.63752247452101,120.4,0.2402473266106301,-1.0533067495239359,-1.3376225123574867,-0.0020783033135218973,0.0410582256291143,0.06366516439925735,-0.04798660119986956,-0.04894019278857198,-0.06363959618051346,-0.05246835587475055,-0.3921406755654257,0.007617597233749607,-0.04916869592777177,0.01614723590375794,-0.10238952962724933,0.05757103567031713,-0.12691808810585975,-0.1037771388179096,-0.05192561054821169,-0.24616056897184876,0.22667809487032883,0.03540436525585764,-0.07079210679553484,-0.026656608148710608,-0.002846208883618214,-0.03594548565574842,0.015972616494056107,0.007668562340701142,0.01628431738700037,-0.03910379208217305,-0.03585839670505022,8.013946096235847e-05,-0.06551748551653801,0.07269245716689891,0.028689691345969753,0.01393392837475634,0.03294659758307553,0.003243995177967344,0.03879670256537036,-1.0919871769444491,-0.0876947258842614,5.785769757686927
6.63,0.0590718391242,0.5759403734802,20.3,0.0,0.5112689137458801,0.7386882901191711,1.0,28.56999969482422,0.640950620174408,203.751953125,130.9732818603516,2.90776,0.115,1588.0,7.908338175479372,0.089,0.2026,3.98,913.13,329.46058091286307,1.640734061302774,4.82,0.14,0.34,3.98,1.9414835306710216,0.2504382101047163,73.3,43717.2909103953,2.133822472423064,34.05945495650095,63.80672257107598,57754.0,39953.37,32733.15,7.989646389078048,3.576066916726457,3.576066916726457,2.2858259152713347,56.1,0.07147491637885868,-1.0239918672211583,-0.9250777746764866,-0.0385083996471371,-0.16640204564667002,0.07413477928569555,0.14193534866564683,-0.03522406864847733,-0.09985004482564215,0.18372153614286724,-1.0344824314480523,-0.0393748106646506,-0.13907692495321414,-0.03692427186851283,-0.2037360162492138,-0.013971566330543342,-0.1320474865925565,-0.1598731331014906,-0.037725063129851605,0.04582946414760477,-0.15693064074068486,0.003498057047849145,-0.1452139882485366,-0.13049478435541292,-0.2163699973616161,-0.05372026599574145,-0.29006373399834645,-0.007576181580527266,-0.014834559873956718,-0.23301587191358208,-0.06171155712089768,-0.04309599352043875,-0.3144827644403234,0.029784748977920338,0.03907543176765904,0.07508265599774376,-0.13990127267988667,-0.004023741370336444,-0.0667946049300302,-0.042848122503595536,-0.12782951125861716,5.7857697576869285
6.855,0.03076168732213,0.273770872194,18.8,32.0,0.3367940187454224,0.4881641268730164,0.8999999761581421,30.17000007629395,0.4405312836170197,242.5231170654297,133.0,69.61883,3.1667,31295.0,362.9812608948286,7.9764,10.4369,25.54,1008.69,431.0012394986916,4.999053310767506,72.61,11.98,17.16,25.54,29.247120158096035,0.4441104259190304,62.5,205105.42621421916,6.613355601948504,25.327743910925538,68.05890048712597,63992.0,36649.66,25491.99,8.611711314748359,6.341558665661586,6.341558665661586,2.4926882667224866,70.9,-0.17063411827710206,-1.3355142982671568,-1.1808758227678255,0.0173898174812334,-0.02910266926602682,0.024443777603820604,-0.05794622319072057,-0.08832387599362161,-0.03340425247424402,-0.09164580994620358,-0.5246913449786401,-0.06509380222310657,0.008049973417283343,0.01532248077406173,-0.040802490178036575,0.006264277373729014,-0.04491784088519751,-0.03090764847977893,0.023912735821766118,0.06037547869563322,-0.021003884456148036,0.027008987077220065,0.012294787431580967,-0.032284833170620454,-0.06403573484806456,0.0877550723802305,0.1120728665510526,0.028164459039857908,0.06656580681959222,-0.04002817513091509,0.004076810448358614,-0.13782192180129274,-0.3135326221940593,0.09196897883836529,0.06576019364673842,0.0786680492664349,-0.18073909380592287,0.04408473355094492,0.030858560234459875,-0.22406608293038313,-0.018043641617364176,5.785769757686927
6.905,0.1119911176749,0.877792920801,20.3,0.0,0.5412545204162598,0.7060145735740662,0.800000011920929,29.6299991607666,0.6148116588592529,126.0672454833984,85.59015655517578,2.90776,0.115,1588.0,7.908338175479372,0.089,0.2026,3.98,913.13,329.46058091286307,1.640734061302774,4.82,0.14,0.34,3.98,1.9414835306710216,0.2504382101047163,73.3,43717.2909103953,2.133822472423064,34.05945495650095,63.80672257107598,57754.0,39953.37,32733.15,7.989646389078048,3.576066916726457,3.576066916726457,2.2858259152713347,56.1,-0.24687037448170854,-0.1934342904258091,-0.8951299168447283,-0.030305878293659466,-0.15047728852091813,0.11265404169715264,0.15064370730364515,-0.05644261994663919,-0.11770232883446395,0.1397645254369466,-1.125260240816263,-0.014602218755037819,-0.18641874984136805,-0.09316186139549117,-0.25144322449773665,-0.04032704590116884,-0.19177568732967645,-0.11656164825246557,-0.12238356455046095,0.061660102483932805,-0.15689650817164466,-0.0035382782295542425,-0.10707898001587805,-0.1802132615927626,-0.22078292637634822,-0.05106545891046337,-0.21367273173973056,-0.045199388334690366,0.10103331998282557,-0.27049049828991406,-0.03040540174916388,-0.03998954077000677,-0.20813491138851684,0.017942855252929463,0.0632605948208804,0.1481626781814672,-0.18918717573187657,-0.019792706659841102,-0.04408832247087888,-0.11902388484976212,-0.05008875030677252,5.785769757686927
6.345,0.187590280695,1.564037081138,28.8,115.2,0.5304648280143738,0.1642918586730957,1.299999952316284,30.82999992370605,0.1783933937549591,334.9280090332031,131.3819274902344,60.6455,0.7705,18738.0,201.0,20.6519,13.225,6.148,775.0,236.6058463286824,2.5380390176147487,79.195,32.652,23.515,6.148,12.782698470895246,0.7724210753786316,47.21,209885.0,11.2,48.7,31.3,49780.0,37342.0,15884.0,8.251880779338212,6.642425473153561,6.642425473153561,0.2421040892193308,53.7,0.7028196445761555,0.25653738542475213,-0.012255806050380976,-0.1504926696363764,-0.23443551391057724,0.28113220366426106,-0.4328731380748672,-0.020943271739113256,-0.10558533985082441,-0.33631987917952505,0.9691404239140679,-0.015011247135866101,-0.337032972404779,-0.14732433771513107,-0.7833055895480795,-0.022170094253389783,-0.11529452692857893,-0.1438688603656091,-0.005558337522381773,0.2760653435038735,-0.3487949765885714,0.11838049268207933,-0.05094952977709344,-0.018295402134974714,-0.3399308362523379,-0.0782513612606734,-0.15904595310481148,-0.05018872823271966,0.0021950873897810994,-0.1275220698572174,0.1512095643106163,0.35451990644214176,-0.12431551457337442,-0.02291580793005536,0.0695902117923594,-0.05582782008079801,-0.28803181409191564,-0.01576712350184924,-0.014223853466156658,0.42782673161134005,-0.3028224394486681,5.785769757686927
6.375,0.226203811064,2.268647150833,28.0,354.1,0.3739136755466461,0.5626747012138367,1.200000047683716,33.47000122070312,0.5001397728919983,370.5200500488281,132.7790679931641,78.86,1.51,42101.0,1310.02,57.39,30.39,23.13,2283.8,239.6050310170167,7.455580217403678,175.70999999999998,75.89,47.08,23.13,11.640145980325425,1.1288686636714582,52.2,686334.0,16.06716086336319,29.95130135865117,53.98150854710848,36106.0,32559.0,16815.0,12.881572327495135,5.887189901806822,5.887189901806822,0.6001059414337037,94.45,0.7274475700398874,0.47598394620541945,0.5099815153411936,-0.13615015890098991,-0.302700162356829,0.022330801293347635,-0.15532529834459505,-0.04220632235749281,-0.29797767070308073,-0.2657560526806538,1.2179337092932219,-0.1317202342743952,0.0033665820566309477,0.009994797534235081,-0.0937072634825568,-0.005551143325712567,-0.028459385040906577,0.13770426528413524,-0.04292387596365307,-0.011053485559046283,-0.5812937960166736,-0.0014094170900060081,0.04179742243280741,0.019560135398023926,-0.004090864202539679,-0.0681507526945478,-0.24811904625203315,-0.027599551879608313,0.14837622545617513,0.07252587272339091,-0.06880466683923303,-0.26087335989448773,-0.21138345509172737,-0.05167740068827039,-0.19702740162831275,-0.03458228621657374,-0.07278556217490413,0.05818622688623506,0.11360110460488415,0.33292064425598616,0.08788869951511757,5.785769757686927
6.34,0.1317107729302,1.346018965951,27.6,218.7,0.5788008570671082,0.3789136111736298,2.200000047683716,32.13000106811523,0.3531308770179749,226.8743743896484,128.2054748535156,94.75,0.975,80886.0,573.0,36.035,30.6179,13.697,2339.8,503.33227546810537,3.5656280919222656,160.701,59.489,57.403,13.697,44.04493523854282,0.7705005543685988,37.51,683165.0,24.81513784080998,29.71825110917296,45.46661105001707,37563.0,37438.88,16936.21,15.717915646179634,15.449625511761106,15.449625511761106,1.4422353381379165,70.17,0.8620593826011996,-0.0648041860865094,0.06028979518805733,-0.0429579973892155,-0.0855280506399837,0.23477167743226146,0.04615482493454955,0.2622713265445533,-0.07496284363397292,0.02218824680137373,-1.8999765383428313,0.10417724904595509,0.08509700265059146,-0.017520645578591898,0.11749841141620232,0.09033017283781404,-0.024989497919371773,0.06273373019614085,0.11275218951631756,0.04920196038328121,0.07479827181341177,0.2259349170800593,0.02560768141149235,0.03352196925734977,0.04827638244886934,0.09415630024032284,0.4303939501280793,0.11960961114333513,0.014987749547557402,0.2028597322015441,-0.1736300200425318,-0.11027320504638083,0.38176555788634436,-0.04946360141558833,0.346638946961102,-0.04096912751231596,0.20853063205924982,-0.03837816782458362,0.05484507876323752,0.2024827707321822,0.11814984907586668,5.7857697576869285
6.68,0.262267499631,2.120456046221,28.3,331.5,0.4058118462562561,0.1438602954149246,1.0,34.59000015258789,0.1650882363319397,325.0343017578125,121.6630172729492,62.8682,0.7473,30465.0,544.0,23.7417,15.1611,8.037,883.0,391.6363496124131,6.993276684364113,77.789,31.907,28.226,8.037,12.555758966506351,0.9191379276851872,47.4,302484.0,8.8,57.3,33.9,63896.0,41068.0,18414.0,9.819277128486252,7.904115227830772,7.904115227830772,0.4381657992565056,63.9,-0.01803155344575595,0.5064517139074938,0.40742319127476523,0.03268609256361158,-0.15631621619313116,0.054656366113474096,-0.19931734788249655,-0.08390900698128263,-0.28518905236471626,-0.25940495303676786,1.3680153102663102,-0.09836745476613129,0.016476800514934276,0.10877977125687306,-0.11407073450119583,0.25471040054641514,0.08374825686003413,-0.03054885474877404,0.3456131307569932,0.3104800980068383,-0.021740654568636424,0.24138764197345144,0.027422497916844774,0.061726579963975535,0.09401846395357831,0.46866097482398855,-0.08073722336164553,0.26745514404429643,0.10104697818075614,0.03807000195878526,0.46879054856624053,0.9389450171899556,0.1148916638937983,0.07757657645252795,-0.2471500060421338,0.011503617683863801,-0.2624884701867154,0.08382762646624757,0.17610191714203027,0.4280114033113333,-0.08390230473221331,5.785769757686927
6.78,0.2519742817932,2.374731592573,28.6,210.4,0.351541668176651,0.1127407252788544,0.699999988079071,34.59999847412109,0.1397272646427155,366.6012268066406,129.0,142.4267,0.98,46210.0,1116.0,70.9324,18.6665,13.388,492.0,207.0155004031897,4.999552011468507,223.22,96.741,33.206,13.388,36.02947095994996,1.9691703020360272,44.56,503654.0,12.3,40.9,46.8,38937.0,39286.0,17168.0,21.03691766650654,16.933855628952,16.933855628952,0.4061223048327138,136.9,-0.07085980585308256,0.6532572669810386,0.5254176272698576,-0.17040999483705485,-0.2782496026317397,0.2180754584568092,-0.21223384474480178,-0.033218908075359065,-0.39070155866513123,-0.35018015285729626,1.7929422075905521,-0.05572388592371613,0.2628498615555119,-0.007208828176513249,0.15245934662541458,0.07504064283344898,0.18024650123064392,0.010409088101263212,0.21607810579376227,0.2666355155659259,-0.3328508922250477,0.24477590242193967,0.05514977024200488,0.11898208602025802,0.05759005597382753,0.08900787419382887,0.561566152446998,-0.2927732113877823,0.05760908754957539,0.07684388874558985,0.2677073204011416,0.1800191005721168,0.060335207276382384,0.0023521103351853423,0.26900271045175816,0.08116596624493728,0.24803277479169925,-0.0619856656125782,-0.07272855830070353,0.5967957655740737,0.10797207996865506,5.785769757686927
7.08,0.1073563743704,1.491912923371,27.5,221.9,0.5748522281646729,0.199037492275238,4.300000190734863,28.63999938964844,0.2092299908399582,142.1536865234375,121.3395462036133,41.8,0.9984,37631.0,382.0,12.2266,9.8512,4.991,6472.866666666667,481.9852705731668,4.89273134806276,78.075,30.563,28.728,4.991,21.398798506227283,0.8755846807233554,35.03,369846.0,16.504901960784316,31.65686274509804,51.83823529411765,26213.0,35691.1,13158.53,16.539135979595088,17.556710821702243,17.556710821702243,1.1884593356762363,77.55,-0.6504264799227736,-0.33784495035159484,-0.10750834081228139,-0.1330215226095963,-0.08330524342079572,0.04882629077275109,-0.1725022671340449,0.13515799016529356,-0.07468302807073447,-0.12637021108888297,-1.2181683011949789,-0.07581100711479705,-0.22609605779022982,-0.07829153486608165,-0.038804523005042876,0.01082595032596619,-0.08905267159506769,-0.08911978905007095,-0.10980103148875985,-0.4026555533343557,-0.02879659571074693,0.06114897861158078,-0.0004682956425979129,0.003446246081031885,-0.05217362931026071,-0.13113352995802297,-0.0222645554498777,0.029767655930577105,-0.12542506301665055,-0.3239746940493628,-0.044970618765339886,-0.31873557210347453,-0.16501156251937624,-0.27032903014204607,-0.1012257897550568,-0.23331919995120554,0.07124112343466164,-0.16276283892054547,-0.1429803027667784,0.05650113649452788,-0.0406410771333711,5.785769757686927
6.65,0.126125325302,1.313179613021,27.5,221.9,0.5431041121482849,0.358176589012146,2.0,32.54000091552734,0.3365412950515747,232.277587890625,129.3061218261719,41.8,0.9984,37631.0,382.0,12.2266,9.8512,4.991,6472.866666666667,481.9852705731668,4.89273134806276,78.075,30.563,28.728,4.991,21.398798506227283,0.8755846807233554,35.03,369846.0,16.504901960784316,31.65686274509804,51.83823529411765,26213.0,35691.1,13158.53,16.539135979595088,17.556710821702243,17.556710821702243,1.1884593356762363,77.55,0.10129714482144674,-0.2861388010073688,-0.04710190523813378,-0.1069198278064692,-0.09810706552060099,0.10289625679718088,-0.10597577059058151,0.057358343883449674,-0.12392846845565557,-0.0696931667659471,-1.3682239953103956,-0.04376832786398421,-0.20909927345895843,-0.1296408833027316,-0.039895217189730374,-0.006275648276013661,-0.06271510599873957,-0.1563778756479316,0.01570871013908758,-0.5301467507717621,-0.029797415808725636,0.011979628558408997,-0.011406104976135626,-0.13307643302725708,-0.09782323791779941,-0.16146938776938963,-0.07183744605991443,0.0566417461834151,-0.16627518867541577,-0.17523169924218054,-0.15958669330418718,-0.23400060941784515,-0.1284116045490137,-0.40369310657383806,-0.09722817081048761,-0.2814471157459645,-0.0042726235070745895,-0.1894099373803654,-0.20151321323621862,-0.044648482614360906,-0.07520368795558909,5.785769757686927
6.245,0.1588374700712,1.276391951719,28.1,472.3,0.315296471118927,0.3112873136997223,2.599999904632568,31.51000022888184,0.2990298569202423,255.4457244873047,128.9045104980469,47.0,1.3107136824324324,36372.0,288.0,18.2749,8.0877,7.75,507.0,653.2327586206897,5.172413793103448,55.68,23.55,11.03,7.75,12.063693803924313,0.472838893581081,63.26,168105.0,10.1,30.6,59.3,59606.0,41956.5,25127.5,34.79581925675675,15.15646114864865,15.15646114864865,0.5191153820594531,50.55,1.2788437877497418,0.32055888391237136,0.09813194509642931,-0.1310888505064475,0.1734769849543488,0.12760104487698073,0.10975067960292884,0.42300563339576386,-0.004453586096460294,0.06937344321177215,0.3334469561695946,-0.005533097089245542,-0.06814632741826061,0.27459716754923197,-0.1877377646987434,0.13116095092411703,-0.060947182839325986,-0.14211017303678677,0.05409527870544258,0.6312602348506638,0.7320827288078998,0.16306901848024302,-0.23829417641680886,-0.20571974905327806,-0.29365108805563717,0.0016470938538917235,-0.16805840901997868,-0.13974543396995687,0.2868729722905126,-0.24370267023809,0.08438423272266753,-0.22821581124589307,0.034716683448971684,0.17899291670890252,-0.03831048182816854,0.2612383268663614,0.7542183526067842,0.17741063265751658,0.2839808423608281,0.23829443221009874,0.00457689056023991,5.785769757686927
6.619999999999999,0.2002033955486,2.107310365125,28.0,453.1,0.4859171807765961,0.4767714738845825,1.399999976158142,34.45000076293945,0.4314171671867371,294.759033203125,128.2308044433594,121.17,1.24,111887.0,1972.8,69.36,49.35,35.98,2447.2,484.1916219491085,8.537303098494027,231.08,91.11,77.42,35.98,15.308206323678789,1.4921568515595265,37.51,1010017.0,18.514367546917764,44.48838459533429,36.99724785774794,40876.0,30965.0,14316.0,9.36200276864403,7.781782798224389,7.781782798224389,1.0236131895309892,95.51,0.09541830768314245,0.3261930050730211,0.21048975441763518,-0.232625932896787,-0.11931756327353978,0.3562269245558172,-0.2560280512543307,-0.10976254367473344,-0.4269390258640717,-0.30777066798366937,0.498185157197442,-0.12506277872297158,0.07572489491049013,0.036388791011443176,0.281564645094967,-0.1719019771436098,0.08994476891998571,0.39259678446424817,-0.0044245871647023245,-0.13066771636537333,0.11085324039646023,-0.06129832836033707,0.09623080574418615,0.07894907620874547,0.3351084308129935,-0.23745025643519946,-0.058524522026734825,-0.13104665944953844,-0.12802271477806473,0.049740393367121584,-0.08633159050533219,0.08738077505617829,0.2590031168434626,-0.029265119782437548,-0.3657931071796126,-0.18399478670053782,-0.35116558990041447,0.1808732457699335,0.12407955415638046,0.3275534540231711,0.11754466903280843,5.785769757686927
6.66,0.1829329069306,1.759549358588,27.7,434.4,0.4098489880561829,0.2989175021648407,2.0,30.52000045776367,0.2891339957714081,288.1651306152344,129.0,92.75,1.5386300675675677,45158.0,696.0,33.0483,14.6795,31.74,196.0,387.35632183908046,5.970149253731344,116.58,42.49,20.02,31.74,25.258358901966528,0.555059543918919,52.85,465622.0,12.3,44.1,43.6,67794.0,41956.5,22104.5,40.84636824324324,17.791976351351355,17.791976351351355,0.9989242570341496,59.34,0.0737937567010886,0.324192262205741,0.1999364557495508,-0.11474616279182093,-0.20449715580488373,0.050297571171669185,-0.11787139756334779,0.10295996145728388,-0.11310387518559832,-0.08017317890307012,0.6806114359119778,-0.031900533243992855,0.05800750218566016,0.03818152399788503,-0.047174273723305106,0.07728528365903593,-0.022933748281461552,-0.18297581840683072,-0.3209460017400028,0.2938134561439329,-0.1378008102602771,0.0591649455800712,0.007255576850179413,-0.020641760610200954,-0.24294205115504783,-0.2992807250287237,0.09400517071708518,0.1044356755117289,0.05377410311039318,0.01759705365746833,0.035447737356294175,-0.014214573761372066,-0.0013975440807381851,0.03771392978645053,-0.24123291775028824,-0.024757953697015573,0.6895705107854019,-0.07696633544543115,-0.04668873577447245,0.1632348587135366,-0.0157516190203828,5.7857697576869285
7.02,0.216094553184,2.214483648776,25.8,149.9,0.4290626347064972,0.1921222656965256,2.200000047683716,32.20000076293945,0.2036978155374527,244.8415679931641,129.0,156.26,3.7,71109.0,604.0,25.5392,19.687,6.87,4046.0666666666666,639.9701205079514,5.435907589570977,111.113,48.363,43.95,6.87,30.453854606755456,0.8473062281162614,50.12,299186.0,8.188156481532047,41.53969380882165,50.2721497096463,56528.0,34807.04,22100.67,29.449202691670408,16.989687864542002,16.989687864542002,4.19935794066213,97.31,-0.9513213365802279,0.20447912716882996,0.16254178811492162,-0.10999707903741078,-0.07050905185746836,0.05972740928100795,-0.12193114704397441,0.12928217629294744,-0.06466379685378769,-0.19275705989279568,-0.7786247724292547,-0.08453023920409675,0.137124366158666,0.1050638607103136,0.11997708817366608,0.09643292127615655,-0.015344584074120019,-0.015606347423745745,-0.09131843098769277,-0.06165025878532552,0.11593462254132685,0.10264525202549284,0.018342122889754342,0.028986151153633788,0.0169529630210401,-0.09881752271602462,0.06348223276244358,-0.009938488855957347,0.03346301708251901,-0.03311513110169769,0.047464082831536435,-0.029693211293143024,-0.07645905843807725,0.01896777363448887,-0.1975987968583185,0.03028408080511032,0.395027113140576,-0.12787408283991142,-0.13628402852095803,-1.3843730342596283,-0.012630193396916104,5.785769757686927
6.815,0.1722557157185,1.662176009124,27.8,233.8,0.3344251811504364,0.4704570770263672,1.600000023841858,31.17000007629395,0.4263656735420227,243.0920715332031,129.7129364013672,107.34,6.28,66001.9,1675.31,49.3,18.28,27.37,612.65,435.2825957923893,11.048671107300668,151.63,65.22,31.43,27.37,10.04493389674318,0.8095851014325984,41.74,774172.0,21.96364940618549,42.590832655196046,35.44551793861847,49137.0,30324.0,14574.0,6.059303494414041,4.22208657852724,4.22208657852724,0.6829462442173873,55.57,-0.26639636705647146,0.16118423381241043,-0.011918504298279342,-0.07467387180511227,-0.13129393698891056,0.025212266569966817,-0.10989730043858004,-0.13065309863963834,-0.07444101240725509,-0.15632808439387283,-0.7352386589754447,-0.11576208408543032,0.03880488536391328,-0.3086394384100862,0.04329201963559567,-0.04994694377391321,0.03909343665417527,-0.10190552761118554,-0.13073138495229042,0.13990006538839073,-0.026606441585757423,-0.2321501224700706,0.03171100156506105,0.011295653333247854,-0.06237379402003773,-0.036193059898438094,-0.08733026260435924,0.028338830914252305,-0.0008872345675089063,0.10184821719894906,-0.07170287263990538,0.14716098738081362,0.13102251142750468,-0.01043869627482985,-0.2239520538408584,-0.03561449402966299,-0.4482230866431591,0.03159578061413489,0.041483784347629525,0.2555613525152188,-0.06842835355145611,5.785769757686927
6.445,0.1367118254852,1.298144584647,4.3,26.0,0.2148696184158325,0.4087094664573669,0.4000000059604645,7.809999942779541,0.376967579126358,334.9280090332031,131.3819274902344,60.6455,0.7705,18738.0,201.0,20.6519,13.225,6.148,775.0,236.6058463286824,2.5380390176147487,79.195,32.652,23.515,6.148,12.782698470895246,0.7724210753786316,47.21,209885.0,11.2,48.7,31.3,49780.0,37342.0,15884.0,8.251880779338212,6.642425473153561,6.642425473153561,0.2421040892193308,53.7,0.46420323062106555,0.0646075798635292,-0.1266998541600551,0.12458812181594155,-0.09651316460472285,-0.11648420308279095,-0.12043128889162798,-0.4621284323769386,-0.22951103340733628,-0.20821296792792654,0.7577076652742539,-0.04247911529618912,-0.07445531568180201,-0.09754743506172599,-0.5515523027316467,-0.04409122325699052,-0.1437656815273606,-0.1456802503655207,-0.11140817204378455,0.1822245743527239,-0.5747564506620042,0.14664117076847535,-0.0934048239953279,-0.06875642953955119,-0.23996493683899767,-0.11656259270614729,-0.23607965796936303,0.025773888922637433,0.01595672243901854,-0.1212065104099123,0.06509504951577827,0.23187648378309034,0.014036204964325819,-0.026294550999259186,-0.06919513116150722,-0.07184175025145549,-0.34132741649634046,-0.05875957902839294,-0.010200964800858045,0.2785099632027425,-0.23774843365669843,5.785769757686927
6.1,0.2302912650946,2.440129807002,3.3,21.0,0.3015008866786957,0.4831761121749878,0.699999988079071,8.09000015258789,0.4365409016609192,370.5200500488281,132.7790679931641,78.86,1.51,42101.0,1310.02,57.39,30.39,23.13,2283.8,239.6050310170167,7.455580217403678,175.70999999999998,75.89,47.08,23.13,11.640145980325425,1.1288686636714582,52.2,686334.0,16.06716086336319,29.95130135865117,53.98150854710848,36106.0,32559.0,16815.0,12.881572327495135,5.887189901806822,5.887189901806822,0.6001059414337037,94.45,1.118940654431958,0.580198606021013,0.7506348495703291,0.15746386675736268,0.15413151073384546,0.19986682588513097,-0.11926006899853954,-0.03903715630215091,0.22779530495658848,-0.28002307317331976,1.586798916619868,-0.06837221423173385,-0.003801286055870786,0.05844019830711078,-0.09627773756303444,0.026549735642375467,0.060087204766913205,0.15375013786773506,-0.11813968767231797,-0.01667821672434407,-0.4192559929203867,0.08516493583198319,0.05591530407110268,0.08573786711623048,0.030472728549149213,-0.05070788578584532,-0.19409998393910563,-0.017439672057324367,0.2285719654772873,0.12188393912913338,-0.17197782724904545,-0.3315023268903658,-0.19469224935796317,-0.062214165799002595,-0.03900882282633056,-0.03708327544771913,-0.052225782864744476,0.17933841866249525,0.10958709436608127,0.5914069952126709,0.1776884487716459,5.785769757686927
6.23,0.203861600483,2.004570981987,3.0,27.0,0.2058755159378052,0.3090001046657562,0.449999988079071,9.1899995803833,0.297200083732605,226.8743743896484,128.2054748535156,94.75,0.975,80886.0,573.0,36.035,30.6179,13.697,2339.8,503.33227546810537,3.5656280919222656,160.701,59.489,57.403,13.697,44.04493523854282,0.7705005543685988,37.51,683165.0,24.81513784080998,29.71825110917296,45.46661105001707,37563.0,37438.88,16936.21,15.717915646179634,15.449625511761106,15.449625511761106,1.4422353381379165,70.17,0.9369902029746494,0.4484037512912678,0.2930660198144042,0.12846428486170788,0.014109659214079398,0.06641244520919098,0.046054561370103296,-0.30584974760343525,0.2585531375057,0.06928079312263735,-1.920476019546533,0.0381647054627842,0.15796643523305587,0.046254449143370256,0.13118406625747517,0.06779684357374478,-0.010470886607027033,0.09830908773798612,0.08568994845063056,0.053589278962962804,0.1005568506215555,0.23528277221020233,0.018660924359862403,0.05927866179869442,0.0435321289267638,0.13637517873053387,0.5881593283813557,0.13545973420525426,-0.01896819639774479,0.1822447722318733,0.02281062108396925,-0.18118242194457523,0.27292118882153715,-0.08823758359432084,0.27125277535563713,0.0122275920076614,0.26467332065870974,0.10509953929201392,0.09783087177643546,0.10328005211995157,0.043031361881431196,5.7857697576869285
6.65,0.1552940102061,1.245185176499,3.1,22.0,0.2493519634008408,0.2066291272640228,0.550000011920929,7.429999828338623,0.2153033018112183,325.0343017578125,121.6630172729492,62.8682,0.7473,30465.0,544.0,23.7417,15.1611,8.037,883.0,391.6363496124131,6.993276684364113,77.789,31.907,28.226,8.037,12.555758966506351,0.9191379276851872,47.4,302484.0,8.8,57.3,33.9,63896.0,41068.0,18414.0,9.819277128486252,7.904115227830772,7.904115227830772,0.4381657992565056,63.9,0.32358759578109514,0.4142935375767191,-0.19953720369928327,0.10515871291643213,0.06149706176508174,0.01489643208002541,-0.241885299500141,-0.1834785357253271,-0.41053331826536293,-0.33843235534274957,1.2479886091700394,-0.08595384127556709,0.09929867790017773,0.10318830267499142,-0.13039618504262587,0.21238997974721344,0.1582917117405693,0.036954454073333386,0.25802405152331936,0.28756905059927135,-0.08124102950903407,0.18574488619169002,0.04646736355615485,0.0244417488919646,0.0519348808735729,0.23612543599548327,-0.17465134979998145,0.2261021441312947,0.0975040718180239,-0.027210585593496983,0.3192056277651558,0.5985338431119291,0.09161896584941161,0.050627738420875014,-0.292233833237502,0.04381842379093041,-0.17271247976352097,0.11337612456330122,0.06841764544555229,0.43675898476374825,0.0032000081709120387,5.7857697576869285
6.775,0.1495452637953,1.482051013111,3.9,17.0,0.3169166743755341,0.3141359686851501,0.6499999761581421,8.210000038146973,0.3013087809085846,366.6012268066406,129.0,142.4267,0.98,46210.0,1116.0,70.9324,18.6665,13.388,492.0,207.0155004031897,4.999552011468507,223.22,96.741,33.206,13.388,36.02947095994996,1.9691703020360272,44.56,503654.0,12.3,40.9,46.8,38937.0,39286.0,17168.0,21.03691766650654,16.933855628952,16.933855628952,0.4061223048327138,136.9,0.4127582500418003,0.3731785987696401,0.2057972132424454,0.191157720704203,0.2373800168448459,0.23632526150305075,0.006265923754700475,-0.016404302077099864,0.2707140851962602,-0.08560290527307557,2.0714737727363874,-0.0403275906699699,0.4218225829898877,0.13376137166476046,-0.04595707197174385,0.06611903824079161,0.17063076963835289,-0.025737839236147808,0.1875058455432317,0.41012158724533326,-0.5502993893220814,0.2200233374512445,0.13728566771526088,0.19546645680356786,0.0011416727537147953,0.15529115542214914,0.35310468215923746,-0.4519833846586237,0.028656075820567544,0.18295005066010858,0.2188995006101714,0.17234075086313805,0.014016708532321879,0.040997706297574675,0.16537229008437482,-0.023916436850933698,0.37710618754702,-0.0268770117146034,-0.0638896508351463,0.5972850093899116,0.11840935503083161,5.785769757686927
6.99,0.1059911845053,1.263483969206,2.7,19.0,0.1251616626977921,0.1729066520929337,0.300000011920929,4.829999923706055,0.1883253157138824,142.1536865234375,121.3395462036133,41.8,0.9984,37631.0,382.0,12.2266,9.8512,4.991,6472.866666666667,481.9852705731668,4.89273134806276,78.075,30.563,28.728,4.991,21.398798506227283,0.8755846807233554,35.03,369846.0,16.504901960784316,31.65686274509804,51.83823529411765,26213.0,35691.1,13158.53,16.539135979595088,17.556710821702243,17.556710821702243,1.1884593356762363,77.55,-0.3906984400801321,-0.23849746138858166,-0.12102867237589454,-0.11756826018545818,0.009068325337601713,-1.1319522797217956,-0.26385497775416417,-0.1654134178089418,-0.27831551076982725,-0.14841002026144098,-0.8849604745086871,-0.013934928228715582,-0.11447091093394453,-0.019664521400898364,-0.024748329752278194,-0.00043819990790262137,-0.03518700123818056,-0.05910067432370373,-0.04140881030217746,-0.3222093058118398,-0.03183724814314346,-0.010913421489779562,-0.01989495365245113,-0.01204001690844427,-0.00613216838447872,-0.03876647982469416,-0.013094604024071768,0.013495182875581472,-0.13450314222175638,-0.1272687016241588,-0.1399370493546664,-0.14110047695177672,-0.0678298452958019,-0.15669946630455048,-0.056176393293458464,-0.1617705803865622,0.028902473062867817,-0.12695301470282128,-0.1301172434857593,0.0171964467978779,-0.03292516180001341,5.785769757686927
7.15,0.2125038355892,2.335936137249,2.7,19.0,0.1458965837955475,0.2414888739585876,0.25,8.65999984741211,0.2431910932064056,232.277587890625,129.3061218261719,41.8,0.9984,37631.0,382.0,12.2266,9.8512,4.991,6472.866666666667,481.9852705731668,4.89273134806276,78.075,30.563,28.728,4.991,21.398798506227283,0.8755846807233554,35.03,369846.0,16.504901960784316,31.65686274509804,51.83823529411765,26213.0,35691.1,13158.53,16.539135979595088,17.556710821702243,17.556710821702243,1.1884593356762363,77.55,-0.5922616922766331,0.14688565991242522,0.17043892252891465,-0.13854916100191375,0.0061928595049624184,-0.5813379619523102,-0.07720235715735024,-0.20126343101339872,0.09117640465719341,-0.054597372412036126,-1.229943448639342,-0.036173780354680864,-0.2153555585805844,-0.10492934101584316,-0.07514859778044401,0.01702732640513216,-0.09043994538376626,-0.0826519036935181,-0.12112780123150124,-0.4344111390537679,-0.05611634889376533,0.031034021683432316,-0.014038700311317867,-0.05149111933684044,0.016969957222463878,-0.08833490957479674,0.021375704493879415,-0.07763808805210613,-0.21542787084092488,-0.13363275839665667,-0.12590789252845772,-0.24620752242740496,-0.13035809290157455,-0.46836864722715904,0.07532551568285385,-0.21843944851228284,0.10561514512532978,-0.15921984887436805,-0.13760592104598326,-0.015006227278992914,-0.0923567830905262,5.7857697576869285
6.615,0.2498670891447,2.540322618316,3.9,31.0,0.2856614589691162,0.474615067243576,0.5,9.329999923706056,0.4296920597553253,255.4457244873047,128.9045104980469,47.0,1.3107136824324324,36372.0,288.0,18.2749,8.0877,7.75,507.0,653.2327586206897,5.172413793103448,55.68,23.55,11.03,7.75,12.063693803924313,0.472838893581081,63.26,168105.0,10.1,30.6,59.3,59606.0,41956.5,25127.5,34.79581925675675,15.15646114864865,15.15646114864865,0.5191153820594531,50.55,0.3922512091235473,0.4174851609302434,0.34554136904470184,0.1514769800440534,-0.013164413026083066,0.17427752447614372,-0.1508470748016626,-0.3469705752509799,0.2948896313289118,-0.1985003520432369,0.08485756780784055,-0.06296043610473112,-0.07202882508898593,0.033496938201823534,-0.11881179170485316,0.0344371445252026,-0.08241804294971795,-0.27159337670201134,0.09619845174845192,0.44625545092492547,0.3256361973734146,0.07304488443734658,-0.15380271394733666,0.0004978203405037925,-0.10435870519269175,0.11074232686441594,-0.09300684539784838,0.12421227876898426,0.05238494523028788,-0.025742306196916715,0.45777652659474527,-0.12088576782042508,-0.2193002473388784,0.062176037390430615,-0.0414278115156684,0.4718281990578037,0.3762114382427319,0.14193096394755841,0.009853683255173292,0.16554211453747106,-0.06007975514805534,5.785769757686927
6.92,0.1449557844545,1.523612043563,3.3,9.0,0.3074502944946289,0.5247359275817871,0.5,7.190000057220459,0.4697887301445007,294.759033203125,128.2308044433594,121.17,1.24,111887.0,1972.8,69.36,49.35,35.98,2447.2,484.1916219491085,8.537303098494027,231.08,91.11,77.42,35.98,15.308206323678789,1.4921568515595265,37.51,1010017.0,18.514367546917764,44.48838459533429,36.99724785774794,40876.0,30965.0,14316.0,9.36200276864403,7.781782798224389,7.781782798224389,1.0236131895309892,95.51,-0.6774012762082012,0.230405909594157,0.15361354020468898,0.16313911634244016,0.15722136596987282,0.16200279035351697,-0.11631731639900329,-0.3089966187419759,-0.43021796153747777,-0.16656052848689287,0.6982763973313881,-0.1083219572566297,0.1676476827129425,0.07359600159424955,0.4929010080245504,-0.21411236212885112,0.0867855513928218,0.391812438577754,-0.09080339924061225,-0.037489943301894334,0.153040585654756,-0.13383660456699395,0.07436475881559375,0.08359385996947344,0.3206434800910359,-0.11775767054380555,-0.06275067916823263,-0.17567975974628533,-0.1086226581542337,-0.055697049954996025,-0.1104849673198095,0.2857399628513851,0.24578843315399,0.028550316108052032,-0.19750582164088523,-0.08706460065060173,-0.35629704118934663,0.16209575261735365,0.17737503830883986,0.25544110579189055,0.17874337971121404,5.785769757686927
6.915,0.1489192472501,1.309372686006,2.6,25.0,0.2328783720731735,0.3379221558570862,0.449999988079071,9.550000190734863,0.32033771276474,288.1651306152344,129.0,92.75,1.5386300675675677,45158.0,696.0,33.0483,14.6795,31.74,196.0,387.35632183908046,5.970149253731344,116.58,42.49,20.02,31.74,25.258358901966528,0.555059543918919,52.85,465622.0,12.3,44.1,43.6,67794.0,41956.5,22104.5,40.84636824324324,17.791976351351355,17.791976351351355,0.9989242570341496,59.34,-0.4279593681800972,0.17074402808009262,-0.1075523276884911,-0.48844936337751227,-0.09782712592667475,-0.03967337412552944,-0.17326774833355119,-0.3918110867407741,0.15049347314824138,-0.16948303254244115,0.5257998486073212,-0.04803436099894157,0.04141241009199751,0.004704067586471794,-0.03157317873002078,0.028515094494657427,-0.012769410420842453,-0.10236044499595964,-0.16624916804052234,0.19675304000373228,-0.15136588909165227,0.04301719261157411,0.00874947072567478,0.014175177358161243,-0.1762605005774418,-0.10773240464148819,0.057781983944230175,0.06314162939957495,0.03988049585812573,0.013537684380440526,0.0067663147314803345,0.006554905234451791,-0.04973177884813499,0.03550065718771078,-0.17047437567487958,-0.006521475594988353,0.4489383555341695,-0.04690697797588036,-0.10389306145096049,0.12649156386281865,-0.06248345299689073,5.785769757686927
6.705,0.2523850853452,2.438119775099,3.8,6.0,0.2356555312871933,0.3786807954311371,0.300000011920929,8.529999732971191,0.3529446423053741,244.8415679931641,129.0,156.26,3.7,71109.0,604.0,25.5392,19.687,6.87,4046.0666666666666,639.9701205079514,5.435907589570977,111.113,48.363,43.95,6.87,30.453854606755456,0.8473062281162614,50.12,299186.0,8.188156481532047,41.53969380882165,50.2721497096463,56528.0,34807.04,22100.67,29.449202691670408,16.989687864542002,16.989687864542002,4.19935794066213,97.31,-0.194889001550584,0.3196310556804396,0.31464911304803855,0.05030421541282774,0.041627189382679765,0.08665213939328997,-0.05468595499038823,-0.4793486807448473,0.15325093703426615,-0.12030634674538809,-1.1155173047213836,-0.06146087015325907,0.03472566448977236,0.031750711811204334,0.09653670070449442,0.048557698987322984,0.027615727182175642,-0.050676749160414016,-0.006707350668713123,-0.19543628090141793,0.1828107801006772,0.10224573798663728,0.05943144315311947,0.028586611811310836,0.02868813579245577,-0.07742758402456824,0.10537838650411908,0.05558692361359422,0.07761178853136778,-0.04475728221301082,-0.20084971909834373,-0.004604191928335537,-0.06925055708984285,0.04446521359893574,-0.22167457016101566,-0.009461131263738301,0.4395531625325744,-0.06536259156838627,-0.08918220572160025,-1.4828581548457447,0.06783100582174977,5.785769757686927
6.825,0.1765552201383,1.925569515421,3.0,9.0,0.3023658096790314,0.4583475291728973,0.6000000238418579,7.800000190734863,0.4166780114173889,243.0920715332031,129.7129364013672,107.34,6.28,66001.9,1675.31,49.3,18.28,27.37,612.65,435.2825957923893,11.048671107300668,151.63,65.22,31.43,27.37,10.04493389674318,0.8095851014325984,41.74,774172.0,21.96364940618549,42.590832655196046,35.44551793861847,49137.0,30324.0,14574.0,6.059303494414041,4.22208657852724,4.22208657852724,0.6829462442173873,55.57,-0.2499145710215238,0.206566813841373,0.10780818953503875,0.06015737028704834,0.057016498112905246,0.0809997631766071,-0.1625927359609771,-0.12437326543257292,-0.04821969404538858,-0.15079385330757386,-0.8706079538386645,-0.10501883336405866,0.08214004057743422,-0.28530326890478935,0.03786211024799054,-0.12001080448904992,0.007105226482569504,-0.10878129090533906,-0.1002654971297523,0.12248820312692717,-0.07214348464484414,-0.24096774960566877,0.01372005142482328,0.03906239715357518,-0.06675008359788444,-0.09077075908995842,-0.07592005601359686,-0.010573809032513407,-0.014076156340319926,0.15521987568624673,-0.14576452378794424,0.16475608841099057,0.26575685592207826,0.007452700092621778,-0.12801587757655317,-0.04778090408347757,-0.48383257385225975,0.010710881777776052,-0.007224575976798635,0.25403046402956914,-0.05310284306155425,5.7857697576869285
6.359999999999999,0.3182215058186,3.183907364943,20.0,15.0,0.6330850720405579,0.9256718158721924,1.5,23.90999984741211,0.790537416934967,334.9280090332031,131.3819274902344,60.6455,0.7705,18738.0,201.0,20.6519,13.225,6.148,775.0,236.6058463286824,2.5380390176147487,79.195,32.652,23.515,6.148,12.782698470895246,0.7724210753786316,47.21,209885.0,11.2,48.7,31.3,49780.0,37342.0,15884.0,8.251880779338212,6.642425473153561,6.642425473153561,0.2421040892193308,53.7,1.1115942894036133,0.5574539012793761,0.5316835021380185,0.05280171390714594,0.281427966202302,0.2972611868511623,0.35106680783839667,0.05583054149455916,0.3014125574098964,0.431717714963467,1.2439826155260396,0.0584355715881734,-0.20122456680014608,-0.22178737732989853,-1.001843454036237,0.015197816911711515,0.014466427617351544,-0.3376238130824675,-0.048807045654832036,0.2833624458389677,-0.4756221360792663,0.1759110644857861,-0.5842330942739484,-0.009645947851053327,-0.5768932518147888,0.22346731848222623,-0.32345503884589694,0.107751592515418,0.12868933383656903,-0.09000032391313699,0.23416255999906235,0.6391235264920752,0.08752834519724328,-0.06674603110468695,-0.00748305581219418,-0.11425853046890862,-0.46554895827992254,-0.0005382369156286723,0.04615904907352834,0.7905059887596986,-0.36753213183078787,5.7857697576869285
6.46,0.4073399839378,4.242409041675,18.3,32.0,0.6186338663101196,0.8797546029090881,3.0,23.60000038146973,0.7538036704063416,370.5200500488281,132.7790679931641,78.86,1.51,42101.0,1310.02,57.39,30.39,23.13,2283.8,239.6050310170167,7.455580217403678,175.70999999999998,75.89,47.08,23.13,11.640145980325425,1.1288686636714582,52.2,686334.0,16.06716086336319,29.95130135865117,53.98150854710848,36106.0,32559.0,16815.0,12.881572327495135,5.887189901806822,5.887189901806822,0.6001059414337037,94.45,0.8455856932096224,0.6999166239794267,1.4280933089467727,0.28271001791579714,-0.12056841865828279,0.30250044872001,0.3366928305520685,0.4724586087606901,0.4072866952874374,0.5141258615802413,1.7429505390615176,0.06667206219199258,-0.03670958626928974,-0.04236828518244362,-0.12217121996943463,-0.07096603211293047,-0.005661652664237386,0.05145676496062027,-0.02939345908146403,-0.07962886446695701,-0.817162557337548,0.04350885892650114,0.07727348826329232,0.036173670575590545,0.05078703835163356,-0.06099266240381921,-0.4331828809918506,-0.01690821059069325,0.2583702408547672,0.09740929816881216,-0.14957285543048804,-0.4271895600768259,-0.18889373907252308,-0.12194614899730238,-0.04723007117141472,-0.042652540566746534,-0.1169977311248011,0.1604718772819104,0.1264887146162561,0.8127986152602485,0.13851212371179575,5.785769757686927
7.09,0.2109943022505,2.236637401021,18.7,33.0,0.5615285038948059,0.8261546492576599,1.799999952316284,25.51000022888184,0.7109236717224121,226.8743743896484,128.2054748535156,94.75,0.975,80886.0,573.0,36.035,30.6179,13.697,2339.8,503.33227546810537,3.5656280919222656,160.701,59.489,57.403,13.697,44.04493523854282,0.7705005543685988,37.51,683165.0,24.81513784080998,29.71825110917296,45.46661105001707,37563.0,37438.88,16936.21,15.717915646179634,15.449625511761106,15.449625511761106,1.4422353381379165,70.17,-1.3614768249306841,0.2863762945579023,0.17339470060857565,0.08979069996956934,0.015682208711304695,0.120677742273495,0.13841915907510824,0.021431137157326547,0.10657458108881479,0.2806817583955628,-1.5156621621445527,0.05445775067613445,0.06403881329161727,-0.0041186371572977665,0.17201808759006829,0.059425975210003514,0.03502499390382311,0.06378159301588197,0.09878095829172977,0.007957022686395162,0.11818174193562792,0.2026996547336152,0.07733476279703211,0.024981958219927918,0.06717493027195891,0.08561296404162451,0.2869408400726517,0.038940614210093094,-0.05659908711509535,0.14678676579137925,-0.21497484766228056,-0.1861575396429309,0.14281031914108866,-0.1134195657523109,0.17962284576548704,-0.0228088977990083,0.16556226741280455,-0.05939045282721415,-0.02911952382597845,0.16204287942816423,0.030914095326195528,5.785769757686927
6.82,0.2751994788049,3.039642289716,18.6,19.0,0.4976628124713898,0.4495828747749329,1.5,25.32999992370605,0.4096662998199463,325.0343017578125,121.6630172729492,62.8682,0.7473,30465.0,544.0,23.7417,15.1611,8.037,883.0,391.6363496124131,6.993276684364113,77.789,31.907,28.226,8.037,12.555758966506351,0.9191379276851872,47.4,302484.0,8.8,57.3,33.9,63896.0,41068.0,18414.0,9.819277128486252,7.904115227830772,7.904115227830772,0.4381657992565056,63.9,0.25225204811238705,0.716188235759509,0.5964027986004595,0.26475229868066447,0.2691985837866148,0.6865833194029607,-0.1855572201191086,-0.013750770604983606,0.4181670272981728,-0.30006337121172183,1.6468869670264397,-0.15363822628605842,0.22369909888819847,0.09562258284894683,0.11455201145791365,0.657961108249008,0.14514647900868413,0.13155015365693287,0.4581670013084935,0.3825568155194778,0.3241374177075136,0.24028662290080013,0.048462086152433935,0.037625177774043284,0.1519280523911927,0.20407842134253196,0.03126257693579141,0.28677978872504745,0.08315064817272333,0.00582838092120556,0.8256753667963128,1.0105564456975789,0.0880573225124482,0.2560477457825238,-0.09761598139845007,0.017114454696396237,-0.20474736526529305,0.13736151399622046,0.10137567086863064,0.45396807289556357,-0.11542291800543854,5.7857697576869285
6.91,0.3244494786224,3.620502949044,19.0,16.0,0.5620102882385254,0.6935369372367859,1.600000023841858,24.03000068664551,0.6048295497894287,366.6012268066406,129.0,142.4267,0.98,46210.0,1116.0,70.9324,18.6665,13.388,492.0,207.0155004031897,4.999552011468507,223.22,96.741,33.206,13.388,36.02947095994996,1.9691703020360272,44.56,503654.0,12.3,40.9,46.8,38937.0,39286.0,17168.0,21.03691766650654,16.933855628952,16.933855628952,0.4061223048327138,136.9,-0.24249347808219532,1.0884131535041444,1.7637433499463853,0.07520048608895591,0.3327240699829484,0.496551168992051,0.666584716199624,0.04994454054282538,0.40510062573359124,0.42169977489893923,2.5583044039010905,-0.061826288387544816,0.2963665285190252,-0.043867825412400085,0.03844943286188052,0.007010377968105071,0.12981989357661075,0.014116416693588615,0.27056298598588296,0.5506339594877471,0.17725315061374247,0.3722613630958324,0.10678508280040526,0.2362859323521045,0.012243178834132099,0.14369633061159837,0.14498832290965966,-0.45030071318611475,0.10693705665431492,0.1067204043702689,0.2563298999651797,0.12685419501100545,0.07816927195318242,0.023964603442155823,0.3164090895904866,-0.013713197161153415,0.31933961651575565,0.046260186805427685,0.06375856003488171,0.7782231050440522,0.17067078579387474,5.785769757686927
6.975,0.3333314348394,4.644973571393,19.3,7.0,0.3762629628181458,0.6235977411270142,1.299999952316284,21.02000045776367,0.5488781929016113,142.1536865234375,121.3395462036133,41.8,0.9984,37631.0,382.0,12.2266,9.8512,4.991,6472.866666666667,481.9852705731668,4.89273134806276,78.075,30.563,28.728,4.991,21.398798506227283,0.8755846807233554,35.03,369846.0,16.504901960784316,31.65686274509804,51.83823529411765,26213.0,35691.1,13158.53,16.539135979595088,17.556710821702243,17.556710821702243,1.1884593356762363,77.55,-0.735844860783969,0.2889662942646081,0.3513524037519377,0.02401948682818425,0.031699285283869096,0.03631781653717406,-0.013199742669017961,-0.0532052067605093,0.11832787132602075,-0.01889978364769281,-1.5825557660281728,-0.031079027962163563,-0.22132718117468744,-0.16439507938723583,-0.08061016417239826,0.01873026700789247,-0.11329166107441517,-0.11386024022784118,-0.05786759403025691,-0.6224022325722413,0.03431978287495354,0.04636586308808885,-0.047580803434415064,0.028065138042216848,-0.08618512309372517,-0.1342145047105752,-0.06823947350519889,-0.014331095212630781,-0.22342527621243832,-0.14285982085970603,-0.3340495920278252,-0.45008308251810275,-0.12627083845520518,-0.48766644236696166,0.014842376913634344,-0.21341156781016957,0.15477936237646295,-0.19183039227384857,-0.24290419308887434,-0.0935444418214162,-0.02960843953482062,5.7857697576869285
6.805,0.1534663517208,1.867697387561,19.3,7.0,0.4930704534053802,0.8993932604789734,1.100000023841858,24.70999908447266,0.7695146203041077,232.277587890625,129.3061218261719,41.8,0.9984,37631.0,382.0,12.2266,9.8512,4.991,6472.866666666667,481.9852705731668,4.89273134806276,78.075,30.563,28.728,4.991,21.398798506227283,0.8755846807233554,35.03,369846.0,16.504901960784316,31.65686274509804,51.83823529411765,26213.0,35691.1,13158.53,16.539135979595088,17.556710821702243,17.556710821702243,1.1884593356762363,77.55,-0.26699762884477374,0.052362387289643895,0.020959224960649937,0.014952841180456032,0.029680334603575723,0.15611347007149798,0.06279162417464713,-0.07093777241858688,0.08718703337728691,0.23634003212904364,-1.8781213237581327,-0.042597993586106,-0.2358118731387776,-0.14330014927367635,-0.22216229741741592,0.042733539136433074,-0.0735184411261658,-0.26745197476342525,-0.08549952985288906,-0.5628396902307226,0.02549290995710392,-0.012211404216406868,-0.016680558164084442,-0.06106502350605048,-0.06721008753814763,-0.21764374847572424,-0.07874965143276132,0.050289374366997076,-0.31083584621094545,-0.174390819008051,-0.11770824099574635,-0.3835257976094359,-0.15198872891553242,-0.3406438312049711,-0.051443273820315806,-0.29679595573368034,0.15302748515687284,-0.20553364028531615,-0.15030805152267798,0.014671290928627198,-0.1540911590268125,5.785769757686927
6.44,0.148192055009,1.388260746381,19.9,15.0,0.7444897890090942,1.0,4.5,23.97999954223633,0.8817965388298035,255.4457244873047,128.9045104980469,47.0,1.3107136824324324,36372.0,288.0,18.2749,8.0877,7.75,507.0,653.2327586206897,5.172413793103448,55.68,23.55,11.03,7.75,12.063693803924313,0.472838893581081,63.26,168105.0,10.1,30.6,59.3,59606.0,41956.5,25127.5,34.79581925675675,15.15646114864865,15.15646114864865,0.5191153820594531,50.55,1.04656452483085,0.2241542306800417,-0.016014083134322954,0.03569475175874678,0.1327983724782397,0.2974958961909298,0.3122633418106579,0.7468402494083799,0.2321459286532028,0.33975826865231334,0.26804254525142795,0.02751407255152701,-0.2992260588992977,0.06237572498434981,0.12054658823844096,0.08538505916184946,-0.060801158629882036,-0.40956247180613214,0.018651041756895987,0.3942589591144861,0.8411312221505,0.15386870905863467,-0.4361250620147079,-0.25382110030542765,-0.2818086975604884,0.08719297706349782,-0.24624983915260032,0.09548099798104921,0.21306873223505804,-0.24428787998383758,0.4907082022165889,-0.3381482025794437,-0.2899191748522327,0.16614798480160875,-0.23608667406745928,0.560311865837974,0.7674294174958826,0.8162646599600953,0.03765459252592455,0.37037231540421756,0.06477995835156507,5.785769757686927
6.465,0.1521214355077,1.557262009841,18.9,10.0,0.591846227645874,0.8813539743423462,1.799999952316284,26.13999938964844,0.7550832033157349,294.759033203125,128.2308044433594,121.17,1.24,111887.0,1972.8,69.36,49.35,35.98,2447.2,484.1916219491085,8.537303098494027,231.08,91.11,77.42,35.98,15.308206323678789,1.4921568515595265,37.51,1010017.0,18.514367546917764,44.48838459533429,36.99724785774794,40876.0,30965.0,14316.0,9.36200276864403,7.781782798224389,7.781782798224389,1.0236131895309892,95.51,1.165356780515341,0.4922647767355037,0.4085635716279938,0.10470052655282973,0.40852231048722404,0.5072017194669585,0.6238667891008481,0.25840260584169994,0.12455263971366566,0.6372572350666976,1.192591140218683,-0.21903242670735654,0.4660523765941143,0.13949148901858188,0.6613575568721939,-0.23626269366769947,0.4199840143104108,0.891627762357234,-0.374696590830866,-0.023259076463344092,0.3158401815926431,-0.04174064138764866,0.10758285696218521,0.2142288938368563,0.6573874736121275,-0.18437900830673767,0.3440042411845559,-0.2616428032546825,-0.12809856327383287,-0.003923226339166493,-0.0786973893569481,0.43237937884937744,0.3170621832816349,-0.054252196546664765,-0.00799248336834831,-0.27646293244473136,-0.5827120287720605,0.283637689714197,0.2027127814986079,0.39681741322390796,0.19196051836387892,5.785769757686927
6.745,0.165993909789,1.364430915429,18.0,4.0,0.5297542214393616,0.7643019556999207,2.700000047683716,25.06999969482422,0.6614415645599365,288.1651306152344,129.0,92.75,1.5386300675675677,45158.0,696.0,33.0483,14.6795,31.74,196.0,387.35632183908046,5.970149253731344,116.58,42.49,20.02,31.74,25.258358901966528,0.555059543918919,52.85,465622.0,12.3,44.1,43.6,67794.0,41956.5,22104.5,40.84636824324324,17.791976351351355,17.791976351351355,0.9989242570341496,59.34,0.36945516130171385,0.5106156525634041,0.1672350588944033,0.4155836029976263,0.5717701274083381,0.4452329340767753,0.577368585331487,1.0142520786620473,0.40364008816072355,0.6782989591832861,1.3227227726293902,-0.030438854640813195,0.03956032033998502,0.08962636744893777,0.03373460692047262,0.089194164177767,0.0352056038683873,-0.1777559570414501,-0.13816958591045644,0.27680549841171703,-0.07199615458089285,0.11612771911799191,0.050093770125845184,0.028600235006433456,-0.21652891119683781,-0.20972156231427883,0.18982330831444463,0.024664591722835343,0.09987662468566867,0.058977846593216476,0.018746198471584503,0.13334516543396605,-0.0059630586057973405,0.08915011332898189,-0.3580649844503175,0.09970946140867605,0.8802209053077985,-0.18432873450293807,-0.1442886382770535,0.2152807804739958,-0.0407547205097912,5.7857697576869285
7.25,0.1407529893279,1.80535505914,19.5,15.0,0.5652166604995728,0.7583724856376648,1.899999976158142,25.53000068664551,0.6566979885101318,244.8415679931641,129.0,156.26,3.7,71109.0,604.0,25.5392,19.687,6.87,4046.0666666666666,639.9701205079514,5.435907589570977,111.113,48.363,43.95,6.87,30.453854606755456,0.8473062281162614,50.12,299186.0,8.188156481532047,41.53969380882165,50.2721497096463,56528.0,34807.04,22100.67,29.449202691670408,16.989687864542002,16.989687864542002,4.19935794066213,97.31,-1.2791520256311342,0.1652130096830403,0.06631299904988723,-0.020567110465682086,0.026649687322700826,0.27222093124938973,0.23964356059494604,0.1045524043383688,0.046801323434651154,0.3987076086362793,-1.000905260113097,-0.06241154380107139,0.02764759719683237,0.029661395744038144,0.06041118863689136,0.0822910698787263,0.018023989129284046,-0.03604835296565101,-0.010169423904764793,-0.2077860396013492,0.17146680971568815,0.12472788466378644,0.05033903453298657,0.022042749876828343,-0.0019039338873844864,-0.05719332858750289,0.004156087037558653,0.04197534443373,0.04317167045270339,-0.07135364774642221,-0.02048752093314628,0.010818222854514873,-0.05584323955874856,-0.0483121963532385,-0.028079768271514927,0.03976135875767691,0.40105400418072407,-0.08193486808380183,-0.1278606517369311,-1.276163424762108,0.08301018434290734,5.785769757686927
7.225,0.1234688595027,1.205059814803,18.9,5.0,0.56145840883255,0.8666871786117554,2.599999904632568,24.04999923706055,0.7433497309684753,243.0920715332031,129.7129364013672,107.34,6.28,66001.9,1675.31,49.3,18.28,27.37,612.65,435.2825957923893,11.048671107300668,151.63,65.22,31.43,27.37,10.04493389674318,0.8095851014325984,41.74,774172.0,21.96364940618549,42.590832655196046,35.44551793861847,49137.0,30324.0,14574.0,6.059303494414041,4.22208657852724,4.22208657852724,0.6829462442173873,55.57,-1.047496146253376,-0.22364053797134356,0.048842754992758364,0.07034740285989782,0.10148560554587283,0.2751129076243645,0.18307384262456675,0.4620922450316299,0.12016664341912302,0.37339237495596417,-0.6621088617150803,-0.10407633267667411,0.03630629051394285,-0.11124788252013529,0.04109312663258095,-0.06669571333665784,0.03360406583344344,-0.03262353796214749,-0.013796040515547428,0.12543563931065863,-0.003165186081172222,-0.2055573019110184,0.030980855604653728,0.03851822788802739,-0.032913920183137324,-0.11571345521211245,-0.08840437274001989,0.03193106361250527,0.011179823467941219,0.14821079565051853,-0.26656428939069216,0.18128658458184022,0.13668157164937342,0.010810315383954864,0.1098167839491131,-0.11839295635084275,-0.3969473626807929,0.06556803529254762,0.0814013878893212,0.29884752917874374,-0.004071626415108942,5.7857697576869285
