PREC,T_M,T_W,DO,pH,COND,DOC,GPAM,WS,FER,PES,MO,CO,VE,FR,FERA,PESA,TSA,WA,CA,VEGA,IRR_W,AGR_W,UR,GAO,PR,SR,TR,GDP,UI,RI,UR_W,RU_W,IND_W,LIF_W,POP_TOT,Soil_THIA_agg,PREC_shap,T_M_shap,T_W_shap,DO_shap,pH_shap,COND_shap,DOC_shap,GPAM_shap,WS_shap,FER_shap,PES_shap,MO_shap,CO_shap,VE_shap,FR_shap,FERA_shap,PESA_shap,TSA_shap,WA_shap,CA_shap,VEGA_shap,IRR_W_shap,AGR_W_shap,UR_shap,GAO_shap,PR_shap,SR_shap,TR_shap,GDP_shap,UI_shap,RI_shap,UR_W_shap,RU_W_shap,IND_W_shap,LIF_W_shap,POP_TOT_shap,Soil_THIA_agg_shap,base_value
430.2,27.3,30.5,10.595,8.39,269.5,4.34,102.81,1.7645,47925.0,843.0,43.5255,20.1416,83.8778,77459.0,294.8686396357596,5.186734756660309,162.53,65.61,36.45,18.38,34.437046921982514,1.6325084864460302,44.34,791032.0,14.2,49.0,36.8,60352.0,33354.0,19580.0,15.09150601532647,12.226414519989854,1.982933986704912,0.251596591393268,73.72,14.787470672180918,0.6279469987594825,-1.179341047164053,-12.209265698554615,-14.109030207650115,-12.49900657991879,-20.366432452653537,0.8632855894664924,7.430564375904701,-0.08493206900854904,-0.5774512153211978,-4.626585078670954,4.834238473654259,0.2043174855022983,1.283144782749006,-6.808056851220317,4.726869156245763,-1.3257240451732646,0.13598970355155485,2.1050164673477414,-1.3214794660282008,1.8207649259548624,-20.700985336749195,19.124451811937615,-0.530018615241473,0.24540896070965998,0.17859340390190503,-0.05913719570729903,-0.9179441720386966,-1.1138734200441591,-0.05754999848703483,-0.814560458625201,-0.4683845785322281,-1.9959273325745046,-1.3097992080915704,-0.6242773779838661,0.2368508622360732,-3.3349621799231186,120.15553308280185
180.9,27.2,28.5,8.655000000000001,7.98,661.0,3.54,66.2474,1.0595,34376.0,483.0,28.7012,25.1718,28.6734,5797.0,379.3590535887702,5.33018451487596,90.616,40.315,35.368,6.809466666666666,17.150500621066524,0.5104117114683594,57.69,245093.0,4.046117032847509,70.70339991554594,25.250483051606547,87265.0,36610.0,23148.0,20.47279770573432,11.45791031431516,5.074354330870425,0.2603928326866012,70.9,5.813898000946175,1.350517964985533,-0.13014468292628112,-2.309264800269157,-9.258485807150135,-12.083443558848616,-7.861231009272548,-7.781348318710613,0.30341857400412464,-3.926357664253253,0.2002901397738602,-4.377637422896611,-0.943756937077269,-4.542850122080806,-2.663148464608626,6.859808973497714,5.471485832806986,-3.5591151619562873,-4.089955135136844,-0.41699965432751956,1.5215946208840858,-5.840442834510469,-5.334353984096087,-13.97336615826624,0.16683071389328732,-2.9595432695047923,-1.2870553258915136,8.763490559874722,5.133773393371762,0.7539928290992969,0.24159798776730682,-1.4369534727248048,-0.8917883377910281,-2.3129019214042157,-3.93557141387292,-0.12066354369278987,-0.7251369925929855,-0.7687135763590535,120.15553308280185
149.9,25.8,26.7,6.665,7.605,390.0,1.68,156.26,3.7,71109.0,604.0,25.5392,19.687,31.444,45417.0,639.9701205079514,5.435907589570977,111.113,48.363,43.95,6.87,30.453854606755456,0.8473062281162614,50.12,299186.0,8.188156481532047,41.53969380882165,50.2721497096463,56528.0,34807.04,22100.67,29.449202691670408,16.989687864542002,4.19935794066213,0.4460450312437009,97.31,6.49033272091222,0.7893050485414758,-0.9124842132891849,-1.3776470464623223,-6.214969520257629,4.811588971237653,-5.457087187591629,-7.883947345396348,-6.379534117802977,-3.3986661266745055,-2.5731926235021096,-1.4399455109223098,-3.0127657850272946,0.07460935745310653,-5.113223376524013,3.2780643263948135,-15.926775911625787,-0.26769555220070085,0.0277888412269142,-13.982392833869284,-3.310634070524637,-5.354020504010843,-14.843015119049234,-1.6880699204187837,0.3032998648860188,-0.7165374037530282,-1.5943819882006711,0.06947788213379706,-0.5502320677724964,-1.3605669085953072,-0.15927663367862518,-2.336122862643872,-5.931947092212115,-3.7489229275782923,-5.644946684519915,0.7746506340894843,0.9295308866817492,-2.244221035464046,120.15553308280185
136.1,26.7,28.2,8.015,7.975,330.5,1.53,49.1485,0.47,15878.0,356.18,8.5477,7.134794327171835,4.120444715233774,11534.0,282.58702925891646,6.339075959279561,56.188,19.8872,18.41727,0.953,16.5223150965168,0.404246719542003,47.87,256107.0,6.0117218158366414,18.17413190276764,75.81414628139571,45012.0,32296.0,14288.0,6.990829016588316,9.211165561563142,1.5733199943233478,0.2193897616698903,43.22460681495,2.268653941519695,2.053459037894694,0.17168901016392435,-0.9244971244921912,-10.479152326155456,-4.561751602709603,-11.061545547489851,-2.904551729530407,-2.9747740879841156,-5.315887497391863,4.977812176964556,-2.3018088226128994,-10.734766333443112,6.164872801889044,-11.721129647037015,4.983940840478366,8.214695783985468,-1.2690565691965932,-6.028789791963064,-7.983286181773681,4.104829487497917,-5.43798809286207,-4.346851107069136,-32.482752684374965,0.3093466301355523,-1.0643849284310523,-2.4141273269709207,-5.251774236205966,-8.359794836350874,-1.030864117595678,-0.3977424978278578,-0.19026209321028342,-0.8550968249126637,0.008822027047473332,-3.968613958780964,-0.43801667712318365,-4.757027715914881,1.5690724112155543,120.15553308280185
434.4,27.7,29.9,9.085,7.93,884.0,4.52,92.75,1.5386300675675677,45158.0,696.0,33.0483,14.6795,94.9691,6452.0,387.35632183908046,5.970149253731344,116.58,42.49,20.02,31.74,25.258358901966528,0.555059543918919,52.85,465622.0,12.3,44.1,43.6,67794.0,41956.5,22104.5,40.84636824324324,17.791976351351355,0.9989242570341496,0.2683831925675676,59.34,2.6490312936033087,0.028370511317625358,-1.8714091595021696,-8.159962747374085,-10.235606668093242,-6.954835588471031,-14.37071521454258,0.9259379417883862,-3.258720602737739,-1.7178986127721139,0.1253364153020078,-0.30419987803945947,-0.5547836920432744,2.963963942176972,-4.195314335709747,3.9018125781898063,0.5599152231309558,-0.3338271402971185,0.2859028096729889,0.33698497137830846,6.129064712850379,3.6100985078793006,-16.598205763159005,-18.71188563553927,-0.08521054905994536,-0.029957593885871752,-0.194809373135989,-1.2884481192046489,-0.35039874088174344,-2.8642270057757067,1.5098033477117625,-1.13132532189445,-4.692030947829285,-8.691859205521956,-0.1685445669790108,-1.2662811685338011,-3.298357617426664,-0.5479487127826242,120.15553308280185
421.2,27.7,27.4,4.69,7.699999999999999,438.0,1.68,113.44,6.47,113005.25,3048.97,56.37,31.11,123.25,170899.0,632.6927383685123,17.070544762331334,178.61,74.6,52.48,33.02,11.832260392384752,1.0136065476243834,41.19,962714.0,23.22925734100645,37.059541398199215,39.71120126079434,40450.0,30441.0,14677.0,7.420621787035737,5.286083690348805,0.6079000575173069,0.2002013844757149,68.94,11.407268072597558,9.097227435093371,0.04554728268956273,25.597567803571007,44.153902746600416,57.704839684685375,11.12660982435259,-17.33251624576282,22.654469437014,25.19162530287014,-13.831506247355913,28.765524439797733,12.438868792496313,-9.580756959452605,59.03719593087211,-30.509709866025172,-6.17168938565223,4.383126847973716,4.560839182216052,4.130608644131574,-17.764308706180497,13.456777969577038,23.321628323765466,5.912972299018876,2.456006879292732,6.634869228318954,9.234879903203497,6.5196910275425735,0.663369878885954,9.978157723831638,-5.155211464222525,3.485033835163334,2.1064640980896843,1.984366175476462,3.9152198372657137,-0.8558537203802986,5.496917583202008,3.427532928435445,120.15553308280185
605.9,28.6,26.7,5.645,7.609999999999999,381.5,3.76,13.72,0.83,7014.7,78.24,7.31,3.49,34.58,2219.0,256.8546320029293,2.864884657634566,27.31,10.63,6.92,6.91,1.80918779080694,0.4565479911105388,75.7,148886.0,2.978968581939072,42.82646793950212,54.19456347855881,46502.0,34131.0,20135.0,14.867372524025823,2.380954321306591,0.8667399117112345,0.2182642305946436,75.16,12.671765277614416,-0.9001723028618528,-4.21315586147442,6.793906191210262,13.932028030545139,20.147382466974673,-8.355411827753612,-15.557560357886056,-16.508938585730892,-3.454865113619404,-0.771538618751802,-4.172419191999363,-13.606953681575442,18.645483152912934,4.1065637175661225,14.6826847941312,3.0062431808607673,-2.5305793430570844,-3.034386569163761,-11.558381118631615,16.13348209474236,1.0897675553833437,26.753069290859468,-18.381865403770153,-1.2522843513342874,-4.966169652949708,-2.647866156340264,-0.8261628136939061,-1.4388276056712508,-0.05210578306733401,0.011142481267451506,-1.6976857553158577,0.22988429509956929,11.09520066813721,-0.7139736345332723,-1.6907819669088375,5.88656375592497,-15.095332949045892,120.15553308280185
307.4,28.4,27.6,3.465,7.49,659.0,2.58,97.05,1.21,106381.0,2590.42,55.63,35.38,100.73,137331.0,610.4028000918064,14.863552903373884,174.27999999999997,73.07,53.35,21.39,11.545413701275482,1.3286396630675812,42.31,858592.0,16.673582357043852,41.11565010222189,42.21076754073426,42877.0,31410.0,15449.0,10.182451797210655,6.929020407132105,0.954641587443107,0.2674869382660009,92.11,7.543984804351274,5.255702898617213,-4.945341948665834,21.063353251383333,35.319105360290656,45.08243696757204,-5.517400493047508,5.722087251838147,8.309510456237474,-5.235640445086175,-7.589286548875582,29.479873094744978,29.221029057692107,-35.78230353848931,21.568960485528226,-30.6552412875245,-4.781842721042536,4.537107517693658,11.139275293685499,10.350943814936715,-11.594341143672352,-1.2692156351349972,19.46974882438158,36.91538661696328,-2.548964772766143,-2.5604687447364802,-0.38069150375512883,-2.02958339971878,-1.9435170029895381,0.9857421240226044,-8.550349862307,0.20737693173810712,-3.315439861229,1.1381068039375026,1.2054186097237558,1.859194045195664,-1.3455861160997333,3.556118190453074,120.15553308280185
115.2,28.8,28.5,2.4450000000000003,7.52,241.5,8.35,60.6455,0.7705,18738.0,201.0,20.6519,13.225,27.4686,21790.0,236.6058463286824,2.5380390176147487,79.195,32.652,23.515,6.148,12.782698470895246,0.7724210753786316,47.21,209885.0,11.2,48.7,31.3,49780.0,37342.0,15884.0,8.251880779338212,6.642425473153561,0.2421040892193308,0.2176759611841297,53.7,2.125831618157511,10.096378718038709,-6.218772449416579,29.25935257621265,58.423240726520305,73.19640408931299,10.340882833331511,1.4463596168501904,-3.841359329506132,-3.8840978269077193,11.53779539410025,3.1214653349000336,-7.451371279228475,24.849726296730026,3.9968250807172914,17.046713686368125,16.662917836243285,-2.3875549597696692,-1.929489456300315,-12.718558948806796,13.79636342198898,-4.058808831166627,27.197787644981094,1.3463049254535406,1.3425358420827715,-1.6848775513252896,-0.5746623275739401,1.8312085369400037,4.774682874134739,0.780462419325484,0.3547247338170851,-0.2697505157875515,1.7810742233709072,5.288654556356687,4.20934955971781,-0.33998434075464584,-6.161057363201397,20.05030038819881,120.15553308280185
114.4,28.8,28.6,3.875,7.52,731.0,7.07,53.8484,0.7,22791.0,176.0,19.9075,9.7003,26.1024,22316.0,289.4793664503182,2.235459983996139,78.731,30.36,17.926,5.442,12.707805206288954,0.8544099046087655,49.59,270490.0,11.8,40.1,56.9,45128.0,39616.0,17109.0,9.127778739156234,7.347487394884943,0.1563167286245353,0.2407812308070261,59.4,4.852510759916136,4.015094117214898,-2.5647195181669686,24.42507299795747,50.086998427431105,49.54796427530081,-10.510759000449132,0.8209360727636786,-1.223513945716747,-4.472615704055252,6.7806572456347425,-4.34952465100059,-7.856473755634699,11.856172499374173,-6.859113127109594,11.885433498898834,23.535884770266716,-3.6257313468338306,-2.231428301165191,-8.241374168739029,9.371751054334453,-7.639583175660422,21.97460324790328,1.929134875256569,6.097526928581448,-9.64883683767325,-1.7269679175519066,0.9541261653664227,-6.633357597187469,-0.010484397409796268,-2.3924605118638493,3.6796776505652833,10.95934364313725,6.942571798944846,7.563240705669545,6.822147289991071,-2.529426760838058,6.8932315708332075,120.15553308280185
594.3,28.0,27.4,6.365,7.775,1219.5,6.48,111.07,3.69,99177.0,1003.5,55.58,40.03,120.87,13627.5,546.7309812568908,5.531973539140021,181.40000000000003,73.25,59.84,31.27,12.01708770605562,1.3716441835883986,39.96,1202915.0,16.431187710251496,41.28557796152066,42.28323432822784,53308.0,32689.0,17803.0,9.539679628333618,7.153294308153317,1.1848298070618952,0.2653379822968679,91.37,2.997587946724704,-3.2985012768108093,-4.101978870591459,-4.249900176908512,-2.9011441387996713,-11.130793542719138,3.175035495033177,-3.787657979964278,0.19350057412094065,2.4280359556339697,-10.156353310324873,-8.409000048345574,7.526635306168658,-17.644962566366104,-3.8833288974982376,3.286814000265051,-15.19951469593371,-4.716048883808155,-2.020859943553806,4.61350233687088,-15.726322451770926,6.292936483834249,10.864642849705028,17.059383163584087,-0.7985567331997044,0.5370870151355233,-1.0830183663622786,-1.541520024007961,0.10690430999423366,-2.939199393972135,-0.5517479341275372,-0.5631024519959459,-1.2812939748556058,1.4671704636715954,-0.9283403113546486,0.037772688843929224,4.58521957402816,3.977275041743803,120.15553308280185
7.0,2.8,8.8,14.115,8.465,971.0,3.57,102.81,1.7645,47925.0,843.0,43.5255,20.1416,83.8778,77459.0,294.8686396357596,5.186734756660309,162.53,65.61,36.45,18.38,34.437046921982514,1.6325084864460302,44.34,791032.0,14.2,49.0,36.8,60352.0,33354.0,19580.0,15.09150601532647,12.226414519989854,1.982933986704912,0.251596591393268,73.72,0.7815527756958779,-3.017444951795041,0.8502845086328065,-10.605142323491165,-17.787381901703775,1.3061284017469739,-4.320433748831662,-11.160617516824665,2.342361295516602,0.8127037996922916,-0.3513085213373411,0.936916088544144,2.210819507933532,1.5091976446021984,1.947344856659571,-6.418889904500297,-0.12919389458450756,-1.0956236926854281,-0.3411134765219573,1.4613283106529462,-1.489945738793662,-2.050682949544862,-34.12681162886787,19.971343942979967,-0.24706552178288468,0.42742142083278534,0.017454367798442522,-0.38242711409771246,-1.7408473970733276,-1.1937575496205433,-1.6824148176020646,-0.1567502155217039,-2.4185250011164072,-1.8921484298895432,-2.988028650966784,-0.3430701760722643,-1.0171048169365782,-6.901290790429339,120.15553308280185
14.0,2.8,3.3,13.29,8.49,1280.0,4.44,66.2474,1.0595,34376.0,483.0,28.7012,25.1718,28.6734,5797.0,379.3590535887702,5.33018451487596,90.616,40.315,35.368,6.809466666666666,17.150500621066524,0.5104117114683594,57.69,245093.0,4.046117032847509,70.70339991554594,25.250483051606547,87265.0,36610.0,23148.0,20.47279770573432,11.45791031431516,5.074354330870425,0.2603928326866012,70.9,2.6899132428081045,-0.6745948455311961,3.007826493989364,8.203082300699318,-7.72910360307743,6.78394451045276,12.219257157330086,2.251475868897202,3.6210379596520212,-0.20659448238089637,3.2543326001412543,-0.290626892337265,2.261426718483367,-10.403460748122694,4.598309495604288,14.679443852528928,11.68269451594601,-1.4905758906497306,-4.98636323096541,-8.837915757160326,-8.172248298356623,-0.5182553505897562,0.25128285538871076,-23.302732580442296,-0.38643622049285814,-1.7002793752308942,-1.6030453759742282,16.915707519147546,4.225643297381076,3.710522116115317,1.3199703598984829,-2.9724097583877533,1.0924156022009768,-3.6103344660718,0.47779303396120615,1.2635696723669145,1.0078680787204466,4.035598328985896,120.15553308280185
6.0,3.8,4.0,14.315,8.395,588.0,2.57,156.26,3.7,71109.0,604.0,25.5392,19.687,31.444,45417.0,639.9701205079514,5.435907589570977,111.113,48.363,43.95,6.87,30.453854606755456,0.8473062281162614,50.12,299186.0,8.188156481532047,41.53969380882165,50.2721497096463,56528.0,34807.04,22100.67,29.449202691670408,16.989687864542002,4.19935794066213,0.4460450312437009,97.31,10.558167103315592,-2.338997295109246,2.6726613804496204,3.366479498309394,-8.423305892801535,-0.7360663898273684,-14.395787814526509,3.6166394745162687,-4.985780171855974,0.776199589412037,-1.5263727498690915,-4.500430592801421,-6.752158937174829,-0.27059469142928805,-5.708264973342107,0.6374404898410045,-19.78188744168884,-1.781583796759757,0.26975092839449716,-3.2160097000685837,-3.6359128810667136,-5.905294710242498,-21.8161842726854,-0.08951265688985625,-0.3572086790561062,-2.851753729182917,-1.0079545591399073,0.0923256162600592,-0.457294777993424,-1.0007883270938567,0.4398380236296607,-0.5447357778841012,-2.605843412425989,-4.285898019691619,-3.939082479962769,2.0297626261164745,3.953286139067883,-4.318610326847215,120.15553308280185
24.0,3.0,6.1,9.15,8.469999999999999,372.0,5.07,49.1485,0.47,15878.0,356.18,8.5477,7.134794327171835,4.120444715233774,11534.0,282.58702925891646,6.339075959279561,56.188,19.8872,18.41727,0.953,16.5223150965168,0.404246719542003,47.87,256107.0,6.0117218158366414,18.17413190276764,75.81414628139571,45012.0,32296.0,14288.0,6.990829016588316,9.211165561563142,1.5733199943233478,0.2193897616698903,43.22460681495,1.2338185508279826,-1.8325325478753067,0.4452430244752515,-5.761553011961904,-10.728538726866248,-5.41412945238563,-16.015001989505254,0.300356740492086,-5.50895406592327,-1.7108981156318144,1.9133237484687324,-1.5159641959921768,-3.9998115763564903,2.011982747111469,-8.215459432043135,-0.8947078656032673,-0.007719468480597828,0.1628648332956555,-2.2135604461949936,-3.696907493735973,1.8307324980432174,-7.41969700278171,1.0728810613680004,-15.647475581686011,-0.3063902353650583,-1.592316586039961,-0.7854618294273187,-5.477635282906703,-8.304679553951138,-0.8759969344711864,0.46000667929183664,0.16338278159188804,-0.5432204763280869,-0.4068109903406966,-2.9232293357405186,-1.090147588833546,-8.307194202638541,-7.294312456691018,120.15553308280185
25.0,2.6,7.4,11.635000000000002,7.975,1201.5,5.2,92.75,1.5386300675675677,45158.0,696.0,33.0483,14.6795,94.9691,6452.0,387.35632183908046,5.970149253731344,116.58,42.49,20.02,31.74,25.258358901966528,0.555059543918919,52.85,465622.0,12.3,44.1,43.6,67794.0,41956.5,22104.5,40.84636824324324,17.791976351351355,0.9989242570341496,0.2683831925675676,59.34,0.810049913467883,1.407353351516649,2.0989939089942107,4.207634257228734,-10.776971167505252,-6.108188320606325,9.35771902287534,1.4069743365476217,3.155839782243904,-3.526108481207243,0.598580001513473,-11.858075968727158,-0.1433912661640576,4.586469608773474,2.969223349009019,7.980465160206269,7.6484466882438085,-1.567133457115852,-0.2586580735770984,-5.231406981240338,11.407477488491374,7.565415344915042,-21.0675041090829,-17.917022593268193,-0.6880506618771083,-0.899916730107118,0.2692816994184006,-0.3741384390369049,-0.5552516053523865,-1.7823152529735402,2.5763278077503946,-1.8179603434385117,-5.167671107659118,-8.124319244838942,-1.4553390051595232,-0.5043602225929492,-5.336191840780276,-2.0885028771054936,120.15553308280185
16.0,3.1,6.2,14.31,8.56,1012.0,5.54,113.44,6.47,113005.25,3048.97,56.37,31.11,123.25,170899.0,632.6927383685123,17.070544762331334,178.61,74.6,52.48,33.02,11.832260392384752,1.0136065476243834,41.19,962714.0,23.22925734100645,37.059541398199215,39.71120126079434,40450.0,30441.0,14677.0,7.420621787035737,5.286083690348805,0.6079000575173069,0.2002013844757149,68.94,6.65398461775445,-1.2453855620604017,1.0433194331281503,-2.046744258388257,-13.117326134660592,-40.880542613163904,-9.0746930684677,-0.9719235821370953,3.0562640520712976,6.103238502846412,-8.358995924858219,7.60256699106656,5.947324634823016,-9.616467874490967,2.476242125610199,-21.03879576864342,-9.025520717878827,3.0778660320769986,0.5165335179306565,2.5111846735561247,-6.565825771361901,8.785994665695666,6.9501517974725004,2.9300222822651274,0.2604216788460822,1.0121837216615666,0.4976647565979535,0.010260582480891381,0.341359999443716,0.7495166652866958,-0.9859700108567889,0.6629913751346367,-0.06675193907693029,1.000250666139957,0.9465815667699399,-1.404321672609077,-0.10585672083310833,-1.058124804824281,120.15553308280185
16.0,4.7,5.1,16.725,8.695,1068.5,6.3100000000000005,13.72,0.83,7014.7,78.24,7.31,3.49,34.58,2219.0,256.8546320029293,2.864884657634566,27.31,10.63,6.92,6.91,1.80918779080694,0.4565479911105388,75.7,148886.0,2.978968581939072,42.82646793950212,54.19456347855881,46502.0,34131.0,20135.0,14.867372524025823,2.380954321306591,0.8667399117112345,0.2182642305946436,75.16,8.445865756437863,-0.588832757493171,4.001824601304249,16.03605493588684,0.8046495912410272,-9.368730542330695,58.72849182923247,5.1453956798433005,-17.055398014251455,1.7620912417024381,2.1679860427913553,-0.04941926211816986,-14.286511184612754,55.0803157542382,3.0757306698709717,15.453248496587236,1.105732924906383,9.902049412242294,-5.7229788000369455,-9.856211489187555,38.773512243155075,1.4487085756938918,41.06700255761543,-25.660241932326457,-1.2006966308892408,-4.778376957088089,-6.668304185125355,4.007650041945746,0.038731123486068775,-0.47992276082436014,0.00985514710890456,-0.5115406032085085,0.1666179478401304,17.782068870627946,-0.9792057983422003,-6.217094820655571,15.276290107932878,9.937648004967096,120.15553308280185
21.0,3.6,7.6,14.59,8.475000000000001,1205.5,5.13,97.05,1.21,106381.0,2590.42,55.63,35.38,100.73,137331.0,610.4028000918064,14.863552903373884,174.27999999999997,73.07,53.35,21.39,11.545413701275482,1.3286396630675812,42.31,858592.0,16.673582357043852,41.11565010222189,42.21076754073426,42877.0,31410.0,15449.0,10.182451797210655,6.929020407132105,0.954641587443107,0.2674869382660009,92.11,8.324056248548892,2.785654444005336,7.130800720872357,4.200641733439017,-14.260360276590411,19.249545661007673,24.76791095342487,9.272650520522147,18.852791261466532,-4.862494718128195,8.461432132277016,7.034531964926671,28.06180408505257,-24.17985718877055,5.171004571535935,-39.77761750605966,4.159709171876309,2.2149231834585517,0.15666177567715422,10.405535730113433,-9.814265304453047,7.46962304543393,40.7057712782609,22.282548267633345,-1.351071632743503,0.7160964298946771,0.5010454012841592,0.79393247831147,-0.28043517161315573,-1.2709776690400492,1.0047497770624847,1.1926799277262752,-0.32251808096965284,4.34383930151506,-0.665158308725801,0.14003335998859345,5.8658638811856525,2.3967923022775595,120.15553308280185
26.0,4.3,6.9,11.255,8.18,1076.5,12.8,60.6455,0.7705,18738.0,201.0,20.6519,13.225,27.4686,21790.0,236.6058463286824,2.5380390176147487,79.195,32.652,23.515,6.148,12.782698470895246,0.7724210753786316,47.21,209885.0,11.2,48.7,31.3,49780.0,37342.0,15884.0,8.251880779338212,6.642425473153561,0.2421040892193308,0.2176759611841297,53.7,12.275940388803098,2.8221274328945847,3.5375983092840753,6.955008772397416,-4.095010771027301,-24.023358827688885,20.333131312682138,-4.605988238187662,1.0225736383333175,-6.782495631133208,2.030211246761807,-2.00579768314647,-5.0642809463478615,7.965664836529952,4.470368606288296,5.419295698956898,6.439658297677524,-0.5203918682519953,-1.0975099503931893,-8.653402039978346,5.3876697440127215,-1.8714490999778117,13.957694039701797,5.668749902852966,0.49539099783170926,-0.21454179969926793,-0.1509610739505547,2.5058346965846874,3.9587047115465013,0.7600675143767113,1.253123084499191,0.760839205030352,1.6217403638207681,2.1196581868144384,3.6689231828227626,-1.3365072044466306,-7.132571841527241,-9.0067799912851,120.15553308280185
26.0,4.3,6.8,12.645,8.405000000000001,1516.5,7.39,53.8484,0.7,22791.0,176.0,19.9075,9.7003,26.1024,22316.0,289.4793664503182,2.235459983996139,78.731,30.36,17.926,5.442,12.707805206288954,0.8544099046087655,49.59,270490.0,11.8,40.1,56.9,45128.0,39616.0,17109.0,9.127778739156234,7.347487394884943,0.1563167286245353,0.2407812308070261,59.4,14.230621836023824,3.5707054333419843,2.5501859719135482,10.520245945098187,-18.558449334534817,10.951729364997396,-0.5853071017687531,-2.507287167313819,-1.820588872513424,-2.358238474088719,3.015737726241351,-3.4626500640080002,-9.336112179673899,8.706757995150982,0.5591723527945577,10.924615852559604,11.372297435354753,-5.338575658259603,-2.7349727513097863,-6.3463768210929485,13.005976561531426,-6.119830745918054,17.421365409783704,1.9265528670108587,5.213138184738345,-1.2195124354492872,2.1239686666537683,-2.2530089010313765,-7.1868513584323255,-1.117412911934471,0.46805146294335626,1.200809298736665,1.9953178719058655,4.122804534481838,1.4879263597819958,1.5518987969712672,-4.743158660448775,-3.4844454079136877,120.15553308280185
11.0,3.3,5.6,13.0,8.15,1637.0,10.9,111.07,3.69,99177.0,1003.5,55.58,40.03,120.87,13627.5,546.7309812568908,5.531973539140021,181.40000000000003,73.25,59.84,31.27,12.01708770605562,1.3716441835883986,39.96,1202915.0,16.431187710251496,41.28557796152066,42.28323432822784,53308.0,32689.0,17803.0,9.539679628333618,7.153294308153317,1.1848298070618952,0.2653379822968679,91.37,1.498316996052864,-0.7564803736330953,1.6617511752046015,2.5157738737699877,-12.611876219340289,-24.305965738397404,-26.526966966572214,-4.206262731205983,0.5685390540072701,-6.021601223663116,-3.9594855555581545,-2.811758353415255,3.393627463900483,-6.722513418123126,-1.0923444501978017,0.14673029053645661,-1.8285632800900684,-6.152756591246775,0.7206341412337505,0.45395190009226444,-12.05866080293587,-3.0556356051067506,4.302072817461254,6.90808787219071,-0.1380842552240944,-0.1494236325069019,-0.015144687647310917,0.2898308348795388,-0.19855037511015924,-2.1918535749986767,-0.7885530870112912,-0.16972173256178724,0.3043008446460605,0.3439593320339929,-1.5195794556351985,0.0055686992003267655,3.6609317875405147,1.073810855355114,120.15553308280185
18.0,18.6,19.7,12.53,8.29,1063.0,2.45,102.81,1.7645,47925.0,843.0,43.5255,20.1416,83.8778,77459.0,294.8686396357596,5.186734756660309,162.53,65.61,36.45,18.38,34.437046921982514,1.6325084864460302,44.34,791032.0,14.2,49.0,36.8,60352.0,33354.0,19580.0,15.09150601532647,12.226414519989854,1.982933986704912,0.251596591393268,73.72,38.631813906367945,-0.9568113172768326,0.4397020945294455,-16.70360013829234,-19.660872979861065,-23.186617116931203,-1.5508490517223235,7.883435076301294,2.993403651672415,0.44064264441064066,-0.8272124333182974,-0.6103341565498438,1.2481075183519474,0.3326206281074951,-1.4046244215080532,-7.8267739662667735,-1.0137894482445002,-1.3278536474859972,0.21182202946860343,-1.0088341356627646,-1.2153177455129718,-1.1037780814819653,-27.026469933506263,23.98871878705764,-1.2199047097796583,-1.8022516260497874,-0.10734576971890952,-0.32938994607112076,0.0997082335222516,-0.5441609951279434,-1.737889806229311,-0.821413435849049,-2.2492776272508004,-4.169827753847156,-1.4152237714066473,-0.4209638176392789,-0.40490076219197285,2.5676941832760343,120.15553308280185
9.0,18.5,19.4,12.54,8.235,1169.0,1.615,66.2474,1.0595,34376.0,483.0,28.7012,25.1718,28.6734,5797.0,379.3590535887702,5.33018451487596,90.616,40.315,35.368,6.809466666666666,17.150500621066524,0.5104117114683594,57.69,245093.0,4.046117032847509,70.70339991554594,25.250483051606547,87265.0,36610.0,23148.0,20.47279770573432,11.45791031431516,5.074354330870425,0.2603928326866012,70.9,10.859103236955589,-1.6536912837651707,-0.25347870200406836,-16.08152055124131,-15.095307851346831,-21.545411798298204,3.178827685083185,-8.397996441451836,-1.1343612947066626,-3.5007624771841814,3.358527266238816,-4.232877714967665,-1.56839578610224,-5.075121233942143,-1.0273003696044911,10.368533468864236,1.5537959336442875,-0.9811232599057259,-0.10392403296505333,-1.222733225643945,-2.857497196002709,-7.799430547893668,-7.473216525259583,-15.839236623425966,0.8227383999324721,-1.344687661560408,-1.7285326754945969,3.0272201133736716,2.5795320688533443,-0.5598698009395339,-0.1724865402529637,-0.7337829534717207,-1.2364593774188926,-1.5035766664675114,-0.9025922210250675,-0.06419101454007119,-0.2570969640727471,-2.0991987922900197,120.15553308280185
15.0,19.5,14.3,12.83,8.605,634.0,1.75,156.26,3.7,71109.0,604.0,25.5392,19.687,31.444,45417.0,639.9701205079514,5.435907589570977,111.113,48.363,43.95,6.87,30.453854606755456,0.8473062281162614,50.12,299186.0,8.188156481532047,41.53969380882165,50.2721497096463,56528.0,34807.04,22100.67,29.449202691670408,16.989687864542002,4.19935794066213,0.4460450312437009,97.31,2.502201337003088,-0.8598716802002553,-1.0407190422162718,-8.602826446444572,-15.125994900441727,-10.5302609491682,-5.392915227545892,-5.899687557109478,-2.9946579038064622,-0.10718267805719117,-3.303173674724531,-2.656839039022258,-5.741144357840532,0.366947188201981,-2.870250512148875,-0.37963330277862567,-13.249121894510461,-0.13098825588279095,-0.18270188614648472,-9.83979999215808,-3.1206874027134237,-2.9046577579791957,-13.540308005202872,-1.1284572094803054,-0.1899277867842474,-0.8264465016305144,-0.8417373154917724,0.11645846832077973,0.03383743149926807,-1.9160149115401621,0.2140515988444289,-1.4136269014577074,-2.1485806901648172,-3.1351076007378285,-2.549955207824629,0.26921152328761927,1.8291577172411309,-0.34019200394473353,120.15553308280185
2.0,19.6,15.5,10.11,8.055,470.5,1.58,49.1485,0.47,15878.0,356.18,8.5477,7.134794327171835,4.120444715233774,11534.0,282.58702925891646,6.339075959279561,56.188,19.8872,18.41727,0.953,16.5223150965168,0.404246719542003,47.87,256107.0,6.0117218158366414,18.17413190276764,75.81414628139571,45012.0,32296.0,14288.0,6.990829016588316,9.211165561563142,1.5733199943233478,0.2193897616698903,43.22460681495,1.5988730868789176,-17.31498580464938,-1.2092391245525016,-11.203024990842678,-6.823801192281924,-9.125958926337384,-10.65404179402627,-5.579674794323122,-5.655505059908609,-6.484915784164333,-1.1999035458096001,-1.9693953852324437,-4.605631811154695,3.8473484759056014,-0.24621511495904894,4.265056216606561,-0.6792467593828523,0.6619723188349358,-3.819831018221253,-5.8367001901392355,2.7212257158135373,-2.9044262817905593,-1.8170835076505327,-11.524060309814134,0.4313463217501224,-1.6242743172814758,-0.44386004251428024,-4.665933065761348,-4.304554058402622,-0.8779412092074446,0.06870440813324692,-0.15050663708088394,-0.08870102613892683,-0.5331137636028378,-2.7500583696893117,-0.8551196681195871,-6.970836605595736,-0.21239140416340244,120.15553308280185
4.0,18.0,17.9,9.715,8.07,1461.0,2.24,92.75,1.5386300675675677,45158.0,696.0,33.0483,14.6795,94.9691,6452.0,387.35632183908046,5.970149253731344,116.58,42.49,20.02,31.74,25.258358901966528,0.555059543918919,52.85,465622.0,12.3,44.1,43.6,67794.0,41956.5,22104.5,40.84636824324324,17.791976351351355,0.9989242570341496,0.2683831925675676,59.34,80.4024447697939,-19.03909351013601,1.6364509631817556,-7.0795224582295235,0.893013083927023,-4.963476270719743,2.6099716021842307,8.945173782842856,3.0155027182182934,-2.7011132759538796,2.1665760600108954,-6.1301416789817935,-6.742038754417251,5.669225325031827,-4.001391368474191,3.877717104214245,1.6238657582287368,-3.478592684584051,0.27661122487237133,-1.1709395895975936,10.268131135000536,11.983012764972324,-15.650355084518283,-15.922675897477504,0.4077075549711792,-1.425047052228669,0.0710222158658631,-2.2320202805614104,-0.4849494415599252,-0.1470173440299322,2.1110472345918745,-0.24086919441198265,-6.854476799642046,-6.413549644233039,-1.1023325779630493,-0.9605206673406071,-7.6022739845234915,0.5925827138048284,120.15553308280185
25.0,18.4,19.2,10.445,8.440000000000001,1120.5,3.21,113.44,6.47,113005.25,3048.97,56.37,31.11,123.25,170899.0,632.6927383685123,17.070544762331334,178.61,74.6,52.48,33.02,11.832260392384752,1.0136065476243834,41.19,962714.0,23.22925734100645,37.059541398199215,39.71120126079434,40450.0,30441.0,14677.0,7.420621787035737,5.286083690348805,0.6079000575173069,0.2002013844757149,68.94,7.57369319175741,0.12772156491022013,4.169441987797622,-14.662820980027318,3.852272287630477,5.822025500495607,16.20796804411958,-6.89223915554738,2.5627220074444423,18.717748974839534,-29.476876584688053,29.695195396036535,34.39865134123868,-5.070350498709208,8.450614842112794,-48.437173805452574,-4.856792781397233,13.852089814664794,7.438253378414861,12.084363413796915,-8.107364827993637,43.757113008539505,19.044487814911022,1.6130575308770236,0.4104256473807597,3.196849644168593,1.7899292419136792,0.4946643745402491,1.5178594077758785,4.175747785562027,-1.7844724946546682,0.30129466536920485,1.7341218106262388,2.0263923487563917,3.4166023418648805,-0.8519181140031055,2.045416594383617,-1.6653502647966747,120.15553308280185
15.0,20.5,18.1,9.7,8.629999999999999,1146.5,2.38,13.72,0.83,7014.7,78.24,7.31,3.49,34.58,2219.0,256.8546320029293,2.864884657634566,27.31,10.63,6.92,6.91,1.80918779080694,0.4565479911105388,75.7,148886.0,2.978968581939072,42.82646793950212,54.19456347855881,46502.0,34131.0,20135.0,14.867372524025823,2.380954321306591,0.8667399117112345,0.2182642305946436,75.16,6.937506943190263,-6.06218832395195,-3.126933066028483,-12.924864867346672,-9.354153014457163,-13.516998572171042,19.099031375022605,9.84261223534743,-20.798169925384382,-0.5340079974988452,2.987028445270067,-4.459709686630718,-11.737198729799132,46.084697952216175,7.13980323540978,10.892015263768846,-3.210610713358038,0.6030037767603064,-2.3286945729935535,-13.29875333220543,23.212430032800572,2.8463516531574236,31.27430777788783,-14.040634290093243,-4.3512986317665,-4.412911783313997,-4.0520803019986475,7.170756381866521,-0.23539583176840098,-0.03557029555241176,0.5760886714467777,-1.3710386605545264,0.7864123398065566,13.80420870075158,2.343994333342028,-2.1643750364923213,10.769314754327448,2.1455879534129063,120.15553308280185
46.0,19.0,21.9,15.05,8.455,1037.0,1.12,97.05,1.21,106381.0,2590.42,55.63,35.38,100.73,137331.0,610.4028000918064,14.863552903373884,174.27999999999997,73.07,53.35,21.39,11.545413701275482,1.3286396630675812,42.31,858592.0,16.673582357043852,41.11565010222189,42.21076754073426,42877.0,31410.0,15449.0,10.182451797210655,6.929020407132105,0.954641587443107,0.2674869382660009,92.11,32.99180934122703,1.3048118791899954,-0.35986728959096004,-19.203570504702316,-16.11706036388564,-1.6900479547834664,-2.840840391910946,-14.214956439941501,-1.062559913024307,-5.57413258374358,-2.9680240201810384,5.989140419879309,4.594501039638803,-10.750480382982639,1.3091138470964503,-18.769260027847874,-6.893778140710977,2.545118857198396,2.177214514889443,3.3477338233698775,-9.014399925276326,2.1095835648958268,7.60667359369186,16.189321156682755,-0.3181348023920636,0.8426735789623748,0.06859474668279238,-1.1603894518564148,0.13760493340436378,-0.29516149350597276,-1.0257084323217458,-0.021901363994306127,-0.1803763607516872,1.0087546482666696,-0.5505726260412466,-0.446689329948278,3.0107067705426984,-2.9373070855345573,120.15553308280185
15.0,20.0,18.6,8.61,7.970000000000001,1374.0,1.5,60.6455,0.7705,18738.0,201.0,20.6519,13.225,27.4686,21790.0,236.6058463286824,2.5380390176147487,79.195,32.652,23.515,6.148,12.782698470895246,0.7724210753786316,47.21,209885.0,11.2,48.7,31.3,49780.0,37342.0,15884.0,8.251880779338212,6.642425473153561,0.2421040892193308,0.2176759611841297,53.7,35.16934406577584,-5.993043900764703,-3.0561463574188115,-13.322315403706549,-5.998244309622486,-5.118691571631157,0.8782360920635961,-6.335515179440068,2.062581293967864,-12.057392985698144,1.881703255341079,-4.385632150089369,-7.681963455051495,10.48582714232849,3.1308347487744577,9.661479979226522,2.162390287820406,-1.7323076685642198,-3.0383131002929695,-4.914739590329895,9.470309005957098,-3.186226241481492,11.740686148689127,-1.533729685777798,0.545350190090636,-1.8698156344355084,-0.39231657446982976,1.946530757460278,3.108832243313083,0.3036587264893266,1.5211865043593544,-0.2557382928704219,2.0343658996916676,1.9521822490418963,4.081706551522171,-1.2983617584779885,-4.552028276886172,-3.422112256304827,120.15553308280185
16.0,20.0,21.8,20.18,8.870000000000001,1195.5,9.67,53.8484,0.7,22791.0,176.0,19.9075,9.7003,26.1024,22316.0,289.4793664503182,2.235459983996139,78.731,30.36,17.926,5.442,12.707805206288954,0.8544099046087655,49.59,270490.0,11.8,40.1,56.9,45128.0,39616.0,17109.0,9.127778739156234,7.347487394884943,0.1563167286245353,0.2407812308070261,59.4,160.83211350052295,-1.376986244992974,-2.164033283538496,-18.52474146619594,-8.717076821558488,-17.734257522774854,6.356784007921814,-2.538916069416641,-1.2177159146048757,-2.1415316497550037,1.3288911215883363,-3.3747025899635616,-4.214808066248271,5.79775039969478,-4.718721833165426,3.0154522231981793,4.721291540279052,-0.8789121517989171,-0.053889990717483606,-8.312983406065033,4.991803234196267,-6.559600092748489,6.424698936838347,-7.435194376359383,1.7849475919082753,-0.8613587622779116,1.4422137300142397,-0.7678697228105751,-2.585210469863377,-1.8985643953705835,-0.5554922089950809,-0.0051617359773583615,2.8466568146646023,1.5423283225313433,1.3335999743027316,1.7813689699225757,-3.500764835413234,-16.780852950578552,120.15553308280185
5.0,19.2,19.9,13.085,8.31,1622.0,6.03,111.07,3.69,99177.0,1003.5,55.58,40.03,120.87,13627.5,546.7309812568908,5.531973539140021,181.40000000000003,73.25,59.84,31.27,12.01708770605562,1.3716441835883986,39.96,1202915.0,16.431187710251496,41.28557796152066,42.28323432822784,53308.0,32689.0,17803.0,9.539679628333618,7.153294308153317,1.1848298070618952,0.2653379822968679,91.37,11.96737194921989,-0.2535101104481144,-0.6091606983589003,-15.341814218017582,-9.40463029633276,-18.472763386519322,-24.292761229433427,0.014669305829643283,2.8164756481178728,-2.0896856615180144,-7.511572074955331,-5.027735841167161,4.5781644145166505,-11.175571024042247,-0.7175698964204639,2.9216337743789573,-11.723907507456218,-2.32561614838584,0.28825431207505287,2.4876823684542146,-5.880768766500988,0.6910571938442697,3.8997642078250636,10.403714843666334,-0.21667087016472011,-0.39032969023722036,-0.3942841165776694,-0.46316516979907973,-0.180675942415062,-1.3032540321163835,-0.4001833339066554,-0.5290473114605981,0.1687906893870482,1.0839407857709251,-1.429103120040769,-0.4200441130266217,1.7908142628241326,-4.531792247915486,120.15553308280185
221.9,27.5,28.1,9.205,8.59,278.5,4.34,41.8,0.9984,37631.0,382.0,12.2266,9.8512,26.4183,120170.0,481.9852705731668,4.89273134806276,78.075,30.563,28.728,4.991,21.398798506227283,0.8755846807233554,35.03,369846.0,16.504901960784316,31.65686274509804,51.83823529411765,26213.0,35691.1,13158.53,16.539135979595088,17.556710821702243,1.1884593356762363,0.355470066518847,77.55,1.2530270333920213,0.16449756677068508,-1.4551294699237542,-2.2083382906260276,-7.142849494563415,-13.11950120987914,-10.161511326056596,0.06532567214608925,-9.283794325368945,-2.835669589487758,-2.6745648639074844,-1.81152052346617,-11.367366278311238,6.099127818704583,-5.4845457396881345,-10.587436095736145,-5.373252115868186,0.17859219918415578,-0.7014838351099738,-5.166604975237667,0.9638001158476488,-1.9623313931010973,-13.573549525030733,-6.313953602204564,0.20600953707626712,-0.1654743782104923,0.5772751961469963,-1.8021326095940706,-0.6801980664224049,-2.3452453550587724,-0.12340412612383585,-0.229794977743489,-0.8692055751491953,-6.204703962209945,-0.8936208712123334,1.165739939993557,0.0990222403500219,-5.117543186153441,120.15553308280185
289.5,27.4,30.5,9.735,8.254999999999999,484.0,5.28,6.34,0.062,5772.0,77.0,1.413,0.9294,11.2908,1379.0,654.421768707483,8.73015873015873,8.82,2.541,2.176,2.684,2.417385883124235,0.1122410186812435,81.11,43475.0,1.100962322622737,39.02707551786005,59.87196215951721,72144.0,42390.12,23847.44,16.617634982053918,2.250591120086632,1.7613416385502103,0.1556184237048982,33.95,6.94685963008973,0.6694505710752378,-2.128203717108506,-10.147765412554143,-10.815283581490318,-14.435258165101985,-10.462607942579004,0.13293943004604888,-3.51256465422921,-4.945761463756982,2.621618947999862,-8.362445470164532,-8.612234783734506,1.9393135046446701,-1.5462104119849387,4.059055295761987,-10.138570155731868,-4.059029227741993,-2.828122782267941,-12.193424645190438,5.673428725400008,-2.5389035370169832,10.354220833293317,-13.916674069467312,-1.0927198956115165,-1.8605284117938323,-1.4127408242357589,-2.817155930384374,-2.543276463893706,-0.5909058886859562,2.772434863061644,-2.2981859873250756,-0.5643672301822035,2.6973909473217392,-2.731362116521535,-2.616604787342561,-10.903180478566016,-0.9763941969039539,120.15553308280185
324.2,27.7,29.0,11.84,8.535,603.0,4.31,65.48,1.159547297297297,35404.0,628.0,32.7396,23.8933,28.3358,18135.0,353.61566120655215,6.272473032361166,100.12,42.91,32.89,6.89,21.692116085648387,0.4183057432432432,45.82,494396.0,16.2,34.7,49.1,52830.0,29483.6,14569.4,30.782770270270262,13.408445945945948,0.4610408828493061,0.2022597972972973,44.72,4.192376526721791,1.7361210645153173,-1.919444789247742,-2.4375431659887545,-15.917434287508174,5.7953293159223795,-6.959947881059101,0.901369450880836,-7.561378738265485,-3.1573184265475738,4.526696044726608,-6.316135544208811,-2.7001661336639278,-0.4706795578372371,-10.141030003186318,6.8047373017948125,5.452107881840007,-2.5878800321572135,-0.776778089712994,-6.853563471014303,-1.4289398634123307,-8.00937284365917,-20.83164992413794,-22.129918666084606,-0.09804298680430741,0.5796546710220459,0.8400884670143317,-2.357799677032357,-0.760817617896634,-1.6965359518382062,-2.214292937945574,0.47202812377984404,-4.7955400126334276,-4.211468177104059,-0.46199760050668104,-0.9699326701896885,-7.96899438612163,0.4077802346064696,120.15553308280185
233.8,27.8,29.1,3.65,7.705,454.5,3.68,107.34,6.28,66001.9,1675.31,49.3,18.28,103.68,17174.4,435.2825957923893,11.048671107300668,151.63,65.22,31.43,27.37,10.04493389674318,0.8095851014325984,41.74,774172.0,21.96364940618549,42.590832655196046,35.44551793861847,49137.0,30324.0,14574.0,6.059303494414041,4.22208657852724,0.6829462442173873,0.1613749773036768,55.57,2.3336800011071213,3.5851909881799173,-2.6174352289938074,5.112126454825824,27.68244401302499,-4.533954112099794,-9.78001246526682,-23.371623594091897,0.7090737677629413,-13.130835054815591,-2.5305482014268623,-2.460174809163437,6.432429946184467,2.0334267944594226,-0.7729704729064059,6.502981696614687,-0.6647382389893762,5.011911356109194,0.6189200733710715,3.1628324094414704,-0.8873055899469217,-0.7955980719020571,10.922451109543132,-10.834817885349816,0.6181490955268979,-0.22005010649096293,0.795943033595881,-1.6342648329399527,-0.26764512970345383,-0.23716858983350222,-4.562536835040277,0.7112569187985093,-0.8502427498297779,2.111895965433989,0.3863714431303891,-3.2047490887980294,-2.495528279809903,-2.370485210331775,120.15553308280185
421.2,27.7,25.8,3.15,7.335,332.5,6.25,113.44,6.47,113005.25,3048.97,56.37,31.11,123.25,170899.0,632.6927383685123,17.070544762331334,178.61,74.6,52.48,33.02,11.832260392384752,1.0136065476243834,41.19,962714.0,23.22925734100645,37.059541398199215,39.71120126079434,40450.0,30441.0,14677.0,7.420621787035737,5.286083690348805,0.6079000575173069,0.2002013844757149,68.94,12.63238436061514,2.6663796544168146,-1.7432287254898513,-28.2257929080554,17.99855106509911,12.87407920882106,-10.518278549641837,0.6355529335350703,3.735615041794567,7.13166434597224,-7.380171566478285,7.421691389995004,12.045704486955268,-7.109929710499322,7.178948217853903,-35.501928051859146,-0.942490305507866,2.572458739792927,0.8091719296791894,3.410845227505392,-7.762826385765027,5.035412423446929,5.831251914519815,0.8338021906760202,-0.1168099217691146,1.3223487225376704,1.0501917281909856,0.5581483704107795,1.3250935150558754,0.634622853400652,-1.3911093719225984,1.8362514752103014,-0.4923990607215103,0.5143962710971618,1.5949209854751858,-0.42380152935783144,-0.20375296708351578,-17.81635451306124,120.15553308280185
331.5,28.3,26.8,2.28,7.7,1200.5,6.42,62.8682,0.7473,30465.0,544.0,23.7417,15.1611,35.7857,16160.0,391.6363496124131,6.993276684364113,77.789,31.907,28.226,8.037,12.555758966506351,0.9191379276851872,47.4,302484.0,8.8,57.3,33.9,63896.0,41068.0,18414.0,9.819277128486252,7.904115227830772,0.4381657992565056,0.2590222331408918,63.9,1.4701330110164188,3.3051851246149,-9.548774724990752,7.078629678276678,24.685179165116665,24.211986154934078,-20.59757019791132,-5.462559602349063,1.1115098362540223,-3.723291656842921,9.388311694775087,-7.5178352204741286,-7.252479578009029,8.357614013397443,-0.20811626853266615,12.042382153623427,14.884298885473981,-4.7260895039824184,-3.2554328511158652,-6.619061539930601,7.955373215319898,-3.0932789426545235,32.4938920817012,2.226055900159603,1.0405309680973496,-0.8199123723649725,-1.9370226153483057,-0.11193519072296354,3.4876495980704223,-2.665230054347775,0.1159233482244056,-0.9898238351040813,0.15270976452002158,3.060896194980789,3.233491105297579,0.9069766791785684,-0.7153886217204862,2.6627081892010747,120.15553308280185
453.1,28.0,28.0,8.735,8.125,1085.5,2.89,121.17,1.24,111887.0,1972.8,69.36,49.35,171.62,14251.0,484.1916219491085,8.537303098494027,231.08,91.11,77.42,35.98,15.308206323678789,1.4921568515595265,37.51,1010017.0,18.514367546917764,44.48838459533429,36.99724785774794,40876.0,30965.0,14316.0,9.36200276864403,7.781782798224389,1.0236131895309892,0.2773605197458011,95.51,1.6113092953357198,-1.5045914228819328,-4.35121892128683,-6.829849657282854,-12.691285485390884,-26.230336565384643,2.4048100419420115,-0.14678855198280236,5.295470998907308,-3.6651109308113057,-6.07911514753476,-0.7469959025317804,11.938278545731057,-22.542365303640253,-21.853330341461117,5.903199003552242,-0.9540320604480791,-2.505267137197467,-0.5318665690254423,6.02114380845024,-28.640857265236168,-2.6732651781352854,1.259373880287942,16.255153063591564,-1.2905675896148503,0.841676142827298,-0.24037355191384702,-1.2868084785466396,0.8767027090303606,-1.5727445255561419,-2.955283013253938,-0.34476705733531315,-0.6795294928209246,1.2174973190529268,-0.3058647061310082,-0.1697916471026827,2.3184825662150983,-1.1975977561964355,120.15553308280185
115.2,28.8,29.4,2.42,7.52,524.0,8.27,60.6455,0.7705,18738.0,201.0,20.6519,13.225,27.4686,21790.0,236.6058463286824,2.5380390176147487,79.195,32.652,23.515,6.148,12.782698470895246,0.7724210753786316,47.21,209885.0,11.2,48.7,31.3,49780.0,37342.0,15884.0,8.251880779338212,6.642425473153561,0.2421040892193308,0.2176759611841297,53.7,5.844519360326896,7.795625476459971,-6.6971157620622135,28.772358184284922,70.80717291163747,68.02661745539633,-2.8574209855776243,3.225911274037013,-3.238398357403153,-3.5863900814903906,9.43648920931233,-2.030855297992629,-5.548877750807445,24.02783777823595,3.1888113222892103,19.639841187906764,23.131850889981724,-1.3399001348903425,-0.7829651910237393,-8.034931948341734,11.239773178018316,-4.95382485318308,17.59692181608329,-4.274390438200595,1.386691084761792,-3.7266743030142977,-0.6826891754133056,0.9487987965970083,9.680450326993597,-0.7739489208798229,-0.4356520015249667,-0.6796591957487745,1.8507426880936417,8.296960404875383,3.4109746655480317,-0.5418771389654561,-6.048038727295743,16.350912348860096,120.15553308280185
114.4,28.8,28.6,2.3,7.42,419.0,4.52,53.8484,0.7,22791.0,176.0,19.9075,9.7003,26.1024,22316.0,289.4793664503182,2.235459983996139,78.731,30.36,17.926,5.442,12.707805206288954,0.8544099046087655,49.59,270490.0,11.8,40.1,56.9,45128.0,39616.0,17109.0,9.127778739156234,7.347487394884943,0.1563167286245353,0.2407812308070261,59.4,4.68119856761475,4.400763878701256,-4.812832524275096,34.6509351982285,48.02129106408296,60.10454347862085,2.768020737006641,7.5431154891654515,-3.591397879444989,-6.457081611218546,11.130674134072228,-4.467122684909651,-11.067711414300527,9.701296450374643,-3.244154840644137,9.627888810092898,21.64069713323688,0.5745299130864367,-1.5022993882978313,-7.614811949779592,11.367139363788688,-12.090749205372598,14.551625122074034,-3.8116062184609505,2.530778929937322,-5.435591389959061,3.5335194566519963,-2.3647945075893477,-20.757050860966558,3.183398741058389,0.00308489051336854,5.334754809578875,15.826670902632179,16.526130793698442,1.8590358647727356,5.528053709434665,-10.218262802219643,12.282538302342871,120.15553308280185
116.8,28.8,28.9,3.4850000000000003,7.470000000000001,539.0,6.93,49.512,0.336,36853.0,138.0,15.7684,11.0015,49.6713,4038.0,582.73904587214,2.182128682342152,63.241,25.634,18.924,13.688,10.207596868462485,1.431208510245323,64.28,314899.0,7.9,22.3,69.8,42653.0,44208.0,19416.0,15.289797719630393,12.30765986180222,0.1473591078066914,0.4033288293821397,99.5,4.489581089367632,10.7767705016591,-7.567002854678627,26.781951351845645,49.386278609932226,62.36455336516722,8.572360755562165,1.132212700792584,13.96946834145968,-3.3347585309972074,14.486450727735646,-18.572625184203492,-14.13950294677168,36.21502072179768,29.988275236263878,11.604288429968681,-16.154473465383052,-15.157182464461458,-2.0478795049587895,-19.068312973200033,31.88039804001804,14.340472501336288,53.1072926837136,40.95307420634509,12.28151800850562,-1.712524907483412,-0.4064977389255837,-13.897083422919584,-10.15682187974453,-0.40717827543539126,-2.7755766262346833,-0.07898608247283967,1.175014582426905,-3.1867211784104232,15.606190892701656,43.71328869688634,37.3413291605174,16.09438592712472,120.15553308280185
376.9,27.9,27.8,2.865,7.15,348.0,6.26,156.23,1.87,97710.0,1060.5399999999972,71.1,36.2,44.19,10480.0,463.12446677410185,5.026732391695883,210.98,98.81,63.08,12.67,11.72546549939368,1.018542407714805,36.2,633849.0,18.656421702718102,40.1694307582096,41.1741475390723,29464.0,31269.0,14895.0,17.562286116352706,10.924959818723158,0.0678323806069195,0.3802577434267549,98.99,14.573532409154785,9.4674977247316,-2.0376448989543117,47.9222315649013,65.94184171615946,59.863080010525884,4.994412731109189,14.566395181048042,-22.936283882384497,-1.4550233707289806,-9.437981456729268,3.691068141300539,27.004476685601606,-17.4072755632891,0.2987008237652482,21.188945708785518,-2.4547859087819224,-8.223500124380609,2.5044950868499716,21.682451740978284,-23.333205793400605,3.792175255008042,40.545326153476104,13.963776229201661,-5.575268739537958,1.9873178245934326,2.5502555441701156,5.163343802946616,1.3158693772197416,11.95746630665535,-0.4636689123557917,-0.35854875601983655,1.5843550401087836,-2.574095548434802,6.602679440377588,2.5317734695753735,5.346526401413914,-11.428768484791897,120.15553308280185
19.0,2.7,6.8,7.095,8.29,298.5,1.67,41.8,0.9984,37631.0,382.0,12.2266,9.8512,26.4183,120170.0,481.9852705731668,4.89273134806276,78.075,30.563,28.728,4.991,21.398798506227283,0.8755846807233554,35.03,369846.0,16.504901960784316,31.65686274509804,51.83823529411765,26213.0,35691.1,13158.53,16.539135979595088,17.556710821702243,1.1884593356762363,0.355470066518847,77.55,0.2133223635537139,-1.5484085063776003,-0.17054504521346184,-0.9745455519187581,-4.8743155317055065,-10.443718028890434,-15.691499154379903,-6.8291605091203635,-14.228590854163437,-1.3069335871019079,2.364642274221406,-6.390813300923907,-7.2088905449979945,5.317712726536362,-0.4296691103877195,-9.71241832954654,-1.1497605186134277,-2.5458454760272677,-4.4563930402773755,-4.929064129211475,1.1484571271312087,-4.563708973156754,-14.208762645722986,-3.052023359278683,-0.14731743338207468,-0.5079529631991561,0.2929952465409108,-0.7249027583755856,-0.9883108903770337,-2.0852586925557506,-0.0921857397351417,-0.03513335070107065,-0.7805202840835169,-4.115626064982886,-0.5692890684981827,0.8143144538245796,-0.020783371438738835,-5.287095250179214,120.15553308280185
25.0,4.3,3.7,5.975,8.434999999999999,536.0,1.08,6.34,0.062,5772.0,77.0,1.413,0.9294,11.2908,1379.0,654.421768707483,8.73015873015873,8.82,2.541,2.176,2.684,2.417385883124235,0.1122410186812435,81.11,43475.0,1.100962322622737,39.02707551786005,59.87196215951721,72144.0,42390.12,23847.44,16.617634982053918,2.250591120086632,1.7613416385502103,0.1556184237048982,33.95,5.802619111722319,-0.7686377299755508,-0.24251266093536605,-2.6417101980520727,-6.667027540840206,-9.880486321053466,-16.31187207944924,-3.7825782154880767,-4.728956121610632,-6.465773382224145,2.6196401160893337,-5.65463810434953,-5.002119885907354,3.5444538076082233,-2.922807164303959,0.9500403167268555,-16.498897956289202,-2.7162461034255103,-5.485764672101165,-6.897804992500073,8.298497857471618,-0.6275538563565357,11.385988129775505,-23.807429295626164,-1.1008346520892038,-2.9452889705961582,-1.3729378350280836,-0.8926949731881418,-2.2701694620804225,-1.1915052406443276,0.8890275356910816,-1.2717008984150993,-2.900141395884566,2.0789319392138457,-1.8757627202252236,-2.8822219207091258,-9.32677015309843,-0.7674722147546693,120.15553308280185
38.0,2.8,7.6,13.955,8.295,825.5,1.9,65.48,1.159547297297297,35404.0,628.0,32.7396,23.8933,28.3358,18135.0,353.61566120655215,6.272473032361166,100.12,42.91,32.89,6.89,21.692116085648387,0.4183057432432432,45.82,494396.0,16.2,34.7,49.1,52830.0,29483.6,14569.4,30.782770270270262,13.408445945945948,0.4610408828493061,0.2022597972972973,44.72,5.451655638560825,1.4941539626863476,0.90157738384946,-2.0521704147942352,-12.730140801292535,-21.124916581055153,-6.72863108912638,3.990788435271631,-1.9006933770437415,-1.4856641357035054,-1.159056317185361,0.6653721609401199,-7.968644365846802,-1.8477893889726467,-1.4805361274769542,5.972977317580953,-1.8993461532238876,-0.6710089169939354,0.15456666378304343,-7.813148782569139,2.0851020803442233,-8.53629713778229,-14.378678167389397,-18.348174034336893,-0.019762627001231065,0.8641881974895177,0.1816563557802385,-1.8299010722323643,-0.48270075855000627,-0.2375357877711465,-0.49061719706437157,-0.16143683322705393,-3.9237935567786923,-1.5649371914394825,-0.9486093150451774,-1.5501066987247516,-7.969597499808297,-1.7492744058114482,120.15553308280185
9.0,3.0,7.4,15.845,8.64,1008.5,9.28,107.34,6.28,66001.9,1675.31,49.3,18.28,103.68,17174.4,435.2825957923893,11.048671107300668,151.63,65.22,31.43,27.37,10.04493389674318,0.8095851014325984,41.74,774172.0,21.96364940618549,42.590832655196046,35.44551793861847,49137.0,30324.0,14574.0,6.059303494414041,4.22208657852724,0.6829462442173873,0.1613749773036768,55.57,2.4644114873986163,-2.4006184408712827,0.4068058414803814,-3.028713974185911,-18.132467635615424,-27.428609458152206,-8.445556457960048,-2.089125800968615,-1.8509630796740124,-4.7036783639978,-3.8389899242405465,2.5914967695033795,0.8902430372413553,-1.4624884440874066,-0.37364667663583556,6.617099183488949,-6.674954408601235,-0.17687928443309117,-0.008882366386241477,0.5442741901520632,2.416588858535204,0.44266391150653445,9.750196510544045,-11.265750590145274,0.3934607411688198,-0.16911096083776478,0.7563316918490463,-0.3078278941102341,0.17316627525103545,-0.47736949469428414,-2.497526656657769,0.3963299462773519,0.06195483214842875,1.936802796729219,1.0693848017696297,-2.5365439897294477,-4.35062537125622,1.6111189036234304,120.15553308280185
16.0,3.1,6.1,14.785,8.375,1078.5,3.85,113.44,6.47,113005.25,3048.97,56.37,31.11,123.25,170899.0,632.6927383685123,17.070544762331334,178.61,74.6,52.48,33.02,11.832260392384752,1.0136065476243834,41.19,962714.0,23.22925734100645,37.059541398199215,39.71120126079434,40450.0,30441.0,14677.0,7.420621787035737,5.286083690348805,0.6079000575173069,0.2002013844757149,68.94,18.507102933686063,0.7982397544989354,3.5151078169249614,18.95198218930513,-12.589202860856119,19.107228847189493,20.72267036338337,-16.743474379377446,1.002311603883281,17.864986051220136,-8.686362086567874,19.612918807719826,19.82713327022269,-13.928932460929888,-4.923498781348267,-20.418262887780244,-4.532514450781359,20.110624880363854,6.3745164386508995,18.827591068912298,-15.719890745834762,14.073834726920664,17.47137883550332,28.38465718974514,-0.03930084215321609,1.2718481153451542,1.5971654616172113,2.7303606814922152,0.4392944284295659,3.596259986535491,-12.105968462394857,6.906109820990825,1.3406455672532331,3.9700059332915902,4.721616105502467,-2.6276667757332333,1.0342696460336445,-3.7681426977925,120.15553308280185
22.0,3.1,9.8,13.489999999999998,8.15,2355.0,17.85,62.8682,0.7473,30465.0,544.0,23.7417,15.1611,35.7857,16160.0,391.6363496124131,6.993276684364113,77.789,31.907,28.226,8.037,12.555758966506351,0.9191379276851872,47.4,302484.0,8.8,57.3,33.9,63896.0,41068.0,18414.0,9.819277128486252,7.904115227830772,0.4381657992565056,0.2590222331408918,63.9,30.503241102251486,1.2806779563287265,1.6960757503937922,-8.959799281524802,-17.54119945227945,-15.608891133712604,-39.23126757455679,-2.436873800923737,-1.1647430679465967,-3.4262325572067263,2.9126982271966213,-3.8003833127611633,-0.24028004095268685,8.34514830748861,2.402849991327771,3.5440695527754733,2.034248457068267,-3.460933798472397,-0.5669507627173629,-6.970166100699767,2.0400779039536916,-4.395165690435098,3.541550987429607,-2.735580644352982,0.6860616534436118,0.09058429771723849,-1.4795013255051626,-0.9588229423823461,1.317034157342277,-0.9778240364510559,1.75212160691619,-0.15829922075538758,-0.1468155806077022,0.16070526339268998,0.8341571629668284,-0.09370477341581147,-0.6684100829437388,-1.4968964252543329,120.15553308280185
9.0,3.3,5.9,15.11,8.315,1625.0,11.5,121.17,1.24,111887.0,1972.8,69.36,49.35,171.62,14251.0,484.1916219491085,8.537303098494027,231.08,91.11,77.42,35.98,15.308206323678789,1.4921568515595265,37.51,1010017.0,18.514367546917764,44.48838459533429,36.99724785774794,40876.0,30965.0,14316.0,9.36200276864403,7.781782798224389,1.0236131895309892,0.2773605197458011,95.51,22.43438111844514,0.3338475199633579,2.0870316982797026,2.6377078912376115,-8.212300428689147,-11.69446904931528,-17.90487619779383,-2.6482795578815663,7.891240641648569,-1.6419773901191832,-4.876915553609531,1.084324456723408,5.887703516352921,-21.21841197349907,-20.144981674140634,5.021159510828244,-1.411883631078527,-2.284679767492538,-0.3913083697529525,4.453728795982896,-26.512709678327667,-3.0611523238973075,-0.3729691438438983,17.996282240445726,-0.731461974287714,0.5678495647758245,-0.44278535795708535,-0.5196624459077922,-0.47110243600638074,0.24475832546750764,-1.6030777208507068,-0.15357707615320995,-0.42293749202663883,0.6009065677939601,0.08112236243827968,0.07241977277832727,1.791480058015635,-4.6673730275516085,120.15553308280185
26.0,4.3,6.5,12.885000000000002,8.295,1150.5,9.9,60.6455,0.7705,18738.0,201.0,20.6519,13.225,27.4686,21790.0,236.6058463286824,2.5380390176147487,79.195,32.652,23.515,6.148,12.782698470895246,0.7724210753786316,47.21,209885.0,11.2,48.7,31.3,49780.0,37342.0,15884.0,8.251880779338212,6.642425473153561,0.2421040892193308,0.2176759611841297,53.7,4.369390451033964,2.1393442182646436,4.299939814622048,7.969926915743852,-22.029872100184832,-24.882320841057226,18.849776275975945,-3.3079364876340467,-5.220495323316038,-3.125645686246767,2.904490605361449,-3.347059275801293,-7.554239570704908,9.486465431454901,1.6064297953713698,13.552266810963241,5.908009944867032,0.3840318078920231,-0.6878602294779105,-7.110522969684875,12.952248608131583,-0.35139165602391625,12.734875699435358,2.17363651801832,0.8457268208808557,-0.3590606456149068,0.7021276540278159,2.3289041003305466,6.025146143889675,-0.3439631591659659,4.165175122357906,1.3090551627202285,0.9133318450045772,6.357631414379767,5.525284594369588,-0.6139600261161101,-6.17718640443248,8.193371808909193,120.15553308280185
26.0,4.3,7.6,10.23,8.135000000000002,1123.5,5.73,53.8484,0.7,22791.0,176.0,19.9075,9.7003,26.1024,22316.0,289.4793664503182,2.235459983996139,78.731,30.36,17.926,5.442,12.707805206288954,0.8544099046087655,49.59,270490.0,11.8,40.1,56.9,45128.0,39616.0,17109.0,9.127778739156234,7.347487394884943,0.1563167286245353,0.2407812308070261,59.4,13.57132543006383,2.1974519166381388,3.4503431786107854,-3.478768593673593,-10.371340276757255,-24.209315410029763,14.74955214845482,1.1934300814817371,-3.321479584945676,-2.6354457108792846,3.6448584878987944,-6.46912611503154,-9.294236794207245,6.3701966868340945,-2.080645310796488,8.15576758323315,7.720570480067598,-0.6461027284773682,-0.7809523133902507,-5.65944822041473,7.451316463274412,-1.685875949580223,11.552133220362789,0.8875166878088677,4.782889706748539,-1.1323067142193528,1.6209351948679747,-1.639923768254618,-9.56184309365849,2.7626686901863025,4.701930209069979,3.187301180407714,5.370677854965906,5.750815518782473,2.335659227212891,9.341753352799762,-6.466505587456436,-7.394976846165953,120.15553308280185
26.0,4.3,7.4,12.76,8.274999999999999,1099.0,6.26,49.512,0.336,36853.0,138.0,15.7684,11.0015,49.6713,4038.0,582.73904587214,2.182128682342152,63.241,25.634,18.924,13.688,10.207596868462485,1.431208510245323,64.28,314899.0,7.9,22.3,69.8,42653.0,44208.0,19416.0,15.289797719630393,12.30765986180222,0.1473591078066914,0.4033288293821397,99.5,7.055222839973986,6.1614165019818286,4.986615573305169,24.10912405361189,-15.896650290628118,-25.813116993599877,32.932817397532055,4.198488399934333,3.8418080541056896,-8.642193004097786,12.57663563082305,-14.402812271025034,-10.343343055332076,12.879882568653363,8.631526244965691,19.57275396356359,-15.396306453150855,-11.71242640202089,-1.3017889043603457,-7.317351959563482,18.190670408193636,11.753072466802939,31.535438777115193,36.807679719095276,5.50110555943257,1.3292485383052093,5.848920868763231,-6.561714063654649,-11.609415678722632,0.00835500917475159,11.756978413988834,3.0087266749205654,2.9035106742739027,-1.2990126822842276,9.866868080674516,10.66427374342612,17.854554961461886,9.712313891532835,120.15553308280185
30.0,4.0,8.0,14.31,8.71,1752.5,7.77,156.23,1.87,97710.0,1060.5399999999972,71.1,36.2,44.19,10480.0,463.12446677410185,5.026732391695883,210.98,98.81,63.08,12.67,11.72546549939368,1.018542407714805,36.2,633849.0,18.656421702718102,40.1694307582096,41.1741475390723,29464.0,31269.0,14895.0,17.562286116352706,10.924959818723158,0.0678323806069195,0.3802577434267549,98.99,14.724804522834551,1.5341241873676577,2.202558991951712,-8.08416245504903,-10.094151872578854,-18.643045381318462,-19.478646258121977,-1.3725888223045806,-2.378900640918873,-4.521054234431749,-6.091317731007005,-9.763139336992369,9.398335926335614,-19.674727919187088,-3.1245403011795134,2.9466805332123003,-7.962548281427783,-1.001838353492009,3.1131397085233288,4.4158371901620805,-7.180708092959441,-6.087830243241039,4.367360242689028,1.8581911650129277,-1.7480459329842903,0.8501537751321062,-0.6598291220562521,-0.6680281423001236,0.23033068288117628,-1.9304320558703827,0.4263244127016514,-0.20054285614130465,-0.09919554920867046,-1.8745715020146827,-0.6506886316137397,0.1813720966828972,4.114420953979717,-1.6143600863063081,120.15553308280185
7.0,19.3,14.7,10.465,8.129999999999999,374.0,2.67,41.8,0.9984,37631.0,382.0,12.2266,9.8512,26.4183,120170.0,481.9852705731668,4.89273134806276,78.075,30.563,28.728,4.991,21.398798506227283,0.8755846807233554,35.03,369846.0,16.504901960784316,31.65686274509804,51.83823529411765,26213.0,35691.1,13158.53,16.539135979595088,17.556710821702243,1.1884593356762363,0.355470066518847,77.55,0.371558834587307,-2.3629145077724636,-0.7477940020717986,-7.059721275037931,-8.777603608330244,-13.046510621826164,-10.345900145067523,1.321739417259426,-10.754412176034725,-1.047776875194783,-0.36466359560145006,-1.7272166557547948,-7.044356026221066,2.82788684852266,-0.34741435335095266,-8.115196720350069,-4.096525046637591,-0.6587823725623706,-0.9291894578405966,-6.20637891900648,2.6109759762727967,-5.424914507744056,-13.819643119984152,-6.443751525274323,-1.3012386212179752,-0.9198744072268411,0.7277410529615981,-1.775705255833454,-1.6351173856590575,-0.5978462019120353,-0.027191553884186575,-0.05732626433484269,-0.24403186406784982,-7.867288366421126,-0.8807450811370909,0.3528901901336698,0.9828446587489457,-4.333476586502122,120.15553308280185
29.0,20.0,15.0,10.785,8.315000000000001,584.0,3.07,6.34,0.062,5772.0,77.0,1.413,0.9294,11.2908,1379.0,654.421768707483,8.73015873015873,8.82,2.541,2.176,2.684,2.417385883124235,0.1122410186812435,81.11,43475.0,1.100962322622737,39.02707551786005,59.87196215951721,72144.0,42390.12,23847.44,16.617634982053918,2.250591120086632,1.7613416385502103,0.1556184237048982,33.95,12.384689673919915,0.04303571965390072,-0.710784937445229,-7.753806840262065,-9.728988589570701,-13.133718259059824,-14.066025433761531,2.742432326633329,-1.8393954291520647,-10.791130693664307,2.0095490938487135,-4.979912488892054,-14.141794425992606,-0.20941932599603721,-4.198043118983818,1.7583196208385434,-16.51297398116905,-3.913418670562096,-4.700016382942752,-2.765041641768377,3.9592892663227395,-2.567986706735876,14.196294881361533,-11.162607577790041,-1.2571855998396255,-2.305703650590343,-2.000318906987863,-0.4418340469221586,-1.2968226333490263,-0.8386465039919138,1.4169081522850318,-0.3267404567636546,-0.5769593094786002,1.110398739694308,-1.9603400383687886,-1.0417691950717316,-7.010673070661723,-5.134562354348602,120.15553308280185
4.0,19.0,14.5,10.57,8.23,913.5,3.15,65.48,1.159547297297297,35404.0,628.0,32.7396,23.8933,28.3358,18135.0,353.61566120655215,6.272473032361166,100.12,42.91,32.89,6.89,21.692116085648387,0.4183057432432432,45.82,494396.0,16.2,34.7,49.1,52830.0,29483.6,14569.4,30.782770270270262,13.408445945945948,0.4610408828493061,0.2022597972972973,44.72,9.714378408593005,-18.46635445287684,-0.13417306876586163,-4.94698395871247,-7.178140752913895,-15.591114888865656,-3.3651721277212094,-4.933219014594797,-2.785816149905635,-0.5411433119714869,0.6336159454930274,-3.3681953654376167,-1.4469956832068658,-2.5802510299882857,-8.79989841931034,2.8173707512742836,0.7384873634506944,-6.312639387247617,-0.3394296145951366,-0.6668760592536996,-0.4047629758591445,-4.848713700195463,-7.851320546327624,-10.834607533604526,-0.2877122185022257,-1.3402201470111816,0.15152204601404556,-2.329902916279001,0.10821029839416424,0.03453956182891015,-0.6842469580774203,-0.18097923852115258,-3.822433912577108,-1.1335442459226275,-0.8688908153019534,-1.0417413585167379,-6.613597930258451,-0.9179535892660117,120.15553308280185
5.0,18.9,17.6,19.085,8.594999999999999,1018.0,4.43,107.34,6.28,66001.9,1675.31,49.3,18.28,103.68,17174.4,435.2825957923893,11.048671107300668,151.63,65.22,31.43,27.37,10.04493389674318,0.8095851014325984,41.74,774172.0,21.96364940618549,42.590832655196046,35.44551793861847,49137.0,30324.0,14574.0,6.059303494414041,4.22208657852724,0.6829462442173873,0.1613749773036768,55.57,4.2035141147459845,-4.077226183391178,0.5199398517934585,-11.894394759681695,-13.366910365986017,-36.33629793059003,-9.324705954085415,1.3213656537591785,1.592311611259354,1.3411449205083776,-3.693747019123597,4.261567594330603,1.6929951629787674,0.6355795933507986,-3.2187218054756515,-0.5515514298047256,-5.411214131576319,3.258217054844524,0.6145776371875176,-3.7662052732473232,1.5983165813097724,2.259617384439334,9.110547025554503,-1.6671751847552752,-0.5572685255234427,-0.05509899407314892,0.1071171176588764,-0.8733155349828318,-1.0507635208405564,0.3763067972597985,-2.413246708504545,0.6907636256826416,0.21085842181152495,2.6192137608646093,0.6756786555688196,-1.8843997621241335,-3.2558750821293008,0.9439490853234508,120.15553308280185
25.0,18.4,19.4,11.865,8.155000000000001,796.0,3.64,113.44,6.47,113005.25,3048.97,56.37,31.11,123.25,170899.0,632.6927383685123,17.070544762331334,178.61,74.6,52.48,33.02,11.832260392384752,1.0136065476243834,41.19,962714.0,23.22925734100645,37.059541398199215,39.71120126079434,40450.0,30441.0,14677.0,7.420621787035737,5.286083690348805,0.6079000575173069,0.2002013844757149,68.94,14.843588570375651,-0.6720522855144608,0.2434180872980516,-14.90102156260361,-20.55823461088352,-18.18367951936399,-16.79604221526068,-8.20624028346579,1.739828747034382,2.4863503365265194,-4.626502141106564,1.4850090028097227,2.072251726362544,-5.728044436654698,-0.9292155045534808,-9.912913308118782,-11.397248771622154,-0.47315567206591397,-0.22854573380823054,1.5797092402167614,-4.916312091007518,0.6340458387446896,4.611401260302714,2.479754553800449,-0.04359362940614305,0.7027134463245369,0.8756040876234567,-0.7620053828166183,0.14270451308538493,-0.005372730583571868,-1.1700743521610282,0.0483399987313898,0.09575075574219231,0.8866753803829971,-0.022375498651524623,-0.399426873000339,-0.9373080858184637,-4.284396313534428,120.15553308280185
19.0,18.6,21.0,12.24,8.32,2660.0,12.6,62.8682,0.7473,30465.0,544.0,23.7417,15.1611,35.7857,16160.0,391.6363496124131,6.993276684364113,77.789,31.907,28.226,8.037,12.555758966506351,0.9191379276851872,47.4,302484.0,8.8,57.3,33.9,63896.0,41068.0,18414.0,9.819277128486252,7.904115227830772,0.4381657992565056,0.2590222331408918,63.9,39.45693230718296,0.3486193563664952,0.8740055931778623,-9.86964426589043,-15.465342081007543,-10.951248824559153,-43.28363098105416,-2.526286807524352,-3.280469961183456,-3.0611252181371675,4.861684764823875,-3.865145810313212,-3.963570440298259,4.5725318461547895,-5.081717509223771,4.1884224149103595,5.280230233118249,-0.20109903820479844,0.5010988584300508,-1.3678812600408368,0.7840708924084901,-3.1264772674317154,5.245321027985775,0.6909228752258546,-0.49680290677895256,-0.18881173584454855,0.3366161494686586,-0.8425940619835951,0.01777660077127378,-2.562971157263964,1.6555939769232648,-0.7107504992590616,0.1493108082003891,1.5327423869158754,0.01302711428298231,0.30855931909289264,-1.537796488554836,-3.3645239540344734,120.15553308280185
10.0,18.9,20.3,12.95,8.41,1821.0,5.73,121.17,1.24,111887.0,1972.8,69.36,49.35,171.62,14251.0,484.1916219491085,8.537303098494027,231.08,91.11,77.42,35.98,15.308206323678789,1.4921568515595265,37.51,1010017.0,18.514367546917764,44.48838459533429,36.99724785774794,40876.0,30965.0,14316.0,9.36200276864403,7.781782798224389,1.0236131895309892,0.2773605197458011,95.51,43.609077057152064,-2.5841036561705786,0.024588425951078758,-12.804936933567129,-14.687360435867058,-0.9444294113588209,-18.98380356837685,0.6844910517024515,6.490198216000572,-4.9848594065662475,-2.955750391314117,-2.8396450192279485,5.7767172146045285,-20.198937392726855,-20.216152876446337,6.501379420589655,-0.6967541030483947,-0.14193008238915406,0.08426751254436704,5.052053969607999,-20.800759336330618,-2.4692241497407657,2.2874299062912655,18.47317072999042,-0.5408375199635823,0.6337173700480099,-0.7907064453388264,-1.086124121538208,-0.21360037227006012,0.7074342295403283,-0.4811499444985117,-0.01839761110022516,-0.0073437500861478116,0.5723627554935723,-1.0952732631936675,0.048146163150668254,1.246509728742143,-2.2585458709485824,120.15553308280185
15.0,20.0,19.4,9.77,8.1,1231.5,4.85,60.6455,0.7705,18738.0,201.0,20.6519,13.225,27.4686,21790.0,236.6058463286824,2.5380390176147487,79.195,32.652,23.515,6.148,12.782698470895246,0.7724210753786316,47.21,209885.0,11.2,48.7,31.3,49780.0,37342.0,15884.0,8.251880779338212,6.642425473153561,0.2421040892193308,0.2176759611841297,53.7,20.486433778709905,-2.6878066038076454,-3.2600130331112673,-15.29021623348507,-6.706715904908875,-22.538850413354414,0.8069714579824344,0.7065739959121385,-3.1268929788361626,-5.0818972465147585,1.8447971582335108,-2.4142400602375464,-8.852939682714641,10.658497892058605,2.245587415063443,7.00585394533817,4.727863097159812,-1.8568279763776803,-1.2179772816070653,-1.678260374867049,3.785839895878453,-0.022391545386054073,9.864887205124832,1.0753243218377844,-0.010020018091114894,-0.2498018343995024,-0.17207248475712866,2.1659546601663657,3.679201548071577,-0.20091161699500168,0.6677419855073122,0.07153805133731399,2.0054275564337147,3.038340360509851,2.89100981284709,-1.717133640586398,-5.073319995747879,-7.230803869506345,120.15553308280185
16.0,20.0,18.5,8.765,8.075,1162.5,2.44,53.8484,0.7,22791.0,176.0,19.9075,9.7003,26.1024,22316.0,289.4793664503182,2.235459983996139,78.731,30.36,17.926,5.442,12.707805206288954,0.8544099046087655,49.59,270490.0,11.8,40.1,56.9,45128.0,39616.0,17109.0,9.127778739156234,7.347487394884943,0.1563167286245353,0.2407812308070261,59.4,39.45277630219512,1.2970250428142016,-2.0369326599927913,-9.012111677260448,-5.0166528032991735,-22.01957005731373,16.05215234368108,22.42924439546808,0.005425751058694435,-4.863197862662689,3.399783176115406,-2.742625631915096,-10.280202335024564,9.430617194966572,1.0702956073591483,13.667167017992272,14.366504644664625,-3.8794095439168963,-2.7000834715009367,-6.544584511951544,12.098889248591538,-4.454403603008639,12.97674241291204,-0.8743739874071128,0.6334869103894256,-0.17791104214576414,7.759603936477407,2.171089790042023,-7.140020988847439,1.7488082328966534,6.67346258961751,4.91975175665381,7.040529484275418,7.287159229055978,7.765354251909689,0.6865115341233684,-3.3235830593605815,5.725355924006238,120.15553308280185
15.0,20.0,21.5,13.56,8.575,1105.5,5.98,49.512,0.336,36853.0,138.0,15.7684,11.0015,49.6713,4038.0,582.73904587214,2.182128682342152,63.241,25.634,18.924,13.688,10.207596868462485,1.431208510245323,64.28,314899.0,7.9,22.3,69.8,42653.0,44208.0,19416.0,15.289797719630393,12.30765986180222,0.1473591078066914,0.4033288293821397,99.5,28.10453013756994,-3.238352695077969,-3.545407792617724,-22.87421192523713,-17.694431355510215,-27.091302262487975,14.936196667196539,1.2313481702841818,-1.8205159324686981,-7.541545104901304,2.663710734900087,-5.8043634135167395,-5.448808492434523,3.9426918963560222,2.302441931505067,6.066689701741559,-18.31029514880773,-8.107564501316904,-1.6984118927580631,-4.2702173650187145,7.1778039813848835,1.520964931872051,17.009162920032008,28.404664262640292,4.129948489405213,-0.2055303892695033,-0.7136934906647859,-7.074259773345354,-9.180540475104936,-0.8042285516322613,-0.4422678228607439,-0.5290104627842087,2.973235591421835,-2.5047349900069324,1.7545459619490416,9.558893572217784,8.049906764676175,-1.5841620710973336,120.15553308280185
34.0,19.2,21.6,9.34,7.91,1965.0,6.42,156.23,1.87,97710.0,1060.5399999999972,71.1,36.2,44.19,10480.0,463.12446677410185,5.026732391695883,210.98,98.81,63.08,12.67,11.72546549939368,1.018542407714805,36.2,633849.0,18.656421702718102,40.1694307582096,41.1741475390723,29464.0,31269.0,14895.0,17.562286116352706,10.924959818723158,0.0678323806069195,0.3802577434267549,98.99,18.127096476407363,-1.3519827076699578,-0.4531372951079795,-9.583494055693347,-4.23929765903391,-13.314808157590841,-48.518408772728094,-3.504468255061656,-1.9818597138642025,-3.082958831476669,-8.842302336658662,-0.21228433419794945,10.781527504255061,-7.967087884548429,-2.248870893415685,2.8792748942567656,-12.829514929296758,-2.6074327374684305,1.7050417811268328,2.245072849749897,-12.716976346322339,-1.3383478433002416,2.907959526067909,0.2678145358463126,-0.32871939230089325,0.5436189587693673,-0.34713693954982117,-0.3904593081958591,0.5303752514937267,-1.2250428679569938,-1.2958382310314727,0.11773841210175413,-0.983319529355505,-0.23169268290977854,-1.2742113705382994,-0.03905727600989314,3.3070317859031877,-4.453504039649853,120.15553308280185
406.5,28.1,31.4,10.41,8.215,628.5,1.83,1.2429,0.0576,178.0,2.865339918651946,0.0803,0.0452,0.0112959999999999,74.0,635.7142857142857,10.233356852328376,0.28,0.14,0.08,0.0,0.1127832756406402,0.0717922868966855,97.4,2310.438051510152,0.0183640280367156,11.209851980137037,88.77178399182625,126700.0,55075.29,33831.22,30.733895233898767,1.0251391827949203,4.746573554900874,1.0265837231057064,162.4,1.1840425194526414,1.034905955229575,-1.2925314878113572,-7.068552981880493,-6.439820145928922,-16.60131222311873,-5.583708503359618,4.12256068419665,-11.502587213025736,-0.6623581493801125,5.375296316531798,-1.4676319402021678,-9.443253100127915,10.251286485341065,-8.552479783881767,4.739869706874404,-9.146300520487129,0.6133378704978781,-3.768480369318277,-8.433460911243843,7.527962180553003,-4.539909598231316,15.015555998785421,-28.66984416158404,-0.14648815269581875,-3.0255260856527215,-2.012914654221386,-2.656469059204683,-4.482660865457729,-0.859987427714902,1.598767013531176,0.9846855956455695,-1.2863299181343362,2.04166940989128,-3.955665334129396,4.284943826338277,7.114736297295118,-10.20433945415231,120.15553308280185
430.2,27.3,30.6,9.905,8.28,253.5,3.53,102.81,1.7645,47925.0,843.0,43.5255,20.1416,83.8778,77459.0,294.8686396357596,5.186734756660309,162.53,65.61,36.45,18.38,34.437046921982514,1.6325084864460302,44.34,791032.0,14.2,49.0,36.8,60352.0,33354.0,19580.0,15.09150601532647,12.226414519989854,1.982933986704912,0.251596591393268,73.72,2.865047485851759,1.0335948195339502,-1.0020250614934303,-9.669717718063232,-13.348903094199486,-21.637685274115455,-13.10885518289016,-8.23527991987299,2.0896207326572998,1.2612049402544903,0.45283346786629375,-2.522139748474583,-6.410806810432113,-0.7327737257272625,-1.902685499791989,-1.60338331485788,5.093711402423991,0.11592765254279043,0.5607582719981051,0.7804991877094519,-0.5360199559293681,3.11513102170856,-24.023044614920703,18.389490784086906,-0.6399593985142827,0.5679160571905486,-0.3491797579545532,-0.600166696367476,0.6798918516856308,-1.1509732051705939,-0.14959376521098,-1.8865197420523814,-0.0874391986709074,-0.22226833774397833,-2.728972387127578,0.02050635418078565,0.05083529181002359,-1.05529145174039,120.15553308280185
180.9,27.2,28.3,6.84,7.81,215.0,1.59,66.2474,1.0595,34376.0,483.0,28.7012,25.1718,28.6734,5797.0,379.3590535887702,5.33018451487596,90.616,40.315,35.368,6.809466666666666,17.150500621066524,0.5104117114683594,57.69,245093.0,4.046117032847509,70.70339991554594,25.250483051606547,87265.0,36610.0,23148.0,20.47279770573432,11.45791031431516,5.074354330870425,0.2603928326866012,70.9,3.7672142807672753,4.026488331298652,0.5994042346626526,-1.5148359055110874,-5.487677187976272,1.0984794570707426,-7.707588695532951,-5.375264137999621,0.01748369764692015,-0.5142963858150548,3.295271307900548,-2.2487810441215204,-7.925001280247233,-4.293828995915438,-8.05641679022927,10.98275878983705,-2.111936696986668,-2.8720053533868266,-1.395804164181464,-4.440227388255299,-0.5208573237930745,-10.05625499865661,-6.939968158236396,-13.197645374280404,-0.17994970497054416,-1.6561734369210903,-0.478555071186274,11.261884601411099,2.982839420866221,0.38348583085617644,-0.33986985100666106,-1.5737814065821771,0.6891156138308965,-2.063481624016227,-1.3652808824996494,-0.18828063598213088,2.152823778747891,2.920442577339708,120.15553308280185
172.8,27.3,28.3,8.195,8.21,372.0,2.49,46.39,1.9696,37903.0,493.0,18.997,12.4084,46.2737,14888.0,438.5652299681805,5.704367949088805,86.425,31.048,20.027,9.119,23.6873667742644,0.5198347645921357,40.86,412043.0,11.40105756416319,43.837324276686296,44.76161815915051,46146.0,36086.43,16572.17,12.426995927713286,10.42342201495799,1.8765437977532649,0.2308378149566619,50.36,21.80802066782368,2.6723151879672282,-1.4758009996148773,-1.6092850157727188,-12.609228024329061,-23.202816549750665,-7.573115579559622,6.968542570767458,-3.7062249742525943,-0.6471256070615116,-1.7610960270697251,-2.3367634777926534,-3.771798233959512,9.816148082311264,-1.1128781252602735,5.250439235645657,-10.050344950566844,-0.7928932692855598,-3.9585773849223433,-4.990377094329644,5.778794619787173,-8.287724784958021,-18.20032368241654,-20.114748512383084,-0.3287966339429838,-0.18467469401502198,-0.4543123557620379,-0.45565912119733837,-0.21278526720435745,-0.4211363650749734,-0.21845395548113888,-0.10303354655314934,0.6280754067671164,-1.2972764459718027,-1.803480528463454,-0.36885053871121976,-6.115563544014781,4.796576553092651,120.15553308280185
320.3,27.8,30.9,11.565,8.120000000000001,499.5,4.39,79.7603,1.3218,37783.0,436.0,32.0201,11.986,58.2589,19506.0,317.1284444481749,3.659529465087586,119.14099999999998,45.663,16.368,14.3018,22.549304697785008,0.6391463480032891,44.35,477241.0,11.4,37.1,51.5,71561.0,34380.0,21443.0,14.98400185022494,14.347792906389309,1.8324918038196647,0.2479057292855512,67.5,14.826115409019962,2.5418609958266214,-2.6012083152798007,-8.514932989163013,-17.402358501702547,-22.16353364169908,-10.257171171704151,-0.36345912223371296,-1.247244540204605,-0.4448055610821278,0.654069884537409,-4.713778060581536,0.309555382338974,3.2566931084838386,-3.4259866857125103,3.2800743683303395,-0.7673017020119998,-0.05689390643344572,0.2803151691751549,0.9662772382795811,6.369202047111467,-0.009266828477072053,-10.972137917436969,-8.497137652134212,-0.6285945991504321,0.8867640075242758,0.3265101563526942,-1.7384436455027508,-2.079515967853368,-0.6338273835740985,0.04759967891654574,-2.1011382844407724,-1.5098801020486279,-4.810852243093154,-2.4467001062088327,0.07525922256521748,-1.4104401172324994,-4.599178066447688,120.15553308280185
324.2,27.7,27.9,6.74,7.495,355.5,4.52,65.48,1.159547297297297,35404.0,628.0,32.7396,23.8933,28.3358,18135.0,353.61566120655215,6.272473032361166,100.12,42.91,32.89,6.89,21.692116085648387,0.4183057432432432,45.82,494396.0,16.2,34.7,49.1,52830.0,29483.6,14569.4,30.782770270270262,13.408445945945948,0.4610408828493061,0.2022597972972973,44.72,7.177939994626962,4.806471661542697,-2.413313252859127,1.7870498682737033,-7.9227802127545415,23.890502091518915,-2.18656856954641,1.1268025227015224,-1.1638382939567455,-3.6150115555633486,1.8540779914699186,-2.392069420058592,-6.30217363399143,-3.6516035231086423,-2.8713616751662148,7.175649035226087,2.105021181659151,-1.9282011288031946,-1.8217413166972507,-2.9075732566431776,0.3135484982623393,-6.481624881294555,-23.663555858369605,-23.9820399675658,-0.29380532893662775,-1.14290524934729,0.4708426142794389,-2.5790856165764864,-1.2275994492159228,0.04596752592673026,-0.7533045779238439,0.2893065289664092,-6.987727329631646,-2.991609739004632,0.045480731315911495,-2.005712144696156,-9.901815859454993,-3.146004716655394,120.15553308280185
472.3,28.1,29.8,8.225000000000001,8.395,391.0,3.49,47.0,1.3107136824324324,36372.0,288.0,18.2749,8.0877,23.6982,13421.0,653.2327586206897,5.172413793103448,55.68,23.55,11.03,7.75,12.063693803924313,0.472838893581081,63.26,168105.0,10.1,30.6,59.3,59606.0,41956.5,25127.5,34.79581925675675,15.15646114864865,0.5191153820594531,0.2286277449324324,50.55,4.714350194292693,-0.02295556259884875,-2.6995465030738472,-1.643738313802363,-7.614175852063732,-10.35616493169684,-16.374809372828654,-7.230052191000432,-2.0033935761738886,-0.7396547522869272,0.5818492075800897,-2.9439445218102382,-7.531632272898374,3.702450933254635,-2.10958526267903,3.267772132329798,-20.458224814299808,-3.9704056875174865,-1.9611235473010071,-6.785386841255241,8.198270308255061,-7.131836622081075,-1.3086992132733588,-13.379786272874727,-0.3991970412029571,-1.5284670664773632,-0.527509457492269,-1.4919733068152958,-1.3267666191545628,-0.9052609514119098,0.5488827190625795,-1.0826575881933487,-5.660917206922701,-2.982722888360732,0.4507684556092137,-0.49073535792684764,-2.748068089267084,-1.4666385588888076,120.15553308280185
421.2,27.7,28.7,4.36,7.37,447.0,7.87,113.44,6.47,113005.25,3048.97,56.37,31.11,123.25,170899.0,632.6927383685123,17.070544762331334,178.61,74.6,52.48,33.02,11.832260392384752,1.0136065476243834,41.19,962714.0,23.22925734100645,37.059541398199215,39.71120126079434,40450.0,30441.0,14677.0,7.420621787035737,5.286083690348805,0.6079000575173069,0.2002013844757149,68.94,5.3338175735872335,4.4381350786301,-1.3614272502638973,41.31828396215182,58.46393327045876,41.55580188951145,9.141471086468856,-0.08574288608040585,16.141738322619346,9.427700978127929,1.1229516375421849,30.67863615051688,7.298147733388469,-7.640027465075256,-0.6576990002308367,-30.95102796851502,-2.4631280034314877,8.032661900813691,7.033766331378529,8.43383982514652,-2.4728866476084392,52.178585407172015,33.86546783122467,12.641840331482236,0.3423477429912083,2.82250584222376,2.485150422550119,4.280987340140469,-1.5472862281044975,7.336782034649512,-1.896939615939435,7.446749141407199,0.5626220284123024,3.4017183709897396,4.2401800077951775,-0.26498513281500874,3.9160211035795545,7.945358677874322,120.15553308280185
605.9,28.6,26.7,3.3,7.68,349.5,6.06,13.72,0.83,7014.7,78.24,7.31,3.49,34.58,2219.0,256.8546320029293,2.864884657634566,27.31,10.63,6.92,6.91,1.80918779080694,0.4565479911105388,75.7,148886.0,2.978968581939072,42.82646793950212,54.19456347855881,46502.0,34131.0,20135.0,14.867372524025823,2.380954321306591,0.8667399117112345,0.2182642305946436,75.16,11.270511973958929,-1.8286789676857456,-6.822139683876493,20.81442437543379,65.21296717153551,66.56367370875553,-0.3532813087881858,8.15223747375421,-12.929507069059957,-3.520941835365568,9.23729626692211,-0.6170893805551637,-24.62460000374665,36.116299619500055,6.535304886767022,20.272913407105957,0.9393038529398238,2.9419421293291563,-3.4459846125201636,-11.880723094142354,44.7205734229569,2.031088328867528,55.467673912838414,-17.589504818411864,-1.91168207910533,-5.77615043225698,-5.697573339856851,9.02178216760823,-1.4917934257832084,-2.9042363929779538,6.196195408171044,0.5803655262415622,3.8039803431152026,24.23385429429977,4.459873357047327,-6.353962619655455,8.434050385858862,15.44031721146932,120.15553308280185
307.4,28.4,27.3,2.87,7.675,501.5,2.75,97.05,1.21,106381.0,2590.42,55.63,35.38,100.73,137331.0,610.4028000918064,14.863552903373884,174.27999999999997,73.07,53.35,21.39,11.545413701275482,1.3286396630675812,42.31,858592.0,16.673582357043852,41.11565010222189,42.21076754073426,42877.0,31410.0,15449.0,10.182451797210655,6.929020407132105,0.954641587443107,0.2674869382660009,92.11,0.1871503329171639,4.911873568096199,-3.1274714760427966,21.583964158451806,37.0842781614489,25.982698758337648,3.0234638876025577,1.9459339691760682,11.272966634616415,-4.555314560139866,-8.43513922942337,39.0114033369231,11.329617548162735,-27.79563272254231,13.88162933056398,-23.07144715108909,8.803636200774156,11.848262278951395,2.75524451036317,15.610718991464623,-22.873414001282455,0.5075159277999782,29.165022808330452,37.1402957934762,-0.9121686531774102,-5.176419211598115,-0.2331710751370236,-1.5365526267824086,-0.2258500467147672,-0.1030325525207439,-3.8443352260331918,0.3633977772605898,-1.592750098815501,-0.30474762387883797,2.5100527970632514,0.9625905736613429,1.4388064789740984,-8.010188346466363,120.15553308280185
354.1,28.0,26.9,2.185,7.359999999999999,305.5,7.57,78.86,1.51,42101.0,1310.02,57.39,30.39,103.24,45409.14,239.6050310170167,7.455580217403678,175.70999999999998,75.89,47.08,23.13,11.640145980325425,1.1288686636714582,52.2,686334.0,16.06716086336319,29.95130135865117,53.98150854710848,36106.0,32559.0,16815.0,12.881572327495135,5.887189901806822,0.6001059414337037,0.2742822855197458,94.45,2.607738295301499,8.147479704171419,-2.426510414689153,35.15246999292246,68.6434278404767,57.92151678648778,25.927402195964635,1.8571922407144033,15.93550243254441,6.26430536662539,17.995647937245664,-16.64334653258479,74.6403214706434,-15.881950400259038,-0.08727169358559432,-3.041769785918293,-30.799771071050014,16.2290241210768,6.426780158520369,34.96432270451915,-39.017739481357864,17.28586004964696,24.833232967831822,63.088773750880115,1.7074231137824185,3.8987488677352666,2.8782885776382536,1.2217150710849143,-0.24899939657344086,1.990269238632166,-0.0009632134810058091,1.1636434154414264,1.2008125580335,5.167590826062179,4.567387819347597,2.2495227967171623,14.157066201171839,14.552378083591657,120.15553308280185
3.0,3.8,7.9,14.545,8.375,982.5,8.57,1.2429,0.0576,178.0,2.865339918651946,0.0803,0.0452,0.0112959999999999,74.0,635.7142857142857,10.233356852328376,0.28,0.14,0.08,0.0,0.1127832756406402,0.0717922868966855,97.4,2310.438051510152,0.0183640280367156,11.209851980137037,88.77178399182625,126700.0,55075.29,33831.22,30.733895233898767,1.0251391827949203,4.746573554900874,1.0265837231057064,162.4,0.063024232081925,-13.441984808677033,0.820100810493653,-6.050026621026919,-9.926953301293155,1.1546394359770524,-0.5270253833647199,-4.3878667045167346,-0.1801599227054981,-3.6533027002137755,5.3183434734866015,-4.573789853790465,-7.528875156696885,4.988921888506351,-1.5374020343289398,5.501631111865088,-1.663312927042134,3.0296123157969386,-4.305220328282254,-5.653922096186626,6.782773753542763,-3.0566427912516527,18.675015918013333,-18.160914585407205,0.246403417146455,-2.91430331145258,-0.37637011690686145,-5.636151850990333,-7.416888913058986,-5.2587483347595345,-0.5010097166453488,-0.04838083669698542,-4.392879621650402,2.313156322139936,-3.011116335589129,3.942672306969761,8.786352157968407,-0.13824288621700034,120.15553308280185
7.0,2.8,8.6,16.765,8.7,961.5,6.2,102.81,1.7645,47925.0,843.0,43.5255,20.1416,83.8778,77459.0,294.8686396357596,5.186734756660309,162.53,65.61,36.45,18.38,34.437046921982514,1.6325084864460302,44.34,791032.0,14.2,49.0,36.8,60352.0,33354.0,19580.0,15.09150601532647,12.226414519989854,1.982933986704912,0.251596591393268,73.72,1.3737549397799158,-3.55886705561541,0.41290018094082637,-9.966346995265534,-19.091753769457963,-13.986717354509357,-5.71275316058037,1.2631102380249637,0.8080918449202242,-0.8682218104756124,-0.08093088362986878,-2.890863580324998,1.7839046790388717,-1.370579042510751,-0.9611585624127966,-2.280498058663992,-2.0385490274398284,-3.8715112082427368,0.7023347063890357,1.9296455138300856,-1.7941361496799326,2.608823241816524,-30.153573542445276,19.667908859920377,-0.31490368965081866,0.9168995738883208,-0.28105423033780524,-0.6312146139641603,-0.7271265909774239,-2.290524139485013,-1.1733457111148173,-1.7657423408345014,-0.11186642596963663,-2.42000966142863,-3.395101570879732,0.04764266513598544,0.07189444061213453,-5.966117683453484,120.15553308280185
14.0,2.8,5.1,13.27,8.425,1215.0,6.35,66.2474,1.0595,34376.0,483.0,28.7012,25.1718,28.6734,5797.0,379.3590535887702,5.33018451487596,90.616,40.315,35.368,6.809466666666666,17.150500621066524,0.5104117114683594,57.69,245093.0,4.046117032847509,70.70339991554594,25.250483051606547,87265.0,36610.0,23148.0,20.47279770573432,11.45791031431516,5.074354330870425,0.2603928326866012,70.9,2.8938711870326075,-2.544630920585868,3.668869536846565,7.750316799625289,-7.955037544784137,9.645900538722051,15.728699997449295,2.8187122121468824,0.14347821683467732,-2.220119537537299,3.5910570818418663,-0.008097811940435426,-3.589113451015825,-7.344513202402742,-1.577626453439395,18.674742223327048,13.284914626708877,0.6191159135801728,0.457782372785734,-1.7222580001580816,-0.17494901537740284,-0.6824813865839191,-4.915295096680832,-23.754277626625264,-1.3029334342867749,-1.2657904083654274,0.5127140431183687,19.520124168779386,11.348269663467072,4.0598767176022115,2.0963660017447587,-2.7503063590327907,-0.43683063119029075,-2.2337809614402566,0.14494376562147573,-0.5820442314826254,-0.0231231957565378,6.219458321307319,120.15553308280185
15.0,4.4,7.4,13.355,8.18,1211.5,5.87,46.39,1.9696,37903.0,493.0,18.997,12.4084,46.2737,14888.0,438.5652299681805,5.704367949088805,86.425,31.048,20.027,9.119,23.6873667742644,0.5198347645921357,40.86,412043.0,11.40105756416319,43.837324276686296,44.76161815915051,46146.0,36086.43,16572.17,12.426995927713286,10.42342201495799,1.8765437977532649,0.2308378149566619,50.36,31.195958341445653,-2.293763870334565,0.5058902311162109,0.7917821387977645,-9.800587228417085,-23.657717690370045,-1.258160133071553,-0.566186582252073,-9.561269513919639,-0.08639901877225631,-2.695519126231473,-5.485693218889646,-4.960291639898592,7.145857191872785,-6.663191288774834,4.880382050500871,0.20633523921482255,-1.3039324263529861,-4.163228678540326,-4.427044022108116,6.18311547935009,-2.2199379955915113,-24.19959000258086,-11.758520297928092,-0.06518921505039084,-0.8492550410997749,-0.17918837534574075,-1.3389760978240517,0.2208258625461396,-1.2489951486606152,-0.1268794348618656,0.05187410510300391,-0.6319406688197823,-4.34289827560385,-2.7968138408117613,-0.6068279756628919,-4.338901810017414,0.19264633798971817,120.15553308280185
16.0,3.3,7.2,9.945,8.370000000000001,809.0,4.39,79.7603,1.3218,37783.0,436.0,32.0201,11.986,58.2589,19506.0,317.1284444481749,3.659529465087586,119.14099999999998,45.663,16.368,14.3018,22.549304697785008,0.6391463480032891,44.35,477241.0,11.4,37.1,51.5,71561.0,34380.0,21443.0,14.98400185022494,14.347792906389309,1.8324918038196647,0.2479057292855512,67.5,7.738884764044342,-0.9669308472859383,1.4918162646501623,4.3278313362645,-13.619680696683936,-9.797968108601248,-19.028108649278682,1.2595381917757917,1.1360657791226794,-2.2166959736604883,1.079630602180648,-4.052517249292385,-0.734801742406562,8.377480737611963,2.7867739803794156,6.1722867514472455,15.279859654755953,-4.337251537689008,0.3833605217188598,-0.8262511991243814,10.124775787383939,1.434757464355789,-17.897006071846313,-11.092639162003374,-3.2386223041980227,0.6605522739809627,0.1962709906091895,-1.9219651878143973,-0.7308315634029002,-6.060489396698151,-0.3464972894933685,-3.8041748511116,-0.7714683058811355,-5.44897463494446,-7.2560870964266355,-0.12213720687665013,-5.745570041767011,-2.3446381672983985,120.15553308280185
38.0,2.8,6.7,14.595,8.315000000000001,483.5,1.51,65.48,1.159547297297297,35404.0,628.0,32.7396,23.8933,28.3358,18135.0,353.61566120655215,6.272473032361166,100.12,42.91,32.89,6.89,21.692116085648387,0.4183057432432432,45.82,494396.0,16.2,34.7,49.1,52830.0,29483.6,14569.4,30.782770270270262,13.408445945945948,0.4610408828493061,0.2022597972972973,44.72,30.80700273807063,2.7756226026654853,2.2323497168673185,-3.167258505780873,-9.64397889925788,-23.706384285617002,-12.784463165053168,-2.9317311165481805,-1.3294571146725989,-1.974958721452081,1.2532559806574124,-3.0368804224580526,-0.06364664238877515,-4.6831692109194885,-4.539936485127547,2.294011066099629,0.755630752341821,-2.248370034609301,-0.15543341293154947,-0.8813317047695931,0.5189061041843769,-2.6617916918018207,-12.416765129730726,-17.163502026583693,0.05246749899505332,-0.226551529937423,0.16905025381750147,-2.0543641210487107,-0.8278376651663953,-0.49271277042105655,-0.8181821936601775,0.29081824812106793,-5.2572820603335275,-2.30798087150945,-0.31985091015386063,-1.4804168192359308,-5.747761468444952,2.532426907620393,120.15553308280185
31.0,3.9,6.9,15.045,8.495000000000001,879.0,1.98,47.0,1.3107136824324324,36372.0,288.0,18.2749,8.0877,23.6982,13421.0,653.2327586206897,5.172413793103448,55.68,23.55,11.03,7.75,12.063693803924313,0.472838893581081,63.26,168105.0,10.1,30.6,59.3,59606.0,41956.5,25127.5,34.79581925675675,15.15646114864865,0.5191153820594531,0.2286277449324324,50.55,1.8688901130579705,2.2635703467779487,2.9035120999161173,4.149993940621303,-8.878908111328881,-6.197760740715698,-14.212181036124633,7.459720213372883,-8.395669437590985,1.6501828696376941,4.8788562217773865,-5.57389554345825,-6.3440973575925454,2.519742006766609,-4.009218552194848,4.161284690344085,-37.85042379136818,-2.4753086912926894,-2.2284169441508124,-6.127428142080704,5.575305655589328,-4.177841903163741,6.522145217458409,-16.548438149457795,0.32852459716765825,-2.315793029544874,-1.747780619119295,-1.9780394076214494,-2.4184237773607795,1.3193104331459227,1.5983019989977274,-0.8029003350778177,-9.007010344946757,-4.119771927106195,0.8680079541013884,-1.020772593139362,-5.561585393543356,-2.1852300872886556,120.15553308280185
16.0,3.1,7.2,16.945,8.54,1064.5,4.44,113.44,6.47,113005.25,3048.97,56.37,31.11,123.25,170899.0,632.6927383685123,17.070544762331334,178.61,74.6,52.48,33.02,11.832260392384752,1.0136065476243834,41.19,962714.0,23.22925734100645,37.059541398199215,39.71120126079434,40450.0,30441.0,14677.0,7.420621787035737,5.286083690348805,0.6079000575173069,0.2002013844757149,68.94,1.3883042632261933,7.41043160203689,5.169580500940799,81.96360740814514,43.28242159984541,141.10901182921293,127.0020837734795,13.109220290871642,88.14572399312938,85.36563650970038,-17.54294698902095,26.026932910230638,32.2405626121536,-7.560450115543787,23.10891436788874,-8.335524142857956,-1.6933665605960513,90.2725767111328,30.197322502763324,66.51416301382243,-10.347919123296952,87.68247517984362,14.929123721010981,19.41500774110357,0.014582865191621627,1.9221123854024242,18.592131663310962,34.04539007469235,16.17929703746611,29.049710287493667,-13.677501096646296,10.83200052870439,2.904688470801345,20.783703801920637,10.77150060400057,0.5725325377844269,-4.983622180425253,21.32879493744268,120.15553308280185
16.0,4.7,5.8,16.335,8.58,1070.5,7.39,13.72,0.83,7014.7,78.24,7.31,3.49,34.58,2219.0,256.8546320029293,2.864884657634566,27.31,10.63,6.92,6.91,1.80918779080694,0.4565479911105388,75.7,148886.0,2.978968581939072,42.82646793950212,54.19456347855881,46502.0,34131.0,20135.0,14.867372524025823,2.380954321306591,0.8667399117112345,0.2182642305946436,75.16,11.253666930802366,-0.6549615590025999,3.861672687010532,0.5869366244897997,-14.223786484679827,-16.31588217117164,20.17821472182094,-6.4052098329442835,-11.272550489491161,-5.737558341650292,1.4871230969787554,0.06910732062455782,-10.762597105405293,40.731559916696675,1.4872495463831958,5.942393406260138,-0.562856638701632,1.706158190753002,-2.532442965457839,-11.796511001164715,13.638113408537272,1.2117402494233112,23.946526635692766,-13.77780750533721,-2.2436681853933256,-3.2517024760848527,-4.696286378864511,-0.7150022501250115,-0.9442859716837629,-0.7787875555207352,-0.6740483025632139,-1.6463020774722106,-1.1254562166845412,9.095133171256164,3.325348896815752,-2.0593627180407457,7.359090086151845,1.968361596875669,120.15553308280185
21.0,3.6,6.0,11.239999999999998,8.254999999999999,1068.5,5.37,97.05,1.21,106381.0,2590.42,55.63,35.38,100.73,137331.0,610.4028000918064,14.863552903373884,174.27999999999997,73.07,53.35,21.39,11.545413701275482,1.3286396630675812,42.31,858592.0,16.673582357043852,41.11565010222189,42.21076754073426,42877.0,31410.0,15449.0,10.182451797210655,6.929020407132105,0.954641587443107,0.2674869382660009,92.11,4.106115535107868,5.112089771954344,3.1772341012939176,12.71991938877773,-0.8310874671799434,-30.859188335899564,41.54214443999188,4.7296727443587345,7.01936592793868,-4.599509417271864,-26.878602044417832,22.948653580366322,57.70341366388524,-27.61269305734275,7.048231767535516,-28.622655586763283,1.4619830304710202,12.453711489887597,3.059690595623106,15.715188367987674,-31.06910403768067,29.18666555409087,26.140538834800626,38.24948659585478,0.49922443183449366,3.138402853564672,-0.1255430942665162,-1.0021530386526134,1.5262975073357425,1.6601978659909167,-2.7319442804064598,1.3757828712866973,1.973403392021236,4.391103433875056,1.339467109336206,-0.1972732954612019,12.210845305918093,11.548756923122172,120.15553308280185
21.0,3.3,6.8,14.385000000000002,8.370000000000001,1125.5,5.43,78.86,1.51,42101.0,1310.02,57.39,30.39,103.24,45409.14,239.6050310170167,7.455580217403678,175.70999999999998,75.89,47.08,23.13,11.640145980325425,1.1288686636714582,52.2,686334.0,16.06716086336319,29.95130135865117,53.98150854710848,36106.0,32559.0,16815.0,12.881572327495135,5.887189901806822,0.6001059414337037,0.2742822855197458,94.45,18.480286771575017,3.72457874416684,6.500532567917056,14.383956851460972,-7.053420954396333,15.321070632357154,36.079256554126424,5.226863063036773,-3.8005334045862154,-3.43922971994616,10.18949617364599,-0.7008722167260283,8.598924164349834,-14.751726546053156,-5.630684820590541,2.0154106095029642,-21.375610439552304,-3.365747247946755,1.4410209740139568,6.232849539420568,-7.616135511177905,3.2460440403191995,32.78114760551446,44.472862533646015,2.6402840992839374,14.307185310516507,1.041867238478736,-1.5297072739588735,-2.171610488183797,1.3540784634486769,-2.308729402911077,0.17865910166563972,3.347298843955309,4.938325629651856,2.0312726173860374,5.955584217609527,23.522806118096536,-2.9340201351093103,120.15553308280185
0.0,20.3,17.6,13.415,8.335,1130.5,1.13,1.2429,0.0576,178.0,2.865339918651946,0.0803,0.0452,0.0112959999999999,74.0,635.7142857142857,10.233356852328376,0.28,0.14,0.08,0.0,0.1127832756406402,0.0717922868966855,97.4,2310.438051510152,0.0183640280367156,11.209851980137037,88.77178399182625,126700.0,55075.29,33831.22,30.733895233898767,1.0251391827949203,4.746573554900874,1.0265837231057064,162.4,0.3186887923725757,-10.801705455264702,-3.3426644916095154,-6.622792565884688,-13.31389228617462,-7.730862916378925,9.299877013256774,4.822097235343731,-4.649622201663443,-3.7462600925176712,5.9541019009224465,-3.7984037245623767,-11.670716270531216,8.462663421478743,-6.201100372198657,4.633157927954261,-3.973361367584827,5.1676545893680315,-6.137233384703285,-6.28746025956391,32.27231078457242,-4.261499962382951,29.760568914849625,-17.41022497759511,0.7002481437272691,-2.1469603175483645,-0.09720462370663989,-5.863211215597889,-8.325173178963984,-5.917721930301439,2.0246101894633215,-2.7769386991936074,-3.5842928142628314,3.88594835253898,-5.225578554224533,11.368680572756562,16.838646237836993,10.793071015270735,120.15553308280185
18.0,18.6,18.7,15.02,8.594999999999999,1057.5,3.56,102.81,1.7645,47925.0,843.0,43.5255,20.1416,83.8778,77459.0,294.8686396357596,5.186734756660309,162.53,65.61,36.45,18.38,34.437046921982514,1.6325084864460302,44.34,791032.0,14.2,49.0,36.8,60352.0,33354.0,19580.0,15.09150601532647,12.226414519989854,1.982933986704912,0.251596591393268,73.72,13.833365236100535,-0.9172212346332763,0.6032120183389629,-11.771997845087512,-18.620260273331464,-16.289098664061164,-7.664459607394723,-8.356632101102731,2.6778865366987894,-1.903421428169434,0.9192301910774163,-1.162647512767774,-4.342227126741781,0.9510601780222109,1.648866779198869,-1.7026486465428021,-0.8046938546079533,-3.4800847570039353,0.269736894438976,-0.9086024312566346,-0.9305371903892,-1.2933803153208772,-24.512389806414333,15.79563273558548,-0.4616630280871572,-0.12761867822458214,0.09005833896808497,0.09008816882347064,-0.8123742503595226,0.19691217137345443,-0.2913969001049808,-0.3155842302134264,-1.1557350699106854,-3.965936020223115,-1.7581629767005014,-0.33804381267478095,-0.6510769081783166,-6.001435707074902,120.15553308280185
9.0,18.5,14.7,12.95,8.39,1258.5,1.26,66.2474,1.0595,34376.0,483.0,28.7012,25.1718,28.6734,5797.0,379.3590535887702,5.33018451487596,90.616,40.315,35.368,6.809466666666666,17.150500621066524,0.5104117114683594,57.69,245093.0,4.046117032847509,70.70339991554594,25.250483051606547,87265.0,36610.0,23148.0,20.47279770573432,11.45791031431516,5.074354330870425,0.2603928326866012,70.9,3.4819658938236606,-2.198991504183508,0.44670023304100015,-10.669875315551181,-11.449384512368127,3.2480735986229625,7.918487173509784,1.6308575809157138,4.878701142714514,-4.9582248149299994,4.690042615039274,-4.0322809455900765,-1.08037060094842,-3.5031464663427343,4.594513318946895,10.024557693617728,6.43053755392786,0.7411088552077626,-4.005206250444365,-4.50869851985791,-2.320748632238248,-2.459585682536318,-3.9714427488048862,-17.780319053066584,0.19311688202200372,-2.9574514796786615,-2.7776071503680853,13.716925018901629,8.048321832659033,5.1554816511676975,-0.007834455332873821,-0.7674597378044078,-4.701147347569931,-3.25437392596233,-2.771090289655451,-0.5489130091946581,8.097838105250462,9.133444910234926,120.15553308280185
13.0,20.0,17.5,16.494999999999997,8.594999999999999,904.0,1.74,46.39,1.9696,37903.0,493.0,18.997,12.4084,46.2737,14888.0,438.5652299681805,5.704367949088805,86.425,31.048,20.027,9.119,23.6873667742644,0.5198347645921357,40.86,412043.0,11.40105756416319,43.837324276686296,44.76161815915051,46146.0,36086.43,16572.17,12.426995927713286,10.42342201495799,1.8765437977532649,0.2308378149566619,50.36,5.60184935850744,-2.980775882354162,-2.022375719785535,-8.85216849901403,-13.77640352203045,-12.192894024158981,-9.159554403282238,-9.586363839006516,-4.805513879108086,-0.8102976096941457,1.7524393716074218,-0.5223132186747762,-5.0577303247262435,0.723897372869153,-3.1824883384839624,1.60981836890957,-2.5809759817629434,-5.612579872095959,-1.617830655218568,-2.7144821470261866,3.03029252235312,-6.006638908257396,-11.739385447267752,-10.587033959309727,-0.46737175679222537,0.5433681121468551,-0.9215060520901637,-0.6012035291905827,0.9116543791924293,-0.42904203143281355,-0.10771669543425764,0.12296216116597125,-0.6924608273082408,-0.2353567843232295,-4.453683535648355,-1.5547717405238668,-4.5794359055565055,-0.9570719776065877,120.15553308280185
13.0,19.4,16.8,12.510000000000002,8.375,1018.0,4.88,79.7603,1.3218,37783.0,436.0,32.0201,11.986,58.2589,19506.0,317.1284444481749,3.659529465087586,119.14099999999998,45.663,16.368,14.3018,22.549304697785008,0.6391463480032891,44.35,477241.0,11.4,37.1,51.5,71561.0,34380.0,21443.0,14.98400185022494,14.347792906389309,1.8324918038196647,0.2479057292855512,67.5,70.95228723893975,-2.697269594223083,-1.0542767455754813,-9.717859401777387,-17.46238335522202,2.934078322012599,0.7320191943179823,2.7329284080987173,1.1695429671183242,-7.3263390333966045,0.7993210802382485,-1.6296971276340368,-7.510089246899201,8.0073211950607,3.5176452848431645,5.922098853344408,7.632079054297258,-1.2764008153881878,0.10068195898085837,0.15883074218717752,8.169135094614079,0.5235460227394167,-11.911228048042396,-9.246491645076313,-0.8560283372427021,1.770367841909949,-3.587038291826223,-2.275076253260488,-0.7481567232962689,-7.3689295645104735,-0.9516313969405985,-0.64952020433033,0.7032796817847226,-10.752564130830583,-6.151510303650672,0.5393076119944477,-1.0431023706099942,1.6265138887016402,120.15553308280185
4.0,19.0,15.1,14.72,8.325,554.5,1.54,65.48,1.159547297297297,35404.0,628.0,32.7396,23.8933,28.3358,18135.0,353.61566120655215,6.272473032361166,100.12,42.91,32.89,6.89,21.692116085648387,0.4183057432432432,45.82,494396.0,16.2,34.7,49.1,52830.0,29483.6,14569.4,30.782770270270262,13.408445945945948,0.4610408828493061,0.2022597972972973,44.72,72.73754599795078,-14.487365062908891,-0.6035077207799381,-5.712047025790283,-14.490065160082496,-14.281345085777964,-9.362306321064631,-6.448916888423263,-5.249846631071221,-0.030268321991122355,1.3053698760938508,-3.2899786519934424,-1.8408591858414016,-1.110332728886667,-0.5608092255238445,-1.4117982253447792,2.0496379837401526,-3.017376006708945,-0.2571226104814556,-3.854730701030542,0.5523276598029766,-3.1064234593813307,-7.438816807304974,-11.01476420221307,-0.24658250807318813,-0.5341490322072057,0.1662750726705418,-1.6589302045324184,-0.4215123716252856,-0.08004172792502938,-1.3259083600815702,0.33951190098344025,-2.6454369732628886,-1.7014824077199842,-0.3582214486296287,-1.0051238420714323,-6.0611324838587715,-0.9320245845491693,120.15553308280185
15.0,19.9,22.1,12.63,8.305,797.5,3.01,47.0,1.3107136824324324,36372.0,288.0,18.2749,8.0877,23.6982,13421.0,653.2327586206897,5.172413793103448,55.68,23.55,11.03,7.75,12.063693803924313,0.472838893581081,63.26,168105.0,10.1,30.6,59.3,59606.0,41956.5,25127.5,34.79581925675675,15.15646114864865,0.5191153820594531,0.2286277449324324,50.55,28.359485295314173,-1.9593633526548118,-1.5884453163699561,-9.286909063120062,-9.433987468110088,-12.347094847987563,-11.346140571674333,4.331788135552778,0.11028078967550152,-2.5383546386302136,-0.1961224863026294,-3.381918799728155,-10.396620461130514,2.874146121675924,-5.338143274198907,2.081113270830052,-16.046497586791716,-2.5194609323407846,-1.6644687381122878,-1.6444941220510128,3.8552060132877273,-4.220111518493699,1.7274697997048498,-11.540077367099002,-0.37869518300518373,-2.920809253912109,-0.5130523127627882,-1.4298940579492285,-1.7887136919998257,0.19183946294399634,1.1995134261848108,-0.05608767507442528,-5.637774882080653,-4.191293936697768,-0.3011201771736767,-0.8900678475030386,-5.736414607930153,1.3859782830098017,120.15553308280185
25.0,18.4,23.9,10.975,8.545,916.0,3.14,113.44,6.47,113005.25,3048.97,56.37,31.11,123.25,170899.0,632.6927383685123,17.070544762331334,178.61,74.6,52.48,33.02,11.832260392384752,1.0136065476243834,41.19,962714.0,23.22925734100645,37.059541398199215,39.71120126079434,40450.0,30441.0,14677.0,7.420621787035737,5.286083690348805,0.6079000575173069,0.2002013844757149,68.94,17.72895291402745,2.1250693354755654,2.321564272669297,-18.042568761130486,6.0932318813446935,63.04722143091883,29.945810999331684,54.320496994797146,54.5962390577343,44.890632824948995,-56.583591759254524,30.942980629915066,19.768631173664087,-7.600721492823214,1.400610828020918,-61.71171515653841,23.250663394785175,75.62083334071562,27.15807223849464,13.14141206164534,-23.12171810685191,36.92884176389159,19.831323547338446,79.92547538306563,4.538443601165583,6.430273917893257,5.574770276267084,9.380496440807674,1.6984688705330047,14.955574610444408,-2.411983811779257,4.334924294645899,3.7210271689668306,7.375500297348485,6.5453261718340245,0.5159898810864719,1.2382256864228551,13.235559898934639,120.15553308280185
15.0,20.5,17.9,9.925,8.280000000000001,1136.0,4.21,13.72,0.83,7014.7,78.24,7.31,3.49,34.58,2219.0,256.8546320029293,2.864884657634566,27.31,10.63,6.92,6.91,1.80918779080694,0.4565479911105388,75.7,148886.0,2.978968581939072,42.82646793950212,54.19456347855881,46502.0,34131.0,20135.0,14.867372524025823,2.380954321306591,0.8667399117112345,0.2182642305946436,75.16,8.776380998446825,-3.7445045252990283,-1.9481092195181802,-10.487914661349885,-10.91705854176078,-28.278957969812524,6.643901832378469,-10.7113601845953,-13.085554741950864,0.09551967456936843,1.9745456998469306,-1.8607398623895506,-5.559716477460074,13.289035145962458,-0.5488065290264786,8.288470419986796,-1.8501682108617399,0.31169521064808076,-2.20073885068996,-12.761750262425437,13.012630693681226,-2.8730437890952465,18.0749765730851,-16.213526301956733,-0.11514570284634822,-3.1098661584748584,-1.8202370628683513,0.22832805020501912,-3.4531097378286844,-0.6114662736693092,-1.2618948167189956,-1.68466245476855,1.1952534546214155,3.004145715381796,2.095144638518492,-1.308957786884469,2.8364453638624396,-0.5185273888645089,120.15553308280185
46.0,19.0,18.4,7.425000000000001,8.035,1133.5,1.85,97.05,1.21,106381.0,2590.42,55.63,35.38,100.73,137331.0,610.4028000918064,14.863552903373884,174.27999999999997,73.07,53.35,21.39,11.545413701275482,1.3286396630675812,42.31,858592.0,16.673582357043852,41.11565010222189,42.21076754073426,42877.0,31410.0,15449.0,10.182451797210655,6.929020407132105,0.954641587443107,0.2674869382660009,92.11,17.021784859879702,1.4918548570449122,0.03363814290380004,-18.82449852040581,1.9012497787255171,-11.786856199715599,13.625653715141432,6.883844734208348,10.494540623896755,-4.843927742800054,-1.356837843274698,16.301296318342597,13.368057215710481,-18.99028388277473,1.3143177099099053,-36.61818146551648,-2.026207643075225,6.469808525890113,2.492233084558201,2.605584364129851,-20.01706394897153,9.353987899012864,25.06377996142487,33.270873109595854,-0.5898461264837517,-2.326089218822306,-0.6955132568348198,-0.599746177416916,0.2727710976513749,0.45927453975347987,1.4797831394197412,0.14001640943965357,1.39058351370118,3.937481985456927,-1.3165409702854218,-1.2384253561139715,6.261125982025018,-6.24418061794092,120.15553308280185
32.0,18.3,21.0,14.54,8.29,901.0,4.82,78.86,1.51,42101.0,1310.02,57.39,30.39,103.24,45409.14,239.6050310170167,7.455580217403678,175.70999999999998,75.89,47.08,23.13,11.640145980325425,1.1288686636714582,52.2,686334.0,16.06716086336319,29.95130135865117,53.98150854710848,36106.0,32559.0,16815.0,12.881572327495135,5.887189901806822,0.6001059414337037,0.2742822855197458,94.45,9.273593262980231,1.7262210820273796,1.4261992997645077,-22.378777737806857,-16.915783263964883,-19.602770418853808,-15.37861547808008,2.2234374498824288,-2.5087546134398613,0.97690290957534,1.0353581157280145,-8.126655085491947,5.720850148453997,-9.195974693298341,-9.15202492235539,3.260906670599557,-6.759886557438101,-8.897609366603815,0.17607779464839815,3.7778100607839105,-6.549189694429127,-4.598806054519178,6.489553163287542,9.188761093861734,0.895157974887017,0.548213216265042,0.6216593616176406,-3.605273596791863,-1.0975627695489683,0.022150870468466827,-0.3508476962413014,0.06170998704619605,-0.6438358494158215,1.442729890467599,1.2807173909433167,0.4023816042657322,3.457039173333905,-1.042974298411669,120.15553308280185
406.5,28.1,32.4,20.44,9.01,370.5,4.62,2.90776,0.115,1588.0,7.908338175479372,0.089,0.2026,19.077820000000003,4092.3,329.46058091286307,1.640734061302774,4.82,0.14,0.34,3.98,1.9414835306710216,0.2504382101047163,73.3,43717.2909103953,2.133822472423064,34.05945495650095,63.80672257107598,57754.0,39953.37,32733.15,7.989646389078048,3.576066916726457,2.2858259152713347,0.3546265201122545,56.1,0.0104022277220004,0.7147917477507132,-1.555656536095775,-6.580966423473632,-7.80528948428963,-20.853606842444275,-17.945040373311688,1.445992383376385,-10.795432589786747,-7.368380734010909,0.9995321010549859,-0.9072245709877461,-2.2599776350148035,8.522375509672178,-0.4949378134077427,3.273909044164853,1.0180427908835308,-1.0657862250631056,-0.5626294944155971,-2.8678976681176565,7.426334521439856,-4.858153428977045,9.239198406540478,-30.089538669693287,0.005425517749972908,-3.626870500966906,-1.5672020706736163,-1.3070061561946447,-4.644860152398857,-0.3807838314476733,0.9287225915895153,0.7039354080551616,0.66685082149071,4.03764439341457,2.6220045920973645,2.449319855376767,-3.5845102427558366,-4.4280750995664855,120.15553308280185
320.3,27.8,28.9,15.805,8.215,788.5,5.87,79.7603,1.3218,37783.0,436.0,32.0201,11.986,58.2589,19506.0,317.1284444481749,3.659529465087586,119.14099999999998,45.663,16.368,14.3018,22.549304697785008,0.6391463480032891,44.35,477241.0,11.4,37.1,51.5,71561.0,34380.0,21443.0,14.98400185022494,14.347792906389309,1.8324918038196647,0.2479057292855512,67.5,5.115170265892368,1.0357522852222125,-1.635551008635666,-4.258738849118043,-18.308003467239903,-22.8361128250168,-12.927971313015247,0.38222411847052423,-1.846361228682411,-5.012642326063167,2.35895349933921,-3.1999045589535196,-6.647833521782111,5.855395980974815,0.5761405582958837,7.640418757473429,1.5798508915514684,-0.8005172767148663,-0.22837428601924334,-6.82579926028227,6.898733053457302,0.6653147691457241,-12.995754661898438,-8.498773647650768,-0.6278476850703975,0.6417476487020024,-0.3672668593811488,-3.2566208246117476,-0.9439958613055458,-0.20475054238767795,-0.320369405073578,-2.1126040462388955,-0.04785591441361703,-6.203033379187496,-3.402345087570137,-0.7794257468388724,-1.651055585587554,-1.07141500428319,120.15553308280185
218.7,27.6,27.9,10.915,8.14,525.5,4.03,94.75,0.975,80886.0,573.0,36.035,30.6179,69.9425,59746.0,503.33227546810537,3.5656280919222656,160.701,59.489,57.403,13.697,44.04493523854282,0.7705005543685988,37.51,683165.0,24.81513784080998,29.71825110917296,45.46661105001707,37563.0,37438.88,16936.21,15.717915646179634,15.449625511761106,1.4422353381379165,0.3216419673452932,70.17,6.121703235187245,0.7448276492173309,-1.7835598323362258,-2.2702307988936075,-6.044269363008983,-16.262814117886595,-12.01004407473219,-5.073092548833229,1.9257802352216091,-3.1939388799496613,0.16529141892756752,-5.77238939063313,-7.116696745273658,-4.2145499202391745,-1.3160840447006439,-1.9709946979000232,-2.5283305344295997,-2.8823501613968996,-0.3305177372748343,-0.889909067837677,-8.301706632620192,-6.353613127825471,-16.322052214630723,-5.24461395043802,-0.13324594760779224,0.9559071878157561,0.3441698017087756,-3.7915333558642303,-0.23283736902754834,-0.7781225664773962,0.44742787516365445,-0.017800629604607286,-0.9115313853742547,-3.092979937704902,-4.138212598793519,0.4115756234906915,-0.7129927851725378,-1.4340591060828114,120.15553308280185
218.7,27.6,27.1,5.27,7.38,366.5,3.81,94.75,0.975,80886.0,573.0,36.035,30.6179,69.9425,59746.0,503.33227546810537,3.5656280919222656,160.701,59.489,57.403,13.697,44.04493523854282,0.7705005543685988,37.51,683165.0,24.81513784080998,29.71825110917296,45.46661105001707,37563.0,37438.88,16936.21,15.717915646179634,15.449625511761106,1.4422353381379165,0.3216419673452932,70.17,6.755414207169814,6.3617290540272355,-0.7339675384891846,7.475705093346384,21.647721711467796,40.93966904040349,6.387830293977945,-7.59989910861555,1.9376847794566607,-7.249595380395964,-4.4821080439041046,-7.57308164451116,-3.89455395605648,-5.491162041515733,3.0632890947256226,-7.706334554438169,-8.332041602496368,-2.7907779166575857,0.33894539356542025,-0.2953202272392814,-8.175634141279543,-0.1108140757555763,-25.269151371538953,-5.9316851144361635,-2.2149792114063156,2.3826318352452183,0.4229514070219989,-4.045362264638146,0.8716129456631224,-2.795690546684586,0.28600981943697573,-1.5925767870542316,-0.3374028976649665,-3.02272007126361,-2.0970955912179012,1.1794159139801448,-0.3089373740452948,-3.2571454378970266,120.15553308280185
324.2,27.7,28.9,7.24,7.75,337.0,3.7,65.48,1.159547297297297,35404.0,628.0,32.7396,23.8933,28.3358,18135.0,353.61566120655215,6.272473032361166,100.12,42.91,32.89,6.89,21.692116085648387,0.4183057432432432,45.82,494396.0,16.2,34.7,49.1,52830.0,29483.6,14569.4,30.782770270270262,13.408445945945948,0.4610408828493061,0.2022597972972973,44.72,5.728133703997521,2.155857552647746,-1.0122362264416487,-4.211809436706052,-6.466582305262176,-5.447531464632292,-8.863729275273315,-6.299754503287839,-4.109021425979834,-3.919237783703332,3.0304186675961446,-1.5820375225165224,-4.946417788860079,-4.501935979004483,-3.543802249788616,3.4422359706663226,-1.5606444519525386,-1.9614038550341506,-0.3152522693558903,0.08459783212902632,2.0310658524542435,-7.63369857532593,-22.041560511283265,-12.435604472545284,-0.019838909223520645,0.4228282941373394,-0.207155190226622,-2.348504324457608,0.290239794952794,-0.8314990334492197,-0.6338014251040295,-0.1372646105413656,-5.863113387677198,-2.777530987712088,-0.11209911042048255,-2.002341264400943,-7.30893561432138,-2.2006149280723206,120.15553308280185
421.2,27.7,28.2,5.455,7.470000000000001,377.5,4.715,113.44,6.47,113005.25,3048.97,56.37,31.11,123.25,170899.0,632.6927383685123,17.070544762331334,178.61,74.6,52.48,33.02,11.832260392384752,1.0136065476243834,41.19,962714.0,23.22925734100645,37.059541398199215,39.71120126079434,40450.0,30441.0,14677.0,7.420621787035737,5.286083690348805,0.6079000575173069,0.2002013844757149,68.94,6.358151957298619,4.8004154926119345,-2.224116499531083,36.711349984661204,23.656611086769654,56.35780146681548,10.910207911712739,1.819209699907806,12.055674941184312,16.13156598244794,-1.4012072952060628,26.014012971099003,16.510724593393196,-3.3093488459933216,19.903587796309342,-66.43414382495762,-7.1894381579756725,18.583226917090364,13.838365755602716,29.10031241786045,-19.662736735506915,83.22710562458339,8.132743372355275,26.787516782460738,-0.2875126981812815,7.663903610530936,4.258342568011334,0.9460188899414307,3.639221173594707,1.2693382861496225,-5.259025195399303,1.1502734185087753,1.4570094825901692,1.7566245135168213,3.9306172738255345,-0.14608257729560017,3.4368300242054564,9.277917637239058,120.15553308280185
307.4,28.4,29.7,0.905,7.305,439.5,4.835,97.05,1.21,106381.0,2590.42,55.63,35.38,100.73,137331.0,610.4028000918064,14.863552903373884,174.27999999999997,73.07,53.35,21.39,11.545413701275482,1.3286396630675812,42.31,858592.0,16.673582357043852,41.11565010222189,42.21076754073426,42877.0,31410.0,15449.0,10.182451797210655,6.929020407132105,0.954641587443107,0.2674869382660009,92.11,3.658607793036758,6.257266711311729,-3.2715615142524848,13.227515385181954,37.873730518656465,44.61851091737703,-3.714486569616326,8.914331207505116,2.5031599733202405,-2.826904721517735,-28.79255023793628,21.320314875805437,18.206492145131346,-18.71105886587252,4.052177192314217,-31.300251359747104,10.961664823261088,5.610988660713971,13.770166161114664,19.800756460144182,-12.457738234211382,17.7011748473191,17.501258683473182,51.63268329187608,-0.1926891120274862,3.382736769220793,-1.008150865134472,-2.5837740973802297,-0.7125116534810534,0.052264290894383336,-4.089080076551376,0.3678563157080947,-2.420719878912592,1.1566277155450801,-0.04188533393976831,-0.6904875681797679,6.25444610292092,7.137640734507396,120.15553308280185
210.4,28.6,28.6,2.955,7.425000000000001,436.0,4.58,142.4267,0.98,46210.0,1116.0,70.9324,18.6665,46.0431,7546.0,207.0155004031897,4.999552011468507,223.22,96.741,33.206,13.388,36.02947095994996,1.9691703020360272,44.56,503654.0,12.3,40.9,46.8,38937.0,39286.0,17168.0,21.03691766650654,16.933855628952,0.4061223048327138,0.5549318265569341,136.9,3.086241976573401,6.423917799876844,-7.348148733912969,31.970917725862623,40.81649912325665,72.66478913050145,6.124829045118147,6.57879582112345,-0.9906171122255358,-2.332193706834998,1.7465436294892154,1.8754746560783497,5.2154817532391,-3.526528362343084,-11.510755341157003,10.522551385488672,13.326936562242915,3.1716451947189213,1.8319753634401834,9.755436254947755,-0.7705796318361555,-1.6728415681111268,-43.33233700491178,81.48751537049965,-1.185755296178786,4.339495031780875,1.3358102296323846,0.5874540435678016,0.6411735621436202,-2.7630393866666956,-1.545331993624566,-0.4465363980845292,21.182588698754547,-16.286560941867066,6.5072587297197115,-3.0249398356598505,14.447231385291866,13.312139370556297,120.15553308280185
331.5,28.3,29.8,3.2350000000000003,7.47,628.5,8.35,62.8682,0.7473,30465.0,544.0,23.7417,15.1611,35.7857,16160.0,391.6363496124131,6.993276684364113,77.789,31.907,28.226,8.037,12.555758966506351,0.9191379276851872,47.4,302484.0,8.8,57.3,33.9,63896.0,41068.0,18414.0,9.819277128486252,7.904115227830772,0.4381657992565056,0.2590222331408918,63.9,11.717617357547011,8.50699967126672,-5.9468803659919685,36.381875085562164,58.76678470202878,80.18950100613138,3.913850769732765,9.406488058296965,5.130555130378339,-3.9775187725123664,12.795299918581733,-4.0437843548879036,-2.401195679342683,6.358304904183996,-6.190193706133087,16.670377579627093,37.094974463577365,-1.9062942127495355,0.32500304777019906,-7.270704997518333,7.567128724533447,-4.59144142173231,33.30930564817196,10.566639278321132,1.4430102464339392,-0.8126761723123531,-0.531571105998014,1.1791791953301747,8.17800926415017,-0.028638751329845984,1.4815473977615987,0.09245906454045165,0.8780994362834278,5.8269020387957156,5.921171529754065,1.1269503012462596,0.10223502694784041,25.92509167728325,120.15553308280185
350.2,26.8,28.3,10.625,8.45,1078.5,2.18,97.153246,1.5051,22704.0,603.4405868680999,11.4219,8.4222,23.795409,18373.02,371.52675503190966,9.874661869875633,61.11,25.96,23.28,5.82,24.61494990856973,0.4775021872663257,65.5,193424.9506420834,3.786310606464182,52.02179642033601,44.19187938339238,90072.0,39502.4,26966.29,10.53622467854088,6.818367587891776,8.389512313189808,0.5234059869036483,82.8,2.2617818375990937,-0.023847576128318632,-2.0863852897891757,-3.7776944801366596,-4.928293412026253,-5.25336868697467,4.212513496385653,2.9631029444374146,-0.8909333048326263,-4.827975025898778,2.6858987410739066,-6.997334851648969,-14.86718549659165,7.904233741549156,-10.611647550247922,11.154457951919175,-3.9370119132287784,1.2099464544234804,-4.026842048217851,-8.40494513726483,6.30499547746498,-3.774547261940315,-25.89207346751355,-21.022891066695255,-0.24080209950295636,-1.6295448460088415,-0.09675770467302429,-0.12400918161807113,-0.3098727134584136,-2.1291773101555473,0.009135711418155465,-1.8596782465853412,-1.0966753997063894,1.047981804438557,-15.40555882240956,0.6842028896929704,0.1419073569091648,0.33940507393019875,120.15553308280185
3.0,3.8,8.4,18.135,9.11,756.0,7.29,2.90776,0.115,1588.0,7.908338175479372,0.089,0.2026,19.077820000000003,4092.3,329.46058091286307,1.640734061302774,4.82,0.14,0.34,3.98,1.9414835306710216,0.2504382101047163,73.3,43717.2909103953,2.133822472423064,34.05945495650095,63.80672257107598,57754.0,39953.37,32733.15,7.989646389078048,3.576066916726457,2.2858259152713347,0.3546265201122545,56.1,0.0300843255766336,-14.527853741583725,0.3933746358224492,-8.026982650539528,-8.768489301538404,-8.294561270525834,-13.166717424198675,-1.3541364250145846,-16.17622007409732,-4.588073310336719,1.849065746801594,-4.081593500574431,-13.906065992627603,8.141879717437552,0.22630922993955407,4.243967373228321,2.489148175944574,-2.737855303223867,-0.6801862214878209,-13.378196457065641,10.491222310398394,-3.176374510224754,15.781778293888394,-12.447513995089878,2.2117277840493865,-3.608005848398122,-0.7433335187161955,-3.0906362522238253,-2.5342543919632834,-0.9980754310855035,0.3731433844892309,-0.030986888383825278,1.073845078883072,3.3013289654053124,-0.28120564746049564,3.3039152880463134,-3.3378894653590403,-1.5055991639227926,120.15553308280185
16.0,3.3,7.0,12.265,8.295,1023.0,4.29,79.7603,1.3218,37783.0,436.0,32.0201,11.986,58.2589,19506.0,317.1284444481749,3.659529465087586,119.14099999999998,45.663,16.368,14.3018,22.549304697785008,0.6391463480032891,44.35,477241.0,11.4,37.1,51.5,71561.0,34380.0,21443.0,14.98400185022494,14.347792906389309,1.8324918038196647,0.2479057292855512,67.5,1.141721319067748,-0.5919466548149148,1.2376524645617843,-1.427452553316641,-13.056732703844704,-27.100622898504763,-2.8943355278143046,-9.83660183592234,1.5036470141820608,-1.3301430230122044,3.1461624799373866,-5.090653811592298,-5.034061530294517,4.7443568522126105,-2.1724846313366037,2.2255426472052933,4.543249760949209,-9.001772693213232,-2.4836003039280583,0.10155917178373726,6.7678387269563975,-1.279829892055133,-6.564405870603706,-8.831312727681363,-0.8485828675205508,-0.3848757136085383,0.5263194115894549,-2.4717949791935596,-2.7795851413703816,-0.9733217290649195,-0.8598405227670448,-2.7894855935343847,-0.7747132357504838,-4.854891962067536,-3.6887615636534377,-0.038232991805609906,-2.6546761062523965,-12.51672113804923,120.15553308280185
27.0,3.0,7.6,12.96,8.575,349.5,2.42,94.75,0.975,80886.0,573.0,36.035,30.6179,69.9425,59746.0,503.33227546810537,3.5656280919222656,160.701,59.489,57.403,13.697,44.04493523854282,0.7705005543685988,37.51,683165.0,24.81513784080998,29.71825110917296,45.46661105001707,37563.0,37438.88,16936.21,15.717915646179634,15.449625511761106,1.4422353381379165,0.3216419673452932,70.17,13.079823334723397,-0.15494376194042514,0.3716040154367993,-6.3636708236594375,-8.535470970737125,-9.779986289405109,-8.918191399072917,0.8343150742833192,-2.3494183767974994,-0.9437818489441024,-0.9040649566287177,-4.064456204346692,-4.137407990260982,-1.5182538529299208,-1.809589493394209,-2.807640302791261,-6.196773742767983,-3.337474401462824,0.32514475065593856,0.7594122671723987,-6.556392520215983,-6.2442615461163244,-28.74628535564213,-2.5437287856452167,0.2687760484886045,0.11943258999226018,0.2126782533433281,-1.5699917137358963,0.5791181746699537,-0.43072521168350547,0.8146765081444759,-0.4090637023001924,-1.8443740594635394,-5.031222026518856,-4.095512259344104,0.43789269681864695,-0.7279179917881246,-4.824024247063012,120.15553308280185
27.0,3.0,7.7,16.884999999999998,8.47,250.5,3.6,94.75,0.975,80886.0,573.0,36.035,30.6179,69.9425,59746.0,503.33227546810537,3.5656280919222656,160.701,59.489,57.403,13.697,44.04493523854282,0.7705005543685988,37.51,683165.0,24.81513784080998,29.71825110917296,45.46661105001707,37563.0,37438.88,16936.21,15.717915646179634,15.449625511761106,1.4422353381379165,0.3216419673452932,70.17,21.313004960193474,-0.21199256723125667,1.9202303449017926,-8.105251511434714,-2.8242829504935067,-5.917028338555245,-22.69650281910164,-4.841422742068147,-0.5259606384811915,-3.94918906556132,-3.201029830062763,-3.73155317994766,-3.9232758068464073,-1.8602387218270453,0.6461631299477698,-1.130026834101104,-6.490771364676765,-1.2563173832511536,-0.1296299305216715,-0.28099464468037066,-13.96864920029106,-1.2250194689662501,-16.200950564811937,-6.268853948119408,-0.7409465947809323,2.037394257400495,-0.7794112302828573,-2.877148370070694,-0.01702779651309183,-0.6286508704939235,-0.25893166558351305,-0.4758691161296644,-0.8534966967379051,-2.8680017864595477,-1.2484719902509822,-0.23512053397173793,-0.45879883817707534,0.2646591988888871,120.15553308280185
38.0,2.8,6.0,15.07,8.33,466.5,1.56,65.48,1.159547297297297,35404.0,628.0,32.7396,23.8933,28.3358,18135.0,353.61566120655215,6.272473032361166,100.12,42.91,32.89,6.89,21.692116085648387,0.4183057432432432,45.82,494396.0,16.2,34.7,49.1,52830.0,29483.6,14569.4,30.782770270270262,13.408445945945948,0.4610408828493061,0.2022597972972973,44.72,22.20874540840469,1.7658153295548005,1.7946285124728447,0.01876752486762845,-9.005628055109023,-16.321922660854955,-15.493149473501058,-7.874706399217247,-7.575346135357397,-2.2847679352449872,0.05892475477109412,-1.99993109133405,-3.8012385395014037,-2.485976138265494,-5.432564486771201,3.8999622750546146,-1.7306551440556845,-0.6592496248443309,-0.1366186667714886,-3.7670258183963607,-0.7246674166588728,-1.6792817230181154,-6.921169730597175,-9.40581106716146,0.17397235664383826,0.13075459707683534,1.054549995112855,-2.770027409365092,-0.38898040352544433,-1.4837042383026955,-0.7784810453824083,-0.12569652797033273,-6.093842382729053,-3.3169645911936336,0.17037224511150453,-1.3090986382961287,-6.7490398936656595,1.4261144705442703,120.15553308280185
16.0,3.1,7.2,14.875,8.575,875.5,4.67,113.44,6.47,113005.25,3048.97,56.37,31.11,123.25,170899.0,632.6927383685123,17.070544762331334,178.61,74.6,52.48,33.02,11.832260392384752,1.0136065476243834,41.19,962714.0,23.22925734100645,37.059541398199215,39.71120126079434,40450.0,30441.0,14677.0,7.420621787035737,5.286083690348805,0.6079000575173069,0.2002013844757149,68.94,1.607163420605987,-1.8756254362827172,0.9299682304790857,-3.7570792700552076,-10.37105906698387,-27.434020145007718,-24.37631476932361,0.48252676904201497,4.343665236233115,3.239630462974308,-8.13561292490301,4.42709149541411,6.310001430152913,-3.0827328883530583,-0.35010415364833075,-19.53901020408763,-9.462528146795618,-0.278583665120726,1.5965807297142849,4.257834052848628,-5.218676126298184,3.3939125090977176,4.1329877660966785,-2.019557145473856,0.3089133785323561,0.5223875510552912,0.743501026382048,-0.2929246210384484,0.27352788743174933,-0.31668508722446925,-1.3775246566673758,0.2193270353010556,0.5072377507947365,1.3412176560517388,0.5926802690761797,-1.3509203545500827,-1.9753131008070588,-0.8517472162827228,120.15553308280185
21.0,3.6,5.7,12.515,8.195,1158.5,6.7,97.05,1.21,106381.0,2590.42,55.63,35.38,100.73,137331.0,610.4028000918064,14.863552903373884,174.27999999999997,73.07,53.35,21.39,11.545413701275482,1.3286396630675812,42.31,858592.0,16.673582357043852,41.11565010222189,42.21076754073426,42877.0,31410.0,15449.0,10.182451797210655,6.929020407132105,0.954641587443107,0.2674869382660009,92.11,62.98604867445978,0.7313496492477128,2.595168284655861,3.5540855443058543,-21.160351408699842,-23.405222101012868,3.4809156156455483,-8.164295705584808,0.10873296684895954,-3.7289639026935544,-8.092358737210741,3.181075352008142,7.6252484003206105,-9.969730935675711,1.4530734355747696,-21.85885605101163,-5.409717878567366,5.564629154692715,0.7008936498686671,10.268500220229228,-9.587341020282668,2.497545283332778,15.119357954934236,18.262649394660258,0.44178231212310504,0.09869899728490505,0.008226063956196997,-0.27344921845321757,-0.017279601887180068,0.34572177192196385,-2.280950882481412,0.5973231220990431,0.7115792499451598,1.0662891309180598,-1.0023537777860971,0.8615421625211219,3.83193730971,-3.5914815782010554,120.15553308280185
17.0,3.9,7.0,11.115,8.27,1203.5,8.735,142.4267,0.98,46210.0,1116.0,70.9324,18.6665,46.0431,7546.0,207.0155004031897,4.999552011468507,223.22,96.741,33.206,13.388,36.02947095994996,1.9691703020360272,44.56,503654.0,12.3,40.9,46.8,38937.0,39286.0,17168.0,21.03691766650654,16.933855628952,0.4061223048327138,0.5549318265569341,136.9,24.697153212608445,2.235274007868334,5.00347498793155,9.179086502408607,1.522117483622087,-35.29669600099947,12.276436016287965,-9.67378334810492,-0.7265898778506882,0.1930651839729395,-1.087421411459026,-3.5365175256940216,7.850180050649996,0.47888923848202936,-2.813488643214417,3.3286006882817802,10.404005807057645,-0.8431012527535996,1.6059305535520785,2.4532934909531243,-1.673850492802451,0.8649258564940329,-31.964873954053036,48.52908995729871,-1.2175690684079472,3.922472092906634,-1.4082251661332952,0.025165630606934997,0.16743574095579383,0.09425992312530607,0.604927473490438,-0.21082716745635022,4.065220286225276,-7.271351651738711,5.420029590982009,-0.3894217929585532,24.791707418363853,-6.0839845212393735,120.15553308280185
22.0,3.1,7.0,13.89,8.46,1088.5,5.42,62.8682,0.7473,30465.0,544.0,23.7417,15.1611,35.7857,16160.0,391.6363496124131,6.993276684364113,77.789,31.907,28.226,8.037,12.555758966506351,0.9191379276851872,47.4,302484.0,8.8,57.3,33.9,63896.0,41068.0,18414.0,9.819277128486252,7.904115227830772,0.4381657992565056,0.2590222331408918,63.9,4.413642055587366,1.9907388991024362,5.832320850519461,21.611456158959005,-19.88985214272824,16.17619548472887,33.56340152355066,9.639625149976151,4.347126041587901,-4.2277698119450395,13.538844463493055,-4.879648162939896,-11.97809140854826,12.414693856978168,-1.6200774559766675,16.77096634445246,15.450767638271985,-0.7929366884225377,-2.4176306397250547,-6.902561521773844,9.930698807335771,-9.37726318106443,43.140313456731384,11.204593870903672,-0.44832162215374477,-1.4059995940560572,0.029005972328600176,-0.5874017390453533,0.16397347292242279,0.39143681455559215,0.1472232876702524,-1.7356652138584068,2.1522748895951924,4.511411337327831,4.711059077304476,0.2525049075825721,-1.1340030870943678,10.770843257605256,120.15553308280185
6.0,3.1,7.9,11.13,8.28,1119.5,7.6,97.153246,1.5051,22704.0,603.4405868680999,11.4219,8.4222,23.795409,18373.02,371.52675503190966,9.874661869875633,61.11,25.96,23.28,5.82,24.61494990856973,0.4775021872663257,65.5,193424.9506420834,3.786310606464182,52.02179642033601,44.19187938339238,90072.0,39502.4,26966.29,10.53622467854088,6.818367587891776,8.389512313189808,0.5234059869036483,82.8,0.5522452056477989,-4.237699799022327,0.8333925707529626,-5.055589145827107,-6.9206559152218246,-18.86333468034398,3.142955522981161,-3.0635446075350057,-0.8825261644351592,-0.8526089727102469,-1.1940630816078435,-3.4044253798279285,-6.3692730943532645,2.236126546167457,-4.315097420290114,4.7194864526515214,-0.9378578600163264,1.4406014631921433,-0.9724087811075156,-4.110584193050552,1.4886335085301345,-2.1100729820970447,-23.628918235658976,-13.088654846837747,-0.40712065168811784,-1.3040009870349132,-0.7472268563555556,0.18738807859520099,-0.016972399482814444,-1.4773352676203162,0.42264236122990595,-1.001566334815385,-0.659988015843555,0.21681300124153471,-16.88602467541583,1.2201618937418497,0.0597707976105936,-5.365946348228026,120.15553308280185
0.0,20.3,17.4,14.575,8.485,947.5,5.62,2.90776,0.115,1588.0,7.908338175479372,0.089,0.2026,19.077820000000003,4092.3,329.46058091286307,1.640734061302774,4.82,0.14,0.34,3.98,1.9414835306710216,0.2504382101047163,73.3,43717.2909103953,2.133822472423064,34.05945495650095,63.80672257107598,57754.0,39953.37,32733.15,7.989646389078048,3.576066916726457,2.2858259152713347,0.3546265201122545,56.1,0.008748124666031,-13.150541205095749,-0.8078156248092029,-6.100793567053041,-15.1449700363772,3.8859422195741615,2.4341499838233003,1.7341922347076861,-15.627984562356337,-4.813813115966817,0.8720343775923057,-4.06029786009419,-10.968085805344549,17.53104152534002,2.4635337425690778,8.194991999353126,6.7676888294673185,3.0021926303083686,-3.966467785363396,-8.301059885545788,21.75389583319814,-2.476646896094706,14.630962668179222,-18.036311509143562,3.0553777640685453,-6.198187785727595,1.7310447130678226,0.4957024687924421,-5.048936456646771,-0.7316597093284747,4.355059011669362,1.931701033935726,5.425853403794268,9.109422442382202,1.3291518037432495,5.185739777142494,-4.277822047762263,6.729536799386454,120.15553308280185
13.0,19.4,16.5,10.405,8.09,1208.0,1.99,79.7603,1.3218,37783.0,436.0,32.0201,11.986,58.2589,19506.0,317.1284444481749,3.659529465087586,119.14099999999998,45.663,16.368,14.3018,22.549304697785008,0.6391463480032891,44.35,477241.0,11.4,37.1,51.5,71561.0,34380.0,21443.0,14.98400185022494,14.347792906389309,1.8324918038196647,0.2479057292855512,67.5,0.956597866388228,-5.5803379069649,-1.5142498460606042,-12.929196804529056,-6.242498920029028,-22.426284906529663,2.986800515881429,7.4080120459835355,1.449842314342969,-3.1201175077787293,0.2811640309185397,-6.873384005504971,2.0148039769567525,3.983688743608072,0.5655788042893019,3.9139268278020123,6.9220238281770925,-7.124379424921547,0.5756862248480331,0.7252943111040319,11.023637010797392,2.0902394147318155,-11.913433414356938,-8.495432252604516,-0.44535745736211485,1.4278868205581474,-0.2807383942278108,-3.2397544496801367,-2.7346871201926852,-3.5306659314719333,-1.6232985773620499,-0.35844953206212704,-2.9145116105955093,-7.379787101216304,-2.129035636012752,0.18901692208523477,-2.0775496995464575,-11.79465570155997,120.15553308280185
33.0,18.7,15.6,11.495,8.52,449.0,3.755,94.75,0.975,80886.0,573.0,36.035,30.6179,69.9425,59746.0,503.33227546810537,3.5656280919222656,160.701,59.489,57.403,13.697,44.04493523854282,0.7705005543685988,37.51,683165.0,24.81513784080998,29.71825110917296,45.46661105001707,37563.0,37438.88,16936.21,15.717915646179634,15.449625511761106,1.4422353381379165,0.3216419673452932,70.17,21.16653441193769,-0.5359875636609884,-0.20419052198529272,-7.260306600886396,-12.906860699136743,-5.183674403166709,-10.682076620310545,-8.042905143650716,1.6295280665438618,-1.6944784130466475,-0.7637782075814918,-7.066505045487236,-1.3225563061392551,-3.8025385750775844,-3.0427518134005385,-6.6621484116340675,-7.895093836423475,-5.742406203370389,-0.5125421059659363,0.5068320609792145,-8.28376484588332,0.18457241700341354,-18.113220608634098,-4.327802990072718,-0.26023336230001104,0.03471216989137827,0.4588304926936205,-2.566553289604684,-0.4359587783754498,-0.23395499910771156,0.5182377993098142,-0.3480513093946502,-1.6899206833921676,-2.1350835216363584,-1.0827980537495265,0.4696358282662303,-0.6803311754250903,-0.4290707788794929,120.15553308280185
33.0,18.7,14.9,12.5,8.42,506.0,2.95,94.75,0.975,80886.0,573.0,36.035,30.6179,69.9425,59746.0,503.33227546810537,3.5656280919222656,160.701,59.489,57.403,13.697,44.04493523854282,0.7705005543685988,37.51,683165.0,24.81513784080998,29.71825110917296,45.46661105001707,37563.0,37438.88,16936.21,15.717915646179634,15.449625511761106,1.4422353381379165,0.3216419673452932,70.17,26.543630520005763,0.6157033927335088,-0.5812168601527808,-7.585014053501655,-12.006982114891677,-9.560612619328312,-7.1284554965421565,6.995579522891592,1.0286575876160837,-3.482430884589751,-3.061966364088779,-0.25354005511850203,-6.608910747441307,-5.646670713153046,-4.10490763682484,-5.0396928264006675,-9.698547768606806,-7.924142435650964,0.4746271153368676,-2.1819465718278677,-6.094616564487417,-1.6956882818159649,-23.476639731253965,-3.0255415318456165,-0.395348030013653,1.822892412152141,1.6653547965921476,-3.018558961338519,-0.19192980614801192,-1.8588761225777377,0.43887949804464915,-0.6768102796189485,-0.3743007789164154,-4.7578806310985255,-1.561634658604549,-0.2192638420344646,-1.9936618240348374,5.530775673265258,120.15553308280185
4.0,19.0,15.9,11.705,8.075,541.5,1.24,65.48,1.159547297297297,35404.0,628.0,32.7396,23.8933,28.3358,18135.0,353.61566120655215,6.272473032361166,100.12,42.91,32.89,6.89,21.692116085648387,0.4183057432432432,45.82,494396.0,16.2,34.7,49.1,52830.0,29483.6,14569.4,30.782770270270262,13.408445945945948,0.4610408828493061,0.2022597972972973,44.72,47.01898851000248,-19.565423152853427,-0.25542385023863307,-10.07138565006045,-11.74048301077215,-6.0788635560520925,-8.16663522538962,-3.531687856720916,-1.00478016180452,-0.3597362431402635,3.329254638310522,-1.7326565381387873,-2.8162445095577264,-2.8372653813411794,-5.857790191330328,2.1011933752257996,-2.029985101790322,-1.6246827340940933,-0.8625505852916581,-2.9811539355673218,-0.3866647065927588,-3.4480337445981175,-18.20661078173512,-6.86960407560148,-0.06611141446512343,-0.08466310234352359,-0.32177674314317634,-1.7177974718731512,-0.1447657180391256,-1.4928944163691877,-0.9751414435589684,0.1542331109195942,-2.0520566654469197,-2.3306900193837174,-0.01185719745233707,-0.9241817044513302,-5.188696281663529,0.02187920070757716,120.15553308280185
25.0,18.4,22.0,13.445,8.2,893.0,1.65,113.44,6.47,113005.25,3048.97,56.37,31.11,123.25,170899.0,632.6927383685123,17.070544762331334,178.61,74.6,52.48,33.02,11.832260392384752,1.0136065476243834,41.19,962714.0,23.22925734100645,37.059541398199215,39.71120126079434,40450.0,30441.0,14677.0,7.420621787035737,5.286083690348805,0.6079000575173069,0.2002013844757149,68.94,17.971398854942283,-0.5895435169292615,-0.9046551762901567,-13.551215191473409,-8.819686255337048,-16.407689120097398,-24.698818383544374,-12.35838643894065,1.2205870597041206,2.8792041256822025,-4.616491656365494,2.273630254473536,1.7355640549918954,-4.6186251594343535,0.9435162227476633,-15.03844660096181,-8.609206657640948,-1.3463605114297625,0.4659704120705526,1.7382923062782123,-4.040291672217038,1.9523297295866853,3.600360575150699,-2.2875431014752627,-0.07243600111144355,1.107518102577887,0.7418918346846475,-1.4739873811330961,1.2904093793306197,-0.9057411164580835,-0.45258472950042544,0.31868855284837433,-0.07536747840698865,0.6538467376803356,-0.0905571315390991,-1.4981882091394316,-0.6612900886995102,-1.1590528739686128,120.15553308280185
46.0,19.0,18.7,9.575,7.970000000000001,1199.0,3.73,97.05,1.21,106381.0,2590.42,55.63,35.38,100.73,137331.0,610.4028000918064,14.863552903373884,174.27999999999997,73.07,53.35,21.39,11.545413701275482,1.3286396630675812,42.31,858592.0,16.673582357043852,41.11565010222189,42.21076754073426,42877.0,31410.0,15449.0,10.182451797210655,6.929020407132105,0.954641587443107,0.2674869382660009,92.11,33.67441109527043,0.9801915659507099,0.34890454887723293,-14.36710159308277,-6.797013480374588,-9.468053479379353,6.623625692113614,-6.656507037239305,13.17204974392429,-4.284122395312102,-2.1095141927036463,3.2831295214189837,10.489052762901414,-15.008002803629884,-3.0004448025502892,-20.15366317888567,-1.0565751784993338,2.394595406012765,3.6046453362020365,7.106542097792649,-7.689164231345057,0.7099840533547099,17.081210014191456,17.734953834381884,-0.41446262043900955,1.2971954299982966,0.519811206092125,-1.1841922837961467,0.3793578642110038,-1.2244264813497072,-1.9238426802835102,0.4949949051315574,0.06913558442300675,1.5801062405932065,0.3059181512737051,0.24306362890793606,2.7332228591665637,0.8328872011415654,120.15553308280185
16.0,19.0,18.6,9.615,7.95,1228.5,3.71,142.4267,0.98,46210.0,1116.0,70.9324,18.6665,46.0431,7546.0,207.0155004031897,4.999552011468507,223.22,96.741,33.206,13.388,36.02947095994996,1.9691703020360272,44.56,503654.0,12.3,40.9,46.8,38937.0,39286.0,17168.0,21.03691766650654,16.933855628952,0.4061223048327138,0.5549318265569341,136.9,94.03598929789972,0.7802262485663706,2.363196337204428,-12.073238528720106,2.8819805525561484,-2.4925677780465563,9.406836186512377,-11.49053034614616,7.557556501789951,-3.830668989174688,1.2349556333292284,-2.392481809815705,11.469091437369741,1.6253136953292426,-1.0539848440140493,4.767930160065493,4.61868095342225,-3.127054205213986,-2.7439314949496967,3.8943042688940963,-1.500339855871473,-4.206554439319299,-28.070185759449384,43.10201209089408,0.3349193183317123,3.572984788295193,0.8161285618475329,-0.12202670097816852,-0.7958019660040737,0.6983367832191257,1.6024986860435468,0.3181590076535885,3.6330303265433765,-11.464296962994458,6.259116137387852,1.057676714637008,19.595143391159368,-1.2952009673354532,120.15553308280185
19.0,18.6,23.8,17.225,8.89,1229.0,3.98,62.8682,0.7473,30465.0,544.0,23.7417,15.1611,35.7857,16160.0,391.6363496124131,6.993276684364113,77.789,31.907,28.226,8.037,12.555758966506351,0.9191379276851872,47.4,302484.0,8.8,57.3,33.9,63896.0,41068.0,18414.0,9.819277128486252,7.904115227830772,0.4381657992565056,0.2590222331408918,63.9,45.78175769599105,-0.3883684008056285,1.449115820155324,-18.797671769784454,-17.35559196044613,-24.869266826815437,6.842181076349224,-13.564608050587898,-0.32932933988049423,-3.964179768968993,7.6828302212649335,-2.031137072046598,-5.174415191093769,1.075686824043902,-3.043508605859243,7.4505479640552466,0.8910587670281552,-1.5123822334967543,-4.433383053299042,-4.0996820017974835,2.4147966066809983,-3.512037020843321,7.661275491428872,1.5856834545731553,-0.7755179742382202,-0.5429863710670425,-1.2263094670061638,-0.6672961093780266,0.964033536525287,-0.2340780543023726,0.7150525296929585,-0.5252552224175719,0.16018945164435264,1.8784935867623405,1.0577006296953178,0.4419078273520179,-1.9960420502551532,-4.419375317119218,120.15553308280185
4.0,19.6,13.6,11.905,8.355,1489.0,6.84,97.153246,1.5051,22704.0,603.4405868680999,11.4219,8.4222,23.795409,18373.02,371.52675503190966,9.874661869875633,61.11,25.96,23.28,5.82,24.61494990856973,0.4775021872663257,65.5,193424.9506420834,3.786310606464182,52.02179642033601,44.19187938339238,90072.0,39502.4,26966.29,10.53622467854088,6.818367587891776,8.389512313189808,0.5234059869036483,82.8,1.733416410725629,-9.967576464408388,-1.2863448692935824,-9.93454091098703,-12.713961405058702,-7.305524122874874,-7.220518819951297,-1.8939726847937963,-1.36511977883832,-0.7362020006186024,2.7811429973381254,-1.4179527869758501,-4.135813300944865,4.424324813983403,-1.4862618946284052,2.8569897461201386,-8.917150856107472,-1.8727111466151343,-3.5718616065802045,-10.04451037792489,2.0704653173413434,-1.6317627154213072,-13.641484922612243,-12.502365119239938,-0.5466170720919035,-0.49913590660939566,-0.5309045747132031,-0.4500464828172705,0.03270756898292578,-1.7333965840392427,0.8450522902018086,-1.9495414442398271,-0.29280763243945945,0.4798679926401626,-9.103449035536032,-0.7255757957634837,0.227044009959792,0.09907869942020613,120.15553308280185
406.5,28.1,25.0,8.935,8.455,276.5,3.36,0.7773,0.0,12.0,0.6876815804764671,0.0007,0.0051,0.023982,5294.6,171.42857142857144,9.824022578235246,0.0699999999999999,0.0,0.01,0.01,0.02819581891016,0.1652892186691128,90.7,3055.4045483894115,0.0595207257760765,21.668917363058736,78.2715619111652,78113.0,49348.53,31412.48,18.77858494367249,2.360204165039463,3.730853285200316,0.6732214686623013,106.5,1.228607752659718,-0.07141314791748458,-1.8892726433618616,-5.795207627043129,-11.82308790434152,-8.607821696296647,-11.175880622358138,-4.349684134049651,-10.251294724097631,-1.7217440930505594,2.2807035853248094,-4.8183561810432005,-14.111445026327855,5.737367093741585,-8.760114756439192,2.2742078189497503,-13.053687326793247,-4.529583268177231,-1.1170485339391356,-5.6489133202238015,6.198827675252687,-7.569096732837303,11.54604240868551,-13.938357415342082,0.5977576176946365,-1.2109312276969042,-0.7009886820365979,-3.9763114545509857,-3.6127456129567395,-1.1282851844327526,0.9820820812663696,-2.2365446526076025,-1.8081793485519781,0.799144284922321,-2.3316404119506475,0.05873890463262701,2.3362385581965377,-6.69630441924557,120.15553308280185
533.4,27.3,29.9,11.03,8.425,257.0,2.78,69.61883,3.1667,31295.0,362.9812608948286,7.9764,10.4369,90.661662,22830.6,431.0012394986916,4.999053310767506,72.61,11.98,17.16,25.54,29.247120158096035,0.4441104259190304,62.5,205105.4262142192,6.613355601948504,25.327743910925538,68.05890048712597,63992.0,36649.66,25491.99,8.611711314748359,6.341558665661586,2.4926882667224866,0.4481821796071095,70.9,22.67115097828591,2.246365936055468,-0.9648141859270014,-5.089957752088085,-6.596021826833796,-8.010513299657033,-16.522332131258832,5.747307165457559,-2.0691774451981004,-1.0039649399990829,-0.4232413665655385,-0.6844211633192984,-9.063537033948426,1.1793420009004578,-0.8749857598046479,2.5662206891955184,2.418351041609421,0.4117349459758642,-2.572390851277547,-3.4117457798713207,6.230920265857129,1.2626381997251874,-21.423740244278054,-9.713644797015002,0.8587374754746749,-0.9452633544166268,-1.5957840712337443,-1.4457811183389262,-5.052617025001285,0.2191648411145429,0.32235836779853894,-0.8870358638248091,-0.7085802144293368,0.9674451320959864,-4.294596704239957,1.0230768979775406,-0.4405357344945265,10.569725817758588,120.15553308280185
191.4,25.7,30.2,10.11,8.41,885.5,1.6,69.4828,1.3569,21994.0,591.6353864032538,9.1363,9.5518,7.95815,16641.32,381.11245884595394,10.251869457689375,57.71,25.24,23.82,2.36,23.245438704361963,0.4724934230642314,61.4,189959.29356481816,5.960707881876988,46.25281304491967,47.78647907320334,66835.0,38481.79,24326.61,8.747788017238738,6.746846249557248,4.849428335338578,0.4633533676333021,73.3,7.982966899700595,0.5238450224635501,-1.6587052539495428,-4.579986137083421,-13.194131463516973,-8.290116578443753,-12.759455134879488,-9.241458302988514,-1.3112623053377799,-0.34779573552620896,1.2301793880636502,0.2534207335036868,-9.801146113915989,2.7137234767107294,-7.029237848991376,3.4580857781879604,-1.6446425999887293,-8.027788845578518,-1.8329666725654776,-5.436791062721362,2.405514076791393,-7.632653516936114,-14.157274753196786,-8.931594640247058,-0.4193728227401157,-1.5659573843027477,-0.31568295661825635,-0.38391997483326223,-1.3658044419507493,-1.4847504411451522,0.6994649811065757,-1.0486379507696248,-0.7185688146684951,-0.02994783279874158,-7.584128579270716,1.7636251361986313,-0.7735813718366763,-1.6032638485364918,120.15553308280185
172.8,27.3,27.8,8.74,7.960000000000001,475.5,4.51,46.39,1.9696,37903.0,493.0,18.997,12.4084,46.2737,14888.0,438.5652299681805,5.704367949088805,86.425,31.048,20.027,9.119,23.6873667742644,0.5198347645921357,40.86,412043.0,11.40105756416319,43.837324276686296,44.76161815915051,46146.0,36086.43,16572.17,12.426995927713286,10.42342201495799,1.8765437977532649,0.2308378149566619,50.36,3.8154902271043216,1.504655789042201,-0.29094598074210815,-1.1853264136007047,-14.436679433309472,-8.134860244058073,-8.602498565895173,0.27846914309620263,-4.38871234312964,1.3085624126810587,1.1844948465268432,-3.4195583756500856,-8.953575706363965,2.8065572869544844,2.3404590475202216,3.943007892151364,-2.6940753895184018,-0.5561717369578146,-0.8198814054811375,-5.2373438376747075,6.743638045745903,-3.71182274081434,-33.33274853851491,-23.215094203398717,-0.3010708985151734,-0.054910251217272256,-1.3992139700707045,-0.9374907972601546,0.7008985505858432,-0.3694564702780921,0.1096254256988544,-0.3227792274625978,0.6615246847101183,-2.038406191524118,-3.0700024128604375,-0.31688401573958486,-5.4792527425855715,-1.1508399511834908,120.15553308280185
218.7,27.6,28.8,5.44,7.505,662.5,3.62,94.75,0.975,80886.0,573.0,36.035,30.6179,69.9425,59746.0,503.33227546810537,3.5656280919222656,160.701,59.489,57.403,13.697,44.04493523854282,0.7705005543685988,37.51,683165.0,24.81513784080998,29.71825110917296,45.46661105001707,37563.0,37438.88,16936.21,15.717915646179634,15.449625511761106,1.4422353381379165,0.3216419673452932,70.17,3.077741563827399,1.986589450239361,-2.3919566091150055,-1.4455336242526142,7.733151361290363,13.352431734521716,-4.317710563220705,-9.422626656750218,-1.1953397193706297,-7.175324835398544,-2.616526982771853,-2.079447574224323,-4.562086410085516,-2.9119144617983452,-2.2641213996429,2.032830212892344,-6.893718460934856,-3.121649098447525,0.06716231551719669,-5.212886614328405,-7.231131100797403,-3.082237255829386,-29.955508591316942,-10.45995685603625,-0.9861323282231261,1.9307679747200266,0.3557665078078089,-1.6927033026438814,0.1402918983553536,-1.1861214906683502,-0.054991934099235674,-0.8598839333048085,-0.32892641255942373,-3.4154585703214018,-2.42238795123296,-0.1572776116702396,-1.567260796840614,-1.8081908495359436,120.15553308280185
434.4,27.7,30.1,7.905,7.795,856.5,4.22,92.75,1.5386300675675677,45158.0,696.0,33.0483,14.6795,94.9691,6452.0,387.35632183908046,5.970149253731344,116.58,42.49,20.02,31.74,25.258358901966528,0.555059543918919,52.85,465622.0,12.3,44.1,43.6,67794.0,41956.5,22104.5,40.84636824324324,17.791976351351355,0.9989242570341496,0.2683831925675676,59.34,7.41984652430777,-1.8796014385670439,-2.3684444530028856,-9.729838304570876,-12.496527397908116,-5.301164139953133,-12.60552439982227,-7.698061048619761,-1.5845434777019545,-3.131439556734015,3.853744270472475,-10.358404168306539,-4.406260609721454,0.719788317222458,-0.5967503439472054,7.06590885259832,-2.497487301494305,-1.3282301354315116,0.42077961347065845,-2.786145853434379,5.351211374537087,1.746867931544159,-18.088545335109032,-9.245295572270019,-0.20829221559998987,0.0823770206592364,0.20873641878676966,-1.0943868975822504,-0.16844482801233665,-1.1644477568970373,1.6262146653716147,-1.0999239440262307,-10.481281596076832,-4.420033130353938,-1.1365450720613213,-0.45768344921525655,-3.480871392753907,-2.2633193246655474,120.15553308280185
289.9,27.7,28.5,2.965,7.505,599.5,4.1,86.2176,3.9735,25523.0,815.0,31.1163,21.4397,17.1606,5383.0,209.2032032524324,6.680273112515471,122.001,42.695,30.889,6.378066666666666,23.09060459820272,0.495701072671828,46.74,578032.0,13.2,34.4,52.4,70896.0,35317.0,22722.0,12.79694947845151,11.127680470035047,1.418914034866713,0.2008954576580689,54.7,4.706185363692904,6.1531250563822715,-2.2948112777116094,18.359947810665858,28.069541715021867,40.93989697169513,7.33518768731815,-15.200129375404993,15.148520476805665,14.593287251056168,13.837603542197805,-1.917204456908318,1.1731403466702117,-4.663987189987675,2.80516592106316,32.581938353823496,28.703741798500214,-0.4085356800754836,2.176157134128729,-0.037905537054559346,2.0628405674764267,-2.217133730975911,-21.08264291405367,-22.381838659616193,0.676686164502366,6.8493028400341665,1.194688318525441,-1.2686633102673415,-1.4711397201692058,-3.0485710001007327,0.5480876137859511,-0.9565761766800023,3.030475156209428,0.08625120646475803,0.3961588868809243,-1.669351325402962,-4.5447838527212525,6.247147428166745,120.15553308280185
331.5,28.3,29.5,3.38,7.415,443.0,4.14,62.8682,0.7473,30465.0,544.0,23.7417,15.1611,35.7857,16160.0,391.6363496124131,6.993276684364113,77.789,31.907,28.226,8.037,12.555758966506351,0.9191379276851872,47.4,302484.0,8.8,57.3,33.9,63896.0,41068.0,18414.0,9.819277128486252,7.904115227830772,0.4381657992565056,0.2590222331408918,63.9,6.247466077935533,7.199270332572056,-9.991648172215404,31.30696294674495,50.39759349983496,78.6264388757362,17.32314120790998,-23.225009184462632,2.253539177725713,-3.7252180993727766,9.432990457455942,-4.081034919897406,-9.938870252595132,9.959811468093351,-1.5620109351382958,15.450172340304897,17.32096903918621,-3.768417564217622,-5.129441179633134,-1.9032033708908849,4.269967325874606,-5.339477229344969,26.875476395882043,8.760323128870224,1.6713231306849075,-0.7571024848598338,-1.9300539666600554,-0.12164977442473024,2.1872664440345635,0.5214724194118787,0.13909514267230114,-0.09171600102136483,0.45263256035589805,3.9798450396978287,4.154284487418672,1.1367539396944082,-0.22089285218467877,5.305030272471096,120.15553308280185
69.7,28.6,29.4,3.185,7.529999999999999,440.0,3.65,126.195,0.9478,45899.0,1702.0,58.722,16.8508,63.7322,13048.0,223.4017181377917,8.284052468910467,205.455,93.926,30.942,16.87,33.16205965449566,1.7174502122943875,39.64,605389.0,14.2,42.9,42.8,42227.0,38884.0,17032.0,18.34775726355647,14.769191834162667,0.4028414498141264,0.4839945952585677,119.4,0.5900000000000001,5.025443873096571,-7.173319608904425,26.30259225918135,61.346546952923156,48.95617351608352,-0.9205719435494407,-20.656715119605256,0.7665929977192226,-3.1630636360993,3.6350575653153125,-6.890194520305378,5.201510630647343,5.092892432979615,-1.2397818555015405,9.119152796006137,4.254650255553419,-3.3050475917989375,2.356469607120374,8.120208002521345,0.7548492027834689,2.1246759166009705,-25.206813986560643,33.39587689396848,-3.009853307831408,4.582583746165039,0.992902004936092,0.7156549224536845,1.7062656820518896,0.8508202344644769,-0.3453071113551693,-0.2009360611982037,4.902102151855368,-9.240002671644712,7.8459103936531305,-0.25804349461803017,15.727287789802842,-8.254475048587189,120.15553308280185
354.1,28.0,27.4,2.175,7.355,445.5,5.34,78.86,1.51,42101.0,1310.02,57.39,30.39,103.24,45409.14,239.6050310170167,7.455580217403678,175.70999999999998,75.89,47.08,23.13,11.640145980325425,1.1288686636714582,52.2,686334.0,16.06716086336319,29.95130135865117,53.98150854710848,36106.0,32559.0,16815.0,12.881572327495135,5.887189901806822,0.6001059414337037,0.2742822855197458,94.45,2.986327738444193,9.027236870711983,-2.208244615922833,56.93416172564262,92.80321062197676,98.3273491595988,17.00292325430007,7.672405353588982,34.90121443728916,24.480061790330026,6.731704686250687,-6.118608448527138,8.787781383952439,-13.591552142772516,-15.922522948561232,7.925403817985207,-31.670088920070942,6.913730179138167,2.594711808043844,16.177329351662966,-21.649231505369148,-0.17368443451821727,41.04790478247839,56.54411933823955,1.3143834169659148,4.976177277792405,2.1608742112200705,-1.3157641914455844,-0.6399852833493274,-0.01126435720362077,-0.06786551521159663,0.8513081737592193,1.9580498806433713,3.9635890905302897,4.271397534442748,2.10004548475457,11.290399397915849,14.037959571248697,120.15553308280185
3.0,3.8,7.2,11.245,8.260000000000002,303.0,7.99,0.7773,0.0,12.0,0.6876815804764671,0.0007,0.0051,0.023982,5294.6,171.42857142857144,9.824022578235246,0.0699999999999999,0.0,0.01,0.01,0.02819581891016,0.1652892186691128,90.7,3055.4045483894115,0.0595207257760765,21.668917363058736,78.2715619111652,78113.0,49348.53,31412.48,18.77858494367249,2.360204165039463,3.730853285200316,0.6732214686623013,106.5,0.4077135318645207,-20.57712364446139,0.741020061019808,-1.8430444386368625,-8.70806578140861,-15.079725013611217,-16.36740257026007,-1.110710990809214,-5.326081818243645,-5.755383639993767,-0.2108559147051228,-1.9155992086914682,-5.622020342994169,0.5310742923974369,-4.7402431373174005,1.3590630642371246,-2.242248030422101,-1.9352209008811043,-6.358751670219935,-10.014464563815855,9.204508956714998,-3.464347980616924,6.338760438022824,-10.170610467879255,-0.04566168157228612,-2.495301775856253,-0.6093339330206308,-1.7402716281916948,-6.945296060569429,-1.9322522858794162,3.0452137215652813,-1.5807520198061438,-1.3155552502783643,1.1710763672009739,-4.165092241584014,1.150809967300545,1.8099200777802602,-3.214719440185776,120.15553308280185
4.0,2.7,5.1,15.275,8.79,769.0,7.105,69.61883,3.1667,31295.0,362.9812608948286,7.9764,10.4369,90.661662,22830.6,431.0012394986916,4.999053310767506,72.61,11.98,17.16,25.54,29.247120158096035,0.4441104259190304,62.5,205105.4262142192,6.613355601948504,25.327743910925538,68.05890048712597,63992.0,36649.66,25491.99,8.611711314748359,6.341558665661586,2.4926882667224866,0.4481821796071095,70.9,0.720632024725694,-18.295884593975106,0.8163418607615557,0.16453545592104293,-7.068979507569844,-11.982346939791462,-9.550775431635168,0.2718031221597143,1.3284778416218863,0.011713779643178027,4.389241967519435,-2.6788837159797563,-10.47884312124147,2.764755899682642,-1.8818651398566253,0.8483613330032673,0.9036042535894867,-3.5908708602469424,-2.343713870397768,-6.343979809177108,2.712596958796493,4.299849876357864,-14.045670768334531,-11.520369347976521,-0.7677462782609905,-0.33531721921948127,0.24541374826027681,-2.0362797610104706,-1.8785548870125777,-1.4299119900958601,-0.15836138312239312,-0.37734114233714816,-0.6613626715168364,1.1240038652376587,-2.411986331602869,1.4500558114579556,-0.36716638316555666,-0.8637378290202462,120.15553308280185
7.0,3.3,7.2,8.66,8.535,926.0,1.79,69.4828,1.3569,21994.0,591.6353864032538,9.1363,9.5518,7.95815,16641.32,381.11245884595394,10.251869457689375,57.71,25.24,23.82,2.36,23.245438704361963,0.4724934230642314,61.4,189959.29356481816,5.960707881876988,46.25281304491967,47.78647907320334,66835.0,38481.79,24326.61,8.747788017238738,6.746846249557248,4.849428335338578,0.4633533676333021,73.3,0.1720848572116504,-4.01165934206685,1.516051715482801,-1.2968860937515274,-7.067777662458055,5.274369235460955,-5.9442626355014125,-4.453769952813162,-6.0693025814229635,-1.3149865240246683,0.377184880683199,-2.448941008397379,-14.882374802973741,3.604955387323475,-7.531731039113365,7.435928925618842,1.4754157580652578,-2.793625167794526,-3.2485296918777755,-5.195459608693295,2.1329457758770634,-9.27622756699721,-19.938247040576922,-25.28388648917588,-0.3787499323223382,-2.147284556995146,-3.8150251788979674,0.1343433350448806,-0.6610168629977838,0.7293338430207212,0.8263728347824268,-1.0456182309162496,1.152360324074203,1.2860259054896106,-7.337880640244112,1.2290085436628824,0.15098399033226562,-6.981869004337738,120.15553308280185
15.0,4.4,4.9,16.145,8.555,1004.5,5.68,46.39,1.9696,37903.0,493.0,18.997,12.4084,46.2737,14888.0,438.5652299681805,5.704367949088805,86.425,31.048,20.027,9.119,23.6873667742644,0.5198347645921357,40.86,412043.0,11.40105756416319,43.837324276686296,44.76161815915051,46146.0,36086.43,16572.17,12.426995927713286,10.42342201495799,1.8765437977532649,0.2308378149566619,50.36,21.618262890775537,-3.6319410338702927,-0.03974120221023014,1.5799673437606543,-8.192596254676271,-3.6049254557148864,0.8871632430888724,-0.8305950301963213,0.4494371054538841,0.10268967849202504,3.1387893939856437,0.07800562118335168,-10.476495006404194,3.903203404565961,-9.721261230846867,10.36412017691182,-7.917477380440105,-0.49816062011755874,-1.6187980085735518,-5.942510302523151,6.273251932657632,-5.500413576976086,-32.65390059431471,-25.8852669684651,-0.5753808166505782,-0.21934704871693045,-0.24591636160698935,-0.6728412031941117,0.8693913156321895,-1.1719251756696025,-0.20760432946806104,0.053981131534091155,-0.5914659124830122,-1.9317990362877018,-3.574373579880531,-0.5122979696296781,-4.7920143125175185,2.05980312833873,120.15553308280185
27.0,3.0,6.5,10.395,8.365,897.5,4.06,94.75,0.975,80886.0,573.0,36.035,30.6179,69.9425,59746.0,503.33227546810537,3.5656280919222656,160.701,59.489,57.403,13.697,44.04493523854282,0.7705005543685988,37.51,683165.0,24.81513784080998,29.71825110917296,45.46661105001707,37563.0,37438.88,16936.21,15.717915646179634,15.449625511761106,1.4422353381379165,0.3216419673452932,70.17,15.216981156528105,1.0526114847464496,2.7211411091747375,4.01487245747509,-7.336176525911625,-3.351649158298193,-10.366597479553894,-3.1337320984511954,2.3092739917027454,-2.52575066646561,-2.343209546759414,-3.4282656950363877,-7.511961877625435,-7.54973900211354,0.6338297744980079,-6.872008911923817,-5.8675588970150185,-5.444287488109744,-0.16829661029235835,0.2592699320226286,-12.475038030093225,-0.5483739082003033,-29.686036546708394,-7.9626703564139705,0.11051814893027816,0.7017183385944622,1.2197813284971444,-1.538313585085172,-0.2487416622275477,-1.2913094145540762,0.4660922989078477,-0.6092849072348333,-0.7218858738274622,-2.3488269980143133,-2.1376646153318366,-0.42960280696706293,-2.4040032880225546,1.307409352464602,120.15553308280185
25.0,2.6,4.4,13.735,8.29,1140.5,5.25,92.75,1.5386300675675677,45158.0,696.0,33.0483,14.6795,94.9691,6452.0,387.35632183908046,5.970149253731344,116.58,42.49,20.02,31.74,25.258358901966528,0.555059543918919,52.85,465622.0,12.3,44.1,43.6,67794.0,41956.5,22104.5,40.84636824324324,17.791976351351355,0.9989242570341496,0.2683831925675676,59.34,3.493371484594227,0.761739418604412,2.430743118785321,-3.8229097281349813,-7.086550201660333,-28.36581084724205,8.18680249283711,0.7051217647052054,-0.22032192715443596,-3.072979995859786,-1.6068523332042013,-1.003740493425479,-1.3214617372055855,3.99555454900333,-2.3408958013961096,6.199678424273927,1.3909443235956143,-3.97264151453351,-0.487114215375235,-4.367501296869788,7.722995261517354,1.2920070039946576,-19.72621708103456,-15.31542668364942,-0.907658978028533,-0.40067446035643456,-0.9467231126502161,-2.5888849874508253,-1.1979133141894522,-1.8814098138765758,1.276865703104997,-2.3212558256695064,-9.06161744838891,-7.248225451308922,-2.6246083517652004,0.103765314610983,-5.563975984224431,0.0358241602669788,120.15553308280185
11.0,2.5,7.4,13.59,8.344999999999999,1163.5,5.85,86.2176,3.9735,25523.0,815.0,31.1163,21.4397,17.1606,5383.0,209.2032032524324,6.680273112515471,122.001,42.695,30.889,6.378066666666666,23.09060459820272,0.495701072671828,46.74,578032.0,13.2,34.4,52.4,70896.0,35317.0,22722.0,12.79694947845151,11.127680470035047,1.418914034866713,0.2008954576580689,54.7,1.2733338797976197,-4.819324784603281,1.3999005214373275,-1.6851187434101786,-9.641036844241121,-20.964023888221323,5.9816527057734,0.06806182444406132,4.433364734191758,3.7787646458841224,7.238533026113484,-7.706939540578361,-1.2137450965680199,-1.7728487475619958,1.5965736397852515,12.442724972489913,2.818735644781651,-1.4303696311094507,1.256730290654426,-1.4583670944503189,1.5872165365144626,-7.407923769908958,-11.561132755001696,-15.121446610240575,-0.14149806412557808,0.2314165276909851,0.523905419150057,-3.204293216294609,-0.2697929199381437,-0.27325853847355175,-0.699499618854996,-1.3148826654395103,1.3724316282415148,-1.877314702665122,-3.5165532542377087,-1.1398911191538603,-4.438671574757124,-9.831604482276985,120.15553308280185
22.0,3.1,6.3,11.835,8.155000000000001,1170.5,6.35,62.8682,0.7473,30465.0,544.0,23.7417,15.1611,35.7857,16160.0,391.6363496124131,6.993276684364113,77.789,31.907,28.226,8.037,12.555758966506351,0.9191379276851872,47.4,302484.0,8.8,57.3,33.9,63896.0,41068.0,18414.0,9.819277128486252,7.904115227830772,0.4381657992565056,0.2590222331408918,63.9,64.98050070443617,0.5746382412407538,4.102303828839214,5.765572661201783,-8.170350822494363,-33.40578130671599,17.83354819343503,0.2577633116596096,3.4095858317489416,-2.8680794908230514,7.17768359255356,-4.163431940667019,-15.52455739461196,7.259885029882812,2.0462239936855617,8.403849012982102,8.796529884512225,-3.7857776789398225,-0.37424149452863925,-5.135177778353296,5.181097201644444,0.7274353863593793,21.096428963352615,8.45328329364614,1.4031989280724286,-0.38583162045727093,0.03913891045376694,3.8835273060404383,3.8760164154631416,-2.1960239638853825,2.332112351978818,-0.17862946012988465,0.17164739991537856,2.45964156291758,4.472815946084448,-0.0008586576953533154,-2.689754700291287,-5.007479523808386,120.15553308280185
17.0,3.8,7.2,13.705,8.455,982.0,7.16,126.195,0.9478,45899.0,1702.0,58.722,16.8508,63.7322,13048.0,223.4017181377917,8.284052468910467,205.455,93.926,30.942,16.87,33.16205965449566,1.7174502122943875,39.64,605389.0,14.2,42.9,42.8,42227.0,38884.0,17032.0,18.34775726355647,14.769191834162667,0.4028414498141264,0.4839945952585677,119.4,4.85,0.21141393125988786,3.9371882750901057,18.915435980199838,-24.686683466856675,9.491169231684566,-0.04588922263589149,0.6481130957479267,3.517812212967156,-2.629794862084093,-0.6101383701246211,-8.227761763899272,5.237224139469518,3.8458124261675395,1.3682565324893237,11.27159732998581,5.156576835935314,-1.2004482368721323,0.4170769069933626,7.489135865055335,1.5688133765291414,1.6272816790780051,-36.796205386626546,38.195428914696286,-1.5258390260937933,5.527649100801594,-0.5378416580768951,1.8790768194803957,2.080336984506188,0.8821799785015182,1.6387951029775056,0.5139555338940885,3.3200116757272444,-5.873041118999631,5.779028202357395,3.034069206085988,18.722445272761405,5.928101273517432,120.15553308280185
21.0,3.3,7.7,12.81,8.35,1577.5,6.75,78.86,1.51,42101.0,1310.02,57.39,30.39,103.24,45409.14,239.6050310170167,7.455580217403678,175.70999999999998,75.89,47.08,23.13,11.640145980325425,1.1288686636714582,52.2,686334.0,16.06716086336319,29.95130135865117,53.98150854710848,36106.0,32559.0,16815.0,12.881572327495135,5.887189901806822,0.6001059414337037,0.2742822855197458,94.45,15.782468998246731,1.4675297960390636,1.7109057115515078,-6.551904696505517,-20.466803501686858,-25.73660326391769,-26.97129565049273,-3.6052509745800254,0.8485186990381525,1.3184605042325952,-0.38871174590662044,-2.14343623272609,4.9175778363551945,-8.550256543106713,-5.774828947479837,1.1966532827913754,-10.860665230661011,-1.7150039049393195,-0.6563877980069573,4.542300754715689,-5.841110645810454,-2.1494669669447473,3.8676562706187063,6.625202967259102,0.4731024813496815,0.2888501110083113,-0.3223365246566637,-2.810172403948382,-0.4270104745651289,-0.7020487597910687,0.33001362638858334,-0.6902856938494363,0.0723110553560155,0.9808027797006083,0.4468697381438685,-0.04331867360820363,3.5068608120161424,-4.55632214998671,120.15553308280185
0.0,20.3,15.2,11.685,8.274999999999999,352.0,2.82,0.7773,0.0,12.0,0.6876815804764671,0.0007,0.0051,0.023982,5294.6,171.42857142857144,9.824022578235246,0.0699999999999999,0.0,0.01,0.01,0.02819581891016,0.1652892186691128,90.7,3055.4045483894115,0.0595207257760765,21.668917363058736,78.2715619111652,78113.0,49348.53,31412.48,18.77858494367249,2.360204165039463,3.730853285200316,0.6732214686623013,106.5,0.4557290934674147,-13.275068862724972,-1.21467023512504,-6.1397978971091405,-13.21450112049002,-8.789119041479813,-11.269903936519599,1.0534915400952254,-17.10710386884166,-2.6105061620908483,2.373257765909655,-8.234829497073468,-6.5530784425822395,1.3150088612386026,-0.3629838726351351,1.7856838193900586,-3.8609474914893505,-0.6274259499972682,-2.902086541337582,-6.7631532152637375,4.929683286473543,-1.5808897131557267,4.073771553883951,-13.251101921984615,-2.281292766667904,-2.0051191101991575,0.12433620791804667,-3.3588693753614414,-7.414575855562774,-0.6742385877987055,0.24228884716362975,-1.142896718728977,0.06689873867202563,1.3069466969013848,-1.3222718389099462,1.5367565816299364,2.8299335123978864,-5.816890344024483,120.15553308280185
32.0,18.8,19.7,14.185,8.67,1092.5,2.51,69.61883,3.1667,31295.0,362.9812608948286,7.9764,10.4369,90.661662,22830.6,431.0012394986916,4.999053310767506,72.61,11.98,17.16,25.54,29.247120158096035,0.4441104259190304,62.5,205105.4262142192,6.613355601948504,25.327743910925538,68.05890048712597,63992.0,36649.66,25491.99,8.611711314748359,6.341558665661586,2.4926882667224866,0.4481821796071095,70.9,46.2949021288079,0.5770922732477372,0.9556201625196253,-16.873833979732975,-6.479792261399948,-12.58773948585304,7.1490524099394674,9.492281781601099,1.116692371203874,-0.3175209238217202,2.7260739480704075,-3.466842651336144,-6.637175386495268,1.7646787265610568,0.6042256443675909,6.303708593165503,-5.509970807842912,-1.0962246043638642,-1.1858891870578132,-3.8907028102781624,3.211324192578904,2.9519325316154084,-16.105097586576207,-16.219956268885486,0.983044610855481,-0.7254854510414086,-0.007871400108559653,-4.337679610904306,-2.678186844636997,-0.21208415308812137,1.5483328208482525,-1.4207722078946727,-0.19915963576796228,1.2829011696095878,-6.314009245109435,1.0041207015374682,0.5404657975273839,6.267539325013446,120.15553308280185
15.0,19.1,13.5,11.465,8.405000000000001,1105.5,1.17,69.4828,1.3569,21994.0,591.6353864032538,9.1363,9.5518,7.95815,16641.32,381.11245884595394,10.251869457689375,57.71,25.24,23.82,2.36,23.245438704361963,0.4724934230642314,61.4,189959.29356481816,5.960707881876988,46.25281304491967,47.78647907320334,66835.0,38481.79,24326.61,8.747788017238738,6.746846249557248,4.849428335338578,0.4633533676333021,73.3,0.4729429224965504,-1.014821267503624,-0.3989025087328608,-5.2956634485488765,-6.289798881290483,1.7173207664908847,13.16517242908012,1.163322348586904,-5.335129097175475,1.2717143620317797,6.786490916626838,-2.608043737237652,-13.11529705880365,5.636440524457335,-6.860931370351466,1.0341980051808075,4.286963338300896,-4.126128503042274,-2.116430033797708,-9.823107813087603,6.135811893933764,-12.89629003054307,-34.2689482618263,-22.04468329138743,-0.9027971967852979,-6.292913553212617,-4.830107952171627,2.4179775677823154,-3.5350700477254584,0.6954414271082102,1.1743807076321304,-0.3034390431921949,1.2111332351846305,1.122567479913122,-3.4551064695371316,0.4039194133792372,-0.8610304214859689,-2.5272307874192497,120.15553308280185
13.0,20.0,15.9,10.365,8.315000000000001,916.5,2.82,46.39,1.9696,37903.0,493.0,18.997,12.4084,46.2737,14888.0,438.5652299681805,5.704367949088805,86.425,31.048,20.027,9.119,23.6873667742644,0.5198347645921357,40.86,412043.0,11.40105756416319,43.837324276686296,44.76161815915051,46146.0,36086.43,16572.17,12.426995927713286,10.42342201495799,1.8765437977532649,0.2308378149566619,50.36,17.3971396266613,-2.9271595211218417,-1.2183717878876883,-11.397405200710056,-7.678407961841053,-13.424983076901794,-0.6343055416527205,6.571000399457599,-2.201150839591088,1.4054033713818848,1.2465938399530336,-4.715913311070762,-7.228057014032579,4.779418511412416,-0.028216755461568727,3.7781451465437814,-4.468362789194409,-3.353965893480929,-0.14102157725021205,-5.868922549731409,5.175921007624518,-6.759393134367033,-23.975183542065007,-17.888879494202943,-0.12139960095907343,0.13248250995762575,-0.002302181861985201,-1.542523669904716,0.5099721843702701,-0.6805360067612495,-0.38303282467803673,-0.2408087244459106,-0.18867489535982399,-2.260197855535274,-2.410160424596008,-1.160564156487428,-5.1481570409595365,-0.3793844068547096,120.15553308280185
33.0,18.7,14.7,12.06,8.364999999999998,815.0,4.2,94.75,0.975,80886.0,573.0,36.035,30.6179,69.9425,59746.0,503.33227546810537,3.5656280919222656,160.701,59.489,57.403,13.697,44.04493523854282,0.7705005543685988,37.51,683165.0,24.81513784080998,29.71825110917296,45.46661105001707,37563.0,37438.88,16936.21,15.717915646179634,15.449625511761106,1.4422353381379165,0.3216419673452932,70.17,11.500972447043438,-0.02945828581306459,-0.29208602855370147,-8.3557199358133,-14.037786215023758,-9.702841010218641,-10.258724797605536,-5.819563405362423,1.526622363023151,-8.95696909775492,-0.2935252488916745,-3.138203455415398,-0.605842137911046,-2.6148104096173,-2.186635446103755,-0.800723596676252,-4.631801175959407,-3.66934207975554,-0.11626020299115543,-3.0532880036781234,-6.590389651795074,-3.683156679330859,-18.075775697738866,-3.7499114889915415,-0.7532817067213674,0.26716372122755266,0.3884273527578133,-0.7648218569190544,-0.8356496070100307,0.12691208327577103,0.34630552249106933,-0.3484010177524753,-0.897550267962893,-5.316532768821345,-0.9469853154313747,-0.21153768228211792,-0.22098878013202947,-1.8082302932984504,120.15553308280185
4.0,18.0,18.5,9.855,8.135,1184.0,2.99,92.75,1.5386300675675677,45158.0,696.0,33.0483,14.6795,94.9691,6452.0,387.35632183908046,5.970149253731344,116.58,42.49,20.02,31.74,25.258358901966528,0.555059543918919,52.85,465622.0,12.3,44.1,43.6,67794.0,41956.5,22104.5,40.84636824324324,17.791976351351355,0.9989242570341496,0.2683831925675676,59.34,706.1288440783671,-13.307954939381839,1.0182156784405625,-11.726134273608528,-4.101184458103186,-5.522274205510816,-2.4620303667305663,1.3761371208548852,-2.296970115507332,-1.202471028870592,-0.4877300914314882,-1.6878783899235223,0.18970137530084105,1.081443734817828,-2.3583482785018477,3.5069865794278066,-4.224653735307511,-3.5475382356112823,0.8116844462665417,-0.34885697365428,0.025060520117791585,-0.7411894738216271,-12.910939529996057,-6.9915917101052285,-0.5206017171312133,-0.40300806121279803,-0.1138823024850963,-1.1103706160917246,-0.1452294443609813,-2.9817197956579435,1.251914293802499,-2.178086389411862,-7.448985181602183,-5.221498110249329,-0.21840316658839662,-0.14642103789840008,-1.4266763364026946,-33.521479375107056,120.15553308280185
9.0,19.2,23.6,14.19,8.595,1340.0,1.97,86.2176,3.9735,25523.0,815.0,31.1163,21.4397,17.1606,5383.0,209.2032032524324,6.680273112515471,122.001,42.695,30.889,6.378066666666666,23.09060459820272,0.495701072671828,46.74,578032.0,13.2,34.4,52.4,70896.0,35317.0,22722.0,12.79694947845151,11.127680470035047,1.418914034866713,0.2008954576580689,54.7,9.45525005962829,-3.103074517864734,0.6548366000627484,-14.892453606852023,-10.04563039378884,-18.994863529646153,10.93730121693108,9.119929853055316,5.5776615259392806,11.933657482173297,3.6835728062658255,-0.04395253007455461,0.382099343198351,-0.9275314090610486,-3.0078049693132436,18.838831679097684,13.915473942298753,-0.21137954833451497,0.882071341564878,-2.0439177378825835,6.3464322662896775,-3.0694778744938453,-12.094909182768314,-16.29756107212044,-0.10349215386124892,2.4187355911980064,0.282878318169775,-0.02842740814201387,1.4530291874675696,-0.6876925323810434,0.8604463151376708,-1.1726031079903871,0.9487458789084725,-0.556280413189282,-0.6672954033905021,-0.2802648940480621,-3.216476425003107,-0.02732447816679932,120.15553308280185
19.0,18.6,18.8,7.435,7.835,1145.5,6.32,62.8682,0.7473,30465.0,544.0,23.7417,15.1611,35.7857,16160.0,391.6363496124131,6.993276684364113,77.789,31.907,28.226,8.037,12.555758966506351,0.9191379276851872,47.4,302484.0,8.8,57.3,33.9,63896.0,41068.0,18414.0,9.819277128486252,7.904115227830772,0.4381657992565056,0.2590222331408918,63.9,40.55701267564412,4.181697836414291,6.001424784666547,-9.369506128164938,12.917269506474648,14.244621763755566,28.686021265656066,5.574099580080559,6.798578616816855,1.4318448933353622,8.723942325065531,-5.893135335296395,-2.249484858290914,5.4597107441723365,-2.0883916180565336,12.935080758444967,27.688429222305615,-2.0371364014021416,-2.3807103247024752,-4.297028059361809,5.923307643520336,-5.373753486511607,31.366319494986286,7.789019869837596,1.1538632960322623,2.017879539881832,1.120889192732675,7.315195992787679,4.77759246350887,0.20979569855767188,7.306218187233124,-0.115594229339622,3.608892005787538,6.625426287241279,5.460835534484751,0.642548071990411,-1.1485096478198333,-1.8073188196262322,120.15553308280185
28.0,19.1,18.5,8.9,8.17,1195.5,5.28,126.195,0.9478,45899.0,1702.0,58.722,16.8508,63.7322,13048.0,223.4017181377917,8.284052468910467,205.455,93.926,30.942,16.87,33.16205965449566,1.7174502122943875,39.64,605389.0,14.2,42.9,42.8,42227.0,38884.0,17032.0,18.34775726355647,14.769191834162667,0.4028414498141264,0.4839945952585677,119.4,0.000707107,2.9314401617428896,5.109301497387544,-11.791305279416653,-3.5512235306094717,-23.61261524965133,26.915315092843954,6.596210970023336,5.84733881777618,-1.6638253182855738,-1.0512073700502516,-0.7020935205183901,5.561975873740546,2.7631802706265223,-4.352129874282207,11.744165712598095,4.2489169391493,1.2768366852231952,2.840469284479816,8.31320570880392,0.6779044518200669,0.013868945285987403,-27.21936870189384,47.937985052852895,-1.1644836057598422,6.154459062435201,0.6532030922438329,0.1293393424075712,1.4140443096744513,0.46550129731806367,1.8743104212575918,0.5648447518112771,2.3246468019066366,-10.253568387467725,6.144159654667599,1.795804054327311,14.635085817684105,-3.14098363917321,120.15553308280185
32.0,18.3,22.0,12.85,8.215,1955.0,7.06,78.86,1.51,42101.0,1310.02,57.39,30.39,103.24,45409.14,239.6050310170167,7.455580217403678,175.70999999999998,75.89,47.08,23.13,11.640145980325425,1.1288686636714582,52.2,686334.0,16.06716086336319,29.95130135865117,53.98150854710848,36106.0,32559.0,16815.0,12.881572327495135,5.887189901806822,0.6001059414337037,0.2742822855197458,94.45,8.58022806918568,1.7892217306590947,1.8220620317803702,-18.54109813591621,-17.474177341787144,-24.38696600542559,-26.650682412122062,-0.757826853012665,2.690363556994125,-2.138772882397754,4.933461540690625,-3.767736883087393,5.237950144380641,-9.484288786496036,-7.928540316463138,-1.6101732444266466,-9.638263125750237,-0.12439031008010204,-1.1249711004341965,6.132645658986488,-5.353940367607091,-3.702381053497083,6.086111065659982,6.655967203963858,0.1021274498213726,0.7617129869634897,0.32365781847542746,-1.5425436067682066,-0.3807195309937635,-0.08682368584209883,-0.3769264641869823,-0.24159566325601226,-0.2734203273756443,1.1984523296612337,0.24997336416815688,0.6792311371366182,2.197118885095696,0.15523520685499634,120.15553308280185
