PREC,T_M,T_W,DO,pH,COND,DOC,GPAM,WS,FER,PES,MO,CO,VE,FR,FERA,PESA,TSA,WA,CA,VEGA,IRR_W,AGR_W,UR,GAO,PR,SR,TR,GDP,UI,RI,UR_W,RU_W,IND_W,LIF_W,POP_TOT,PREC_shap,T_M_shap,T_W_shap,DO_shap,pH_shap,COND_shap,DOC_shap,GPAM_shap,WS_shap,FER_shap,PES_shap,MO_shap,CO_shap,VE_shap,FR_shap,FERA_shap,PESA_shap,TSA_shap,WA_shap,CA_shap,VEGA_shap,IRR_W_shap,AGR_W_shap,UR_shap,GAO_shap,PR_shap,SR_shap,TR_shap,GDP_shap,UI_shap,RI_shap,UR_W_shap,RU_W_shap,IND_W_shap,LIF_W_shap,POP_TOT_shap,base_value
320.3,27.8,28.9,15.805,8.215,788.5,5.87,79.7603,1.3218,37783.0,436.0,32.0201,11.986,58.2589,19506.0,317.1284444481749,3.659529465087586,119.14099999999998,45.663,16.368,14.3018,22.549304697785008,0.6391463480032891,44.35,477241.0,11.4,37.1,51.5,71561.0,34380.0,21443.0,14.98400185022494,14.347792906389309,1.8324918038196647,0.2479057292855512,67.5,0.43088396105100407,2.1243663996198054,0.8922700898558832,-0.7531561860108437,-0.6640549708716571,-0.5683729620879359,0.3129233209330898,-0.21558474377534967,-0.09428908680255214,-0.0038185007482147335,0.1427694075445954,-0.24999918182302883,0.6987064875324723,-0.12981619527951535,0.4650941660573395,0.44361496215725,-0.0007343538741890013,-0.05488604867869673,0.022322208404851367,0.8515852109571763,0.23050808954091453,-0.4362227003350078,-0.22429985806656372,0.37795135601384855,0.3069251343332385,-0.034327677138304834,-0.012875810648159422,0.04006023428325219,1.7775760163844094,0.2212308632070198,0.2592737375960375,0.3197907460341229,-0.9024940875079482,-0.263891065698117,0.35407458588713786,0.25819237336865625,7.495179374604486
221.9,27.5,28.1,9.205,8.59,278.5,4.34,41.8,0.9984,37631.0,382.0,12.2266,9.8512,26.4183,120170.0,481.9852705731668,4.89273134806276,78.075,30.563,28.728,4.991,21.398798506227283,0.8755846807233554,35.03,369846.0,16.504901960784316,31.65686274509804,51.83823529411765,26213.0,35691.1,13158.53,16.539135979595088,17.556710821702243,1.1884593356762363,0.355470066518847,77.55,0.04061321370032004,0.6472259515302722,0.15625388091430062,0.16037981289710526,0.7242617215771072,-0.5822903568786569,-0.028370207598976144,-0.8216497067800569,-0.41867844049896413,-0.2728715336706955,-0.040727848104822106,-0.6493643842969323,0.30567871195846236,-0.10658954858314242,-1.280215625234802,0.18540858749591282,-0.05466884680169946,-0.1534945559926564,-0.3444730192651817,0.0017377677400751967,-0.6201042734940226,-0.7062179074073599,-0.08383286605511475,-0.41642636928086474,-0.1562650528821784,0.09292316579803205,-0.0886006169413061,-0.13901616041199297,-0.7114495458791498,0.014660803568937527,-0.1447617908280033,0.04866425124811936,-1.1560309148525512,-0.04008431813757262,-0.06735819585582557,-0.009331758271825155,7.495179374604486
218.7,27.6,27.1,5.27,7.38,366.5,3.81,94.75,0.975,80886.0,573.0,36.035,30.6179,69.9425,59746.0,503.33227546810537,3.5656280919222656,160.701,59.489,57.403,13.697,44.04493523854282,0.7705005543685988,37.51,683165.0,24.81513784080998,29.71825110917296,45.46661105001707,37563.0,37438.88,16936.21,15.717915646179634,15.449625511761106,1.4422353381379165,0.3216419673452932,70.17,0.17937190962218044,1.1742028165853118,0.0817117217346095,0.4747548384715144,-0.2091248835545655,-0.6423411618014022,-0.007762955391081082,-0.002870523467427185,-0.14376587514998398,-0.19553808326755337,0.004796352096212468,-0.3690172279022712,-0.3918831046713362,-0.3695861312894461,-0.3950210087932646,-1.055381199437737,0.20806131643281944,0.016209325293311778,-0.06522185079404152,-0.5056832033027119,0.08659175610208568,-2.034879128356406,-0.3451955634976427,-0.21824604003884204,0.16219965485545493,0.043356092619942464,-0.11647997037895641,0.06891166534274812,-0.27466648810077454,0.016375241421240694,-0.027724163693686243,0.14240850047479992,-0.4805279789868897,-0.16064904333713168,-0.15761057019078484,-0.08206718510172013,7.495179374604486
289.9,27.7,28.5,2.965,7.505,599.5,4.1,86.2176,3.9735,25523.0,815.0,31.1163,21.4397,17.1606,5383.0,209.2032032524324,6.680273112515471,122.001,42.695,30.889,6.378066666666666,23.09060459820272,0.495701072671828,46.74,578032.0,13.2,34.4,52.4,70896.0,35317.0,22722.0,12.79694947845151,11.127680470035047,1.418914034866713,0.2008954576580689,54.7,0.5127657069153309,3.567693734178708,1.048213286798758,0.4953112106615057,-0.28419263877944734,-1.3165024635824378,0.09596608271628297,0.3536576426165022,2.152621066890424,0.12482562196829049,0.03575356266810559,-0.00661530282076761,0.053628549226559685,1.2911162070084052,1.5082316678529608,-0.08644962407726182,0.050718215884795935,0.10245435771998017,-0.10060306662305563,0.6965575310223117,0.37203313934073456,-0.755438351109624,-1.7185791535978208,0.1065768712487382,0.42122410751723977,0.051539956040990896,-0.041992161956538245,0.03898040246296066,0.21637525430958104,0.02526417416054738,0.0373757125805908,0.34581324578650885,-0.2739587435297047,0.14588189460958065,-0.03072275722088887,-0.19571781752165393,7.495179374604486
421.2,27.7,28.2,5.455,7.470000000000001,377.5,4.715,113.44,6.47,113005.25,3048.97,56.37,31.11,123.25,170899.0,632.6927383685123,17.070544762331334,178.61,74.6,52.48,33.02,11.832260392384752,1.0136065476243834,41.19,962714.0,23.22925734100645,37.059541398199215,39.71120126079434,40450.0,30441.0,14677.0,7.420621787035737,5.286083690348805,0.6079000575173069,0.2002013844757149,68.94,0.5567033431772143,4.114303083237028,0.5403272386710158,0.31283794713051366,-0.12096683697619769,-1.1203187685300748,-0.05473833405141101,1.0296620143689992,1.6666250136440313,-0.40129264288426675,0.046638725091470566,0.5785348033967117,-0.598334518695095,0.39595348026952687,-2.1712018583179455,0.6095097985674509,-0.5340379798506425,0.08299249399763843,0.674636580738006,-0.34937687750769914,1.0877798412546202,1.5315269070277768,0.701057925403972,-0.3619726690292979,0.3045134450427331,-0.006497644470073061,-0.12967672726139418,0.11609964888620501,-0.06098133548162891,0.18466458831137678,-0.05214412576441348,0.1266631942238502,0.6246466956939548,0.1508117898320778,0.07153147256428698,0.022076875599256158,7.495179374604486
421.2,27.7,25.8,3.15,7.335,332.5,6.25,113.44,6.47,113005.25,3048.97,56.37,31.11,123.25,170899.0,632.6927383685123,17.070544762331334,178.61,74.6,52.48,33.02,11.832260392384752,1.0136065476243834,41.19,962714.0,23.22925734100645,37.059541398199215,39.71120126079434,40450.0,30441.0,14677.0,7.420621787035737,5.286083690348805,0.6079000575173069,0.2002013844757149,68.94,0.7584709194841951,2.2347115844557988,0.375324206058479,0.5233039968767358,-0.11973937806130101,-0.5386419374026202,0.45935995599798257,0.44503451396323146,1.820153515552713,-0.5426539779516558,0.28642337259370837,0.7574322841983908,-0.6236161844366385,0.2230383184268917,-1.8421772486157713,0.7721338719641789,-0.1861142306107402,0.08269178562952828,0.6547401024366265,-1.2564235118646563,1.8998298330686516,1.4858014878898393,0.22246568967976296,-0.3354255460753726,0.38710794794994063,-0.13550693105168954,-0.06430225506774134,-0.07090552185429248,-0.0998205204696085,0.31101323543582066,-0.1594923891515165,0.6921207686273073,0.7442560441446645,0.2320920611483356,0.17714826264496256,-0.001277538304566413,7.495179374604486
421.2,27.7,27.4,4.69,7.699999999999999,438.0,1.68,113.44,6.47,113005.25,3048.97,56.37,31.11,123.25,170899.0,632.6927383685123,17.070544762331334,178.61,74.6,52.48,33.02,11.832260392384752,1.0136065476243834,41.19,962714.0,23.22925734100645,37.059541398199215,39.71120126079434,40450.0,30441.0,14677.0,7.420621787035737,5.286083690348805,0.6079000575173069,0.2002013844757149,68.94,0.4637481792562175,2.9376088526196935,0.444388420183677,0.5475692290149164,-0.10270620837730049,-1.0837696508481167,-1.9007066090362301,0.2820996945351364,1.8605371046900594,-1.0211079102680864,0.44081378058413995,0.43588519678916776,-0.29671529979600253,0.6691513923066666,-2.2158384257229042,0.841523022261681,0.7721955633109125,0.07755281401798142,0.3246477842358097,-0.6496160534501542,1.1349610901309644,1.273551673907204,0.24535781091816414,-0.07674295329450002,0.27794502395981296,-0.033310622202698224,-0.07445181113085712,0.017621927411528276,-0.0608679350954481,0.16511774226557452,-0.09092899379320435,0.23617646032013004,0.5331191018157794,0.16930713359421737,0.09652060226925335,-0.04175369681188993,7.495179374604486
307.4,28.4,27.3,2.87,7.675,501.5,2.75,97.05,1.21,106381.0,2590.42,55.63,35.38,100.73,137331.0,610.4028000918064,14.863552903373884,174.27999999999997,73.07,53.35,21.39,11.545413701275482,1.3286396630675812,42.31,858592.0,16.673582357043852,41.11565010222189,42.21076754073426,42877.0,31410.0,15449.0,10.182451797210655,6.929020407132105,0.954641587443107,0.2674869382660009,92.11,0.08549318445904663,2.464394965218768,0.21857379764163254,0.578004734829689,-0.17109549150802203,-1.6648961826766995,-0.2157927292158516,0.5411603264339888,-0.6576796508504777,0.13387570856119654,0.08796354689480108,1.0670049556375791,-1.0044607916509263,-0.007376301155891237,-1.9849187181850239,0.1573986421214066,-0.3869159190847616,0.1143969958353167,0.3946112148770287,-0.6384128533365826,0.18160673920375595,1.6470932444945596,2.209020105371019,-0.17289911047089834,0.354482924886203,0.04224663515419991,0.04308625817764563,0.11993466224521399,-0.14793997065629827,0.050301659496035454,-0.05931069308271023,-0.16700587973813522,0.08104295139084572,0.10900699833252776,-0.01731277581265504,0.15523456375037015,7.495179374604486
331.5,28.3,26.8,2.28,7.7,1200.5,6.42,62.8682,0.7473,30465.0,544.0,23.7417,15.1611,35.7857,16160.0,391.6363496124131,6.993276684364113,77.789,31.907,28.226,8.037,12.555758966506351,0.9191379276851872,47.4,302484.0,8.8,57.3,33.9,63896.0,41068.0,18414.0,9.819277128486252,7.904115227830772,0.4381657992565056,0.2590222331408918,63.9,0.050841029772224454,0.8939122669515204,-0.050229483299578215,0.9301036607225736,-0.16817296373386234,2.2911986480812385,0.3517083288698144,-0.750280564421943,-0.5053763228852767,0.2562318884887887,-0.13827011700603178,-0.35101283327288324,0.3653395298709318,-0.0132073739861757,0.9454277910474532,0.3540806214468708,-0.1690787289997875,-0.13195373000305435,-0.33485460947539364,0.36665406260600614,-0.5115002197380333,1.7082491089609295,0.29755922108888627,-0.09791637630745138,-0.18240557565858295,-0.013952142331205822,0.14631171080865904,0.3958301532419865,0.15890037794907882,-0.034357658654529034,-0.13273328436344567,-0.0762443002553969,0.2824743509059772,0.49427561561421807,0.018098267067689317,0.0037778202386108037,7.495179374604486
114.4,28.8,28.6,2.3,7.42,419.0,4.52,53.8484,0.7,22791.0,176.0,19.9075,9.7003,26.1024,22316.0,289.4793664503182,2.235459983996139,78.731,30.36,17.926,5.442,12.707805206288954,0.8544099046087655,49.59,270490.0,11.8,40.1,56.9,45128.0,39616.0,17109.0,9.127778739156234,7.347487394884943,0.1563167286245353,0.2407812308070261,59.4,-0.09844317646270302,2.3483824928403676,1.3676842457447975,0.8393027997288541,-0.31286391035770106,-1.2383919646447368,0.1416895204669951,-0.7441945953519703,-0.2936781158616454,0.024383933665230912,0.040609744945153015,-0.06862512956800255,0.7832634108459268,0.46736577611028524,0.5110066896009569,0.1276729729950117,0.16705710111302333,-0.11328263467022552,-0.08797453604483348,0.6829351754315818,-0.34268799297822006,0.6622273262923896,-0.16501203307067056,0.07101847252730886,-0.48013985640369355,0.4770008215707884,0.5342845701612533,-0.41891951081886275,-0.41747944588772956,0.13668533716156783,0.5207518773568639,0.6845214425803473,0.5720845340615294,1.031790475839516,0.7120014398793378,0.19045823781324242,7.495179374604486
331.5,28.3,29.8,3.2350000000000003,7.47,628.5,8.35,62.8682,0.7473,30465.0,544.0,23.7417,15.1611,35.7857,16160.0,391.6363496124131,6.993276684364113,77.789,31.907,28.226,8.037,12.555758966506351,0.9191379276851872,47.4,302484.0,8.8,57.3,33.9,63896.0,41068.0,18414.0,9.819277128486252,7.904115227830772,0.4381657992565056,0.2590222331408918,63.9,0.03570698043797164,2.9032107265541947,1.4218897939027133,0.7865676032557775,-0.14616891885176306,-1.064654970379391,0.3179999823565593,-0.40216229242505525,-0.5606160678796005,0.2331407531071454,-0.05258636316711381,-0.30077637617941966,0.3891281611969073,-0.09927786241712348,0.6410349144774954,0.4620275648590177,-0.2135240996493181,-0.1362694209115581,-0.2295862881691814,0.27273220595282793,-0.47847689159757784,0.7181112211934914,0.057913888394056534,-0.004721056440612233,-0.04155120662762809,0.013262093168838565,0.35220516960796283,0.24038896448172928,0.07474558439726646,-0.03637170536831643,-0.01972164067672577,-0.18152495538815858,0.3412446953270896,0.17617083974337833,0.08371688329614695,-0.023501152899892297,7.495179374604486
16.0,3.3,7.0,12.265,8.295,1023.0,4.29,79.7603,1.3218,37783.0,436.0,32.0201,11.986,58.2589,19506.0,317.1284444481749,3.659529465087586,119.14099999999998,45.663,16.368,14.3018,22.549304697785008,0.6391463480032891,44.35,477241.0,11.4,37.1,51.5,71561.0,34380.0,21443.0,14.98400185022494,14.347792906389309,1.8324918038196647,0.2479057292855512,67.5,0.18468950328727565,-0.891148266099238,0.5046878488156167,-0.47030837258440455,-0.5402156731897655,2.984488710953544,0.09714787065323142,0.2016914866655135,-0.15166772829135866,0.04768628841886913,-0.013271820075654564,-0.05373037613656669,0.6166814600047654,0.08517149217465551,0.8663157715066335,0.7938173809705763,0.22681668319273748,-0.08182683516837037,-0.11170538566308101,1.2218325968971477,-0.05265267476245442,-0.6680543028400279,-0.6910062933914984,0.1680688158775835,0.22431799705295505,-0.04960115792152153,0.2324613786092962,0.17925645592234404,0.9335946690830558,0.6691495123645289,0.40717433734719316,0.7228992033726535,-0.9111371209185263,-0.10402065223548558,0.22374752514335952,0.05291563937750954,7.495179374604486
19.0,2.7,6.8,7.095,8.29,298.5,1.67,41.8,0.9984,37631.0,382.0,12.2266,9.8512,26.4183,120170.0,481.9852705731668,4.89273134806276,78.075,30.563,28.728,4.991,21.398798506227283,0.8755846807233554,35.03,369846.0,16.504901960784316,31.65686274509804,51.83823529411765,26213.0,35691.1,13158.53,16.539135979595088,17.556710821702243,1.1884593356762363,0.355470066518847,77.55,-0.11693582795676778,-0.494921949543835,-0.12122723173873971,0.11540339513303478,-0.17867069944157263,-0.6845625713405511,-0.6152111665318566,-0.7169932858409207,-0.08280054739521191,0.03304941174341362,-0.11610648463713012,-0.27599330134573397,0.13343040087182703,-0.2197766964960223,-0.737535870958042,-0.0996498337060135,-0.011298024771579847,-0.07746356732347827,-0.20222791704853685,0.07490228814587073,-0.22271247904825334,-0.8422570366765529,-0.39064812500107426,-0.20121444377058642,-0.10408834319057249,0.035850077770883136,-0.07141604862331109,-0.020342002465622486,-0.6335072746490672,-0.022087096038740196,-0.13020304416267506,0.018949792185837148,-0.5172195502143586,-0.02245812610800689,0.00674888382724024,0.023527061830003092,7.495179374604486
27.0,3.0,7.7,16.884999999999998,8.47,250.5,3.6,94.75,0.975,80886.0,573.0,36.035,30.6179,69.9425,59746.0,503.33227546810537,3.5656280919222656,160.701,59.489,57.403,13.697,44.04493523854282,0.7705005543685988,37.51,683165.0,24.81513784080998,29.71825110917296,45.46661105001707,37563.0,37438.88,16936.21,15.717915646179634,15.449625511761106,1.4422353381379165,0.3216419673452932,70.17,-0.08191420433363723,-0.574130544892008,-0.03905529116047543,-0.7911236536572687,-0.03746359101496633,-0.796021705258075,-0.16678647366759833,0.006307915342816453,-0.23114414712414155,-0.12296312412460485,-0.034784732751625975,-0.08841381744132377,-0.514842602373392,-0.021094152789931642,-0.2144102708275507,0.12239995728925958,-0.003400739093582764,0.013281014891884615,-0.0620137922999372,-0.5677794280444505,-0.060057835552336986,-1.8390425646145985,-0.514473177101269,-0.209683300331623,0.09430069812864537,0.020022160177274286,-0.052337173474952585,0.04016465696253981,-0.19432833981545028,-0.02789621153409839,-0.023224067984071246,0.04349749760876872,-0.41528477099297256,-0.08091059311642308,-0.005117829204342966,-0.04981069068831861,7.495179374604486
11.0,2.5,7.4,13.59,8.344999999999999,1163.5,5.85,86.2176,3.9735,25523.0,815.0,31.1163,21.4397,17.1606,5383.0,209.2032032524324,6.680273112515471,122.001,42.695,30.889,6.378066666666666,23.09060459820272,0.495701072671828,46.74,578032.0,13.2,34.4,52.4,70896.0,35317.0,22722.0,12.79694947845151,11.127680470035047,1.418914034866713,0.2008954576580689,54.7,0.11782153895512837,-1.0603199974866586,0.6422889377009898,-0.3127061998324159,-0.2804685194937821,3.0024092933337667,0.391088835611396,0.8031012053562638,1.6566395104509626,0.29270731661158295,0.11250103093955353,-0.22333493956985562,0.3253373985749204,-0.19970754984688666,1.2053314161630506,1.6454853509300544,-0.0142722885617211,0.0033217549417168626,-0.2898068448753716,0.8150001539322936,-0.017713410278471953,-0.8891852548404131,-2.0204169187941203,-0.14679355010079853,0.8326948665020365,0.05243011805539333,-0.05802134329763553,-0.0005598586176832621,0.5505810804451662,0.04707307919083784,0.06462411666560619,0.29337568665117325,-0.06573290392911686,0.08768593025471404,0.007871977006240463,-0.4208463918875592,7.495179374604486
16.0,3.1,7.2,14.875,8.575,875.5,4.67,113.44,6.47,113005.25,3048.97,56.37,31.11,123.25,170899.0,632.6927383685123,17.070544762331334,178.61,74.6,52.48,33.02,11.832260392384752,1.0136065476243834,41.19,962714.0,23.22925734100645,37.059541398199215,39.71120126079434,40450.0,30441.0,14677.0,7.420621787035737,5.286083690348805,0.6079000575173069,0.2002013844757149,68.94,-0.009145861298699801,-1.2341914355040837,0.323338462622293,0.3271123282630772,1.3206077673519032,-0.6915064595827909,-0.08561343488943145,1.1608150537242177,1.0075253014918417,-0.5906144739248945,0.30049019240813024,0.6854663043337254,-0.6242734972263377,0.2939258690288988,-3.00810460052744,0.7338234327966348,-0.3544811855054771,0.11093548632479115,0.5640669581911059,-0.714260125658475,0.7881714159591745,1.1270616496447474,0.3121852677707406,-0.25039376975658006,0.1346591307090904,-0.046571084219419,0.02233757676711932,0.1037040573327489,-0.19615755305276258,0.08781209989683704,-0.030592873615678546,-0.14902886230847803,0.5164940911364587,0.31118748015452496,0.028005591315838352,0.02532890159714335,7.495179374604486
16.0,3.1,6.1,14.785,8.375,1078.5,3.85,113.44,6.47,113005.25,3048.97,56.37,31.11,123.25,170899.0,632.6927383685123,17.070544762331334,178.61,74.6,52.48,33.02,11.832260392384752,1.0136065476243834,41.19,962714.0,23.22925734100645,37.059541398199215,39.71120126079434,40450.0,30441.0,14677.0,7.420621787035737,5.286083690348805,0.6079000575173069,0.2002013844757149,68.94,0.019778008323628377,-0.987488202409974,0.37073782741945843,-0.23047079941354853,-0.07785817641260417,3.1865458352351563,-0.27049145812731396,1.2476157266776617,3.0883370314813994,-0.41490248773964894,-0.026565135795002155,1.0803692656297545,-0.6941162496238636,0.2240937645799326,-3.561544060495217,0.7273675372599006,-0.2708951399366683,0.22676902267655052,0.4944712601260591,-0.6368865792515376,1.2979405571966585,1.5471695183139917,0.7408979871271487,-0.2609551647740105,0.3587606492623067,0.14447583718691015,0.056125114851165746,0.15528810851857985,-0.17428240731824185,0.16729591388565804,-0.1344001687061974,-0.10509491833547772,0.7640621293250782,0.34959793075841555,-1.591980534922562e-05,-0.055191904914875835,7.495179374604486
16.0,3.1,6.2,14.31,8.56,1012.0,5.54,113.44,6.47,113005.25,3048.97,56.37,31.11,123.25,170899.0,632.6927383685123,17.070544762331334,178.61,74.6,52.48,33.02,11.832260392384752,1.0136065476243834,41.19,962714.0,23.22925734100645,37.059541398199215,39.71120126079434,40450.0,30441.0,14677.0,7.420621787035737,5.286083690348805,0.6079000575173069,0.2002013844757149,68.94,0.06158060513708419,-1.07714395624275,0.9061901795522624,0.42932933699688863,2.269211647569706,4.098002075986005,0.6523632285697386,0.9158662180090321,1.3439670576419058,-0.3032493546562427,0.8778432326678499,1.1524889214038074,-1.0642874783847949,0.6015628118882884,-3.829053262324693,1.3695444605608158,-0.5025808989574825,0.06716079457857031,0.7273947726325908,-0.6670373243506763,1.4906486972477675,1.5638835836570555,-0.08148121360301348,-0.22971725331658166,0.5022058086981995,-0.03703693093421553,0.004212266157070932,0.15319208096635217,-0.1915482147362005,0.03602626942020507,-0.11308239360339956,-0.09844912340127265,0.657075638715954,0.3640601056891802,0.11793093967057451,0.01650210300848502,7.495179374604486
21.0,3.6,6.0,11.239999999999998,8.254999999999999,1068.5,5.37,97.05,1.21,106381.0,2590.42,55.63,35.38,100.73,137331.0,610.4028000918064,14.863552903373884,174.27999999999997,73.07,53.35,21.39,11.545413701275482,1.3286396630675812,42.31,858592.0,16.673582357043852,41.11565010222189,42.21076754073426,42877.0,31410.0,15449.0,10.182451797210655,6.929020407132105,0.954641587443107,0.2674869382660009,92.11,-0.012548307829226002,-0.8724609539886782,0.8556173079425934,0.37940860130940574,-0.5075375969413047,2.9444974974864935,0.4101034693388888,1.0171225759615965,0.18765804020416324,0.34097414859027314,-0.008008909590231964,1.2634179472880591,-0.9545611219954054,0.20160208084504105,-2.97326762271463,0.7195638683969933,-0.826071348313708,0.43454822752741146,0.735040893110369,-0.5351560790475923,0.6458057093014941,1.6656702743420224,2.3454591598241437,-0.3281282085692512,0.4235139350565924,0.11111851403877782,0.10318716398750753,0.085048085884967,-0.11033789931253239,0.019298831591537818,-0.13089259058663935,-0.20498108666234938,0.22477041541365886,0.2687894390919246,0.15238798504695306,0.152711232039534,7.495179374604486
22.0,3.1,9.8,13.489999999999998,8.15,2355.0,17.85,62.8682,0.7473,30465.0,544.0,23.7417,15.1611,35.7857,16160.0,391.6363496124131,6.993276684364113,77.789,31.907,28.226,8.037,12.555758966506351,0.9191379276851872,47.4,302484.0,8.8,57.3,33.9,63896.0,41068.0,18414.0,9.819277128486252,7.904115227830772,0.4381657992565056,0.2590222331408918,63.9,-0.10205396430489301,-0.7881084095562497,-0.8657534160291349,-0.14867436273760776,-0.34937277921960547,-4.473248891280964,0.09786557027633531,-0.31038725584900634,-0.3527034029492642,0.011963532859420789,-0.03004173969248465,-0.43825858139491175,0.11019225641910453,-0.025269703171604013,0.5076441808853996,-0.48407260381189793,0.020327948038078355,-0.07081547233431286,-0.18430844277143466,0.05168865588416031,-0.08917199831688767,0.18204700706332613,-0.01627123838135361,-0.08092612582220081,-0.03384311878588059,-0.04601759321114523,0.19027693991238862,0.18352830568250902,0.07166917188907969,-0.0020801260549343724,-0.020917475041933448,-0.24531563611119056,0.15700533396331584,0.13058949497373143,0.01312327932023139,-0.05204331524107451,7.495179374604486
26.0,4.3,7.6,10.23,8.135000000000002,1123.5,5.73,53.8484,0.7,22791.0,176.0,19.9075,9.7003,26.1024,22316.0,289.4793664503182,2.235459983996139,78.731,30.36,17.926,5.442,12.707805206288954,0.8544099046087655,49.59,270490.0,11.8,40.1,56.9,45128.0,39616.0,17109.0,9.127778739156234,7.347487394884943,0.1563167286245353,0.2407812308070261,59.4,0.13250447187378678,-0.8772839992202351,0.6214476662975116,0.6628571992984507,-0.5946740217281815,2.7103326047320544,0.5052753203657145,-0.6084529279381966,-0.32192793658391244,0.1728934067018174,-0.017616313090548046,-0.45115348369271174,1.2763107819443882,0.35051779368698294,0.6623001050172995,0.3923138646439959,0.1203057067061309,-0.10597047128442998,-0.43623924300967126,0.7488218391942792,-0.2546553985743474,1.2912553011513468,0.07903253596586486,0.6408841273545597,-0.436493954253383,0.4825606833266404,0.661742737503567,-0.3926550149091055,-0.3986784724173292,0.05649447617547876,0.35588304328266523,1.1219944157164232,0.9630371670145538,1.0748267345060594,0.5487031860634065,-0.7502833070357638,7.495179374604486
22.0,3.1,7.0,13.89,8.46,1088.5,5.42,62.8682,0.7473,30465.0,544.0,23.7417,15.1611,35.7857,16160.0,391.6363496124131,6.993276684364113,77.789,31.907,28.226,8.037,12.555758966506351,0.9191379276851872,47.4,302484.0,8.8,57.3,33.9,63896.0,41068.0,18414.0,9.819277128486252,7.904115227830772,0.4381657992565056,0.2590222331408918,63.9,0.2529217584306991,-0.7189564866529934,0.8147205123697252,-0.417431855025546,0.13021178638407313,3.58078002901321,0.35400868639117117,-0.5755166215946276,-0.13503136346349462,0.4156262939489292,-0.006754551979247347,-0.46547197510216703,0.4879059018450788,-0.01486382208686939,0.9305399901547936,0.6443915562172575,-0.19035726245686724,-0.13829163859559532,-0.38315449615552427,0.5901348212233275,-0.561787978311768,1.5178858399697732,0.18820779136498453,0.010639268715555428,-0.1363658202470591,-0.03493052529791988,0.4461364333285022,0.5276682917828053,0.14094711767975246,-0.1882287922978866,-0.009666996448456144,-0.22590558708024533,0.8716362908366136,0.7037292780401184,0.04877012705430417,0.018675035428411018,7.495179374604486
13.0,19.4,16.5,10.405,8.09,1208.0,1.99,79.7603,1.3218,37783.0,436.0,32.0201,11.986,58.2589,19506.0,317.1284444481749,3.659529465087586,119.14099999999998,45.663,16.368,14.3018,22.549304697785008,0.6391463480032891,44.35,477241.0,11.4,37.1,51.5,71561.0,34380.0,21443.0,14.98400185022494,14.347792906389309,1.8324918038196647,0.2479057292855512,67.5,0.05968644502145857,-0.7266323840435751,-0.5029576234496198,0.3604530506959418,-0.4168711479908476,-2.1893215279428597,-0.16811655031129083,-0.4510946877580136,-0.0581785312834352,0.13100846499941934,0.007409435917700861,-0.32057741373855003,0.4441231779156562,-0.16197719636295604,0.45367461680279425,0.655172333070271,0.12863517396152002,0.024386786648537846,-0.41682431705839296,0.5174072932254057,0.1188597668334842,-0.1596291754262832,-0.6286407100017336,-0.05918418413687806,0.07822926005659005,0.004856352649318644,-0.06853414501412763,-0.045990229409653825,0.3355726211789685,0.04104362308668593,0.042507012476368344,0.2690169467769253,-0.40038539909990506,-0.008124607681141446,0.030706293852223603,0.01788443734908159,7.495179374604486
7.0,19.3,14.7,10.465,8.129999999999999,374.0,2.67,41.8,0.9984,37631.0,382.0,12.2266,9.8512,26.4183,120170.0,481.9852705731668,4.89273134806276,78.075,30.563,28.728,4.991,21.398798506227283,0.8755846807233554,35.03,369846.0,16.504901960784316,31.65686274509804,51.83823529411765,26213.0,35691.1,13158.53,16.539135979595088,17.556710821702243,1.1884593356762363,0.355470066518847,77.55,-0.09733736677308724,-0.5080895486699106,-0.7266691817654646,0.1546684200064434,-0.16278950758928357,-0.9336687124927994,-0.06608975748822556,-0.8106268794489249,-0.17967845988925554,0.04150056889610518,-0.10820600426484223,-0.27595599391866327,0.12247679868810028,-0.1526727354716665,-0.5764175552721523,-0.7151807734766044,-0.04128853676064561,-0.05265240452873209,-0.12591981043068998,0.055444077722301345,-0.22930504738974078,-0.35094698554952636,-0.12239410187758036,-0.3499644815805369,-0.07117029319905366,0.014972716505678144,-0.10157723774823045,-0.0591410769037126,-0.36394465168724616,-0.006351084592364109,-0.06935847626242318,0.04938894497230643,-0.6951139384397539,-0.008566156992843991,-0.030498124806908843,0.06522057106369165,7.495179374604486
33.0,18.7,14.9,12.5,8.42,506.0,2.95,94.75,0.975,80886.0,573.0,36.035,30.6179,69.9425,59746.0,503.33227546810537,3.5656280919222656,160.701,59.489,57.403,13.697,44.04493523854282,0.7705005543685988,37.51,683165.0,24.81513784080998,29.71825110917296,45.46661105001707,37563.0,37438.88,16936.21,15.717915646179634,15.449625511761106,1.4422353381379165,0.3216419673452932,70.17,-0.2808413352246863,-0.48224919125360105,-0.7009929486026523,-0.15309594077203661,-0.00978523487147553,-1.3579365142349464,-0.03566243685471517,0.07943632445104105,-0.07611352849266646,-0.18195603336168767,-0.06053793691331524,-0.33152521314390465,-0.2339321596107524,-0.2508978120681907,-0.042462671696460695,-0.10246886348720491,-0.04360175053530837,-0.0068869747607580535,-0.06284732667069581,-0.26420770453211534,-0.08656862821012806,-1.9035576344349343,-0.20984762388601666,-0.13950899238998934,0.0703011825700135,0.05679909346091633,-0.0562560567940818,0.03656527281525395,-0.25599512976613675,-0.023249782943748885,-0.02240764617066204,0.11882240746286694,-0.29463304096464227,-0.08539980815723529,-0.03053303159501715,-0.061987521247356285,7.495179374604486
9.0,19.2,23.6,14.19,8.595,1340.0,1.97,86.2176,3.9735,25523.0,815.0,31.1163,21.4397,17.1606,5383.0,209.2032032524324,6.680273112515471,122.001,42.695,30.889,6.378066666666666,23.09060459820272,0.495701072671828,46.74,578032.0,13.2,34.4,52.4,70896.0,35317.0,22722.0,12.79694947845151,11.127680470035047,1.418914034866713,0.2008954576580689,54.7,0.15996924947792057,-0.6511813602416078,-0.1592628118353119,0.131164312979672,1.0874548760314549,-3.470154871851749,-0.19432100450852893,0.9385002885758876,1.2152403814504698,0.15628449485404416,0.007358806095435415,0.21944119217727956,0.3446743359777609,0.5343960940178175,0.9869419035272827,0.5829242110050593,0.2831603751746782,0.007102194398952165,0.07040063773475903,0.15584217598002081,0.08034456457554662,0.26042325556666285,-1.2103990132598363,-0.005881692802067841,0.3992000707518309,0.05646101945972387,-0.07107286452509774,0.041279179944346406,0.38021926975498577,0.04406030822778115,0.007239668396456715,0.1452471656693768,-0.0879180658061522,0.16513060256217907,0.05328169925642825,-0.1872343950410141,7.495179374604486
25.0,18.4,22.0,13.445,8.2,893.0,1.65,113.44,6.47,113005.25,3048.97,56.37,31.11,123.25,170899.0,632.6927383685123,17.070544762331334,178.61,74.6,52.48,33.02,11.832260392384752,1.0136065476243834,41.19,962714.0,23.22925734100645,37.059541398199215,39.71120126079434,40450.0,30441.0,14677.0,7.420621787035737,5.286083690348805,0.6079000575173069,0.2002013844757149,68.94,-0.050208226743464736,-0.8715178417383384,-0.0473620932504612,-0.2569482782760559,-0.3552002745278879,-0.6473969534101586,-1.0811172977900907,0.6237587340226551,1.013750291315179,-0.5675608447477377,-0.05789107034429127,0.7576747339502132,-0.25874514478375193,-0.008275223867967843,-1.5825984164307008,0.08761640786950002,-0.22481652111707573,0.07842337257228797,0.49009092099925816,-0.603037051826056,0.533245034290594,0.7558995417734452,0.17497543005738406,-0.14504728824598717,0.33052283991118514,0.048007550246548035,0.001994427954778074,0.12016211849598517,-0.2305700531388479,0.20365228629360602,-0.09050531158068541,0.032817779298638904,0.4345342310950704,0.1373340811797729,-0.012532786102771384,-0.06402234138106001,7.495179374604486
25.0,18.4,19.4,11.865,8.155000000000001,796.0,3.64,113.44,6.47,113005.25,3048.97,56.37,31.11,123.25,170899.0,632.6927383685123,17.070544762331334,178.61,74.6,52.48,33.02,11.832260392384752,1.0136065476243834,41.19,962714.0,23.22925734100645,37.059541398199215,39.71120126079434,40450.0,30441.0,14677.0,7.420621787035737,5.286083690348805,0.6079000575173069,0.2002013844757149,68.94,-0.041609562064598704,-0.7870013944519453,-0.5785501228728877,-0.1824307547678473,-0.35772969491779816,-0.6410874159090841,-0.17958884586056226,1.2464183864044023,1.3943344797741155,-0.38830304248530095,-0.01254862396376355,0.596991246783873,-0.48261767695890745,-0.006747320121891498,-1.7870321715316582,0.45270716143170514,-0.3265521522927642,0.038203316883494376,0.36894879178066425,-0.8762208430368142,0.13385300186346263,0.6577561695710756,0.3149891048642652,-0.059811788135363454,0.31096754527107506,0.03914221373386697,-0.06702199011924688,0.18382860184336702,-0.204141223434514,0.07537034625536754,-0.1346521504176781,-0.07928685728848606,0.2916514608977983,0.0953809058883539,-0.0005028429293694922,0.01787837861804305,7.495179374604486
25.0,18.4,19.2,10.445,8.440000000000001,1120.5,3.21,113.44,6.47,113005.25,3048.97,56.37,31.11,123.25,170899.0,632.6927383685123,17.070544762331334,178.61,74.6,52.48,33.02,11.832260392384752,1.0136065476243834,41.19,962714.0,23.22925734100645,37.059541398199215,39.71120126079434,40450.0,30441.0,14677.0,7.420621787035737,5.286083690348805,0.6079000575173069,0.2002013844757149,68.94,-0.025850102061327946,-0.5369894558408609,-0.27642414574162094,0.30846910269445893,0.12957094274344857,4.6451996215559,-0.18053291328629695,1.2904738977599968,2.940106505520719,-0.8631069434911476,0.16653890118177492,0.36796349379854876,-0.6188730015504794,0.020256189353919152,-2.394815545749346,0.6736444338864143,0.07971891107930178,0.3616560991352889,0.649639577699127,-1.0877036630843453,1.0202581830916462,1.3150802779678876,0.40345552593586026,-0.18436608077026903,0.44964086547959564,0.10175031236722137,0.053485645718562104,0.23815311553228333,-0.1965529919570936,0.15008840100878554,-0.13357901256221036,-0.1109902353080301,0.615981988031805,0.24071083801274654,0.04554223375084513,-0.07458668195681302,7.495179374604486
46.0,19.0,18.4,7.425000000000001,8.035,1133.5,1.85,97.05,1.21,106381.0,2590.42,55.63,35.38,100.73,137331.0,610.4028000918064,14.863552903373884,174.27999999999997,73.07,53.35,21.39,11.545413701275482,1.3286396630675812,42.31,858592.0,16.673582357043852,41.11565010222189,42.21076754073426,42877.0,31410.0,15449.0,10.182451797210655,6.929020407132105,0.954641587443107,0.2674869382660009,92.11,-0.25483578931889483,-0.47875361908072006,-0.32584213210929497,0.25293134202016515,-0.40009100860644436,2.3133947658880305,-0.2022718005330534,0.9985366182685053,-0.29161008862099463,1.0108115738094785,0.11751593264518312,1.3846962765866193,-0.6626492007323154,-0.1419784459118576,-2.2463287634466544,1.0855583199575387,-0.07775957460922674,0.07273123557679351,0.5316370333917438,-1.0160768806294074,0.5546574943128508,1.0305744420884488,1.979082410141709,-0.2609832726973885,0.34893210975201,0.030199030160438012,0.033280963693590314,0.06071339783452764,-0.147608101022585,0.05649535869248212,-0.05655967618882044,-0.1262863505914963,0.14336354667747706,0.1163625796670869,-0.014679630117025185,0.1877858412521893,7.495179374604486
19.0,18.6,21.0,12.24,8.32,2660.0,12.6,62.8682,0.7473,30465.0,544.0,23.7417,15.1611,35.7857,16160.0,391.6363496124131,6.993276684364113,77.789,31.907,28.226,8.037,12.555758966506351,0.9191379276851872,47.4,302484.0,8.8,57.3,33.9,63896.0,41068.0,18414.0,9.819277128486252,7.904115227830772,0.4381657992565056,0.2590222331408918,63.9,0.30667686167095476,-0.5366517437063156,-0.4160063383596329,-0.22328830275180142,0.0689421273108262,-4.521045600905394,0.12599409621519342,-0.551664653728949,-0.36057619532686663,0.0336869227921126,0.11691265465245436,-0.15162850385919824,0.025962728369825782,0.19589179030852377,0.3620223593574094,-0.4819895389134761,0.02179750128493957,-0.10262560410774324,-0.330880752839148,0.09643989796556209,0.057124963323585694,0.37063370826421305,-0.2889325771764077,-0.0019454551752035587,-0.04261879339348534,-0.0007482933741994232,0.1670366625565414,0.19497003818396483,0.08274253071072356,-0.01737340037284099,-0.05740224662935366,-0.1875805915263482,0.22848749574040994,0.05860019100752343,-0.02873480173021874,-0.06313296436875429,7.495179374604486
16.0,20.0,18.5,8.765,8.075,1162.5,2.44,53.8484,0.7,22791.0,176.0,19.9075,9.7003,26.1024,22316.0,289.4793664503182,2.235459983996139,78.731,30.36,17.926,5.442,12.707805206288954,0.8544099046087655,49.59,270490.0,11.8,40.1,56.9,45128.0,39616.0,17109.0,9.127778739156234,7.347487394884943,0.1563167286245353,0.2407812308070261,59.4,0.07231900953299686,-0.290636556796186,-0.22880716227615885,0.4832422861992382,-0.593113192554641,3.1309666639733282,-0.12231661323186331,-0.8435266138838294,-0.4478564701869618,0.21187389898657172,0.04026608367683374,-0.5310003458685241,1.0142252396516658,0.7041452372578595,0.1607458321858819,0.13585214163681178,0.4097593995148782,-0.13826577198381243,-0.10249857662090407,1.1927151559068199,0.03702771664519481,0.8972966788736327,0.07923128568722548,0.6015987120910239,-0.17402451327264604,0.555575464339151,0.5754414057110747,-0.5509837042749861,-0.21144293243725154,0.19042710758202405,0.19253787131359157,0.3680980194360015,1.2378821953882773,0.709061143461537,0.502183019766817,-0.40951790653906445,7.495179374604486
19.0,18.6,23.8,17.225,8.89,1229.0,3.98,62.8682,0.7473,30465.0,544.0,23.7417,15.1611,35.7857,16160.0,391.6363496124131,6.993276684364113,77.789,31.907,28.226,8.037,12.555758966506351,0.9191379276851872,47.4,302484.0,8.8,57.3,33.9,63896.0,41068.0,18414.0,9.819277128486252,7.904115227830772,0.4381657992565056,0.2590222331408918,63.9,-0.020277023061838297,-0.4511331774798845,-0.11834965635711948,-1.1074280693219045,-2.3189002935376872,-2.120657253910322,-0.2383742969632537,-0.17777927099688282,-0.016103492146357867,0.09812102085871932,-0.11389493327102779,-0.11189039127202703,0.020907204047155837,0.004062495655380148,0.06378651396914699,-0.004246623485814807,-0.15080960440177774,-0.054545013035725155,-0.21583753408456685,-0.004422045853377049,-0.1809904090751661,-0.07655819190355649,-0.2349476445664187,-0.06940226756657164,-0.026415328159734283,0.009267223513064296,0.07372984826700606,0.0827048463149306,-0.043144775898157094,-0.02352815012059481,-0.003760324093551981,-0.05253237370052369,0.07221322370499071,0.07138360679304852,0.01853332879254588,-0.04543891693154975,7.495179374604486
406.5,28.1,31.4,10.41,8.215,628.5,1.83,1.2429,0.0576,178.0,2.865339918651946,0.0803,0.0452,0.0112959999999999,74.0,635.7142857142857,10.233356852328376,0.28,0.14,0.08,0.0,0.1127832756406402,0.0717922868966855,97.4,2310.438051510152,0.0183640280367156,11.209851980137037,88.77178399182625,126700.0,55075.29,33831.22,30.733895233898767,1.0251391827949203,4.746573554900874,1.0265837231057064,162.4,0.35609678167151265,1.701639761905729,0.7833992759545798,0.2450974998367018,-0.25622989489968573,-0.5281603463744977,-0.07765704126524127,-0.10767417913884846,-0.4338068447921735,0.7151734269534548,-0.2707128174090759,-0.4711432423978114,0.9367226427611121,-0.4863333864661398,0.6571682854532266,-0.7388015982939397,0.17075618407300988,-0.37656212374218745,-0.8944141818396746,1.1658454785721066,-0.82536737179112,2.1460039790661543,-2.227850975371742,0.44961648958929185,-0.4338811002563064,-0.11236145326596059,-0.2997255818538056,-0.4587304988709123,0.46949578605825076,-0.22833954016872057,0.0001644471229518829,0.10874776207221044,1.0418982904369478,-0.7168291877646699,-0.6695671378060554,0.17377231772717394,7.495179374604486
180.9,27.2,28.5,8.655000000000001,7.98,661.0,3.54,66.2474,1.0595,34376.0,483.0,28.7012,25.1718,28.6734,5797.0,379.3590535887702,5.33018451487596,90.616,40.315,35.368,6.809466666666666,17.150500621066524,0.5104117114683594,57.69,245093.0,4.046117032847509,70.70339991554594,25.250483051606547,87265.0,36610.0,23148.0,20.47279770573432,11.45791031431516,5.074354330870425,0.2603928326866012,70.9,0.029774843744235262,2.1244583910843358,0.8606590191123544,0.3284750780300237,-0.14486296050095304,-0.9068225431907919,0.013675146962826568,-0.31312781882239504,-0.2765613558271432,0.24693058621371158,-0.052017419404583154,-0.04782006051197359,-0.5985892672440969,0.2623134978422119,1.4340148172927243,0.9227487182128246,-0.04351966327677189,-0.062389223572487586,-0.09320765725880242,0.18262971508976367,0.12703362788811023,0.45281981482170525,-1.338642360609568,0.31324580000053787,-0.2855593171455743,0.04008139872224988,0.32152997429831887,0.22108102430162635,0.7780464471127683,-0.021170261291942327,0.18814300889149316,0.6302239028915452,-0.27618697033942835,-0.8104105962927376,0.1422249617916533,-0.0032094281368581314,7.495179374604486
320.3,27.8,30.9,11.565,8.120000000000001,499.5,4.39,79.7603,1.3218,37783.0,436.0,32.0201,11.986,58.2589,19506.0,317.1284444481749,3.659529465087586,119.14099999999998,45.663,16.368,14.3018,22.549304697785008,0.6391463480032891,44.35,477241.0,11.4,37.1,51.5,71561.0,34380.0,21443.0,14.98400185022494,14.347792906389309,1.8324918038196647,0.2479057292855512,67.5,0.34569382514872515,3.675409443056754,1.142303867157122,-0.34618695860107723,-0.40146004711821054,-1.2075146115668272,0.09110291192327465,-0.10169648555146223,-0.18510395686374995,0.04508341137843649,-0.019359831117326327,-0.1991357068903744,0.816901167515122,0.001525250121485448,0.8039823474804869,0.5909947158349674,0.11079618008652088,-0.013749979672332527,-0.24957864366200141,0.9696090277042823,0.26635984915075833,-0.3599758658109929,-0.5426736351242291,-0.33248336596686073,0.5678399519482626,-0.006615831383969613,0.19835892683981593,-0.15954125622287396,1.3390983399011505,0.4950038384335737,0.219654232750181,0.7914275473249534,-0.6884273962455336,-0.3175681196871059,0.4548590675011899,0.2845382264143943,7.495179374604486
324.2,27.7,28.9,7.24,7.75,337.0,3.7,65.48,1.159547297297297,35404.0,628.0,32.7396,23.8933,28.3358,18135.0,353.61566120655215,6.272473032361166,100.12,42.91,32.89,6.89,21.692116085648387,0.4183057432432432,45.82,494396.0,16.2,34.7,49.1,52830.0,29483.6,14569.4,30.782770270270262,13.408445945945948,0.4610408828493061,0.2022597972972973,44.72,0.18190301715784396,1.114204637714429,0.5861383344737503,0.13449959946233636,-0.23551011954278997,-0.8732298567153824,-0.09265562570964309,-0.7213312833177041,-0.3202821072113389,-0.05745296842030558,0.07919812462612752,-0.08724785158876329,-0.6069895153236575,0.3442607561320376,0.42878486171908053,-0.2960438812163194,0.04693263603917645,-0.03637172614340669,-0.1488110749093659,-0.055182855670185105,-0.2701645555455858,-0.3067829281980328,-1.7626589727281436,-0.03859561073128139,-0.03551377002305043,0.08670967576520831,-0.1584515037042244,-0.0873500474720884,-0.05614093157074731,0.09912575638232123,-0.11592949273219955,-0.4769175463278467,-0.5315681833789373,0.11356754393394407,-0.1391129506728611,-0.711272534901509,7.495179374604486
324.2,27.7,29.0,11.84,8.535,603.0,4.31,65.48,1.159547297297297,35404.0,628.0,32.7396,23.8933,28.3358,18135.0,353.61566120655215,6.272473032361166,100.12,42.91,32.89,6.89,21.692116085648387,0.4183057432432432,45.82,494396.0,16.2,34.7,49.1,52830.0,29483.6,14569.4,30.782770270270262,13.408445945945948,0.4610408828493061,0.2022597972972973,44.72,-0.024020536533013597,1.323148064566388,0.7947159852549279,-0.2865748060063925,0.8766950570407789,-0.8510619209470073,0.02102474418623997,-0.10170239691777765,-0.3434838570739764,0.03693492293901124,-0.12336859692897027,-0.1086351717841657,-0.4207496115732161,0.04299900277440113,0.2849877357902004,0.21729999502732733,-0.08562892983240711,0.09151479325024402,-0.2171983483786849,-0.047326994079824845,-0.1323540531172572,-1.12008354862531,-1.3635405345478409,-0.14872418740919482,-0.09002809763459176,0.02217848317775271,-0.17020475288096348,-0.2237926431745292,0.028317153668030986,0.2679185107171846,-0.15692469486889135,-0.18791688180644997,-0.5624706282342472,0.08647731982986438,-0.10907380544037254,-0.7127728148010403,7.495179374604486
233.8,27.8,29.1,3.65,7.705,454.5,3.68,107.34,6.28,66001.9,1675.31,49.3,18.28,103.68,17174.4,435.2825957923893,11.048671107300668,151.63,65.22,31.43,27.37,10.04493389674318,0.8095851014325984,41.74,774172.0,21.96364940618549,42.590832655196046,35.44551793861847,49137.0,30324.0,14574.0,6.059303494414041,4.22208657852724,0.6829462442173873,0.1613749773036768,55.57,1.2286696350485236,5.00991633565204,1.6377188144209016,0.7373081475961953,-0.10655407438675568,-1.2837458380858877,0.009570779197771792,0.31697013379423883,1.6946708830597348,0.16284989735422098,-0.37021677124430413,0.48082501345314094,0.4605278844817075,-0.27638142128397414,0.5030980370923258,-0.15878658943537935,-0.38619444422191024,-0.009467494629401255,0.19711787294479963,0.12725611381426763,0.15198744569284203,1.0859558853239284,-0.3174711106973698,-0.18588747703315064,0.5870821566317076,0.1744380100218892,0.12568354445975252,0.2762918678314114,-0.038083149316565125,0.13776192497617282,-0.07888910434829703,0.9892651893547738,1.6058482440863735,0.29357221157173613,-0.0718002486438493,-0.08755168365469834,7.495179374604486
307.4,28.4,27.6,3.465,7.49,659.0,2.58,97.05,1.21,106381.0,2590.42,55.63,35.38,100.73,137331.0,610.4028000918064,14.863552903373884,174.27999999999997,73.07,53.35,21.39,11.545413701275482,1.3286396630675812,42.31,858592.0,16.673582357043852,41.11565010222189,42.21076754073426,42877.0,31410.0,15449.0,10.182451797210655,6.929020407132105,0.954641587443107,0.2674869382660009,92.11,0.10769119680587498,1.9809052605015074,0.12703669055520242,0.5963401299004908,-0.1349761834538854,-1.1533637537287238,-0.1099916156583154,0.5131832140199063,-0.36830250661432135,-0.27271777258642615,-0.05630244885066845,0.9798249805330608,-1.7674201403418557,0.34572354925524756,-1.324902074872904,1.0904028839160067,-0.34873937050171655,0.07164873347617699,0.5688870497265209,-0.7431410116215315,0.4535982362184828,0.9287209518409023,1.6000304226767426,-0.14876467346369002,0.21448339231700334,0.02637618944359345,0.044591187698145775,0.07431243441533279,-0.09163951415723824,0.03615833596636847,-0.15203636745611834,-0.15484388915123418,0.07396781408227981,0.11994049836609817,0.07953472817627079,0.06440168301419687,7.495179374604486
115.2,28.8,29.4,2.42,7.52,524.0,8.27,60.6455,0.7705,18738.0,201.0,20.6519,13.225,27.4686,21790.0,236.6058463286824,2.5380390176147487,79.195,32.652,23.515,6.148,12.782698470895246,0.7724210753786316,47.21,209885.0,11.2,48.7,31.3,49780.0,37342.0,15884.0,8.251880779338212,6.642425473153561,0.2421040892193308,0.2176759611841297,53.7,-0.1408645659851999,3.7923001442748743,1.3594685770943762,0.6882906279239492,-0.16547212069388492,-1.2563309594154515,0.61047553705556,-0.23991822930363318,-0.5658965598683183,0.1004616415073785,0.04048680199775841,-0.31572854760064156,0.48056422883799915,0.32582045443472435,0.2995961264381185,0.30915930217093185,0.19776177041310206,-0.10298941485506179,-0.3852039590233472,0.508197839135925,-0.19470713167684148,0.8657301604018238,0.09876378396254364,0.09147828876040891,-0.11449194385592502,0.2867462208129775,0.2355893235067683,0.3516417974167658,-0.032122237288858844,-0.13943149176348626,-0.06980779506537753,-0.00425819404733685,0.6554071043827571,0.5544372202657786,0.2271171471899531,-0.14560133838094755,7.495179374604486
210.4,28.6,28.6,2.955,7.425000000000001,436.0,4.58,142.4267,0.98,46210.0,1116.0,70.9324,18.6665,46.0431,7546.0,207.0155004031897,4.999552011468507,223.22,96.741,33.206,13.388,36.02947095994996,1.9691703020360272,44.56,503654.0,12.3,40.9,46.8,38937.0,39286.0,17168.0,21.03691766650654,16.933855628952,0.4061223048327138,0.5549318265569341,136.9,0.46853832587638555,3.86783939233981,1.2354590933529346,0.6938889476067076,-0.09319121283362619,-1.4501814208664776,-0.06050064592311777,1.047766732768311,-0.20143945803089694,0.03742922580762124,0.07258477164742845,0.3090515893689976,0.056274028515908715,0.08186731395156432,0.2213543633154282,0.2228197354551716,0.07356446889539558,0.18881762838612012,0.37972704904930077,-0.01214553301067367,0.13585378697918093,-0.8142269784462406,1.5940526102859682,-0.1689536441978998,-0.07099855862169839,-0.007495926229360868,0.04744971417977162,-0.018665005248039972,-0.42902657990887166,-0.0008804511666918499,-0.03139300178736445,1.4875045586959459,-1.513478669982869,0.537312705448518,-0.48282795545955487,1.2875072319939502,7.495179374604486
354.1,28.0,27.4,2.175,7.355,445.5,5.34,78.86,1.51,42101.0,1310.02,57.39,30.39,103.24,45409.14,239.6050310170167,7.455580217403678,175.70999999999998,75.89,47.08,23.13,11.640145980325425,1.1288686636714582,52.2,686334.0,16.06716086336319,29.95130135865117,53.98150854710848,36106.0,32559.0,16815.0,12.881572327495135,5.887189901806822,0.6001059414337037,0.2742822855197458,94.45,0.7644586445515354,2.4078152218305817,-0.009124651046004129,0.48106670306801474,-0.2082394600085293,-1.6904253213786677,0.9107369292496393,-0.547107880897432,-0.41811157659782716,-0.04017777321316918,-0.2706779972347431,0.2859586553737366,-0.9882130685580583,-0.4436600635996244,-0.45789989547648774,-2.151724872395862,-0.1283213080450271,-0.04115629327832745,0.34654237531630033,-0.8360426000055546,-0.11162899150280299,0.3018923065043056,0.3754474122422593,0.029920676648616824,0.16072623791871585,-0.009441586362275692,-0.11526850947954988,0.008604579821694694,-0.26141857474809505,0.07454009550623586,-0.11774534446187324,-0.14643267972860494,0.21828771474577194,0.1433309766479457,0.04957586990126086,-0.12965331114207704,7.495179374604486
350.2,26.8,28.3,10.625,8.45,1078.5,2.18,97.153246,1.5051,22704.0,603.4405868680999,11.4219,8.4222,23.795409,18373.02,371.52675503190966,9.874661869875633,61.11,25.96,23.28,5.82,24.61494990856973,0.4775021872663257,65.5,193424.9506420834,3.786310606464182,52.02179642033601,44.19187938339238,90072.0,39502.4,26966.29,10.53622467854088,6.818367587891776,8.389512313189808,0.5234059869036483,82.8,0.01777910335959576,-0.3053623449713148,0.14575844500873544,0.4071829598001204,-0.011068093341309426,1.8318035922424556,-0.11644666079742194,0.028971649706751756,0.0158665208134335,0.1217634908447508,-0.13614965812729984,-0.7086795600856809,0.45915475938779604,-0.06479984137850499,0.4850548485464728,-0.05316465818633642,-0.005247258887781307,-0.1564867954755513,-0.37987265313936724,0.19378676485735916,-0.33770831634639764,-1.4416764798527584,-1.3765995367992823,0.1078670089614266,-0.4339646275636429,-0.0015153226947102194,0.017023981997432696,0.0020237976592035376,0.13873817349706455,-0.06713786660460762,-0.06551369509194045,0.06440036428781841,0.032515552995027765,-2.873094473211095,-0.33267420978595824,0.051438840513583294,7.495179374604486
3.0,3.8,7.9,14.545,8.375,982.5,8.57,1.2429,0.0576,178.0,2.865339918651946,0.0803,0.0452,0.0112959999999999,74.0,635.7142857142857,10.233356852328376,0.28,0.14,0.08,0.0,0.1127832756406402,0.0717922868966855,97.4,2310.438051510152,0.0183640280367156,11.209851980137037,88.77178399182625,126700.0,55075.29,33831.22,30.733895233898767,1.0251391827949203,4.746573554900874,1.0265837231057064,162.4,-0.8361513357570707,-0.5817906986400098,0.301676276148064,-0.2556226776152229,-0.0875278695032466,2.202977788579107,0.30066387215668017,-0.19534071799678118,-0.13121087259302533,0.8362701474087469,-0.15599286983837385,-1.0690892492972004,1.1837314702085375,-0.3961038378420443,0.6442064607240415,-0.4963760886799233,-0.015231292473617727,-0.3786859292432199,-0.4559221689263359,1.5742775625231056,-0.40026206451312957,2.4478881224982127,-1.5244357427749007,0.6162523128763617,-0.7821951534249821,-0.23755619204176281,-0.40912778037483816,-0.3801601233213054,0.4355398753176753,-0.3172211778101823,-0.0017326093744486533,0.12770243221273014,0.6675950326574579,-0.31002457506954656,-0.6774444740021135,0.9526071541795197,7.495179374604486
14.0,2.8,3.3,13.29,8.49,1280.0,4.44,66.2474,1.0595,34376.0,483.0,28.7012,25.1718,28.6734,5797.0,379.3590535887702,5.33018451487596,90.616,40.315,35.368,6.809466666666666,17.150500621066524,0.5104117114683594,57.69,245093.0,4.046117032847509,70.70339991554594,25.250483051606547,87265.0,36610.0,23148.0,20.47279770573432,11.45791031431516,5.074354330870425,0.2603928326866012,70.9,0.05533644004589105,-0.7228135943893964,-2.001709099144015,-0.1222476959760146,0.6020230876728117,-1.670144038013726,-0.03264579705079084,-0.1464062511618249,-0.07196132834341064,-0.013366850915287378,0.346072482675081,-0.024448216772094966,0.16845531419501633,0.19813025498471695,0.49190145499228194,0.5896843366433555,0.26829611974729534,0.07951140867313373,-0.1433807301975321,0.09080950321474417,0.06499104792679034,0.1862817612059493,-0.5475305717259957,0.15910925113906463,-0.11375329211043811,0.2235333452230163,0.15267416888692723,0.035659532118976794,0.5198228725410688,0.02558683801675223,0.14693490243245225,0.3701788146914138,-0.11317383393839316,-0.7156387363017225,-0.009452670272439753,-0.036355753084256655,7.495179374604486
16.0,3.3,7.2,9.945,8.370000000000001,809.0,4.39,79.7603,1.3218,37783.0,436.0,32.0201,11.986,58.2589,19506.0,317.1284444481749,3.659529465087586,119.14099999999998,45.663,16.368,14.3018,22.549304697785008,0.6391463480032891,44.35,477241.0,11.4,37.1,51.5,71561.0,34380.0,21443.0,14.98400185022494,14.347792906389309,1.8324918038196647,0.2479057292855512,67.5,0.051406480667647005,-1.202268941318616,0.16886608449160123,0.45249394485183686,0.0968141478032339,-0.9336101746951074,0.11167484622565098,0.3515441998179691,-0.11787566005562755,0.12135784686232616,-0.06179683105049979,0.2613262660091278,0.6822356655254648,0.053628782386270814,0.7008699224120937,0.07617218477612657,0.09461549748162108,-0.021956201901969823,-0.20746697839815176,0.7948545886750799,-0.02687308932033679,-0.48751921654795316,-0.8061798800582377,-0.2956928005461426,0.24467918428437171,0.04308115711668503,0.01587939623200015,-0.031179891431626545,0.8224373198991332,0.1433339706117597,0.08710719324803602,0.3635194039414636,-0.656757726985185,-0.04906370105920358,0.07615263700330006,0.07530002279439947,7.495179374604486
38.0,2.8,6.0,15.07,8.33,466.5,1.56,65.48,1.159547297297297,35404.0,628.0,32.7396,23.8933,28.3358,18135.0,353.61566120655215,6.272473032361166,100.12,42.91,32.89,6.89,21.692116085648387,0.4183057432432432,45.82,494396.0,16.2,34.7,49.1,52830.0,29483.6,14569.4,30.782770270270262,13.408445945945948,0.4610408828493061,0.2022597972972973,44.72,-0.23582998660645285,-0.7894692091156806,-0.21720509126171236,-0.1183821329136845,-0.08601757621120969,-1.0153471243501795,-0.5314246731862659,-0.29513179251051047,0.044373227489801825,0.11503525860840452,-0.1393843964262245,-0.24011997093019707,-0.32773481464362697,0.014885175170881448,0.08656584464304613,0.005682077700621374,-0.11731463097113488,-0.04009251555039853,0.0056217409212452885,-0.03848307202259701,-0.3660740266360032,-0.8189888787887564,-0.9922685141679056,-0.05872073133825333,-0.07353555634152147,0.007106842710248434,-0.06464209792097488,-0.06944838682034363,0.04306876860491079,0.03564211724481231,-0.09207166105528208,-0.4122792062528122,-0.3142668167488107,0.021844562221667668,-0.12290925197225695,-0.2902881404336464,7.495179374604486
38.0,2.8,7.6,13.955,8.295,825.5,1.9,65.48,1.159547297297297,35404.0,628.0,32.7396,23.8933,28.3358,18135.0,353.61566120655215,6.272473032361166,100.12,42.91,32.89,6.89,21.692116085648387,0.4183057432432432,45.82,494396.0,16.2,34.7,49.1,52830.0,29483.6,14569.4,30.782770270270262,13.408445945945948,0.4610408828493061,0.2022597972972973,44.72,-0.3101808427200497,-0.7404692518868251,-0.12709274255379574,-0.12366399239127839,-0.31443748219850626,-0.5318159637423621,-0.09776994264005523,-0.11924286417973533,-0.11222705631206431,0.018137408402593178,-0.20180847198857613,-0.29431727247108946,-0.24746618846140342,0.004732349536885995,0.14789038409013305,0.22031135657705217,-0.10142444251842493,-0.022272524822037714,-0.2835203458853844,-0.049191937642948096,-0.2850557473631732,-0.6510724900642527,-1.3214841860781112,-0.0729474217301079,0.10104823152224222,0.05744522528800498,-0.15879060520441265,-0.14285278520857295,-0.06346199793120227,0.09090566401059437,-0.11490657796151942,-0.32305602235486736,-0.38487469385222844,0.019686885466022944,-0.11252164208951092,-0.5190613201068482,7.495179374604486
9.0,3.0,7.4,15.845,8.64,1008.5,9.28,107.34,6.28,66001.9,1675.31,49.3,18.28,103.68,17174.4,435.2825957923893,11.048671107300668,151.63,65.22,31.43,27.37,10.04493389674318,0.8095851014325984,41.74,774172.0,21.96364940618549,42.590832655196046,35.44551793861847,49137.0,30324.0,14574.0,6.059303494414041,4.22208657852724,0.6829462442173873,0.1613749773036768,55.57,0.24003571318035613,-1.7229721282682535,1.1101413502466553,0.38721102822804837,2.6305384501675144,4.430010286318915,0.5249948325015915,0.3972852385579609,-0.12978904577864578,-0.055088966938200944,-0.5101307644632955,0.45021241730389483,-0.10978510877389147,0.08252626681700304,0.5438677688920873,-0.17384287877590374,-0.11329658191883911,-0.039896574447242004,0.04573073442055179,-0.05669508809301408,0.177007422495711,1.477007712863075,-0.39139853460209756,-0.3912401834471773,0.09055539181145537,-0.14804872425816354,0.1980083040536064,0.46399505077007547,-0.2680797267518938,0.040557511303728866,-0.20060393864056078,-0.09174185515691846,1.2628078443335837,0.5970282317430243,0.23251750087443135,-0.19035997912287694,7.495179374604486
21.0,3.6,7.6,14.59,8.475000000000001,1205.5,5.13,97.05,1.21,106381.0,2590.42,55.63,35.38,100.73,137331.0,610.4028000918064,14.863552903373884,174.27999999999997,73.07,53.35,21.39,11.545413701275482,1.3286396630675812,42.31,858592.0,16.673582357043852,41.11565010222189,42.21076754073426,42877.0,31410.0,15449.0,10.182451797210655,6.929020407132105,0.954641587443107,0.2674869382660009,92.11,0.06489566082096059,-0.5189358578292499,0.5354027641316256,-0.31394894063045903,-0.03923047632716294,1.6773916882354143,0.2796200375732345,1.0065661140795175,-0.479056573677032,-0.5349703597331726,-0.07752644848117281,2.1677985834927918,-1.821503592929415,0.33491226217243825,-2.502801387315849,0.0510743913704453,-0.24462487973272798,0.23417936068687892,1.1871959952358155,-0.5917037525650811,0.8608085411284506,2.4459752364041436,2.563258085442358,-0.33497091904010934,0.6169630382931791,0.050195086218106276,0.05560294881191422,0.11868541779307011,-0.10457473633733272,0.05657284030535562,-0.120807907283306,-0.033110627405112426,0.35112713038533294,0.26069339905632644,0.07218900764399809,0.1744039949130578,7.495179374604486
26.0,4.3,6.5,12.885000000000002,8.295,1150.5,9.9,60.6455,0.7705,18738.0,201.0,20.6519,13.225,27.4686,21790.0,236.6058463286824,2.5380390176147487,79.195,32.652,23.515,6.148,12.782698470895246,0.7724210753786316,47.21,209885.0,11.2,48.7,31.3,49780.0,37342.0,15884.0,8.251880779338212,6.642425473153561,0.2421040892193308,0.2176759611841297,53.7,0.10714466177353943,-0.7899218137360492,0.4751519875988985,-0.23957975409148882,-0.8652373101228533,2.513089471482284,0.4369609487266279,-0.7722175755937736,-0.4912139326590115,0.0468678050076902,0.27994895417165633,-0.37327515570679654,1.2223826801846733,1.1543548166173665,0.5641229156249513,-0.2392678645971075,0.16604174458111323,-0.03645893127812697,-0.46471748508241334,1.3350772753039688,0.12422338725998983,1.4240041662131748,-0.3533107240265236,0.04038795128542313,-0.46095767012176436,-0.03640445277444093,0.37489367283182223,0.882642495262747,-0.008464168600427794,0.06979367355195187,-0.07877393228157137,-0.2179415617405903,1.652581793972834,1.2826828811538873,0.2413644217319476,-0.2965982432321954,7.495179374604486
17.0,3.9,7.0,11.115,8.27,1203.5,8.735,142.4267,0.98,46210.0,1116.0,70.9324,18.6665,46.0431,7546.0,207.0155004031897,4.999552011468507,223.22,96.741,33.206,13.388,36.02947095994996,1.9691703020360272,44.56,503654.0,12.3,40.9,46.8,38937.0,39286.0,17168.0,21.03691766650654,16.933855628952,0.4061223048327138,0.5549318265569341,136.9,0.14903312195713347,-0.9758382158264673,1.1068048847105822,0.6051704517689843,-0.42754220843858404,2.7425278961192814,0.41790125903324205,0.45133217713718016,-0.1707415090765183,-0.026769557732623035,-0.06708862602439097,0.6172703524481037,0.12476621184071235,-0.23376040765123127,0.6004123348265419,0.35959316798602253,-0.0703491718337564,0.20601459622732377,0.7072741132862088,-0.1292409487999977,0.01208534509758478,-0.9574212183535566,1.6222972057274696,-0.08084640197106648,0.48933365835808207,-0.016941608859536477,0.02605464510774876,-0.03441846664374071,-0.3330182743635184,-0.0009781478624788509,-0.06297868492275809,0.9882121512969023,-0.9478386609636558,0.6440486095372278,-0.3922306144951535,0.6781544235841528,7.495179374604486
21.0,3.3,7.7,12.81,8.35,1577.5,6.75,78.86,1.51,42101.0,1310.02,57.39,30.39,103.24,45409.14,239.6050310170167,7.455580217403678,175.70999999999998,75.89,47.08,23.13,11.640145980325425,1.1288686636714582,52.2,686334.0,16.06716086336319,29.95130135865117,53.98150854710848,36106.0,32559.0,16815.0,12.881572327495135,5.887189901806822,0.6001059414337037,0.2742822855197458,94.45,0.02069855079365272,-0.8373640641554569,0.41773680277246344,-0.08990489552690023,-0.20311945890891372,-2.5799128359595005,0.5554197050840596,-0.5017702033025367,-0.2870114057185128,-0.010794077974278412,0.0069767801378232686,0.5683597615108981,-0.3881161114643327,-0.6350719605537596,-0.3308931737505676,-0.9770652979220419,-0.27288712804205717,0.18298686534476782,0.2530929629632736,-0.21457312422028438,-0.11805923366880344,0.2058766337383228,-0.11333134975750019,-0.05865606978923712,0.3306718943609546,0.08402658631171402,-0.128365983485322,-0.04254511516308418,-0.25723551052389676,0.07634951882840456,-0.029739866695211652,-0.005208399305896172,0.278915573003081,0.09573766769841323,-0.011729672148746281,0.09932561429333886,7.495179374604486
6.0,3.1,7.9,11.13,8.28,1119.5,7.6,97.153246,1.5051,22704.0,603.4405868680999,11.4219,8.4222,23.795409,18373.02,371.52675503190966,9.874661869875633,61.11,25.96,23.28,5.82,24.61494990856973,0.4775021872663257,65.5,193424.9506420834,3.786310606464182,52.02179642033601,44.19187938339238,90072.0,39502.4,26966.29,10.53622467854088,6.818367587891776,8.389512313189808,0.5234059869036483,82.8,-0.16471237023399843,-0.652825113562867,-0.12066554064784814,0.38136044586310175,-0.2570805636475173,1.8306771324582707,0.4390416054563442,0.03295197588973675,-0.0738989204327422,0.2244170919677709,-0.17216206328865777,-0.9501846138290905,0.6068253178108716,-0.20700183026997052,0.004124686962847253,0.2075475025530129,-0.2522112736385316,-0.24017354080569928,-0.3874017753902201,0.1678015597552681,-0.665591398193501,-1.6786631355706294,-0.9711370534915474,0.13597124528062202,-0.7055166363560906,-0.31546859284474826,0.1034402446642827,-0.021096962268153798,0.5320043967443052,0.0510598818593039,0.2129159056321562,-0.14931882825912912,0.12576062464698515,-2.4884033596979376,-0.10727556534033893,0.038746209767802346,7.495179374604486
0.0,20.3,17.6,13.415,8.335,1130.5,1.13,1.2429,0.0576,178.0,2.865339918651946,0.0803,0.0452,0.0112959999999999,74.0,635.7142857142857,10.233356852328376,0.28,0.14,0.08,0.0,0.1127832756406402,0.0717922868966855,97.4,2310.438051510152,0.0183640280367156,11.209851980137037,88.77178399182625,126700.0,55075.29,33831.22,30.733895233898767,1.0251391827949203,4.746573554900874,1.0265837231057064,162.4,-0.9324271030068246,-0.169141667758037,-0.33438433321968963,-0.08799701701888506,-0.11706127078214186,1.5574400794638013,-0.9594811694829453,0.006403406102908811,-0.12052635108819232,0.17711204026515284,-0.1146296965389048,-0.39372531956837814,0.9686044289243485,-0.2608871868054848,0.8632397369916242,0.47465801519419387,0.14491316652701555,-0.001658584719989466,-0.443477813328306,1.1261610563466091,-0.38873077409235224,1.4241850395842146,-2.0805686099613863,0.3524348614477398,-0.3640303673244003,-0.1994480338292972,-0.3124020605429542,-0.5274264427039695,0.8183616504449552,-0.24552584637519123,0.027221704003944403,0.6240774099047607,0.6846530799600683,-0.6362990532869784,-0.7838904586513914,0.5439516203906776,7.495179374604486
9.0,18.5,19.4,12.54,8.235,1169.0,1.615,66.2474,1.0595,34376.0,483.0,28.7012,25.1718,28.6734,5797.0,379.3590535887702,5.33018451487596,90.616,40.315,35.368,6.809466666666666,17.150500621066524,0.5104117114683594,57.69,245093.0,4.046117032847509,70.70339991554594,25.250483051606547,87265.0,36610.0,23148.0,20.47279770573432,11.45791031431516,5.074354330870425,0.2603928326866012,70.9,0.07171700940874855,-0.2106270617716169,-0.28248836824631635,-0.3129801779548871,-0.35210571126682516,2.376197278490096,-1.227917965102048,-0.32023146783894235,-0.25417890742130117,0.3283606102903529,0.49035039389894025,-0.03778788397321464,-0.12839242188822628,0.24849404426737856,1.7645436574576887,0.6944666612162839,0.10216180909832467,-0.04967177088372399,-0.17474206352179578,0.06267517992566947,0.21560136665822938,0.5172093510237755,-1.422396555492499,0.26709201161361623,0.13261559548593724,0.44797136356627254,0.3785773286161322,0.2062945841483693,0.6443246524553979,0.183580241042655,0.369650394296817,0.8245018927167015,-0.024144684361526742,-0.9323042038903807,0.1285838304910187,0.10252111332869389,7.495179374604486
13.0,19.4,16.8,12.510000000000002,8.375,1018.0,4.88,79.7603,1.3218,37783.0,436.0,32.0201,11.986,58.2589,19506.0,317.1284444481749,3.659529465087586,119.14099999999998,45.663,16.368,14.3018,22.549304697785008,0.6391463480032891,44.35,477241.0,11.4,37.1,51.5,71561.0,34380.0,21443.0,14.98400185022494,14.347792906389309,1.8324918038196647,0.2479057292855512,67.5,0.11165215446730133,-0.2958201762366419,-0.6474499455171948,-0.6518842929446452,0.004767694544668133,3.936577889731076,0.08396682620999225,0.05375610658976534,-0.24788023035585252,0.1168071077112109,0.022038109739854223,-0.09123673927426945,0.8679670132351264,-0.22143036079631795,1.1224889447815563,0.4445742018831272,0.057392078202683626,-0.0284855738736222,-0.15760675399447807,1.235861306974354,0.14809795687091531,-0.38495819126158787,-0.6275639570531587,-0.41181501371359147,0.33300111350681016,0.15601799185872842,-0.0971934817634369,0.021879077175787336,1.112613397706494,0.2445599109702743,0.180453287117028,1.061763728507018,-1.0451717759467043,0.15607974405555627,0.5542841644654982,0.3760323447811731,7.495179374604486
4.0,19.0,15.9,11.705,8.075,541.5,1.24,65.48,1.159547297297297,35404.0,628.0,32.7396,23.8933,28.3358,18135.0,353.61566120655215,6.272473032361166,100.12,42.91,32.89,6.89,21.692116085648387,0.4183057432432432,45.82,494396.0,16.2,34.7,49.1,52830.0,29483.6,14569.4,30.782770270270262,13.408445945945948,0.4610408828493061,0.2022597972972973,44.72,-0.507528159803284,-0.5535894847117987,-0.35271479578921583,-0.0650060108675583,-0.16750748992315492,-1.203516764769253,-0.5958211444371652,-0.3016371318581514,-0.17052211360074584,0.043276020134023145,-0.0317852221188756,-0.040314281922959126,-0.17567710521650357,-0.12767577217212733,-0.03496951233809041,-0.25176853674056476,-0.1475218950990043,-0.04148544758480672,-0.03964672321220863,-0.055169281285295,-0.23312489837893136,-0.3218193203571718,-1.0430512808273,-0.052217120195273296,0.004140172639163168,-0.002598624919579844,-0.06453096357911516,0.00188716619857586,-0.02524470480178334,0.018213882447841237,-0.03477357366781992,-0.21468841044251655,-0.25533796974205564,-0.013550736654239413,-0.049394602727843455,-0.3816148109200488,7.495179374604486
4.0,19.0,14.5,10.57,8.23,913.5,3.15,65.48,1.159547297297297,35404.0,628.0,32.7396,23.8933,28.3358,18135.0,353.61566120655215,6.272473032361166,100.12,42.91,32.89,6.89,21.692116085648387,0.4183057432432432,45.82,494396.0,16.2,34.7,49.1,52830.0,29483.6,14569.4,30.782770270270262,13.408445945945948,0.4610408828493061,0.2022597972972973,44.72,-0.6785062350771235,-0.4816614119219595,-0.9113047929224559,0.15615216676766677,-0.3208261975975863,1.1719179974442036,-0.09887731702338594,-0.1807649033850369,-0.20646352502051737,0.05040582636681696,-0.02778662900440403,-0.2045383603145213,-0.3053686480856656,-0.09057365660943706,0.43330953409856493,-0.3789901963268252,0.06077256297071774,-0.04770385183859619,-0.09891463926527651,-0.18520091501607874,-0.026133906486599506,-0.8657825947766346,-1.3741400698320165,-0.05064060638309446,-0.04923157180737098,0.022281743392037794,-0.1767105678395213,-0.2076288474630564,-0.07474715078598826,0.08943692535588828,-0.07847819291598472,-0.2390452376306833,-0.3520355982721473,-0.10665120907593513,-0.23392927271469185,-0.7167798139302369,7.495179374604486
5.0,18.9,17.6,19.085,8.594999999999999,1018.0,4.43,107.34,6.28,66001.9,1675.31,49.3,18.28,103.68,17174.4,435.2825957923893,11.048671107300668,151.63,65.22,31.43,27.37,10.04493389674318,0.8095851014325984,41.74,774172.0,21.96364940618549,42.590832655196046,35.44551793861847,49137.0,30324.0,14574.0,6.059303494414041,4.22208657852724,0.6829462442173873,0.1613749773036768,55.57,-0.09850488602338976,-0.6020289614389184,-0.720209373201166,-2.310931307981567,0.8361258282353328,4.577831357169586,1.7080478909091712,0.4771258948467829,0.74985725723401,0.01619324005364131,-0.13345272628706883,0.06293274171068323,0.014188790910411845,-0.12057050236190348,0.38126612195434667,0.5932797115397015,-0.42401428794915175,0.028353110292616075,0.23424415028343604,0.26317310383776177,-0.2063021670312933,1.1858485770997749,-0.2015087310721478,-0.17799234953476115,0.9304719249248352,0.12953190424207894,0.12678740927949547,0.22186461241372565,-0.10459787692874656,0.18867052771849577,-0.039001521562846975,-0.053280898206867176,1.6091329634507805,0.586541028105033,0.10503403673802174,-0.24199043574781767,7.495179374604486
46.0,19.0,21.9,15.05,8.455,1037.0,1.12,97.05,1.21,106381.0,2590.42,55.63,35.38,100.73,137331.0,610.4028000918064,14.863552903373884,174.27999999999997,73.07,53.35,21.39,11.545413701275482,1.3286396630675812,42.31,858592.0,16.673582357043852,41.11565010222189,42.21076754073426,42877.0,31410.0,15449.0,10.182451797210655,6.929020407132105,0.954641587443107,0.2674869382660009,92.11,-0.18564398200008622,-0.40054726032578997,-0.2870931977460471,-0.29633622725455405,0.029861038022402902,2.187052923259325,-1.4458277453483117,0.33563408423350966,0.08465698563804214,-0.61011808110207,0.3092933478008491,1.1914312354498542,-0.7902021661136921,0.6782438964610144,-2.2845414356755405,1.129889893588067,-0.018158673787256514,0.09116936863205997,0.2889274993061553,-0.7745045057730748,0.3995429916718663,1.5856378894563141,1.2872902498597976,-0.22694894988516653,0.5559514190947327,0.09489727952517586,-0.05137722674912452,0.06476298505595574,-0.17844285451186206,0.07368223905563347,-0.07976880910767542,-0.0473337364093944,0.22036387605049337,0.243860535638717,-0.043143494059331745,0.16580250584442788,7.495179374604486
15.0,20.0,19.4,9.77,8.1,1231.5,4.85,60.6455,0.7705,18738.0,201.0,20.6519,13.225,27.4686,21790.0,236.6058463286824,2.5380390176147487,79.195,32.652,23.515,6.148,12.782698470895246,0.7724210753786316,47.21,209885.0,11.2,48.7,31.3,49780.0,37342.0,15884.0,8.251880779338212,6.642425473153561,0.2421040892193308,0.2176759611841297,53.7,0.07753960488907374,-0.525206750878909,-0.2230075476078007,0.22453851890284568,-0.37412038526769414,-3.405258676879263,0.00023309274809441005,-0.5232333442141924,-0.23415087882895033,0.10034248489149222,0.1401676883307908,-0.1750970511821409,0.6016793270801039,0.5080863523809239,0.4305730751040389,0.30475909542641605,0.5825769110303373,-0.08885314267904808,-0.06515432660273902,0.4379965512978378,0.09684881652394924,0.5144033322394049,-0.004149123294822181,-0.05294374356667212,-0.28828908898867683,-0.004538572406551413,0.22013022115919748,0.2986268020642455,-0.06857384367031051,0.03733236789276519,-0.0917423868497524,0.03937850552494635,0.44527359906312364,0.3119334185732684,-0.011269786251553634,-0.2755867310978161,7.495179374604486
16.0,19.0,18.6,9.615,7.95,1228.5,3.71,142.4267,0.98,46210.0,1116.0,70.9324,18.6665,46.0431,7546.0,207.0155004031897,4.999552011468507,223.22,96.741,33.206,13.388,36.02947095994996,1.9691703020360272,44.56,503654.0,12.3,40.9,46.8,38937.0,39286.0,17168.0,21.03691766650654,16.933855628952,0.4061223048327138,0.5549318265569341,136.9,0.23229066600091777,-0.70209415449334,-0.24022593052514515,0.2992605296289548,-0.3032066855905577,-2.9570467872708104,-0.2622061159574272,0.693963809539952,-0.13559135314465187,-0.012190977608164214,0.0047587040291789395,0.3883576867155109,0.01682442772667858,-0.04976135658294265,0.19550131556655573,0.32152215894428077,-0.017318360428325796,0.08713041326263904,0.28711373913645116,-0.04168306265492002,0.025106699125220417,-0.5020426543654561,0.7891723500952746,-0.15000367471210974,-0.09020522666939845,-0.04800242813071243,0.05509183050210894,0.010815855709370195,-0.41247482685837905,0.00891910684566625,-0.09562330429752686,0.9956025358025604,-0.8845510935341009,0.4968826458401358,-0.2971401882035811,0.749106765270699,7.495179374604486
32.0,18.3,22.0,12.85,8.215,1955.0,7.06,78.86,1.51,42101.0,1310.02,57.39,30.39,103.24,45409.14,239.6050310170167,7.455580217403678,175.70999999999998,75.89,47.08,23.13,11.640145980325425,1.1288686636714582,52.2,686334.0,16.06716086336319,29.95130135865117,53.98150854710848,36106.0,32559.0,16815.0,12.881572327495135,5.887189901806822,0.6001059414337037,0.2742822855197458,94.45,-0.44694863095860154,-0.8576484472980764,-0.2210532353894086,-0.03827198781480536,-0.3942686579079602,-3.4355781648507886,0.2970655436696446,-0.371305787191377,-0.17071484094815492,0.029170975886227055,-0.017261160239383334,0.18139724879486804,-0.4771958249793775,-0.07483325649693144,-0.25275191997342816,-1.0235026718619824,-0.1043220044697712,-0.04487340575025885,0.16878232016072914,-0.18395165417712026,-0.05541327962845876,0.12693472562745836,-0.10246986317758762,-0.011257282409739331,0.10690207741844164,0.001710444277850889,-0.10483084832182311,0.004652640339530357,-0.33133699287951457,0.06607442362913092,-0.05607205860898842,-0.08829645652110533,0.1364138307302104,0.11550893076714897,0.024066960700632366,0.12074928816291498,7.495179374604486
4.0,19.6,13.6,11.905,8.355,1489.0,6.84,97.153246,1.5051,22704.0,603.4405868680999,11.4219,8.4222,23.795409,18373.02,371.52675503190966,9.874661869875633,61.11,25.96,23.28,5.82,24.61494990856973,0.4775021872663257,65.5,193424.9506420834,3.786310606464182,52.02179642033601,44.19187938339238,90072.0,39502.4,26966.29,10.53622467854088,6.818367587891776,8.389512313189808,0.5234059869036483,82.8,-0.4647433006332721,-0.3966132024435017,-0.47983743256151995,-0.21225058236353414,-0.05280902092364456,-1.7698808219252775,0.06291877602130018,-0.03525725746721339,-0.010083142107080926,0.11738376458485922,0.028548506664228607,-0.5776167687641767,0.12854198212890577,-0.11292038489889818,0.015354072474874478,0.04362425779186494,-0.07969475237497446,-0.08221182750615605,-0.20421391511200157,-0.005663464065873962,-0.2922855683730449,-0.919755169200556,-0.41032889411241436,0.29934969783799414,-0.34696094753259493,-0.04194571222683111,0.05149569476450174,0.010652279735077194,0.2494239139830461,-0.05668886240280696,0.07647228118885932,-0.2578911839538099,0.039123272388242133,-1.5962810530948142,-0.16022884498195103,-0.03351014381274578,7.495179374604486
406.5,28.1,32.4,20.44,9.01,370.5,4.62,2.90776,0.115,1588.0,7.908338175479372,0.089,0.2026,19.077820000000003,4092.3,329.46058091286307,1.640734061302774,4.82,0.14,0.34,3.98,1.9414835306710216,0.2504382101047163,73.3,43717.2909103953,2.133822472423064,34.05945495650095,63.80672257107598,57754.0,39953.37,32733.15,7.989646389078048,3.576066916726457,2.2858259152713347,0.3546265201122545,56.1,0.3021761700578889,1.1146428295323858,0.5997623513278086,-1.1207424372197907,-2.685804080901241,-0.9000912826756636,0.19161267420276995,-0.5258608874265336,-0.6889693515394658,0.025360608263484408,0.10425265465901866,-0.13803316122929882,0.6541754321534731,0.24519860323149847,0.2787364376181116,-0.2872538361263772,0.15189348650029086,0.00032707707645975487,-0.5010243118552414,1.0814547393771743,-0.08762090560689095,0.07795512036439813,-1.1398056290593621,0.5236250370938795,-0.44913553749832014,-0.36190566122725915,-0.04492438893901022,-0.8199015751566426,-0.007814784205596365,-0.09407941716470904,0.1568787859679044,-0.025392311795731076,0.5960634846119987,0.030144260489226655,0.0478994645640099,-0.3831047892865415,7.495179374604486
533.4,27.3,29.9,11.03,8.425,257.0,2.78,69.61883,3.1667,31295.0,362.9812608948286,7.9764,10.4369,90.661662,22830.6,431.0012394986916,4.999053310767506,72.61,11.98,17.16,25.54,29.247120158096035,0.4441104259190304,62.5,205105.4262142192,6.613355601948504,25.327743910925538,68.05890048712597,63992.0,36649.66,25491.99,8.611711314748359,6.341558665661586,2.4926882667224866,0.4481821796071095,70.9,0.5826188124320472,2.4427567660734835,1.0074848098214717,0.42357734348430914,-0.11077702664323934,-0.5026814372212782,0.023631370983008864,-0.29206690720942174,0.648184822112477,0.2537014276099701,-0.06219186186635243,-0.8885690684992976,0.3696792430876908,0.10521559906463773,0.28876462444818274,0.4549203942851939,0.14000173329492083,0.022046553016795423,-0.584943692263138,0.6822341722546842,0.3974074138953195,-2.485569072318613,-1.5397905815804067,0.927074343164762,-0.4485683027689809,0.07821108535164971,-0.03363827435823626,-0.12206662416904383,0.29963996678125093,0.16023689648873804,0.28281350002818123,0.05611481837346233,0.9234021889208818,-0.3489805509419725,-0.21429021585655103,0.17358072409988387,7.495179374604486
430.2,27.3,30.6,9.905,8.28,253.5,3.53,102.81,1.7645,47925.0,843.0,43.5255,20.1416,83.8778,77459.0,294.8686396357596,5.186734756660309,162.53,65.61,36.45,18.38,34.437046921982514,1.6325084864460302,44.34,791032.0,14.2,49.0,36.8,60352.0,33354.0,19580.0,15.09150601532647,12.226414519989854,1.982933986704912,0.251596591393268,73.72,0.5299560298770668,2.119785358857674,1.4067784379034614,0.27546264757130606,-0.29271928505661576,-0.887977573235985,-0.08622907649454026,1.0772476982272927,-0.03615041390682283,-0.10927862324519096,0.07586320829131472,-0.06218332299768636,0.35334306491694106,0.04331882088173492,-0.4203206731481867,0.5117700896974808,0.15958559180377055,-0.0018927747403116868,0.3176915955838438,0.25281931370399763,0.22341998501603152,-1.1118134260651036,3.611349271662378,-0.11407118092601516,0.3716256746114233,0.12036711125246558,0.04864708010883403,0.08754414601173892,0.008069979551558562,0.052524197245172155,0.013039626375151029,0.11919366651835517,-0.2698504286558213,0.005805472570549142,0.07709006151029237,0.01092613660575211,7.495179374604486
191.4,25.7,30.2,10.11,8.41,885.5,1.6,69.4828,1.3569,21994.0,591.6353864032538,9.1363,9.5518,7.95815,16641.32,381.11245884595394,10.251869457689375,57.71,25.24,23.82,2.36,23.245438704361963,0.4724934230642314,61.4,189959.29356481816,5.960707881876988,46.25281304491967,47.78647907320334,66835.0,38481.79,24326.61,8.747788017238738,6.746846249557248,4.849428335338578,0.4633533676333021,73.3,-0.06933072525231791,-0.6994486888210911,0.2248961184429937,0.3148921018906791,0.015385063038362878,-0.2655459400669982,-1.1697659631362574,-0.16713195519172586,-0.24161878519264676,0.021344098223101775,-0.226764178679247,-0.6005125935519269,0.5991527214240827,-0.028689968542118267,0.029819834853988102,-0.0840248285138902,0.018851332785561743,-0.16509448317607167,-0.4124001651063252,0.11876926217499793,-0.3272182791226078,-0.8721988843438643,-0.8427849759056699,0.13463462427219677,-0.5881536437846567,-0.17022789297392604,0.11098085768482019,0.006212054103186075,0.18663286548534716,-0.01781885207029223,0.12987248606941046,-0.1951413765305187,0.18955706189619384,-0.9996612268356451,-0.06805906600357654,0.04027666957816104,7.495179374604486
136.1,26.7,28.2,8.015,7.975,330.5,1.53,49.1485,0.47,15878.0,356.18,8.5477,7.134794327171835,4.120444715233774,11534.0,282.58702925891646,6.339075959279561,56.188,19.8872,18.41727,0.953,16.5223150965168,0.404246719542003,47.87,256107.0,6.0117218158366414,18.17413190276764,75.81414628139571,45012.0,32296.0,14288.0,6.990829016588316,9.211165561563142,1.5733199943233478,0.2193897616698903,43.22460681495,-0.1770820773812011,-0.2582049504993484,0.1424818148718138,0.24799867938971146,-0.13524970061611394,-0.5980577697678624,-0.7982428116572559,-0.7638881911116187,-0.4107355289320305,-0.08750104888342324,0.08048751519604899,-0.6077981702302349,0.2932634566481768,0.218555740606195,0.4442763819145814,-0.257408730009726,-0.06815858772102124,-0.043588959611176155,-0.33840641090956836,0.15411541797123698,-0.10004209369886659,0.14329055476390448,-1.3980748592843886,-0.011031389881390982,-0.35979298527313713,-0.21328933763977442,-0.4476924572873395,-0.6379719143820695,-0.12626283941053162,0.03707470370883434,-0.055120166880078626,-0.17697267886794488,-0.11698824515168495,-0.13478359829420997,-0.04867637123796167,-0.5651566579287949,7.495179374604486
289.5,27.4,30.5,9.735,8.254999999999999,484.0,5.28,6.34,0.062,5772.0,77.0,1.413,0.9294,11.2908,1379.0,654.421768707483,8.73015873015873,8.82,2.541,2.176,2.684,2.417385883124235,0.1122410186812435,81.11,43475.0,1.100962322622737,39.02707551786005,59.87196215951721,72144.0,42390.12,23847.44,16.617634982053918,2.250591120086632,1.7613416385502103,0.1556184237048982,33.95,0.33489797855261716,1.2135993863840122,0.5319787009176798,0.12770222385181107,-0.30010285315802326,-1.0145381840745296,0.25169634288021675,-1.3332425483890498,-0.5196630354435184,0.2856988979464707,0.01284706029730536,-0.29782330385719724,0.5971024528238923,-0.08575707798125232,0.63002041612907,-1.0461050864856225,-0.13901658238105782,-0.12665083371723687,-0.4399649557983503,0.21936809725671388,-0.6308473833526175,0.12711092800018356,-0.8031809613830411,-0.19975221097391715,-1.0965598044532816,-0.3252473111303213,-0.07720982899578903,-0.45563412574934775,0.0015477693139108832,-0.09244384637257706,-0.020336060917470488,-0.25455265581995873,0.6007638746728964,-0.04200666590981802,-0.1710742073451789,-1.2014773045270706,7.495179374604486
324.2,27.7,27.9,6.74,7.495,355.5,4.52,65.48,1.159547297297297,35404.0,628.0,32.7396,23.8933,28.3358,18135.0,353.61566120655215,6.272473032361166,100.12,42.91,32.89,6.89,21.692116085648387,0.4183057432432432,45.82,494396.0,16.2,34.7,49.1,52830.0,29483.6,14569.4,30.782770270270262,13.408445945945948,0.4610408828493061,0.2022597972972973,44.72,0.20160168847263152,1.0859251191356452,0.22090301300787063,0.03500135979033081,-0.2547668129275553,-0.8284000845288393,0.07780090787021132,-0.7970224033094322,-0.3180581988025612,-0.0443340526074947,0.03454895655158904,-0.291161856065349,-0.5020932988707986,0.2671926982072182,0.32911151597082305,0.1607148414644569,-0.2107295166584663,0.06157772816523582,-0.13170136614120567,0.02950229394754093,-0.1447142879688181,-0.8407535912923051,-1.8194327908843597,-0.05927140478083559,0.002051544074590017,0.01722055818342294,-0.08231842293326429,-0.06938493913155978,-0.00032651885490250776,0.05935654084431008,-0.06978819286140302,-0.4802786763058977,-0.2915321733236002,-0.02828219164938987,-0.028065040824003396,-0.560521800769493,7.495179374604486
434.4,27.7,29.9,9.085,7.93,884.0,4.52,92.75,1.5386300675675677,45158.0,696.0,33.0483,14.6795,94.9691,6452.0,387.35632183908046,5.970149253731344,116.58,42.49,20.02,31.74,25.258358901966528,0.555059543918919,52.85,465622.0,12.3,44.1,43.6,67794.0,41956.5,22104.5,40.84636824324324,17.791976351351355,0.9989242570341496,0.2683831925675676,59.34,0.512437545711097,1.3505524364847223,0.7927358408594349,0.1316897332598456,-0.23542382110240076,-0.33664367621376506,-0.04849321593608084,0.8955427327464957,0.07204600016470064,-0.05591418915622245,-0.052482490759187615,-0.043007060247861405,0.42629694211878816,-0.384147384510531,0.7890918891193968,0.2191316141607241,-0.09739530111934695,-0.08026228805460654,-0.07351250379695547,0.8267383199359756,0.26438126532438533,-0.7885645706627594,-0.7985434156074188,-0.02727877528406686,-0.035229778142335376,-0.07202345622043742,0.029012074919883186,0.12236752081041535,0.3468988454136222,-0.0904418208228891,0.08433954060465693,-2.629585924318914,-2.2632724985759705,-0.10622914539456058,-0.21754003189116108,-0.37460496480421496,7.495179374604486
472.3,28.1,29.8,8.225000000000001,8.395,391.0,3.49,47.0,1.3107136824324324,36372.0,288.0,18.2749,8.0877,23.6982,13421.0,653.2327586206897,5.172413793103448,55.68,23.55,11.03,7.75,12.063693803924313,0.472838893581081,63.26,168105.0,10.1,30.6,59.3,59606.0,41956.5,25127.5,34.79581925675675,15.15646114864865,0.5191153820594531,0.2286277449324324,50.55,0.21091691915295105,1.348041750037228,0.7489983340806793,0.10409035510810406,-0.07082748674244306,-0.6772298595518804,0.1645744990340123,-0.15191760490338,-0.09076990868818625,0.11334044698703395,-0.23314610436869174,-0.43062114199099605,0.4012817628666139,-0.27431021621295554,0.21560104040428993,-1.5374413295319151,-0.09658065789379168,-0.10177353215636682,-0.4685056965340239,0.8757489422538006,-0.4156614060676657,0.255475117228149,-0.9685807126644067,0.13349630746059107,-0.46939897995713803,-0.11861014730995532,-0.16987218753434716,-0.2119634540514865,0.15004108987942635,-0.16008975584758445,0.065106813456708,-0.48469139924583343,-0.4949488341579369,0.02153425548458467,-0.0503186736092903,-0.5788408773924069,7.495179374604486
453.1,28.0,28.0,8.735,8.125,1085.5,2.89,121.17,1.24,111887.0,1972.8,69.36,49.35,171.62,14251.0,484.1916219491085,8.537303098494027,231.08,91.11,77.42,35.98,15.308206323678789,1.4921568515595265,37.51,1010017.0,18.514367546917764,44.48838459533429,36.99724785774794,40876.0,30965.0,14316.0,9.36200276864403,7.781782798224389,1.0236131895309892,0.2773605197458011,95.51,0.14367684448331922,0.8505092098168099,-0.22522627295790373,0.2419004897154323,-0.3806286442869653,1.876681598688398,-0.24351195949323787,2.566049062578822,-0.14634375884624504,0.13379856292003114,-0.054752146406099156,0.9748215843523697,-2.777983921465735,-1.2327065549891751,1.2190031685726719,0.20464518348880426,0.0883626763817545,0.16515829513906885,0.6049112039171934,-2.266892421640611,-0.6441300272671893,0.201942607644402,2.685780716831408,-0.262008459996432,0.5667249090600914,0.09261300362413764,0.07018771190118674,0.10148653734601502,-0.11421353245348047,0.039252990589787706,-0.11873677250541122,-0.14605869687395168,-0.005566692048839121,0.18529393246203343,0.026354565943668768,0.16953248083979502,7.495179374604486
594.3,28.0,27.4,6.365,7.775,1219.5,6.48,111.07,3.69,99177.0,1003.5,55.58,40.03,120.87,13627.5,546.7309812568908,5.531973539140021,181.40000000000003,73.25,59.84,31.27,12.01708770605562,1.3716441835883986,39.96,1202915.0,16.431187710251496,41.28557796152066,42.28323432822784,53308.0,32689.0,17803.0,9.539679628333618,7.153294308153317,1.1848298070618952,0.2653379822968679,91.37,-0.34537044884869833,1.1514866104427102,-0.10671450699757169,0.14206123580612867,-0.23535423967948488,-4.826352415172539,0.04461547810002231,0.4075356801172409,0.14508383669812827,-0.9253039673929259,-0.01831045686635968,0.6501377964136189,-0.6570799180228882,0.0575038720876909,0.332559528873923,-0.7542310161322044,0.21882543401249369,0.39186024044485146,0.41488013316566735,-0.9674375576830547,0.805263084951633,0.7577775825090551,1.2935460119620739,-0.22915287625044586,0.34116252755047743,0.08313644684928795,0.022312522977590715,0.07942863397145034,0.003902815727827358,0.05158056338278886,-0.06807945316812647,-0.03800763034960253,-0.010038550367268398,0.07711747853706268,0.011046482681607184,0.06853100249621398,7.495179374604486
3.0,3.8,8.4,18.135,9.11,756.0,7.29,2.90776,0.115,1588.0,7.908338175479372,0.089,0.2026,19.077820000000003,4092.3,329.46058091286307,1.640734061302774,4.82,0.14,0.34,3.98,1.9414835306710216,0.2504382101047163,73.3,43717.2909103953,2.133822472423064,34.05945495650095,63.80672257107598,57754.0,39953.37,32733.15,7.989646389078048,3.576066916726457,2.2858259152713347,0.3546265201122545,56.1,-0.4012938867585036,-0.726560214124426,-0.7497185254875028,-0.6815416872377198,-1.4716619726553717,-0.9098767461138779,0.11001986795202053,-0.6825001286777356,-0.35481154970533674,0.1023094737258119,-0.1443210956597855,-0.1837020322829873,0.19009581515468507,0.018335696812525077,0.07879428468586412,-0.3906613833386412,-0.006065389037248734,-0.11988173724617816,-0.05574238085032753,0.3293973262095824,-0.06658109060799085,0.45889428365898005,-0.9949435917339482,0.11394578125618858,-0.44771492801781276,-0.1300385303434451,-0.03551094093204787,-0.38511237740749493,0.0456064746243646,-0.010180958468699756,0.05323840720773058,0.027921775208281634,0.21758887867617885,-0.12485928922387159,-0.012070708201111627,-0.13991561178835887,7.495179374604486
4.0,2.7,5.1,15.275,8.79,769.0,7.105,69.61883,3.1667,31295.0,362.9812608948286,7.9764,10.4369,90.661662,22830.6,431.0012394986916,4.999053310767506,72.61,11.98,17.16,25.54,29.247120158096035,0.4441104259190304,62.5,205105.4262142192,6.613355601948504,25.327743910925538,68.05890048712597,63992.0,36649.66,25491.99,8.611711314748359,6.341558665661586,2.4926882667224866,0.4481821796071095,70.9,-0.7272093329237155,-0.9937863571864242,-0.008165685406614479,-0.12901508923619984,1.2576161685349265,-0.3880879076624601,0.38015252738376143,-0.22517692530605318,0.14224668329620413,0.05704046336468307,-0.01727979985764244,-0.49595126834348763,0.2601170623869015,0.15283401748165493,0.3609173786294801,-0.012952193776921769,-0.032053109833505046,-0.022686059974172834,-0.5255491678779558,0.4860855033112846,0.3721236340103982,-1.2537783744372426,-1.0107285135177275,0.43621890343182407,-0.326807788979883,0.032443232322111624,-0.5958488952535359,-0.5041905124757128,0.3473360442764049,0.019694510368087042,0.17019059620099145,-0.10363041259076765,0.4963577052737431,-0.4403804612935831,-0.04496319471916662,-0.004804281781544055,7.495179374604486
7.0,2.8,8.6,16.765,8.7,961.5,6.2,102.81,1.7645,47925.0,843.0,43.5255,20.1416,83.8778,77459.0,294.8686396357596,5.186734756660309,162.53,65.61,36.45,18.38,34.437046921982514,1.6325084864460302,44.34,791032.0,14.2,49.0,36.8,60352.0,33354.0,19580.0,15.09150601532647,12.226414519989854,1.982933986704912,0.251596591393268,73.72,0.1518781376777528,-1.4686438836293136,-1.2599292007604772,-2.2521464475358752,0.8474686701813092,2.2706721897000293,0.7671353909994165,0.9056147818364361,-0.19223247085659148,-0.009268922655222353,-0.033733990841235,0.38236383796068063,0.10309047843756484,0.15831693649214387,-0.6550959528920551,0.48755488546565173,0.018768656695416757,0.07098847420498104,0.1848688322786862,0.14072613014529164,0.1970533468186235,-1.8276441066289166,1.932838175999932,-0.1181788803186888,0.37980907215698,0.07661131383113869,0.075490228108829,0.09974617019683747,0.10299053917095691,0.022377221982460466,0.0033163648253926037,0.21403613272355868,-0.29274064148698636,0.012790286338422274,0.050255990804483286,0.04050712174231489,7.495179374604486
7.0,3.3,7.2,8.66,8.535,926.0,1.79,69.4828,1.3569,21994.0,591.6353864032538,9.1363,9.5518,7.95815,16641.32,381.11245884595394,10.251869457689375,57.71,25.24,23.82,2.36,23.245438704361963,0.4724934230642314,61.4,189959.29356481816,5.960707881876988,46.25281304491967,47.78647907320334,66835.0,38481.79,24326.61,8.747788017238738,6.746846249557248,4.849428335338578,0.4633533676333021,73.3,-0.11659631398603483,-0.8038732610309188,-0.153961527365027,0.2601673821716881,0.8599523521633818,1.789960464404042,-0.6893981124515024,-0.21515590672225984,-0.12818227204222546,0.4262238737436322,-0.014015686104539663,-1.002200214522891,0.31605964799528,-0.266329908282496,0.47663054683420336,0.07103629479514596,-0.2644083004192604,-0.1477066257281695,-0.5473970312741586,0.20606720340088944,-0.7868687356492351,-1.3910135351276647,-1.2619018694903934,0.41165321108574665,-0.9434740734659135,-0.20763486271064413,0.2172927131985004,0.053543851711243894,0.4363397147099022,0.06378759127149057,0.3095637068365855,-0.46716931311646476,0.4001987889587569,-1.6640457442748202,-0.4384484057039177,0.038648813904728664,7.495179374604486
24.0,3.0,6.1,9.15,8.469999999999999,372.0,5.07,49.1485,0.47,15878.0,356.18,8.5477,7.134794327171835,4.120444715233774,11534.0,282.58702925891646,6.339075959279561,56.188,19.8872,18.41727,0.953,16.5223150965168,0.404246719542003,47.87,256107.0,6.0117218158366414,18.17413190276764,75.81414628139571,45012.0,32296.0,14288.0,6.990829016588316,9.211165561563142,1.5733199943233478,0.2193897616698903,43.22460681495,-0.1026468464860227,-0.8071426717727447,-0.1395015339118739,0.03973842124066624,-0.051567115214129454,-1.02280364782239,-0.027382155639740335,-0.09080946963338647,-0.28426036655049153,0.021896553779564103,-0.04532858185499203,-0.38638866621147216,0.20282105774114215,0.0038150138698983538,0.16404568365231775,-0.5466714268323267,-0.03709237504866908,-0.06683720813598483,-0.3750375472573797,0.09056034953682679,-0.2961872744063536,-0.10180623773679454,-0.9396921492294256,0.02944866692686145,-0.4389864890483053,-0.14866635831305755,-0.4093046903486052,-0.6064274352499827,-0.14194387588844,0.0015155968046747827,-0.13856146987294776,-0.23591012296228056,-0.18647189072333273,-0.12967973067929658,0.003027494587392185,-0.2800589772643676,7.495179374604486
25.0,4.3,3.7,5.975,8.434999999999999,536.0,1.08,6.34,0.062,5772.0,77.0,1.413,0.9294,11.2908,1379.0,654.421768707483,8.73015873015873,8.82,2.541,2.176,2.684,2.417385883124235,0.1122410186812435,81.11,43475.0,1.100962322622737,39.02707551786005,59.87196215951721,72144.0,42390.12,23847.44,16.617634982053918,2.250591120086632,1.7613416385502103,0.1556184237048982,33.95,-0.04655699118719589,-0.6231550391251222,-1.5322499057795114,0.02147519360238225,-0.01661390159822381,-0.7899355989263858,-0.5238620116492773,-0.514746671434065,-0.37100150163169027,0.21659620296636903,-0.01031082406543043,-0.5551749711988184,0.28416889896131287,-0.3946733785199467,0.25169662696600426,-0.6858247801799249,-0.16327376634222066,-0.17441908958988894,-0.3811835296229886,0.25570212113651597,-0.34194861251880254,0.14762297484402856,-0.41706128779022644,-0.045845237486743524,-0.31119072636414785,-0.0667475785590552,-0.006469180545924914,-0.2569315429068714,0.03411071242948912,-0.03409559073334094,0.011227572624920953,-0.01305592888287122,0.2340430020096634,-0.12589585913694462,-0.06839625671447723,-0.4749460029574888,7.495179374604486
38.0,2.8,6.7,14.595,8.315000000000001,483.5,1.51,65.48,1.159547297297297,35404.0,628.0,32.7396,23.8933,28.3358,18135.0,353.61566120655215,6.272473032361166,100.12,42.91,32.89,6.89,21.692116085648387,0.4183057432432432,45.82,494396.0,16.2,34.7,49.1,52830.0,29483.6,14569.4,30.782770270270262,13.408445945945948,0.4610408828493061,0.2022597972972973,44.72,-0.27820237764681227,-0.6760322727841169,-0.1818389763312492,-0.13858897582297994,-0.13445400963323964,-1.1276127622427883,-0.6138999037147733,-0.28994698390578083,-0.3511399781143217,0.0559857193520292,-0.008536554120558704,0.047046343257728336,-0.0874222802753017,0.018676930247456733,-0.03971402665134527,0.04256899498170238,-0.023803612603805868,-0.03465233810090769,-0.0904172106098849,-0.020479612483177312,-0.16848504991930288,-0.6427056087984239,-1.343920055132476,-0.0743250659892025,-0.021934781228774222,-0.015051471106708006,-0.13503356296957164,-0.05345565502725858,0.016232666390327066,0.05098146371329981,-0.13377542742450416,-0.1737647036451381,-0.3306308296177303,-0.022972279457414143,-0.13564847256949483,-0.37123196480524095,7.495179374604486
25.0,2.6,7.4,11.635000000000002,7.975,1201.5,5.2,92.75,1.5386300675675677,45158.0,696.0,33.0483,14.6795,94.9691,6452.0,387.35632183908046,5.970149253731344,116.58,42.49,20.02,31.74,25.258358901966528,0.555059543918919,52.85,465622.0,12.3,44.1,43.6,67794.0,41956.5,22104.5,40.84636824324324,17.791976351351355,0.9989242570341496,0.2683831925675676,59.34,-0.12131677250300225,-0.8332849580270704,0.19587543400237326,-0.027706220136800203,-0.2929389909980818,1.5831788868814085,0.33215701099446354,0.20308872009937964,-0.12117626560851923,-0.05083627938448152,0.00254430834281566,0.003032660893319883,0.21562736016154896,0.2499901379738001,0.9452051160290527,0.4357851791932868,-0.023009069487064493,-0.06955360753306504,-0.20676039327712095,0.5216741597559302,0.057129518500296295,-0.9721689735124043,-1.144984295795827,0.35118566112127136,-0.4594346820539794,-0.17105683747601388,-0.03536587563382158,-0.10957596018949195,0.40437140852484554,-0.1625643895884666,0.04192795794146753,-2.856151858485536,-2.8730971577848927,0.2603229767429487,-0.17229412389375895,-0.2580243011556254,7.495179374604486
31.0,3.9,6.9,15.045,8.495000000000001,879.0,1.98,47.0,1.3107136824324324,36372.0,288.0,18.2749,8.0877,23.6982,13421.0,653.2327586206897,5.172413793103448,55.68,23.55,11.03,7.75,12.063693803924313,0.472838893581081,63.26,168105.0,10.1,30.6,59.3,59606.0,41956.5,25127.5,34.79581925675675,15.15646114864865,0.5191153820594531,0.2286277449324324,50.55,-0.035137961420696175,-0.7489850599803806,-0.29972202035714884,-0.01310890501675501,0.6908326122141443,-0.40332628485979516,0.0362091258175982,-0.1185477244151601,-0.017863537773179543,0.04454451331635927,-0.06239350538894841,-0.3281036643144521,0.02401715094766878,-0.17998692914921163,0.15385616311221378,-1.4740658748658217,0.0435025694240662,-0.16976915502765536,-0.3128555765429822,0.33964562853565444,-0.21876225603589172,0.16797665487237567,-0.7507236995982627,0.1938945371176426,-0.6211520818562711,-0.018051079950916243,-0.2521320850794047,-0.33171154863627933,0.03679522369755433,-0.09432168544696941,0.21167854237292572,-0.1311334174429066,-0.7318917920153277,0.18904077145736667,0.0645952536864206,-0.4317592011271823,7.495179374604486
9.0,3.3,5.9,15.11,8.315,1625.0,11.5,121.17,1.24,111887.0,1972.8,69.36,49.35,171.62,14251.0,484.1916219491085,8.537303098494027,231.08,91.11,77.42,35.98,15.308206323678789,1.4921568515595265,37.51,1010017.0,18.514367546917764,44.48838459533429,36.99724785774794,40876.0,30965.0,14316.0,9.36200276864403,7.781782798224389,1.0236131895309892,0.2773605197458011,95.51,0.28418544658265693,-0.9704797749764599,0.4527921043860259,-0.3070454248428966,-0.2830074052768759,-2.902970153673474,0.09885913890631244,0.8376813261909409,-0.29097405976499435,-0.23499968158313997,-0.25376893338436884,1.1669309779904624,-1.210329825011237,-0.6371984637567463,0.7583011293729456,0.5541414118036241,0.16533192879520367,0.10244650717630666,0.9264076098093451,-0.97529527213114,-0.18478993196292634,0.34913400231239683,1.9566298969144313,-0.3169250994781033,0.32109847460834623,0.03636978864999644,0.07794279638755434,0.07431591417562826,-0.08321635524431864,0.04430975319972877,-0.1514091838345242,-0.04519368254424383,0.18563136319629855,0.11529446198352777,-0.004779907795600595,0.061545553573717715,7.495179374604486
11.0,3.3,5.6,13.0,8.15,1637.0,10.9,111.07,3.69,99177.0,1003.5,55.58,40.03,120.87,13627.5,546.7309812568908,5.531973539140021,181.40000000000003,73.25,59.84,31.27,12.01708770605562,1.3716441835883986,39.96,1202915.0,16.431187710251496,41.28557796152066,42.28323432822784,53308.0,32689.0,17803.0,9.539679628333618,7.153294308153317,1.1848298070618952,0.2653379822968679,91.37,0.21006605263100933,-0.9502293451254564,0.37372843200728934,-0.04815861320549945,-0.5713143228165184,-3.807553181708014,0.10858660782454539,0.06659420487238095,-0.16877764693927014,-0.5434508070093581,0.13113985094474623,0.39479253331276914,-0.5609210274267633,0.2098589883570093,0.5392076111286103,-0.6544806873588823,0.24902400173557304,0.3083488494782554,0.5524286462680902,-0.4021466238168068,0.28637172153452395,0.4742028748166436,1.2348280601455675,-0.21227961360166483,0.3500588340968049,0.07128667456136702,0.0025600160914473293,0.036787859964727866,-0.020010812360172537,0.06409385851972428,-0.027250376230416113,-0.17879014853814934,0.20503224411591273,-0.01932387241938477,0.03318366729887212,0.08667254216348143,7.495179374604486
0.0,20.3,17.4,14.575,8.485,947.5,5.62,2.90776,0.115,1588.0,7.908338175479372,0.089,0.2026,19.077820000000003,4092.3,329.46058091286307,1.640734061302774,4.82,0.14,0.34,3.98,1.9414835306710216,0.2504382101047163,73.3,43717.2909103953,2.133822472423064,34.05945495650095,63.80672257107598,57754.0,39953.37,32733.15,7.989646389078048,3.576066916726457,2.2858259152713347,0.3546265201122545,56.1,-1.221646627309189,-0.5077498815775225,-0.9311025868356229,0.09346019614604306,0.9205717645604942,2.200509739406795,0.44684860353202865,-1.9827948241514,-0.6636261889222078,0.034082448442156056,0.29792343827818224,-0.6235299997842714,0.849524651769704,0.6117211721433945,0.6556860959017649,-0.31186636745580465,0.17936810086869356,-0.12679586848515692,-0.6737728818195564,1.565074669404033,0.06127409642407039,1.9898246345354709,-1.5642200797287904,1.2215288580794972,-1.7883648940074879,-1.7177702845489453,-0.1951434869947842,-2.0558989154923863,-0.03038445203875508,-0.6988194618409036,0.07790706945039942,-0.21102155995438807,1.5995218074267423,0.171974969729781,0.7489629511364425,-0.8627115151154189,7.495179374604486
32.0,18.8,19.7,14.185,8.67,1092.5,2.51,69.61883,3.1667,31295.0,362.9812608948286,7.9764,10.4369,90.661662,22830.6,431.0012394986916,4.999053310767506,72.61,11.98,17.16,25.54,29.247120158096035,0.4441104259190304,62.5,205105.4262142192,6.613355601948504,25.327743910925538,68.05890048712597,63992.0,36649.66,25491.99,8.611711314748359,6.341558665661586,2.4926882667224866,0.4481821796071095,70.9,-0.45489568704040734,-0.598822182462706,-0.3148817125983381,-0.060295124377589514,2.2765334978768568,2.1451141096531257,0.13069516394481373,-0.2808674734586383,0.6018621158008074,0.27808725013436436,0.04636484085116529,-1.1867811870963003,0.9455162539744442,0.6421080962774188,0.2648123142769327,0.6650301709693547,0.28266602564874715,-0.05876167081296454,-0.4333320330467543,0.5843991623679178,0.6359743056919737,-1.6093788132908717,-0.9805324834166095,1.1865074343191617,-0.801113376910798,-0.0478481129029145,-0.4920180828912029,-0.6700427492316039,0.6640105115661087,0.2169796711264643,0.5390589349243479,-0.3315365783439482,0.6375065879077498,-1.3159116275783163,-0.12406628160970286,0.2522421145528399,7.495179374604486
18.0,18.6,18.7,15.02,8.594999999999999,1057.5,3.56,102.81,1.7645,47925.0,843.0,43.5255,20.1416,83.8778,77459.0,294.8686396357596,5.186734756660309,162.53,65.61,36.45,18.38,34.437046921982514,1.6325084864460302,44.34,791032.0,14.2,49.0,36.8,60352.0,33354.0,19580.0,15.09150601532647,12.226414519989854,1.982933986704912,0.251596591393268,73.72,0.2028528478462249,-0.26386927312783265,-0.18406263921380758,0.43325222235444594,1.865804481110341,2.6559522262875297,-0.14762898154013457,0.876209953974855,0.018678372163364283,-0.18926784498694663,0.2430121411716876,1.0219677322055216,0.7030985605227761,0.15817958675053254,-0.6452436437120196,0.4223302541046481,0.11055791664849206,0.13787869954559337,0.2193630751676391,-0.19689338064674902,0.12097779813222594,-1.861396812654857,5.527708860264781,-0.1850108857771072,0.6604460785576765,0.05737408310951031,0.12556355957543308,0.20931476648586486,-0.017404712860006777,0.0706706144117439,-0.05553423766357194,0.40180258753399095,-0.41627814975179095,-0.09727468454686446,0.13084027032911139,-0.08787052768049801,7.495179374604486
15.0,19.1,13.5,11.465,8.405000000000001,1105.5,1.17,69.4828,1.3569,21994.0,591.6353864032538,9.1363,9.5518,7.95815,16641.32,381.11245884595394,10.251869457689375,57.71,25.24,23.82,2.36,23.245438704361963,0.4724934230642314,61.4,189959.29356481816,5.960707881876988,46.25281304491967,47.78647907320334,66835.0,38481.79,24326.61,8.747788017238738,6.746846249557248,4.849428335338578,0.4633533676333021,73.3,-0.11699893094793275,-0.2855956829940747,-0.818156106940199,0.3607252324853712,0.022686481164613137,1.5317354348092342,-0.9326075884016851,-0.45547229274874557,-0.11850788035973285,0.1767968200690425,-0.23224167725963832,-0.8756842430256074,0.8852786878754463,-0.08805927847744888,0.4164338044337151,0.322130532451556,0.07176690736591516,-0.12902414423724015,-0.1948999725402488,0.19433112116802156,-0.4587833655423796,-1.654139612503738,-1.621309549435973,0.19347979383116268,-0.5779068774060578,-0.224216273475904,0.11682075858271362,0.020308239175550007,0.2798552707625399,-0.0480590179678984,0.4038749210971096,-0.2979106698503408,0.38420453454988707,-1.3394028576595403,-0.11692634164627326,0.0618557569013986,7.495179374604486
2.0,19.6,15.5,10.11,8.055,470.5,1.58,49.1485,0.47,15878.0,356.18,8.5477,7.134794327171835,4.120444715233774,11534.0,282.58702925891646,6.339075959279561,56.188,19.8872,18.41727,0.953,16.5223150965168,0.404246719542003,47.87,256107.0,6.0117218158366414,18.17413190276764,75.81414628139571,45012.0,32296.0,14288.0,6.990829016588316,9.211165561563142,1.5733199943233478,0.2193897616698903,43.22460681495,-0.5803680225662539,-0.5052001336304238,-0.49286912985776626,0.15451438181121677,-0.16007013613358145,-1.08873666511965,-0.42820044886611863,-0.8192677404015559,-0.12562206964057018,0.07507173557115787,0.10718976831102434,-0.20788021046901117,0.15602611726557372,0.04239282645265723,0.13386207348026796,-0.369741110210598,-0.09882862526341347,-0.06109525615543437,-0.15955059228028404,0.23712834341781366,-0.07683714217991407,-0.01491382595355391,-1.0088812711321709,-0.10405840978181623,-0.33180275214603167,-0.11652688959875378,-0.3484036083205138,-0.45955455919126215,-0.14669196825183464,0.03769692299402471,-0.11901075525267513,-0.12702144684211814,-0.05035605551607048,-0.13430169641350706,0.025484550635252828,-0.3206352982660367,7.495179374604486
29.0,20.0,15.0,10.785,8.315000000000001,584.0,3.07,6.34,0.062,5772.0,77.0,1.413,0.9294,11.2908,1379.0,654.421768707483,8.73015873015873,8.82,2.541,2.176,2.684,2.417385883124235,0.1122410186812435,81.11,43475.0,1.100962322622737,39.02707551786005,59.87196215951721,72144.0,42390.12,23847.44,16.617634982053918,2.250591120086632,1.7613416385502103,0.1556184237048982,33.95,-0.043418874488755345,-0.6602953576566264,-0.7619203021470456,0.10585701507632622,-0.17853914551883165,-1.4617368970164293,-0.047666207559717205,-0.6532250136870426,-0.12458630483170659,0.1704711510483563,-0.06347357105386137,-0.5190518527701108,0.21616421956103302,-0.0598037328066614,0.268687734111057,-0.6700386927018798,-0.13189560748365087,-0.0361844218856035,-0.29227361857114975,0.20240315553518787,-0.279545533664447,0.5119652750228608,-1.214318641537199,-0.05054475619224833,-0.6968506341718602,-0.17648044171549082,-0.04428569417330434,-0.31441087452345523,0.10453106326089857,-0.05434063492653274,0.03229704716475681,0.00780043364269659,0.29689270621165625,0.019583109004888664,-0.12541513495845727,-0.7061186811071821,7.495179374604486
4.0,19.0,15.1,14.72,8.325,554.5,1.54,65.48,1.159547297297297,35404.0,628.0,32.7396,23.8933,28.3358,18135.0,353.61566120655215,6.272473032361166,100.12,42.91,32.89,6.89,21.692116085648387,0.4183057432432432,45.82,494396.0,16.2,34.7,49.1,52830.0,29483.6,14569.4,30.782770270270262,13.408445945945948,0.4610408828493061,0.2022597972972973,44.72,-0.47222284361312644,-0.45667932567361275,-0.7291315349531943,-0.14898324944554284,-0.06916607563306278,-1.224563829099643,-0.5675317570525414,-0.3594374157854084,-0.21291726958384982,0.09163383562428255,-0.017274028364433116,-0.3398415221526134,-0.17693925056490115,-0.07083889525965789,-0.07396936987119258,0.09878480329391699,-0.06650235038706657,-0.06352594226870374,-0.1529339074487992,0.015884640112635653,-0.14152745519299048,-0.5867382504338942,-0.8236963666682521,-0.07867441977248146,0.07132013353664651,0.024131898871273778,-0.05818813536878831,-0.06750690798081141,-0.01721376322714303,0.06832588588954737,-0.11287599242893824,-0.22469033267252,-0.244017335549385,0.0053702579896587445,-0.05523653084451022,-0.25224547905692213,7.495179374604486
4.0,18.0,17.9,9.715,8.07,1461.0,2.24,92.75,1.5386300675675677,45158.0,696.0,33.0483,14.6795,94.9691,6452.0,387.35632183908046,5.970149253731344,116.58,42.49,20.02,31.74,25.258358901966528,0.555059543918919,52.85,465622.0,12.3,44.1,43.6,67794.0,41956.5,22104.5,40.84636824324324,17.791976351351355,0.9989242570341496,0.2683831925675676,59.34,-0.7718012035347055,-0.6105031443577414,-0.5934911755553912,0.09610452844004615,-0.23052212687752513,-1.8257330859130407,-0.15481219249079012,-0.17827369778766303,-0.14518834573410755,0.03136284660315137,-0.09366257928777495,0.031690310662573516,0.050913186780720286,-0.2849750505389724,0.4250133365439252,-0.07553104166950407,0.07380466499598694,0.004214997245774875,-0.15475538389990107,-0.13292726951961722,-0.0758583364992713,-0.6300056387662575,-0.3137714936927659,-0.02886473623958109,-0.03787351839710023,-0.04369631398391608,0.059882082703989016,0.01511278951889831,0.14752218851625604,-0.11455834565179741,0.004674029966505865,-0.7752105899659606,-0.816354954127455,-0.039598008792381754,-0.014011133180465584,-0.2190233772154897,7.495179374604486
15.0,19.9,22.1,12.63,8.305,797.5,3.01,47.0,1.3107136824324324,36372.0,288.0,18.2749,8.0877,23.6982,13421.0,653.2327586206897,5.172413793103448,55.68,23.55,11.03,7.75,12.063693803924313,0.472838893581081,63.26,168105.0,10.1,30.6,59.3,59606.0,41956.5,25127.5,34.79581925675675,15.15646114864865,0.5191153820594531,0.2286277449324324,50.55,-0.018676070047658866,-0.5216425008147297,0.10875386865227486,-0.15696802782088834,-0.2532175324050088,-0.2807147416751832,0.04111914968350902,-0.27268111103437437,-0.09018666272206854,0.17527004006279942,-0.09079896951327121,-0.42087549433267374,0.20383856045004603,-0.025192669278864478,0.19374629347235897,-1.0944904169723548,-0.08903870642146405,-0.05282401845674037,-0.35756118921369,0.3641811639074392,-0.36395565158881577,0.2174108539657512,-0.75702119358272,0.21500734808854763,-0.3258858681190759,-0.029715055685956032,-0.1606964798450159,-0.21523120730455655,0.09090876353594159,-0.06428369627411787,0.0846126587448331,-0.23296847970845805,-0.41360325403860765,0.009852398106983407,-0.06011753698888544,-0.3490074177470523,7.495179374604486
10.0,18.9,20.3,12.95,8.41,1821.0,5.73,121.17,1.24,111887.0,1972.8,69.36,49.35,171.62,14251.0,484.1916219491085,8.537303098494027,231.08,91.11,77.42,35.98,15.308206323678789,1.4921568515595265,37.51,1010017.0,18.514367546917764,44.48838459533429,36.99724785774794,40876.0,30965.0,14316.0,9.36200276864403,7.781782798224389,1.0236131895309892,0.2773605197458011,95.51,0.1267829445051027,-0.5755846981238574,-0.43527917655922166,-0.1272538150470549,0.020925489698226208,-2.73330596495963,0.23377051558966436,1.064742536164898,0.0869440020690672,0.11085021272379285,-0.41842514559859395,0.5938879919564352,-0.9066844916203992,-0.8055494734978614,0.6011333587373762,0.5415002719363354,0.07067561115797917,0.19125806744404436,0.3902442410821096,-1.2132021865320468,-0.10618166537004685,0.4318402098670293,1.5661355652795954,-0.1477461930073334,0.39572505206878605,0.09862036174590083,0.023305429338555145,0.1590131702056776,-0.3021813197092464,0.05353865424908386,-0.08796861934087558,-0.24219530678897475,0.060738509522440566,0.19323871779876448,0.007551606656828229,0.16881171824100108,7.495179374604486
5.0,19.2,19.9,13.085,8.31,1622.0,6.03,111.07,3.69,99177.0,1003.5,55.58,40.03,120.87,13627.5,546.7309812568908,5.531973539140021,181.40000000000003,73.25,59.84,31.27,12.01708770605562,1.3716441835883986,39.96,1202915.0,16.431187710251496,41.28557796152066,42.28323432822784,53308.0,32689.0,17803.0,9.539679628333618,7.153294308153317,1.1848298070618952,0.2653379822968679,91.37,0.09991030963681014,-0.5685947681105852,-0.3931636330155501,-0.15797268731053915,-0.28132958255863433,-4.021443358408676,0.07601982138080841,0.5473350544450416,-0.0886080083879643,-0.5389396374115797,-0.0014577917890468879,0.46422029030257056,-0.2581354533997366,-0.022611593859425422,0.4800274476996857,-0.42534554973477484,0.024536188395383463,0.5609568033049191,0.45381972169134926,-0.6826769920454049,0.20649955009808763,0.3607874819411274,1.245067251731331,-0.15331459559306185,0.47097889575486396,-0.009587399792314247,0.02849361882971907,0.06065035410070161,-0.007312647604461153,0.015344509148659749,-0.05061351539140263,-0.18586182258673956,0.21660614497299915,0.056983476621098796,0.02860281591303639,0.06428391843161076,7.495179374604486
430.2,27.3,30.5,10.595,8.39,269.5,4.34,102.81,1.7645,47925.0,843.0,43.5255,20.1416,83.8778,77459.0,294.8686396357596,5.186734756660309,162.53,65.61,36.45,18.38,34.437046921982514,1.6325084864460302,44.34,791032.0,14.2,49.0,36.8,60352.0,33354.0,19580.0,15.09150601532647,12.226414519989854,1.982933986704912,0.251596591393268,73.72,0.25374174107564634,3.339435810643869,1.1188239020679613,0.19412437823678674,0.1782139187286765,-1.0566958961290458,0.06145062836663188,0.48350890507688754,0.2158590415880706,-0.052290688705010156,-0.012537003607333638,0.5291210415974877,0.658851993981128,0.05790873715925667,-0.7027390468403851,0.8010179701342711,0.2694651082982697,0.008737356948743799,0.522573230857185,0.17058173620588304,0.3020070461940485,-1.4188142518974687,2.677940953866734,-0.05167871783332292,0.594537780865018,0.07326295770627134,0.08843069742123293,0.1580465679413948,0.011137488100600149,0.043928227425009646,-0.015394210346663884,0.17754254498014524,-0.26138472170491417,-0.042028147799428726,0.00687441057215112,0.026942651675780766,7.495179374604486
180.9,27.2,28.3,6.84,7.81,215.0,1.59,66.2474,1.0595,34376.0,483.0,28.7012,25.1718,28.6734,5797.0,379.3590535887702,5.33018451487596,90.616,40.315,35.368,6.809466666666666,17.150500621066524,0.5104117114683594,57.69,245093.0,4.046117032847509,70.70339991554594,25.250483051606547,87265.0,36610.0,23148.0,20.47279770573432,11.45791031431516,5.074354330870425,0.2603928326866012,70.9,0.05111583819069585,1.157428481192328,0.5254935922271883,0.231605196533104,-0.10498103400692353,-0.8878107989990776,-1.456980733667539,-0.07604387770290488,-0.17095332079256578,0.2612117373143943,-0.28368673762927454,0.10228227480528103,-0.46557287627055,0.2784317399549764,0.8414023253115982,1.5286666771540574,0.14973257871577508,-0.06974920350088121,-0.17691053817979982,-0.20132049600884785,-0.10537030045855023,0.38704021566508645,-1.1867186576178452,0.20753505659095636,-0.2322742494742852,0.026098740114830304,0.16088424705977866,0.27799342405012184,0.6891622542675272,0.004373370289880089,0.13991912036668522,0.42670187080007355,-0.08795384671189821,-0.7071774301487798,0.08227824678760963,-0.026845897606496433,7.495179374604486
218.7,27.6,28.8,5.44,7.505,662.5,3.62,94.75,0.975,80886.0,573.0,36.035,30.6179,69.9425,59746.0,503.33227546810537,3.5656280919222656,160.701,59.489,57.403,13.697,44.04493523854282,0.7705005543685988,37.51,683165.0,24.81513784080998,29.71825110917296,45.46661105001707,37563.0,37438.88,16936.21,15.717915646179634,15.449625511761106,1.4422353381379165,0.3216419673452932,70.17,0.2451951132939818,1.0692912148707547,0.6538375837736142,0.632588219079189,-0.16669252156862072,-0.7357119527362131,0.09939797335032678,-0.08212607311860963,-0.4103396737090468,-0.33981491877270553,0.06471938299480813,-0.11558761582438211,-0.2985901312510639,0.020622439264940673,-0.27553259475855146,-0.5454681551394364,-0.038715924243830885,0.02889880732633175,-0.2615143047765985,-0.5809061976052665,0.10525580070020309,-2.0888681437579604,-0.5633310597199791,-0.35636534644562445,0.16926268113311396,0.10768515252469411,-0.19608347588063513,0.00582148471497923,-0.22691092513967312,-0.037172601436031905,-0.09750612358407436,0.1882765524725739,-0.5866113649328084,-0.10905315201419087,-0.020691078583088995,-0.13597168447022967,7.495179374604486
434.4,27.7,30.1,7.905,7.795,856.5,4.22,92.75,1.5386300675675677,45158.0,696.0,33.0483,14.6795,94.9691,6452.0,387.35632183908046,5.970149253731344,116.58,42.49,20.02,31.74,25.258358901966528,0.555059543918919,52.85,465622.0,12.3,44.1,43.6,67794.0,41956.5,22104.5,40.84636824324324,17.791976351351355,0.9989242570341496,0.2683831925675676,59.34,0.3940687944344245,1.3603266335635755,0.8476379040578225,0.13682263470332426,-0.23741075136388354,-0.2345972513989544,0.07332025442350043,0.5763141106752058,-0.038393770616967214,-0.14286504120565954,-0.1029053472405455,-0.13492268925299875,0.5136955807548171,-0.2393389157512381,0.6903725559159648,0.1635399697119525,0.1260380779307647,-0.040478924405373005,-0.19524739286862322,0.7654756736033597,0.4015064880725306,-0.9696820894322201,-0.9429553358008462,-0.021516647753305713,-0.09990982043246448,0.01021044502306423,0.02850585478978847,0.0710633003727222,0.22674735277774763,-0.1529049504575475,0.031025999492267253,-1.7151712947843285,-1.7038907461171042,-0.2688650624927444,-0.385919629127408,-0.7370299807881627,7.495179374604486
421.2,27.7,28.7,4.36,7.37,447.0,7.87,113.44,6.47,113005.25,3048.97,56.37,31.11,123.25,170899.0,632.6927383685123,17.070544762331334,178.61,74.6,52.48,33.02,11.832260392384752,1.0136065476243834,41.19,962714.0,23.22925734100645,37.059541398199215,39.71120126079434,40450.0,30441.0,14677.0,7.420621787035737,5.286083690348805,0.6079000575173069,0.2002013844757149,68.94,0.7132331357954533,4.607726360774444,1.3212184347014408,0.5623992152019249,-0.14879539488892393,-1.2400742374112206,0.5398818815317158,0.8089833871888308,1.5468245083629153,-0.5453805778478271,0.8453090881319559,0.8381710311879093,-0.6585410694420958,0.243887265455754,-2.8893399714267196,0.6232051450309031,-0.0938856801988246,0.11058274550014156,0.5849874921511703,-0.40105025205450745,1.1527090765760901,1.577290030862981,0.7196836369088851,-0.35376333684582884,0.4304577970074026,-0.0990486479985218,0.017780932794945897,0.16172160553125023,-0.00566889373197547,0.36926586944765066,-0.11145985342174157,0.349975239369087,0.5874536386919983,0.18604671287272753,0.21622985396378994,-0.04737599481712081,7.495179374604486
605.9,28.6,26.7,3.3,7.68,349.5,6.06,13.72,0.83,7014.7,78.24,7.31,3.49,34.58,2219.0,256.8546320029293,2.864884657634566,27.31,10.63,6.92,6.91,1.80918779080694,0.4565479911105388,75.7,148886.0,2.978968581939072,42.82646793950212,54.19456347855881,46502.0,34131.0,20135.0,14.867372524025823,2.380954321306591,0.8667399117112345,0.2182642305946436,75.16,0.8675621902379985,3.8713831211172507,0.27776395288063244,0.5387402692580749,-0.251606806216296,-0.8649483448701604,0.6672340333554893,-1.3118462529297297,-0.4886130462264798,0.11813214665240009,1.0755189927422906,-0.4435293683852069,1.7772239556885323,0.509869746813783,1.5443794213541935,-0.9428631167311686,0.7425307265412994,-0.09618888189123616,-0.7412937807672036,1.6841553451702929,0.5393760422093326,1.029205761679138,-0.7799696035939268,-0.23275265373134388,-0.5568950164298684,-0.10229957019677398,0.4679820652554432,0.09690537375630814,-0.03945757468231,0.059815854089489896,0.0036090997963523033,0.48956694203118484,1.3301971026401347,0.2324357991665602,-0.2136100211211791,0.5034356849656131,7.495179374604486
307.4,28.4,29.7,0.905,7.305,439.5,4.835,97.05,1.21,106381.0,2590.42,55.63,35.38,100.73,137331.0,610.4028000918064,14.863552903373884,174.27999999999997,73.07,53.35,21.39,11.545413701275482,1.3286396630675812,42.31,858592.0,16.673582357043852,41.11565010222189,42.21076754073426,42877.0,31410.0,15449.0,10.182451797210655,6.929020407132105,0.954641587443107,0.2674869382660009,92.11,0.18168461021152307,2.33127176778391,0.8992831668335324,0.5411804651240043,-0.11083137633744634,-0.7693171025641886,-0.014343036977030895,0.5743216291038941,-0.7742755033650123,0.49480914375550716,0.1785093530391653,1.9347618895904939,-0.6648038876910384,-0.036413437022323136,-1.992267442196414,1.316465874853311,-0.9833401066041554,0.09677692204403375,0.8480490305662776,-1.0089011621677006,0.5943944211979397,0.816167719839917,1.0653574780912216,-0.23100664690292125,0.3089899640716612,0.08754676280387985,0.018691504179732938,0.07198002475624277,-0.08002090312385306,0.05640950606825457,-0.049754970548674504,-0.04986955659386386,0.15146753048524259,0.05081352103268736,-0.0013452559763876455,-0.0004742840508696518,7.495179374604486
69.7,28.6,29.4,3.185,7.529999999999999,440.0,3.65,126.195,0.9478,45899.0,1702.0,58.722,16.8508,63.7322,13048.0,223.4017181377917,8.284052468910467,205.455,93.926,30.942,16.87,33.16205965449566,1.7174502122943875,39.64,605389.0,14.2,42.9,42.8,42227.0,38884.0,17032.0,18.34775726355647,14.769191834162667,0.4028414498141264,0.4839945952585677,119.4,-0.310603294299993,3.2681034431649216,1.0826603875992198,0.6386991096311249,-0.15684258037246757,-1.4195608555541066,-0.09954816833681741,1.0901546806830444,-0.48651880292415917,-0.06662062221594771,0.0043167280580381035,0.4649101936207927,0.13073140736164854,-0.15297783948442245,0.46899782158744835,-0.619072099359473,-0.10564809397871948,0.10018671247215631,0.6700812086327154,-0.1334274073666892,0.03474617423800145,-0.7776627280584458,1.831690735918625,-0.41206446274998587,0.49092109129841743,0.1056229485769289,0.1076070738816632,0.1128602849738672,-0.2471368156777075,-0.035720141547887274,-0.10300217360064083,0.9178290396168206,-0.5988754383084597,0.5157021969032939,-0.22273715759899168,0.7102071173787894,7.495179374604486
354.1,28.0,26.9,2.185,7.359999999999999,305.5,7.57,78.86,1.51,42101.0,1310.02,57.39,30.39,103.24,45409.14,239.6050310170167,7.455580217403678,175.70999999999998,75.89,47.08,23.13,11.640145980325425,1.1288686636714582,52.2,686334.0,16.06716086336319,29.95130135865117,53.98150854710848,36106.0,32559.0,16815.0,12.881572327495135,5.887189901806822,0.6001059414337037,0.2742822855197458,94.45,0.6774131378352953,1.9145115076440076,-0.01341492322545205,0.5060256557259709,-0.1733988992869854,-0.9888025238054494,1.0634689922529892,-0.40363968741730777,-0.25176913566266473,-0.07316511954491355,-0.09656453467711501,-0.07218874150731909,-1.3379779817831394,-0.9003134411678188,-0.4899709151747325,-2.1386816612817348,-0.007837603067358331,-0.031041152699617863,0.3295592144826272,-0.890037707820302,-0.07084177265254159,0.2806055535414878,0.46711016169671593,0.000702185867509438,0.22212485479501368,-0.000826946369682724,-0.0991346855209364,0.01766836348610612,-0.24881615124371223,0.05685282525451222,-0.11277328135368103,-0.07201836797758003,0.10717390693724164,0.12528275459383945,0.05422039624769237,0.08692836304505676,7.495179374604486
376.9,27.9,27.8,2.865,7.15,348.0,6.26,156.23,1.87,97710.0,1060.5399999999972,71.1,36.2,44.19,10480.0,463.12446677410185,5.026732391695883,210.98,98.81,63.08,12.67,11.72546549939368,1.018542407714805,36.2,633849.0,18.656421702718102,40.1694307582096,41.1741475390723,29464.0,31269.0,14895.0,17.562286116352706,10.924959818723158,0.0678323806069195,0.3802577434267549,98.99,-0.059266692575765965,2.0033377354828796,0.3166558668378277,0.6682981729705354,-0.15798244018786742,-0.8263013308114994,0.19886828573925128,-0.15144630464802808,0.09459707145579126,-0.4689274330499273,-0.1479675255704206,1.0492887889838314,-1.110269457369965,-0.4185920544279122,0.40800871071095285,-0.41842501073027977,-0.09478899072002005,0.20721944439496554,0.557173903058283,-1.6782132263908471,-0.17967731567410117,1.089202176584707,0.12139309736259744,-0.2868316511468341,0.3693386350347039,0.12465261827223,-0.03322378829121594,0.18269993944559237,-0.4998702999316933,0.08491335215978328,-0.12812822359303636,0.31069992799234253,-0.11665710424771529,0.3812299676487842,-0.005313876722162954,0.30936079528920035,7.495179374604486
7.0,2.8,8.8,14.115,8.465,971.0,3.57,102.81,1.7645,47925.0,843.0,43.5255,20.1416,83.8778,77459.0,294.8686396357596,5.186734756660309,162.53,65.61,36.45,18.38,34.437046921982514,1.6325084864460302,44.34,791032.0,14.2,49.0,36.8,60352.0,33354.0,19580.0,15.09150601532647,12.226414519989854,1.982933986704912,0.251596591393268,73.72,0.1319877838966204,-1.4396516150523286,-1.7029338860026717,-0.2587018505507149,0.035138716763273424,2.319794733458742,-0.18023839613597367,1.7524581766520473,-0.15220348826978214,-0.0023252202787746867,-0.029134249941756136,0.20943150673488473,0.3626939757626197,0.22606347993986384,-0.849647733043724,0.12937234163517133,0.2690579494810663,0.03632157568470573,0.38238058580279644,0.003934079569298661,0.07876314401160907,-1.3302398640654667,2.4701563427003568,-0.1925690888590179,0.5759446370188376,0.022776947940389314,0.079970723017274,0.1809590189865169,0.05145839206602724,0.023878216384133937,-0.003813358882907828,0.20382483644837837,-0.2245905555501426,0.03468706455935403,0.023395309483166777,-0.03775212183749921,7.495179374604486
14.0,2.8,5.1,13.27,8.425,1215.0,6.35,66.2474,1.0595,34376.0,483.0,28.7012,25.1718,28.6734,5797.0,379.3590535887702,5.33018451487596,90.616,40.315,35.368,6.809466666666666,17.150500621066524,0.5104117114683594,57.69,245093.0,4.046117032847509,70.70339991554594,25.250483051606547,87265.0,36610.0,23148.0,20.47279770573432,11.45791031431516,5.074354330870425,0.2603928326866012,70.9,0.07835217723351273,-0.9800809676890884,0.19178052855771965,-0.23112821355966554,0.10034918873920116,-2.6757547125026275,0.09104524333883694,0.02414793837117026,-0.10129387214081366,0.14056748356902962,0.17555251614889134,0.04209473520711371,0.15049168549206418,-0.029141108356416128,0.767640805625124,0.5018097352050245,0.10068740800139502,-0.1263735905669941,-0.0843697377418479,-0.20955370909417984,-0.1303706076741217,0.6112053978136586,-0.8704558156050431,0.1685346044778515,0.07349522973876448,0.060313374870456814,0.1669181311995879,0.14773371761354298,0.5940380208877226,0.05900442010140977,0.15887140134388253,0.5906541474322634,0.053175661386922,-0.8063050042050115,0.031088310818498322,0.048779191567640025,7.495179374604486
27.0,3.0,6.5,10.395,8.365,897.5,4.06,94.75,0.975,80886.0,573.0,36.035,30.6179,69.9425,59746.0,503.33227546810537,3.5656280919222656,160.701,59.489,57.403,13.697,44.04493523854282,0.7705005543685988,37.51,683165.0,24.81513784080998,29.71825110917296,45.46661105001707,37563.0,37438.88,16936.21,15.717915646179634,15.449625511761106,1.4422353381379165,0.3216419673452932,70.17,-0.09612260566248247,-0.794068017512909,-0.028398943299350016,0.161250641553585,-0.13108062988690408,-0.21822838295542168,0.024161925754548647,-0.011979786422258942,-0.11832379544037386,-0.18073291806465322,0.04172340488216536,0.026867376012960534,-0.6147827223226585,0.14328772319441976,-0.05148721777426544,-0.6332679816964083,-0.06621106769385124,0.006774874798332724,0.013707216033750719,-0.8796540311312615,-0.15217037018621338,-1.8680170251116694,-0.6039749227145997,-0.27271593549056,0.19038577391843617,0.0608594360268519,-0.10697543591416131,-0.0024049766179328608,-0.12381952262871582,-0.003763423018778541,-0.04101219725950312,0.03976916975496963,-0.4561250881978776,-0.10900866503827279,-0.06189709361759015,-0.15918589113668236,7.495179374604486
25.0,2.6,4.4,13.735,8.29,1140.5,5.25,92.75,1.5386300675675677,45158.0,696.0,33.0483,14.6795,94.9691,6452.0,387.35632183908046,5.970149253731344,116.58,42.49,20.02,31.74,25.258358901966528,0.555059543918919,52.85,465622.0,12.3,44.1,43.6,67794.0,41956.5,22104.5,40.84636824324324,17.791976351351355,0.9989242570341496,0.2683831925675676,59.34,-0.13880845489737106,-0.6184045933924305,-3.6699922608101048,-0.16013473571006523,-0.29282633452065054,0.7678841881296833,0.14855043114357017,-0.08923677137451395,-0.16383087275704997,-0.02311976615591746,-0.07629641998869681,-0.08407589081810636,-0.00790674008351439,-0.12616628409751385,0.42740592463330057,0.14703141052023655,0.0968815944949165,-0.00809085848236773,-0.2546938560848746,0.34076065406086853,0.05014865197202508,-0.666555186682575,-0.6673319436842576,0.029692843147786318,-0.027437571647266568,-0.1357496567278092,0.08477610898572784,0.02536269056416736,0.1322216456682266,-0.0557559574504073,0.013130376033174468,-0.9333439828494253,-1.2921745405556673,0.024004635068122282,-0.06758810306782831,-0.15806451032617275,7.495179374604486
16.0,3.1,7.2,16.945,8.54,1064.5,4.44,113.44,6.47,113005.25,3048.97,56.37,31.11,123.25,170899.0,632.6927383685123,17.070544762331334,178.61,74.6,52.48,33.02,11.832260392384752,1.0136065476243834,41.19,962714.0,23.22925734100645,37.059541398199215,39.71120126079434,40450.0,30441.0,14677.0,7.420621787035737,5.286083690348805,0.6079000575173069,0.2002013844757149,68.94,0.13433431931674347,-0.801767119211533,0.31827779558332003,-1.2723698576846318,0.9965052686763615,2.6297989695439656,1.3415730391452476,0.10975160669632412,2.6177551668141192,-0.7093935185220713,0.9515473517290474,0.6472606837491427,-1.0652732996493188,0.9671900153070844,-2.6714805822355756,1.0093674178340006,0.028219109965915184,0.3688915983519594,0.09581393607581655,-0.72201599691296,1.033269843715243,1.630513352181297,1.1436622335847157,-0.23425298593783128,0.606945413473295,-0.0016420932028752462,0.04555511576530987,0.1535344745938588,-0.19450214477973846,0.15497868989749505,-0.02092843988289439,-0.05380726487259405,0.842225101074631,0.390685418007973,0.02636068034567866,-0.020561730147843755,7.495179374604486
16.0,4.7,5.8,16.335,8.58,1070.5,7.39,13.72,0.83,7014.7,78.24,7.31,3.49,34.58,2219.0,256.8546320029293,2.864884657634566,27.31,10.63,6.92,6.91,1.80918779080694,0.4565479911105388,75.7,148886.0,2.978968581939072,42.82646793950212,54.19456347855881,46502.0,34131.0,20135.0,14.867372524025823,2.380954321306591,0.8667399117112345,0.2182642305946436,75.16,0.04464428950877266,-1.1143411614658543,0.351084053396092,-3.121686339827138,1.357977107960032,3.03182803102769,1.1980622056138235,-1.1456838784038945,-0.48454011105389044,-0.08894736789729624,0.6611971580743554,-0.3679195125230279,0.18464077616188077,0.5085006905680832,0.6936966511271505,-0.3187485806764259,0.2393071495823099,0.2321118738688528,-0.6773952471796657,2.856118837860025,0.6370709981660668,1.4766563842969482,-0.5820544058457017,0.495963735077724,-0.4933942770686311,-0.5412296080379745,0.4013096702673163,-0.34863556791174566,-0.06269981421452646,0.11812143188862452,0.03910492120000222,-0.03420337312544395,2.665459559034401,0.5268929483105118,-0.15985416787133241,0.6482801840376732,7.495179374604486
21.0,3.6,5.7,12.515,8.195,1158.5,6.7,97.05,1.21,106381.0,2590.42,55.63,35.38,100.73,137331.0,610.4028000918064,14.863552903373884,174.27999999999997,73.07,53.35,21.39,11.545413701275482,1.3286396630675812,42.31,858592.0,16.673582357043852,41.11565010222189,42.21076754073426,42877.0,31410.0,15449.0,10.182451797210655,6.929020407132105,0.954641587443107,0.2674869382660009,92.11,0.0355040209216532,-0.6999852176573284,0.8100105840386821,-0.24563586707809013,-0.6038461421670701,2.440802821168909,0.2320504690128535,0.27692588461601797,0.3721799593946585,-0.3398347371781713,0.31218839009253624,1.4741585813094085,-0.8184269519821584,0.706741225013587,-2.8173114863748197,1.7726701701537237,-0.3253264431985249,0.3465904191089793,0.28166126042992495,-1.7288565879315136,0.8347921555415575,2.3415124650128805,1.6354138083534775,-0.21507240613418044,0.45365649853755396,0.05327285622401784,0.014706726876708431,0.11162319552929482,-0.1397251533321104,0.05179216175650564,-0.08196293937973682,-0.19668277898066067,0.30258907801083595,0.2576202439198581,-0.0664119720214514,0.19993645585801736,7.495179374604486
17.0,3.8,7.2,13.705,8.455,982.0,7.16,126.195,0.9478,45899.0,1702.0,58.722,16.8508,63.7322,13048.0,223.4017181377917,8.284052468910467,205.455,93.926,30.942,16.87,33.16205965449566,1.7174502122943875,39.64,605389.0,14.2,42.9,42.8,42227.0,38884.0,17032.0,18.34775726355647,14.769191834162667,0.4028414498141264,0.4839945952585677,119.4,0.2577529652222684,-0.7956678843886283,0.7348150427429937,-0.448984498118904,0.11150699182723948,3.936516507483708,0.5099989446132288,0.42439492172678017,-0.37375405493658037,-0.021986483496924152,-0.051481158044189325,0.6617866011658528,0.17118189156249472,0.2078234775046199,0.47635059499647475,-0.2454104977112729,-0.21893976452411124,0.15935873071740672,0.6264831450073199,0.33052492615068335,-0.17107445476421468,-1.5598630643558378,1.9240333567074657,-0.5195044301683082,0.7075534139503722,0.19175967130111538,0.2981880054568557,0.16390848689014081,-0.5513679005613087,0.06714403245054779,-0.08141543550416812,1.212560475203597,-0.984095883266224,1.2423562407097777,-0.31542527112372526,1.4432024525734597,7.495179374604486
21.0,3.3,6.8,14.385000000000002,8.370000000000001,1125.5,5.43,78.86,1.51,42101.0,1310.02,57.39,30.39,103.24,45409.14,239.6050310170167,7.455580217403678,175.70999999999998,75.89,47.08,23.13,11.640145980325425,1.1288686636714582,52.2,686334.0,16.06716086336319,29.95130135865117,53.98150854710848,36106.0,32559.0,16815.0,12.881572327495135,5.887189901806822,0.6001059414337037,0.2742822855197458,94.45,-0.07243191503337583,-0.5431514881004113,0.6051221715672482,-0.13987315179004028,-0.24143067499855522,2.1327851319282,1.0098852757632264,-0.18069527730753177,-0.5046261516186255,0.03247136135197557,-0.2731966222574314,0.5468027313783143,-1.520317592199038,-0.9288155843170051,-0.6690778133736842,-3.2496648194214015,-0.14071455273001132,0.013364114842067398,0.5693690861094122,-0.7317920672796513,-0.1666192217027612,0.568923208732934,0.6330492977204266,0.05208677628659666,0.4471194586724354,0.03906722426453302,-0.20225647704210137,-0.03855830018330997,-0.21890619352731536,0.06115878806682303,-0.053218586773922105,-0.1966016697359736,0.3452666655695063,0.18300326659285915,-0.055752061516977924,0.14653292075886074,7.495179374604486
30.0,4.0,8.0,14.31,8.71,1752.5,7.77,156.23,1.87,97710.0,1060.5399999999972,71.1,36.2,44.19,10480.0,463.12446677410185,5.026732391695883,210.98,98.81,63.08,12.67,11.72546549939368,1.018542407714805,36.2,633849.0,18.656421702718102,40.1694307582096,41.1741475390723,29464.0,31269.0,14895.0,17.562286116352706,10.924959818723158,0.0678323806069195,0.3802577434267549,98.99,0.1588777060007366,-0.9553233594697667,0.42756423316430303,0.10343510538766472,1.2356940919975752,-3.362704859150496,0.07594579101772965,-0.8792026703242057,-0.06370712220668767,-0.9402154260819469,-0.2625812939705794,1.23888948914983,-0.8898501536032807,-0.45747449949849367,0.537726550172471,-0.3977477491288058,-0.10040526265821709,0.10844743559059385,0.8893368010331565,-1.5599382872840701,-0.16021692399013154,1.001098985396869,0.08385331683423514,-0.5170996439522909,0.3265656904131174,0.11583862715924616,0.030149217202949052,0.16245425387130408,-0.3909664793073899,0.059830265960578534,-0.13793397667740173,0.19373079342884011,0.13857295562745997,0.36437694026545303,-0.10182471399195497,0.02068162074758817,7.495179374604486
18.0,18.6,19.7,12.53,8.29,1063.0,2.45,102.81,1.7645,47925.0,843.0,43.5255,20.1416,83.8778,77459.0,294.8686396357596,5.186734756660309,162.53,65.61,36.45,18.38,34.437046921982514,1.6325084864460302,44.34,791032.0,14.2,49.0,36.8,60352.0,33354.0,19580.0,15.09150601532647,12.226414519989854,1.982933986704912,0.251596591393268,73.72,0.273638001058328,-0.27925040490537273,-0.26000957948466147,-0.26288448476581844,-0.5510214166296645,2.2989319493691434,-0.21730943698086777,1.2477082565760549,-0.17654647318374686,0.009199438574723865,-0.0915310273106054,0.4610540307821551,0.42467791150013606,0.14552292990187785,-0.480987474573,0.5671074882087608,0.24006418365829932,0.11631078437902036,0.39293795686370386,0.07661811434663839,0.44253576183187143,-1.8216906741998777,3.1810898690655214,-0.2768092007418939,0.634618960589869,0.0195391760425019,0.15716439795098258,0.16419644269548975,0.02955897807027232,0.1347478954466838,-0.010657426291533508,0.36531367758094974,-0.247277728036667,0.023372802005615385,0.16157782547796753,-0.08252503932841737,7.495179374604486
9.0,18.5,14.7,12.95,8.39,1258.5,1.26,66.2474,1.0595,34376.0,483.0,28.7012,25.1718,28.6734,5797.0,379.3590535887702,5.33018451487596,90.616,40.315,35.368,6.809466666666666,17.150500621066524,0.5104117114683594,57.69,245093.0,4.046117032847509,70.70339991554594,25.250483051606547,87265.0,36610.0,23148.0,20.47279770573432,11.45791031431516,5.074354330870425,0.2603928326866012,70.9,0.09076888690625007,-0.3403199026202007,-0.8624015159610038,-0.11832573162896241,-0.03950415167841121,-2.0759265649330336,-0.5340891873966516,-0.29381562049287213,-0.08683294525680424,0.013452076931328808,0.039782049686182284,0.020970260877317366,-0.06114321484967752,0.04560272748814897,0.580087969112986,0.5857610681288257,0.06354924827115603,-0.011769363868903962,-0.08282783134452382,0.008575262032682033,-0.0363936741322202,0.40101633978386725,-0.9885686804171808,0.26264970847638325,-0.12485615937039247,0.07998562130184532,0.12783855443393494,0.18046045004273759,0.6713074742587439,0.09794213865534383,0.04481026913000569,0.5515769878681749,-0.17911596177902545,-0.6006923011081138,0.070673888293871,-0.010264364784428215,7.495179374604486
33.0,18.7,14.7,12.06,8.364999999999998,815.0,4.2,94.75,0.975,80886.0,573.0,36.035,30.6179,69.9425,59746.0,503.33227546810537,3.5656280919222656,160.701,59.489,57.403,13.697,44.04493523854282,0.7705005543685988,37.51,683165.0,24.81513784080998,29.71825110917296,45.46661105001707,37563.0,37438.88,16936.21,15.717915646179634,15.449625511761106,1.4422353381379165,0.3216419673452932,70.17,-0.2500733070793406,-0.4585386097064476,-0.6112758697061023,-0.23926099125645137,-0.09352576496021366,-0.2267600934881678,0.024605608125760608,-0.053669114407772785,-0.17285993986685444,-0.22008711596000163,-0.0739319054801793,-0.13032736836660958,-0.45188218416102854,-0.18684364059018363,-0.07515760183712704,-0.18225025997244906,-0.15662180502510945,0.027232864235120297,0.0014670391120792659,-0.32169867254638423,-0.1671165267133621,-1.9330592254443524,-0.3751381536095868,-0.2975807651361294,0.17538649336774445,0.09519014544668612,-0.170802173918734,0.040688546074864745,-0.2072143228262819,-0.0020804870199450536,-0.033238392726828665,0.06477015783680452,-0.4791536271366447,-0.19718606135963157,-0.04648089049481016,-0.055459306605916935,7.495179374604486
4.0,18.0,18.5,9.855,8.135,1184.0,2.99,92.75,1.5386300675675677,45158.0,696.0,33.0483,14.6795,94.9691,6452.0,387.35632183908046,5.970149253731344,116.58,42.49,20.02,31.74,25.258358901966528,0.555059543918919,52.85,465622.0,12.3,44.1,43.6,67794.0,41956.5,22104.5,40.84636824324324,17.791976351351355,0.9989242570341496,0.2683831925675676,59.34,-0.8963145921123213,-1.0068651161765836,-0.2550376013216252,0.26652894849597925,-0.32219105067895737,1.448858869607793,-0.0005739385597796076,0.34933729931828567,-0.1618520845519379,0.09339318612590436,-0.011539892376749794,0.0014006397886746624,0.31512569369088544,-0.05690490401505186,0.9021595201299837,0.25681772744845754,0.09955150278129928,0.000939543489366812,-0.09457786868947259,0.4078939410035187,0.10990653260300555,-0.9590359813081645,-0.7508358914692265,-0.01878717718645932,-0.0584786873535873,-0.07915906011243339,0.0012374019421015348,0.01797131116773626,0.20662720455147784,-0.12760618862152717,0.022510168503116212,-2.4517808281913553,-1.8638516973087098,-0.005640244338816621,-0.010476794209486495,-0.3366563269878195,7.495179374604486
25.0,18.4,23.9,10.975,8.545,916.0,3.14,113.44,6.47,113005.25,3048.97,56.37,31.11,123.25,170899.0,632.6927383685123,17.070544762331334,178.61,74.6,52.48,33.02,11.832260392384752,1.0136065476243834,41.19,962714.0,23.22925734100645,37.059541398199215,39.71120126079434,40450.0,30441.0,14677.0,7.420621787035737,5.286083690348805,0.6079000575173069,0.2002013844757149,68.94,0.08759082533923575,-0.598083971433807,-0.2584434278084277,-0.005005390845472135,1.201183136513379,2.950933419704864,-0.0941391992305094,1.5083918039500712,1.274553491375021,-0.6827654090407305,0.49754894503586305,0.9897155640767111,-0.5081464007846083,0.35344078012936153,-2.858157537124546,1.1170070256137599,0.05170526734165223,0.34928751410644804,0.9540220430803799,-0.5575562769529643,0.8763258828595282,1.5856377408067537,0.2825507369206755,-0.22576466197691233,0.2561181526140234,0.030434762935231507,-0.0022170613512089155,0.2644202464881045,-0.22802000280547252,0.11552599137881774,-0.06199457354222756,-0.14951103836802448,0.5496079056127928,0.41183638521004456,0.03378852816686632,-0.08402884713529313,7.495179374604486
15.0,20.5,17.9,9.925,8.280000000000001,1136.0,4.21,13.72,0.83,7014.7,78.24,7.31,3.49,34.58,2219.0,256.8546320029293,2.864884657634566,27.31,10.63,6.92,6.91,1.80918779080694,0.4565479911105388,75.7,148886.0,2.978968581939072,42.82646793950212,54.19456347855881,46502.0,34131.0,20135.0,14.867372524025823,2.380954321306591,0.8667399117112345,0.2182642305946436,75.16,-0.12011380117609721,-0.496555290503893,-0.9007877744613996,0.25376991916738906,-0.46723106124593583,2.688009518403172,-0.2227749663959064,-2.484785486501447,-0.24276748342012686,0.018132619547347423,1.1563604801994127,-0.8428489452716894,1.6931932750041598,0.6365161718889916,2.602663441504508,-1.5330343377043025,0.12864296239082862,0.4029767310751291,0.13639727154552625,1.9955887825593044,0.022085159697647683,1.8111694227438415,-0.7739623396222791,-0.3732009202195332,-0.9469355261162856,-0.1711512306677954,0.18098623882513487,0.18801792196929448,-0.32719882936178085,0.11789912239958851,0.06472176357017206,0.2872104638194045,1.663772086748698,0.4332139519027743,0.019788227785223527,0.734292121876497,7.495179374604486
46.0,19.0,18.7,9.575,7.970000000000001,1199.0,3.73,97.05,1.21,106381.0,2590.42,55.63,35.38,100.73,137331.0,610.4028000918064,14.863552903373884,174.27999999999997,73.07,53.35,21.39,11.545413701275482,1.3286396630675812,42.31,858592.0,16.673582357043852,41.11565010222189,42.21076754073426,42877.0,31410.0,15449.0,10.182451797210655,6.929020407132105,0.954641587443107,0.2674869382660009,92.11,-0.2967750526811386,-0.2375315089915723,-0.4708012353256345,0.3326336672141529,-0.21239510407050455,2.845306181150954,-0.14668089404818613,0.9546809869216909,-0.5802158342670495,-0.29923535699160614,0.005037456826345636,1.3928054296566794,-0.997629752748956,0.33562974557493974,-1.9147561663255328,1.1298468802974095,-0.09252015189190088,0.19952186578962303,1.3490089158576062,-1.0077069348411172,0.18645202126373384,1.2195564505698469,1.691287247755487,-0.15795674630440756,0.3001585243490988,0.061398178790696055,0.03781946457922462,0.08467789348214864,-0.14460420954196393,0.05786083039982859,-0.05686576828050131,-0.159312066383233,0.256719841922944,0.1590007067444579,-0.009741675740418213,0.18511425531469317,7.495179374604486
28.0,19.1,18.5,8.9,8.17,1195.5,5.28,126.195,0.9478,45899.0,1702.0,58.722,16.8508,63.7322,13048.0,223.4017181377917,8.284052468910467,205.455,93.926,30.942,16.87,33.16205965449566,1.7174502122943875,39.64,605389.0,14.2,42.9,42.8,42227.0,38884.0,17032.0,18.34775726355647,14.769191834162667,0.4028414498141264,0.4839945952585677,119.4,0.4430774656062324,-0.278805897567266,-0.18842590219302444,0.4559295744045326,-0.5419881326786706,3.1880824562604544,0.39556200898407634,0.9224052794751088,-0.20336440401927858,0.02767805256221127,0.05939812621140517,0.5194768058392217,-0.033651934296358564,-0.09033467270433886,0.6437065890408122,-0.28177420187392255,-0.04758959462361719,0.1758590599281403,0.4032034635842625,0.1753928061729919,0.12295329354043727,-1.159699089321463,2.3802706790253674,-0.36448886633695415,0.46810139016558766,0.08018213796972629,0.11807859118562207,0.1555973913295505,-0.481899514681039,-0.024883271398333257,-0.07622104664333156,0.8020687649624111,-0.5682364977077426,0.885773023354898,-0.14407358351900854,0.7508270508695084,7.495179374604486
32.0,18.3,21.0,14.54,8.29,901.0,4.82,78.86,1.51,42101.0,1310.02,57.39,30.39,103.24,45409.14,239.6050310170167,7.455580217403678,175.70999999999998,75.89,47.08,23.13,11.640145980325425,1.1288686636714582,52.2,686334.0,16.06716086336319,29.95130135865117,53.98150854710848,36106.0,32559.0,16815.0,12.881572327495135,5.887189901806822,0.6001059414337037,0.2742822855197458,94.45,-0.4349572532080736,-0.9217705361808961,-0.51452034048154,-0.2386693645039729,-0.32847672131455824,-0.5892892873485107,-0.24823401066707443,-0.049566165677194296,-0.2470991248784897,0.1437833130142341,-0.2456941990550452,0.11544081176669961,-0.9662950627377723,-0.5661202857561874,-0.20706962485099215,-1.9105469338390197,-0.0754433121551604,-0.038498391935912334,0.14908320967496044,-0.5574317023037777,-0.24498915346572173,0.3465570126353608,-0.025925863348723655,0.014916332460707102,0.32467869559613355,0.04850420844391921,-0.16842736251419424,-0.047796884992470416,-0.13079232649489617,0.05713409038959072,-0.17560642299397547,-0.013272508125131338,0.13119009771539522,0.12028001433315993,-0.003808561521970374,0.14232079669483952,7.495179374604486
34.0,19.2,21.6,9.34,7.91,1965.0,6.42,156.23,1.87,97710.0,1060.5399999999972,71.1,36.2,44.19,10480.0,463.12446677410185,5.026732391695883,210.98,98.81,63.08,12.67,11.72546549939368,1.018542407714805,36.2,633849.0,18.656421702718102,40.1694307582096,41.1741475390723,29464.0,31269.0,14895.0,17.562286116352706,10.924959818723158,0.0678323806069195,0.3802577434267549,98.99,-0.5360566181388761,-0.514089982721489,-0.2977610076059743,0.12794870690306798,-0.20105785365914938,-5.289719052221239,0.05687092344975087,-0.2160827311112856,0.0023399798193713176,-0.476500753845903,0.026091512100150104,0.6626169998509188,-0.4859699038276448,-0.15494304706924583,0.07840437561137777,-0.5522455596287423,-0.07402753791577799,0.05831365898173916,0.3652704892990489,-0.513115937655869,-0.041742763745908906,0.437278061172304,0.07321533110924071,-0.23230563020023198,0.10749762507000303,0.04908230591196718,-0.003395028096080469,0.13272394359034176,-0.28069529492563267,0.061026445745180104,-0.07466039015601082,-0.02468110305528785,-0.037251404109798956,0.056672931456317355,0.030955235809087735,0.21701394252983544,7.495179374604486
406.5,28.1,25.0,8.935,8.455,276.5,3.36,0.7773,0.0,12.0,0.6876815804764671,0.0007,0.0051,0.023982,5294.6,171.42857142857144,9.824022578235246,0.0699999999999999,0.0,0.01,0.01,0.02819581891016,0.1652892186691128,90.7,3055.4045483894115,0.0595207257760765,21.668917363058736,78.2715619111652,78113.0,49348.53,31412.48,18.77858494367249,2.360204165039463,3.730853285200316,0.6732214686623013,106.5,0.4727793735517964,1.3260634882379476,0.0003560354971947066,0.13665635418961755,-0.03452689439873206,-0.6070703216855569,-0.40492161966142387,-2.740370611390487,-0.8059033022801548,0.08792889216681937,0.09805343900244512,-0.4608201972418465,0.2716150641837156,1.0955155421048404,0.12651354212042265,-1.4710792884758364,-0.31564831533663296,-0.07205711378289079,-0.3018780007779908,0.28584121981752103,-0.037698223248395855,0.4691427028233495,-2.1454919292641956,0.05006519977468989,-0.8201955184367641,-0.0243886241658281,-0.2949990792917865,-0.5113779769465324,0.11820588964736091,-0.4779251814253318,0.04993861810537054,-0.05045172560494399,0.7578462564359265,-0.122549086783935,-0.14987192861250748,0.37973528363780745,7.495179374604486
172.8,27.3,27.8,8.74,7.960000000000001,475.5,4.51,46.39,1.9696,37903.0,493.0,18.997,12.4084,46.2737,14888.0,438.5652299681805,5.704367949088805,86.425,31.048,20.027,9.119,23.6873667742644,0.5198347645921357,40.86,412043.0,11.40105756416319,43.837324276686296,44.76161815915051,46146.0,36086.43,16572.17,12.426995927713286,10.42342201495799,1.8765437977532649,0.2308378149566619,50.36,-0.05481601208176765,1.3137160272595552,0.3699605771740122,0.3232060758358178,-0.21528365126810975,-1.0248151995695665,0.10998302787969187,-0.6913094497829055,0.21493662023722818,0.06839127389248463,-0.12730482552355768,-0.4261633213380505,0.3403334717126563,0.007281844255436857,0.4058989610127173,-0.15074377902240177,-0.026463210339037146,-0.058858353407122366,-0.35225538761762437,0.2565805884227545,-0.47159892124007435,-1.5255111286304117,-0.8556359990294246,-0.32668831749858035,-0.004601304753838927,-0.011922042496735294,0.13731456950268087,0.052659408672867926,-0.22143185042232902,0.006637926123609435,-0.11871664588727675,0.07969565865971766,-0.40755338336263486,-0.2499594716708331,0.030738532117878397,-0.31541338064824226,7.495179374604486
172.8,27.3,28.3,8.195,8.21,372.0,2.49,46.39,1.9696,37903.0,493.0,18.997,12.4084,46.2737,14888.0,438.5652299681805,5.704367949088805,86.425,31.048,20.027,9.119,23.6873667742644,0.5198347645921357,40.86,412043.0,11.40105756416319,43.837324276686296,44.76161815915051,46146.0,36086.43,16572.17,12.426995927713286,10.42342201495799,1.8765437977532649,0.2308378149566619,50.36,-0.17392913725052503,1.4828158087520082,0.3295030629378743,0.32031107873811077,-0.2669128982136803,-0.9123987565003336,0.0080023541961175,-0.3218836994670953,-0.11531445311925685,0.1204137802003728,-0.12391415937182791,-0.7979459146107549,0.48964092907495793,-0.21479545353135718,0.49132045351318093,0.06605082756626264,-0.011514870707469574,-0.14678071081289093,-0.414295085206492,0.5567654576501809,-0.555758583600012,-1.367244348062668,-0.8865970025626786,-0.2414447678152161,-0.04574851554197564,-0.02387920126357727,0.13081795649059744,0.11148316102490442,-0.19785769655097607,0.01383958582921585,-0.07104412172144903,-0.052575785648077744,-0.2338440836888427,-0.4519764961996893,0.02885074169452606,-0.37937839686598934,7.495179374604486
149.9,25.8,26.7,6.665,7.605,390.0,1.68,156.26,3.7,71109.0,604.0,25.5392,19.687,31.444,45417.0,639.9701205079514,5.435907589570977,111.113,48.363,43.95,6.87,30.453854606755456,0.8473062281162614,50.12,299186.0,8.188156481532047,41.53969380882165,50.2721497096463,56528.0,34807.04,22100.67,29.449202691670408,16.989687864542002,4.19935794066213,0.4460450312437009,97.31,-0.30117814769541534,-0.4067164881923236,-0.17350842355226637,0.07445791373349502,-0.0810751005791826,-1.27276614728927,-0.5998721770522146,-0.08373857008487295,-0.10568617076962249,-0.3736750194368265,-0.09592512620069715,-0.22533743685848703,0.07846469368552789,-0.14000407206593077,-0.06476178807963155,-0.7107654015225124,0.037100743318830315,-0.018338695173539823,-0.013750134117047725,-0.3852466192948243,-0.2701013615579965,-0.7578394431087266,-0.3448988378137195,0.06242447331004471,-0.2281276887387503,-0.07920654058165377,0.008834277410642265,-0.033997064353510124,-0.026607413747503122,0.004854046596835065,0.004246967916454431,0.021042045876189724,-0.6289001196762547,-0.31164420437319984,-0.11102961824508382,0.06822575970921504,7.495179374604486
218.7,27.6,27.9,10.915,8.14,525.5,4.03,94.75,0.975,80886.0,573.0,36.035,30.6179,69.9425,59746.0,503.33227546810537,3.5656280919222656,160.701,59.489,57.403,13.697,44.04493523854282,0.7705005543685988,37.51,683165.0,24.81513784080998,29.71825110917296,45.46661105001707,37563.0,37438.88,16936.21,15.717915646179634,15.449625511761106,1.4422353381379165,0.3216419673452932,70.17,0.24544214536164266,0.9666478048734524,0.10695553371837985,0.19759086964962388,-0.23756404533865863,-0.6548638779992083,0.06429944588065463,-0.17627608233228476,-0.1628220531755748,-0.21597953919592938,-0.022531593070986233,-0.4227354339696467,-0.6370559350513698,0.13697389100076787,-0.3531642248396141,-0.3426149500176932,0.03553397725646689,0.0232815753272734,-0.09528720690325528,-0.9357299181312556,-0.05343308131210509,-1.9496860607915245,-0.4277701924648137,-0.3262901985187394,0.24018077592947507,0.001569902894164717,-0.21169844839139831,0.06049421448959028,-0.2846966001391411,-0.02720918930989368,-0.06327306815190246,0.11678813783413107,-0.5083397467956335,-0.08591850914410319,-0.05681500790640711,-0.0026920309235962483,7.495179374604486
605.9,28.6,26.7,5.645,7.609999999999999,381.5,3.76,13.72,0.83,7014.7,78.24,7.31,3.49,34.58,2219.0,256.8546320029293,2.864884657634566,27.31,10.63,6.92,6.91,1.80918779080694,0.4565479911105388,75.7,148886.0,2.978968581939072,42.82646793950212,54.19456347855881,46502.0,34131.0,20135.0,14.867372524025823,2.380954321306591,0.8667399117112345,0.2182642305946436,75.16,0.8602332974749153,2.6200571561903536,0.29136312089588806,0.4390646150102839,-0.2183616120026757,-1.1446974200231488,-0.44342863799266824,-2.7076493330841185,-0.25226899408968134,-0.06265923710927974,1.3368113499289995,-0.5805505739614213,1.5642227552532375,1.7242991259255602,1.1451990603201556,-0.5506076428670591,1.274838156053641,-0.01148522992521367,-0.2549009441533903,2.4006538977900833,-0.34250000478777426,2.2775575209017065,-0.5420143282704525,-0.10271324786124751,-0.4627045895407596,-0.3837245505035387,0.46156984302991394,-0.09360139942068284,-0.112575155829157,0.08161378889693878,-0.011968831946142141,0.7239954721617203,1.8773467199294827,0.43401073654182243,-0.18187614892182555,0.30860085561444683,7.495179374604486
331.5,28.3,29.5,3.38,7.415,443.0,4.14,62.8682,0.7473,30465.0,544.0,23.7417,15.1611,35.7857,16160.0,391.6363496124131,6.993276684364113,77.789,31.907,28.226,8.037,12.555758966506351,0.9191379276851872,47.4,302484.0,8.8,57.3,33.9,63896.0,41068.0,18414.0,9.819277128486252,7.904115227830772,0.4381657992565056,0.2590222331408918,63.9,0.13925301250225552,3.1686024616348245,1.4261449087643996,0.7349932832371753,-0.15157531265596205,-1.2097377886308818,0.1318090246150194,-0.24348520552002204,-0.5994152186174567,0.18361210958100851,-0.006544584675769756,-0.17781966461761214,0.4244686440580214,-0.007516698508019133,0.8330383194424211,0.43567946153460096,-0.1974731815012638,-0.14620595915398238,-0.25481050034926733,0.13147179302216183,-0.22322444163010632,0.9352012961606183,0.13196429204467353,0.03650751896551822,-0.1089219791640061,-0.015758323570092585,0.18663558620726672,0.31748139923050384,0.0635336569487116,-0.10682837188787142,-0.026514043492109767,0.03066201976539255,0.4779378700139931,0.4073935627273752,0.04990976216465537,-0.1834117932726319,7.495179374604486
115.2,28.8,28.5,2.4450000000000003,7.52,241.5,8.35,60.6455,0.7705,18738.0,201.0,20.6519,13.225,27.4686,21790.0,236.6058463286824,2.5380390176147487,79.195,32.652,23.515,6.148,12.782698470895246,0.7724210753786316,47.21,209885.0,11.2,48.7,31.3,49780.0,37342.0,15884.0,8.251880779338212,6.642425473153561,0.2421040892193308,0.2176759611841297,53.7,-0.07960560758559347,2.4541162210109175,1.165224889323969,0.9823582534600669,-0.2644967850266648,-0.8735916573313687,0.49308465840333743,-0.19748918684820335,-0.4571458733368972,0.15543415862057963,0.0721489407129895,-0.46035161162144517,0.9251661294291261,0.7655380104621873,0.360958771329606,-0.24086128076383226,0.1702907479853215,-0.09222505156920917,-0.39723767714807773,0.5934198984387332,0.20911552218642684,0.8473040759392706,0.030848103559110274,0.03714169140206632,-0.18140867356870619,0.09530422995332626,0.11908577695954599,0.23498968794747907,-0.08799647484906022,-0.0242394781143714,0.06696019126296386,0.23388861725262064,0.7869916247910197,0.6052870364525976,0.12938366406907634,0.13509395342242578,7.495179374604486
114.4,28.8,28.6,3.875,7.52,731.0,7.07,53.8484,0.7,22791.0,176.0,19.9075,9.7003,26.1024,22316.0,289.4793664503182,2.235459983996139,78.731,30.36,17.926,5.442,12.707805206288954,0.8544099046087655,49.59,270490.0,11.8,40.1,56.9,45128.0,39616.0,17109.0,9.127778739156234,7.347487394884943,0.1563167286245353,0.2407812308070261,59.4,-0.2156972321468252,3.1259452406972805,1.1736534159715906,0.7342485353311835,-0.22816852442803778,-1.545757985411522,0.5384043604612816,-0.6296916323628586,-0.5338318070474392,0.06830188348734123,0.005394947430274207,-0.07145407859236012,0.7049462713111039,0.16987808853077394,0.2958225271439489,0.2381011039104002,0.07868263632369521,-0.012839929373779571,-0.24292674633208666,0.727808285092857,-0.1608516820857768,1.090449065761253,0.037720217128129375,0.09468243094820832,-0.07400180775749791,0.04248455614860477,0.29587306851210676,-0.3257126384337122,0.2544201863021588,-0.137480240162307,-0.055128498016080406,0.7425059909586951,0.8009861482000753,0.5825809582454773,0.6562575347046368,-0.01893504129063021,7.495179374604486
116.8,28.8,28.9,3.4850000000000003,7.470000000000001,539.0,6.93,49.512,0.336,36853.0,138.0,15.7684,11.0015,49.6713,4038.0,582.73904587214,2.182128682342152,63.241,25.634,18.924,13.688,10.207596868462485,1.431208510245323,64.28,314899.0,7.9,22.3,69.8,42653.0,44208.0,19416.0,15.289797719630393,12.30765986180222,0.1473591078066914,0.4033288293821397,99.5,-0.18535905143944564,2.736309455069326,0.9107295439718293,0.5635139032779262,-0.22046488889260218,-1.3206826891924723,0.19756051742821001,-0.3624609446591543,-0.5702597682480698,0.16504542032101488,-0.22727624843052252,-0.424284613657898,0.2612645764513097,-0.1118533793153863,0.44755762420866335,-0.828850501924753,-0.05994261431352543,-0.1827182478702161,-0.3220552765283114,0.4699048711801878,-0.03731324166563965,0.8942784645462719,1.1064691323131166,0.688352601630613,-0.3565994191445254,-0.019678797480106813,-0.6423820968608681,-0.9283840397838503,-0.3017945408984087,-0.1754516314726791,0.08252787502521335,0.24446469807686919,-0.3761180544908471,0.4347360354658061,0.8027451527452406,1.3729649103657964,7.495179374604486
3.0,3.8,7.2,11.245,8.260000000000002,303.0,7.99,0.7773,0.0,12.0,0.6876815804764671,0.0007,0.0051,0.023982,5294.6,171.42857142857144,9.824022578235246,0.0699999999999999,0.0,0.01,0.01,0.02819581891016,0.1652892186691128,90.7,3055.4045483894115,0.0595207257760765,21.668917363058736,78.2715619111652,78113.0,49348.53,31412.48,18.77858494367249,2.360204165039463,3.730853285200316,0.6732214686623013,106.5,-0.7271630742001194,-0.7349128786804311,-0.013169431690670011,0.15533384926539537,-0.3210127149142014,-1.1725428403335776,0.3821506646031048,-1.449039459451645,-0.5232166961817226,0.1125081092297721,-0.11004135762418939,-0.66129832585187,0.8475959105941001,-0.050349256926759366,0.36013814757461654,-1.6117721244712204,-0.230966413357916,-0.09370502233893291,-0.40055385427859935,0.6548799017758574,0.016927307792939227,0.8810375396790914,-1.4977576859384618,0.22202750661061135,-0.626767365426446,-0.21327621355342372,-0.28354982601245876,-0.3762960728269536,0.21636550993619785,-0.13052889343972005,0.11863966049510055,-0.01888171945776172,0.26793818089296106,0.04873721712036061,0.015500053401725944,0.2150946112861857,7.495179374604486
15.0,4.4,4.9,16.145,8.555,1004.5,5.68,46.39,1.9696,37903.0,493.0,18.997,12.4084,46.2737,14888.0,438.5652299681805,5.704367949088805,86.425,31.048,20.027,9.119,23.6873667742644,0.5198347645921357,40.86,412043.0,11.40105756416319,43.837324276686296,44.76161815915051,46146.0,36086.43,16572.17,12.426995927713286,10.42342201495799,1.8765437977532649,0.2308378149566619,50.36,-0.069720193463921,-0.7925312238958818,0.6961035589311116,-0.2834297365635092,1.6019200510783902,2.1261650634785965,0.2719111733644967,-0.14420829875627542,-0.04296614418776377,0.032412794838504254,-0.13940834503776078,-0.7016760812482484,0.2933892034052405,-0.364480789892065,0.23737487183612171,-0.5418684785661753,-0.11875176580157137,-0.13567418996089467,-0.5421508782807117,0.4827035705570597,-0.7667094182335616,-1.9509748248119532,-1.5614194274511346,-0.5560390926870362,-0.1892393052364543,0.03620591957975786,0.14104505274076154,0.20285999460010026,-0.23713467328498758,0.08964481171569787,-0.04586793481721552,-0.07254510661509511,-0.3757130525404743,-0.41818768797364697,-0.03375657900352963,-0.1880499714384012,7.495179374604486
15.0,4.4,7.4,13.355,8.18,1211.5,5.87,46.39,1.9696,37903.0,493.0,18.997,12.4084,46.2737,14888.0,438.5652299681805,5.704367949088805,86.425,31.048,20.027,9.119,23.6873667742644,0.5198347645921357,40.86,412043.0,11.40105756416319,43.837324276686296,44.76161815915051,46146.0,36086.43,16572.17,12.426995927713286,10.42342201495799,1.8765437977532649,0.2308378149566619,50.36,-0.04369564788532451,-0.842277718320256,-0.020796848630610282,-0.18248071871969543,-0.25568984509639753,-2.0237351980917935,0.09189899403291442,-0.8053801428324855,-0.25973059732660975,0.0774585953075439,0.011212762699384801,-0.36029865588177934,0.046981475864692195,-0.07889448927521402,0.37574493717829066,-0.1305929770200358,-0.035732441683067044,-0.04146311165144049,-0.23042371129966335,0.22410048136992058,-0.17929213220719242,-1.0726019313673412,-0.7273932471006023,-0.23085990294969347,-0.04794683533371419,-0.07249264153069816,0.03219598200172189,0.03145048067090101,-0.12791582870529963,0.03263546270512356,-0.049162503223633296,0.003315685929847013,-0.09801247874080828,-0.273124759037358,0.02293505497858861,-0.20476894380175503,7.495179374604486
6.0,3.8,4.0,14.315,8.395,588.0,2.57,156.26,3.7,71109.0,604.0,25.5392,19.687,31.444,45417.0,639.9701205079514,5.435907589570977,111.113,48.363,43.95,6.87,30.453854606755456,0.8473062281162614,50.12,299186.0,8.188156481532047,41.53969380882165,50.2721497096463,56528.0,34807.04,22100.67,29.449202691670408,16.989687864542002,4.19935794066213,0.4460450312437009,97.31,-0.05161503363012649,-0.643059265818447,-1.4349499617679005,-0.1104487314808648,-0.048433534940122626,-0.9129553285124711,-0.056866432280027475,-0.2759338317140161,-0.005434688617436529,-0.028150105514602453,-0.061012433204256644,-0.3606765145451452,0.11500995233596771,-0.07320025535397387,0.012983882453991126,-0.8091883128155798,-0.07196474504230235,-0.0770446359346776,-0.03731651301127071,-0.13177015732081296,-0.10942454892288273,-0.6263577710146394,-0.3258968655571032,-0.027095900230730722,-0.2670250464455846,-0.0016300522109183701,0.019635171224363084,0.021832858677177353,-0.037637720315445565,0.00624639436369754,0.013183681677328382,-0.01811708816559993,-0.4321224764996441,-0.6164319447166052,-0.11511071981784576,0.08823924462931863,7.495179374604486
27.0,3.0,7.6,12.96,8.575,349.5,2.42,94.75,0.975,80886.0,573.0,36.035,30.6179,69.9425,59746.0,503.33227546810537,3.5656280919222656,160.701,59.489,57.403,13.697,44.04493523854282,0.7705005543685988,37.51,683165.0,24.81513784080998,29.71825110917296,45.46661105001707,37563.0,37438.88,16936.21,15.717915646179634,15.449625511761106,1.4422353381379165,0.3216419673452932,70.17,-0.0830963358154986,-0.701263614371419,-0.14386976573693874,-0.0812561809582014,0.5913842299654304,-1.1162303609602773,-0.07235625515226275,-0.12351425945681214,-0.07320645906069939,-0.09499858344672245,-0.12185825693498675,-0.19622557234116053,-0.41957666471755767,-0.18253545331497065,-0.34401551320217544,-0.2942466898821295,0.016283300661404373,0.013579162020469058,-0.024713920197682464,-0.48561978200566963,-0.10468885103124197,-1.9573170523380394,-0.2970202801207779,-0.2758531077570902,0.1572059061386001,0.10664150259147091,-0.05924144745008869,0.0036777531714566277,-0.12869056703561604,-0.0001375597853136105,-0.07622439955167169,0.11378768147260414,-0.5735077279596591,-0.1854242336575407,0.009022263780934825,-0.02200417518227675,7.495179374604486
16.0,4.7,5.1,16.725,8.695,1068.5,6.3100000000000005,13.72,0.83,7014.7,78.24,7.31,3.49,34.58,2219.0,256.8546320029293,2.864884657634566,27.31,10.63,6.92,6.91,1.80918779080694,0.4565479911105388,75.7,148886.0,2.978968581939072,42.82646793950212,54.19456347855881,46502.0,34131.0,20135.0,14.867372524025823,2.380954321306591,0.8667399117112345,0.2182642305946436,75.16,-0.09967710050987065,-1.243385751316091,0.7241230499610536,-3.478368478567378,1.3344076198162897,3.5356406522549992,1.0777535630747055,-1.5017991970033229,-0.1104681674715053,0.1326719515316653,1.054260579490801,-0.424741232061836,0.5274702857589969,0.1943715261667968,1.118511701458677,-1.3779738732842572,0.7403743903300101,0.04414222401722009,-0.6727508514894481,1.210344179471722,0.31005853568902253,2.217000008889397,-0.13372731355406986,-0.08517326372248753,-0.5684191668305234,-0.32500154781620944,0.24398922420106836,0.007833488419419036,0.023437463429290983,0.030210114087288575,-0.016176765292572393,0.4468441789096689,2.6027312489575705,0.29220962915491916,-0.1043326546958029,0.7309621885155014,7.495179374604486
22.0,3.1,6.3,11.835,8.155000000000001,1170.5,6.35,62.8682,0.7473,30465.0,544.0,23.7417,15.1611,35.7857,16160.0,391.6363496124131,6.993276684364113,77.789,31.907,28.226,8.037,12.555758966506351,0.9191379276851872,47.4,302484.0,8.8,57.3,33.9,63896.0,41068.0,18414.0,9.819277128486252,7.904115227830772,0.4381657992565056,0.2590222331408918,63.9,0.22270774311386035,-0.7925554494730503,0.8100954040931541,-0.3409866047142229,-0.64646404811802,3.2506396836383895,0.30356681850855244,-0.3487015206929452,-0.6337714191522293,0.5043050542225442,-0.09693762318541617,-0.4272805111909597,0.32515343758471615,0.0009810419066345426,0.835728836688601,1.121139820514169,0.019495249839576994,-0.2582366345881019,-0.5212906167326338,0.4421344549523198,-0.24133019243367018,1.479269410384586,0.13334361955601107,-0.0519016322066698,-0.15006235701575266,-0.06793310800179235,0.318562674469237,0.5928640458829858,0.31988207597906365,-0.14291777261688066,-0.03119321429791566,-0.11774358172668158,0.6854540211443482,0.5828175000349681,0.08615025284040408,-0.12566411174135275,7.495179374604486
26.0,4.3,6.9,11.255,8.18,1076.5,12.8,60.6455,0.7705,18738.0,201.0,20.6519,13.225,27.4686,21790.0,236.6058463286824,2.5380390176147487,79.195,32.652,23.515,6.148,12.782698470895246,0.7724210753786316,47.21,209885.0,11.2,48.7,31.3,49780.0,37342.0,15884.0,8.251880779338212,6.642425473153561,0.2421040892193308,0.2176759611841297,53.7,0.17164832247731568,-0.9323761537958247,0.6655250684583253,0.5623064446806288,-0.6119812337716576,3.030590420906277,0.4649323390517384,-0.5568787020623374,-0.41044401304641126,0.24696812805874876,0.32060919720369097,-0.3064152842523374,1.6988263695590042,1.7175488172863451,0.2781667505080501,-0.9553465971967672,0.41402445992454867,-0.16501700719857257,-0.533857132170039,0.9249241111089942,-0.08331057808012698,1.767295208402987,0.22928977620244628,-0.003347467751397678,-0.24382906956753392,0.03986432798982916,0.18132213566956723,0.8906300816611231,0.00898441000143054,0.1191531357235119,-0.1312853681633712,0.06741285065848705,0.646339732519506,0.643236464813817,0.08355051815199362,-0.2528498391768275,7.495179374604486
26.0,4.3,6.8,12.645,8.405000000000001,1516.5,7.39,53.8484,0.7,22791.0,176.0,19.9075,9.7003,26.1024,22316.0,289.4793664503182,2.235459983996139,78.731,30.36,17.926,5.442,12.707805206288954,0.8544099046087655,49.59,270490.0,11.8,40.1,56.9,45128.0,39616.0,17109.0,9.127778739156234,7.347487394884943,0.1563167286245353,0.2407812308070261,59.4,0.045071961233237,-0.7730942078249066,0.0990085036020416,-0.32435830790471915,-0.016786845612805246,-3.533041937014787,0.2009540893967882,-0.4509878750638261,0.0066055681769892445,0.09740905769712609,-0.016788397385583537,-0.382477059053878,0.32540006101170255,0.035544978082568145,0.35487895124436664,0.6759520103340039,0.7568648567151589,-0.1594123157920936,-0.35360155190263565,0.4630519789375829,0.017727472366920422,0.23582546301069662,-0.24982757827034222,0.20886280261911438,-0.2801920029575317,0.02649954989164453,0.32831317295475554,-0.3845148168003652,-0.24817222714579357,-0.010715407991471379,0.19105831050779665,0.381797715437133,0.7140522634245768,0.4923006510144721,0.4061185945473455,-0.14594688523405533,7.495179374604486
26.0,4.3,7.4,12.76,8.274999999999999,1099.0,6.26,49.512,0.336,36853.0,138.0,15.7684,11.0015,49.6713,4038.0,582.73904587214,2.182128682342152,63.241,25.634,18.924,13.688,10.207596868462485,1.431208510245323,64.28,314899.0,7.9,22.3,69.8,42653.0,44208.0,19416.0,15.289797719630393,12.30765986180222,0.1473591078066914,0.4033288293821397,99.5,0.1783269481465687,-0.7091996716641976,0.716958917872204,-0.4429906690640686,-0.6594627086018832,3.064957604105585,0.1461351871529283,-0.7203358454792762,-0.022156799004490746,0.2810544796047421,-0.20658306283333028,-0.547280755963875,0.35505155983536185,-0.16142338444634038,0.6239794495771637,-0.4019891874868578,0.1468624850696264,-0.2216084969229997,-0.5359380748491577,0.4101724898314569,0.056022506920465454,1.36245331790143,1.096586192092315,1.5066021648677996,-0.0365829664243695,-0.23910835389746357,-0.9459438487666194,-1.0433076652542999,0.05746137335198002,-0.15162410019392458,0.399679337478398,0.6855169761825041,-0.35470877630946535,1.1818025736215836,0.0461251826692994,3.070335266357288,7.495179374604486
0.0,20.3,15.2,11.685,8.274999999999999,352.0,2.82,0.7773,0.0,12.0,0.6876815804764671,0.0007,0.0051,0.023982,5294.6,171.42857142857144,9.824022578235246,0.0699999999999999,0.0,0.01,0.01,0.02819581891016,0.1652892186691128,90.7,3055.4045483894115,0.0595207257760765,21.668917363058736,78.2715619111652,78113.0,49348.53,31412.48,18.77858494367249,2.360204165039463,3.730853285200316,0.6732214686623013,106.5,-0.49562450122369545,-0.5497555875537606,-0.7310239918758937,-0.2010621675371658,-0.14308079938171434,-1.1387667797715404,-0.20155814690796733,-0.8607856534889043,-0.12371289272753834,-0.04761978340665043,-0.13937398746299248,-0.4538263541785999,0.19802217564235128,-0.12134252569948635,0.2068010228914985,-0.46994994593376754,-0.05471063804463482,-0.07445509719390732,-0.31317892267213515,0.47735757932862427,-0.2697843968581098,0.34432067107758474,-1.171617580698803,0.24281706710152018,-0.519166284799285,-0.193438212715749,-0.16407694718722884,-0.44049487612656474,0.04312797068860765,-0.2594212858215906,-0.0003162922999279093,0.00891845295108695,0.3462916317692725,-0.1429602844563002,-0.1673198407903934,0.11925301469086358,7.495179374604486
13.0,20.0,15.9,10.365,8.315000000000001,916.5,2.82,46.39,1.9696,37903.0,493.0,18.997,12.4084,46.2737,14888.0,438.5652299681805,5.704367949088805,86.425,31.048,20.027,9.119,23.6873667742644,0.5198347645921357,40.86,412043.0,11.40105756416319,43.837324276686296,44.76161815915051,46146.0,36086.43,16572.17,12.426995927713286,10.42342201495799,1.8765437977532649,0.2308378149566619,50.36,-0.10837359144624013,-0.4965625179244672,-0.49707422441570076,0.4686204012106949,-0.2839437517512124,1.9591200591323041,-0.018314806762306773,-0.8644923429456925,0.16759116294871382,0.08669740745021658,-0.1287016087943144,-0.6562302759328548,0.3736476730823051,-0.05323835643629238,0.3919525836334408,-0.12444092543756911,-0.032065075808980804,-0.053230974737865124,-0.4294220479903741,0.2622204474390794,-0.25469532405647133,-1.5339539996422051,-1.4286024512362203,-0.4192170207018111,-0.11027440036336579,-0.03325561465617886,0.12771898969309403,0.0352884205283287,-0.1509763789339923,0.07267299658405442,-0.03526663095302265,-0.0566963712094973,-0.2267939906311223,-0.3917362998701477,0.03979555448361982,-0.16629270299007967,7.495179374604486
13.0,20.0,17.5,16.494999999999997,8.594999999999999,904.0,1.74,46.39,1.9696,37903.0,493.0,18.997,12.4084,46.2737,14888.0,438.5652299681805,5.704367949088805,86.425,31.048,20.027,9.119,23.6873667742644,0.5198347645921357,40.86,412043.0,11.40105756416319,43.837324276686296,44.76161815915051,46146.0,36086.43,16572.17,12.426995927713286,10.42342201495799,1.8765437977532649,0.2308378149566619,50.36,-0.008605716682989914,-0.5828730436245678,-0.33048366568516935,-1.3415830389951588,0.43916392681683636,-0.29873489522171437,-0.9571804602845804,-0.4474158802102708,-0.06727397918060896,0.13779703148698894,-0.17746872612585626,-0.35359503091526384,0.1694694359208612,-0.09861295577012545,0.07390543600524924,-0.08530182324893158,-0.09980402948684054,-0.04413459680751358,-0.1285553944822944,0.060453301978510975,-0.37409824184374885,-0.6777812384510374,-1.1817205280750447,-0.17561064411556193,-0.04013994164726073,-0.0110907961676518,0.17601778498346296,0.008590258247762328,-0.0982073309249245,0.01096172955857279,-0.03682314903203706,-0.153377937465945,-0.10121423800534098,-0.20513952251213297,-0.18403572436907178,-0.2780293103015478,7.495179374604486
15.0,19.5,14.3,12.83,8.605,634.0,1.75,156.26,3.7,71109.0,604.0,25.5392,19.687,31.444,45417.0,639.9701205079514,5.435907589570977,111.113,48.363,43.95,6.87,30.453854606755456,0.8473062281162614,50.12,299186.0,8.188156481532047,41.53969380882165,50.2721497096463,56528.0,34807.04,22100.67,29.449202691670408,16.989687864542002,4.19935794066213,0.4460450312437009,97.31,-0.048187364059267566,-0.5068237948572886,-0.5388603979285107,-0.13970648337446623,0.2724846468677666,-0.9201625142377452,-0.5272370232115887,-0.27337897214941526,0.09497431934655952,-0.08068363560596471,-0.05864991285139698,-0.19431031561553636,0.08472561382416945,-0.1397356755490182,-0.058410420623646715,-0.7923659986985149,-0.08438166315027051,-0.03658968788319419,-0.2269878970265078,-0.41347102469609426,-0.31178981389248905,-0.869512098337485,-0.3535285798861878,-0.03752659321112634,-0.21829770064039625,-0.06168572851379084,0.02909990876427999,0.03762472025215779,-0.02831891450235464,0.013591771537515689,0.018062963474658338,0.32873353674852607,-0.6886465915146983,-0.7116402814543109,-0.13747812317771607,0.09028434124261063,7.495179374604486
33.0,18.7,15.6,11.495,8.52,449.0,3.755,94.75,0.975,80886.0,573.0,36.035,30.6179,69.9425,59746.0,503.33227546810537,3.5656280919222656,160.701,59.489,57.403,13.697,44.04493523854282,0.7705005543685988,37.51,683165.0,24.81513784080998,29.71825110917296,45.46661105001707,37563.0,37438.88,16936.21,15.717915646179634,15.449625511761106,1.4422353381379165,0.3216419673452932,70.17,-0.16960281710800093,-0.6748047674268794,-0.6518904334879092,-0.06374275801858557,0.10550768877670623,-1.1876695485763291,-0.06388434129223855,-0.12634189899826503,-0.12198620423723085,-0.17849311719318697,-0.012857737707284574,-0.09702210294470805,-0.32182251989686245,-0.13857014273041088,-0.09865786413390498,-0.6254955568552639,0.020960746048949652,0.034231752677199793,-0.0028873906117708507,-0.469134662541328,0.030298361390984213,-1.5917787832553343,-0.33582680634261736,-0.1985213763969175,0.1111578099794377,0.03697394608519967,-0.09896969685525016,0.01067065167318415,-0.17494483665097496,-0.026223393304195996,-0.03662602088472337,0.05165085989943088,-0.32108712755783936,-0.01883860211237332,-0.002095234277949234,-0.07523968259357698,7.495179374604486
15.0,20.5,18.1,9.7,8.629999999999999,1146.5,2.38,13.72,0.83,7014.7,78.24,7.31,3.49,34.58,2219.0,256.8546320029293,2.864884657634566,27.31,10.63,6.92,6.91,1.80918779080694,0.4565479911105388,75.7,148886.0,2.978968581939072,42.82646793950212,54.19456347855881,46502.0,34131.0,20135.0,14.867372524025823,2.380954321306591,0.8667399117112345,0.2182642305946436,75.16,0.0776730256484978,-0.5808379227089852,-0.36008107007908025,0.10010158121159007,1.710924210167723,2.852132770077636,-0.2077158981794489,-2.446738249682045,-0.21875104142702143,0.0024556640648126424,2.3851738125726114,-0.4013869158450203,2.9700657726370263,0.0780187361489515,0.3752380999899469,-0.9346237648538471,0.495954243655627,0.6306489791635738,0.1593679043060788,1.1493964432536936,-0.16323620779672665,2.695824500760063,-1.0562656801508272,-0.04807363793253886,-0.48907858116629815,-0.366070029117788,0.5514967569902848,-0.09003654199341893,0.036426932092290164,-0.0114421236763399,-0.03886852233748258,0.318920087098765,1.3374661873638007,0.6522017234338757,-0.05771298593647478,1.4278533197904473,7.495179374604486
19.0,18.6,18.8,7.435,7.835,1145.5,6.32,62.8682,0.7473,30465.0,544.0,23.7417,15.1611,35.7857,16160.0,391.6363496124131,6.993276684364113,77.789,31.907,28.226,8.037,12.555758966506351,0.9191379276851872,47.4,302484.0,8.8,57.3,33.9,63896.0,41068.0,18414.0,9.819277128486252,7.904115227830772,0.4381657992565056,0.2590222331408918,63.9,0.13291312790631005,-0.2142262518258453,-0.18498191397093866,0.43832766441705945,-0.31021839836340664,4.048349165231921,0.31999489736044767,-0.5729774645149396,-0.39729708412700965,0.2633018605566272,0.025978616619249866,-0.37320909981693445,0.4005629073083401,-0.006425851345217559,0.7295687980383324,0.7274217603212065,-0.12617748343618593,-0.11834388210942641,-0.39294925997266583,0.2932555868224394,-0.12948124017644033,1.3654828448399592,0.34263116429094204,-0.05136086205175768,-0.24872162745955098,-0.03542308015477228,0.4875547125625115,0.33042989750431523,0.1629840265276531,-0.11638140071726699,-0.04396567426156225,-0.12391922052794457,0.45224981965497135,0.6242284440171595,0.025548916608095034,-0.07217010200566931,7.495179374604486
15.0,20.0,18.6,8.61,7.970000000000001,1374.0,1.5,60.6455,0.7705,18738.0,201.0,20.6519,13.225,27.4686,21790.0,236.6058463286824,2.5380390176147487,79.195,32.652,23.515,6.148,12.782698470895246,0.7724210753786316,47.21,209885.0,11.2,48.7,31.3,49780.0,37342.0,15884.0,8.251880779338212,6.642425473153561,0.2421040892193308,0.2176759611841297,53.7,0.26526343703852046,-0.575779918441064,-0.22605947156785977,0.19929222185009468,-0.1848460645830103,-2.364050140422187,-0.5414227140347551,-0.41923600955905077,-0.16548402609148385,0.24314027745082664,0.17253503879842655,-0.23705822220857964,0.9718261231656653,0.21638951788113134,0.2109742269645601,0.35730699326765425,0.3618726169593476,-0.10896478027803817,-0.17787816473593313,0.38939693353332877,0.04234077304252439,0.6956379612046294,0.18440325187868423,-0.06469917508307864,-0.2549258496018592,0.03544164637724565,0.20306850811447177,0.26941637160877385,-0.01896902455249803,0.010098429593490351,-0.026009281508546884,0.036221960825302234,0.5849267647357189,0.2882890301962228,0.060089129571764134,-0.20900444887578495,7.495179374604486
16.0,20.0,21.8,20.18,8.870000000000001,1195.5,9.67,53.8484,0.7,22791.0,176.0,19.9075,9.7003,26.1024,22316.0,289.4793664503182,2.235459983996139,78.731,30.36,17.926,5.442,12.707805206288954,0.8544099046087655,49.59,270490.0,11.8,40.1,56.9,45128.0,39616.0,17109.0,9.127778739156234,7.347487394884943,0.1563167286245353,0.2407812308070261,59.4,0.13657560711726538,-0.34950531872416235,-0.04434723331127296,-3.7418116683148157,1.0659090705809648,2.076856388391849,0.6146169599729666,-0.2142657467633641,-0.1220786183397285,0.09070523992413658,0.17183711576120309,-0.4483048359436604,0.725267624622599,0.06727749393011129,0.3126942558326604,0.17770998046151384,0.07992470256246931,-0.06080394352010151,-0.380493783079243,0.26038961597310817,-0.32750301207648613,0.835061621044685,0.10260214235167948,1.1092272717350473,-0.2900702735269442,0.4782285727781708,-0.36203496924368644,0.11384096034492064,-0.11948923996804899,-0.13863961278344505,0.11615629359420077,0.16898991689357593,1.0285932493295211,1.3353231614397372,0.6813964913242184,-0.20439633996148285,7.495179374604486
15.0,20.0,21.5,13.56,8.575,1105.5,5.98,49.512,0.336,36853.0,138.0,15.7684,11.0015,49.6713,4038.0,582.73904587214,2.182128682342152,63.241,25.634,18.924,13.688,10.207596868462485,1.431208510245323,64.28,314899.0,7.9,22.3,69.8,42653.0,44208.0,19416.0,15.289797719630393,12.30765986180222,0.1473591078066914,0.4033288293821397,99.5,0.14465329115395423,-0.17520760161569315,-0.30569602464752593,-0.173930479232998,2.392013616669379,3.8383750621345825,0.25265258582852185,-0.10727223714580758,-0.7131713421829048,0.024091886041375427,0.07152613485426051,-0.6239879728985639,0.3574157321949802,-0.07311446111067177,0.5326848471564397,-1.0496511695029522,-0.06443774430934963,-0.144959463037861,-0.3978169646901855,0.33902068603201735,0.048273846461282556,1.5892037790109559,0.8581909931513169,3.0853596124309113,-0.6812575468095021,-0.04257394438531844,-1.012507111346737,-0.9674585021170786,-0.08601582398521712,-0.5230009168960779,0.05171104439379026,1.0896197217147954,-0.07880645634140833,1.307176731848158,1.4401001288803912,1.6871673316151525,7.495179374604486
